749,A000000,00100,00200,658561
749,A000000,00100,00300,658561
749,A000000,00100,00500,658561
749,A000000,00100,00600,-13492
749,A000000,00100,00700,645069
749,A000000,00200,00200,260640
749,A000000,00200,00300,260640
749,A000000,00200,00500,260640
749,A000000,00200,00700,260640
749,A000000,00300,00200,361334
749,A000000,00300,00300,361334
749,A000000,00300,00400,-361334
749,A000000,00400,00100,1617449
749,A000000,00400,00200,1055622
749,A000000,00400,00300,2673071
749,A000000,00400,00400,361334
749,A000000,00400,00500,3034405
749,A000000,00400,00600,-40937
749,A000000,00400,00700,2993468
749,A000000,00900,00100,2520688
749,A000000,00900,00200,2302688
749,A000000,00900,00300,4823376
749,A000000,00900,00400,-130542
749,A000000,00900,00500,4692834
749,A000000,00900,00600,-1050495
749,A000000,00900,00700,3642339
749,A000000,01000,00100,64295
749,A000000,01000,00200,147037
749,A000000,01000,00300,211332
749,A000000,01000,00400,-41189
749,A000000,01000,00500,170143
749,A000000,01000,00700,170143
749,A000000,01100,00100,1292750
749,A000000,01100,00200,1830258
749,A000000,01100,00300,3123008
749,A000000,01100,00400,-607895
749,A000000,01100,00500,2515113
749,A000000,01100,00600,-4000
749,A000000,01100,00700,2511113
749,A000000,01200,00100,1211981
749,A000000,01200,00200,437754
749,A000000,01200,00300,1649735
749,A000000,01200,00400,-281177
749,A000000,01200,00500,1368558
749,A000000,01200,00600,-207063
749,A000000,01200,00700,1161495
749,A000000,01300,00200,1785796
749,A000000,01300,00300,1785796
749,A000000,01300,00500,1785796
749,A000000,01300,00600,-30592
749,A000000,01300,00700,1755204
749,A000000,01500,00200,935197
749,A000000,01500,00300,935197
749,A000000,01500,00500,935197
749,A000000,01500,00700,935197
749,A000000,01600,00200,336061
749,A000000,01600,00300,336061
749,A000000,01600,00500,336061
749,A000000,01600,00700,336061
749,A000000,01700,00200,102321
749,A000000,01700,00300,102321
749,A000000,01700,00500,102321
749,A000000,01700,00700,102321
749,A000000,01800,00200,237663
749,A000000,01800,00300,237663
749,A000000,01800,00500,237663
749,A000000,01800,00700,237663
749,A000000,01900,00200,12038
749,A000000,01900,00300,12038
749,A000000,01900,00500,12038
749,A000000,01900,00700,12038
749,A000000,02500,00100,883949
749,A000000,02500,00200,763045
749,A000000,02500,00300,1646994
749,A000000,02500,00400,1060803
749,A000000,02500,00500,2707797
749,A000000,02500,00700,2707797
749,A000000,02501,00200,63455
749,A000000,02501,00300,63455
749,A000000,02501,00500,63455
749,A000000,02501,00700,63455
749,A000000,02502,00100,12084
749,A000000,02502,00200,66441
749,A000000,02502,00300,78525
749,A000000,02502,00500,78525
749,A000000,02502,00700,78525
749,A000000,02503,00100,314600
749,A000000,02503,00200,848532
749,A000000,02503,00300,1163132
749,A000000,02503,00500,1163132
749,A000000,02503,00600,-1163132
749,A000000,02600,00100,7917796
749,A000000,02600,00200,12204443
749,A000000,02600,00300,20122239
749,A000000,02600,00500,20122239
749,A000000,02600,00600,-2509711
749,A000000,02600,00700,17612528
749,A100000,00200,00100,305423
749,A100000,00200,00300,305423
749,A100000,00400,00200,131811
749,A100000,00400,00300,131811
749,A100000,00500,00200,91447
749,A100000,00500,00300,91447
749,A100000,00700,00200,26220
749,A100000,00700,00300,26220
749,A100000,00800,00200,69004
749,A100000,00800,00300,69004
749,A100000,00900,00200,82321
749,A100000,00900,00300,82321
749,A100000,01000,00200,138712
749,A100000,01000,00300,138712
749,A100000,01100,00200,52972
749,A100000,01100,00300,52972
749,A100000,01300,00200,6537
749,A100000,01300,00300,6537
749,A100000,01500,00100,1312026
749,A100000,01500,00300,1312026
749,A100000,01700,00200,13547
749,A100000,01700,00300,13547
749,A100000,01800,00200,11626
749,A100000,01800,00300,11626
749,A100000,01900,00200,315572
749,A100000,01900,00300,315572
749,A100000,01901,00200,68408
749,A100000,01901,00300,68408
749,A100000,01902,00200,37075
749,A100000,01902,00300,37075
749,A100000,01903,00200,10370
749,A100000,01903,00300,10370
749,A100000,02000,00100,1617449
749,A100000,02000,00200,1055622
749,A100000,02000,00300,2673071
749,A20H000,00100,00200,50468
749,A20H000,00100,00300,50468
749,A20H000,00200,00200,8132
749,A20H000,00200,00300,8132
749,A20H000,00300,00200,6573
749,A20H000,00300,00300,6573
749,A20H000,00400,00200,22135
749,A20H000,00400,00300,22135
749,A20H000,00500,00200,6467
749,A20H000,00500,00300,6467
749,A20H000,00600,00200,33478
749,A20H000,00600,00300,33478
749,A20H000,00800,00200,25107
749,A20H000,00800,00300,25107
749,A20H000,00900,00200,100103
749,A20H000,00900,00300,100103
749,A20H000,00901,00200,-1970
749,A20H000,00901,00300,-1970
749,A20H000,01000,00200,250493
749,A20H000,01000,00300,250493
749,A20H000,01200,00200,17308
749,A20H000,01200,00300,17308
749,A20H000,01300,00200,2790
749,A20H000,01300,00300,2790
749,A20H000,01500,00200,12253
749,A20H000,01500,00300,12253
749,A20H000,01800,00200,26375
749,A20H000,01800,00300,26375
749,A20H000,02000,00200,1448
749,A20H000,02000,00300,1448
749,A20H000,02100,00200,25394
749,A20H000,02100,00300,25394
749,A20H000,02200,00200,85568
749,A20H000,02200,00300,85568
749,A20H000,02300,00200,336061
749,A20H000,02300,00300,336061
749,A20K000,00100,00200,598090
749,A20K000,00100,00300,598090
749,A20K000,00200,00200,35612
749,A20K000,00200,00300,35612
749,A20K000,00300,00200,37413
749,A20K000,00300,00300,37413
749,A20K000,00400,00200,132255
749,A20K000,00400,00300,132255
749,A20K000,00500,00200,12747
749,A20K000,00500,00300,12747
749,A20K000,00600,00200,62309
749,A20K000,00600,00300,62309
749,A20K000,00800,00200,96193
749,A20K000,00800,00300,96193
749,A20K000,00900,00200,44462
749,A20K000,00900,00300,44462
749,A20K000,00901,00200,-225963
749,A20K000,00901,00300,-225963
749,A20K000,01000,00200,793118
749,A20K000,01000,00300,793118
749,A20K000,01200,00200,266511
749,A20K000,01200,00300,266511
749,A20K000,01300,00200,257185
749,A20K000,01300,00300,257185
749,A20K000,01500,00200,108463
749,A20K000,01500,00300,108463
749,A20K000,01800,00200,276090
749,A20K000,01800,00300,276090
749,A20K000,02000,00200,16243
749,A20K000,02000,00300,16243
749,A20K000,02100,00200,68186
749,A20K000,02100,00300,68186
749,A20K000,02200,00200,992678
749,A20K000,02200,00300,992678
749,A20K000,02300,00200,1785796
749,A20K000,02300,00300,1785796
749,A20L000,00100,00200,254702
749,A20L000,00100,00300,254702
749,A20L000,00200,00200,23065
749,A20L000,00200,00300,23065
749,A20L000,00300,00200,15243
749,A20L000,00300,00300,15243
749,A20L000,00400,00200,66977
749,A20L000,00400,00300,66977
749,A20L000,00500,00200,4071
749,A20L000,00500,00300,4071
749,A20L000,00600,00200,23160
749,A20L000,00600,00300,23160
749,A20L000,00800,00200,104642
749,A20L000,00800,00300,104642
749,A20L000,00900,00200,16842
749,A20L000,00900,00300,16842
749,A20L000,00901,00200,44230
749,A20L000,00901,00300,44230
749,A20L000,01000,00200,552932
749,A20L000,01000,00300,552932
749,A20L000,01200,00200,82124
749,A20L000,01200,00300,82124
749,A20L000,01300,00200,183663
749,A20L000,01300,00300,183663
749,A20L000,01500,00200,34338
749,A20L000,01500,00300,34338
749,A20L000,01800,00200,45808
749,A20L000,01800,00300,45808
749,A20L000,02000,00200,10908
749,A20L000,02000,00300,10908
749,A20L000,02100,00200,25424
749,A20L000,02100,00300,25424
749,A20L000,02200,00200,382265
749,A20L000,02200,00300,382265
749,A20L000,02300,00200,935197
749,A20L000,02300,00300,935197
749,A20O000,00300,00200,119
749,A20O000,00300,00300,119
749,A20O000,00400,00200,554
749,A20O000,00400,00300,554
749,A20O000,00500,00200,683
749,A20O000,00500,00300,683
749,A20O000,00600,00200,10
749,A20O000,00600,00300,10
749,A20O000,00800,00200,182
749,A20O000,00800,00300,182
749,A20O000,00900,00200,199
749,A20O000,00900,00300,199
749,A20O000,00901,00200,5280
749,A20O000,00901,00300,5280
749,A20O000,01000,00200,7027
749,A20O000,01000,00300,7027
749,A20O000,01200,00200,2060
749,A20O000,01200,00300,2060
749,A20O000,01500,00200,1658
749,A20O000,01500,00300,1658
749,A20O000,01800,00200,519
749,A20O000,01800,00300,519
749,A20O000,02000,00200,468
749,A20O000,02000,00300,468
749,A20O000,02100,00200,306
749,A20O000,02100,00300,306
749,A20O000,02200,00200,5011
749,A20O000,02200,00300,5011
749,A20O000,02300,00200,12038
749,A20O000,02300,00300,12038
749,A20P000,00100,00200,24818
749,A20P000,00100,00300,24818
749,A20P000,00200,00200,2784
749,A20P000,00200,00300,2784
749,A20P000,00300,00200,1918
749,A20P000,00300,00300,1918
749,A20P000,00400,00200,8897
749,A20P000,00400,00300,8897
749,A20P000,00500,00200,2728
749,A20P000,00500,00300,2728
749,A20P000,00600,00200,2290
749,A20P000,00600,00300,2290
749,A20P000,00800,00200,26877
749,A20P000,00800,00300,26877
749,A20P000,00900,00200,1623
749,A20P000,00900,00300,1623
749,A20P000,00901,00200,-5196
749,A20P000,00901,00300,-5196
749,A20P000,01000,00200,66739
749,A20P000,01000,00300,66739
749,A20P000,01200,00200,3538
749,A20P000,01200,00300,3538
749,A20P000,01300,00200,16050
749,A20P000,01300,00300,16050
749,A20P000,01500,00200,4575
749,A20P000,01500,00300,4575
749,A20P000,01800,00200,7717
749,A20P000,01800,00300,7717
749,A20P000,02000,00200,975
749,A20P000,02000,00300,975
749,A20P000,02100,00200,2727
749,A20P000,02100,00300,2727
749,A20P000,02200,00200,35582
749,A20P000,02200,00300,35582
749,A20P000,02300,00200,102321
749,A20P000,02300,00300,102321
749,A20U000,00100,00200,44774
749,A20U000,00100,00300,44774
749,A20U000,00200,00200,5543
749,A20U000,00200,00300,5543
749,A20U000,00300,00200,5900
749,A20U000,00300,00300,5900
749,A20U000,00400,00200,20704
749,A20U000,00400,00300,20704
749,A20U000,00500,00200,4508
749,A20U000,00500,00300,4508
749,A20U000,00600,00200,5130
749,A20U000,00600,00300,5130
749,A20U000,00800,00200,25168
749,A20U000,00800,00300,25168
749,A20U000,00900,00200,46321
749,A20U000,00900,00300,46321
749,A20U000,00901,00200,-10539
749,A20U000,00901,00300,-10539
749,A20U000,01000,00200,147509
749,A20U000,01000,00300,147509
749,A20U000,01200,00200,6583
749,A20U000,01200,00300,6583
749,A20U000,01300,00200,8430
749,A20U000,01300,00300,8430
749,A20U000,01500,00200,4148
749,A20U000,01500,00300,4148
749,A20U000,01800,00200,29231
749,A20U000,01800,00300,29231
749,A20U000,02000,00200,1899
749,A20U000,02000,00300,1899
749,A20U000,02100,00200,39863
749,A20U000,02100,00300,39863
749,A20U000,02200,00200,90154
749,A20U000,02200,00300,90154
749,A20U000,02300,00200,237663
749,A20U000,02300,00300,237663
749,A400010,00100,00300,25
749,A400010,00100,00400,1060803
749,A400010,00100,00600,9
749,A400010,00100,00700,130542
749,A400010,00200,00600,10
749,A400010,00200,00700,41189
749,A400010,00300,00600,11
749,A400010,00300,00700,607895
749,A400010,00400,00600,12
749,A400010,00400,00700,281177
749,A400010,00500,00300,4
749,A400010,00500,00400,361334
749,A400010,00500,00600,3
749,A400010,00500,00700,361334
749,A500010,00700,00200,-13492
749,A500010,00700,00400,1
749,A500010,00800,00200,-20340
749,A500010,00800,00400,9
749,A500010,01200,00200,-6537
749,A500010,01200,00400,4
749,A500010,01500,00200,-1028053
749,A500010,01500,00400,9
749,A500010,01501,00200,-2102
749,A500010,01501,00400,9
749,A500010,01502,00200,-22774
749,A500010,01502,00400,4
749,A500010,01503,00200,-207063
749,A500010,01503,00400,12
749,A500010,01600,00200,-11626
749,A500010,01600,00400,4
749,A500010,01601,00200,-1163132
749,A500010,01601,00400,25.03
749,A500010,01602,00200,-4000
749,A500010,01602,00400,11
749,A500010,01603,00200,-30592
749,A500010,01603,00400,13
749,A500010,01700,00200,-2509711
749,A60000A,00300,00100,2344486
749,A60000A,00300,00200,283180
749,A60000A,00300,00400,283180
749,A60000A,00300,00600,2627666
749,A60000A,00800,00100,2344486
749,A60000A,00800,00200,283180
749,A60000A,00800,00400,283180
749,A60000A,00800,00600,2627666
749,A60000B,00300,00100,1577562
749,A60000B,00300,00200,297978
749,A60000B,00300,00400,1875540
749,A60000B,00900,00100,1577562
749,A60000B,00900,00200,297978
749,A60000B,00900,00400,1875540
749,A60000C,00100,00100,297978
749,A60000C,00400,00100,297978
749,B000000,00100,00100,3899177
749,B000000,00100,00200,-645069
749,B000000,00100,00300,-260640
749,B000000,00100,00900,2993468
749,B000000,00100,01000,-2993468
749,B000000,00200,00100,7485090
749,B000000,00200,00200,442425
749,B000000,00200,00300,195490
749,B000000,00200,00800,-8123005
749,B000000,00300,00100,1755204
749,B000000,00300,00800,4878912
749,B000000,00300,00900,6634116
749,B000000,00300,01000,1358431
749,B000000,00300,01100,7992547
749,B000000,00500,00100,935197
749,B000000,00500,00800,1992435
749,B000000,00500,00900,2927632
749,B000000,00500,01000,599477
749,B000000,00500,01100,3527109
749,B000000,00600,00100,336061
749,B000000,00600,00800,613057
749,B000000,00600,00900,949118
749,B000000,00600,01000,194346
749,B000000,00600,01100,1143464
749,B000000,00700,00100,102321
749,B000000,00700,00800,204352
749,B000000,00700,00900,306673
749,B000000,00700,01000,62796
749,B000000,00700,01100,369469
749,B000000,00800,00100,237663
749,B000000,00800,00800,383161
749,B000000,00800,00900,620824
749,B000000,00800,01000,127123
749,B000000,00800,01100,747947
749,B000000,00900,00100,12038
749,B000000,00900,00800,51088
749,B000000,00900,00900,63126
749,B000000,00900,01000,12926
749,B000000,00900,01100,76052
749,B000000,01400,00100,2707797
749,B000000,01400,00200,202644
749,B000000,01400,00300,65150
749,B000000,01400,00900,2975591
749,B000000,01400,01000,609297
749,B000000,01400,01100,3584888
749,B000000,01401,00100,63455
749,B000000,01401,00900,63455
749,B000000,01401,01000,12993
749,B000000,01401,01100,76448
749,B000000,01402,00100,78525
749,B000000,01402,00900,78525
749,B000000,01402,01000,16079
749,B000000,01402,01100,94604
749,B000000,01600,00100,17612528
749,B000000,01600,00900,17612528
749,B000000,01600,01100,17612528
749,B100000,00200,00200,1644
749,B100000,00200,00300,4972
749,B100000,00300,00800,191
749,B100000,00300,01000,6634116
749,B100000,00500,00800,78
749,B100000,00500,01000,2927632
749,B100000,00600,00800,24
749,B100000,00600,01000,949118
749,B100000,00700,00800,8
749,B100000,00700,01000,306673
749,B100000,00800,00800,15
749,B100000,00800,01000,620824
749,B100000,00900,00800,2
749,B100000,00900,01000,63126
749,B100000,01400,00200,753
749,B100000,01400,00300,1657
749,B100000,01400,01000,2975591
749,B100000,01401,01000,63455
749,B100000,01402,01000,78525
749,B100000,01600,00200,2397
749,B100000,01600,00300,6629
749,B100000,01600,00800,318
749,B100000,01600,01000,14619060
749,B100000,01700,00200,645069
749,B100000,01700,00300,260640
749,B100000,01700,00800,8123005
749,B100000,01700,01000,2993468
749,B100000,01800,00200,269.115144
749,B100000,01800,00300,39.318148
749,B100000,01800,00800,25544.040881
749,B100000,01800,01000,.204765
749,C000001,00100,00100,117
749,C000001,00200,00100,117
749,C000001,00300,00100,1
749,C000001,00400,00100,7992547
749,C000001,00500,00100,7992547
749,D000000,00100,00100,7992547
749,D000000,00300,00100,7992547
749,D000000,00400,00100,6605703
749,D000000,00500,00100,1386844
749,D000000,00600,00100,27737
749,D000000,00800,00100,1359107
749,E000000,00100,00100,3150362
749,E000000,00400,00100,4017997
749,E000000,00800,00100,398789
749,E000000,00900,00100,1367286
749,E000000,01100,00100,8934434
749,E000000,01700,00100,2627666
749,E000000,01800,00100,1875540
749,E000000,02700,00100,752126
749,E000000,02800,00100,22791363
749,E000000,03100,00100,2241034
749,E000000,03200,00100,25032397
749,E000000,03300,00100,34718957
749,E000000,03400,00100,860536
749,E000000,03500,00100,2342849
749,E000000,04200,00100,3203385
749,E000000,04400,00100,202431
749,E000000,04600,00100,2353863
749,E000000,04900,00100,2556294
749,E000000,05000,00100,5759679
749,E000000,05100,00100,28959278
749,E000000,05800,00100,28959278
749,E000000,05900,00100,34718957
749,E100001,00700,00100,4153763
749,E100001,00700,00300,4153763
749,E100001,00800,00100,20340
749,E100001,00800,00300,20340
749,E100001,01000,00100,7982521
749,E100001,01000,00300,7982521
749,E100001,01100,00100,6618306
749,E100001,01100,00300,6618306
749,E100001,01200,00100,18774930
749,E100001,01200,00300,18774930
749,E100002,00100,00200,20122239
749,E100002,00300,00100,281288
749,E100002,00600,00200,281288
749,E100002,00800,00100,5
749,E100002,01100,00200,5
749,E100002,01200,00200,20403522
749,E200000,00100,00200,18774930
749,E200000,00300,00200,18774930
749,E200000,00400,00200,20403522
749,E200000,00500,00200,-1628592
749,E200000,00700,00100,22711
749,E200000,00800,00100,2327471
749,E200000,02000,00100,207063
749,E200000,02100,00100,92884
749,E200000,02200,00100,152066
749,E200000,02300,00100,193342
749,E200000,02301,00100,7753
749,E200000,02400,00200,3003290
749,E200000,02500,00200,1374698
749,E200000,02900,00200,1374698
749,S000003,00100,00100,1359107
749,S100001,00100,00100,191
749,S100001,00100,00300,191
749,S100001,00200,00100,74
749,S100001,00200,00300,74
749,S100001,00300,00100,117
749,S100001,00300,00300,117
749,S100001,00801,00100,78
749,S100001,00801,00200,13
749,S100001,00802,00100,8
749,S100001,00802,00200,4
749,S100001,00804,00100,24
749,S100001,00804,00200,3
749,S100001,00805,00100,84
749,S100001,00807,00100,496
749,S100001,00808,00100,271
749,S100001,00809,00100,15
749,S100001,00809,00200,6
749,S100001,00810,00100,2
749,S100001,00811,00100,14
749,S100001,00900,00100,992
749,S100001,00900,00200,26
749,S100003,00101,00200,1
749,S100003,00101,00400,20.56
749,S100003,00102,00200,41.74
749,S100003,00102,00400,10.04
749,S100003,00103,00200,36.18
749,S100003,00103,00400,18.18
749,S100003,00200,00100,127.7
750,A000000,00100,00200,298293
750,A000000,00100,00300,298293
750,A000000,00100,00400,22253
750,A000000,00100,00500,320546
750,A000000,00100,00700,320546
750,A000000,00200,00200,194389
750,A000000,00200,00300,194389
750,A000000,00200,00500,194389
750,A000000,00200,00700,194389
750,A000000,00300,00200,1555220
750,A000000,00300,00300,1555220
750,A000000,00300,00500,1555220
750,A000000,00300,00700,1555220
750,A000000,00400,00100,1103124
750,A000000,00400,00200,7818804
750,A000000,00400,00300,8921928
750,A000000,00400,00400,-22253
750,A000000,00400,00500,8899675
750,A000000,00400,00600,-527469
750,A000000,00400,00700,8372206
750,A000000,00500,00200,245612
750,A000000,00500,00300,245612
750,A000000,00500,00500,245612
750,A000000,00500,00700,245612
750,A000000,00700,00200,128931
750,A000000,00700,00300,128931
750,A000000,00700,00500,128931
750,A000000,00700,00700,128931
750,A000000,00900,00100,4667915
750,A000000,00900,00200,4610293
750,A000000,00900,00300,9278208
750,A000000,00900,00400,-399097
750,A000000,00900,00500,8879111
750,A000000,00900,00600,-21100
750,A000000,00900,00700,8858011
750,A000000,01000,00100,978720
750,A000000,01000,00200,7573
750,A000000,01000,00300,986293
750,A000000,01000,00400,-204475
750,A000000,01000,00500,781818
750,A000000,01000,00700,781818
750,A000000,01100,00100,250667
750,A000000,01100,00200,51342
750,A000000,01100,00300,302009
750,A000000,01100,00400,-62612
750,A000000,01100,00500,239397
750,A000000,01100,00700,239397
750,A000000,01300,00200,5704018
750,A000000,01300,00300,5704018
750,A000000,01300,00500,5704018
750,A000000,01300,00700,5704018
750,A000000,01500,00200,1087756
750,A000000,01500,00300,1087756
750,A000000,01500,00500,1087756
750,A000000,01500,00700,1087756
750,A000000,01600,00200,532750
750,A000000,01600,00300,532750
750,A000000,01600,00500,532750
750,A000000,01600,00700,532750
750,A000000,01700,00200,86362
750,A000000,01700,00300,86362
750,A000000,01700,00500,86362
750,A000000,01700,00700,86362
750,A000000,01800,00200,253397
750,A000000,01800,00300,253397
750,A000000,01800,00500,253397
750,A000000,01800,00700,253397
750,A000000,01900,00200,5496
750,A000000,01900,00300,5496
750,A000000,01900,00500,5496
750,A000000,01900,00700,5496
750,A000000,02500,00100,1398876
750,A000000,02500,00200,1396439
750,A000000,02500,00300,2795315
750,A000000,02500,00400,666184
750,A000000,02500,00500,3461499
750,A000000,02500,00700,3461499
750,A000000,02600,00100,8399302
750,A000000,02600,00200,23976675
750,A000000,02600,00300,32375977
750,A000000,02600,00500,32375977
750,A000000,02600,00600,-548569
750,A000000,02600,00700,31827408
750,A100000,00100,00200,74500
750,A100000,00100,00300,74500
750,A100000,00200,00100,384756
750,A100000,00200,00300,384756
750,A100000,00300,00200,4442100
750,A100000,00300,00300,4442100
750,A100000,00400,00200,1132
750,A100000,00400,00300,1132
750,A100000,00500,00200,164409
750,A100000,00500,00300,164409
750,A100000,00600,00200,163472
750,A100000,00600,00300,163472
750,A100000,00700,00200,19981
750,A100000,00700,00300,19981
750,A100000,00800,00200,197990
750,A100000,00800,00300,197990
750,A100000,00900,00200,2109070
750,A100000,00900,00300,2109070
750,A100000,01000,00200,180053
750,A100000,01000,00300,180053
750,A100000,01200,00200,97056
750,A100000,01200,00300,97056
750,A100000,01300,00200,54988
750,A100000,01300,00300,54988
750,A100000,01400,00200,7837
750,A100000,01400,00300,7837
750,A100000,01500,00100,236923
750,A100000,01500,00300,236923
750,A100000,01700,00100,481445
750,A100000,01700,00200,172548
750,A100000,01700,00300,653993
750,A100000,01800,00200,53920
750,A100000,01800,00300,53920
750,A100000,01900,00200,79748
750,A100000,01900,00300,79748
750,A100000,02000,00100,1103124
750,A100000,02000,00200,7818804
750,A100000,02000,00300,8921928
750,A20H000,00900,00200,440840
750,A20H000,00900,00300,440840
750,A20H000,01000,00200,440840
750,A20H000,01000,00300,440840
750,A20H000,01200,00200,9742
750,A20H000,01200,00300,9742
750,A20H000,01300,00200,42875
750,A20H000,01300,00300,42875
750,A20H000,01500,00200,21874
750,A20H000,01500,00300,21874
750,A20H000,01800,00200,15663
750,A20H000,01800,00300,15663
750,A20H000,02000,00200,140
750,A20H000,02000,00300,140
750,A20H000,02100,00200,1616
750,A20H000,02100,00300,1616
750,A20H000,02200,00200,91910
750,A20H000,02200,00300,91910
750,A20H000,02300,00200,532750
750,A20H000,02300,00300,532750
750,A20K000,00900,00200,2028395
750,A20K000,00900,00300,2028395
750,A20K000,01000,00200,2028395
750,A20K000,01000,00300,2028395
750,A20K000,01200,00200,108160
750,A20K000,01200,00300,108160
750,A20K000,01300,00200,62500
750,A20K000,01300,00300,62500
750,A20K000,01400,00200,1076986
750,A20K000,01400,00300,1076986
750,A20K000,01500,00200,1563141
750,A20K000,01500,00300,1563141
750,A20K000,01800,00200,816469
750,A20K000,01800,00300,816469
750,A20K000,02000,00200,2385
750,A20K000,02000,00300,2385
750,A20K000,02100,00200,45982
750,A20K000,02100,00300,45982
750,A20K000,02200,00200,3675623
750,A20K000,02200,00300,3675623
750,A20K000,02300,00200,5704018
750,A20K000,02300,00300,5704018
750,A20L000,00900,00200,713730
750,A20L000,00900,00300,713730
750,A20L000,01000,00200,713730
750,A20L000,01000,00300,713730
750,A20L000,01200,00200,43492
750,A20L000,01200,00300,43492
750,A20L000,01300,00200,139250
750,A20L000,01300,00300,139250
750,A20L000,01500,00200,73965
750,A20L000,01500,00300,73965
750,A20L000,01800,00200,101322
750,A20L000,01800,00300,101322
750,A20L000,02000,00200,2619
750,A20L000,02000,00300,2619
750,A20L000,02100,00200,13378
750,A20L000,02100,00300,13378
750,A20L000,02200,00200,374026
750,A20L000,02200,00300,374026
750,A20L000,02300,00200,1087756
750,A20L000,02300,00300,1087756
750,A20O000,00900,00200,3577
750,A20O000,00900,00300,3577
750,A20O000,01000,00200,3577
750,A20O000,01000,00300,3577
750,A20O000,01500,00200,20
750,A20O000,01500,00300,20
750,A20O000,01800,00200,1729
750,A20O000,01800,00300,1729
750,A20O000,02000,00200,170
750,A20O000,02000,00300,170
750,A20O000,02200,00200,1919
750,A20O000,02200,00300,1919
750,A20O000,02300,00200,5496
750,A20O000,02300,00300,5496
750,A20P000,00900,00200,74693
750,A20P000,00900,00300,74693
750,A20P000,01000,00200,74693
750,A20P000,01000,00300,74693
750,A20P000,01200,00200,343
750,A20P000,01200,00300,343
750,A20P000,01300,00200,8400
750,A20P000,01300,00300,8400
750,A20P000,01500,00200,1586
750,A20P000,01500,00300,1586
750,A20P000,01800,00200,877
750,A20P000,01800,00300,877
750,A20P000,02000,00200,463
750,A20P000,02000,00300,463
750,A20P000,02200,00200,11669
750,A20P000,02200,00300,11669
750,A20P000,02300,00200,86362
750,A20P000,02300,00300,86362
750,A20U000,00900,00200,194298
750,A20U000,00900,00300,194298
750,A20U000,01000,00200,194298
750,A20U000,01000,00300,194298
750,A20U000,01200,00200,4700
750,A20U000,01200,00300,4700
750,A20U000,01300,00200,25375
750,A20U000,01300,00300,25375
750,A20U000,01400,00200,11017
750,A20U000,01400,00300,11017
750,A20U000,01500,00200,10699
750,A20U000,01500,00300,10699
750,A20U000,01800,00200,5123
750,A20U000,01800,00300,5123
750,A20U000,02000,00200,569
750,A20U000,02000,00300,569
750,A20U000,02100,00200,1616
750,A20U000,02100,00300,1616
750,A20U000,02200,00200,59099
750,A20U000,02200,00300,59099
750,A20U000,02300,00200,253397
750,A20U000,02300,00300,253397
750,A400010,00100,00300,25
750,A400010,00100,00400,399097
750,A400010,00100,00600,9
750,A400010,00100,00700,399097
750,A400010,00200,00300,25
750,A400010,00200,00400,204475
750,A400010,00200,00600,10
750,A400010,00200,00700,204475
750,A400010,00300,00300,25
750,A400010,00300,00400,62612
750,A400010,00300,00600,11
750,A400010,00300,00700,62612
750,A400010,00400,00300,1
750,A400010,00400,00400,22253
750,A400010,00400,00600,4
750,A400010,00400,00700,22253
750,A500010,00400,00200,-505312
750,A500010,00800,00200,-21100
750,A500010,00800,00400,9
750,A500010,01500,00200,-5000
750,A500010,01500,00400,4
750,A500010,01600,00200,-9098
750,A500010,01600,00400,4
750,A500010,01601,00200,-8059
750,A500010,01601,00400,4
750,A500010,01700,00200,-548569
750,A51000B,00100,00100,4
750,A51000B,00100,00400,4442100
750,A51000B,00100,00500,3936788
750,A51000B,00100,00600,-505312
750,A51000B,00500,00400,4442100
750,A51000B,00500,00500,3936788
750,A51000B,00500,00600,-505312
750,A51000C,00100,00300,100
750,A51000C,00100,00500,100
750,A60000A,00200,00100,84431
750,A60000A,00200,00200,20807
750,A60000A,00200,00400,20807
750,A60000A,00200,00600,105238
750,A60000A,00300,00100,5701862
750,A60000A,00300,00600,5701862
750,A60000A,00500,00100,1532982
750,A60000A,00500,00200,15918
750,A60000A,00500,00400,15918
750,A60000A,00500,00600,1548900
750,A60000A,00700,00200,5514563
750,A60000A,00700,00400,5514563
750,A60000A,00700,00600,5514563
750,A60000A,00800,00100,7319275
750,A60000A,00800,00200,5551288
750,A60000A,00800,00400,5551288
750,A60000A,00800,00600,12870563
750,A60000B,00200,00100,81041
750,A60000B,00200,00200,2458
750,A60000B,00200,00400,83499
750,A60000B,00300,00100,1431359
750,A60000B,00300,00200,191125
750,A60000B,00300,00400,1622484
750,A60000B,00600,00100,1335927
750,A60000B,00600,00200,72359
750,A60000B,00600,00400,1408286
750,A60000B,00900,00100,2848327
750,A60000B,00900,00200,265942
750,A60000B,00900,00400,3114269
750,A60000C,00100,00100,265942
750,A60000C,00400,00100,265942
750,B000000,00100,00100,10816904
750,B000000,00100,00200,-566158
750,B000000,00100,00300,-194389
750,B000000,00100,00400,-1555220
750,B000000,00100,00500,-128931
750,B000000,00100,00900,8372206
750,B000000,00100,01000,-8372206
750,B000000,00200,00100,9879226
750,B000000,00200,00200,304767
750,B000000,00200,00300,104641
750,B000000,00200,00400,1257043
750,B000000,00200,00500,128931
750,B000000,00200,00800,-11674608
750,B000000,00300,00100,5704018
750,B000000,00300,00800,7109245
750,B000000,00300,00900,12813263
750,B000000,00300,01000,4461208
750,B000000,00300,01100,17274471
750,B000000,00500,00100,1087756
750,B000000,00500,00800,2475744
750,B000000,00500,00900,3563500
750,B000000,00500,01000,1287466
750,B000000,00500,01100,4850966
750,B000000,00600,00100,532750
750,B000000,00600,00800,1067523
750,B000000,00600,00900,1600273
750,B000000,00600,01000,589263
750,B000000,00600,01100,2189536
750,B000000,00700,00100,86362
750,B000000,00700,00800,340699
750,B000000,00700,00900,427061
750,B000000,00700,01000,158483
750,B000000,00700,01100,585544
750,B000000,00800,00100,253397
750,B000000,00800,00800,658684
750,B000000,00800,00900,912081
750,B000000,00800,01000,337267
750,B000000,00800,01100,1249348
750,B000000,00900,00100,5496
750,B000000,00900,00800,22713
750,B000000,00900,00900,28209
750,B000000,00900,01000,9847
750,B000000,00900,01100,38056
750,B000000,01400,00100,3461499
750,B000000,01400,00200,261391
750,B000000,01400,00300,89748
750,B000000,01400,00400,298177
750,B000000,01400,00900,4110815
750,B000000,01400,01000,1528672
750,B000000,01400,01100,5639487
750,B000000,01600,00100,31827408
750,B000000,01600,00900,31827408
750,B000000,01600,01100,31827408
750,B100000,00200,00200,5881
750,B100000,00200,00300,5881
750,B100000,00200,00400,5897302
750,B100000,00200,00500,128931
750,B100000,00300,00800,313
750,B100000,00300,01000,11996794
750,B100000,00300,10A00,-816469
750,B100000,00500,00800,109
750,B100000,00500,01000,3462178
750,B100000,00500,10A00,-101322
750,B100000,00600,00800,47
750,B100000,00600,01000,1584610
750,B100000,00600,10A00,-15663
750,B100000,00700,00800,15
750,B100000,00700,01000,426184
750,B100000,00700,10A00,-877
750,B100000,00800,00800,29
750,B100000,00800,01000,906958
750,B100000,00800,10A00,-5123
750,B100000,00900,00800,1
750,B100000,00900,01000,26480
750,B100000,00900,10A00,-1729
750,B100000,01400,00200,5044
750,B100000,01400,00300,5044
750,B100000,01400,00400,1398876
750,B100000,01400,01000,4110815
750,B100000,01600,00200,10925
750,B100000,01600,00300,10925
750,B100000,01600,00400,7296178
750,B100000,01600,00500,128931
750,B100000,01600,00800,514
750,B100000,01600,01000,22514019
750,B100000,01600,10A00,-941183
750,B100000,01700,00200,566158
750,B100000,01700,00300,194389
750,B100000,01700,00400,1555220
750,B100000,01700,00500,128931
750,B100000,01700,00800,11674608
750,B100000,01700,01000,8372206
750,B100000,01800,00200,51.822243
750,B100000,01800,00300,17.793043
750,B100000,01800,00400,.213155
750,B100000,01800,00500,1
750,B100000,01800,00800,22713.245136
750,B100000,01800,01000,.371866
750,C000001,00100,00100,216
750,C000001,00200,00100,216
750,C000001,00300,00100,1
750,C000001,00400,00100,17274471
750,C000001,00500,00100,17274471
750,D000000,00100,00100,17274471
750,D000000,00300,00100,17274471
750,D000000,00400,00100,13836000
750,D000000,00500,00100,3438471
750,D000000,00600,00100,68769
750,D000000,00800,00100,3369702
750,E000000,00100,00100,-4642171
750,E000000,00400,00100,9847114
750,E000000,00500,00100,-221888
750,E000000,00600,00100,-100277
750,E000000,00700,00100,646314
750,E000000,00800,00100,94183
750,E000000,01100,00100,5623275
750,E000000,01500,00100,5701862
750,E000000,01600,00100,-1622485
750,E000000,01700,00100,105237
750,E000000,01800,00100,-83498
750,E000000,02300,00100,1548900
750,E000000,02400,00100,-1408286
750,E000000,02600,00100,5633100
750,E000000,02700,00100,9874830
750,E000000,03300,00100,15498105
750,E000000,03400,00100,5307433
750,E000000,03500,00100,837799
750,E000000,03900,00100,641619
750,E000000,04100,00100,195457
750,E000000,04200,00100,6982308
750,E000000,04600,00100,115697
750,E000000,04900,00100,115697
750,E000000,05000,00100,7098005
750,E000000,05100,00100,8400100
750,E000000,05800,00100,8400100
750,E000000,05900,00100,15498105
750,E100001,00800,00100,15296
750,E100001,00800,00300,15296
750,E100001,00900,00100,5623570
750,E100001,00900,00300,5623570
750,E100001,01000,00100,13836900
750,E100001,01000,00300,13836900
750,E100001,01100,00100,7828000
750,E100001,01100,00300,7828000
750,E100001,01200,00100,27303766
750,E100001,01200,00300,27303766
750,E100002,00100,00200,32375977
750,E100002,00300,00100,8883
750,E100002,00400,00100,391450
750,E100002,00600,00200,400333
750,E100002,00800,00100,3075467
750,E100002,00900,00100,75600
750,E100002,01000,00100,12289
750,E100002,01100,00200,3163356
750,E100002,01200,00200,29612954
750,E200000,00100,00200,27303766
750,E200000,00300,00200,27303766
750,E200000,00400,00200,29612954
750,E200000,00500,00200,-2309188
750,E200000,02500,00200,-2309188
750,E200000,02900,00200,-2309188
750,S000003,00100,00100,3369702
750,S100001,00100,00100,313
750,S100001,00100,00300,313
750,S100001,00200,00100,97
750,S100001,00200,00300,97
750,S100001,00300,00100,216
750,S100001,00300,00300,216
750,S100001,00400,00100,158
750,S100001,00400,00300,158
750,S100001,00801,00100,109
750,S100001,00801,00200,21
750,S100001,00801,00300,4530900
750,S100001,00802,00100,15
750,S100001,00802,00200,11
750,S100001,00802,00300,156000
750,S100001,00804,00100,47
750,S100001,00804,00200,8
750,S100001,00804,00300,1969000
750,S100001,00809,00100,29
750,S100001,00809,00200,8
750,S100001,00809,00300,1142100
750,S100001,00810,00100,1
750,S100001,00810,00300,30000
750,S100001,00900,00100,201
750,S100001,00900,00200,48
750,S100001,00900,00300,7828000
750,S100003,00101,00200,1
750,S100003,00101,00400,27
750,S100003,00102,00200,3
750,S100003,00102,00400,4
750,S100003,00103,00400,34
750,S100003,00200,00100,69
752,A000000,00100,00200,215206
752,A000000,00100,00300,215206
752,A000000,00100,00500,215206
752,A000000,00100,00700,215206
752,A000000,00200,00200,81079
752,A000000,00200,00300,81079
752,A000000,00200,00500,81079
752,A000000,00200,00700,81079
752,A000000,00300,00200,896077
752,A000000,00300,00300,896077
752,A000000,00300,00500,896077
752,A000000,00300,00700,896077
752,A000000,00400,00100,752057
752,A000000,00400,00200,8279855
752,A000000,00400,00300,9031912
752,A000000,00400,00500,9031912
752,A000000,00400,00600,-4655410
752,A000000,00400,00700,4376502
752,A000000,00500,00200,85128
752,A000000,00500,00300,85128
752,A000000,00500,00500,85128
752,A000000,00500,00700,85128
752,A000000,00700,00200,47793
752,A000000,00700,00300,47793
752,A000000,00700,00500,47793
752,A000000,00700,00700,47793
752,A000000,00900,00100,2004422
752,A000000,00900,00200,109050
752,A000000,00900,00300,2113472
752,A000000,00900,00400,-92049
752,A000000,00900,00500,2021423
752,A000000,00900,00600,-840
752,A000000,00900,00700,2020583
752,A000000,01000,00100,728695
752,A000000,01000,00200,971
752,A000000,01000,00300,729666
752,A000000,01000,00400,-156380
752,A000000,01000,00500,573286
752,A000000,01000,00700,573286
752,A000000,01100,00100,182658
752,A000000,01100,00200,45327
752,A000000,01100,00300,227985
752,A000000,01100,00400,-48861
752,A000000,01100,00500,179124
752,A000000,01100,00700,179124
752,A000000,01300,00200,2812581
752,A000000,01300,00300,2812581
752,A000000,01300,00500,2812581
752,A000000,01300,00700,2812581
752,A000000,01500,00200,1034479
752,A000000,01500,00300,1034479
752,A000000,01500,00500,1034479
752,A000000,01500,00700,1034479
752,A000000,01600,00200,377794
752,A000000,01600,00300,377794
752,A000000,01600,00500,377794
752,A000000,01600,00700,377794
752,A000000,01700,00200,91477
752,A000000,01700,00300,91477
752,A000000,01700,00500,91477
752,A000000,01700,00700,91477
752,A000000,01800,00200,135185
752,A000000,01800,00300,135185
752,A000000,01800,00500,135185
752,A000000,01800,00700,135185
752,A000000,01900,00200,6601
752,A000000,01900,00300,6601
752,A000000,01900,00500,6601
752,A000000,01900,00700,6601
752,A000000,02500,00100,1030014
752,A000000,02500,00200,478802
752,A000000,02500,00300,1508816
752,A000000,02500,00400,297290
752,A000000,02500,00500,1806106
752,A000000,02500,00700,1806106
752,A000000,02600,00100,4697846
752,A000000,02600,00200,14697405
752,A000000,02600,00300,19395251
752,A000000,02600,00500,19395251
752,A000000,02600,00600,-4656250
752,A000000,02600,00700,14739001
752,A100000,00100,00200,60000
752,A100000,00100,00300,60000
752,A100000,00200,00100,386386
752,A100000,00200,00300,386386
752,A100000,00300,00200,2006970
752,A100000,00300,00300,2006970
752,A100000,00400,00200,566
752,A100000,00400,00300,566
752,A100000,00500,00200,5402088
752,A100000,00500,00300,5402088
752,A100000,00600,00200,48947
752,A100000,00600,00300,48947
752,A100000,00700,00200,13665
752,A100000,00700,00300,13665
752,A100000,00800,00200,103965
752,A100000,00800,00300,103965
752,A100000,00900,00200,316653
752,A100000,00900,00300,316653
752,A100000,01000,00200,81043
752,A100000,01000,00300,81043
752,A100000,01200,00200,39941
752,A100000,01200,00300,39941
752,A100000,01300,00200,42323
752,A100000,01300,00300,42323
752,A100000,01400,00200,3310
752,A100000,01400,00300,3310
752,A100000,01500,00100,33459
752,A100000,01500,00300,33459
752,A100000,01700,00100,332212
752,A100000,01700,00200,84066
752,A100000,01700,00300,416278
752,A100000,01800,00200,17573
752,A100000,01800,00300,17573
752,A100000,01900,00200,58745
752,A100000,01900,00300,58745
752,A100000,02000,00100,752057
752,A100000,02000,00200,8279855
752,A100000,02000,00300,9031912
752,A20H000,00100,00200,60532
752,A20H000,00100,00300,60532
752,A20H000,00200,00200,3280
752,A20H000,00200,00300,3280
752,A20H000,00300,00200,9365
752,A20H000,00300,00300,9365
752,A20H000,00400,00200,37138
752,A20H000,00400,00300,37138
752,A20H000,00500,00200,19812
752,A20H000,00500,00300,19812
752,A20H000,00600,00200,72179
752,A20H000,00600,00300,72179
752,A20H000,00700,00200,75843
752,A20H000,00700,00300,75843
752,A20H000,00800,00200,27878
752,A20H000,00800,00300,27878
752,A20H000,00900,00200,24940
752,A20H000,00900,00300,24940
752,A20H000,01000,00200,330967
752,A20H000,01000,00300,330967
752,A20H000,01200,00200,2000
752,A20H000,01200,00300,2000
752,A20H000,01300,00200,18650
752,A20H000,01300,00300,18650
752,A20H000,01500,00200,10095
752,A20H000,01500,00300,10095
752,A20H000,01800,00200,15068
752,A20H000,01800,00300,15068
752,A20H000,02000,00200,1014
752,A20H000,02000,00300,1014
752,A20H000,02200,00200,46827
752,A20H000,02200,00300,46827
752,A20H000,02300,00200,377794
752,A20H000,02300,00300,377794
752,A20K000,00100,00200,487062
752,A20K000,00100,00300,487062
752,A20K000,00200,00200,19327
752,A20K000,00200,00300,19327
752,A20K000,00300,00200,72775
752,A20K000,00300,00300,72775
752,A20K000,00400,00200,244911
752,A20K000,00400,00300,244911
752,A20K000,00500,00200,40379
752,A20K000,00500,00300,40379
752,A20K000,00600,00200,162966
752,A20K000,00600,00300,162966
752,A20K000,00700,00200,41282
752,A20K000,00700,00300,41282
752,A20K000,00800,00200,132179
752,A20K000,00800,00300,132179
752,A20K000,00900,00200,-14898
752,A20K000,00900,00300,-14898
752,A20K000,01000,00200,1185983
752,A20K000,01000,00300,1185983
752,A20K000,01200,00200,4397
752,A20K000,01200,00300,4397
752,A20K000,01300,00200,104500
752,A20K000,01300,00300,104500
752,A20K000,01400,00200,518066
752,A20K000,01400,00300,518066
752,A20K000,01500,00200,452808
752,A20K000,01500,00300,452808
752,A20K000,01800,00200,537204
752,A20K000,01800,00300,537204
752,A20K000,02000,00200,9623
752,A20K000,02000,00300,9623
752,A20K000,02200,00200,1626598
752,A20K000,02200,00300,1626598
752,A20K000,02300,00200,2812581
752,A20K000,02300,00300,2812581
752,A20L000,00100,00200,258362
752,A20L000,00100,00300,258362
752,A20L000,00200,00200,10318
752,A20L000,00200,00300,10318
752,A20L000,00300,00200,31547
752,A20L000,00300,00300,31547
752,A20L000,00400,00200,123224
752,A20L000,00400,00300,123224
752,A20L000,00500,00200,19856
752,A20L000,00500,00300,19856
752,A20L000,00600,00200,51236
752,A20L000,00600,00300,51236
752,A20L000,00700,00200,29839
752,A20L000,00700,00300,29839
752,A20L000,00800,00200,110229
752,A20L000,00800,00300,110229
752,A20L000,00900,00200,22113
752,A20L000,00900,00300,22113
752,A20L000,01000,00200,656724
752,A20L000,01000,00300,656724
752,A20L000,01200,00200,10302
752,A20L000,01200,00300,10302
752,A20L000,01300,00200,178000
752,A20L000,01300,00300,178000
752,A20L000,01500,00200,33699
752,A20L000,01500,00300,33699
752,A20L000,01800,00200,151428
752,A20L000,01800,00300,151428
752,A20L000,02000,00200,4326
752,A20L000,02000,00300,4326
752,A20L000,02200,00200,377755
752,A20L000,02200,00300,377755
752,A20L000,02300,00200,1034479
752,A20L000,02300,00300,1034479
752,A20O000,00300,00200,434
752,A20O000,00300,00300,434
752,A20O000,00400,00200,3632
752,A20O000,00400,00300,3632
752,A20O000,00500,00200,199
752,A20O000,00500,00300,199
752,A20O000,00600,00200,957
752,A20O000,00600,00300,957
752,A20O000,00700,00200,341
752,A20O000,00700,00300,341
752,A20O000,00800,00200,977
752,A20O000,00800,00300,977
752,A20O000,01000,00200,6540
752,A20O000,01000,00300,6540
752,A20O000,02000,00200,61
752,A20O000,02000,00300,61
752,A20O000,02200,00200,61
752,A20O000,02200,00300,61
752,A20O000,02300,00200,6601
752,A20O000,02300,00300,6601
752,A20P000,00100,00200,9356
752,A20P000,00100,00300,9356
752,A20P000,00200,00200,602
752,A20P000,00200,00300,602
752,A20P000,00300,00200,2422
752,A20P000,00300,00300,2422
752,A20P000,00400,00200,7586
752,A20P000,00400,00300,7586
752,A20P000,00500,00200,14048
752,A20P000,00500,00300,14048
752,A20P000,00600,00200,6781
752,A20P000,00600,00300,6781
752,A20P000,00700,00200,1291
752,A20P000,00700,00300,1291
752,A20P000,00800,00200,11957
752,A20P000,00800,00300,11957
752,A20P000,00900,00200,10028
752,A20P000,00900,00300,10028
752,A20P000,01000,00200,64071
752,A20P000,01000,00300,64071
752,A20P000,01200,00200,135
752,A20P000,01200,00300,135
752,A20P000,01300,00200,23500
752,A20P000,01300,00300,23500
752,A20P000,01500,00200,1390
752,A20P000,01500,00300,1390
752,A20P000,01800,00200,1900
752,A20P000,01800,00300,1900
752,A20P000,02000,00200,481
752,A20P000,02000,00300,481
752,A20P000,02200,00200,27406
752,A20P000,02200,00300,27406
752,A20P000,02300,00200,91477
752,A20P000,02300,00300,91477
752,A20U000,00100,00200,7374
752,A20U000,00100,00300,7374
752,A20U000,00200,00200,398
752,A20U000,00200,00300,398
752,A20U000,00300,00200,19365
752,A20U000,00300,00300,19365
752,A20U000,00400,00200,9440
752,A20U000,00400,00300,9440
752,A20U000,00500,00200,9263
752,A20U000,00500,00300,9263
752,A20U000,00600,00200,6371
752,A20U000,00600,00300,6371
752,A20U000,00700,00200,51547
752,A20U000,00700,00300,51547
752,A20U000,00800,00200,28746
752,A20U000,00800,00300,28746
752,A20U000,01000,00200,132504
752,A20U000,01000,00300,132504
752,A20U000,01200,00200,1059
752,A20U000,01200,00300,1059
752,A20U000,01500,00200,508
752,A20U000,01500,00300,508
752,A20U000,01800,00200,1167
752,A20U000,01800,00300,1167
752,A20U000,02000,00200,-53
752,A20U000,02000,00300,-53
752,A20U000,02200,00200,2681
752,A20U000,02200,00300,2681
752,A20U000,02300,00200,135185
752,A20U000,02300,00300,135185
752,A400010,00100,00300,25
752,A400010,00100,00400,92049
752,A400010,00100,00600,9
752,A400010,00100,00700,92049
752,A400010,00200,00300,25
752,A400010,00200,00400,156380
752,A400010,00200,00600,10
752,A400010,00200,00700,156380
752,A400010,00300,00300,25
752,A400010,00300,00400,48861
752,A400010,00300,00600,11
752,A400010,00300,00700,48861
752,A500010,00400,00200,357504
752,A500010,00800,00200,-840
752,A500010,00800,00400,9
752,A500010,01500,00200,-8649
752,A500010,01500,00400,4
752,A500010,01501,00200,-5000000
752,A500010,01501,00400,4
752,A500010,01600,00200,-4265
752,A500010,01600,00400,4
752,A500010,01700,00200,-4656250
752,A51000B,00100,00100,4
752,A51000B,00100,00400,2006970
752,A51000B,00100,00500,2364474
752,A51000B,00100,00600,357504
752,A51000B,00500,00400,2006970
752,A51000B,00500,00500,2364474
752,A51000B,00500,00600,357504
752,A51000C,00100,00300,100
752,A51000C,00100,00500,100
752,A60000A,00100,00100,759856
752,A60000A,00100,00600,759856
752,A60000A,00200,00100,78947
752,A60000A,00200,00600,78947
752,A60000A,00300,00100,3415014
752,A60000A,00300,00600,3415014
752,A60000A,00500,00100,662236
752,A60000A,00500,00200,15284
752,A60000A,00500,00400,15284
752,A60000A,00500,00600,677520
752,A60000A,00800,00100,4916053
752,A60000A,00800,00200,15284
752,A60000A,00800,00400,15284
752,A60000A,00800,00600,4931337
752,A60000B,00200,00100,52924
752,A60000B,00200,00200,4313
752,A60000B,00200,00400,57237
752,A60000B,00300,00100,1485490
752,A60000B,00300,00200,114060
752,A60000B,00300,00400,1599550
752,A60000B,00600,00100,598684
752,A60000B,00600,00200,21034
752,A60000B,00600,00400,619718
752,A60000B,00900,00100,2137098
752,A60000B,00900,00200,139407
752,A60000B,00900,00400,2276505
752,A60000C,00100,00100,139407
752,A60000C,00400,00100,139407
752,B000000,00100,00100,5701785
752,B000000,00100,00200,-300334
752,B000000,00100,00300,-81079
752,B000000,00100,00400,-896077
752,B000000,00100,00500,-47793
752,B000000,00100,00900,4376502
752,B000000,00100,01000,-4376502
752,B000000,00200,00100,2772993
752,B000000,00200,00200,125633
752,B000000,00200,00300,33916
752,B000000,00200,00400,662164
752,B000000,00200,00500,47793
752,B000000,00200,00800,-3642499
752,B000000,00300,00100,2812581
752,B000000,00300,00800,2196838
752,B000000,00300,00900,5009419
752,B000000,00300,01000,2027052
752,B000000,00300,01100,7036471
752,B000000,00500,00100,1034479
752,B000000,00500,00800,921255
752,B000000,00500,00900,1955734
752,B000000,00500,01000,817809
752,B000000,00500,01100,2773543
752,B000000,00600,00100,377794
752,B000000,00600,00800,382675
752,B000000,00600,00900,760469
752,B000000,00600,01000,337856
752,B000000,00600,01100,1098325
752,B000000,00700,00100,91477
752,B000000,00700,00800,99212
752,B000000,00700,00900,190689
752,B000000,00700,01000,85569
752,B000000,00700,01100,276258
752,B000000,00800,00100,135185
752,B000000,00800,00800,42519
752,B000000,00800,00900,177704
752,B000000,00800,01000,80016
752,B000000,00800,01100,257720
752,B000000,00900,00100,6601
752,B000000,00900,00900,6601
752,B000000,00900,01000,2992
752,B000000,00900,01100,9593
752,B000000,01400,00100,1806106
752,B000000,01400,00200,174701
752,B000000,01400,00300,47163
752,B000000,01400,00400,233913
752,B000000,01400,00900,2261883
752,B000000,01400,01000,1025208
752,B000000,01400,01100,3287091
752,B000000,01600,00100,14739001
752,B000000,01600,00900,14739001
752,B000000,01600,01100,14739001
752,B100000,00200,00200,4706
752,B100000,00200,00300,4706
752,B100000,00200,00400,2915776
752,B100000,00200,00500,47793
752,B100000,00300,00800,155
752,B100000,00300,01000,4472215
752,B100000,00300,10A00,-537204
752,B100000,00500,00800,65
752,B100000,00500,01000,1804306
752,B100000,00500,10A00,-151428
752,B100000,00600,00800,27
752,B100000,00600,01000,745401
752,B100000,00600,10A00,-15068
752,B100000,00700,00800,7
752,B100000,00700,01000,188789
752,B100000,00700,10A00,-1900
752,B100000,00800,00800,3
752,B100000,00800,01000,176537
752,B100000,00800,10A00,-1167
752,B100000,00900,01000,6601
752,B100000,01400,00200,6544
752,B100000,01400,00300,6544
752,B100000,01400,00400,1030014
752,B100000,01400,01000,2261883
752,B100000,01600,00200,11250
752,B100000,01600,00300,11250
752,B100000,01600,00400,3945790
752,B100000,01600,00500,47793
752,B100000,01600,00800,257
752,B100000,01600,01000,9655732
752,B100000,01600,10A00,-706767
752,B100000,01700,00200,300334
752,B100000,01700,00300,81079
752,B100000,01700,00400,896077
752,B100000,01700,00500,47793
752,B100000,01700,00800,3642499
752,B100000,01700,01000,4376502
752,B100000,01800,00200,26.696356
752,B100000,01800,00300,7.207022
752,B100000,01800,00400,.227097
752,B100000,01800,00500,1
752,B100000,01800,00800,14173.14786
752,B100000,01800,01000,.453254
752,C000001,00100,00100,120
752,C000001,00200,00100,120
752,C000001,00300,00100,1
752,C000001,00400,00100,7036471
752,C000001,00500,00100,7036471
752,D000000,00100,00100,7036471
752,D000000,00300,00100,7036471
752,D000000,00400,00100,6480000
752,D000000,00500,00100,556471
752,D000000,00600,00100,11129
752,D000000,00800,00100,545342
752,E000000,00100,00100,2374286
752,E000000,00400,00100,3469053
752,E000000,00500,00100,-50756
752,E000000,00600,00100,-130317
752,E000000,00700,00100,320500
752,E000000,00800,00100,46394
752,E000000,01100,00100,6029160
752,E000000,01200,00100,759856
752,E000000,01500,00100,3415014
752,E000000,01600,00100,-1599550
752,E000000,01700,00100,78947
752,E000000,01800,00100,-57236
752,E000000,02300,00100,677520
752,E000000,02400,00100,-619718
752,E000000,02700,00100,2654833
752,E000000,03300,00100,8683993
752,E000000,03400,00100,754058
752,E000000,03500,00100,509695
752,E000000,03900,00100,351251
752,E000000,04100,00100,5011083
752,E000000,04200,00100,6626087
752,E000000,04400,00100,1188570
752,E000000,04900,00100,1188570
752,E000000,05000,00100,7814657
752,E000000,05100,00100,869336
752,E000000,05800,00100,869336
752,E000000,05900,00100,8683993
752,E100001,00900,00100,3691472
752,E100001,00900,00300,3691472
752,E100001,01000,00100,6480000
752,E100001,01000,00300,6480000
752,E100001,01100,00100,4188488
752,E100001,01100,00300,4188488
752,E100001,01200,00100,14359960
752,E100001,01200,00300,14359960
752,E100002,00100,00200,19395251
752,E100002,00300,00100,5116
752,E100002,00400,00100,298485
752,E100002,00600,00200,303601
752,E100002,00800,00100,544452
752,E100002,00900,00100,20626
752,E100002,01100,00200,565078
752,E100002,01200,00200,19133774
752,E200000,00100,00200,14359960
752,E200000,00300,00200,14359960
752,E200000,00400,00200,19133774
752,E200000,00500,00200,-4773814
752,E200000,02500,00200,-4773814
752,E200000,02900,00200,-4773814
752,S000003,00100,00100,545342
752,S100001,00100,00100,155
752,S100001,00100,00300,155
752,S100001,00200,00100,35
752,S100001,00200,00300,35
752,S100001,00300,00100,120
752,S100001,00300,00300,120
752,S100001,00400,00100,65
752,S100001,00400,00300,65
752,S100001,00801,00100,65
752,S100001,00801,00200,9
752,S100001,00801,00300,2793000
752,S100001,00802,00100,7
752,S100001,00802,00200,1
752,S100001,00802,00300,252000
752,S100001,00804,00100,27
752,S100001,00804,00300,1080000
752,S100001,00809,00100,3
752,S100001,00809,00200,2
752,S100001,00809,00300,55840
752,S100001,00900,00100,102
752,S100001,00900,00200,12
752,S100001,00900,00300,4180840
752,S100003,00101,00200,1
752,S100003,00101,00400,20
752,S100003,00102,00200,1
752,S100003,00102,00400,1
752,S100003,00103,00400,25
752,S100003,00200,00100,48
753,A000000,00100,00200,422890
753,A000000,00100,00300,422890
753,A000000,00100,00400,294751
753,A000000,00100,00500,717641
753,A000000,00100,00600,-192307
753,A000000,00100,00700,525334
753,A000000,00200,00200,445403
753,A000000,00200,00300,445403
753,A000000,00200,00500,445403
753,A000000,00200,00700,445403
753,A000000,00300,00200,3119971
753,A000000,00300,00300,3119971
753,A000000,00300,00500,3119971
753,A000000,00300,00700,3119971
753,A000000,00400,00100,1317851
753,A000000,00400,00200,13114733
753,A000000,00400,00300,14432584
753,A000000,00400,00400,-294751
753,A000000,00400,00500,14137833
753,A000000,00400,00600,-1318419
753,A000000,00400,00700,12819414
753,A000000,00500,00200,492591
753,A000000,00500,00300,492591
753,A000000,00500,00500,492591
753,A000000,00500,00700,492591
753,A000000,00700,00200,417755
753,A000000,00700,00300,417755
753,A000000,00700,00500,417755
753,A000000,00700,00700,417755
753,A000000,00900,00100,9230334
753,A000000,00900,00200,13750
753,A000000,00900,00300,9244084
753,A000000,00900,00400,-315158
753,A000000,00900,00500,8928926
753,A000000,00900,00600,-2000
753,A000000,00900,00700,8926926
753,A000000,01000,00100,1068259
753,A000000,01000,00200,19466
753,A000000,01000,00300,1087725
753,A000000,01000,00400,-210782
753,A000000,01000,00500,876943
753,A000000,01000,00700,876943
753,A000000,01100,00100,515912
753,A000000,01100,00200,116047
753,A000000,01100,00300,631959
753,A000000,01100,00400,-122463
753,A000000,01100,00500,509496
753,A000000,01100,00700,509496
753,A000000,01300,00200,13658674
753,A000000,01300,00300,13658674
753,A000000,01300,00500,13658674
753,A000000,01300,00600,-2242
753,A000000,01300,00700,13656432
753,A000000,01500,00200,5611969
753,A000000,01500,00300,5611969
753,A000000,01500,00500,5611969
753,A000000,01500,00700,5611969
753,A000000,01600,00200,1797862
753,A000000,01600,00300,1797862
753,A000000,01600,00500,1797862
753,A000000,01600,00700,1797862
753,A000000,01700,00200,367994
753,A000000,01700,00300,367994
753,A000000,01700,00500,367994
753,A000000,01700,00700,367994
753,A000000,01800,00200,1007922
753,A000000,01800,00300,1007922
753,A000000,01800,00500,1007922
753,A000000,01800,00700,1007922
753,A000000,01900,00200,38659
753,A000000,01900,00300,38659
753,A000000,01900,00500,38659
753,A000000,01900,00700,38659
753,A000000,02500,00100,2762710
753,A000000,02500,00200,3915952
753,A000000,02500,00300,6678662
753,A000000,02500,00400,648403
753,A000000,02500,00500,7327065
753,A000000,02500,00700,7327065
753,A000000,02600,00100,14895066
753,A000000,02600,00200,44561638
753,A000000,02600,00300,59456704
753,A000000,02600,00500,59456704
753,A000000,02600,00600,-1514968
753,A000000,02600,00700,57941736
753,A100000,00100,00200,176949
753,A100000,00100,00300,176949
753,A100000,00300,00200,8397591
753,A100000,00300,00300,8397591
753,A100000,00400,00200,9121
753,A100000,00400,00300,9121
753,A100000,00500,00200,874816
753,A100000,00500,00300,874816
753,A100000,00600,00200,721136
753,A100000,00600,00300,721136
753,A100000,00700,00200,103241
753,A100000,00700,00300,103241
753,A100000,00800,00200,350462
753,A100000,00800,00300,350462
753,A100000,00900,00200,1064124
753,A100000,00900,00300,1064124
753,A100000,01000,00200,335723
753,A100000,01000,00300,335723
753,A100000,01200,00200,178544
753,A100000,01200,00300,178544
753,A100000,01400,00200,21159
753,A100000,01400,00300,21159
753,A100000,01500,00100,548126
753,A100000,01500,00300,548126
753,A100000,01700,00100,769725
753,A100000,01700,00200,406049
753,A100000,01700,00300,1175774
753,A100000,01800,00200,97488
753,A100000,01800,00300,97488
753,A100000,01900,00200,133763
753,A100000,01900,00300,133763
753,A100000,01901,00200,244567
753,A100000,01901,00300,244567
753,A100000,02000,00100,1317851
753,A100000,02000,00200,13114733
753,A100000,02000,00300,14432584
753,A20H000,00100,00200,257128
753,A20H000,00100,00300,257128
753,A20H000,00200,00200,27440
753,A20H000,00200,00300,27440
753,A20H000,00300,00200,62611
753,A20H000,00300,00300,62611
753,A20H000,00400,00200,97601
753,A20H000,00400,00300,97601
753,A20H000,00500,00200,46846
753,A20H000,00500,00300,46846
753,A20H000,00600,00200,119999
753,A20H000,00600,00300,119999
753,A20H000,00700,00200,574283
753,A20H000,00700,00300,574283
753,A20H000,00800,00200,249709
753,A20H000,00800,00300,249709
753,A20H000,00900,00200,-83767
753,A20H000,00900,00300,-83767
753,A20H000,01000,00200,1351850
753,A20H000,01000,00300,1351850
753,A20H000,01200,00200,58203
753,A20H000,01200,00300,58203
753,A20H000,01300,00200,187100
753,A20H000,01300,00300,187100
753,A20H000,01500,00200,61684
753,A20H000,01500,00300,61684
753,A20H000,01800,00200,124685
753,A20H000,01800,00300,124685
753,A20H000,02000,00200,5741
753,A20H000,02000,00300,5741
753,A20H000,02100,00200,8599
753,A20H000,02100,00300,8599
753,A20H000,02200,00200,446012
753,A20H000,02200,00300,446012
753,A20H000,02300,00200,1797862
753,A20H000,02300,00300,1797862
753,A20K000,00100,00200,1826682
753,A20K000,00100,00300,1826682
753,A20K000,00200,00200,128263
753,A20K000,00200,00300,128263
753,A20K000,00300,00200,424946
753,A20K000,00300,00300,424946
753,A20K000,00400,00200,519289
753,A20K000,00400,00300,519289
753,A20K000,00500,00200,116572
753,A20K000,00500,00300,116572
753,A20K000,00600,00200,565874
753,A20K000,00600,00300,565874
753,A20K000,00700,00200,223387
753,A20K000,00700,00300,223387
753,A20K000,00800,00200,691057
753,A20K000,00800,00300,691057
753,A20K000,00900,00200,-359085
753,A20K000,00900,00300,-359085
753,A20K000,01000,00200,4136985
753,A20K000,01000,00300,4136985
753,A20K000,01200,00200,319135
753,A20K000,01200,00300,319135
753,A20K000,01300,00200,367449
753,A20K000,01300,00300,367449
753,A20K000,01400,00200,2307999
753,A20K000,01400,00300,2307999
753,A20K000,01500,00200,1705918
753,A20K000,01500,00300,1705918
753,A20K000,01800,00200,3563508
753,A20K000,01800,00300,3563508
753,A20K000,02000,00200,38699
753,A20K000,02000,00300,38699
753,A20K000,02100,00200,1218981
753,A20K000,02100,00300,1218981
753,A20K000,02200,00200,9521689
753,A20K000,02200,00300,9521689
753,A20K000,02300,00200,13658674
753,A20K000,02300,00300,13658674
753,A20L000,00100,00200,869218
753,A20L000,00100,00300,869218
753,A20L000,00200,00200,77701
753,A20L000,00200,00300,77701
753,A20L000,00300,00200,221036
753,A20L000,00300,00300,221036
753,A20L000,00400,00200,277995
753,A20L000,00400,00300,277995
753,A20L000,00500,00200,59723
753,A20L000,00500,00300,59723
753,A20L000,00600,00200,283665
753,A20L000,00600,00300,283665
753,A20L000,00700,00200,164122
753,A20L000,00700,00300,164122
753,A20L000,00800,00200,831252
753,A20L000,00800,00300,831252
753,A20L000,00900,00200,-126369
753,A20L000,00900,00300,-126369
753,A20L000,01000,00200,2658343
753,A20L000,01000,00300,2658343
753,A20L000,01200,00200,205378
753,A20L000,01200,00300,205378
753,A20L000,01300,00200,903786
753,A20L000,01300,00300,903786
753,A20L000,01500,00200,277042
753,A20L000,01500,00300,277042
753,A20L000,01800,00200,937982
753,A20L000,01800,00300,937982
753,A20L000,02000,00200,22290
753,A20L000,02000,00300,22290
753,A20L000,02100,00200,607148
753,A20L000,02100,00300,607148
753,A20L000,02200,00200,2953626
753,A20L000,02200,00300,2953626
753,A20L000,02300,00200,5611969
753,A20L000,02300,00300,5611969
753,A20O000,00100,00200,14585
753,A20O000,00100,00300,14585
753,A20O000,00200,00200,1772
753,A20O000,00200,00300,1772
753,A20O000,00300,00200,2455
753,A20O000,00300,00300,2455
753,A20O000,00400,00200,6930
753,A20O000,00400,00300,6930
753,A20O000,00500,00200,263
753,A20O000,00500,00300,263
753,A20O000,00600,00200,3887
753,A20O000,00600,00300,3887
753,A20O000,00700,00200,1526
753,A20O000,00700,00300,1526
753,A20O000,00800,00200,4269
753,A20O000,00800,00300,4269
753,A20O000,00900,00200,6
753,A20O000,00900,00300,6
753,A20O000,01000,00200,35693
753,A20O000,01000,00300,35693
753,A20O000,01200,00200,985
753,A20O000,01200,00300,985
753,A20O000,01500,00200,507
753,A20O000,01500,00300,507
753,A20O000,01800,00200,1368
753,A20O000,01800,00300,1368
753,A20O000,02000,00200,106
753,A20O000,02000,00300,106
753,A20O000,02200,00200,2966
753,A20O000,02200,00300,2966
753,A20O000,02300,00200,38659
753,A20O000,02300,00300,38659
753,A20P000,00100,00200,71591
753,A20P000,00100,00300,71591
753,A20P000,00200,00200,8082
753,A20P000,00200,00300,8082
753,A20P000,00300,00200,19478
753,A20P000,00300,00300,19478
753,A20P000,00400,00200,30008
753,A20P000,00400,00300,30008
753,A20P000,00500,00200,9489
753,A20P000,00500,00300,9489
753,A20P000,00600,00200,24466
753,A20P000,00600,00300,24466
753,A20P000,00700,00200,9865
753,A20P000,00700,00300,9865
753,A20P000,00800,00200,123408
753,A20P000,00800,00300,123408
753,A20P000,00900,00200,-44744
753,A20P000,00900,00300,-44744
753,A20P000,01000,00200,251643
753,A20P000,01000,00300,251643
753,A20P000,01200,00200,3590
753,A20P000,01200,00300,3590
753,A20P000,01300,00200,82375
753,A20P000,01300,00300,82375
753,A20P000,01500,00200,6986
753,A20P000,01500,00300,6986
753,A20P000,01800,00200,17958
753,A20P000,01800,00300,17958
753,A20P000,02000,00200,3942
753,A20P000,02000,00300,3942
753,A20P000,02100,00200,1500
753,A20P000,02100,00300,1500
753,A20P000,02200,00200,116351
753,A20P000,02200,00300,116351
753,A20P000,02300,00200,367994
753,A20P000,02300,00300,367994
753,A20U000,00100,00200,141316
753,A20U000,00100,00300,141316
753,A20U000,00200,00200,21845
753,A20U000,00200,00300,21845
753,A20U000,00300,00200,57726
753,A20U000,00300,00300,57726
753,A20U000,00400,00200,61476
753,A20U000,00400,00300,61476
753,A20U000,00500,00200,36089
753,A20U000,00500,00300,36089
753,A20U000,00600,00200,76743
753,A20U000,00600,00300,76743
753,A20U000,00700,00200,278488
753,A20U000,00700,00300,278488
753,A20U000,00800,00200,156391
753,A20U000,00800,00300,156391
753,A20U000,00900,00200,-78012
753,A20U000,00900,00300,-78012
753,A20U000,01000,00200,752062
753,A20U000,01000,00300,752062
753,A20U000,01200,00200,63114
753,A20U000,01200,00300,63114
753,A20U000,01300,00200,71125
753,A20U000,01300,00300,71125
753,A20U000,01500,00200,27363
753,A20U000,01500,00300,27363
753,A20U000,01800,00200,79327
753,A20U000,01800,00300,79327
753,A20U000,02000,00200,7933
753,A20U000,02000,00300,7933
753,A20U000,02100,00200,6998
753,A20U000,02100,00300,6998
753,A20U000,02200,00200,255860
753,A20U000,02200,00300,255860
753,A20U000,02300,00200,1007922
753,A20U000,02300,00300,1007922
753,A400010,00100,00300,25
753,A400010,00100,00400,315158
753,A400010,00100,00600,9
753,A400010,00100,00700,315158
753,A400010,00200,00300,25
753,A400010,00200,00400,210782
753,A400010,00200,00600,10
753,A400010,00200,00700,210782
753,A400010,00300,00300,25
753,A400010,00300,00400,122463
753,A400010,00300,00600,11
753,A400010,00300,00700,122463
753,A400010,00400,00300,1
753,A400010,00400,00400,294751
753,A400010,00400,00600,4
753,A400010,00400,00700,294751
753,A500010,00400,00200,-1383892
753,A500010,00800,00200,-2000
753,A500010,00800,00400,9
753,A500010,01500,00200,-97488
753,A500010,01500,00400,4
753,A500010,01501,00200,-11328
753,A500010,01501,00400,4
753,A500010,01600,00200,-5700
753,A500010,01600,00400,4
753,A500010,01601,00200,-2242
753,A500010,01601,00400,13
753,A500010,01602,00200,-12318
753,A500010,01602,00400,4
753,A500010,01700,00200,-1514968
753,A51000B,00100,00100,1
753,A51000B,00100,00400,236088
753,A51000B,00100,00500,43781
753,A51000B,00100,00600,-192307
753,A51000B,00200,00100,4
753,A51000B,00200,00400,8397591
753,A51000B,00200,00500,7206006
753,A51000B,00200,00600,-1191585
753,A51000B,00500,00400,8633679
753,A51000B,00500,00500,7249787
753,A51000B,00500,00600,-1383892
753,A51000C,00200,00300,100
753,A51000C,00200,00500,100
753,A60000A,00100,00100,70927
753,A60000A,00100,00600,70927
753,A60000A,00200,00100,5553115
753,A60000A,00200,00600,5553115
753,A60000A,00300,00100,339548
753,A60000A,00300,00600,339548
753,A60000A,00500,00100,2152988
753,A60000A,00500,00200,61657
753,A60000A,00500,00400,61657
753,A60000A,00500,00500,33000
753,A60000A,00500,00600,2181645
753,A60000A,00800,00100,8116578
753,A60000A,00800,00200,61657
753,A60000A,00800,00400,61657
753,A60000A,00800,00500,33000
753,A60000A,00800,00600,8145235
753,A60000B,00200,00100,1457346
753,A60000B,00200,00200,346858
753,A60000B,00200,00400,1804204
753,A60000B,00300,00100,270411
753,A60000B,00300,00200,11365
753,A60000B,00300,00400,281776
753,A60000B,00600,00100,1655213
753,A60000B,00600,00200,140204
753,A60000B,00600,00400,1795417
753,A60000B,00900,00100,3382970
753,A60000B,00900,00200,498427
753,A60000B,00900,00400,3881397
753,A60000C,00100,00100,498427
753,A60000C,00400,00100,498427
753,B000000,00100,00100,17820468
753,B000000,00100,00200,-1017925
753,B000000,00100,00300,-445403
753,B000000,00100,00400,-3119971
753,B000000,00100,00500,-417755
753,B000000,00100,00900,12819414
753,B000000,00100,01000,-12819414
753,B000000,00200,00100,10313365
753,B000000,00200,00200,536164
753,B000000,00200,00300,234604
753,B000000,00200,00400,2485114
753,B000000,00200,00500,417755
753,B000000,00200,00800,-13987002
753,B000000,00300,00100,13656432
753,B000000,00300,00800,7806095
753,B000000,00300,00900,21462527
753,B000000,00300,01000,5679928
753,B000000,00300,01100,27142455
753,B000000,00500,00100,5611969
753,B000000,00500,00800,3570230
753,B000000,00500,00900,9182199
753,B000000,00500,01000,2616154
753,B000000,00500,01100,11798353
753,B000000,00600,00100,1797862
753,B000000,00600,00800,1244826
753,B000000,00600,00900,3042688
753,B000000,00600,01000,925976
753,B000000,00600,01100,3968664
753,B000000,00700,00100,367994
753,B000000,00700,00800,484099
753,B000000,00700,00900,852093
753,B000000,00700,01000,264697
753,B000000,00700,01100,1116790
753,B000000,00800,00100,1007922
753,B000000,00800,00800,838529
753,B000000,00800,00900,1846451
753,B000000,00800,01000,560765
753,B000000,00800,01100,2407216
753,B000000,00900,00100,38659
753,B000000,00900,00800,43223
753,B000000,00900,00900,81882
753,B000000,00900,01000,25550
753,B000000,00900,01100,107432
753,B000000,01400,00100,7327065
753,B000000,01400,00200,481761
753,B000000,01400,00300,210799
753,B000000,01400,00400,634857
753,B000000,01400,00900,8654482
753,B000000,01400,01000,2746344
753,B000000,01400,01100,11400826
753,B000000,01600,00100,57941736
753,B000000,01600,00900,57941736
753,B000000,01600,01100,57941736
753,B100000,00200,00200,19987
753,B100000,00200,00300,19987
753,B100000,00200,00400,10814505
753,B100000,00200,00500,417755
753,B100000,00300,00800,903
753,B100000,00300,01000,17899019
753,B100000,00300,10A00,-3563508
753,B100000,00500,00800,413
753,B100000,00500,01000,8244217
753,B100000,00500,10A00,-937982
753,B100000,00600,00800,144
753,B100000,00600,01000,2918003
753,B100000,00600,10A00,-124685
753,B100000,00700,00800,56
753,B100000,00700,01000,834134
753,B100000,00700,10A00,-17959
753,B100000,00800,00800,97
753,B100000,00800,01000,1767124
753,B100000,00800,10A00,-79327
753,B100000,00900,00800,5
753,B100000,00900,01000,80514
753,B100000,00900,10A00,-1368
753,B100000,01400,00200,17959
753,B100000,01400,00300,17959
753,B100000,01400,00400,2762710
753,B100000,01400,01000,8654482
753,B100000,01600,00200,37946
753,B100000,01600,00300,37946
753,B100000,01600,00400,13577215
753,B100000,01600,00500,417755
753,B100000,01600,00800,1618
753,B100000,01600,01000,40397493
753,B100000,01600,10A00,-4724829
753,B100000,01700,00200,1017925
753,B100000,01700,00300,445403
753,B100000,01700,00400,3119971
753,B100000,01700,00500,417755
753,B100000,01700,00800,13987002
753,B100000,01700,01000,12819414
753,B100000,01800,00200,26.825621
753,B100000,01800,00300,11.737812
753,B100000,01800,00400,.229795
753,B100000,01800,00500,1
753,B100000,01800,00800,8644.624227
753,B100000,01800,01000,.317332
753,C000001,00100,00100,667
753,C000001,00200,00100,667
753,C000001,00300,00100,1
753,C000001,00400,00100,27142455
753,C000001,00500,00100,27142455
753,D000000,00100,00100,27142455
753,D000000,00300,00100,27142455
753,D000000,00400,00100,26762050
753,D000000,00500,00100,380405
753,D000000,00600,00100,7608
753,D000000,00800,00100,372797
753,E000000,00100,00100,69315533
753,E000000,00400,00100,16976605
753,E000000,00500,00100,-860501
753,E000000,00700,00100,1747133
753,E000000,00800,00100,186515
753,E000000,01100,00100,87365285
753,E000000,01200,00100,70927
753,E000000,01500,00100,339548
753,E000000,01600,00100,281776
753,E000000,01700,00100,5553115
753,E000000,01800,00100,1804204
753,E000000,02300,00100,2181644
753,E000000,02400,00100,1795417
753,E000000,02600,00100,149954
753,E000000,02700,00100,4413791
753,E000000,03300,00100,91779076
753,E000000,03400,00100,3872498
753,E000000,03500,00100,1515382
753,E000000,03900,00100,2265298
753,E000000,04100,00100,1846046
753,E000000,04200,00100,9499224
753,E000000,04600,00100,158470
753,E000000,04900,00100,158470
753,E000000,05000,00100,9657694
753,E000000,05100,00100,82121382
753,E000000,05800,00100,82121382
753,E000000,05900,00100,91779076
753,E100001,00800,00100,1000
753,E100001,00800,00300,1000
753,E100001,00900,00100,17938824
753,E100001,00900,00300,17938824
753,E100001,01000,00100,26762050
753,E100001,01000,00300,26762050
753,E100001,01100,00100,23635000
753,E100001,01100,00300,23635000
753,E100001,01200,00100,68336874
753,E100001,01200,00300,68336874
753,E100002,00100,00200,59456704
753,E100002,00300,00100,111400
753,E100002,00400,00100,805351
753,E100002,00500,00100,57000
753,E100002,00501,00100,359863
753,E100002,00600,00200,1333614
753,E100002,00800,00100,3109
753,E100002,00900,00100,360075
753,E100002,01100,00200,363184
753,E100002,01200,00200,60427134
753,E200000,00100,00200,68336874
753,E200000,00300,00200,68336874
753,E200000,00400,00200,60427134
753,E200000,00500,00200,7909740
753,E200000,02500,00200,7909740
753,E200000,02900,00200,7909740
753,S000003,00100,00100,372797
753,S100001,00100,00100,903
753,S100001,00100,00300,903
753,S100001,00200,00100,236
753,S100001,00200,00300,236
753,S100001,00300,00100,667
753,S100001,00300,00300,667
753,S100001,00400,00100,473
753,S100001,00400,00300,473
753,S100001,00801,00100,413
753,S100001,00801,00200,49
753,S100001,00801,00300,13909500
753,S100001,00802,00100,56
753,S100001,00802,00200,33
753,S100001,00802,00300,997000
753,S100001,00804,00100,144
753,S100001,00804,00200,10
753,S100001,00804,00300,5130500
753,S100001,00809,00100,97
753,S100001,00809,00200,14
753,S100001,00809,00300,3478000
753,S100001,00810,00100,5
753,S100001,00810,00200,1
753,S100001,00810,00300,120000
753,S100001,00900,00100,715
753,S100001,00900,00200,107
753,S100001,00900,00300,23635000
753,S100003,00100,00400,1
753,S100003,00101,00400,67
753,S100003,00102,00200,3
753,S100003,00102,00400,11
753,S100003,00103,00200,2
753,S100003,00103,00400,89
753,S100003,00200,00100,173
754,A000000,01400,00100,3282623
754,A000000,01400,00200,10415258
754,A000000,01400,00300,13697881
754,A000000,01400,00500,13697881
754,A000000,01400,00600,-92292
754,A000000,01400,00700,13605589
754,A000000,02600,00100,3282623
754,A000000,02600,00200,10415258
754,A000000,02600,00300,13697881
754,A000000,02600,00500,13697881
754,A000000,02600,00600,-92292
754,A000000,02600,00700,13605589
754,A300000,00200,00100,2032219
754,A300000,00200,00300,2032219
754,A300000,00400,00200,455982
754,A300000,00400,00300,455982
754,A300000,00600,00200,7231047
754,A300000,00600,00300,7231047
754,A300000,00700,00200,307
754,A300000,00700,00300,307
754,A300000,00800,00200,549340
754,A300000,00800,00300,549340
754,A300000,00900,00100,894338
754,A300000,00900,00200,48082
754,A300000,00900,00300,942420
754,A300000,01000,00100,356066
754,A300000,01000,00200,2130500
754,A300000,01000,00300,2486566
754,A300000,01100,00100,3282623
754,A300000,01100,00200,10415258
754,A300000,01100,00300,13697881
754,A500010,00400,00200,-1008359
754,A500010,01500,00200,916067
754,A500010,01500,00400,14
754,A500010,01700,00200,-92292
754,A51000B,00100,00100,14
754,A51000B,00100,00400,18225
754,A51000B,00100,00600,-18225
754,A51000B,00200,00100,14
754,A51000B,00200,00400,5351
754,A51000B,00200,00600,-5351
754,A51000B,00300,00100,14
754,A51000B,00300,00400,59530
754,A51000B,00300,00600,-59530
754,A51000B,00400,00100,14
754,A51000B,00400,00400,925253
754,A51000B,00400,00600,-925253
754,A51000B,00500,00400,1008359
754,A51000B,00500,00600,-1008359
754,A51000C,00100,00300,100
754,A51000C,00100,00500,100
754,A60000A,00300,00100,420774
754,A60000A,00300,00600,420774
754,A60000A,00400,00100,34984
754,A60000A,00400,00600,34984
754,A60000A,00500,00100,1900166
754,A60000A,00500,00600,1900166
754,A60000A,00700,00100,85472
754,A60000A,00700,00500,474
754,A60000A,00700,00600,84998
754,A60000A,00800,00100,2441396
754,A60000A,00800,00500,474
754,A60000A,00800,00600,2440922
754,A60000B,00300,00100,307357
754,A60000B,00300,00200,10840
754,A60000B,00300,00400,318197
754,A60000B,00500,00100,29886
754,A60000B,00500,00200,1813
754,A60000B,00500,00400,31699
754,A60000B,00600,00100,1531568
754,A60000B,00600,00200,98466
754,A60000B,00600,00400,1630034
754,A60000B,00800,00100,79989
754,A60000B,00800,00200,3798
754,A60000B,00800,00300,474
754,A60000B,00800,00400,83313
754,A60000B,00900,00100,1948800
754,A60000B,00900,00200,114917
754,A60000B,00900,00300,474
754,A60000B,00900,00400,2063243
754,A60000C,00100,00100,114916
754,A60000C,00400,00100,114916
754,B000000,00400,00100,13605589
754,B000000,00400,00900,13605589
754,B000000,00400,01100,13605589
754,B000000,01600,00100,13605589
754,B000000,01600,00900,13605589
754,B000000,01600,01100,13605589
754,B100000,00400,00200,1
754,B100000,00400,01000,13605589
754,B100000,01600,00200,1
754,B100000,01600,01000,13605589
754,C000002,00100,00100,13729925
754,C000002,00200,00100,7877620
754,C000002,00300,00100,.573756
754,C000002,00400,00100,13605589
754,C000002,00500,00100,7806288
754,D000000,00100,00200,7806288
754,D000000,00300,00200,7806288
754,D000000,00400,00200,7877620
754,D000000,00500,00200,-71332
754,D000000,00800,00200,-71332
754,E000000,00100,00100,1920960
754,E000000,00400,00100,1760536
754,E000000,00600,00100,-20940
754,E000000,00800,00100,-65414
754,E000000,01100,00100,3595142
754,E000000,01700,00100,420774
754,E000000,01800,00100,-318197
754,E000000,01900,00100,34984
754,E000000,02000,00100,-31699
754,E000000,02300,00100,1985164
754,E000000,02400,00100,-1713347
754,E000000,02700,00100,377679
754,E000000,03300,00100,3972821
754,E000000,03400,00100,210085
754,E000000,03500,00100,336919
754,E000000,04100,00100,23
754,E000000,04200,00100,547027
754,E000000,05000,00100,547027
754,E000000,05100,00100,3425794
754,E000000,05800,00100,3425794
754,E000000,05900,00100,3972821
754,E100001,00400,00200,13729925
754,E100001,00400,00300,13729925
754,E100001,01200,00200,13729925
754,E100001,01200,00300,13729925
754,E100002,00100,00200,13697881
754,E100002,00300,00100,687939
754,E100002,00400,00100,10
754,E100002,00600,00200,687949
754,E100002,01200,00200,14385830
754,E200000,00100,00200,13729925
754,E200000,00300,00200,13729925
754,E200000,00400,00200,14385830
754,E200000,00500,00200,-655905
754,E200000,02500,00200,-655905
754,E200000,02900,00200,-655905
754,S000003,00100,00200,-71332
754,S100002,00100,00100,110037
754,S100002,00200,00100,110037
754,S100002,00300,00100,51140
754,S100002,00401,00200,4620
754,S100002,00402,00200,87
754,S100002,00403,00200,585
754,S100002,00405,00200,2476
754,S100002,00406,00200,704
754,S100002,00407,00200,12405
754,S100002,00408,00200,11
754,S100002,00409,00200,448
754,S100002,00411,00200,1
754,S100002,00412,00200,36
754,S100002,00413,00200,1
754,S100002,00417,00200,565
754,S100002,00418,00200,3768
754,S100002,00419,00200,45
754,S100002,00420,00200,45
754,S100002,00421,00200,1040
754,S100002,00422,00200,1041
754,S100002,00423,00200,525
754,S100002,00424,00200,8972
754,S100002,00425,00200,7033
754,S100002,00426,00200,6
754,S100002,00427,00200,10
754,S100002,00428,00200,1350
754,S100002,00429,00200,1118
754,S100002,00430,00200,1119
754,S100002,00431,00200,3129
754,S100002,00500,00200,51140
754,S100003,00100,00600,1
754,S100003,00102,00600,17
754,S100003,00103,00600,7
754,S100003,00200,00100,25
755,A000000,00100,00200,130961
755,A000000,00100,00300,130961
755,A000000,00100,00400,271765
755,A000000,00100,00500,402726
755,A000000,00100,00700,402726
755,A000000,00200,00200,78692
755,A000000,00200,00300,78692
755,A000000,00200,00400,41105
755,A000000,00200,00500,119797
755,A000000,00200,00700,119797
755,A000000,00300,00200,2848099
755,A000000,00300,00300,2848099
755,A000000,00300,00500,2848099
755,A000000,00300,00700,2848099
755,A000000,00400,00100,2753793
755,A000000,00400,00200,4821975
755,A000000,00400,00300,7575768
755,A000000,00400,00400,-314823
755,A000000,00400,00500,7260945
755,A000000,00400,00600,-465209
755,A000000,00400,00700,6795736
755,A000000,00900,00100,6368713
755,A000000,00900,00200,53628
755,A000000,00900,00300,6422341
755,A000000,00900,00400,-196262
755,A000000,00900,00500,6226079
755,A000000,00900,00600,-642
755,A000000,00900,00700,6225437
755,A000000,01000,00100,1236477
755,A000000,01000,00200,1065071
755,A000000,01000,00300,2301548
755,A000000,01000,00400,-188447
755,A000000,01000,00500,2113101
755,A000000,01000,00600,-15749
755,A000000,01000,00700,2097352
755,A000000,01100,00100,368482
755,A000000,01100,00200,718873
755,A000000,01100,00300,1087355
755,A000000,01100,00400,-92990
755,A000000,01100,00500,994365
755,A000000,01100,00600,-56125
755,A000000,01100,00700,938240
755,A000000,01200,00100,450309
755,A000000,01200,00200,843552
755,A000000,01200,00300,1293861
755,A000000,01200,00400,-626475
755,A000000,01200,00500,667386
755,A000000,01200,00700,667386
755,A000000,01300,00200,12914656
755,A000000,01300,00300,12914656
755,A000000,01300,00400,328168
755,A000000,01300,00500,13242824
755,A000000,01300,00700,13242824
755,A000000,01500,00200,6288065
755,A000000,01500,00300,6288065
755,A000000,01500,00400,124764
755,A000000,01500,00500,6412829
755,A000000,01500,00700,6412829
755,A000000,01600,00200,3399420
755,A000000,01600,00300,3399420
755,A000000,01600,00400,54755
755,A000000,01600,00500,3454175
755,A000000,01600,00700,3454175
755,A000000,01700,00200,558957
755,A000000,01700,00300,558957
755,A000000,01700,00400,16036
755,A000000,01700,00500,574993
755,A000000,01700,00700,574993
755,A000000,01800,00200,131719
755,A000000,01800,00300,131719
755,A000000,01800,00500,131719
755,A000000,01800,00700,131719
755,A000000,01900,00200,1900467
755,A000000,01900,00300,1900467
755,A000000,01900,00400,43675
755,A000000,01900,00500,1944142
755,A000000,01900,00700,1944142
755,A000000,01901,00200,45663
755,A000000,01901,00300,45663
755,A000000,01901,00500,45663
755,A000000,01901,00700,45663
755,A000000,01902,00200,2977
755,A000000,01902,00300,2977
755,A000000,01902,00500,2977
755,A000000,01902,00700,2977
755,A000000,02500,00100,1974385
755,A000000,02500,00200,1999158
755,A000000,02500,00300,3973543
755,A000000,02500,00400,538729
755,A000000,02500,00500,4512272
755,A000000,02500,00700,4512272
755,A000000,02600,00100,13152159
755,A000000,02600,00200,37801933
755,A000000,02600,00300,50954092
755,A000000,02600,00500,50954092
755,A000000,02600,00600,-537725
755,A000000,02600,00700,50416367
755,A100000,00100,00100,465636
755,A100000,00100,00300,465636
755,A100000,00200,00100,316575
755,A100000,00200,00300,316575
755,A100000,00300,00200,1867596
755,A100000,00300,00300,1867596
755,A100000,00400,00100,138312
755,A100000,00400,00200,434022
755,A100000,00400,00300,572334
755,A100000,00500,00200,312910
755,A100000,00500,00300,312910
755,A100000,00600,00200,323476
755,A100000,00600,00300,323476
755,A100000,00700,00200,162407
755,A100000,00700,00300,162407
755,A100000,00800,00200,75022
755,A100000,00800,00300,75022
755,A100000,00900,00200,990221
755,A100000,00900,00300,990221
755,A100000,01000,00200,13259
755,A100000,01000,00300,13259
755,A100000,01100,00200,303001
755,A100000,01100,00300,303001
755,A100000,01300,00200,2817
755,A100000,01300,00300,2817
755,A100000,01500,00100,1833270
755,A100000,01500,00300,1833270
755,A100000,01700,00200,5362
755,A100000,01700,00300,5362
755,A100000,01800,00200,316149
755,A100000,01800,00300,316149
755,A100000,01900,00200,15733
755,A100000,01900,00300,15733
755,A100000,02000,00100,2753793
755,A100000,02000,00200,4821975
755,A100000,02000,00300,7575768
755,A20H000,00100,00200,163593
755,A20H000,00100,00300,163593
755,A20H000,00200,00200,18196
755,A20H000,00200,00300,18196
755,A20H000,00300,00200,60326
755,A20H000,00300,00300,60326
755,A20H000,00400,00200,59356
755,A20H000,00400,00300,59356
755,A20H000,00500,00200,43880
755,A20H000,00500,00300,43880
755,A20H000,00600,00200,207228
755,A20H000,00600,00300,207228
755,A20H000,00800,00200,706754
755,A20H000,00800,00300,706754
755,A20H000,00900,00200,-275
755,A20H000,00900,00300,-275
755,A20H000,01000,00200,1259058
755,A20H000,01000,00300,1259058
755,A20H000,01200,00200,20041
755,A20H000,01200,00300,20041
755,A20H000,01300,00200,219100
755,A20H000,01300,00300,219100
755,A20H000,01500,00200,-6828
755,A20H000,01500,00300,-6828
755,A20H000,01700,00200,933200
755,A20H000,01700,00300,933200
755,A20H000,01800,00200,900138
755,A20H000,01800,00300,900138
755,A20H000,02000,00200,732
755,A20H000,02000,00300,732
755,A20H000,02100,00200,73979
755,A20H000,02100,00300,73979
755,A20H000,02200,00200,2140362
755,A20H000,02200,00300,2140362
755,A20H000,02300,00200,3399420
755,A20H000,02300,00300,3399420
755,A20K000,00100,00200,789335
755,A20K000,00100,00300,789335
755,A20K000,00200,00200,84159
755,A20K000,00200,00300,84159
755,A20K000,00300,00200,257237
755,A20K000,00300,00300,257237
755,A20K000,00400,00200,197118
755,A20K000,00400,00300,197118
755,A20K000,00500,00200,30193
755,A20K000,00500,00300,30193
755,A20K000,00600,00200,330060
755,A20K000,00600,00300,330060
755,A20K000,00800,00200,1214788
755,A20K000,00800,00300,1214788
755,A20K000,00900,00200,-1210
755,A20K000,00900,00300,-1210
755,A20K000,01000,00200,2901680
755,A20K000,01000,00300,2901680
755,A20K000,01200,00200,7621
755,A20K000,01200,00300,7621
755,A20K000,01300,00200,242696
755,A20K000,01300,00300,242696
755,A20K000,01400,00200,786224
755,A20K000,01400,00300,786224
755,A20K000,01500,00200,392171
755,A20K000,01500,00300,392171
755,A20K000,01700,00200,6439209
755,A20K000,01700,00300,6439209
755,A20K000,01800,00200,1677492
755,A20K000,01800,00300,1677492
755,A20K000,02000,00200,2239
755,A20K000,02000,00300,2239
755,A20K000,02100,00200,465324
755,A20K000,02100,00300,465324
755,A20K000,02200,00200,10012976
755,A20K000,02200,00300,10012976
755,A20K000,02300,00200,12914656
755,A20K000,02300,00300,12914656
755,A20L000,00100,00200,614165
755,A20L000,00100,00300,614165
755,A20L000,00200,00200,61456
755,A20L000,00200,00300,61456
755,A20L000,00300,00200,187676
755,A20L000,00300,00300,187676
755,A20L000,00400,00200,132204
755,A20L000,00400,00300,132204
755,A20L000,00500,00200,23997
755,A20L000,00500,00300,23997
755,A20L000,00600,00200,647278
755,A20L000,00600,00300,647278
755,A20L000,00800,00200,1291005
755,A20L000,00800,00300,1291005
755,A20L000,00900,00200,3536
755,A20L000,00900,00300,3536
755,A20L000,01000,00200,2961317
755,A20L000,01000,00300,2961317
755,A20L000,01200,00200,6880
755,A20L000,01200,00300,6880
755,A20L000,01300,00200,472644
755,A20L000,01300,00300,472644
755,A20L000,01500,00200,6541
755,A20L000,01500,00300,6541
755,A20L000,01700,00200,1094753
755,A20L000,01700,00300,1094753
755,A20L000,01800,00200,1613321
755,A20L000,01800,00300,1613321
755,A20L000,02000,00200,1426
755,A20L000,02000,00300,1426
755,A20L000,02100,00200,131183
755,A20L000,02100,00300,131183
755,A20L000,02200,00200,3326748
755,A20L000,02200,00300,3326748
755,A20L000,02300,00200,6288065
755,A20L000,02300,00300,6288065
755,A20O000,00100,00200,95548
755,A20O000,00100,00300,95548
755,A20O000,00200,00200,12370
755,A20O000,00200,00300,12370
755,A20O000,00300,00200,34870
755,A20O000,00300,00300,34870
755,A20O000,00400,00200,21817
755,A20O000,00400,00300,21817
755,A20O000,00500,00200,5817
755,A20O000,00500,00300,5817
755,A20O000,00600,00200,32435
755,A20O000,00600,00300,32435
755,A20O000,00800,00200,223772
755,A20O000,00800,00300,223772
755,A20O000,00900,00200,-110
755,A20O000,00900,00300,-110
755,A20O000,01000,00200,426519
755,A20O000,01000,00300,426519
755,A20O000,01200,00200,2079
755,A20O000,01200,00300,2079
755,A20O000,01300,00200,144030
755,A20O000,01300,00300,144030
755,A20O000,01500,00200,-4666
755,A20O000,01500,00300,-4666
755,A20O000,01700,00200,666731
755,A20O000,01700,00300,666731
755,A20O000,01800,00200,588746
755,A20O000,01800,00300,588746
755,A20O000,02000,00200,507
755,A20O000,02000,00300,507
755,A20O000,02100,00200,76521
755,A20O000,02100,00300,76521
755,A20O000,02200,00200,1473948
755,A20O000,02200,00300,1473948
755,A20O000,02300,00200,1900467
755,A20O000,02300,00300,1900467
755,A20O001,00100,00200,2656
755,A20O001,00100,00300,2656
755,A20O001,00200,00200,253
755,A20O001,00200,00300,253
755,A20O001,00300,00200,855
755,A20O001,00300,00300,855
755,A20O001,00400,00200,1920
755,A20O001,00400,00300,1920
755,A20O001,00500,00200,25
755,A20O001,00500,00300,25
755,A20O001,00600,00200,854
755,A20O001,00600,00300,854
755,A20O001,00800,00200,22012
755,A20O001,00800,00300,22012
755,A20O001,01000,00200,28575
755,A20O001,01000,00300,28575
755,A20O001,01200,00200,-56
755,A20O001,01200,00300,-56
755,A20O001,01300,00200,7500
755,A20O001,01300,00300,7500
755,A20O001,01500,00200,-6235
755,A20O001,01500,00300,-6235
755,A20O001,01800,00200,15728
755,A20O001,01800,00300,15728
755,A20O001,02000,00200,151
755,A20O001,02000,00300,151
755,A20O001,02200,00200,17088
755,A20O001,02200,00300,17088
755,A20O001,02300,00200,45663
755,A20O001,02300,00300,45663
755,A20O002,00400,00200,36
755,A20O002,00400,00300,36
755,A20O002,00600,00200,88
755,A20O002,00600,00300,88
755,A20O002,00800,00200,1914
755,A20O002,00800,00300,1914
755,A20O002,01000,00200,2038
755,A20O002,01000,00300,2038
755,A20O002,01800,00200,939
755,A20O002,01800,00300,939
755,A20O002,02200,00200,939
755,A20O002,02200,00300,939
755,A20O002,02300,00200,2977
755,A20O002,02300,00300,2977
755,A20P000,00100,00200,44494
755,A20P000,00100,00300,44494
755,A20P000,00200,00200,4868
755,A20P000,00200,00300,4868
755,A20P000,00300,00200,15454
755,A20P000,00300,00300,15454
755,A20P000,00400,00200,16055
755,A20P000,00400,00300,16055
755,A20P000,00500,00200,21632
755,A20P000,00500,00300,21632
755,A20P000,00600,00200,27729
755,A20P000,00600,00300,27729
755,A20P000,00800,00200,219466
755,A20P000,00800,00300,219466
755,A20P000,01000,00200,349698
755,A20P000,01000,00300,349698
755,A20P000,01200,00200,283
755,A20P000,01200,00300,283
755,A20P000,01300,00200,52719
755,A20P000,01300,00300,52719
755,A20P000,01500,00200,-3314
755,A20P000,01500,00300,-3314
755,A20P000,01700,00200,46400
755,A20P000,01700,00300,46400
755,A20P000,01800,00200,71751
755,A20P000,01800,00300,71751
755,A20P000,02000,00200,416
755,A20P000,02000,00300,416
755,A20P000,02100,00200,41004
755,A20P000,02100,00300,41004
755,A20P000,02200,00200,209259
755,A20P000,02200,00300,209259
755,A20P000,02300,00200,558957
755,A20P000,02300,00300,558957
755,A20U000,00100,00200,28664
755,A20U000,00100,00300,28664
755,A20U000,00200,00200,3148
755,A20U000,00200,00300,3148
755,A20U000,00300,00200,7771
755,A20U000,00300,00300,7771
755,A20U000,00400,00200,4253
755,A20U000,00400,00300,4253
755,A20U000,00500,00200,1424
755,A20U000,00500,00300,1424
755,A20U000,00600,00200,8179
755,A20U000,00600,00300,8179
755,A20U000,00800,00200,33653
755,A20U000,00800,00300,33653
755,A20U000,01000,00200,87092
755,A20U000,01000,00300,87092
755,A20U000,01200,00200,294
755,A20U000,01200,00300,294
755,A20U000,01300,00200,9570
755,A20U000,01300,00300,9570
755,A20U000,01400,00200,5871
755,A20U000,01400,00300,5871
755,A20U000,01500,00200,-435
755,A20U000,01500,00300,-435
755,A20U000,01800,00200,29379
755,A20U000,01800,00300,29379
755,A20U000,02000,00200,-52
755,A20U000,02000,00300,-52
755,A20U000,02200,00200,44627
755,A20U000,02200,00300,44627
755,A20U000,02300,00200,131719
755,A20U000,02300,00300,131719
755,A400010,00100,00300,1
755,A400010,00100,00400,271765
755,A400010,00100,00600,4
755,A400010,00100,00700,271765
755,A400010,00200,00300,2
755,A400010,00200,00400,43058
755,A400010,00200,00600,4
755,A400010,00200,00700,43058
755,A400010,00300,00300,25
755,A400010,00300,00400,188447
755,A400010,00300,00600,10
755,A400010,00300,00700,188447
755,A400010,00400,00300,25
755,A400010,00400,00400,92990
755,A400010,00400,00600,11
755,A400010,00400,00700,92990
755,A400010,00500,00300,25
755,A400010,00500,00400,59077
755,A400010,00500,00600,12
755,A400010,00500,00700,59077
755,A400010,00600,00300,25
755,A400010,00600,00400,196262
755,A400010,00600,00600,9
755,A400010,00600,00700,196262
755,A400010,00700,00300,25
755,A400010,00700,00400,1953
755,A400010,00700,00600,2
755,A400010,00700,00700,1953
755,A400010,00800,00300,13
755,A400010,00800,00400,328168
755,A400010,00800,00600,12
755,A400010,00800,00700,328168
755,A400010,00900,00300,15
755,A400010,00900,00400,124764
755,A400010,00900,00600,12
755,A400010,00900,00700,124764
755,A400010,01000,00300,17
755,A400010,01000,00400,16036
755,A400010,01000,00600,12
755,A400010,01000,00700,16036
755,A400010,01100,00300,19
755,A400010,01100,00400,43675
755,A400010,01100,00600,12
755,A400010,01100,00700,43675
755,A400010,01200,00300,16
755,A400010,01200,00400,54755
755,A400010,01200,00600,12
755,A400010,01200,00700,54755
755,A500010,00400,00200,-446848
755,A500010,01200,00200,-2817
755,A500010,01200,00400,4
755,A500010,01500,00200,-10679
755,A500010,01500,00400,4
755,A500010,01600,00200,-15749
755,A500010,01600,00400,10
755,A500010,01601,00200,-56125
755,A500010,01601,00400,11
755,A500010,01602,00200,-642
755,A500010,01602,00400,9
755,A500010,01603,00200,-4865
755,A500010,01603,00400,4
755,A500010,01700,00200,-537725
755,A51000B,00100,00100,4
755,A51000B,00100,00400,2018544
755,A51000B,00100,00500,1571696
755,A51000B,00100,00600,-446848
755,A51000B,00500,00400,2018544
755,A51000B,00500,00500,1571696
755,A51000B,00500,00600,-446848
755,A51000C,00100,00300,100
755,A51000C,00100,00500,100
755,A60000A,00300,00100,1845347
755,A60000A,00300,00500,258516
755,A60000A,00300,00600,1586831
755,A60000A,00500,00100,1859650
755,A60000A,00500,00200,117588
755,A60000A,00500,00400,117588
755,A60000A,00500,00500,1257480
755,A60000A,00500,00600,719758
755,A60000A,00800,00100,3704997
755,A60000A,00800,00200,117588
755,A60000A,00800,00400,117588
755,A60000A,00800,00500,1515996
755,A60000A,00800,00600,2306589
755,A60000B,00300,00100,1229560
755,A60000B,00300,00200,130961
755,A60000B,00300,00300,246919
755,A60000B,00300,00400,1113602
755,A60000B,00600,00100,1674465
755,A60000B,00600,00200,78692
755,A60000B,00600,00300,1235041
755,A60000B,00600,00400,518116
755,A60000B,00900,00100,2904025
755,A60000B,00900,00200,209653
755,A60000B,00900,00300,1481960
755,A60000B,00900,00400,1631718
755,A60000C,00100,00100,209653
755,A60000C,00400,00100,209653
755,B000000,00100,00100,10166358
755,B000000,00100,00200,-402726
755,B000000,00100,00300,-119797
755,B000000,00100,00400,-2848099
755,B000000,00100,00900,6795736
755,B000000,00100,01000,-6795736
755,B000000,00200,00100,9928415
755,B000000,00200,00200,334474
755,B000000,00200,00300,99494
755,B000000,00200,00400,2420548
755,B000000,00200,00800,-12782931
755,B000000,00300,00100,13242824
755,B000000,00300,00800,7040562
755,B000000,00300,00900,20283386
755,B000000,00300,01000,3159979
755,B000000,00300,01100,23443365
755,B000000,00500,00100,6412829
755,B000000,00500,00800,3022798
755,B000000,00500,00900,9435627
755,B000000,00500,01000,1469995
755,B000000,00500,01100,10905622
755,B000000,00600,00100,3454175
755,B000000,00600,00800,1326620
755,B000000,00600,00900,4780795
755,B000000,00600,01000,744810
755,B000000,00600,01100,5525605
755,B000000,00700,00100,574993
755,B000000,00700,00800,388510
755,B000000,00700,00900,963503
755,B000000,00700,01000,150106
755,B000000,00700,01100,1113609
755,B000000,00800,00100,131719
755,B000000,00800,00800,180041
755,B000000,00800,00900,311760
755,B000000,00800,01000,48570
755,B000000,00800,01100,360330
755,B000000,00900,00100,1944142
755,B000000,00900,00800,795972
755,B000000,00900,00900,2740114
755,B000000,00900,01000,426888
755,B000000,00900,01100,3167002
755,B000000,00901,00100,45663
755,B000000,00901,00800,18952
755,B000000,00901,00900,64615
755,B000000,00901,01000,10067
755,B000000,00901,01100,74682
755,B000000,00902,00100,2977
755,B000000,00902,00800,9476
755,B000000,00902,00900,12453
755,B000000,00902,01000,1940
755,B000000,00902,01100,14393
755,B000000,01400,00100,4512272
755,B000000,01400,00200,68252
755,B000000,01400,00300,20303
755,B000000,01400,00400,427551
755,B000000,01400,00900,5028378
755,B000000,01400,01000,783381
755,B000000,01400,01100,5811759
755,B000000,01600,00100,50416367
755,B000000,01600,00900,50416367
755,B000000,01600,01100,50416367
755,B100000,00200,00200,20009
755,B100000,00200,00300,20009
755,B100000,00200,00400,11177814
755,B100000,00300,00800,743
755,B100000,00300,01000,20283386
755,B100000,00500,00800,319
755,B100000,00500,01000,9435627
755,B100000,00600,00800,140
755,B100000,00600,01000,4780795
755,B100000,00700,00800,41
755,B100000,00700,01000,963503
755,B100000,00800,00800,19
755,B100000,00800,01000,311760
755,B100000,00900,00800,84
755,B100000,00900,01000,2740114
755,B100000,00901,00800,2
755,B100000,00901,01000,64615
755,B100000,00902,00800,1
755,B100000,00902,01000,12453
755,B100000,01400,00200,4083
755,B100000,01400,00300,4083
755,B100000,01400,00400,1974385
755,B100000,01400,01000,5028378
755,B100000,01600,00200,24092
755,B100000,01600,00300,24092
755,B100000,01600,00400,13152199
755,B100000,01600,00800,1349
755,B100000,01600,01000,43620631
755,B100000,01700,00200,402726
755,B100000,01700,00300,119797
755,B100000,01700,00400,2848099
755,B100000,01700,00800,12782931
755,B100000,01700,01000,6795736
755,B100000,01800,00200,16.716171
755,B100000,01800,00300,4.97248
755,B100000,01800,00400,.216549
755,B100000,01800,00800,9475.856931
755,B100000,01800,01000,.155792
755,C000001,00100,00100,515
755,C000001,00200,00100,512
755,C000001,00300,00100,.994175
755,C000001,00400,00100,23443365
755,C000001,00500,00100,23306807
755,D000000,00100,00100,23306807
755,D000000,00300,00100,23306807
755,D000000,00400,00100,24252000
755,D000000,00500,00100,-945193
755,D000000,00800,00100,-945193
755,E000000,00100,00100,14889821
755,E000000,00400,00100,11960373
755,E000000,00800,00100,39823
755,E000000,00900,00100,1562227
755,E000000,01100,00100,28452244
755,E000000,01500,00100,1586831
755,E000000,01600,00100,1113602
755,E000000,02300,00100,719758
755,E000000,02400,00100,518116
755,E000000,02700,00100,674871
755,E000000,03100,00100,222219
755,E000000,03200,00100,222219
755,E000000,03300,00100,29349334
755,E000000,03400,00100,2404218
755,E000000,03500,00100,520586
755,E000000,03700,00100,122357
755,E000000,04200,00100,3047161
755,E000000,04600,00100,150089
755,E000000,04900,00100,150089
755,E000000,05000,00100,3197250
755,E000000,05100,00100,26152084
755,E000000,05800,00100,26152084
755,E000000,05900,00100,29349334
755,E100001,01000,00100,24393000
755,E100001,01000,00300,24393000
755,E100001,01100,00100,32449721
755,E100001,01100,00300,32449721
755,E100001,01200,00100,56842721
755,E100001,01200,00300,56842721
755,E100002,00100,00200,50954092
755,E100002,01200,00200,50954092
755,E200000,00100,00200,56842721
755,E200000,00300,00200,56842721
755,E200000,00400,00200,50954092
755,E200000,00500,00200,5888629
755,E200000,00800,00100,284762
755,E200000,02400,00200,284762
755,E200000,02500,00200,6173391
755,E200000,02900,00200,6173391
755,S000003,00100,00100,-945193
755,S100001,00100,00100,593
755,S100001,00100,00200,150
755,S100001,00100,00300,743
755,S100001,00200,00100,227
755,S100001,00200,00200,1
755,S100001,00200,00300,228
755,S100001,00300,00100,366
755,S100001,00300,00200,149
755,S100001,00300,00300,515
755,S100001,00400,00100,289
755,S100001,00400,00300,289
755,S100001,00500,00200,3
755,S100001,00500,00300,3
755,S100001,00600,00200,141000
755,S100001,00600,00300,141000
755,S100001,00801,00100,319
755,S100001,00801,00200,74
755,S100001,00801,00300,13481600
755,S100001,00802,00100,41
755,S100001,00802,00200,24
755,S100001,00802,00300,808588
755,S100001,00803,00100,1
755,S100001,00803,00200,1
755,S100001,00803,00300,5000
755,S100001,00804,00100,140
755,S100001,00804,00200,11
755,S100001,00804,00300,7233307
755,S100001,00807,00100,1187
755,S100001,00807,00300,5727597
755,S100001,00809,00100,19
755,S100001,00809,00200,6
755,S100001,00809,00300,626299
755,S100001,00810,00100,84
755,S100001,00810,00200,16
755,S100001,00810,00300,4480336
755,S100001,00811,00100,2
755,S100001,00811,00300,86994
755,S100001,00900,00100,1793
755,S100001,00900,00200,132
755,S100001,00900,00300,32449721
755,S100003,00100,00200,1.25
755,S100003,00101,00200,1
755,S100003,00101,00400,43.52
755,S100003,00102,00200,25.08
755,S100003,00102,00400,8.25
755,S100003,00103,00200,39.6
755,S100003,00200,00100,118.7
756,A000000,00100,00200,1794856
756,A000000,00100,00300,1794856
756,A000000,00100,00500,1794856
756,A000000,00100,00600,700877
756,A000000,00100,00700,2495733
756,A000000,00200,00200,1449550
756,A000000,00200,00300,1449550
756,A000000,00200,00500,1449550
756,A000000,00200,00700,1449550
756,A000000,00300,00200,11891950
756,A000000,00300,00300,11891950
756,A000000,00300,00500,11891950
756,A000000,00300,00600,7661
756,A000000,00300,00700,11899611
756,A000000,00400,00100,5629277
756,A000000,00400,00200,15477244
756,A000000,00400,00300,21106521
756,A000000,00400,00500,21106521
756,A000000,00400,00600,11305394
756,A000000,00400,00700,32411915
756,A000000,00500,00200,560215
756,A000000,00500,00300,560215
756,A000000,00500,00500,560215
756,A000000,00500,00700,560215
756,A000000,00700,00200,20364423
756,A000000,00700,00300,20364423
756,A000000,00700,00500,20364423
756,A000000,00700,00600,-17416
756,A000000,00700,00700,20347007
756,A000000,01400,00100,504813
756,A000000,01400,00200,60514
756,A000000,01400,00300,565327
756,A000000,01400,00500,565327
756,A000000,01400,00700,565327
756,A000000,02500,00100,32708458
756,A000000,02500,00200,14204403
756,A000000,02500,00300,46912861
756,A000000,02500,00500,46912861
756,A000000,02500,00600,-21160
756,A000000,02500,00700,46891701
756,A000000,02600,00100,38842548
756,A000000,02600,00200,65803155
756,A000000,02600,00300,104645703
756,A000000,02600,00500,104645703
756,A000000,02600,00600,11975356
756,A000000,02600,00700,116621059
756,A100000,00100,00100,759050
756,A100000,00100,00200,813291
756,A100000,00100,00300,1572341
756,A100000,00200,00100,806836
756,A100000,00200,00200,86756
756,A100000,00200,00300,893592
756,A100000,00400,00200,663741
756,A100000,00400,00300,663741
756,A100000,00800,00200,21508
756,A100000,00800,00300,21508
756,A100000,00900,00200,11241
756,A100000,00900,00300,11241
756,A100000,01000,00200,96158
756,A100000,01000,00300,96158
756,A100000,01700,00100,4063391
756,A100000,01700,00200,13784549
756,A100000,01700,00300,17847940
756,A100000,02000,00100,5629277
756,A100000,02000,00200,15477244
756,A100000,02000,00300,21106521
756,A300000,00100,00100,157283
756,A300000,00100,00300,157283
756,A300000,00200,00100,347530
756,A300000,00200,00300,347530
756,A300000,00600,00200,60514
756,A300000,00600,00300,60514
756,A300000,01100,00100,504813
756,A300000,01100,00200,60514
756,A300000,01100,00300,565327
756,A500010,00100,00200,-1105
756,A500010,00100,00400,25
756,A500010,00200,00200,-17416
756,A500010,00200,00400,7
756,A500010,00400,00200,20276811
756,A500010,01500,00200,-12968
756,A500010,01500,00400,25
756,A500010,01600,00200,7661
756,A500010,01600,00400,3
756,A500010,01601,00200,-8277627
756,A500010,01601,00400,4
756,A500010,01700,00200,11975356
756,A51000B,00100,00100,1
756,A51000B,00100,00400,1655444
756,A51000B,00100,00500,2356321
756,A51000B,00100,00600,700877
756,A51000B,00200,00100,4
756,A51000B,00200,00400,9711148
756,A51000B,00200,00500,29294169
756,A51000B,00200,00600,19583021
756,A51000B,00300,00100,25
756,A51000B,00300,00400,7087
756,A51000B,00300,00600,-7087
756,A51000B,00500,00400,11373679
756,A51000B,00500,00500,31650490
756,A51000B,00500,00600,20276811
756,A51000C,00100,00300,100
756,A51000C,00100,00500,100
756,A60000A,00500,00100,15112268
756,A60000A,00500,00200,1534574
756,A60000A,00500,00400,1534574
756,A60000A,00500,00500,658168
756,A60000A,00500,00600,15988674
756,A60000A,00700,00100,1546079
756,A60000A,00700,00600,1546079
756,A60000A,00800,00100,16658347
756,A60000A,00800,00200,1534574
756,A60000A,00800,00400,1534574
756,A60000A,00800,00500,658168
756,A60000A,00800,00600,17534753
756,A60000B,00600,00100,10595569
756,A60000B,00600,00200,1331587
756,A60000B,00600,00300,657282
756,A60000B,00600,00400,11269874
756,A60000B,00800,00100,585935
756,A60000B,00800,00200,95632
756,A60000B,00800,00400,681567
756,A60000B,00900,00100,11181504
756,A60000B,00900,00200,1427219
756,A60000B,00900,00300,657282
756,A60000B,00900,00400,11951441
756,A60000C,00100,00100,11951441
756,A60000C,00400,00100,11951441
756,B000000,00100,00100,69164031
756,B000000,00100,00200,-3055948
756,B000000,00100,00300,-1449550
756,B000000,00100,00400,-11899611
756,B000000,00100,00500,-20347007
756,B000000,00100,00900,32411915
756,B000000,00100,01000,-32411915
756,B000000,00400,00100,565327
756,B000000,00400,00200,57996
756,B000000,00400,00300,35887
756,B000000,00400,00400,180864
756,B000000,00400,00500,418393
756,B000000,00400,00900,1258467
756,B000000,00400,01000,484381
756,B000000,00400,01100,1742848
756,B000000,01400,00100,46891701
756,B000000,01400,00200,2997952
756,B000000,01400,00300,1413663
756,B000000,01400,00400,11718747
756,B000000,01400,00500,19928614
756,B000000,01400,00900,82950677
756,B000000,01400,01000,31927534
756,B000000,01400,01100,114878211
756,B000000,01600,00100,116621059
756,B000000,01600,00900,116621059
756,B000000,01600,01100,116621059
756,B100000,00400,00200,1300
756,B100000,00400,00300,361312
756,B100000,00400,00400,504813
756,B100000,00400,00500,418751
756,B100000,00400,01000,1258467
756,B100000,01400,00200,67200
756,B100000,01400,00300,14232772
756,B100000,01400,00400,32708458
756,B100000,01400,00500,19945672
756,B100000,01400,01000,82950677
756,B100000,01600,00200,68500
756,B100000,01600,00300,14594084
756,B100000,01600,00400,33213271
756,B100000,01600,00500,20364423
756,B100000,01600,01000,84209144
756,B100000,01700,00200,3055948
756,B100000,01700,00300,1449550
756,B100000,01700,00400,11899611
756,B100000,01700,00500,20347007
756,B100000,01700,01000,32411915
756,B100000,01800,00200,44.61238
756,B100000,01800,00300,.099324
756,B100000,01800,00400,.358279
756,B100000,01800,00500,.999145
756,B100000,01800,01000,.384898
756,C000002,00100,00100,1515745
756,C000002,00200,00100,1153216
756,C000002,00300,00100,.760825
756,C000002,00400,00100,1742848
756,C000002,00500,00100,1326002
756,D000000,00100,00200,1326002
756,D000000,00300,00200,1326002
756,D000000,00400,00200,1153216
756,D000000,00500,00200,172786
756,D000000,00600,00200,3456
756,D000000,00800,00200,169330
756,E000000,00100,00100,21717999
756,E000000,00200,00100,6594049
756,E000000,00400,00100,1644654
756,E000000,00500,00100,7826444
756,E000000,00700,00100,2561014
756,E000000,00800,00100,462858
756,E000000,00900,00100,36749
756,E000000,01100,00100,40843767
756,E000000,01700,00100,1546079
756,E000000,01800,00100,-681567
756,E000000,02300,00100,16245467
756,E000000,02400,00100,-11269874
756,E000000,02700,00100,5840105
756,E000000,03100,00100,50000
756,E000000,03200,00100,50000
756,E000000,03300,00100,46733872
756,E000000,03400,00100,6536503
756,E000000,03500,00100,1948704
756,E000000,03600,00100,2448546
756,E000000,04000,00100,3609394
756,E000000,04200,00100,14543147
756,E000000,05000,00100,14543147
756,E000000,05200,00100,32190725
756,E000000,05800,00100,32190725
756,E000000,05900,00100,46733872
756,E100001,00700,00200,55658136
756,E100001,00700,00300,55658136
756,E100001,01200,00200,55658136
756,E100001,01200,00300,55658136
756,E100002,00100,00200,104645703
756,E100002,00800,00100,85874878
756,E100002,01100,00200,85874878
756,E100002,01200,00200,18770825
756,E200000,00100,00200,55658136
756,E200000,00200,00200,36923609
756,E200000,00300,00200,18734527
756,E200000,00400,00200,18770825
756,E200000,00500,00200,-36298
756,E200000,00800,00100,2428341
756,E200000,01500,00100,287388
756,E200000,01600,00100,6248814
756,E200000,02400,00200,8964543
756,E200000,02500,00200,8928245
756,E200000,02600,00100,98000000
756,E200000,02800,00200,98000000
756,E200000,02900,00200,-89071755
756,S000003,00100,00200,169330
756,S100002,00100,00100,5403055
756,S100002,00200,00100,7738
756,S100003,00100,00200,1
756,S100003,00100,00600,1
756,S100003,00101,00200,1
756,S100003,00102,00600,4.03
756,S100003,00103,00200,556.35
756,S100003,00200,00100,563.38
759,A000000,00100,00200,111434
759,A000000,00100,00300,111434
759,A000000,00100,00400,815067
759,A000000,00100,00500,926501
759,A000000,00100,00600,-87602
759,A000000,00100,00700,838899
759,A000000,00200,00200,744303
759,A000000,00200,00300,744303
759,A000000,00200,00400,-412714
759,A000000,00200,00500,331589
759,A000000,00200,00700,331589
759,A000000,00300,00200,2624947
759,A000000,00300,00300,2624947
759,A000000,00300,00500,2624947
759,A000000,00300,00700,2624947
759,A000000,00400,00100,3135513
759,A000000,00400,00200,4111766
759,A000000,00400,00300,7247279
759,A000000,00400,00400,-418563
759,A000000,00400,00500,6828716
759,A000000,00400,00600,-343782
759,A000000,00400,00700,6484934
759,A000000,00700,00200,355875
759,A000000,00700,00300,355875
759,A000000,00700,00500,355875
759,A000000,00700,00700,355875
759,A000000,00900,00100,10590557
759,A000000,00900,00300,10590557
759,A000000,00900,00500,10590557
759,A000000,00900,00600,-34700
759,A000000,00900,00700,10555857
759,A000000,01000,00100,1451730
759,A000000,01000,00200,222497
759,A000000,01000,00300,1674227
759,A000000,01000,00500,1674227
759,A000000,01000,00700,1674227
759,A000000,01100,00100,758368
759,A000000,01100,00200,293881
759,A000000,01100,00300,1052249
759,A000000,01100,00500,1052249
759,A000000,01100,00700,1052249
759,A000000,01200,00400,16210
759,A000000,01200,00500,16210
759,A000000,01200,00700,16210
759,A000000,01300,00200,7736902
759,A000000,01300,00300,7736902
759,A000000,01300,00500,7736902
759,A000000,01300,00700,7736902
759,A000000,01500,00200,2619684
759,A000000,01500,00300,2619684
759,A000000,01500,00500,2619684
759,A000000,01500,00700,2619684
759,A000000,01600,00200,921221
759,A000000,01600,00300,921221
759,A000000,01600,00500,921221
759,A000000,01600,00700,921221
759,A000000,01700,00200,302005
759,A000000,01700,00300,302005
759,A000000,01700,00500,302005
759,A000000,01700,00700,302005
759,A000000,01800,00200,870260
759,A000000,01800,00300,870260
759,A000000,01800,00500,870260
759,A000000,01800,00700,870260
759,A000000,02600,00100,15936168
759,A000000,02600,00200,20914775
759,A000000,02600,00300,36850943
759,A000000,02600,00500,36850943
759,A000000,02600,00600,-466084
759,A000000,02600,00700,36384859
759,A100000,00200,00100,932161
759,A100000,00200,00300,932161
759,A100000,00400,00100,1149596
759,A100000,00400,00200,420
759,A100000,00400,00300,1150016
759,A100000,00500,00100,197162
759,A100000,00500,00200,188205
759,A100000,00500,00300,385367
759,A100000,00600,00200,1189573
759,A100000,00600,00300,1189573
759,A100000,00700,00200,85209
759,A100000,00700,00300,85209
759,A100000,00800,00200,221906
759,A100000,00800,00300,221906
759,A100000,00900,00200,69508
759,A100000,00900,00300,69508
759,A100000,01000,00200,234626
759,A100000,01000,00300,234626
759,A100000,01100,00200,263144
759,A100000,01100,00300,263144
759,A100000,01400,00200,1252215
759,A100000,01400,00300,1252215
759,A100000,01500,00100,856594
759,A100000,01500,00300,856594
759,A100000,01700,00200,353683
759,A100000,01700,00300,353683
759,A100000,01800,00200,129804
759,A100000,01800,00300,129804
759,A100000,01900,00200,25699
759,A100000,01900,00300,25699
759,A100000,01901,00200,97774
759,A100000,01901,00300,97774
759,A100000,02000,00100,3135513
759,A100000,02000,00200,4111766
759,A100000,02000,00300,7247279
759,A20H000,00100,00200,56669
759,A20H000,00100,00300,56669
759,A20H000,00200,00200,30353
759,A20H000,00200,00300,30353
759,A20H000,00300,00200,3563
759,A20H000,00300,00300,3563
759,A20H000,00400,00200,23358
759,A20H000,00400,00300,23358
759,A20H000,00500,00200,12468
759,A20H000,00500,00300,12468
759,A20H000,00600,00200,15826
759,A20H000,00600,00300,15826
759,A20H000,00800,00200,109461
759,A20H000,00800,00300,109461
759,A20H000,00900,00200,10223
759,A20H000,00900,00300,10223
759,A20H000,01000,00200,261921
759,A20H000,01000,00300,261921
759,A20H000,01200,00200,122883
759,A20H000,01200,00300,122883
759,A20H000,01300,00200,193700
759,A20H000,01300,00300,193700
759,A20H000,01500,00200,18097
759,A20H000,01500,00300,18097
759,A20H000,01800,00200,276954
759,A20H000,01800,00300,276954
759,A20H000,02100,00200,47666
759,A20H000,02100,00300,47666
759,A20H000,02200,00200,659300
759,A20H000,02200,00300,659300
759,A20H000,02300,00200,921221
759,A20H000,02300,00300,921221
759,A20K000,00100,00200,390292
759,A20K000,00100,00300,390292
759,A20K000,00200,00200,135968
759,A20K000,00200,00300,135968
759,A20K000,00300,00200,19759
759,A20K000,00300,00300,19759
759,A20K000,00400,00200,146285
759,A20K000,00400,00300,146285
759,A20K000,00500,00200,91452
759,A20K000,00500,00300,91452
759,A20K000,00600,00200,93807
759,A20K000,00600,00300,93807
759,A20K000,00800,00200,753972
759,A20K000,00800,00300,753972
759,A20K000,00900,00200,85233
759,A20K000,00900,00300,85233
759,A20K000,01000,00200,1716768
759,A20K000,01000,00300,1716768
759,A20K000,01200,00200,2903557
759,A20K000,01200,00300,2903557
759,A20K000,01300,00200,310500
759,A20K000,01300,00300,310500
759,A20K000,01400,00200,348567
759,A20K000,01400,00300,348567
759,A20K000,01500,00200,267763
759,A20K000,01500,00300,267763
759,A20K000,01800,00200,2078825
759,A20K000,01800,00300,2078825
759,A20K000,02100,00200,110922
759,A20K000,02100,00300,110922
759,A20K000,02200,00200,6020134
759,A20K000,02200,00300,6020134
759,A20K000,02300,00200,7736902
759,A20K000,02300,00300,7736902
759,A20L000,00100,00200,173813
759,A20L000,00100,00300,173813
759,A20L000,00200,00200,63593
759,A20L000,00200,00300,63593
759,A20L000,00300,00200,9905
759,A20L000,00300,00300,9905
759,A20L000,00400,00200,71530
759,A20L000,00400,00300,71530
759,A20L000,00500,00200,35759
759,A20L000,00500,00300,35759
759,A20L000,00600,00200,48734
759,A20L000,00600,00300,48734
759,A20L000,00800,00200,313336
759,A20L000,00800,00300,313336
759,A20L000,00900,00200,38054
759,A20L000,00900,00300,38054
759,A20L000,01000,00200,754724
759,A20L000,01000,00300,754724
759,A20L000,01200,00200,217992
759,A20L000,01200,00300,217992
759,A20L000,01300,00200,727250
759,A20L000,01300,00300,727250
759,A20L000,01400,00200,141089
759,A20L000,01400,00300,141089
759,A20L000,01500,00200,78173
759,A20L000,01500,00300,78173
759,A20L000,01800,00200,644306
759,A20L000,01800,00300,644306
759,A20L000,02100,00200,56150
759,A20L000,02100,00300,56150
759,A20L000,02200,00200,1864960
759,A20L000,02200,00300,1864960
759,A20L000,02300,00200,2619684
759,A20L000,02300,00300,2619684
759,A20P000,00100,00200,11525
759,A20P000,00100,00300,11525
759,A20P000,00200,00200,5192
759,A20P000,00200,00300,5192
759,A20P000,00300,00200,627
759,A20P000,00300,00300,627
759,A20P000,00400,00200,4418
759,A20P000,00400,00300,4418
759,A20P000,00500,00200,3012
759,A20P000,00500,00300,3012
759,A20P000,00600,00200,3732
759,A20P000,00600,00300,3732
759,A20P000,00800,00200,21280
759,A20P000,00800,00300,21280
759,A20P000,00900,00200,1980
759,A20P000,00900,00300,1980
759,A20P000,01000,00200,51766
759,A20P000,01000,00300,51766
759,A20P000,01200,00200,35797
759,A20P000,01200,00300,35797
759,A20P000,01300,00200,108500
759,A20P000,01300,00300,108500
759,A20P000,01400,00200,16901
759,A20P000,01400,00300,16901
759,A20P000,01500,00200,1845
759,A20P000,01500,00300,1845
759,A20P000,01800,00200,46595
759,A20P000,01800,00300,46595
759,A20P000,02100,00200,40601
759,A20P000,02100,00300,40601
759,A20P000,02200,00200,250239
759,A20P000,02200,00300,250239
759,A20P000,02300,00200,302005
759,A20P000,02300,00300,302005
759,A20U000,00100,00200,58530
759,A20U000,00100,00300,58530
759,A20U000,00200,00200,28719
759,A20U000,00200,00300,28719
759,A20U000,00300,00200,3912
759,A20U000,00300,00300,3912
759,A20U000,00400,00200,25162
759,A20U000,00400,00300,25162
759,A20U000,00500,00200,21053
759,A20U000,00500,00300,21053
759,A20U000,00600,00200,17275
759,A20U000,00600,00300,17275
759,A20U000,00800,00200,108846
759,A20U000,00800,00300,108846
759,A20U000,00900,00200,44910
759,A20U000,00900,00300,44910
759,A20U000,01000,00200,308407
759,A20U000,01000,00300,308407
759,A20U000,01200,00200,69307
759,A20U000,01200,00300,69307
759,A20U000,01300,00200,191500
759,A20U000,01300,00300,191500
759,A20U000,01500,00200,20022
759,A20U000,01500,00300,20022
759,A20U000,01800,00200,230662
759,A20U000,01800,00300,230662
759,A20U000,02100,00200,50362
759,A20U000,02100,00300,50362
759,A20U000,02200,00200,561853
759,A20U000,02200,00300,561853
759,A20U000,02300,00200,870260
759,A20U000,02300,00300,870260
759,A400010,00100,00300,1
759,A400010,00100,00400,355056
759,A400010,00100,00600,4
759,A400010,00100,00700,355056
759,A400010,00200,00300,2
759,A400010,00200,00400,4405
759,A400010,00200,00600,4
759,A400010,00200,00700,4405
759,A400010,00300,00300,2
759,A400010,00300,00400,42892
759,A400010,00300,00600,4
759,A400010,00300,00700,42892
759,A400010,00400,00300,12
759,A400010,00400,00400,16210
759,A400010,00400,00600,4
759,A400010,00400,00700,16210
759,A400010,00500,00300,1
759,A400010,00500,00400,460011
759,A400010,00500,00600,2
759,A400010,00500,00700,460011
759,A500010,00800,00200,-34700
759,A500010,00800,00400,9
759,A500010,01500,00200,-87602
759,A500010,01500,00400,1
759,A500010,01600,00200,-42235
759,A500010,01600,00400,4
759,A500010,01601,00200,-301547
759,A500010,01601,00400,4
759,A500010,01700,00200,-466084
759,A60000A,00100,00100,150716
759,A60000A,00100,00200,29005
759,A60000A,00100,00400,29005
759,A60000A,00100,00600,179721
759,A60000A,00300,00100,10924136
759,A60000A,00300,00600,10924136
759,A60000A,00500,00100,2714304
759,A60000A,00500,00200,224648
759,A60000A,00500,00400,224648
759,A60000A,00500,00600,2938952
759,A60000A,00800,00100,13789156
759,A60000A,00800,00200,253653
759,A60000A,00800,00400,253653
759,A60000A,00800,00600,14042809
759,A60000B,00300,00100,1709560
759,A60000B,00300,00200,460011
759,A60000B,00300,00400,2169571
759,A60000B,00600,00100,2150195
759,A60000B,00600,00200,284292
759,A60000B,00600,00400,2434487
759,A60000B,00900,00100,3859755
759,A60000B,00900,00200,744303
759,A60000B,00900,00400,4604058
759,A60000C,00100,00100,744303
759,A60000C,00400,00100,744303
759,B000000,00100,00100,10636244
759,B000000,00100,00200,-838899
759,B000000,00100,00300,-331589
759,B000000,00100,00400,-2624947
759,B000000,00100,00500,-355875
759,B000000,00100,00900,6484934
759,B000000,00100,01000,-6484934
759,B000000,00200,00100,13298543
759,B000000,00200,00200,838899
759,B000000,00200,00300,331589
759,B000000,00200,00400,2624947
759,B000000,00200,00500,355875
759,B000000,00200,00800,-17449853
759,B000000,00300,00100,7736902
759,B000000,00300,00800,9748407
759,B000000,00300,00900,17485309
759,B000000,00300,01000,3901637
759,B000000,00300,01100,21386946
759,B000000,00500,00100,2619684
759,B000000,00500,00800,3789922
759,B000000,00500,00900,6409606
759,B000000,00500,01000,1302109
759,B000000,00500,01100,7711715
759,B000000,00600,00100,921221
759,B000000,00600,00800,1783493
759,B000000,00600,00900,2704714
759,B000000,00600,01000,577404
759,B000000,00600,01100,3282118
759,B000000,00700,00100,302005
759,B000000,00700,00800,405339
759,B000000,00700,00900,707344
759,B000000,00700,01000,142732
759,B000000,00700,01100,850076
759,B000000,00800,00100,870260
759,B000000,00800,00800,1722692
759,B000000,00800,00900,2592952
759,B000000,00800,01000,561052
759,B000000,00800,01100,3154004
759,B000000,01600,00100,36384859
759,B000000,01600,00900,36384859
759,B000000,01600,01100,36384859
759,B100000,00200,00200,35241
759,B100000,00200,00300,331589
759,B100000,00200,00400,12800655
759,B100000,00200,00500,355875
759,B100000,00300,00800,481
759,B100000,00300,01000,15095984
759,B100000,00300,10A00,-2389325
759,B100000,00500,00800,187
759,B100000,00500,01000,5038050
759,B100000,00500,10A00,-1371556
759,B100000,00600,00800,88
759,B100000,00600,01000,2234060
759,B100000,00600,10A00,-470654
759,B100000,00700,00800,20
759,B100000,00700,01000,552249
759,B100000,00700,10A00,-155095
759,B100000,00800,00800,85
759,B100000,00800,01000,2170790
759,B100000,00800,10A00,-422162
759,B100000,01600,00200,35241
759,B100000,01600,00300,331589
759,B100000,01600,00400,12800655
759,B100000,01600,00500,355875
759,B100000,01600,00800,861
759,B100000,01600,01000,25091133
759,B100000,01600,10A00,-4808792
759,B100000,01700,00200,838899
759,B100000,01700,00300,331589
759,B100000,01700,00400,2624947
759,B100000,01700,00500,355875
759,B100000,01700,00800,17449853
759,B100000,01700,01000,6484934
759,B100000,01800,00200,23.804631
759,B100000,01800,00300,1
759,B100000,01800,00400,.205063
759,B100000,01800,00500,1
759,B100000,01800,00800,20266.960511
759,B100000,01800,01000,.258455
759,C000001,00100,00100,370
759,C000001,00200,00100,368
759,C000001,00300,00100,.994595
759,C000001,00400,00100,21386946
759,C000001,00500,00100,21271350
759,D000000,00100,00100,21271350
759,D000000,00300,00100,21271350
759,D000000,00400,00100,22448000
759,D000000,00500,00100,-1176650
759,D000000,00800,00100,-1176650
759,E000000,00100,00100,11678780
759,E000000,00400,00100,6560740
759,E000000,00500,00100,2081056
759,E000000,00700,00100,59733
759,E000000,00800,00100,51628
759,E000000,01100,00100,20431937
759,E000000,01200,00100,150716
759,E000000,01500,00100,10924136
759,E000000,01900,00100,2714304
759,E000000,02000,00100,3859756
759,E000000,02700,00100,9929400
759,E000000,02800,00100,14041528
759,E000000,03100,00100,1283470
759,E000000,03200,00100,15324998
759,E000000,03300,00100,45686335
759,E000000,03400,00100,542392
759,E000000,03500,00100,620020
759,E000000,03700,00100,253318
759,E000000,04100,00100,2707800
759,E000000,04200,00100,4123530
759,E000000,04400,00100,2423724
759,E000000,04600,00100,1063525
759,E000000,04700,00100,45664
759,E000000,04900,00100,3532913
759,E000000,05000,00100,7656443
759,E000000,05100,00100,38029892
759,E000000,05800,00100,38029892
759,E000000,05900,00100,45686335
759,E100001,00700,00100,1656850
759,E100001,00700,00300,1656850
759,E100001,00800,00100,1216919
759,E100001,00800,00300,1216919
759,E100001,00900,00100,294180
759,E100001,00900,00300,294180
759,E100001,01000,00100,18290600
759,E100001,01000,00300,18290600
759,E100001,01100,00100,14058150
759,E100001,01100,00300,14058150
759,E100001,01200,00100,35516699
759,E100001,01200,00300,35516699
759,E100002,00100,00200,36850943
759,E100002,00300,00100,39750
759,E100002,00600,00200,39750
759,E100002,00800,00100,1
759,E100002,01100,00200,1
759,E100002,01200,00200,36890692
759,E200000,00100,00200,35516699
759,E200000,00300,00200,35516699
759,E200000,00400,00200,36890692
759,E200000,00500,00200,-1373993
759,E200000,00800,00100,991440
759,E200000,01500,00100,2582
759,E200000,02400,00200,994022
759,E200000,02500,00200,-379971
759,E200000,02900,00200,-379971
759,S000003,00100,00100,-1176650
759,S100001,00100,00100,481
759,S100001,00100,00300,481
759,S100001,00200,00100,111
759,S100001,00200,00300,111
759,S100001,00300,00100,370
759,S100001,00300,00300,370
759,S100001,00400,00100,205
759,S100001,00400,00300,205
759,S100001,00500,00200,2
759,S100001,00500,00300,2
759,S100001,00600,00200,122000
759,S100001,00600,00300,122000
759,S100001,00801,00100,187
759,S100001,00801,00200,9
759,S100001,00801,00300,7973500
759,S100001,00802,00100,20
759,S100001,00802,00200,5
759,S100001,00802,00300,674250
759,S100001,00804,00100,88
759,S100001,00804,00200,3
759,S100001,00804,00300,3998800
759,S100001,00809,00100,85
759,S100001,00809,00200,8
759,S100001,00809,00300,4741000
759,S100001,00900,00100,380
759,S100001,00900,00200,25
759,S100001,00900,00300,17387550
759,S100003,00101,00200,3
759,S100003,00101,00400,109.21
759,S100003,00102,00200,11.5
759,S100003,00103,00200,47.8
759,S100003,00200,00100,171.51
