421,A000000,00100,00000,0100CAPITAL COSTS-BLDG & FIXT
421,A000000,00200,00000,0200CAPITAL COSTS-MVBLE EQUIPMENT
421,A000000,00300,00000,0300EMPLOYEE BENEFITS
421,A000000,00400,00000,0400ADMINISTRATIVE & GENERAL
421,A000000,00500,00000,0500OPERATION AND MAINTENANCE OF PLANT
421,A000000,00600,00000,0600HOUSEKEEPING
421,A000000,00700,00000,0700MEDICAL SUPPLIES
421,A000000,00800,00000,0800OTHER OVERHEAD
421,A000000,00900,00000,0900PROCUREMENT COORDINATORS
421,A000000,01000,00000,1000PROFESSIONAL EDUCATION
421,A000000,01100,00000,1100PUBLIC EDUCATION
421,A000000,01300,00000,1300KIDNEY ACQUISITIONS
421,A000000,01400,00000,1400TISSUE TYPING LABORATORY
421,A000000,01500,00000,1500LIVER ACQUISITIONS
421,A000000,01600,00000,1600HEART ACQUISITIONS
421,A000000,01700,00000,1700PANCREAS ACQUISITIONS
421,A000000,01800,00000,1800LUNG ACQUISITIONS
421,A000000,01900,00000,1900CLUSTER            (WKST A2 6 L 23
421,A000000,01901,00000,1901SMALL INTESTINE
421,A000000,01902,00000,1902HEART/LUNGS      S 3
421,A000000,02100,00000,2100RESEARCH
421,A000000,02200,00000,2200BLOOD BANK
421,A000000,02300,00000,2300LABORATORY-NON-TISSUE TYPING
421,A000000,02400,00000,2400DIALYSIS UNITS
421,A000000,02500,00000,250025
421,A100000,01700,00000,INFORMATION SYSTEMS PROFESSIONAL
421,A100000,01800,00000,POSTAGE & SHIPPING
421,A100000,01900,00000,RECRUITING
421,A100000,01901,00000,DUES/SUBSCRIPTIONS
421,A100000,01902,00000,BANK & INVESTMENT FEES
421,A100000,01903,00000,MILEAGE REIMBURSEMENT
421,A100000,01904,00000,AUTOMOBILE LEASE & MAINTENANCE
421,A100000,01905,00000,OTHER MISCELLANEOUS
421,A100000,01906,00000,SMALL EQUIP/FURNITURE
421,A100000,01907,00000,PROFESSIONAL SERVICES
421,A100000,01908,00000,PROPERTY TAXES
421,A100000,01909,00000,GAIN OR LOSS ON A FIXED ASSET
421,A100000,01910,00000,CORPORATE CULTURE
421,A100000,01911,00000,ORIENTATION
421,A20H000,00900,00000,OTHER HOSPITAL COST
421,A20H000,02100,00000,OTHER MEDICAL SUPPLIES
421,A20H000,02101,00000,PROVIDER AUDIT FEES
421,A20H000,02103,00000,TXC
421,A20K000,00900,00000,OTHER HOSPITAL COST
421,A20K000,02100,00000,OTHER MEDICAL SUPPLIES
421,A20K000,02101,00000,PROVIDER AUDIT FEES
421,A20K000,02103,00000,TXC
421,A20L000,00900,00000,OTHER HOSPITAL COST
421,A20L000,02100,00000,OTHER MEDICAL SUPPLIES
421,A20L000,02101,00000,PROVIDER AUDIT FEES
421,A20L000,02103,00000,TXC
421,A20O000,00900,00000,OTHER HOSPITAL COSTS
421,A20O000,02100,00000,OTHER MEDICAL SUPPLIES
421,A20O000,02101,00000,PROVIDER AUDIT FEES
421,A20O000,02103,00000,TXC
421,A20O001,00900,00000,OTHER HOSPITAL COST
421,A20O001,02100,00000,OTHER MEDICAL SUPPLIES
421,A20O001,02101,00000,PROVIDER AUDIT FEES
421,A20O001,02103,00000,TXC
421,A20O002,00900,00000,OTHER HOSPITAL COSTS
421,A20O002,02100,00000,MEDICAL SUPPLIES IN OFFICE/TXC
421,A20O002,02101,00000,PROVIDER AUDIT FEES
421,A20O002,02102,00000,COST REPORT ADJUSTED TRANSPORTATION
421,A20O002,02103,00000,TXC
421,A20O003,02100,00000,COST REPORT ADJUSTED SURGEON FEE
421,A20O003,02101,00000,COST REPORT ADJUSTED TRANSPORTATION
421,A20P000,00900,00000,OTHER HOSPITAL COST
421,A20P000,02100,00000,OTHER MEDICAL SUPPLIES
421,A20P000,02101,00000,PROVIDER AUDIT FEES
421,A20P000,02103,00000,TXC
421,A20U000,00900,00000,OTHER HOSPITAL COST
421,A20U000,02100,00000,OTHER MEDICAL SUPPLIES
421,A20U000,02101,00000,PROVIDER AUDIT FEES
421,A20U000,02103,00000,TXC
421,A500010,00500,00100,B
421,A500010,00500,00300,PROCUREMENT COORDINATORS
421,A500010,01300,00100,A
421,A500010,01300,00300,CAPITAL COSTS-BLDG & FIXT
421,A500010,01500,00000,15   CTS AGREEMENT
421,A500010,01500,00100,B
421,A500010,01500,00300,PUBLIC EDUCATION
421,A500010,01600,00000,NON-REIMB ADMIN & GEN (LOBBYING COST
421,A500010,01600,00100,B
421,A500010,01600,00300,ADMINISTRATIVE & GENERAL
421,A500010,01601,00000,NON-REIMB - TXC
421,A500010,01601,00100,B
421,A500010,01601,00300,PROCUREMENT COORDINATORS
421,A500010,01602,00000,NON- REIMB ADMIN & GEN
421,A500010,01602,00100,B
421,A500010,01602,00300,ADMINISTRATIVE & GENERAL
421,A500010,01603,00000,NON-REIMB - PUBLIC EDUC
421,A500010,01603,00100,B
421,A500010,01603,00300,PUBLIC EDUCATION
421,A500010,01604,00000,SMALL INTESTINE RESEARCH COST
421,A500010,01604,00100,B
421,A500010,01604,00300,SMALL INTESTINE
421,A51000A,00100,00100,Y
421,A51000B,00100,00200,PROCUREMENT COORDINATORS
421,A51000B,00100,00300,ORGAN ACQUISTION
421,A51000C,00100,00100,B
421,A51000C,00100,00400,MIAMI VALLEY HOSPITAL
421,A51000C,00100,00600,HOSPITAL
421,A51000C,00200,00100,B
421,A51000C,00200,00400,KIDNEY FOUNDATION OF NWO
421,A51000C,00200,00600,FOUNDATION
421,A60000A,00700,00000,CONSTRUCTION IN PROGRESS
421,A60000A,00701,00000,AMORTIZED ASSETS
421,A60000A,00702,00000,LEASED ASSET
421,A60000B,00800,00000,ACCUMULATED AMORTIZATION
421,A60000B,00801,00000,ACCUMULATED LEASED ASSET
421,A60000C,00500,00100,N
421,B10000*,00100,00200,CAP BLDG
421,B10000*,00100,00300,CAP COSTS
421,B10000*,00100,00400,EMPLOYEE
421,B10000*,00100,00500,MEDICAL
421,B10000*,00100,00800,ORGAN
421,B10000*,00100,01000,ADMIN &
421,B10000*,00200,00200,OP PLANT &
421,B10000*,00200,00300,MOVABLE
421,B10000*,00200,00400,BENEFITS
421,B10000*,00200,00500,SUPPLIES
421,B10000*,00200,00800,ACQUISITN
421,B10000*,00200,01000,GENERAL
421,B10000*,00300,00200,HOUSEKEEP
421,B10000*,00300,00300,EQUIPMENT
421,B10000*,00300,00800,COSTS
421,B10000*,00400,00200,SQUARE
421,B10000*,00400,00300,DOLLAR
421,B10000*,00400,00400,ADJUST
421,B10000*,00400,00500,COSTED
421,B10000*,00400,00800,NUMBER
421,B10000*,00400,01000,ACCUM
421,B10000*,00500,00200,FEET
421,B10000*,00500,00300,VALUE
421,B10000*,00500,00400,SALARIES
421,B10000*,00500,00500,REQUISIT
421,B10000*,00500,00800,ORGANS
421,B10000*,00500,01000,COSTS
421,B10000*,00600,00200,1
421,B10000*,00600,00300,2
421,B10000*,00600,00400,3
421,B10000*,00600,00500,3
421,B10000*,00600,00800,3
421,B10000*,00600,01000,3
421,B100000,00000,01000,X
421,E000000,00900,00000,PREPAID DEPOSITS
421,E000000,02600,00000,CONSTRUCTION IN PROGRESS
421,E000000,03100,00000,DEFERRED COMPENSATION
421,E100001,00700,00000,TISSUE CONSENT  RESEARCH  HEART VAL
421,E100001,00800,00000,PROFESSIONAL SEMINAR FEES
421,E100001,00900,00000,MEDICARE REVENUE
421,E100002,00300,00000,ROUNDING
421,E100002,00800,00000,INTEREST EXPENSE
421,E100002,00900,00000,INTERCOMPANY INTEREST EXPENSE
421,E100002,01000,00000,ROUNDING
421,E200000,01500,00000,REALIZED GAIN ON INVESTMENT
421,E200000,02200,00000,CTS AGREEMENT
421,E200000,02300,00000,UNEARNED INCOME (LOSS) ON INVESTMENT
421,E200000,02301,00000,CHANGE IN INTEREST SWAP
421,E200000,02600,00000,EDUCATIONAL GRANTS
421,E200000,02700,00000,GAIN/ LOSS ON FIXED ASSET
421,E200000,02701,00000,INTEREST EXPENSE
421,E200000,02702,00000,UNEARNED INCOME (LOSS) ON INVESTMENT
421,E200000,02703,00000,PPP LOAN FORGIVENESS RETURN
421,S000000,00100,00100,X
421,S000000,00400,00100,1
421,S000000,00500,00100,03/23/2023
421,S000000,00600,00100,10001
421,S000000,00700,00100,N
421,S000000,00800,00100,N
421,S000000,01000,00100,4
421,S000001,00100,00100,LIFE CONNECTION OF OHIO
421,S000001,00100,00200,36P001
421,S000001,00101,00100,3661 BRIARFIELD BLVD  STE 105
421,S000001,00102,00100,MAUMEE
421,S000001,00102,00200,OH
421,S000001,00102,00300,43537
421,S000001,00300,00100,01/01/2022
421,S000001,00300,00200,12/31/2022
421,S000001,00400,00100,8
421,S000001,00400,00300,1
421,S000001,00400,00400,10/01/1978
421,S000001,00401,00300,1
421,S000002,00100,00200,Y
421,S000002,00300,00100,PRESIDENT & CEO
421,S000002,00400,00100,03/21/2023
421,S100001,00700,00100,N
421,S100001,00810,00000,TISSUE CONSENT FEE
421,S100001,00811,00000,RESEARCH
421,S100001,00812,00000,HEART VALVES
421,S100001,00813,00000,CLUSTER
421,S100001,00814,00000,SM. INTESTINE
421,S100001,00815,00000,AORTA
421,S100003,00100,00100,MEDICAL DIRECTOR
421,S100003,00100,00300,MEDICAL DIRECTOR
421,S100003,00100,00500,LAB DIRECTOR
421,S100003,00101,00100,EXEC. DIRECTOR
421,S100003,00101,00300,PROCUREMENT COORDINATOR
421,S100003,00101,00500,TECHNICIANS
421,S100003,00102,00100,CLERICAL
421,S100003,00102,00300,PRESERVATION TECHNICIANS
421,S100003,00102,00500,TISSUE TYPING TECH.
421,S100003,00103,00100,CLERICAL
421,S100003,00103,00300,OTHER
421,S100003,00103,00500,OTHER
421,S200000,00100,00100,N
421,S200000,00200,00100,N
421,S200000,00300,00100,Y
421,S200000,00400,00100,Y
421,S200000,00400,00200,A
421,S200000,00400,00300,05/30/2023
421,S200000,00500,00100,N
421,S200000,00600,00300,DIR. OF FINANCE
421,S200000,00700,00100,LIFE CONNECTION OF OHIO
441,A000000,00100,00000,0100CAPITAL COSTS-BLDG & FIXT
441,A000000,00200,00000,0200CAPITAL COSTS-MVBLE EQUIPMENT
441,A000000,00300,00000,0300EMPLOYEE BENEFITS
441,A000000,00400,00000,0400ADMINISTRATIVE & GENERAL
441,A000000,00500,00000,0500OPERATION AND MAINTENANCE OF PLANT
441,A000000,00600,00000,0600HOUSEKEEPING
441,A000000,00700,00000,0700MEDICAL SUPPLIES
441,A000000,00800,00000,0800OTHER OVERHEAD
441,A000000,00900,00000,0900PROCUREMENT COORDINATORS
441,A000000,01000,00000,1000PROFESSIONAL EDUCATION
441,A000000,01100,00000,1100PUBLIC EDUCATION
441,A000000,01200,00000,1200ORGAN ACQUISITION OVERHEAD
441,A000000,01300,00000,1300KIDNEY ACQUISITIONS
441,A000000,01400,00000,1400TISSUE TYPING LABORATORY
441,A000000,01500,00000,1500LIVER ACQUISITIONS
441,A000000,01600,00000,1600HEART ACQUISITIONS
441,A000000,01700,00000,1700PANCREAS ACQUISITIONS
441,A000000,01800,00000,1800LUNG ACQUISITIONS
441,A000000,02100,00000,2100RESEARCH
441,A000000,02200,00000,2200BLOOD BANK
441,A000000,02300,00000,2300LABORATORY-NON-TISSUE TYPING
441,A000000,02400,00000,2400DIALYSIS UNITS
441,A000000,02500,00000,2500TISSUE
441,A000000,02501,00000,250125.01 FOUNDATION COSTS CENTER
441,A100000,01700,00000,TRANSPORTATION/AUTO EXPENSES
441,A100000,01800,00000,EMPLOYEE RECRUITMENT
441,A100000,01900,00000,APPLICATION/OTHER FEES
441,A100000,01901,00000,BOARD OF DIRECTORS
441,A100000,01902,00000,EQUIPMENT LEASE
441,A100000,01903,00000,DEPRECIATION EXPENSE
441,A100000,01904,00000,WEBSITE/SOFTWARE/LICENSES
441,A100000,01905,00000,OFFICE RELOCATION EXPENSES
441,A100000,01906,00000,ROUNDING ADJ
441,A20H000,02100,00000,TISSUE TYPING EXPENSE
441,A20H000,02101,00000,HEART  PRESERVATION
441,A20H000,02103,00000,HEART FLY OUT COST
441,A20K000,02100,00000,KIDNEY BIOPSY NEEDLES
441,A20K000,02101,00000,KIDNEY PUMPING COST
441,A20K000,02102,00000,TRANSPORTATION KIDNEY PUMPS
441,A20K000,02103,00000,OUTSIDE LABS KIDNEY BIOPSY
441,A20K000,02104,00000,OUTSIDE LAB TRANSPORTATION KIDNEY B
441,A20K000,02105,00000,TISSUE TYPING TRANSPORTATION
441,A20K000,02106,00000,IMPORT KIDNEY PUMPING SERVICE
441,A20K000,02107,00000,LABS-HLA DONOR TESTING
441,A20K000,02108,00000,TRANSPORTATION IMPORT KIDNEY
441,A20K000,02109,00000,ROUNDING
441,A20K000,02110,00000,KIDNEY EXCHANGE COST
441,A20L000,02101,00000,LIVER BIOPSY NEEDLES
441,A20L000,02102,00000,OUTSIDE LAB LIVER BIOPOSIES
441,A20L000,02103,00000,LIVER BIOSPY TRANSPORTATION
441,A20L000,02104,00000,LIVER ACTIVASE
441,A20P000,02101,00000,TRANSPORTATION TISSUE TYPING
441,A20U000,02102,00000,LUNG FLYOUT COST
441,A400010,00100,00000,RECLASS RENT & ELECTRIC
441,A400010,00100,00100,A
441,A400010,00100,00200,CAPITAL COSTS-BLDG & FIXT
441,A400010,00100,00500,ADMINISTRATIVE & GENERAL
441,A400010,00200,00000,OPERATION & MAINTENANCE
441,A400010,00200,00100,B
441,A400010,00200,00200,CAPITAL COSTS-BLDG & FIXT
441,A400010,00200,00500,OPERATION AND MAINTENANCE OF PLANT
441,A400010,00300,00000,RECLASS MOVABLE EQUIPMENT
441,A400010,00300,00100,C
441,A400010,00300,00200,CAPITAL COSTS-MVBLE EQUIPMENT
441,A400010,00300,00500,ADMINISTRATIVE & GENERAL
441,A400010,00400,00000,ALLOCATE COST TO TISSUE FOR O/H
441,A400010,00400,00100,D
441,A400010,00400,00200,TISSUE
441,A400010,00400,00500,ORGAN ACQUISITION OVERHEAD
441,A400010,00500,00000,AMT EXCLUDED FROM TISSUE O/H ALLOCA
441,A400010,00500,00100,E
441,A400010,00500,00200,ORGAN ACQUISITION OVERHEAD
441,A400010,00500,00500,ORGAN ACQUISITION OVERHEAD
441,A400010,00600,00000,RECLASS PRESERVATION COSTS
441,A400010,00600,00100,F
441,A400010,00600,00200,KIDNEY ACQUISITIONS
441,A400010,00700,00000,RECLASS PRESERVATION COSTS
441,A400010,00700,00100,F
441,A400010,00700,00200,LIVER ACQUISITIONS
441,A400010,00800,00000,RECLASS PRESERVATION COSTS
441,A400010,00800,00100,F
441,A400010,00800,00200,HEART ACQUISITIONS
441,A400010,00900,00000,RECLASS PRESERVATION COSTS
441,A400010,00900,00100,F
441,A400010,00900,00200,PANCREAS ACQUISITIONS
441,A400010,01000,00000,RECLASS PRESERVATION COSTS
441,A400010,01000,00100,F
441,A400010,01000,00200,LUNG ACQUISITIONS
441,A400010,01000,00500,PROCUREMENT COORDINATORS
441,A400010,01100,00000,RECLASS PRESERVATION COSTS
441,A400010,01100,00100,F
441,A400010,01100,00500,ORGAN ACQUISITION OVERHEAD
441,A400010,01200,00000,ALLOCATE CAPITAL COSTS TO TISSUE
441,A400010,01200,00100,H
441,A400010,01200,00200,TISSUE
441,A400010,01200,00500,CAPITAL COSTS-BLDG & FIXT
441,A400010,01300,00000,ALLOCATE CAPITAL COSTS TO TISSUE
441,A400010,01300,00100,H
441,A400010,01300,00200,ADMINISTRATIVE & GENERAL
441,A400010,01300,00500,CAPITAL COSTS-MVBLE EQUIPMENT
441,A400010,01400,00000,ALLOCATE CAPITAL COSTS TO TISSUE
441,A400010,01400,00100,H
441,A400010,01400,00200,25.01 FOUNDATION COSTS CENTER
441,A500010,00800,00100,B
441,A500010,00800,00300,PROCUREMENT COORDINATORS
441,A500010,01200,00100,A
441,A500010,01200,00300,ADMINISTRATIVE & GENERAL
441,A500010,01500,00000,IMPORT KIDNEY PUMPING REVENUE
441,A500010,01500,00100,B
441,A500010,01500,00300,KIDNEY ACQUISITIONS
441,A500010,01501,00000,AOPO DUES LOBBYING
441,A500010,01501,00100,A
441,A500010,01501,00300,ADMINISTRATIVE & GENERAL
441,A500010,01502,00000,PROMOTIONAL EXPENSES
441,A500010,01502,00100,A
441,A500010,01502,00300,PUBLIC EDUCATION
441,A500010,01600,00000,KIDNEY EXCHANGE REVENUE
441,A500010,01600,00100,B
441,A500010,01600,00300,KIDNEY ACQUISITIONS
441,A500010,01601,00000,PRESERVATION SERVICE CONTRACT
441,A500010,01601,00100,B
441,A500010,01601,00300,PROCUREMENT COORDINATORS
441,A500010,01602,00000,ORGAN DONOR TRANSPORTATION
441,A500010,01602,00100,B
441,A500010,01602,00300,PROCUREMENT COORDINATORS
441,A500010,01603,00000,HEART FLY OUT COST OFFSET
441,A500010,01603,00100,A
441,A500010,01603,00300,HEART ACQUISITIONS
441,A500010,01604,00000,LUNG FLYOUT COST OFFSET
441,A500010,01604,00100,A
441,A500010,01604,00300,LUNG ACQUISITIONS
441,A500010,01605,00000,OFF SITE MEETING
441,A500010,01605,00100,A
441,A500010,01605,00300,ADMINISTRATIVE & GENERAL
441,A51000A,00100,00100,N
441,A60000A,00700,00000,LEASEHOLD IMPROVEMENTS
441,A60000A,00701,00000,PROCUREMENT EQUIPMENT
441,A60000B,00800,00000,8    LEASEHOLD IMPROVEMENTS
441,A60000C,00500,00100,N
441,B10000*,00100,00200,CAP BLDG
441,B10000*,00100,00300,CAP COSTS
441,B10000*,00100,00400,EMPLOYEE
441,B10000*,00100,00500,MEDICAL
441,B10000*,00100,00800,ORGAN
441,B10000*,00100,01000,ADMIN &
441,B10000*,00200,00200,OP PLANT &
441,B10000*,00200,00300,MOVABLE
441,B10000*,00200,00400,BENEFITS
441,B10000*,00200,00500,SUPPLIES
441,B10000*,00200,00800,ACQUISITN
441,B10000*,00200,01000,GENERAL
441,B10000*,00300,00200,HOUSEKEEP
441,B10000*,00300,00300,EQUIPMENT
441,B10000*,00300,00800,COSTS
441,B10000*,00400,00200,SQUARE
441,B10000*,00400,00300,DOLLAR
441,B10000*,00400,00400,ADJUST
441,B10000*,00400,00500,COSTED
441,B10000*,00400,00800,NUMBER
441,B10000*,00400,01000,ACCUM
441,B10000*,00500,00200,FEET
441,B10000*,00500,00300,VALUE
441,B10000*,00500,00400,SALARIES
441,B10000*,00500,00500,REQUISIT
441,B10000*,00500,00800,ORGANS
441,B10000*,00500,01000,COSTS
441,B10000*,00600,00200,1
441,B10000*,00600,00300,2
441,B10000*,00600,00400,3
441,B10000*,00600,00500,3
441,B10000*,00600,00800,3
441,B10000*,00600,01000,3
441,B100000,00000,01000,X
441,E000000,00900,00000,OTHER CURRENT ASSETS
441,E000000,02600,00000,OTHER FIXED ASSETS
441,E000000,03100,00000,DEFERRED COMP 457B & OPERATING LEASE
441,E000000,03900,00000,ACCRUED EXPENSES
441,E000000,04100,00000,DUE TO MEDICARE
441,E000000,04600,00000,OPERATING LEASE LIABILITY
441,E000000,04800,00000,DEFERRED COMPENSATION 457B
441,E100001,00700,00000,RESEARCH & GRANTS
441,E100001,00800,00000,IMPORT ORGAN PRESERVATION SERVI
441,E100001,00900,00000,TISSUE REVENUE
441,E100001,00901,00000,MANAGEMENT FEE
441,E100001,00902,00000,OTHER INCOME
441,E100001,00903,00000,PROGRAM SERVICES
441,E100002,00300,00000,ROUNDING
441,E100002,00800,00000,FOUNDATION COST CENTER
441,E100002,00900,00000,ROUNDING
441,E200000,01500,00000,ROUNDING
441,E200000,02704,00000,RENT EXP ADDED TO REVENUE
441,S000000,00100,00100,X
441,S000000,00400,00100,1
441,S000000,00500,00100,05/22/2023
441,S000000,00600,00100,10001
441,S000000,00700,00100,N
441,S000000,00800,00100,N
441,S000000,01000,00100,4
441,S000001,00100,00100,LIVEONNY  INC.
441,S000001,00100,00200,33P003
441,S000001,00101,00100,30-30 47TH AVENUE  9TH FLOOR
441,S000001,00102,00100,LONG ISLAND CITY
441,S000001,00102,00200,NY
441,S000001,00102,00300,11101
441,S000001,00300,00100,01/01/2022
441,S000001,00300,00200,12/31/2022
441,S000001,00400,00100,6
441,S000001,00400,00300,1
441,S000001,00400,00400,04/01/1979
441,S000001,00401,00300,1
441,S000002,00100,00200,Y
441,S000002,00300,00100,CFO
441,S000002,00400,00100,05/19/2023
441,S100001,00700,00100,N
441,S100001,00810,00000,INTESTINE
441,S100001,00811,00000,KID-PUMP-IMP
441,S100001,00812,00000,KIDNEY EXCHAN
441,S100001,00813,00000,RESEARCH/OTHE
441,S100001,00814,00000,FLYOUTS
441,S100001,00815,00000,DTA
441,S100001,00816,00000,SAPHENOUS
441,S100001,00817,00000,AORTOILLIAC
441,S100001,00818,00000,FEMORAL
441,S100001,00819,00000,VCA/TRACHEA
441,S100001,00820,00000,OTHER
441,S100003,00100,00100,MEDICAL DIRECTOR
441,S100003,00100,00300,MEDICAL DIRECTOR
441,S100003,00100,00500,LAB DIRECTOR
441,S100003,00101,00100,EXEC. DIRECTOR
441,S100003,00101,00300,PROCUREMENT COORDINATOR
441,S100003,00101,00500,TECHNICIANS
441,S100003,00102,00100,CLERICAL
441,S100003,00102,00300,PRESERVATION TECHNICIANS
441,S100003,00102,00500,TISSUE TYPING TECH.
441,S100003,00103,00100,OTHER
441,S100003,00103,00300,DONOR CENTER/ALLOCATION
441,S100003,00103,00500,OTHER
441,S100003,00104,00100,TRAINING & ED
441,S100003,00104,00300,TISSUE
441,S100003,00105,00300,PI & DATA
441,S100003,00106,00300,HOSPITAL SERVICES
441,S100003,00107,00300,COMMUNITY
441,S100003,00108,00300,FAMILY SERVICES
441,S200000,00100,00100,N
441,S200000,00200,00100,N
441,S200000,00300,00100,N
441,S200000,00400,00100,Y
441,S200000,00400,00200,A
441,S200000,00500,00100,N
441,S200000,00600,00300,VP FINANCIAL SERVICES
441,S200000,00700,00100,LIVEONNY
450,A000000,00100,00000,0100CAPITAL COSTS-BLDG & FIXT
450,A000000,00200,00000,0200CAPITAL COSTS-MVBLE EQUIPMENT
450,A000000,00300,00000,0300EMPLOYEE BENEFITS
450,A000000,00400,00000,0400ADMINISTRATIVE & GENERAL
450,A000000,00500,00000,0500OPERATION AND MAINTENANCE OF PLANT
450,A000000,00600,00000,0600HOUSEKEEPING
450,A000000,00700,00000,0700MEDICAL SUPPLIES
450,A000000,00800,00000,0800OTHER OVERHEAD
450,A000000,00900,00000,0900PROCUREMENT COORDINATORS
450,A000000,01000,00000,1000PROFESSIONAL EDUCATION
450,A000000,01100,00000,1100PUBLIC EDUCATION
450,A000000,01200,00000,1200QUALITY SERVICES
450,A000000,01201,00000,1201FAMILY SERVICES
450,A000000,01202,00000,1202CALL CENTER
450,A000000,01300,00000,1300KIDNEY ACQUISITIONS
450,A000000,01400,00000,1400TISSUE TYPING LABORATORY
450,A000000,01500,00000,1500LIVER ACQUISITIONS
450,A000000,01600,00000,1600HEART ACQUISITIONS
450,A000000,01700,00000,1700PANCREAS ACQUISITIONS
450,A000000,01800,00000,1800LUNG ACQUISITIONS
450,A000000,01900,00000,1900INTESTINE ACQUISITIONS
450,A000000,01901,00000,1901ORGAN-OTHER
450,A000000,02100,00000,2100RESEARCH
450,A000000,02200,00000,2200BLOOD BANK
450,A000000,02300,00000,2300LABORATORY-NON-TISSUE TYPING
450,A000000,02400,00000,2400DIALYSIS UNITS
450,A000000,02500,00000,2500TISSUE
450,A000000,02501,00000,2501OCULAR
450,A000000,02502,00000,2502NORTHERN NEVADA
450,A000000,02503,00000,2503LIVING DONATION
450,A000000,02504,00000,2504BONE MARROW
450,A100000,01700,00000,A&G
450,A100000,01800,00000,DEPRECIATION
450,A100000,01900,00000,EMPLOYEE BENEFITS
450,A100000,01901,00000,NETWORK DUES
450,A20H000,00900,00000,CARDIOLOGY
450,A20H000,02100,00000,OUTSIDE LAB - HEART
450,A20K000,00900,00000,OTHER HOSPITAL COSTS
450,A20K000,02100,00000,OUTSIDE LAB - KIDNEY
450,A20L000,00900,00000,OTHER HOSPITAL COSTS
450,A20L000,02100,00000,OUTSIDE LAB-LIVER
450,A20O000,00900,00000,OTHER HOSPITAL COSTS
450,A20O000,02100,00000,OUTSIDE LAB-INTESTINE
450,A20O001,00900,00000,OTHER HOSPITAL COSTS
450,A20O001,02100,00000,OUTSIDE LAB-OTHER
450,A20P000,00900,00000,OTHER HOSPITAL COSTS
450,A20P000,02100,00000,OUTSIDE LAB-PANC
450,A20U000,00900,00000,OTHER HOSPITAL COSTS
450,A20U000,02100,00000,OUTSIDE LAB-LUNG
450,A300000,00600,00000,OTHER TISSUE TYPING COSTS
450,A300000,00700,00000,DEPRECIATION
450,A300000,00800,00000,DUES
450,A300000,00900,00000,TRAINING AND TRAVEL
450,A300000,01000,00000,EQUIP
450,A300000,01001,00000,PRESERVATION
450,A300000,01002,00000,TRANSPORTATION FOR SPECIMENS
450,A300000,01003,00000,INSURANCE AND BUILDING
450,A300000,01004,00000,SUPPLIES & OTHER
450,A400010,00100,00000,PAYROLL TAXES
450,A400010,00100,00100,A
450,A400010,00100,00200,PROCUREMENT COORDINATORS
450,A400010,00100,00500,ADMINISTRATIVE & GENERAL
450,A400010,00200,00000,PAYROLL TAXES
450,A400010,00200,00100,A
450,A400010,00200,00200,PROFESSIONAL EDUCATION
450,A400010,00300,00000,PAYROLL TAXES
450,A400010,00300,00100,A
450,A400010,00300,00200,QUALITY SERVICES
450,A400010,00400,00000,PAYROLL TAXES
450,A400010,00400,00100,A
450,A400010,00400,00200,FAMILY SERVICES
450,A400010,00500,00000,PAYROLL TAXES
450,A400010,00500,00100,A
450,A400010,00500,00200,CALL CENTER
450,A400010,00600,00000,PAYROLL TAXES
450,A400010,00600,00100,A
450,A400010,00600,00200,KIDNEY ACQUISITIONS
450,A400010,00700,00000,PAYROLL TAXES
450,A400010,00700,00100,A
450,A400010,00700,00200,TISSUE TYPING LABORATORY
450,A400010,00800,00000,PAYROLL TAXES
450,A400010,00800,00100,A
450,A400010,00800,00200,TISSUE
450,A400010,00900,00000,PAYROLL TAXES
450,A400010,00900,00100,A
450,A400010,00900,00200,OCULAR
450,A400010,01000,00000,PAYROLL TAXES
450,A400010,01000,00100,A
450,A400010,01000,00200,NORTHERN NEVADA
450,A400010,01100,00000,PAYROLL TAXES
450,A400010,01100,00100,A
450,A400010,01100,00200,LIVING DONATION
450,A400010,01200,00000,PAYROLL TAXES
450,A400010,01200,00100,A
450,A400010,01200,00200,BONE MARROW
450,A400010,01300,00000,TISSUE OVERHEAD
450,A400010,01300,00100,B
450,A400010,01300,00200,TISSUE
450,A400010,01300,00500,PROCUREMENT COORDINATORS
450,A400010,01400,00000,TISSUE OVERHEAD
450,A400010,01400,00100,B
450,A400010,01400,00200,OCULAR
450,A400010,01400,00500,PROFESSIONAL EDUCATION
450,A400010,01500,00000,TISSUE OVERHEAD
450,A400010,01500,00100,B
450,A400010,01500,00500,QUALITY SERVICES
450,A400010,01600,00000,TISSUE OVERHEAD
450,A400010,01600,00100,B
450,A400010,01600,00500,FAMILY SERVICES
450,A400010,01700,00000,TISSUE OVERHEAD
450,A400010,01700,00100,B
450,A400010,01700,00500,CALL CENTER
450,A400010,01800,00000,DIRECT ORGAN AQUISITION COSTS
450,A400010,01800,00100,C
450,A400010,01800,00200,KIDNEY ACQUISITIONS
450,A400010,01800,00500,ORGAN-OTHER
450,A400010,01900,00000,DIRECT ORGAN AQUISITION COSTS
450,A400010,01900,00100,C
450,A400010,01900,00200,LIVER ACQUISITIONS
450,A400010,02000,00000,DIRECT ORGAN AQUISITION COSTS
450,A400010,02000,00100,C
450,A400010,02000,00200,HEART ACQUISITIONS
450,A400010,02100,00000,DIRECT ORGAN AQUISITION COSTS
450,A400010,02100,00100,C
450,A400010,02100,00200,PANCREAS ACQUISITIONS
450,A400010,02200,00000,DIRECT ORGAN AQUISITION COSTS
450,A400010,02200,00100,C
450,A400010,02200,00200,LUNG ACQUISITIONS
450,A400010,02300,00000,BLDG OVEREHAD COST
450,A400010,02300,00100,D
450,A400010,02300,00200,ADMINISTRATIVE & GENERAL
450,A400010,02300,00500,PROCUREMENT COORDINATORS
450,A400010,02400,00000,BLDG OVEREHAD COST
450,A400010,02400,00100,D
450,A400010,02400,00500,PROFESSIONAL EDUCATION
450,A400010,02500,00000,BLDG OVEREHAD COST
450,A400010,02500,00100,D
450,A400010,02500,00500,QUALITY SERVICES
450,A400010,02600,00000,BLDG OVEREHAD COST
450,A400010,02600,00100,D
450,A400010,02600,00500,FAMILY SERVICES
450,A400010,02700,00000,BLDG OVEREHAD COST
450,A400010,02700,00100,D
450,A400010,02700,00500,CALL CENTER
450,A400010,02800,00000,BLDG OVEREHAD COST
450,A400010,02800,00100,D
450,A400010,02800,00500,TISSUE TYPING LABORATORY
450,A400010,02900,00000,BLDG OVEREHAD COST
450,A400010,02900,00100,D
450,A400010,02900,00500,TISSUE
450,A400010,03000,00000,BLDG OVEREHAD COST
450,A400010,03000,00100,D
450,A400010,03000,00500,OCULAR
450,A400010,03100,00000,BLDG OVEREHAD COST
450,A400010,03100,00100,D
450,A400010,03100,00500,NORTHERN NEVADA
450,A400010,03200,00000,BLDG OVEREHAD COST
450,A400010,03200,00100,D
450,A400010,03200,00500,LIVING DONATION
450,A400010,03300,00000,BLDG OVEREHAD COST
450,A400010,03300,00100,D
450,A400010,03300,00500,BONE MARROW
450,A500010,01200,00100,B
450,A500010,01200,00300,CAPITAL COSTS-MVBLE EQUIPMENT
450,A500010,01500,00000,REBATES &REFUNDA - ADMIN
450,A500010,01500,00100,B
450,A500010,01500,00300,ADMINISTRATIVE & GENERAL
450,A500010,01503,00000,NONALLOWABLE INTEREST EXPENSE
450,A500010,01503,00100,A
450,A500010,01503,00300,CAPITAL COSTS-MVBLE EQUIPMENT
450,A500010,01504,00000,GALA REVENUE
450,A500010,01504,00100,A
450,A500010,01504,00300,PROFESSIONAL EDUCATION
450,A500010,01600,00000,AOPO LOBBYING
450,A500010,01600,00100,A
450,A500010,01600,00300,ADMINISTRATIVE & GENERAL
450,A51000A,00100,00100,N
450,A60000A,00700,00000,BLDG & EQUIP
450,B10000*,00100,00200,CAP BLDG
450,B10000*,00100,00300,CAP COSTS
450,B10000*,00100,00400,EMPLOYEE
450,B10000*,00100,00500,MEDICAL
450,B10000*,00100,00800,ORGAN
450,B10000*,00100,01000,ADMIN &
450,B10000*,00200,00200,OP PLANT &
450,B10000*,00200,00300,MOVABLE
450,B10000*,00200,00400,BENEFITS
450,B10000*,00200,00500,SUPPLIES
450,B10000*,00200,00800,ACQUISITN
450,B10000*,00200,01000,GENERAL
450,B10000*,00300,00200,HOUSEKEEP
450,B10000*,00300,00300,EQUIPMENT
450,B10000*,00300,00800,COSTS
450,B10000*,00400,00200,SQUARE
450,B10000*,00400,00300,SQUARE
450,B10000*,00400,00400,ADJUST
450,B10000*,00400,00500,COSTED
450,B10000*,00400,00800,NUMBER
450,B10000*,00400,01000,ACCUM
450,B10000*,00500,00200,FEET
450,B10000*,00500,00300,FEET
450,B10000*,00500,00400,SALARIES
450,B10000*,00500,00500,REQUISIT
450,B10000*,00500,00800,ORGANS
450,B10000*,00500,01000,COSTS
450,B10000*,00600,00200,1
450,B10000*,00600,00300,2
450,B10000*,00600,00400,3
450,B10000*,00600,00500,3
450,B10000*,00600,00800,3
450,B10000*,00600,01000,3
450,B100000,00000,01000,X
450,E000000,00900,00000,457 ASSET
450,E000000,02600,00000,CIP
450,E000000,03100,00000,OTHER ASSETS
450,E000000,03900,00000,OPERATING LEASE LIABILITY
450,E000000,04100,00000,FINANCE LEASE LIABILITY
450,E000000,04600,00000,OPERATING LEASE LIABILITY
450,E000000,04700,00000,FINANCE LEASE LIABILITY
450,E100001,00700,00000,TISSUE
450,E100001,00800,00000,OCULAR
450,E100001,00900,00000,LIVING DONATION
450,E100001,00901,00000,OTHER
450,E100002,00300,00000,OTHER EXPENSES
450,E200000,02000,00000,OTHER REVENUES
450,E200000,02100,00000,NET ASSETS RELEASED FROM RESTRICTION
450,E200000,02200,00000,INTEREST INCOME
450,E200000,02600,00000,OTHER EXPENSES
450,E200000,02700,00000,LOSS ON INVESTMENTS
450,E200000,02701,00000,NET ASSETS RELEASED FROM RESTRICTION
450,S000000,00100,00100,X
450,S000000,00400,00100,1
450,S000000,00500,00100,05/26/2023
450,S000000,00600,00100,10001
450,S000000,00700,00100,N
450,S000000,00800,00100,N
450,S000000,01000,00100,4
450,S000001,00100,00100,NEVADA DONOR NETWORK INC
450,S000001,00100,00200,29P001
450,S000001,00101,00100,2055 E SAHARA AVENUE
450,S000001,00102,00100,LAS VEGAS
450,S000001,00102,00200,NV
450,S000001,00102,00300,89104-3829
450,S000001,00200,00100,NEVADA DONOR NETWORK INC
450,S000001,00200,00200,29HL01
450,S000001,00201,00100,2059 E SAHARA AVENUE
450,S000001,00202,00100,LAS VEGAS
450,S000001,00202,00200,NV
450,S000001,00202,00300,89104-3829
450,S000001,00300,00100,01/01/2022
450,S000001,00300,00200,12/31/2022
450,S000001,00400,00100,6
450,S000001,00400,00300,1
450,S000001,00400,00400,10/01/1985
450,S000001,00401,00100,6
450,S000001,00401,00300,2
450,S000001,00401,00400,01/01/2006
450,S000002,00100,00200,Y
450,S000002,00300,00100,PRESIDENT/CEO
450,S000002,00400,00100,05/25/2023
450,S100001,00700,00100,N
450,S100001,00810,00000,INTESTINE
450,S100001,00811,00000,DRG
450,S100001,00812,00000,VEINS
450,S100001,00813,00000,LIVING DONATION
450,S100002,00400,00100,HLA CLASS I AND II LOW RESOLUTION TY
450,S100002,00401,00100,HLA CLASS I TYPING  EXTENDED
450,S100002,00402,00100,HLA CLASS II TYPING  EXTENDED
450,S100002,00403,00100,ABO TYPING
450,S100002,00404,00100,ABO SUBTYPE
450,S100002,00405,00100,FLOW CROSSMATCH  T-CELL (LIVING DONO
450,S100002,00406,00100,FLOW CROSSMATCH  B-CELL (LIVING DONO
450,S100002,00407,00100,FLOW CROSSMATCH  T-CELL (NON-LIVING
450,S100002,00408,00100,FLOW CROSSMATCH  B-CELL (NON- LIVING
450,S100002,00409,00100,FLOW CROSSMATCH  T-CELL (AUTOLOGOUS)
450,S100002,00410,00100,FLOW CROSSMATCH  B-CELL (AUTOLOGOUS)
450,S100002,00411,00100,FLOW CROSSMATCH  T-CELL (SURROGATE)
450,S100002,00412,00100,FLOW CROSSMATCH  B-CELL (SURROGATE)
450,S100002,00413,00100,FLOW CROSSMATCH  T-CELL (SUPPLEMENTA
450,S100002,00414,00100,FLOW CROSSMATCH  B-CELL (SUPPLEMENTA
450,S100002,00415,00100,HLA ANTIBODY ID (SAB) CLASS I
450,S100002,00416,00100,HLA ANTIBODY ID (SAB) CLASS II
450,S100002,00417,00100,HLA ANTIBODY ID (SAB) CLASS I DILUTI
450,S100002,00418,00100,HLA ANTIBODY ID (SAB) CLASS II DILUT
450,S100002,00419,00100,HLA ANTIBODY ID  SUPPLEMENTAL TESTIN
450,S100002,00420,00100,HLA ANTIBODY ID  SUPPLEMENTAL TESTIN
450,S100002,00421,00100,PROCESSING AND STORAGE FEE
450,S100002,00422,00100,SUPPLEMENTAL SERUM TREATMENT (E.G.
450,S100002,00423,00100,AFTER HOURS FEE*
450,S100002,00424,00100,STAT FEE**
450,S100003,00100,00100,MEDICAL DIRECTOR
450,S100003,00100,00300,MEDICAL DIRECTOR
450,S100003,00100,00500,LAB DIRECTOR
450,S100003,00101,00100,EXEC. DIRECTOR
450,S100003,00101,00300,PROCUREMENT COORDINATOR
450,S100003,00101,00500,TECHNICIANS
450,S100003,00102,00100,CLERICAL
450,S100003,00102,00300,PRESERVATION TECHNICIANS
450,S100003,00102,00500,TISSUE TYPING TECH.
450,S100003,00103,00100,OTHER
450,S100003,00103,00300,OTHER
450,S100003,00103,00500,OTHER
450,S200000,00100,00100,N
450,S200000,00200,00100,N
450,S200000,00300,00100,N
450,S200000,00400,00100,Y
450,S200000,00400,00200,A
450,S200000,00500,00100,N
450,S200000,00600,00300,PRESIDENT CEO
450,S200000,00700,00100,NEVADA DONOR NETWORK INC
451,A000000,00100,00000,0100CAPITAL COSTS-BLDG & FIXT
451,A000000,00200,00000,0200CAPITAL COSTS-MVBLE EQUIPMENT
451,A000000,00300,00000,0300EMPLOYEE BENEFITS
451,A000000,00400,00000,0400ADMINISTRATIVE & GENERAL
451,A000000,00500,00000,0500OPERATION AND MAINTENANCE OF PLANT
451,A000000,00600,00000,0600HOUSEKEEPING
451,A000000,00700,00000,0700MEDICAL SUPPLIES
451,A000000,00800,00000,0800OTHER OVERHEAD
451,A000000,00900,00000,0900PROCUREMENT COORDINATORS
451,A000000,01000,00000,1000PROFESSIONAL EDUCATION
451,A000000,01100,00000,1100PUBLIC EDUCATION
451,A000000,01200,00000,1200OTHER ACQUISITION
451,A000000,01300,00000,1300KIDNEY ACQUISITIONS
451,A000000,01400,00000,1400TISSUE TYPING LABORATORY
451,A000000,01500,00000,1500LIVER ACQUISITIONS
451,A000000,01600,00000,1600HEART ACQUISITIONS
451,A000000,01700,00000,1700PANCREAS ACQUISITIONS
451,A000000,01800,00000,1800LUNG ACQUISITIONS
451,A000000,01900,00000,1900OTHER ACQUISITIONS
451,A000000,02100,00000,2100RESEARCH
451,A000000,02200,00000,2200BLOOD BANK
451,A000000,02300,00000,2300LABORATORY-NON-TISSUE TYPING
451,A000000,02400,00000,2400DIALYSIS UNITS
451,A000000,02500,00000,2500FOUNDATION
451,A000000,02501,00000,2501BONE & TISSUE
451,A100000,01700,00000,POSTAGE
451,A100000,01800,00000,BOOKS & SUBSCRIPTIONS
451,A100000,01901,00000,EQUIP MAINT & REPAIRS
451,A100000,01902,00000,COMPUTER SUPPORT
451,A100000,01903,00000,AUTO EXPENSE
451,A100000,01904,00000,DUES & EXPENSE
451,A100000,01905,00000,BAD DEBTS
451,A100000,01906,00000,CONSULTANT
451,A100000,01907,00000,RECRUITMENT EXPENSE
451,A100000,01908,00000,QUALITY OF WORK LIFE
451,A100000,01909,00000,PRINTING
451,A100000,01910,00000,BANKCHARGES
451,A100000,01911,00000,INTEREST
451,A100000,01912,00000,PART TIME PERSONNEL
451,A20H000,02100,00000,TRANSPORTATION SURGEONS
451,A20K000,02100,00000,TRANSPORTATION SURGEONS
451,A20K000,02101,00000,BIOPSY OH
451,A20L000,00900,00000,OTHER
451,A20L000,02100,00000,TRANSPORTATION SURGEONS
451,A20O000,00900,00000,OTHER
451,A20P000,02100,00000,TRANSPORTATION SURGEONS
451,A20U000,02100,00000,TRANSPORTATIONSURGEONS
451,A300000,00600,00000,OTHER TISUE TYPING COST
451,A300000,00700,00000,BLOOD BANK REAGENTS
451,A300000,00800,00000,HLA REAGENTS
451,A300000,00900,00000,AMORTIZATION OF LAB SOFTWARE
451,A400010,00100,00000,TISSUE OVERHEAD RECLASS
451,A400010,00100,00100,A
451,A400010,00100,00200,BONE & TISSUE
451,A400010,00100,00500,PROCUREMENT COORDINATORS
451,A500010,00800,00100,B
451,A500010,00800,00300,OTHER ACQUISITION
451,A500010,01604,00000,MOLECULAR LAB
451,A500010,01604,00100,A
451,A500010,01604,00300,CAPITAL COSTS-BLDG & FIXT
451,A500010,01605,00000,OTHER INCOME
451,A500010,01605,00100,B
451,A500010,01605,00300,ADMINISTRATIVE & GENERAL
451,A500010,01607,00000,LEGISLATIVE LOBBYING
451,A500010,01607,00100,A
451,A500010,01607,00300,ADMINISTRATIVE & GENERAL
451,A500010,01608,00000,BAD DEBT - GENERAL
451,A500010,01608,00100,A
451,A500010,01608,00300,ADMINISTRATIVE & GENERAL
451,A51000A,00100,00100,Y
451,A51000B,00100,00200,FOUNDATION
451,A51000B,00100,00300,FOUNDATION COSTS
451,A51000C,00100,00100,C
451,A51000C,00100,00400,SHARING NETWORK FOUNDATION
451,A51000C,00100,00600,FOUNDATION
451,A60000A,00700,00000,LEASEHOLD IMPROVEMENTS
451,A60000B,00800,00000,LEASEHOLDIMPROVEMENT
451,A60000C,00500,00100,N
451,B10000*,00100,00200,CAP BLDG
451,B10000*,00100,00300,CAP COSTS
451,B10000*,00100,00400,EMPLOYEE
451,B10000*,00100,00500,MEDICAL
451,B10000*,00100,00800,ORGAN
451,B10000*,00100,01000,ADMIN &
451,B10000*,00200,00200,OP PLANT &
451,B10000*,00200,00300,MOVABLE
451,B10000*,00200,00400,BENEFITS
451,B10000*,00200,00500,SUPPLIES
451,B10000*,00200,00800,ACQUISITN
451,B10000*,00200,01000,GENERAL
451,B10000*,00300,00200,HOUSEKEEP
451,B10000*,00300,00300,EQUIPMENT
451,B10000*,00300,00800,COSTS
451,B10000*,00400,00200,SQUARE
451,B10000*,00400,00300,DOLLAR
451,B10000*,00400,00400,ADJUST
451,B10000*,00400,00500,COSTED
451,B10000*,00400,00800,NUMBER
451,B10000*,00400,01000,ACCUM
451,B10000*,00500,00200,FEET
451,B10000*,00500,00300,VALUE
451,B10000*,00500,00400,SALARIES
451,B10000*,00500,00500,REQUISIT
451,B10000*,00500,00800,ORGANS
451,B10000*,00500,01000,COSTS
451,B10000*,00600,00200,1
451,B10000*,00600,00300,2
451,B10000*,00600,00400,3
451,B10000*,00600,00500,3
451,B10000*,00600,00800,3
451,B10000*,00600,01000,3
451,B100000,00000,01000,X
451,E000000,00900,00000,CASH SURRENDER LIFE INSURANCE
451,E000000,02600,00000,OTHER FIXED ASSETS
451,E000000,03100,00000,RIGHT OF USE ASSETS - NET
451,E000000,03900,00000,LEASE LIABILITY
451,E000000,04100,00000,CURRENT PORTION OF LONG TERM DEBT
451,E000000,04600,00000,DEFERRED COMPENSATION
451,E000000,04700,00000,LONG TERM DEBT
451,E000000,04800,00000,LEASE LIABILITY
451,E100001,00700,00000,EST MEDICARE SETTLEMENT
451,E100001,00800,00000,OTHE PROCUREMENT REVENUE
451,E100002,00300,00000,PAYROLL REIMBURSEMENTS
451,E100002,00400,00000,MOLECULAR LAB
451,E100002,00500,00000,NONREIMBURSABLE COSTS
451,E100002,00501,00000,INTEREST EXPENSE
451,E100002,00800,00000,SHARING NETWORK FOUNDATION EXPENSE
451,E100002,00900,00000,INVESTMENT EXPENSES
451,E200000,01500,00000,GRANTS FROM SHARING NETWORK FOUNDATI
451,E200000,01600,00000,LICENSE PLATE GRANTS
451,E200000,01700,00000,OTHER REVENUE
451,E200000,01800,00000,MISCELLANEOUS INCOME
451,E200000,01900,00000,INTEREST INCOME
451,E200000,02000,00000,INSURANCE SETTLEMENT
451,E200000,02100,00000,PAYROLL REIMBURSEMENTS
451,E200000,02200,00000,GAIN ON DISPOSAL OF PROPERTY
451,E200000,02600,00000,CASH SURRENDER VALUE OF LIFE INSUR
451,E200000,02700,00000,MOLECULAR RESEARCH LAB
451,E200000,02701,00000,GAIN/LOSS FROM INVESTMENTS
451,E200000,02702,00000,MISC EXPENSE
451,S000000,00100,00100,X
451,S000000,00400,00100,1
451,S000000,00500,00100,05/25/2023
451,S000000,00600,00100,10001
451,S000000,00700,00100,N
451,S000000,00800,00100,N
451,S000000,01000,00100,4
451,S000001,00100,00100,NEW JERSEY ORGAN & TISSUE SHARING NE
451,S000001,00100,00200,31P001
451,S000001,00101,00100,691 CENTRAL AVENUE
451,S000001,00102,00100,NEW PROVIDENCE
451,S000001,00102,00200,NJ
451,S000001,00102,00300,07974
451,S000001,00200,00100,NEW JERSEY ORGAN & TISSUE SHARING NE
451,S000001,00200,00200,31HL01
451,S000001,00201,00100,691 CENTRAL AVENUE
451,S000001,00202,00100,NEW PROVIDENCE
451,S000001,00202,00200,NJ
451,S000001,00202,00300,07974
451,S000001,00300,00100,01/01/2022
451,S000001,00300,00200,12/31/2022
451,S000001,00400,00100,6
451,S000001,00400,00300,1
451,S000001,00400,00400,01/01/1984
451,S000001,00401,00300,2
451,S000001,00401,00400,01/01/1984
451,S000002,00100,00200,Y
451,S000002,00300,00100,DIRECTOR OF FINANCE
451,S000002,00400,00100,05/24/2023
451,S100001,00700,00100,N
451,S100001,00810,00000,INTESTINE
451,S100002,00400,00100,ABO TITER
451,S100002,00401,00100,ABO TYPE
451,S100002,00402,00100,ABSORB LUMINEX SINGLE ANTIGEN BEAD C
451,S100002,00403,00100,ABSORB LUMINEX SINGLE ANTIGEN BEAD C
451,S100002,00404,00100,AUTOCROSSMATCH  T AND B CELLS  (FLOW
451,S100002,00405,00100,AUTOCROSSMATCH  T AND B CELLS  (FLOW
451,S100002,00406,00100,AUTOCROSSMATCH  T AND B CELLS  AHG O
451,S100002,00407,00100,DNA REFLEX TESTING
451,S100002,00408,00100,DNA CLASS I  HIGH RESOLUTION (SEND O
451,S100002,00409,00100,DNA CLASS II  HIGH RESOLUTION (SEND
451,S100002,00410,00100,DP-DNA HLA CLASS II TYPING
451,S100002,00411,00100,DQA - DNA HLA CLASS II TYPING
451,S100002,00412,00100,FINAL MAJOR CROSSMATCH  CLASS I AND
451,S100002,00413,00100,FINAL MAJOR CROSSMATCH  T AND B CELL
451,S100002,00414,00100,FLOW NON PRONASE T CELL AUTO CROSSMA
451,S100002,00415,00100,FLOW NON PRONASE T CELL MAJOR CROSSM
451,S100002,00416,00100,FLOW NON PRONASE T CELL MAJOR CROSSM
451,S100002,00417,00100,FLOW NON PRONASE T CELL MAJOR CROSSM
451,S100002,00418,00100,HLA ANTIBODY SCREENING  CLASS I (FLO
451,S100002,00419,00100,HLA ANTIBODY SCREENING  CLASS II (FL
451,S100002,00420,00100,HLA CLASS I LSPRA
451,S100002,00421,00100,HLA CLASS I TYPING  SEROLOGICAL OR D
451,S100002,00422,00100,HLA CLASS II LSPRA
451,S100002,00423,00100,HLA CLASS II TYPING  SEROLOGICAL OR
451,S100002,00424,00100,LRD OR IMPORT MAJOR X-MATCH  T AND B
451,S100002,00425,00100,LSPRA CLASS -I- ADSORB
451,S100002,00426,00100,LSPRA CLASS -II- ADSORB
451,S100002,00427,00100,LUMINEX SINGLE ANTIGEN BEAD C-I
451,S100002,00428,00100,LUMINEX SINGLE ANTIGEN BEAD C-II
451,S100002,00429,00100,LYMPHOCYTE CRYOPRESERVATION PROTOCOL
451,S100002,00430,00100,OFF HOURS STAT FEE
451,S100002,00431,00100,RBC ANTIBODY ID
451,S100002,00432,00100,RBC ANTIBODY SCREENING
451,S100002,00433,00100,RENAL ABSORB FLOW PRA I
451,S100002,00434,00100,RENAL ABSORB FLOW PRA II
451,S100002,00435,00100,RH TYPE
451,S100002,00436,00100,SAMPLE HANDLING CHARGES
451,S100002,00437,00100,VIRTUAL CROSSMATCH PREDICTIVE ALGORI
451,S100002,00438,00100,RBC AB SCREEN
451,S100003,00100,00100,MEDICAL DIRECTOR
451,S100003,00100,00300,MEDICAL DIRECTOR
451,S100003,00100,00500,LAB DIRECTOR
451,S100003,00101,00100,EXEC. DIRECTOR
451,S100003,00101,00300,PROCUREMENT COORDINATOR
451,S100003,00101,00500,TECHNICIANS
451,S100003,00102,00100,CLERICAL
451,S100003,00102,00300,PRESERVATION TECHNICIANS
451,S100003,00102,00500,TISSUE TYPING TECH.
451,S100003,00103,00100,OTHER
451,S100003,00103,00300,OTHER
451,S100003,00103,00500,OTHER
451,S200000,00100,00100,N
451,S200000,00200,00100,N
451,S200000,00300,00100,Y
451,S200000,00400,00100,Y
451,S200000,00400,00200,A
451,S200000,00500,00100,Y
451,S200000,00600,00300,DIRECTOR OF FINANCE
451,S200000,00700,00100,NJ SHARING NETWORK
455,A000000,00100,00000,0100CAPITAL COSTS-BLDG & FIXT
455,A000000,00200,00000,0200CAPITAL COSTS-MVBLE EQUIPMENT
455,A000000,00300,00000,0300EMPLOYEE BENEFITS
455,A000000,00400,00000,0400ADMINISTRATIVE & GENERAL
455,A000000,00500,00000,0500OPERATION AND MAINTENANCE OF PLANT
455,A000000,00600,00000,0600HOUSEKEEPING
455,A000000,00700,00000,0700MEDICAL SUPPLIES
455,A000000,00800,00000,0800OTHER OVERHEAD
455,A000000,00900,00000,0900PROCUREMENT COORDINATORS
455,A000000,01000,00000,1000PROFESSIONAL EDUCATION
455,A000000,01100,00000,1100PUBLIC EDUCATION
455,A000000,01200,00000,1200CALL CENTER
455,A000000,01201,00000,1202CENTRAL STERILE PROCESSING
455,A000000,01300,00000,1300KIDNEY ACQUISITIONS
455,A000000,01400,00000,1400TISSUE TYPING LABORATORY
455,A000000,01500,00000,1500LIVER ACQUISITIONS
455,A000000,01600,00000,1600HEART ACQUISITIONS
455,A000000,01700,00000,1700PANCREAS ACQUISITIONS
455,A000000,01800,00000,1800LUNG ACQUISITIONS
455,A000000,01900,00000,1900OTHER ACQUISITIONS
455,A000000,02100,00000,2100RESEARCH
455,A000000,02200,00000,2200BLOOD BANK
455,A000000,02300,00000,2300LABORATORY-NON-TISSUE TYPING
455,A000000,02400,00000,2400DIALYSIS UNITS
455,A000000,02500,00000,2500OTHER NON-REIMBURSABLE
455,A000000,02501,00000,2501BUILDING
455,A100000,01700,00000,EQUIPMENT MAINTENANCE
455,A100000,01800,00000,CONSULTING FEES
455,A100000,01900,00000,OTHER
455,A100000,01901,00000,CONTRACTED OFFICE SERVICES
455,A100000,01902,00000,EQUIPMENT RENTAL
455,A100000,01903,00000,MINOR EQUIPMENT
455,A100000,01904,00000,LICENSES  MEMBERSHIP  SUBSCRIPTIONS
455,A100000,01905,00000,GIFTS  AWARDS  HORORARIUMS
455,A100000,01906,00000,SPONSORSHIPS AND CONTRIBUTIONS
455,A100000,01907,00000,INVESTMENT FEES
455,A100000,01908,00000,AMORTIZATION BOND ISSUANCE COSTS
455,A100000,01909,00000,POSTAGE AND SHIPPING
455,A100000,01910,00000,BANK FEES
455,A20H000,02100,00000,OTHER SURGEON FEES
455,A20K000,02100,00000,OTHER SURGEON FEES
455,A20L000,02100,00000,OTHER SURGEON FEES
455,A20O000,02100,00000,OTHER SURGEON FEES
455,A20P000,02100,00000,OTHER SURGEON FEES
455,A20U000,02100,00000,OTHER SURGEON FEES
455,A300000,00600,00000,MEDICAL SUPPLIES
455,A300000,00700,00000,TRAVEL
455,A300000,00800,00000,POSTAGE AND SHIPPING
455,A300000,00900,00000,LICENSE  MEMBERSHIP  SUBSCRIPTION
455,A300000,01000,00000,JANITORIAL
455,A300000,01001,00000,TELEPHONE
455,A300000,01002,00000,EQUIPMENT RENTAL
455,A300000,01003,00000,IT LICENSE SOFTWARE FEES
455,A300000,01004,00000,OFFICE SUPPLIES
455,A300000,01005,00000,CONSULTING FEES
455,A300000,01006,00000,MINOR EQUIPMENT
455,A300000,01007,00000,GIFTS  AWARDS  HONORARIUMS
455,A300000,01008,00000,FEES FOR SERVICES
455,A400010,00100,00000,TISSUE RECLASS
455,A400010,00100,00100,B
455,A400010,00100,00200,OTHER NON-REIMBURSABLE
455,A400010,00100,00500,PROFESSIONAL EDUCATION
455,A400010,00200,00000,TISSUE RECLASS
455,A400010,00200,00100,B
455,A400010,00200,00200,OTHER NON-REIMBURSABLE
455,A400010,00200,00500,PUBLIC EDUCATION
455,A400010,00300,00000,TISSUE RECLASS
455,A400010,00300,00100,B
455,A400010,00300,00200,OTHER NON-REIMBURSABLE
455,A400010,00300,00500,PROCUREMENT COORDINATORS
455,A400010,00400,00000,TISSUE RECLASS
455,A400010,00400,00100,B
455,A400010,00400,00200,OTHER NON-REIMBURSABLE
455,A400010,00400,00500,CENTRAL STERILE PROCESSING
455,A400010,00500,00000,CALL CENTER RECLASS
455,A400010,00500,00100,C
455,A400010,00500,00200,OTHER NON-REIMBURSABLE
455,A400010,00500,00500,CALL CENTER
455,A400010,00600,00000,CALL CENTER RECLASS
455,A400010,00600,00100,C
455,A400010,00600,00200,ADMINISTRATIVE & GENERAL
455,A400010,00700,00000,CALL CENTER RECLASS
455,A400010,00700,00100,C
455,A400010,00700,00200,PROCUREMENT COORDINATORS
455,A400010,00800,00000,AVIATION RECLASS
455,A400010,00800,00100,D
455,A400010,00800,00200,LIVER ACQUISITIONS
455,A400010,00800,00500,KIDNEY ACQUISITIONS
455,A400010,00900,00000,AVIATION RECLASS
455,A400010,00900,00100,D
455,A400010,00900,00200,HEART ACQUISITIONS
455,A400010,01000,00000,AVIATION RECLASS
455,A400010,01000,00100,D
455,A400010,01000,00200,OTHER ACQUISITIONS
455,A400010,01100,00000,AVIATION RECLASS
455,A400010,01100,00100,D
455,A400010,01100,00200,LUNG ACQUISITIONS
455,A400010,01200,00000,AVIATION RECLASS
455,A400010,01200,00100,D
455,A400010,01200,00200,ADMINISTRATIVE & GENERAL
455,A400010,01300,00000,AVIATION RECLASS
455,A400010,01300,00100,D
455,A400010,01300,00200,PANCREAS ACQUISITIONS
455,A400010,01400,00000,BUILDING RECLASS
455,A400010,01400,00100,E
455,A400010,01400,00200,CAPITAL COSTS-BLDG & FIXT
455,A400010,01400,00500,BUILDING
455,A400010,01500,00000,BUILDING RECLASS
455,A400010,01500,00100,E
455,A400010,01500,00200,CAPITAL COSTS-MVBLE EQUIPMENT
455,A400010,01600,00000,BUILDING RECLASS
455,A400010,01600,00100,E
455,A400010,01600,00200,OPERATION AND MAINTENANCE OF PLANT
455,A400010,01700,00000,ADMIN RECLASS
455,A400010,01700,00100,F
455,A400010,01700,00200,ADMINISTRATIVE & GENERAL
455,A400010,01700,00500,CAPITAL COSTS-BLDG & FIXT
455,A400010,01800,00000,ADMIN RECLASS
455,A400010,01800,00100,F
455,A400010,01800,00200,ADMINISTRATIVE & GENERAL
455,A400010,01800,00500,CAPITAL COSTS-MVBLE EQUIPMENT
455,A400010,01900,00000,ADMIN RECLASS
455,A400010,01900,00100,F
455,A400010,01900,00200,ADMINISTRATIVE & GENERAL
455,A400010,01900,00500,OPERATION AND MAINTENANCE OF PLANT
455,A500010,00800,00100,B
455,A500010,00800,00300,PROCUREMENT COORDINATORS
455,A500010,01500,00000,BUILDING
455,A500010,01500,00100,A
455,A500010,01500,00300,BUILDING
455,A500010,01600,00000,NON-ALLOWABLE EXPENSES
455,A500010,01600,00100,A
455,A500010,01600,00300,PROCUREMENT COORDINATORS
455,A500010,01601,00000,NON-ALLOWABLE EXPENSES
455,A500010,01601,00100,A
455,A500010,01601,00300,PROFESSIONAL EDUCATION
455,A500010,01602,00000,NON-ALLOWABLE EXPENSES
455,A500010,01602,00100,A
455,A500010,01602,00300,ADMINISTRATIVE & GENERAL
455,A500010,01603,00000,NON-ALLOWABLE EXPENSES
455,A500010,01603,00100,A
455,A500010,01603,00300,PUBLIC EDUCATION
455,A500010,01604,00000,NON-ALLOWABLE EXPENSES
455,A500010,01604,00100,A
455,A500010,01604,00300,KIDNEY ACQUISITIONS
455,A500010,01605,00000,NON-ALLOWABLE EXPENSES
455,A500010,01605,00100,A
455,A500010,01605,00300,LIVER ACQUISITIONS
455,A500010,01606,00000,NON-ALLOWABLE EXPENSES
455,A500010,01606,00100,A
455,A500010,01606,00300,HEART ACQUISITIONS
455,A500010,01607,00000,NON-ALLOWABLE EXPENSES
455,A500010,01607,00100,A
455,A500010,01607,00300,LUNG ACQUISITIONS
455,A500010,01608,00000,NON-ALLOWABLE EXPENSES
455,A500010,01608,00100,A
455,A500010,01608,00300,PANCREAS ACQUISITIONS
455,A500010,01609,00000,LOBBYING EXPENSES
455,A500010,01609,00100,A
455,A500010,01609,00300,ADMINISTRATIVE & GENERAL
455,A51000A,00100,00100,Y
455,A51000B,00100,00200,ADMINISTRATIVE & GENERAL
455,A51000B,00100,00300,FEES FOR SERVICES
455,A51000C,00100,00100,C
455,A51000C,00100,00200,MIDWEST TRANSPLANT NETWORK
455,A51000C,00100,00400,GREEN RIBBON LEGACY
455,A51000C,00100,00600,INVESTMENT SUBSIDIARY
455,A60000A,00700,00000,TRADEMARK & BRANDING
455,A60000B,00800,00000,OTHER
455,A60000C,00500,00100,N
455,B10000*,00100,00200,CAP BLDG
455,B10000*,00100,00300,CAP COSTS
455,B10000*,00100,00400,EMPLOYEE
455,B10000*,00100,00500,MEDICAL
455,B10000*,00100,00800,ORGAN
455,B10000*,00100,01000,ADMIN &
455,B10000*,00200,00200,OP PLANT &
455,B10000*,00200,00300,MOVABLE
455,B10000*,00200,00400,BENEFITS
455,B10000*,00200,00500,SUPPLIES
455,B10000*,00200,00800,ACQUISITN
455,B10000*,00200,01000,GENERAL
455,B10000*,00300,00200,HOUSEKEEP
455,B10000*,00300,00300,EQUIPMENT
455,B10000*,00300,00800,COSTS
455,B10000*,00400,00200,SQUARE
455,B10000*,00400,00300,DOLLAR
455,B10000*,00400,00400,ADJUST
455,B10000*,00400,00500,COSTED
455,B10000*,00400,00800,NUMBER
455,B10000*,00400,01000,ACCUM
455,B10000*,00500,00200,FEET
455,B10000*,00500,00300,VALUE
455,B10000*,00500,00400,SALARIES
455,B10000*,00500,00500,REQUISIT
455,B10000*,00500,00800,ORGANS
455,B10000*,00500,01000,COSTS
455,B10000*,00600,00200,1
455,B10000*,00600,00300,2
455,B10000*,00600,00400,3
455,B10000*,00600,00500,3
455,B10000*,00600,00800,3
455,B10000*,00600,01000,3
455,B100000,00000,01000,X
455,S000000,00100,00100,X
455,S000000,00400,00100,1
455,S000000,00500,00100,05/26/2023
455,S000000,00600,00100,10001
455,S000000,00700,00100,N
455,S000000,00800,00100,N
455,S000000,01000,00100,4
455,S000001,00100,00100,MIDWEST TRANSPLANT NETWORK
455,S000001,00100,00200,17P001
455,S000001,00101,00100,1900 W. 47TH PLACE
455,S000001,00102,00100,WESTWOOD
455,S000001,00102,00200,KS
455,S000001,00102,00300,66205
455,S000001,00200,00100,MIDWEST TRANSPLANT NETWORK
455,S000001,00200,00200,17HL01
455,S000001,00201,00100,1900 W. 47TH PLACE
455,S000001,00202,00100,WESTWOOD
455,S000001,00202,00200,KS
455,S000001,00202,00300,66205
455,S000001,00300,00100,01/01/2022
455,S000001,00300,00200,12/31/2022
455,S000001,00400,00100,6
455,S000001,00400,00300,1
455,S000001,00400,00400,10/01/1978
455,S000001,00401,00100,6
455,S000001,00401,00300,1
455,S000001,00401,00400,10/01/1978
455,S000002,00100,00200,Y
455,S000002,00300,00100,CFO
455,S000002,00400,00100,05/26/2023
455,S100001,00700,00100,N
455,S100001,00810,00000,INTESTINE
455,S100002,00400,00100,ABO
455,S100002,00401,00100,FLOW CROSSMATCH T CELL
455,S100002,00402,00100,ABO ANTI TITER
455,S100002,00403,00100,LUMINEX CLASS I SINGLE ANTIGEN
455,S100002,00404,00100,LUMINEX CLASS I ANTIBODY
455,S100002,00405,00100,CIQ CLASS I SINGLE ANTIGEN ID
455,S100002,00406,00100,LUMINEX CLASS II SINGLE ANTIGEN
455,S100002,00407,00100,CIQ CLASS II SINGLE ANTIGEN ID
455,S100002,00408,00100,MOLECULAR HLA CLASS I
455,S100002,00409,00100,HLA - DR/DQ/DP ALLELE
455,S100002,00410,00100,NAT VIRAL DETECTION
455,S100002,00411,00100,ANTIBODIES TO HIV-1/HIV-2
455,S100002,00412,00100,ANTIBODIES TO HEPATITIS B CORE
455,S100002,00413,00100,HEPATITIS B SURFACE ANTIGEN
455,S100002,00414,00100,ANTIBODY TO HEPATITIS C VIRUS
455,S100002,00415,00100,ANTIBODIES TO CMV
455,S100002,00416,00100,RAPID PLASMA REAGIN
455,S100002,00417,00100,EPSTEIN-BARR VIRUS
455,S100002,00418,00100,STAT FEE
455,S100002,00419,00100,TOXOPLASMA IGG EIA
455,S100002,00420,00100,HIGH RESOLUTION TYPING BY NGS
455,S100002,00421,00100,LOW RESOLUTION TYPING BY QPCR
455,S100002,00422,00100,WEST NILE VIRUS
455,S100002,00423,00100,IDT TESTING
455,S100003,00100,00100,MEDICAL DIRECTOR
455,S100003,00100,00300,MEDICAL DIRECTOR
455,S100003,00100,00500,LAB DIRECTOR
455,S100003,00101,00100,EXEC. DIRECTOR
455,S100003,00101,00300,PROCUREMENT COORDINATOR
455,S100003,00101,00500,TECHNICIANS
455,S100003,00102,00100,CLERICAL
455,S100003,00102,00300,PRESERVATION TECHNICIANS
455,S100003,00102,00500,TISSUE TYPING TECH.
455,S100003,00103,00100,OTHER
455,S100003,00103,00300,OTHER
455,S100003,00103,00500,OTHER
455,S200000,00100,00100,N
455,S200000,00200,00100,N
455,S200000,00300,00100,Y
455,S200000,00400,00100,Y
455,S200000,00400,00200,A
455,S200000,00400,00300,03/28/2023
455,S200000,00500,00100,N
455,S200000,00600,00300,CFO
455,S200000,00700,00100,MIDWEST TRANSPLANT NETWORK
460,A000000,00100,00000,0100CAPITAL COSTS-BLDG & FIXT
460,A000000,00200,00000,0200CAPITAL COSTS-MVBLE EQUIPMENT
460,A000000,00300,00000,0300EMPLOYEE BENEFITS
460,A000000,00400,00000,0400ADMINISTRATIVE & GENERAL
460,A000000,00500,00000,0500OPERATION AND MAINTENANCE OF PLANT
460,A000000,00600,00000,0600HOUSEKEEPING
460,A000000,00700,00000,0700MEDICAL SUPPLIES
460,A000000,00800,00000,0800OTHER OVERHEAD
460,A000000,00900,00000,0900PROCUREMENT COORDINATORS
460,A000000,01000,00000,1000PROFESSIONAL EDUCATION
460,A000000,01100,00000,1100PUBLIC EDUCATION
460,A000000,01200,00000,1200OTHER ACQUISITION
460,A000000,01300,00000,1300KIDNEY ACQUISITIONS
460,A000000,01400,00000,1400TISSUE TYPING LABORATORY
460,A000000,01500,00000,1500LIVER ACQUISITIONS
460,A000000,01600,00000,1600HEART ACQUISITIONS
460,A000000,01700,00000,1700PANCREAS ACQUISITIONS
460,A000000,01800,00000,1800LUNG ACQUISITIONS
460,A000000,01900,00000,1900OTHER ACQUISITIONS
460,A000000,02100,00000,2100RESEARCH
460,A000000,02200,00000,2200BLOOD BANK
460,A000000,02300,00000,2300LABORATORY-NON-TISSUE TYPING
460,A000000,02400,00000,2400DIALYSIS UNITS
460,A000000,02500,00000,2500OTHER NON-REIMBURSABLE
460,A100000,01700,00000,FINANCE DEPARTMENT
460,A100000,01800,00000,HUMAN RESOURCES
460,A100000,01900,00000,QUALITY SYSTEMS
460,A100000,01903,00000,BANK CHARGES
460,A100000,01904,00000,ADP CHARGES
460,A100000,01905,00000,DUES AND SUBSCRIPTIONS
460,A100000,01906,00000,REPAIRS  MAINTENANCE AND LEASES
460,A100000,01907,00000,EXPENSED ASSETS
460,A100000,01908,00000,STATLINE ANSWERING SERVICE
460,A100000,01910,00000,NON-REIMBURSABLE
460,A100000,01911,00000,PERSONAL EXPENSE
460,A100000,01912,00000,CONTRACT SERVICES
460,A100000,01913,00000,AUTOMOBILE EXPENSES
460,A100000,01914,00000,POTENTIAL DONOR EXPENSE
460,A20H000,00900,00000,OTHER HOSPITAL COSTS
460,A20H000,00901,00000,CARDIOLOGY
460,A20H000,00902,00000,RADIOLOGY
460,A20H000,02100,00000,PATHOLOGY
460,A20H000,02101,00000,HEART CATHETER
460,A20H000,02102,00000,VENUS CATHETER
460,A20H000,02103,00000,ECHOS
460,A20H000,02104,00000,EKGS
460,A20H000,02105,00000,CHEST XRAY
460,A20H000,02106,00000,SEROLOGY
460,A20H000,02107,00000,PATHOLOGY AND BIOPSY
460,A20K000,00900,00000,OTHER HOSPITAL COSTS
460,A20K000,00901,00000,RADIOLOGY
460,A20K000,00902,00000,CARDIOLOGY
460,A20K000,02100,00000,VENS CATHETER
460,A20K000,02101,00000,CHEST XRAY
460,A20K000,02102,00000,SEROLOGY
460,A20K000,02103,00000,PATHGOLOGY AND BIOPSY
460,A20K000,02104,00000,KIDNEY PERFUSION
460,A20L000,00900,00000,OTHER HOSPITAL COSTS
460,A20L000,00901,00000,CARDIOLOGY
460,A20L000,00902,00000,RADIOLOGY
460,A20L000,02100,00000,OTHER LIVER COSTS
460,A20L000,02101,00000,HEART CATHETER
460,A20L000,02102,00000,VENUS CATHETER
460,A20L000,02103,00000,CHEST XRAY
460,A20L000,02104,00000,SEROLOGY
460,A20L000,02105,00000,PATHOLOGY AND BIOPSY
460,A20P000,00900,00000,OTHER HOSPITAL COSTS
460,A20P000,00901,00000,RADIOLOGY
460,A20P000,02100,00000,SEROLOGY
460,A20P000,02101,00000,VENUS CATHETER
460,A20P000,02102,00000,CHEST XRAY
460,A20U000,00900,00000,OTHER HOSPITAL COSTS
460,A20U000,00901,00000,RADIOLOGY
460,A20U000,00902,00000,EEG
460,A20U000,02100,00000,BRONCHOSCOPY
460,A20U000,02101,00000,PATHOLOGY
460,A20U000,02102,00000,VENUS CATHETER
460,A20U000,02103,00000,RADIOLOGY
460,A300000,00600,00000,CONSULTANT LAB DIRECTOR
460,A300000,00700,00000,CONTRACT TECHS
460,A300000,00800,00000,EMPLOYEE BENEFITS
460,A300000,00900,00000,EMPLOYEE TAXES
460,A300000,01000,00000,TRAVEL  MEETINGS & SEMINARS
460,A300000,01001,00000,CONTRACT SERVICES
460,A300000,01002,00000,COMMUNICATION
460,A300000,01003,00000,OFFICE SUPPLIES
460,A300000,01004,00000,DISPOSABLE SUPPLIES
460,A300000,01005,00000,DUES & MEMBERSHIPS
460,A300000,01006,00000,OTHER
460,A400010,00100,00000,RECLASSIFICATIONS
460,A400010,00100,00100,A
460,A400010,00100,00200,OTHER NON-REIMBURSABLE
460,A400010,00100,00500,PROFESSIONAL EDUCATION
460,A400010,00200,00000,RECLASSIFICATIONS
460,A400010,00200,00100,A
460,A400010,00200,00200,OTHER NON-REIMBURSABLE
460,A400010,00200,00500,PUBLIC EDUCATION
460,A400010,00300,00000,RECLASSIFICATIONS
460,A400010,00300,00100,A
460,A400010,00300,00200,OTHER NON-REIMBURSABLE
460,A400010,00300,00500,PROCUREMENT COORDINATORS
460,A500010,01500,00000,LOBBYING EXPENSE
460,A500010,01500,00100,A
460,A500010,01500,00300,ADMINISTRATIVE & GENERAL
460,A500010,01600,00000,RESEARCH INCOME
460,A500010,01600,00100,B
460,A500010,01600,00300,PROCUREMENT COORDINATORS
460,A500010,01601,00000,MISCELLANEOUS INCOME
460,A500010,01601,00100,B
460,A500010,01601,00300,ADMINISTRATIVE & GENERAL
460,A500010,01602,00000,NON-REIMBURSABLE EXPENSES
460,A500010,01602,00100,A
460,A500010,01602,00300,ADMINISTRATIVE & GENERAL
460,A51000A,00100,00100,N
460,A60000A,00700,00000,LEASEHOLD IMPROVEMENTS
460,A60000A,00701,00000,TISSUE RECOVERY EQUIPMENT
460,A60000A,00702,00000,KIDNEY PRESERVATION FURN & EQUIP
460,A60000A,00703,00000,HLA LAB FURN & FIXTURES
460,A60000A,00704,00000,OFFICE FURNITURE
460,A60000A,00705,00000,COMPUTER HARDWARRE
460,A60000A,00706,00000,COMPUTER SOFTWARE
460,A60000B,00800,00000,LEASEHOLD IMPROVEMENTS
460,A60000B,00801,00000,TISSURE RECOVERY EQUIPMENT
460,A60000B,00802,00000,KIDNEY PRESERVATION FURN & EQUIP
460,A60000B,00803,00000,HLA LAB FURN & FIXT
460,A60000B,00804,00000,OFFICE FURN & FIXT
460,A60000B,00805,00000,COMPUTER HARDWARE
460,A60000B,00806,00000,COMPUTER SOFTWARE
460,A60000C,00500,00100,N
460,B10000*,00100,00200,CAP BLDG
460,B10000*,00100,00300,CAP COSTS
460,B10000*,00100,00400,EMPLOYEE
460,B10000*,00100,00500,MEDICAL
460,B10000*,00100,00800,ORGAN
460,B10000*,00100,01000,ADMIN &
460,B10000*,00200,00200,OP PLANT &
460,B10000*,00200,00300,MOVABLE
460,B10000*,00200,00400,BENEFITS
460,B10000*,00200,00500,SUPPLIES
460,B10000*,00200,00800,ACQUISITN
460,B10000*,00200,01000,GENERAL
460,B10000*,00300,00200,HOUSEKEEP
460,B10000*,00300,00300,EQUIPMENT
460,B10000*,00300,00800,COSTS
460,B10000*,00400,00200,SQUARE
460,B10000*,00400,00300,DOLLAR
460,B10000*,00400,00400,ADJUST
460,B10000*,00400,00500,COSTED
460,B10000*,00400,00800,NUMBER
460,B10000*,00400,01000,ACCUM
460,B10000*,00500,00200,FEET
460,B10000*,00500,00300,VALUE
460,B10000*,00500,00400,SALARIES
460,B10000*,00500,00500,REQUISIT
460,B10000*,00500,00800,ORGANS
460,B10000*,00500,01000,COSTS
460,B10000*,00600,00200,1
460,B10000*,00600,00300,2
460,B10000*,00600,00400,3
460,B10000*,00600,00500,3
460,B10000*,00600,00800,3
460,B10000*,00600,01000,3
460,B100000,00000,01000,X
460,E000000,00900,00000,OTHER PREPAIDS
460,E000000,02600,00000,OTHER FIXED ASSETS
460,E000000,03900,00000,ACCRUED HOSPITAL AND OTHER BILLS PAY
460,E000000,04600,00000,ROU OPERATING LEASE LIABILITY
460,E100001,00700,00000,TISSUE PROCUREMENT
460,E100001,00800,00000,RESEARCH REVENUE
460,E100001,00900,00000,MEDICARE
460,E200000,01500,00000,COUNTY GRANT (SHELBY COUNTY TN)
460,E200000,01600,00000,DONATIONS
460,E200000,01700,00000,MISCELLANEOUS
460,E200000,01800,00000,UNREALIZED GAIN(LOSS) ON INVESTMENTS
460,E200000,01900,00000,OTHER GRANT - FEDEX
460,S000000,00100,00100,X
460,S000000,00400,00100,1
460,S000000,00500,00100,05/30/2023
460,S000000,00600,00100,10001
460,S000000,00700,00100,N
460,S000000,00800,00100,N
460,S000000,01000,00100,4
460,S000001,00100,00100,44HL02
460,S000001,00100,00200,44P003
460,S000001,00101,00100,8001 CENTERVIEW PKWY  STE 302
460,S000001,00102,00100,CORDOVA
460,S000001,00102,00200,TN
460,S000001,00102,00300,38018
460,S000001,00200,00100,MID-SOUTH TRANSPLANT FOUNDATION  INC
460,S000001,00200,00200,44HL02
460,S000001,00201,00100,8001 CENTERVIEW PKWY  STE 302
460,S000001,00202,00100,CORDOVA
460,S000001,00202,00200,TN
460,S000001,00202,00300,38018
460,S000001,00300,00100,01/01/2022
460,S000001,00300,00200,12/31/2022
460,S000001,00400,00100,6
460,S000001,00400,00300,1
460,S000001,00400,00400,04/01/1976
460,S000001,00401,00100,6
460,S000001,00401,00300,2
460,S000001,00401,00400,01/01/1979
460,S000002,00300,00100,EXECUTIVE DIRECTOR
460,S100001,00700,00100,N
460,S100001,00810,00000,OTHER(VEINS  PERICARDIUM  VERTEBRAL
460,S100002,00401,00100,CLASS 1 & 2 QPCR TYPING KIDNEY
460,S100002,00402,00100,CLASS 1 & 2 QPCR TYPING KIDNEY-ARO
460,S100002,00403,00100,LUMINEX CL 1 PRA/AB ID KIDNEY
460,S100002,00404,00100,LUMINEX CL 2 PRA/AB ID KIDNEY
460,S100002,00405,00100,LUMINEX CL 1 HIGH DEF KIDNEY
460,S100002,00406,00100,LUMINEX CL 2 HIGH DEF KIDNEY
460,S100002,00407,00100,LUMINEX CLASS 1 HIDEF C3D KIDNEY
460,S100002,00408,00100,LUMINEX CLASS 2 HIDEF C3D KIDNEY
460,S100002,00409,00100,FLOW T-CELL IGG CROSSMATCH KIDNEY
460,S100002,00410,00100,FLOW B-CELL IGG CROSSMATCH KIDNEY
460,S100002,00411,00100,LOCAL DONOR TYPING
460,S100002,00412,00100,LOCAL DONOR TYPING - ARORA
460,S100002,00413,00100,CELL PROCESSING & FREEZING-APOLLO
460,S100002,00414,00100,DNA EXTRACTION - APOLLO
460,S100002,00415,00100,FACILITATION - APOLLO
460,S100002,00416,00100,STAT TESTING FEE
460,S100002,00417,00100,SERUM PROCESS/ARCHIVE WITH NO TESTIN
460,S100003,00100,00100,MEDICAL DIRECTOR
460,S100003,00100,00300,MEDICAL DIRECTOR
460,S100003,00100,00500,LAB DIRECTOR
460,S100003,00101,00100,EXEC. DIRECTOR
460,S100003,00101,00300,PROCUREMENT COORDINATOR
460,S100003,00101,00500,TECHNICIANS
460,S100003,00102,00100,CLERICAL
460,S100003,00102,00300,PRESERVATION TECHNICIANS
460,S100003,00102,00500,TISSUE TYPING TECH.
460,S100003,00103,00100,OTHER
460,S100003,00103,00300,OTHER
460,S100003,00103,00500,OTHER
460,S200000,00100,00100,N
460,S200000,00200,00100,N
460,S200000,00300,00100,N
460,S200000,00400,00100,Y
460,S200000,00400,00200,A
460,S200000,00400,00300,06/07/2023
460,S200000,00500,00100,N
460,S200000,00600,00300,FINANCE MANAGER
460,S200000,00700,00100,MIDSOUTH TRANSPLANT FOUNDATION
469,A000000,00100,00000,0100CAPITAL COSTS-BLDG & FIXT
469,A000000,00200,00000,0200CAPITAL COSTS-MVBLE EQUIPMENT
469,A000000,00300,00000,0300EMPLOYEE BENEFITS
469,A000000,00400,00000,0400ADMINISTRATIVE & GENERAL
469,A000000,00500,00000,0500OPERATION AND MAINTENANCE OF PLANT
469,A000000,00600,00000,0600HOUSEKEEPING
469,A000000,00700,00000,0700MEDICAL SUPPLIES
469,A000000,00800,00000,0800OTHER OVERHEAD
469,A000000,00900,00000,0900PROCUREMENT COORDINATORS
469,A000000,01000,00000,1000PROFESSIONAL EDUCATION
469,A000000,01100,00000,1100PUBLIC EDUCATION
469,A000000,01200,00000,1200OTHER ACQUISITION
469,A000000,01300,00000,1300KIDNEY ACQUISITIONS
469,A000000,01400,00000,1400TISSUE TYPING LABORATORY
469,A000000,01500,00000,1500LIVER ACQUISITIONS
469,A000000,01600,00000,1600HEART ACQUISITIONS
469,A000000,01700,00000,1700PANCREAS ACQUISITIONS
469,A000000,01800,00000,1800LUNG ACQUISITIONS
469,A000000,01900,00000,1900OTHER ACQUISITIONS
469,A000000,02100,00000,2100RESEARCH
469,A000000,02200,00000,2200BLOOD BANK
469,A000000,02300,00000,2300LABORATORY-NON-TISSUE TYPING
469,A000000,02400,00000,2400DIALYSIS UNITS
469,A100000,01700,00000,BENEFITS
469,A100000,01800,00000,DEPRECIATION
469,A100000,01900,00000,PROFESSIONAL FEES
469,A100000,01901,00000,BUILDING EXPENSE
469,A100000,01902,00000,TELEPHONE
469,A100000,01903,00000,UTILITIES
469,A100000,01904,00000,NON-REIMBURSABLE COSTS
469,A300000,00600,00000,SALARIES
469,A300000,00700,00000,DEPRECIATION
469,A300000,00800,00000,ADMIN & GENERAL
469,A300000,00900,00000,BENEFITS
469,A300000,01000,00000,DISPOSAL SERVICE
469,A300000,01001,00000,UTILITIES
469,A300000,01002,00000,SUPPLIES
469,A300000,01003,00000,ACQ COSTS ON NEW SUBSIDIARIES
469,A500010,01500,00000,NON-REIMBURSABLE COSTS TISSUE TYPING
469,A500010,01500,00100,A
469,A500010,01500,00300,TISSUE TYPING LABORATORY
469,A500010,01600,00000,NON-REIMB COSTS NON-TISSUE TYPING
469,A500010,01600,00100,A
469,A500010,01600,00300,LABORATORY-NON-TISSUE TYPING
469,A51000A,00100,00100,Y
469,A51000B,00100,00200,ADMINISTRATIVE & GENERAL
469,A51000B,00100,00300,VRL ADMIN COSTS
469,A51000C,00100,00100,B
469,A51000C,00100,00400,EUROFINS VRL  INC.
469,A51000C,00100,00600,BIO-ANALYTICAL TESTING
469,A60000A,00700,00000,FIXED ASSET CLEARING
469,A60000C,00500,00100,N
469,B10000*,00100,00200,CAP BLDG
469,B10000*,00100,00300,CAP COSTS
469,B10000*,00100,00400,EMPLOYEE
469,B10000*,00100,00500,MEDICAL
469,B10000*,00100,00800,ORGAN
469,B10000*,00100,01000,ADMIN &
469,B10000*,00200,00200,OP PLANT &
469,B10000*,00200,00300,MOVABLE
469,B10000*,00200,00400,BENEFITS
469,B10000*,00200,00500,SUPPLIES
469,B10000*,00200,00800,ACQUISITN
469,B10000*,00200,01000,GENERAL
469,B10000*,00300,00200,HOUSEKEEP
469,B10000*,00300,00300,EQUIPMENT
469,B10000*,00300,00800,COSTS
469,B10000*,00400,00200,SQUARE
469,B10000*,00400,00300,DOLLAR
469,B10000*,00400,00400,ADJUST
469,B10000*,00400,00500,COSTED
469,B10000*,00400,00600,ACCUMULATE
469,B10000*,00400,00800,NUMBER
469,B10000*,00400,01000,ACCUM
469,B10000*,00500,00200,FEET
469,B10000*,00500,00300,VALUE
469,B10000*,00500,00400,SALARIES
469,B10000*,00500,00500,REQUISIT
469,B10000*,00500,00600,D COST
469,B10000*,00500,00800,ORGANS
469,B10000*,00500,01000,COSTS
469,B10000*,00600,00200,1
469,B10000*,00600,00300,2
469,B10000*,00600,00400,3
469,B10000*,00600,00500,3
469,B10000*,00600,00800,3
469,B10000*,00600,01000,3
469,B100000,00000,01000,X
469,E000000,00900,00000,OTHER CURRENT ASSETS
469,E000000,02600,00000,OTHER FIXED ASSETS
469,E000000,03100,00000,OTHER ASSETS
469,E000000,03900,00000,ACCRUED EXPENSES
469,E000000,04100,00000,OTHER CURRENT LIABLITIES
469,E000000,04600,00000,OTHER NON-CURRENT LIABILITIES
469,E000000,04700,00000,LEASE LIABILITY
469,E000000,04800,00000,DEFERRED INCOME TAXES PAY\(REC)
469,E100001,00700,00000,NET REVENUE
469,E100001,00800,00000,INTERCOMPANY SALES
469,E100001,00900,00000,SALES - OTHER ADMIN
469,E100002,00300,00000,ADDL EXPENSES FOR AFFILIATE LABS
469,E200000,01500,00000,MISC INCOME
469,E200000,02300,00000,ROUNDING
469,E200000,02600,00000,INTEREST EXP
469,E200000,02700,00000,INCOME TAX EXP
469,E200000,02701,00000,OTHER EXPENSES
469,S000000,00100,00100,X
469,S000000,00400,00100,1
469,S000000,00500,00100,05/31/2023
469,S000000,00600,00100,10001
469,S000000,00700,00100,N
469,S000000,00800,00100,N
469,S000000,01000,00100,4
469,S000001,00100,00100,EUROFINS DONOR & PRODUCT TESTING INC
469,S000001,00100,00200,12HL01
469,S000001,00101,00100,2226 LILIHA STREET
469,S000001,00102,00100,HONOLULU
469,S000001,00102,00200,HI
469,S000001,00102,00300,96817
469,S000001,00300,00100,01/01/2022
469,S000001,00300,00200,12/31/2022
469,S000001,00400,00100,2
469,S000001,00400,00300,2
469,S000001,00400,00400,07/08/2004
469,S000001,00401,00300,1
469,S000002,00100,00200,Y
469,S000002,00300,00100,DIRECTOR OF FINANCE
469,S000002,00400,00100,05/26/2023
469,S100001,00700,00100,N
469,S100001,00810,00000,OTHER
469,S100002,00400,00100,CDC CROSSMATCH  DECEASED DONOR  RENA
469,S100002,00401,00100,CDC CROSSMATCH  INITIAL AUTO  RENAL
469,S100002,00402,00100,CDC CROSSMATCH  LIVING DONOR  RENAL
469,S100002,00403,00100,CLASS I HLA AB SCREEN
469,S100002,00404,00100,CPRA & AB IDENTIFICATION  CLASS I
469,S100002,00405,00100,CPRA & AB IDENTIFICATION  CLASS II
469,S100002,00406,00100,DONOR SPECIFIC AB IDENTIFICATION  CL
469,S100002,00407,00100,DONOR SPECIFIC AB IDENTIFICATION  CL
469,S100002,00408,00100,IDM PROFILE #245 (HBCAB  HBSAG  HCV
469,S100002,00409,00100,HLA CLASS I NULL
469,S100002,00410,00100,HLA CLASS II NULL
469,S100002,00411,00100,HLA-A  B  C  DR  DQ RENAL
469,S100002,00412,00100,HLA-A  B  C  DR  DQA  DQB  DPB DECEA
469,S100002,00413,00100,HLA-DPB RENAL
469,S100002,00414,00100,HLA-DPB1  (HIGH RESOLUTION)
469,S100002,00415,00100,HLA-DQA  RENAL
469,S100002,00416,00100,HLA-DQA1 (HIGH RESOLUTION)
469,S100002,00417,00100,HLA-DQB  RENAL
469,S100002,00418,00100,HLA-DRB3/4/5  (HIGH RESOLUTION)
469,S100002,00419,00100,MONTHLY AB SCREEN  CLASS I & II
469,S100002,00420,00100,NARCOLEPSY  (HLA-DQB1*06:02 TYPING)
469,S100002,00421,00100,PRA & AB IDENTIFICATION  CLASS I
469,S100002,00422,00100,PRA & AB IDENTIFICATION  CLASS II
469,S100002,00423,00100,SINGLE ANTIGEN AB IDENTIFICATION  CL
469,S100002,00424,00100,SINGLE ANTIGEN AB IDENTIFICATION  CL
469,S100003,00100,00100,MEDICAL DIRECTOR
469,S100003,00100,00300,MEDICAL DIRECTOR
469,S100003,00100,00500,LAB DIRECTOR
469,S100003,00101,00100,EXEC. DIRECTOR
469,S100003,00101,00300,PROCUREMENT COORDINATOR
469,S100003,00101,00500,TECHNICIANS
469,S100003,00102,00100,CLERICAL
469,S100003,00102,00300,PRESERVATION TECHNICIANS
469,S100003,00102,00500,TISSUE TYPING TECH.
469,S100003,00103,00100,OTHER
469,S100003,00103,00300,OTHER
469,S100003,00103,00500,OTHER
469,S200000,00100,00100,N
469,S200000,00200,00100,N
469,S200000,00300,00100,Y
469,S200000,00400,00100,Y
469,S200000,00400,00200,A
469,S200000,00500,00100,Y
469,S200000,00600,00300,CONTROLLER
469,S200000,00700,00100,VRL EUROFINS
474,A000000,00100,00000,0100CAPITAL COSTS-BLDG & FIXT
474,A000000,00200,00000,0200CAPITAL COSTS-MVBLE EQUIPMENT
474,A000000,00300,00000,0300EMPLOYEE BENEFITS
474,A000000,00400,00000,0400ADMINISTRATIVE & GENERAL
474,A000000,00500,00000,0500OPERATION AND MAINTENANCE OF PLANT
474,A000000,00600,00000,0600HOUSEKEEPING
474,A000000,00700,00000,0700MEDICAL SUPPLIES
474,A000000,00800,00000,0801ORGAN ACQUISITION OVERHEAD
474,A000000,00900,00000,0900PROCUREMENT COORDINATORS
474,A000000,01000,00000,1000PROFESSIONAL EDUCATION
474,A000000,01100,00000,1100PUBLIC EDUCATION
474,A000000,01200,00000,1200OTHER ACQUISITION
474,A000000,01300,00000,1300KIDNEY ACQUISITIONS
474,A000000,01400,00000,1400TISSUE TYPING LABORATORY
474,A000000,01500,00000,1500LIVER ACQUISITIONS
474,A000000,01600,00000,1600HEART ACQUISITIONS
474,A000000,01700,00000,1700PANCREAS ACQUISITIONS
474,A000000,01800,00000,1800LUNG ACQUISITIONS
474,A000000,01900,00000,1900SB/I
474,A000000,02100,00000,2100RESEARCH
474,A000000,02200,00000,2200BLOOD BANK
474,A000000,02300,00000,2300LABORATORY-NON-TISSUE TYPING
474,A000000,02400,00000,2400DIALYSIS UNITS
474,A000000,02500,00000,2500TISSUE
474,A000000,02501,00000,2501FOUNDATION
474,A000000,02502,00000,2502NON ALLOWABLE SQ FEET
474,A100000,01700,00000,BOARD OF DIRECTORS
474,A100000,01800,00000,CONTRACT LABOR
474,A100000,01900,00000,EMPLOYEE BENEFITS
474,A100000,01901,00000,MINOR EQUIP
474,A100000,01902,00000,OTHER ADMIN AND GENERAL
474,A100000,01903,00000,POSTAGE
474,A100000,01904,00000,DONATIONS
474,A20H000,00900,00000,CARDIAC CATH
474,A20H000,00901,00000,EKG
474,A20H000,00902,00000,RADIOLOGY
474,A20H000,02100,00000,ACQUISITION FEE
474,A20H000,02101,00000,ACCTG  LEGAL & AUDIT
474,A20H000,02102,00000,CONTRACT LABOR
474,A20H000,02103,00000,OTHER
474,A20K000,02100,00000,ACQUISITION FEE
474,A20L000,02100,00000,ACQUISITION FEE
474,A20O000,00900,00000,CARDIAC CATH
474,A20O000,00901,00000,EKG
474,A20O000,00902,00000,RADIOLOGY
474,A20O000,02100,00000,ACQUISITION FEE
474,A20P000,02100,00000,ACQUISITION FEE
474,A20U000,02100,00000,ACQUISITION FEE
474,A400010,00100,00000,PROFESSIONAL EDUCATION TO TISSUE
474,A400010,00100,00100,A
474,A400010,00100,00200,TISSUE
474,A400010,00100,00500,PROFESSIONAL EDUCATION
474,A400010,00200,00000,BUILDING DEPRECIATON
474,A400010,00200,00100,B
474,A400010,00200,00200,CAPITAL COSTS-BLDG & FIXT
474,A400010,00200,00500,CAPITAL COSTS-MVBLE EQUIPMENT
474,A400010,00300,00000,PROPERTY TAX
474,A400010,00300,00100,C
474,A400010,00300,00200,CAPITAL COSTS-BLDG & FIXT
474,A400010,00300,00500,ADMINISTRATIVE & GENERAL
474,A400010,00400,00000,CAPITAL TO A&G
474,A400010,00400,00100,D
474,A400010,00400,00200,ADMINISTRATIVE & GENERAL
474,A400010,00400,00500,CAPITAL COSTS-BLDG & FIXT
474,A400010,00500,00000,CAPITAL TO A&G
474,A400010,00500,00100,D
474,A400010,00500,00500,CAPITAL COSTS-MVBLE EQUIPMENT
474,A400010,00600,00000,SRC RECLASS
474,A400010,00600,00100,E
474,A400010,00600,00200,PROCUREMENT COORDINATORS
474,A400010,00600,00500,TISSUE
474,A500010,01200,00100,B
474,A500010,01200,00300,ADMINISTRATIVE & GENERAL
474,A500010,01500,00000,KIDNEYS SOLD FOR RESEARCH
474,A500010,01500,00100,B
474,A500010,01500,00300,KIDNEY ACQUISITIONS
474,A500010,01501,00000,LIVERS SOLD FOR RESEARCH
474,A500010,01501,00100,B
474,A500010,01501,00300,LIVER ACQUISITIONS
474,A500010,01502,00000,HEARTS SOLD FOR RESEARCH
474,A500010,01502,00100,B
474,A500010,01502,00300,HEART ACQUISITIONS
474,A500010,01503,00000,PANCREAS SOLD FOR RESEARCH
474,A500010,01503,00100,B
474,A500010,01503,00300,PANCREAS ACQUISITIONS
474,A500010,01504,00000,LUNGS SOLD FOR RESEARCH
474,A500010,01504,00100,B
474,A500010,01504,00300,LUNG ACQUISITIONS
474,A500010,01600,00000,FOUNDATION OPERATING EXPENSE
474,A500010,01600,00100,A
474,A500010,01600,00300,FOUNDATION
474,A500010,01601,00000,OTHER NON ALLOWABLE EXPENSE
474,A500010,01601,00100,A
474,A500010,01601,00300,PROCUREMENT COORDINATORS
474,A500010,01602,00000,OTHER NON ALLOWABLE EXPENSE
474,A500010,01602,00100,A
474,A500010,01602,00300,PROFESSIONAL EDUCATION
474,A500010,01603,00000,OTHER INCOME
474,A500010,01603,00100,B
474,A500010,01603,00300,ADMINISTRATIVE & GENERAL
474,A51000A,00100,00100,N
474,B10000*,00100,00200,CAP BLDG
474,B10000*,00100,00300,CAP COSTS
474,B10000*,00100,00400,EMPLOYEE
474,B10000*,00100,00500,MEDICAL
474,B10000*,00100,00800,ORGAN
474,B10000*,00100,01000,ADMIN &
474,B10000*,00200,00200,OP PLANT &
474,B10000*,00200,00300,MOVABLE
474,B10000*,00200,00400,BENEFITS
474,B10000*,00200,00500,SUPPLIES
474,B10000*,00200,00800,ACQUISITN
474,B10000*,00200,01000,GENERAL
474,B10000*,00300,00200,HOUSEKEEP
474,B10000*,00300,00300,EQUIPMENT
474,B10000*,00300,00800,COSTS
474,B10000*,00400,00200,SQUARE
474,B10000*,00400,00300,SQUARE
474,B10000*,00400,00400,ADJUST
474,B10000*,00400,00500,COSTED
474,B10000*,00400,00600,ACCUM
474,B10000*,00400,00800,NUMBER
474,B10000*,00400,01000,ACCUM
474,B10000*,00500,00200,FEET
474,B10000*,00500,00300,FEET
474,B10000*,00500,00400,SALARIES
474,B10000*,00500,00500,REQUISIT
474,B10000*,00500,00600,COSTS
474,B10000*,00500,00800,ORGANS
474,B10000*,00500,01000,COSTS
474,B10000*,00600,00200,1
474,B10000*,00600,00300,2
474,B10000*,00600,00400,3
474,B10000*,00600,00500,3
474,B10000*,00600,00800,3
474,B10000*,00600,01000,3
474,B100000,00000,01000,X
474,E000000,00900,00000,OTHER CURRENT ASSETS
474,E000000,02600,00000,OTHER FIXED ASSETS
474,E000000,03900,00000,DEFERRED RENT
474,E000000,04100,00000,DUE TO MEDICARE
474,E200000,01900,00000,INTEREST INCOME
474,E200000,02000,00000,SETTLEMENT REVENUE
474,E200000,02100,00000,SUBSCRIPTION REVENUE
474,E200000,02200,00000,INTERNAL TRANSFERS
474,E200000,02300,00000,MISC INCOME
474,S000000,00100,00100,X
474,S000000,00400,00100,1
474,S000000,00500,00100,06/01/2023
474,S000000,00600,00100,10001
474,S000000,00700,00100,N
474,S000000,00800,00100,N
474,S000000,01000,00100,4
474,S000001,00100,00100,ONELEGACY
474,S000001,00100,00200,05P003
474,S000001,00101,00100,1303 W OPTICAL DRIVE
474,S000001,00102,00100,AZUSA
474,S000001,00102,00200,CA
474,S000001,00102,00300,91702
474,S000001,00300,00100,01/01/2022
474,S000001,00300,00200,12/31/2022
474,S000001,00400,00100,8
474,S000001,00400,00300,1
474,S000001,00400,00400,01/01/1978
474,S000001,00401,00300,1
474,S000002,00300,00100,CFO
474,S100001,00700,00100,N
474,S100001,00810,00000,SB/I
474,S100001,00811,00000,OTHER TISSUE
474,S100003,00100,00100,MEDICAL DIRECTOR
474,S100003,00100,00300,MEDICAL DIRECTOR
474,S100003,00100,00500,LAB DIRECTOR
474,S100003,00101,00100,EXEC. DIRECTOR
474,S100003,00101,00300,PROCUREMENT COORDINATOR
474,S100003,00101,00500,TECHNICIANS
474,S100003,00102,00100,CLERICAL
474,S100003,00102,00300,PRESERVATION TECHNICIANS
474,S100003,00102,00500,TISSUE TYPING TECH.
474,S100003,00103,00100,OTHER
474,S100003,00103,00300,OTHER
474,S100003,00103,00500,OTHER
474,S200000,00100,00100,N
474,S200000,00200,00100,N
474,S200000,00300,00100,N
474,S200000,00400,00100,Y
474,S200000,00400,00200,A
474,S200000,00500,00100,N
474,S200000,00600,00300,CHIEF FINANCIAL OFFICER
474,S200000,00700,00100,ONE LEGACY
485,A000000,00100,00000,0100CAPITAL COSTS-BLDG & FIXT
485,A000000,00200,00000,0200CAPITAL COSTS-MVBLE EQUIPMENT
485,A000000,00300,00000,0300EMPLOYEE BENEFITS
485,A000000,00400,00000,0400ADMINISTRATIVE & GENERAL
485,A000000,00500,00000,0500OPERATION AND MAINTENANCE OF PLANT
485,A000000,00600,00000,0600HOUSEKEEPING
485,A000000,00700,00000,0700MEDICAL SUPPLIES
485,A000000,00900,00000,0900PROCUREMENT COORDINATORS
485,A000000,01000,00000,1000PROFESSIONAL EDUCATION
485,A000000,01100,00000,1100PUBLIC EDUCATION
485,A000000,01300,00000,1300KIDNEY ACQUISITIONS
485,A000000,01400,00000,1400TISSUE TYPING LABORATORY
485,A000000,01500,00000,1500LIVER ACQUISITIONS
485,A000000,01600,00000,1600HEART ACQUISITIONS
485,A000000,01700,00000,1700PANCREAS ACQUISITIONS
485,A000000,01800,00000,1800LUNG ACQUISITIONS
485,A000000,01900,00000,1900SM BOWEL
485,A000000,01901,00000,1901HEART\LUNG
485,A000000,02100,00000,2100RESEARCH
485,A000000,02200,00000,2200BLOOD BANK
485,A000000,02300,00000,2300LABORATORY-NON-TISSUE TYPING
485,A000000,02400,00000,2400DIALYSIS UNITS
485,A000000,02500,00000,2500TISSUE
485,A000000,02501,00000,2501CFL
485,A000000,02502,00000,2502DMV
485,A000000,02503,00000,2503FOUNDATION
485,A100000,01700,00000,AUTO
485,A100000,01800,00000,OTHER
485,A100000,01900,00000,REPAIRS AND MAINTENANCE
485,A100000,01901,00000,FOUNDATION OVERHEAD RECLASS
485,A100000,01902,00000,BAD DEBT EXPENSE
485,A100000,01903,00000,INTERCOMPANY EXPENSE
485,A100000,01904,00000,MANAGEMENT SERVICES
485,A20H000,00900,00000,OTHER HOSPITAL OR
485,A20H000,00901,00000,EVAL COSTS
485,A20H000,00902,00000,EKG
485,A20H000,02100,00000,SEROLOGY RADIOLOGY OTHER
485,A20H000,02101,00000,BIOPSY
485,A20H000,02102,00000,CONSULTS
485,A20H000,02103,00000,ECHOS
485,A20H000,02104,00000,CARDIAC CATH
485,A20K000,00900,00000,OTHER HOSPITAL OR
485,A20K000,00901,00000,EVAL COSTS
485,A20K000,02100,00000,SEROLOGIES  RADIOLOGY OTHER
485,A20K000,02101,00000,BIOPSIES
485,A20K000,02102,00000,CONSULTS
485,A20L000,00900,00000,OTHER HOSPITAL OR
485,A20L000,00901,00000,EVAL COSTS
485,A20L000,02100,00000,SEROLOGIES RADIOLOGY OTHER
485,A20L000,02101,00000,BIOPSIES
485,A20L000,02102,00000,CONSULT
485,A20O000,00900,00000,OTHER HOSPITAL OR
485,A20O000,00901,00000,EVAL COSTS
485,A20O000,02100,00000,SEROLOGY RADIOLOGY OTHER
485,A20O000,02101,00000,BIOPSY
485,A20O000,02102,00000,CONSULTS
485,A20P000,00900,00000,OTHER HOSPITAL OR
485,A20P000,00901,00000,EVAL COSTS
485,A20P000,02100,00000,SEROLOGY RADIOLOGY OTHER
485,A20P000,02101,00000,BIOPSY
485,A20P000,02102,00000,CONSULTS
485,A20U000,00900,00000,OTHER HOSPITAL OR
485,A20U000,00901,00000,EVAL COSTS
485,A20U000,02100,00000,SEROLOGY RADIOLOGY OTHER
485,A20U000,02101,00000,BIOPSY
485,A20U000,02102,00000,CONSULTS
485,A300000,00600,00000,SUPPLIES
485,A300000,00700,00000,OFFICE SUPPLIES
485,A300000,00800,00000,TELEPHONE
485,A300000,00900,00000,MEETINGS AND MILEAGE
485,A300000,01000,00000,DUES AND CONT ED
485,A300000,01001,00000,REPAIRS AND MAINTENANCE
485,A300000,01002,00000,DEPRECIATION
485,A300000,01003,00000,DATA PROCESSING
485,A300000,01004,00000,MISC LAB EXPENSES
485,A400010,00100,00000,TELEPHONE EXPENSES
485,A400010,00100,00100,A
485,A400010,00100,00200,PROCUREMENT COORDINATORS
485,A400010,00100,00500,ADMINISTRATIVE & GENERAL
485,A400010,00200,00000,TELEPHONE EXPENSES
485,A400010,00200,00100,A
485,A400010,00200,00200,TISSUE TYPING LABORATORY
485,A400010,00300,00000,TELEPHONE EXPENSES
485,A400010,00300,00100,A
485,A400010,00300,00200,TISSUE
485,A400010,00400,00000,LEASEHOLD IMPROVE RECLASS
485,A400010,00400,00100,B
485,A400010,00400,00200,CAPITAL COSTS-BLDG & FIXT
485,A400010,00400,00500,CAPITAL COSTS-MVBLE EQUIPMENT
485,A400010,00500,00000,TISSUE ALLOCATION
485,A400010,00500,00100,C
485,A400010,00500,00200,TISSUE
485,A400010,00500,00500,PROCUREMENT COORDINATORS
485,A400010,00600,00000,TISSUE ALLOCATION
485,A400010,00600,00100,C
485,A400010,00600,00500,PROFESSIONAL EDUCATION
485,A400010,00700,00000,TISSUE ALLOCATION
485,A400010,00700,00100,C
485,A400010,00700,00500,PUBLIC EDUCATION
485,A400010,00800,00000,A&G OCCUPANCY RECLASS
485,A400010,00800,00100,D
485,A400010,00800,00200,ADMINISTRATIVE & GENERAL
485,A400010,00800,00500,CAPITAL COSTS-BLDG & FIXT
485,A400010,00900,00000,A&G OCCUPANCY RECLASS
485,A400010,00900,00100,D
485,A400010,00900,00500,CAPITAL COSTS-MVBLE EQUIPMENT
485,A400010,01000,00000,FOUNDATION OVERHEAD EXP RECLASS
485,A400010,01000,00100,F
485,A400010,01000,00200,ADMINISTRATIVE & GENERAL
485,A400010,01000,00500,FOUNDATION
485,A400010,01100,00000,FOUNDATION INVESTMENT FEES
485,A400010,01100,00100,G
485,A400010,01100,00200,ADMINISTRATIVE & GENERAL
485,A400010,01100,00500,FOUNDATION
485,A500010,00800,00100,B
485,A500010,00800,00300,PROCUREMENT COORDINATORS
485,A500010,01600,00000,NONREIMBURSABLE EXPENSE - ADMIN
485,A500010,01600,00100,A
485,A500010,01600,00300,ADMINISTRATIVE & GENERAL
485,A500010,01601,00000,NONREIMBURSABLE EXPENSE PROC COORD
485,A500010,01601,00100,A
485,A500010,01601,00300,PROCUREMENT COORDINATORS
485,A500010,01602,00000,NONREIMBURSABLE EXPENSE DPD
485,A500010,01602,00100,A
485,A500010,01602,00300,PROFESSIONAL EDUCATION
485,A500010,01603,00000,NONREIMBURSABLE EXPENSE - CORP COMM
485,A500010,01603,00100,A
485,A500010,01603,00300,PUBLIC EDUCATION
485,A500010,01604,00000,NONREIMBURSABLE EXPENSE - KIDNEY
485,A500010,01604,00100,A
485,A500010,01604,00300,KIDNEY ACQUISITIONS
485,A500010,01605,00000,NONREIMBURSABLE EXPENSE - DEPRECIATI
485,A500010,01605,00100,A
485,A500010,01605,00300,CAPITAL COSTS-MVBLE EQUIPMENT
485,A500010,01608,00000,LIFE INSURANCE UNREALIZED GAIN\LOSS
485,A500010,01608,00100,A
485,A500010,01608,00300,EMPLOYEE BENEFITS
485,A500010,01610,00000,ALLOWABLE INVESTMENT FEES
485,A500010,01610,00100,A
485,A500010,01610,00300,ADMINISTRATIVE & GENERAL
485,A500010,01611,00000,HP III BUILDING LEASED SPACE OFFSET
485,A500010,01611,00100,A
485,A500010,01611,00300,CAPITAL COSTS-BLDG & FIXT
485,A500010,01614,00000,RESEARCH
485,A500010,01614,00100,A
485,A500010,01614,00300,PROCUREMENT COORDINATORS
485,A51000A,00100,00100,Y
485,A51000B,00100,00200,CFL
485,A51000B,00100,00300,FOUNDATION
485,A51000B,00200,00200,FOUNDATION
485,A51000B,00200,00300,FOUNDATION
485,A51000B,00300,00200,CAPITAL COSTS-BLDG & FIXT
485,A51000B,00300,00300,HP III BLDG
485,A51000B,00400,00200,ADMINISTRATIVE & GENERAL
485,A51000B,00400,00300,LIFE LOGISTICS
485,A51000B,00401,00200,KIDNEY ACQUISITIONS
485,A51000B,00401,00300,LIFE LOGISTICS
485,A51000B,00402,00200,LIVER ACQUISITIONS
485,A51000B,00402,00300,LIFE LOGISTICS
485,A51000B,00403,00200,HEART ACQUISITIONS
485,A51000B,00403,00300,LIFE LOGISTICS
485,A51000B,00404,00200,PANCREAS ACQUISITIONS
485,A51000B,00404,00300,LIFE LOGISTICS
485,A51000B,00405,00200,LUNG ACQUISITIONS
485,A51000B,00405,00300,LIFE LOGISTICS
485,A51000B,00406,00200,SM BOWEL
485,A51000B,00406,00300,LIFE LOGISTICS
485,A51000B,00407,00200,HEART\LUNG
485,A51000B,00407,00300,LIFE LOGISTICS
485,A51000B,00408,00200,TISSUE
485,A51000B,00408,00300,LIFE LOGISTICS
485,A51000C,00100,00100,C
485,A51000C,00100,00400,LIFE LOGISTICS LLC
485,A51000C,00100,00600,AIR TRANSPORT
485,A51000C,00200,00100,C
485,A51000C,00200,00400,HIGHLANDS PLAZA THREE LLC
485,A51000C,00200,00600,PROPERTY MGMT
485,A51000C,00300,00100,C
485,A51000C,00300,00400,DONATE LIFE FOUNDATION
485,A51000C,00300,00600,FOUNDATION
485,A60000A,00700,00000,DF MEMORIAL
485,A60000A,00701,00000,CENTER FOR LIFE
485,A60000A,00702,00000,CIP
485,A60000A,00703,00000,LAB
485,A60000A,00704,00000,LIFE LOGISTICS
485,A60000A,00705,00000,LEASHOLD IMPROVEMENTS STL
485,A60000B,00800,00000,DF MEMORIAL
485,A60000B,00801,00000,CENTER FOR LIFE
485,A60000B,00803,00000,LAB
485,A60000B,00804,00000,LIFE LOGISTICS
485,A60000B,00805,00000,LEASEHOLD IMPROVEMENTS STL
485,A60000C,00500,00100,N
485,B10000*,00100,00200,CAP BLDG
485,B10000*,00100,00300,CAP COSTS
485,B10000*,00100,00400,EMPLOYEE
485,B10000*,00100,00500,MEDICAL
485,B10000*,00100,00800,ORGAN
485,B10000*,00100,01000,ADMIN &
485,B10000*,00200,00200,OP PLANT &
485,B10000*,00200,00300,MOVABLE
485,B10000*,00200,00400,BENEFITS
485,B10000*,00200,00500,SUPPLIES
485,B10000*,00200,00800,ACQUISITN
485,B10000*,00200,01000,GENERAL
485,B10000*,00300,00200,HOUSEKEEP
485,B10000*,00300,00300,EQUIPMENT
485,B10000*,00300,00800,COSTS
485,B10000*,00400,00200,SQUARE
485,B10000*,00400,00300,DOLLAR
485,B10000*,00400,00400,ADJUST
485,B10000*,00400,00500,COSTED
485,B10000*,00400,00800,NUMBER
485,B10000*,00400,01000,ACCUM
485,B10000*,00500,00200,FEET
485,B10000*,00500,00300,VALUE
485,B10000*,00500,00400,SALARIES
485,B10000*,00500,00500,REQUISIT
485,B10000*,00500,00800,ORGANS
485,B10000*,00500,01000,COSTS
485,B10000*,00600,00200,1
485,B10000*,00600,00300,2
485,B10000*,00600,00400,3
485,B10000*,00600,00500,3
485,B10000*,00600,00800,3
485,B10000*,00600,01000,3
485,B100000,00000,01000,X
485,E000000,00900,00000,CURRENT ASSETS - OTHER
485,E000000,02600,00000,OTHER FIXED ASSETS
485,E000000,03100,00000,OTHER ASSETS
485,E000000,03900,00000,BONDS PAYABLE
485,E000000,04600,00000,DEFFERED COMP
485,E000000,04700,00000,OTHER NONCURRENT LIABILITIES
485,E100001,00700,00000,INVESTMENT GAINS
485,E100001,00800,00000,DONATIONS
485,E100001,00900,00000,RENT
485,E100001,00901,00000,OTHER
485,E100002,00300,00000,POST AUDIT AJE TRANSFERS
485,E100002,00400,00000,POST AUDIT AJE LAB REV\EXP
485,E100002,00500,00000,VARIANCE
485,E100002,00501,00000,ROUNDING
485,E100002,00800,00000,LAB EXPENSES
485,E100002,00900,00000,HP III RXP
485,E100002,01000,00000,FOUNDATION
485,E100002,01001,00000,IMPORT ADJ
485,E100002,01002,00000,ROUNDING
485,E200000,02000,00000,UNREALIZED GAIN\LOSS  ON INVESTMENTS
485,E200000,02100,00000,EARNINGS FROM RELATED ORGANIZATION
485,E200000,02600,00000,LOSS FROM RELATED ORGANIZATION
485,E200000,02700,00000,CONTRIBUTIONS TO RELATED ORG
485,E200000,02701,00000,INVESTMENT LOSS
485,S000000,00100,00100,X
485,S000000,00400,00100,1
485,S000000,00500,00100,06/01/2023
485,S000000,00600,00100,10001
485,S000000,00700,00100,N
485,S000000,00800,00100,N
485,S000000,01000,00100,4
485,S000001,00100,00100,MID-AMERICA TRANSPLANT SERVICES
485,S000001,00100,00200,26P002
485,S000001,00101,00100,1110 HIGHLANDS PLAZA DR E  STE 100
485,S000001,00102,00100,SAINT LOUIS
485,S000001,00102,00200,MO
485,S000001,00102,00300,63110
485,S000001,00200,00100,MID-AMERICA TRANSPLANT SERVICES
485,S000001,00200,00200,26HL06
485,S000001,00201,00100,1110 HIGHLANDS PLAZA DR E  STE 100
485,S000001,00202,00100,SAINT LOUIS
485,S000001,00202,00200,MO
485,S000001,00202,00300,63110
485,S000001,00300,00100,01/01/2022
485,S000001,00300,00200,12/31/2022
485,S000001,00400,00100,8
485,S000001,00400,00300,1
485,S000001,00400,00400,04/01/1988
485,S000001,00401,00300,1
485,S000002,00100,00200,Y
485,S000002,00300,00100,CHIEF FINANCIAL OFFICER
485,S000002,00400,00100,05/31/2023
485,S100001,00700,00100,N
485,S100001,00810,00000,SM BOWEL
485,S100001,00811,00000,VEIN\OTHER
485,S100002,00400,00100,HLA
485,S100003,00100,00100,MEDICAL DIRECTOR
485,S100003,00100,00300,MEDICAL DIRECTOR
485,S100003,00100,00500,LAB DIRECTOR
485,S100003,00101,00100,EXEC. DIRECTOR
485,S100003,00101,00300,PROCUREMENT COORDINATOR
485,S100003,00101,00500,TECHNICIANS
485,S100003,00102,00100,CLERICAL
485,S100003,00102,00300,PRESERVATION TECHNICIANS
485,S100003,00102,00500,TISSUE TYPING TECH.
485,S100003,00103,00100,OTHER
485,S100003,00103,00300,OTHER
485,S100003,00103,00500,OTHER
485,S200000,00100,00100,N
485,S200000,00200,00100,N
485,S200000,00300,00100,Y
485,S200000,00400,00100,Y
485,S200000,00400,00200,A
485,S200000,00500,00100,Y
485,S200000,00600,00300,DIRECTOR OF ACCOUNTING &  FINANCE
485,S200000,00700,00100,MIDAMERICA TRANSPLANT
487,A000000,00100,00000,0100CAPITAL COSTS-BLDG & FIXT
487,A000000,00200,00000,0200CAPITAL COSTS-MVBLE EQUIPMENT
487,A000000,00300,00000,0300EMPLOYEE BENEFITS
487,A000000,00400,00000,0400ADMINISTRATIVE & GENERAL
487,A000000,00500,00000,0500OPERATION AND MAINTENANCE OF PLANT
487,A000000,00600,00000,0600HOUSEKEEPING
487,A000000,00700,00000,0700MEDICAL SUPPLIES
487,A000000,00800,00000,0800OTHER OVERHEAD
487,A000000,00900,00000,0900PROCUREMENT COORDINATORS
487,A000000,01000,00000,1000PROFESSIONAL EDUCATION
487,A000000,01100,00000,1100PUBLIC EDUCATION
487,A000000,01200,00000,1200OTHER ACQUISITION
487,A000000,01201,00000,1201OTHER ACQUISITION
487,A000000,01202,00000,1203OTHER ACQUISITION
487,A000000,01300,00000,1300KIDNEY ACQUISITIONS
487,A000000,01400,00000,1400TISSUE TYPING LABORATORY
487,A000000,01500,00000,1500LIVER ACQUISITIONS
487,A000000,01600,00000,1600HEART ACQUISITIONS
487,A000000,01700,00000,1700PANCREAS ACQUISITIONS
487,A000000,01800,00000,1800LUNG ACQUISITIONS
487,A000000,01900,00000,1900OTHER ACQUISITIONS
487,A000000,02100,00000,2100RESEARCH
487,A000000,02200,00000,2200BLOOD BANK
487,A000000,02300,00000,2300LABORATORY-NON-TISSUE TYPING
487,A000000,02400,00000,2400DIALYSIS UNITS
487,A000000,02500,00000,2500TISSUE RELATED COSTS- LIFENET HEALTH
487,A000000,02501,00000,2501TISSUE RELATED COSTS - FTS
487,A000000,02502,00000,2502TISSUE RELATED COSTS - SWAI
487,A000000,02503,00000,2503TISSUE RELATED COSTS - LDMF
487,A000000,02504,00000,2504TISSUE RELATED COSTS - LNH CANADA
487,A000000,02505,00000,2505TISSUE RELATED COSTS - IRM
487,A000000,02506,00000,2506TISSUE RELATED COSTS - LNH NW
487,A000000,02507,00000,2507TISSUE RELATED COSTS - LNH EUROPE
487,A000000,02508,00000,2508OTHER NON-REIMBURSABLE
487,A100000,01700,00000,OTHER ADMIN AND GENERAL
487,A20H000,00900,00000,OTHER RELATED
487,A20H000,00901,00000,HOSPITAL CHARGES CASE RATE FEES
487,A20K000,00900,00000,OTHER RELATED
487,A20K000,00901,00000,HOSPITAL CHARGES CASE RATE FEES
487,A20L000,00900,00000,OTHER RELATED
487,A20L000,00901,00000,HOSPITAL CHARGES CASE RATE FEES
487,A20O000,00900,00000,OTHER RELATED
487,A20O000,00901,00000,HOSPITAL CHARGES CASE RATE FEES
487,A20P000,00900,00000,OTHER RELATED
487,A20P000,00901,00000,HOSPITAL CHARGES CASE RATE FEES
487,A20U000,00900,00000,OTHER RELATED
487,A20U000,00901,00000,HOSPITAL CHARGES CASE RATE FEES
487,A400010,00100,00000,RECLASSIFICATIONS
487,A400010,00100,00100,A
487,A400010,00100,00200,TISSUE RELATED COSTS- LIFENET HEALTH
487,A400010,00100,00500,PROCUREMENT COORDINATORS
487,A400010,00200,00000,RECLASSIFICATIONS
487,A400010,00200,00100,A
487,A400010,00200,00200,TISSUE RELATED COSTS- LIFENET HEALTH
487,A400010,00200,00500,PROFESSIONAL EDUCATION
487,A400010,00300,00000,RECLASSIFICATIONS
487,A400010,00300,00100,A
487,A400010,00300,00200,TISSUE RELATED COSTS- LIFENET HEALTH
487,A400010,00300,00500,PUBLIC EDUCATION
487,A400010,00400,00000,RECLASSIFICATIONS
487,A400010,00400,00100,A
487,A400010,00400,00200,TISSUE RELATED COSTS- LIFENET HEALTH
487,A400010,00400,00500,OTHER ACQUISITION
487,A500010,00800,00300,PROCUREMENT COORDINATORS
487,A500010,01500,00000,BAD DEBT EXPENSE
487,A500010,01500,00100,A
487,A500010,01500,00300,ADMINISTRATIVE & GENERAL
487,A500010,01600,00000,DONOR CENTER REVENUE
487,A500010,01600,00100,A
487,A500010,01600,00300,OTHER ACQUISITION
487,A500010,01601,00000,LOBBYING EXPENSE
487,A500010,01601,00100,A
487,A500010,01601,00300,PROCUREMENT COORDINATORS
487,A500010,01602,00000,CONTRIBUTIONS
487,A500010,01602,00100,A
487,A500010,01602,00300,ADMINISTRATIVE & GENERAL
487,A500010,01603,00000,LOSS ON ASSET DISPOSAL
487,A500010,01603,00100,A
487,A500010,01603,00300,ADMINISTRATIVE & GENERAL
487,A500010,01604,00000,LIVING KIDNEY
487,A500010,01604,00100,B
487,A500010,01604,00300,PROCUREMENT COORDINATORS
487,A500010,01605,00000,UNREALIZED LOSS ON INVESTMENTS
487,A500010,01605,00100,A
487,A500010,01605,00300,ADMINISTRATIVE & GENERAL
487,A500010,01606,00000,BOARD EXPENSES
487,A500010,01606,00100,A
487,A500010,01606,00300,ADMINISTRATIVE & GENERAL
487,A500010,01607,00000,G&A EXPENSE
487,A500010,01607,00100,A
487,A500010,01607,00300,ADMINISTRATIVE & GENERAL
487,A500010,01608,00000,ORGAN OVERHEAD EXPENSE
487,A500010,01608,00100,A
487,A500010,01608,00300,PROCUREMENT COORDINATORS
487,A500010,01609,00000,ORGAN OVERHEAD EXPENSE
487,A500010,01609,00100,A
487,A500010,01609,00300,PUBLIC EDUCATION
487,A500010,01610,00000,ORGAN OVERHEAD EXPENSE
487,A500010,01610,00100,A
487,A500010,01610,00300,OTHER ACQUISITION
487,A51000A,00100,00100,N
487,A60000A,00700,00000,CONSTRUCTION IN PROGRESS
487,A60000C,00500,00100,N
487,B10000*,00100,00200,CAP BLDG
487,B10000*,00100,00300,CAP COSTS
487,B10000*,00100,00400,EMPLOYEE
487,B10000*,00100,00500,MEDICAL
487,B10000*,00100,00800,ORGAN
487,B10000*,00100,01000,ADMIN &
487,B10000*,00200,00200,OP PLANT &
487,B10000*,00200,00300,MOVABLE
487,B10000*,00200,00400,BENEFITS
487,B10000*,00200,00500,SUPPLIES
487,B10000*,00200,00800,ACQUISITN
487,B10000*,00200,01000,GENERAL
487,B10000*,00300,00200,HOUSEKEEP
487,B10000*,00300,00300,EQUIPMENT
487,B10000*,00300,00800,COSTS
487,B10000*,00400,00200,SQUARE
487,B10000*,00400,00300,DOLLAR
487,B10000*,00400,00400,ADJUST
487,B10000*,00400,00500,COSTED
487,B10000*,00400,00800,NUMBER
487,B10000*,00400,01000,ACCUM
487,B10000*,00500,00200,FEET
487,B10000*,00500,00300,VALUE
487,B10000*,00500,00400,SALARIES
487,B10000*,00500,00500,REQUISIT
487,B10000*,00500,00800,ORGANS
487,B10000*,00500,01000,COSTS
487,B10000*,00600,00200,1
487,B10000*,00600,00300,2
487,B10000*,00600,00400,3
487,B10000*,00600,00500,3
487,B10000*,00600,00800,3
487,B10000*,00600,01000,3
487,B100000,00000,01000,X
487,E000000,00900,00000,OTHER ASSETS
487,E000000,02600,00000,CONSTRUCTION IN PROGRESS
487,E000000,03100,00000,OTHER ASSETS
487,E000000,03900,00000,OTHER CURRENT LIABILITIES
487,E000000,04600,00000,DEFERRED INCOME
487,E000000,04700,00000,OTHER LONG TERM LIAB
487,E100002,00800,00000,ELIMINATION ENTRY
487,E200000,01500,00000,TISSUE BANK REVENUE
487,E200000,01600,00000,DONOR CENTER REVENUE
487,E200000,01700,00000,OTHER INCOME
487,E200000,01800,00000,MEDICARE
487,S000000,00100,00100,X
487,S000000,00400,00100,1
487,S000000,00500,00100,05/31/2023
487,S000000,00600,00100,10001
487,S000000,00700,00100,N
487,S000000,00800,00100,N
487,S000000,01000,00100,4
487,S000001,00100,00100,LIFENET HEALTH
487,S000001,00100,00200,49P001
487,S000001,00101,00100,1864 CONCERT DRIVE
487,S000001,00102,00100,VIRGINIA BEACH
487,S000001,00102,00200,VA
487,S000001,00102,00300,23453
487,S000001,00300,00100,01/01/2022
487,S000001,00300,00200,12/31/2022
487,S000001,00400,00100,8
487,S000001,00400,00300,1
487,S000001,00400,00400,10/01/1987
487,S000001,00401,00300,1
487,S000002,00100,00200,Y
487,S000002,00300,00100,CFO
487,S000002,00400,00100,05/30/2023
487,S100001,00700,00100,N
487,S100001,00810,00000,INTESTINE
487,S100003,00100,00100,MEDICAL DIRECTOR
487,S100003,00100,00300,MEDICAL DIRECTOR
487,S100003,00100,00500,LAB DIRECTOR
487,S100003,00101,00100,EXEC. DIRECTOR
487,S100003,00101,00300,PROCUREMENT COORDINATOR
487,S100003,00101,00500,TECHNICIANS
487,S100003,00102,00100,CLERICAL
487,S100003,00102,00300,PRESERVATION TECHNICIANS
487,S100003,00102,00500,TISSUE TYPING TECH.
487,S100003,00103,00100,OTHER
487,S100003,00103,00300,OTHER
487,S100003,00103,00500,OTHER
487,S200000,00100,00100,N
487,S200000,00200,00100,N
487,S200000,00300,00100,N
487,S200000,00400,00100,Y
487,S200000,00400,00200,A
487,S200000,00500,00100,N
487,S200000,00600,00300,SENIOR ACCOUNTANT
487,S200000,00700,00100,LIFENET HEALTH
488,A000000,00100,00000,0100CAPITAL COSTS-BLDG & FIXT
488,A000000,00200,00000,0200CAPITAL COSTS-MVBLE EQUIPMENT
488,A000000,00300,00000,0300EMPLOYEE BENEFITS
488,A000000,00400,00000,0400ADMINISTRATIVE & GENERAL
488,A000000,00500,00000,0500OPERATION AND MAINTENANCE OF PLANT
488,A000000,00600,00000,0600HOUSEKEEPING
488,A000000,00700,00000,0700MEDICAL SUPPLIES
488,A000000,00800,00000,0800OTHER OVERHEAD
488,A000000,00900,00000,0900PROCUREMENT COORDINATORS
488,A000000,01000,00000,1000PROFESSIONAL EDUCATION
488,A000000,01100,00000,1100PUBLIC EDUCATION
488,A000000,01200,00000,1200OTHER ACQUISITION
488,A000000,01300,00000,1300KIDNEY ACQUISITIONS
488,A000000,01400,00000,1400TISSUE TYPING LABORATORY
488,A000000,01500,00000,1500LIVER ACQUISITIONS
488,A000000,01600,00000,1600HEART ACQUISITIONS
488,A000000,01700,00000,1700PANCREAS ACQUISITIONS
488,A000000,01800,00000,1800LUNG ACQUISITIONS
488,A000000,01900,00000,1900OTHER ACQUISITIONS
488,A000000,02100,00000,2100RESEARCH
488,A000000,02200,00000,2200BLOOD BANK
488,A000000,02300,00000,2300LABORATORY-NON-TISSUE TYPING
488,A000000,02400,00000,2400DIALYSIS UNITS
488,A000000,02500,00000,2500OTHER NON-REIMBURSABLE
488,A51000A,00100,00100,N
488,S000000,00100,00100,X
488,S000000,00400,00100,2
488,S000000,00500,00100,06/26/2023
488,S000000,00600,00100,10001
488,S000000,00700,00100,N
488,S000000,00800,00100,N
488,S000000,00900,00100,07/13/2023
488,S000000,01000,00100,4
488,S000001,00100,00100,COMMUNITY BLOOD CENTER
488,S000001,00100,00200,36HL06
488,S000001,00101,00100,349 SOUTH MAIN STREET
488,S000001,00102,00100,DAYTON
488,S000001,00102,00200,OH
488,S000001,00102,00300,45402-2715
488,S000001,00300,00100,01/01/2022
488,S000001,00300,00200,12/31/2022
488,S000001,00400,00100,8
488,S000001,00400,00300,2
488,S000001,00400,00400,10/22/1983
488,S000001,00401,00300,1
488,S100001,00700,00100,N
488,S100001,00810,00000,OTHER
488,S100003,00100,00100,MEDICAL DIRECTOR
488,S100003,00100,00300,MEDICAL DIRECTOR
488,S100003,00100,00500,LAB DIRECTOR
488,S100003,00101,00100,EXEC. DIRECTOR
488,S100003,00101,00300,PROCUREMENT COORDINATOR
488,S100003,00101,00500,TECHNICIANS
488,S100003,00102,00100,CLERICAL
488,S100003,00102,00300,PRESERVATION TECHNICIANS
488,S100003,00102,00500,TISSUE TYPING TECH.
488,S100003,00103,00100,OTHER
488,S100003,00103,00300,OTHER
488,S100003,00103,00500,OTHER
488,S200000,00100,00100,N
488,S200000,00200,00100,N
488,S200000,00300,00100,N
488,S200000,00400,00100,N
488,S200000,00500,00100,N
549,A000000,00100,00000,0100CAPITAL COSTS-BLDG & FIXT
549,A000000,00200,00000,0200CAPITAL COSTS-MVBLE EQUIPMENT
549,A000000,00300,00000,0300EMPLOYEE BENEFITS
549,A000000,00400,00000,0400ADMINISTRATIVE & GENERAL
549,A000000,00500,00000,0500OPERATION AND MAINTENANCE OF PLANT
549,A000000,00600,00000,0600HOUSEKEEPING
549,A000000,00700,00000,0700MEDICAL SUPPLIES
549,A000000,00800,00000,0800OTHER OVERHEAD
549,A000000,00900,00000,0900PROCUREMENT COORDINATORS
549,A000000,01000,00000,1000PROFESSIONAL EDUCATION
549,A000000,01100,00000,1100PUBLIC EDUCATION
549,A000000,01200,00000,1200REFERRAL CENTER
549,A000000,01300,00000,1300KIDNEY ACQUISITIONS
549,A000000,01400,00000,1400TISSUE TYPING LABORATORY
549,A000000,01500,00000,1500LIVER ACQUISITIONS
549,A000000,01600,00000,1600HEART ACQUISITIONS
549,A000000,01700,00000,1700PANCREAS ACQUISITIONS
549,A000000,01800,00000,1800LUNG ACQUISITIONS
549,A000000,01900,00000,1900SMALL BOWEL
549,A000000,02100,00000,2100RESEARCH
549,A000000,02200,00000,2200BLOOD BANK
549,A000000,02300,00000,2300LABORATORY-NON-TISSUE TYPING
549,A000000,02400,00000,2400DIALYSIS UNITS
549,A000000,02500,00000,2500TISSUE
549,A000000,02501,00000,2501MEMORIAL
549,A000000,02502,00000,2502OTHER NON-REIMBURSABLE-DTI
549,A100000,01700,00000,OTHER
549,A100000,01800,00000,NONREIMBURSEABLE
549,A100000,01900,00000,CONSULTING
549,A100000,01901,00000,PURCHASED SERVICES
549,A100000,01902,00000,DUES/SUBSCRIPTIONS
549,A100000,01903,00000,SPECIALITY ITEMS
549,A20H000,00900,00000,OTHER HOSPITAL EXCISION COSTS
549,A20H000,00901,00000,DONOR HOSPITAL CHARGES ACCRUAL
549,A20H000,02100,00000,OTHER PROFESSIONAL FEES
549,A20K000,00900,00000,OTHER HOSPITAL EXCISION COSTS
549,A20K000,00901,00000,DONOR HOSPITAL CHARGES ACCRUAL
549,A20K000,02100,00000,OTHER PROFESSIONAL FEES
549,A20L000,00900,00000,OTHER HOSPITAL EXCISION COSTS
549,A20L000,00901,00000,DONOR HOSPITAL CHARGES ACCRUAL
549,A20L000,02100,00000,OTHER PROFESSIONAL FEES
549,A20O000,00900,00000,OTHER HOSPITAL EXCISION COSTS
549,A20O000,00901,00000,DONOR HOSPITAL CHARGES ACCRUAL
549,A20O000,02100,00000,OTHER PROFESSIONAL FEES
549,A20P000,00900,00000,OTHER HOSPITAL EXCISION COSTS
549,A20P000,00901,00000,DONOR HOSPITAL CHARGES ACCRUAL
549,A20P000,02100,00000,OTHER PROFESSIONAL FEES
549,A20U000,00900,00000,OTHER HOSPITAL EXCISION COSTS
549,A20U000,00901,00000,DONOR HOSPITAL CHARGES ACCRUAL
549,A20U000,02100,00000,OTHER PROFESSIONAL FEES
549,A400010,00100,00000,RECLASSIFICATIONS
549,A400010,00100,00100,A
549,A400010,00100,00200,TISSUE
549,A400010,00100,00500,PROCUREMENT COORDINATORS
549,A400010,00200,00000,RECLASSIFICATIONS
549,A400010,00200,00100,A
549,A400010,00200,00200,TISSUE
549,A400010,00200,00500,PROFESSIONAL EDUCATION
549,A400010,00300,00000,RECLASSIFICATIONS
549,A400010,00300,00100,A
549,A400010,00300,00200,TISSUE
549,A400010,00300,00500,PUBLIC EDUCATION
549,A400010,00400,00000,RECLASSIFICATIONS
549,A400010,00400,00100,A
549,A400010,00400,00200,TISSUE
549,A400010,00400,00500,REFERRAL CENTER
549,A400010,00500,00000,RECLASSIFICATIONS
549,A400010,00500,00100,A
549,A400010,00500,00200,ADMINISTRATIVE & GENERAL
549,A400010,00500,00500,EMPLOYEE BENEFITS
549,A500010,00700,00100,B
549,A500010,00700,00300,CAPITAL COSTS-BLDG & FIXT
549,A500010,00800,00100,B
549,A500010,00800,00300,PROCUREMENT COORDINATORS
549,A500010,01500,00000,IMPORT REVENUE
549,A500010,01500,00100,B
549,A500010,01500,00300,PROCUREMENT COORDINATORS
549,A500010,01501,00000,OTHER ORGAN
549,A500010,01501,00100,B
549,A500010,01501,00300,PROCUREMENT COORDINATORS
549,A500010,01502,00000,LOBBYING
549,A500010,01502,00100,A
549,A500010,01502,00300,ADMINISTRATIVE & GENERAL
549,A500010,01503,00000,CALL CENTER FEES
549,A500010,01503,00100,B
549,A500010,01503,00300,REFERRAL CENTER
549,A500010,01600,00000,NONREIMBURSEABLE EXPENSES
549,A500010,01600,00100,A
549,A500010,01600,00300,ADMINISTRATIVE & GENERAL
549,A51000A,00100,00100,N
549,A60000C,00500,00100,N
549,B10000*,00100,00200,CAP BLDG
549,B10000*,00100,00300,CAP COSTS
549,B10000*,00100,00400,EMPLOYEE
549,B10000*,00100,00500,MEDICAL
549,B10000*,00100,00800,ORGAN
549,B10000*,00100,01000,ADMIN &
549,B10000*,00200,00200,OP PLANT &
549,B10000*,00200,00300,MOVABLE
549,B10000*,00200,00400,BENEFITS
549,B10000*,00200,00500,SUPPLIES
549,B10000*,00200,00800,ACQUISITN
549,B10000*,00200,01000,GENERAL
549,B10000*,00300,00200,HOUSEKEEP
549,B10000*,00300,00300,EQUIPMENT
549,B10000*,00300,00800,COSTS
549,B10000*,00400,00200,SQUARE
549,B10000*,00400,00300,DOLLAR
549,B10000*,00400,00400,ADJUST
549,B10000*,00400,00500,COSTED
549,B10000*,00400,00800,NUMBER
549,B10000*,00400,01000,ACCUM
549,B10000*,00500,00200,FEET
549,B10000*,00500,00300,VALUE
549,B10000*,00500,00400,SALARIES
549,B10000*,00500,00500,REQUISIT
549,B10000*,00500,00800,ORGANS
549,B10000*,00500,01000,COSTS
549,B10000*,00600,00200,1
549,B10000*,00600,00300,2
549,B10000*,00600,00400,3
549,B10000*,00600,00500,3
549,B10000*,00600,00800,3
549,B10000*,00600,01000,3
549,B100000,00000,01000,X
549,E000000,00900,00000,MEDICARE RECEIVABLE
549,E000000,02600,00000,OTHER FIXED ASSETS
549,E000000,03100,00000,INVEST IN SUPP CO/RIGHT-OF-USE ASSET
549,E000000,04600,00000,LEASE LIABILITIY - OPERATING LEASES
549,E000000,04700,00000,DEFERRED COMPENSATION
549,E100001,00700,00000,TISSUE REVENUE
549,E100001,00800,00000,RESEARCH REVENUE
549,E100001,00900,00000,MEDICARE RECEIVABLE 2022 ESTIMATE
549,E200000,02000,00000,LIFECENTER MEMORIAL INCOME
549,E200000,02100,00000,OTHER MISC INCOME
549,E200000,02200,00000,COMM CENTER INCOME
549,E200000,02300,00000,LEASE INVOME
549,S000000,00100,00100,X
549,S000000,00400,00100,5
549,S000000,00500,00100,11/13/2023
549,S000000,00600,00100,10001
549,S000000,00700,00100,N
549,S000000,00800,00100,N
549,S000000,01000,00100,4
549,S000001,00100,00100,LIFECENTER ORGAN DONOR NETWORK
549,S000001,00100,00200,36P003
549,S000001,00101,00100,615 ELSINORE PLACE  SUITE 400
549,S000001,00102,00100,CINCINNATI
549,S000001,00102,00200,OH
549,S000001,00102,00300,45202
549,S000001,00300,00100,01/01/2022
549,S000001,00300,00200,12/31/2022
549,S000001,00400,00100,2
549,S000001,00400,00300,1
549,S000001,00400,00400,05/06/1983
549,S000001,00401,00100,6
549,S000001,00401,00300,1
549,S000002,00100,00200,Y
549,S000002,00300,00100,FINANCE & ACCOUNTING MANAGER
549,S000002,00400,00100,11/13/2023
549,S100001,00700,00100,N
549,S100001,00810,00000,OTHER-SMALL BOWEL
549,S100001,00811,00000,OTHER-VEINS
549,S100003,00100,00100,MEDICAL DIRECTOR
549,S100003,00100,00300,MEDICAL DIRECTOR
549,S100003,00100,00500,LAB DIRECTOR
549,S100003,00101,00100,EXEC. DIRECTOR
549,S100003,00101,00300,PROCUREMENT COORDINATOR
549,S100003,00101,00500,TECHNICIANS
549,S100003,00102,00100,CLERICAL
549,S100003,00102,00300,PRESERVATION TECHNICIANS
549,S100003,00102,00500,TISSUE TYPING TECH.
549,S100003,00103,00100,OTHER
549,S100003,00103,00300,OTHER
549,S100003,00103,00500,OTHER
549,S200000,00100,00100,N
549,S200000,00200,00100,N
549,S200000,00300,00100,N
549,S200000,00400,00100,Y
549,S200000,00400,00200,A
549,S200000,00500,00100,N
549,S200000,00600,00300,FINANCE & ACCOUNTING MANAGER
549,S200000,00700,00100,LIFECENTER ORGAN DONOR NETWORK
553,A000000,00100,00000,0100CAPITAL COSTS-BLDG & FIXT
553,A000000,00200,00000,0200CAPITAL COSTS-MVBLE EQUIPMENT
553,A000000,00300,00000,0300EMPLOYEE BENEFITS
553,A000000,00400,00000,0400ADMINISTRATIVE & GENERAL
553,A000000,00500,00000,0500OPERATION AND MAINTENANCE OF PLANT
553,A000000,00600,00000,0600HOUSEKEEPING
553,A000000,00700,00000,0700MEDICAL SUPPLIES
553,A000000,00800,00000,0800DATA PROCESSING
553,A000000,00801,00000,0801SERUM CYTO MCRO TRAYS
553,A000000,00900,00000,0900PROCUREMENT COORDINATORS
553,A000000,01000,00000,1000PROFESSIONAL EDUCATION
553,A000000,01100,00000,1100PUBLIC EDUCATION
553,A000000,01300,00000,1300KIDNEY ACQUISITIONS
553,A000000,01400,00000,1400TISSUE TYPING LABORATORY
553,A000000,01500,00000,1500LIVER ACQUISITIONS
553,A000000,01600,00000,1600HEART ACQUISITIONS
553,A000000,01700,00000,1700PANCREAS ACQUISITIONS
553,A000000,01800,00000,1800LUNG ACQUISITIONS
553,A000000,01900,00000,1900OTHER ACQUISITIONS
553,A000000,02100,00000,2100RESEARCH
553,A000000,02200,00000,2200BLOOD BANK
553,A000000,02300,00000,2300LABORATORY-NON-TISSUE TYPING
553,A000000,02400,00000,2400DIALYSIS UNITS
553,A000000,02500,00000,2500UNRELATED BONE MARROW DONOR
553,A000000,02502,00000,2502RESEARCH AND REFERENCE 61603
553,A100000,01700,00000,OPERATION OF PLANT
553,A100000,01800,00000,HOUSEKEEPING
553,A100000,01900,00000,OTHER ADMIN AND GENERAL
553,A300000,00600,00000,OFFICE SUPPLY
553,A300000,00700,00000,INVENTORIAL EQUIPMENT
553,A300000,00800,00000,TRAVEL
553,A300000,00900,00000,OTHER
553,A400010,00100,00000,CAPITAL BUILDING-RENTAL
553,A400010,00100,00100,A
553,A400010,00100,00200,CAPITAL COSTS-BLDG & FIXT
553,A400010,00100,00500,TISSUE TYPING LABORATORY
553,A400010,00200,00000,CAPITAL BUILDING-RENTAL
553,A400010,00200,00100,A
553,A400010,00200,00500,RESEARCH AND REFERENCE 61603
553,A400010,00300,00000,CAPITAL COSTS -MVBLE EQUIP
553,A400010,00300,00100,B
553,A400010,00300,00200,CAPITAL COSTS-MVBLE EQUIPMENT
553,A400010,00300,00500,TISSUE TYPING LABORATORY
553,A400010,00400,00000,CAPITAL COSTS -MVBLE EQUIP
553,A400010,00400,00100,B
553,A400010,00400,00500,RESEARCH
553,A400010,00500,00000,OPERATION OF PLANT
553,A400010,00500,00100,C
553,A400010,00500,00200,OPERATION AND MAINTENANCE OF PLANT
553,A400010,00500,00500,TISSUE TYPING LABORATORY
553,A400010,00600,00000,OPERATION OF PLANT
553,A400010,00600,00100,C
553,A400010,00600,00500,RESEARCH
553,A400010,00700,00000,OPERATION OF PLANT
553,A400010,00700,00100,C
553,A400010,00700,00500,RESEARCH AND REFERENCE 61603
553,A400010,00800,00000,HOUSEKEEPING
553,A400010,00800,00100,D
553,A400010,00800,00200,HOUSEKEEPING
553,A400010,00800,00500,TISSUE TYPING LABORATORY
553,A400010,00900,00000,HOUSEKEEPING
553,A400010,00900,00100,D
553,A400010,00900,00500,RESEARCH AND REFERENCE 61603
553,A400010,01000,00000,SALARIES RECLASS
553,A400010,01000,00100,E
553,A400010,01000,00200,ADMINISTRATIVE & GENERAL
553,A400010,01000,00500,RESEARCH
553,A400010,01100,00000,SALARIES RECLASS
553,A400010,01100,00100,E
553,A400010,01100,00200,TISSUE TYPING LABORATORY
553,A400010,01100,00500,RESEARCH AND REFERENCE 61603
553,A400010,01200,00000,TTL IAC IACREM RECLASS
553,A400010,01200,00100,F
553,A400010,01200,00200,RESEARCH
553,A400010,01200,00500,TISSUE TYPING LABORATORY
553,A500010,01601,00000,AMORTIZATION OF EQUIP
553,A500010,01601,00100,A
553,A500010,01601,00300,CAPITAL COSTS-MVBLE EQUIPMENT
553,A500010,01602,00000,2023 INVENTORIAL EQUIPMENT
553,A500010,01602,00100,A
553,A500010,01602,00300,CAPITAL COSTS-MVBLE EQUIPMENT
553,A500010,01603,00000,ACADEMIC OVERHEAD ADJ
553,A500010,01603,00100,A
553,A500010,01603,00300,TISSUE TYPING LABORATORY
553,A500010,01604,00000,ACADEMIC OVERHEAD ADJ
553,A500010,01604,00100,A
553,A500010,01604,00300,RESEARCH AND REFERENCE 61603
553,A500010,01605,00000,ACADEMIC OVERHEAD ADJ
553,A500010,01605,00100,A
553,A500010,01605,00300,RESEARCH
553,A500010,01606,00000,LABORATORY REVENUE RECHARGES
553,A500010,01606,00100,A
553,A500010,01606,00300,TISSUE TYPING LABORATORY
553,A500010,01607,00000,LABORATORY REVENUE RECHARGES
553,A500010,01607,00100,A
553,A500010,01607,00300,RESEARCH AND REFERENCE 61603
553,A500010,01608,00000,LABORATORY REVENUE RECHARGES
553,A500010,01608,00100,A
553,A500010,01608,00300,RESEARCH
553,A500010,01609,00000,LABORATORY REVENUE RECHARGES
553,A500010,01609,00100,A
553,A500010,01609,00300,ADMINISTRATIVE & GENERAL
553,A500010,01610,00000,REMOVE INTERDEPARTMENTAL SUPPORT
553,A500010,01610,00100,A
553,A500010,01610,00300,TISSUE TYPING LABORATORY
553,A500010,01611,00000,REMOVE INTERDEPARTMENTAL SUPPORT
553,A500010,01611,00100,A
553,A500010,01611,00300,RESEARCH
553,A51000A,00100,00100,Y
553,A51000B,00100,00200,ADMINISTRATIVE & GENERAL
553,A51000B,00100,00300,UNIVERSITY OVERHEAD
553,A51000C,00100,00100,G
553,A51000C,00100,00200,UCLA
553,A51000C,00100,00400,UCLA
553,A51000C,00100,00600,UNIVERSITY
553,A60000C,00500,00100,N
553,B10000*,00100,00200,CAP BLDG
553,B10000*,00100,00300,CAP COSTS
553,B10000*,00100,00400,EMPLOYEE
553,B10000*,00100,00500,MEDICAL
553,B10000*,00100,00800,ORGAN
553,B10000*,00100,01000,ADMIN &
553,B10000*,00200,00200,OP PLANT &
553,B10000*,00200,00300,MOVABLE
553,B10000*,00200,00400,BENEFITS
553,B10000*,00200,00500,SUPPLIES
553,B10000*,00200,00800,ACQUISITN
553,B10000*,00200,01000,GENERAL
553,B10000*,00300,00200,HOUSEKEEP
553,B10000*,00300,00300,EQUIPMENT
553,B10000*,00300,00800,COSTS
553,B10000*,00400,00200,SQUARE
553,B10000*,00400,00300,DOLLAR
553,B10000*,00400,00400,ADJUST
553,B10000*,00400,00500,COSTED
553,B10000*,00400,00600,UNDEFINED
553,B10000*,00400,00800,NUMBER
553,B10000*,00400,01000,ACCUM
553,B10000*,00500,00200,FEET
553,B10000*,00500,00300,VALUE
553,B10000*,00500,00400,SALARIES
553,B10000*,00500,00500,REQUISIT
553,B10000*,00500,00800,ORGANS
553,B10000*,00500,01000,COSTS
553,B10000*,00600,00200,1
553,B10000*,00600,00300,2
553,B10000*,00600,00400,3
553,B10000*,00600,00500,3
553,B10000*,00600,00800,3
553,B10000*,00600,01000,3
553,B100000,00000,01000,X
553,E100002,00300,00000,ADD IN A-5 ADJUSTMENTS
553,S000000,00100,00100,X
553,S000000,00400,00100,1
553,S000000,00500,00100,11/21/2023
553,S000000,00600,00100,10001
553,S000000,00700,00100,N
553,S000000,00800,00100,N
553,S000000,01000,00100,4
553,S000001,00100,00100,UCLA IMMUNOGENETICS LAB
553,S000001,00100,00200,05HL03
553,S000001,00101,00100,1000 VETERAN AVENUE
553,S000001,00102,00100,LOS ANGELES
553,S000001,00102,00200,CA
553,S000001,00102,00300,90024
553,S000001,00300,00100,07/01/2022
553,S000001,00300,00200,06/30/2023
553,S000001,00400,00100,10
553,S000001,00400,00300,2
553,S000001,00400,00400,04/01/1978
553,S000001,00401,00300,1
553,S000002,00100,00200,Y
553,S000002,00300,00100,INTERIM CAO
553,S000002,00400,00100,11/17/2023
553,S100001,00700,00100,N
553,S100001,00810,00000,OTHER
553,S100002,00400,00100,T&B-CELL CYTOTOXIC CROSSMATCH
553,S100002,00401,00100,SERA STORAGE (6 MONTHS)
553,S100002,00402,00100,ASP ? ANTIBODY SPECIFICITY PROFILE
553,S100002,00403,00100,DECEASED TYPING & CROSSMATCHES  LOCA
553,S100002,00404,00100,HLA-DRB1  DRB3  4  5 (INTERMEDIATE R
553,S100002,00405,00100,HLA-DQB1 (INTERMEDIATE RESOLUTION)
553,S100002,00406,00100,HLA-A B C (INTERMEDIATE RESOLUTION)
553,S100002,00407,00100,HLA-A (INTERMEDIATE RESOLUTION)
553,S100002,00408,00100,HLA-B (INTERMEDIATE RESOLUTION)
553,S100002,00409,00100,HLA-C (INTERMEDIATE RESOLUTION)
553,S100002,00410,00100,HLA-DQB1 (HIGH RESOLUTION)
553,S100002,00411,00100,HLA-DRB3/4/5 (HIGH RESOLUTION)
553,S100002,00412,00100,HLA-DQA1  (HIGH RESOLUTION)
553,S100002,00413,00100,HLA-A (HIGH RESOLUTION)
553,S100002,00414,00100,HLA-B (HIGH RESOLUTION)
553,S100002,00415,00100,FLOW PRA + ID CLASS I  ROUTINE
553,S100002,00416,00100,FLOW PRA + ID CLASS II  ROUTINE
553,S100002,00417,00100,SINGLE ANTIGEN ANTIBODY ID  CLASS II
553,S100002,00418,00100,HLA-B27
553,S100002,00419,00100,CELIAC DISEASE - ASSOCIATED HLA TYPI
553,S100002,00420,00100,DECEASED CROSSMATCH  ADDITIONAL
553,S100002,00421,00100,HLA-DRB1 DQB1 (INTERMEDIATE RESOLUTI
553,S100002,00422,00100,HLA-DPB1 (INTERMEDIATE RESOLUTION)
553,S100002,00423,00100,HLA-DPB1 (HIGH RESOLUTION)
553,S100002,00424,00100,HLA-DQA1 (INTERMEDIATE RESOLUTION)
553,S100002,00425,00100,T&B-CELL FLOW CROSSMATCH WITH PRONAS
553,S100002,00426,00100,MICA GENOTYPING
553,S100002,00427,00100,MICA ANTIBODY
553,S100002,00428,00100,KIR GENOTYPE
553,S100002,00429,00100,ENDOTHELIAL CELL CROSSMATCH
553,S100002,00430,00100,DECEASED DONOR PARTIAL - WORKUP
553,S100002,00431,00100,HLA-A B DRB1 - INTERMEDIATE RESOLUTI
553,S100002,00432,00100,SINGLE ANTIGEN ID TITRATION  CLASS I
553,S100002,00433,00100,SINGLE ANTIGEN ID TITRATION  CLASS I
553,S100002,00434,00100,SINGLE ANTIGEN ID C1Q  CLASS I
553,S100002,00435,00100,SINGLE ANTIGEN ID C1Q  CLASS II
553,S100002,00436,00100,SINGLE ANTIGEN ANTIBODY ID  CLASS I
553,S100002,00437,00100,HLA-DPA1 (INTERMEDIATE RESOLUTION)
553,S100002,00438,00100,HLA-DPA CLASS 1 (HIGH RESOLUTION)
553,S100002,00439,00100,HLA-B*5801
553,S100002,00440,00100,ANTI-ANGIOTENSIN TYPE 1 RECEPTORS (A
553,S100002,00441,00100,ENGRAFTMENT: PRE-TRANSPLANT COMPARAT
553,S100002,00442,00100,ENGRAFTMENT ANALYSIS: POST TRANSPLAN
553,S100002,00443,00100,HLA-A  B  C  DRB1 3 4 5  DQB1  DQA1
553,S100002,00444,00100,SERUM PROCESSING & SERA STORAGE - PE
553,S100002,00445,00100,HR PATIENT TYPING-HLA-A B C  DRB1  D
553,S100002,00446,00100,ENGRAFTMENT ANALYSIS: POST TRANSPLAN
553,S100002,00447,00100,ENGRAFTMENT ANALYSIS: POST TRANSPLAN
553,S100002,00448,00100,ENGRAFTMENT ANALYSIS: POST TRANSPLAN
553,S100002,00449,00100,ENGRAFTMENT ANALYSIS: POST TRANSPLAN
553,S100002,00450,00100,STAT TEST SET-UP
553,S100002,00451,00100,STAT TEST SET-UP
553,S100002,00452,00100,STAT TEST SET-UP FEE-HLA TYPING
553,S100002,00453,00100,T&B-CELL FLOW CROSSMATCH
553,S100003,00100,00100,MEDICAL DIRECTOR
553,S100003,00100,00300,MEDICAL DIRECTOR
553,S100003,00100,00500,LAB DIRECTOR
553,S100003,00101,00100,EXEC. DIRECTOR
553,S100003,00101,00300,PROCUREMENT COORDINATOR
553,S100003,00101,00500,TECHNICIANS
553,S100003,00102,00100,CLERICAL
553,S100003,00102,00300,PRESERVATION TECHNICIANS
553,S100003,00102,00500,TISSUE TYPING TECH.
553,S100003,00103,00100,OTHER
553,S100003,00103,00300,OTHER
553,S100003,00103,00500,OTHER
553,S200000,00100,00100,N
553,S200000,00200,00100,N
553,S200000,00300,00100,Y
553,S200000,00400,00100,N
553,S200000,00500,00100,N
553,S200000,00600,00300,DIRECTOR - CLIENT SERVICES
553,S200000,00700,00100,TOYON ASSOCIATES
561,A000000,00100,00000,0100CAPITAL COSTS-BLDG & FIXT
561,A000000,00200,00000,0200CAPITAL COSTS-MVBLE EQUIPMENT
561,A000000,00300,00000,0300EMPLOYEE BENEFITS
561,A000000,00400,00000,0400ADMINISTRATIVE & GENERAL
561,A000000,00500,00000,0500OPERATION AND MAINTENANCE OF PLANT
561,A000000,00600,00000,0600HOUSEKEEPING
561,A000000,00700,00000,0700MEDICAL SUPPLIES
561,A000000,00800,00000,0800OTHER OVERHEAD
561,A000000,00900,00000,0900PROCUREMENT COORDINATORS
561,A000000,01000,00000,1000PROFESSIONAL EDUCATION
561,A000000,01100,00000,1100PUBLIC EDUCATION
561,A000000,01200,00000,1200OTHER ACQUISITION
561,A000000,01300,00000,1300KIDNEY ACQUISITIONS
561,A000000,01400,00000,1400TISSUE TYPING LABORATORY
561,A000000,01500,00000,1500LIVER ACQUISITIONS
561,A000000,01600,00000,1600HEART ACQUISITIONS
561,A000000,01700,00000,1700PANCREAS ACQUISITIONS
561,A000000,01800,00000,1800LUNG ACQUISITIONS
561,A000000,01900,00000,1900OTHER ACQUISITIONS
561,A000000,01901,00000,1901OTHER ACQUISITIONS
561,A000000,01902,00000,1902OTHER ACQUISITIONS
561,A000000,02100,00000,2100RESEARCH
561,A000000,02200,00000,2200BLOOD BANK
561,A000000,02300,00000,2300LABORATORY-NON-TISSUE TYPING
561,A000000,02400,00000,2400DIALYSIS UNITS
561,A000000,02500,00000,2500OTHER NON-REIMBURSABLE
561,A100000,01700,00000,DONOR FAMILY SERVICES
561,A100000,01800,00000,HUMAN RESOURCES
561,A100000,01900,00000,QUALITY
561,A100000,01901,00000,TRAINING & DEVELOPMENT
561,A100000,01902,00000,BUSINESS MEETINGS
561,A100000,01903,00000,DUES & ACREDIATION FEES
561,A100000,01904,00000,MEDICAL RECORD STORAGE
561,A100000,01905,00000,POSTAGE
561,A100000,01906,00000,PRINTING & PHOTOCOPIES
561,A100000,01907,00000,PROFESSIONAL FEES
561,A100000,01908,00000,RECRUTING COSTS
561,A100000,01909,00000,REPAIRS & MAINTENANCE
561,A100000,01910,00000,DEPRECIATION
561,A20H000,00900,00000,HOSPTIAL CASE RATES
561,A20H000,02100,00000,PERFUSION
561,A20H000,02101,00000,HEART IMPORT OFFER ADMIN
561,A20H000,02102,00000,FUNERAL HOME
561,A20K000,00900,00000,HOSPITAL CASE RATES
561,A20K000,02100,00000,PERFUSION
561,A20K000,02101,00000,KIDNEY PUMPING
561,A20K000,02102,00000,IMPORT FEES
561,A20K000,02103,00000,FUNERAL HOME
561,A20L000,00900,00000,HOSPITAL CASE RATES
561,A20L000,02100,00000,PERFUSION
561,A20L000,02101,00000,FUNERAL HOME
561,A20P000,00900,00000,HOSPITAL CASE RATES
561,A20P000,02100,00000,PERFUSION
561,A20P000,02101,00000,FUNERAL HOME
561,A20U000,00900,00000,HOSPITAL CASE RATES
561,A20U000,02100,00000,PERFUSION
561,A20U000,02101,00000,FUNERAL HOME
561,A400010,00100,00000,RECLASSIFICATIONS
561,A400010,00100,00100,A
561,A400010,00100,00200,CAPITAL COSTS-BLDG & FIXT
561,A400010,00100,00500,ADMINISTRATIVE & GENERAL
561,A400010,00200,00000,RECLASSIFICATIONS
561,A400010,00200,00100,A
561,A400010,00200,00200,CAPITAL COSTS-BLDG & FIXT
561,A400010,00200,00500,ADMINISTRATIVE & GENERAL
561,A400010,00300,00000,RECLASSIFICATIONS
561,A400010,00300,00100,A
561,A400010,00300,00200,CAPITAL COSTS-BLDG & FIXT
561,A400010,00300,00500,ADMINISTRATIVE & GENERAL
561,A400010,00400,00000,RECLASSIFICATIONS
561,A400010,00400,00100,A
561,A400010,00400,00200,CAPITAL COSTS-BLDG & FIXT
561,A400010,00400,00500,ADMINISTRATIVE & GENERAL
561,A400010,00500,00000,RECLASSIFICATIONS
561,A400010,00500,00100,A
561,A400010,00500,00200,CAPITAL COSTS-BLDG & FIXT
561,A400010,00500,00500,ADMINISTRATIVE & GENERAL
561,A400010,00600,00000,RECLASSIFICATIONS
561,A400010,00600,00100,A
561,A400010,00600,00200,OTHER NON-REIMBURSABLE
561,A400010,00600,00500,ADMINISTRATIVE & GENERAL
561,A400010,00700,00000,RECLASSIFICATIONS
561,A400010,00700,00100,A
561,A400010,00700,00200,OTHER NON-REIMBURSABLE
561,A400010,00700,00500,PROCUREMENT COORDINATORS
561,A500010,00200,00100,B
561,A500010,00200,00300,PROCUREMENT COORDINATORS
561,A500010,00700,00100,B
561,A500010,00700,00300,CAPITAL COSTS-BLDG & FIXT
561,A500010,00800,00100,B
561,A500010,00800,00300,PROCUREMENT COORDINATORS
561,A500010,00900,00100,B
561,A500010,00900,00300,PUBLIC EDUCATION
561,A500010,01400,00100,B
561,A500010,01400,00300,PROCUREMENT COORDINATORS
561,A500010,01500,00000,CONTRIBUTIONS FOR DONOR MEMORIAL
561,A500010,01500,00100,B
561,A500010,01500,00300,ADMINISTRATIVE & GENERAL
561,A500010,01600,00000,AOPO DUES
561,A500010,01600,00100,A
561,A500010,01600,00300,ADMINISTRATIVE & GENERAL
561,A500010,01601,00000,FUNDRAISING EXPENES
561,A500010,01601,00100,A
561,A500010,01601,00300,PUBLIC EDUCATION
561,A500010,01602,00000,PRO ED EXPENSES NOT ALLOWED
561,A500010,01602,00100,A
561,A500010,01602,00300,PROFESSIONAL EDUCATION
561,A500010,01603,00000,KIDNEY SURGEON FESS NOT ALLOWED
561,A500010,01603,00100,A
561,A500010,01603,00300,KIDNEY ACQUISITIONS
561,A500010,01604,00000,FUNERAL HOME EXPENSES KIDNEY
561,A500010,01604,00100,A
561,A500010,01604,00300,KIDNEY ACQUISITIONS
561,A51000A,00100,00100,N
561,A60000A,00700,00000,FURNITURE
561,A60000A,00701,00000,OFFICE EQUIPMENT
561,A60000A,00702,00000,SOFTWARE
561,A60000A,00703,00000,COMPUTER EQUIPMENT
561,A60000A,00704,00000,MEDICAL EQUIPMENT
561,A60000A,00705,00000,BUILDING
561,A60000A,00706,00000,BUILDING IMPROVEMENTS
561,A60000A,00707,00000,TENANT IMPROVEMENTS
561,A60000B,00800,00000,FURNITURE
561,A60000B,00801,00000,OFFICE EQUIPMENT
561,A60000B,00802,00000,SOFTWARE
561,A60000B,00803,00000,COMPUTER EQUIP
561,A60000B,00804,00000,MEDICAL EQUIPMENT
561,A60000B,00805,00000,TENANT IMPROVEMENTS
561,A60000C,00500,00100,N
561,A60000C,00600,00100,Y
561,B10000*,00100,00200,CAP BLDG
561,B10000*,00100,00300,CAP COSTS
561,B10000*,00100,00400,EMPLOYEE
561,B10000*,00100,00500,MEDICAL
561,B10000*,00100,00800,ORGAN
561,B10000*,00100,01000,ADMIN &
561,B10000*,00200,00200,OP PLANT &
561,B10000*,00200,00300,MOVABLE
561,B10000*,00200,00400,BENEFITS
561,B10000*,00200,00500,SUPPLIES
561,B10000*,00200,00800,ACQUISITN
561,B10000*,00200,01000,GENERAL
561,B10000*,00300,00200,HOUSEKEEP
561,B10000*,00300,00300,EQUIPMENT
561,B10000*,00300,00800,COSTS
561,B10000*,00400,00200,SQUARE
561,B10000*,00400,00300,DOLLAR
561,B10000*,00400,00400,ADJUST
561,B10000*,00400,00500,COSTED
561,B10000*,00400,00800,NUMBER
561,B10000*,00400,01000,ACCUM
561,B10000*,00500,00200,FEET
561,B10000*,00500,00300,VALUE
561,B10000*,00500,00400,SALARIES
561,B10000*,00500,00500,REQUISIT
561,B10000*,00500,00800,ORGANS
561,B10000*,00500,01000,COSTS
561,B10000*,00600,00200,1
561,B10000*,00600,00300,2
561,B10000*,00600,00400,3
561,B10000*,00600,00500,3
561,B10000*,00600,00800,3
561,B10000*,00600,01000,3
561,B100000,00000,01000,X
561,E000000,00900,00000,OTHER CURRENT ASSETS
561,E000000,02600,00000,OTHER FIXED ASSETS
561,E000000,03900,00000,CUSTOMER DEPOSITS
561,E000000,04100,00000,TENANT SECURITY DEPOSITS
561,E200000,02000,00000,RESERACH ONLY ORGAN REVENUE
561,E200000,02100,00000,TISSUE REVENUE
561,E200000,02200,00000,OTHER INCOME
561,S000000,00100,00100,X
561,S000000,00400,00100,1
561,S000000,00500,00100,12/22/2023
561,S000000,00600,00100,10001
561,S000000,00700,00100,N
561,S000000,00800,00100,N
561,S000000,01000,00100,4
561,S000001,00100,00100,DONORCONNECT
561,S000001,00100,00200,46P001
561,S000001,00101,00100,6065 S FASHION BLVD SUITE 125
561,S000001,00102,00100,MURRAY
561,S000001,00102,00200,UT
561,S000001,00102,00300,84107
561,S000001,00300,00100,07/01/2022
561,S000001,00300,00200,06/30/2023
561,S000001,00400,00100,2
561,S000001,00400,00300,1
561,S000001,00400,00400,11/21/1987
561,S000001,00401,00300,1
561,S000002,00100,00200,Y
561,S000002,00300,00100,CHIEF FINANCIAL OFFICER
561,S000002,00400,00100,11/29/2023
561,S100001,00700,00100,N
561,S100001,00810,00000,AORTO & DTA
561,S100001,00811,00000,FEMORAL VEIN
561,S100001,00812,00000,SPINE
561,S100001,00813,00000,TISSUE FOR RESEARCH
561,S100001,00814,00000,SAPHENOUS VEIN
561,S100003,00100,00100,MEDICAL DIRECTOR
561,S100003,00100,00300,MEDICAL DIRECTOR
561,S100003,00100,00500,LAB DIRECTOR
561,S100003,00101,00100,EXEC. DIRECTOR
561,S100003,00101,00300,PROCUREMENT COORDINATOR
561,S100003,00101,00500,TECHNICIANS
561,S100003,00102,00100,CLERICAL
561,S100003,00102,00300,PRESERVATION TECHNICIANS
561,S100003,00102,00500,TISSUE TYPING TECH.
561,S100003,00103,00100,OTHER
561,S100003,00103,00300,OTHER
561,S100003,00103,00500,OTHER
561,S200000,00100,00100,N
561,S200000,00200,00100,N
561,S200000,00300,00100,N
561,S200000,00400,00100,Y
561,S200000,00400,00200,A
561,S200000,00400,00300,12/06/2023
561,S200000,00500,00100,N
561,S200000,00600,00300,CHIEF FINANCIAL OFFICER
561,S200000,00700,00100,DONORCONNECT
631,A000000,00100,00000,0100CAPITAL COSTS-BLDG & FIXT
631,A000000,00200,00000,0200CAPITAL COSTS-MVBLE EQUIPMENT
631,A000000,00300,00000,0300EMPLOYEE BENEFITS
631,A000000,00400,00000,0400ADMINISTRATIVE & GENERAL
631,A000000,00500,00000,0500OPERATION AND MAINTENANCE OF PLANT
631,A000000,00600,00000,0600HOUSEKEEPING
631,A000000,00700,00000,0700MEDICAL SUPPLIES
631,A000000,00800,00000,0800OTHER OVERHEAD
631,A000000,00900,00000,0900PROCUREMENT COORDINATORS
631,A000000,01000,00000,1000PROFESSIONAL EDUCATION
631,A000000,01100,00000,1100PUBLIC EDUCATION
631,A000000,01200,00000,1200AUTO AND VANS
631,A000000,01201,00000,1201ORGAN PRESRVATION
631,A000000,01300,00000,1300KIDNEY ACQUISITIONS
631,A000000,01400,00000,1400TISSUE TYPING LABORATORY
631,A000000,01500,00000,1500LIVER ACQUISITIONS
631,A000000,01600,00000,1600HEART ACQUISITIONS
631,A000000,01700,00000,1700PANCREAS ACQUISITIONS
631,A000000,01800,00000,1800LUNG ACQUISITIONS
631,A000000,01900,00000,1900DOUBLE LUNG
631,A000000,01901,00000,1901INTESTINE
631,A000000,01902,00000,1902ISLET CELLS
631,A000000,02100,00000,2100RESEARCH
631,A000000,02200,00000,2200BLOOD BANK
631,A000000,02300,00000,2300LABORATORY-NON-TISSUE TYPING
631,A000000,02400,00000,2400DIALYSIS UNITS
631,A000000,02500,00000,2500TISSUE RECOVERY
631,A100000,01700,00000,UTILITIES
631,A100000,01800,00000,AUTO AND VANS
631,A100000,01900,00000,OFFICE MAINTENANCE
631,A20H000,00900,00000,OTHER HOSPITAL COST
631,A20H000,02100,00000,ORGAN RECOVERY FEE
631,A20K000,00900,00000,OTHER HOSPITAL COST
631,A20K000,02100,00000,ORGAN RECOVERY FEE
631,A20L000,00900,00000,OTHER HOSPITAL COST
631,A20L000,02100,00000,ORGAN RECOVERY FEE
631,A20O000,00900,00000,OTHER HOSPITAL COST
631,A20O000,02100,00000,DOUBLE LUNG RECOVERY FEE
631,A20O001,00900,00000,OTHER HOSPITAL COST
631,A20O001,02100,00000,INTESTINE RECOVERY FEE
631,A20O002,00900,00000,OTHER HOSPITAL COST
631,A20O002,02100,00000,ISLET CELLS RECOVERY FEE
631,A20P000,00900,00000,OTHER HOSPITAL COST
631,A20P000,02100,00000,ORGAN RECOVERY FEE
631,A20U000,00900,00000,OTHER HOSPITAL COST
631,A20U000,02100,00000,ORGAN RECOVERY FEE
631,A400010,00100,00000,RECLASSIFICATIONS
631,A400010,00100,00100,A
631,A400010,00100,00200,CAPITAL COSTS-BLDG & FIXT
631,A400010,00100,00500,ADMINISTRATIVE & GENERAL
631,A400010,00200,00000,RECLASSIFICATIONS
631,A400010,00200,00100,A
631,A400010,00200,00200,CAPITAL COSTS-MVBLE EQUIPMENT
631,A400010,00200,00500,ADMINISTRATIVE & GENERAL
631,A400010,00300,00000,RECLASSIFICATIONS
631,A400010,00300,00100,A
631,A400010,00300,00200,AUTO AND VANS
631,A400010,00300,00500,ADMINISTRATIVE & GENERAL
631,A400010,00400,00000,RECLASSIFICATIONS
631,A400010,00400,00100,A
631,A400010,00400,00200,OPERATION AND MAINTENANCE OF PLANT
631,A400010,00400,00500,ADMINISTRATIVE & GENERAL
631,A400010,00500,00000,RECLASSIFICATIONS
631,A400010,00500,00100,A
631,A400010,00500,00200,CAPITAL COSTS-MVBLE EQUIPMENT
631,A400010,00500,00500,ADMINISTRATIVE & GENERAL
631,A400010,00600,00000,RECLASSIFICATIONS
631,A400010,00600,00100,A
631,A400010,00600,00200,CAPITAL COSTS-MVBLE EQUIPMENT
631,A400010,00600,00500,ADMINISTRATIVE & GENERAL
631,A400010,00700,00000,RECLASSIFICATIONS
631,A400010,00700,00100,A
631,A400010,00700,00200,TISSUE RECOVERY
631,A400010,00700,00500,PUBLIC EDUCATION
631,A500010,00800,00100,B
631,A500010,00800,00300,PROCUREMENT COORDINATORS
631,A500010,01200,00100,A
631,A500010,01200,00300,ADMINISTRATIVE & GENERAL
631,A500010,01500,00000,AOPO LOBBYING EXPENSE
631,A500010,01500,00100,A
631,A500010,01500,00300,ADMINISTRATIVE & GENERAL
631,A500010,01600,00000,NON-ALLOWABLE PUBLIC & PROESSIONAL
631,A500010,01600,00100,A
631,A500010,01600,00300,PROFESSIONAL EDUCATION
631,A500010,01601,00000,NON-LOH STAFF
631,A500010,01601,00100,A
631,A500010,01601,00300,ADMINISTRATIVE & GENERAL
631,A500010,01602,00000,ALCOHOL RELATED PURCHASES
631,A500010,01602,00100,A
631,A500010,01602,00300,ADMINISTRATIVE & GENERAL
631,A51000A,00100,00100,Y
631,A51000B,00100,00200,ADMINISTRATIVE & GENERAL
631,A51000B,00100,00300,CENTRAL ADMIN
631,A51000C,00100,00100,B
631,A51000C,00100,00200,UAHSF
631,A51000C,00100,00400,UAHSF
631,A51000C,00100,00600,FOUNDATION
631,A60000C,00500,00100,N
631,B10000*,00100,00200,CAP BLDG
631,B10000*,00100,00300,CAP COSTS
631,B10000*,00100,00400,EMPLOYEE
631,B10000*,00100,00500,MEDICAL
631,B10000*,00100,00800,ORGAN
631,B10000*,00100,01000,ADMIN &
631,B10000*,00200,00200,OP PLANT &
631,B10000*,00200,00300,MOVABLE
631,B10000*,00200,00400,BENEFITS
631,B10000*,00200,00500,SUPPLIES
631,B10000*,00200,00800,ACQUISITN
631,B10000*,00200,01000,GENERAL
631,B10000*,00300,00200,HOUSEKEEP
631,B10000*,00300,00300,EQUIPMENT
631,B10000*,00300,00800,COSTS
631,B10000*,00400,00200,SQUARE
631,B10000*,00400,00300,DOLLAR
631,B10000*,00400,00400,ADJUST
631,B10000*,00400,00500,COSTED
631,B10000*,00400,00800,NUMBER
631,B10000*,00400,01000,ACCUM
631,B10000*,00500,00200,FEET
631,B10000*,00500,00300,VALUE
631,B10000*,00500,00400,SALARIES
631,B10000*,00500,00500,REQUISIT
631,B10000*,00500,00800,ORGANS
631,B10000*,00500,01000,COSTS
631,B10000*,00600,00200,1
631,B10000*,00600,00300,2
631,B10000*,00600,00400,3
631,B10000*,00600,00500,3
631,B10000*,00600,00800,3
631,B10000*,00600,01000,3
631,B100000,00000,01000,X
631,E000000,00900,00000,OTHER CURRENT ASSETS
631,E000000,02600,00000,OTHER FIXED ASSETS
631,E200000,01500,00000,MISCELLANEOUS
631,S000000,00100,00100,X
631,S000000,00400,00100,2
631,S000000,00500,00100,03/01/2023
631,S000000,00600,00100,10001
631,S000000,00700,00100,N
631,S000000,00800,00100,N
631,S000000,00900,00100,06/20/2024
631,S000000,01000,00100,4
631,S000001,00100,00100,O
631,S000001,00100,00200,01P001
631,S000001,00101,00100,500 22ND STREET NORTH
631,S000001,00102,00100,BIRMINGHAM
631,S000001,00102,00200,AL
631,S000001,00102,00300,35233
631,S000001,00300,00100,10/01/2021
631,S000001,00300,00200,09/30/2022
631,S000001,00400,00100,7
631,S000001,00400,00300,1
631,S000001,00400,00400,01/01/1979
631,S000001,00401,00300,1
631,S100001,00700,00100,N
631,S100001,00810,00000,DOUBLE LUNG
631,S100001,00811,00000,INTESTINE
631,S100001,00812,00000,RESEARCH
631,S100003,00100,00100,MEDICAL DIRECTOR
631,S100003,00100,00300,MEDICAL DIRECTOR
631,S100003,00100,00500,LAB DIRECTOR
631,S100003,00101,00100,EXEC. DIRECTOR
631,S100003,00101,00300,PROCUREMENT COORDINATOR
631,S100003,00101,00500,TECHNICIANS
631,S100003,00102,00100,CLERICAL
631,S100003,00102,00300,PRESERVATION TECHNICIANS
631,S100003,00102,00500,TISSUE TYPING TECH.
631,S100003,00103,00100,OTHER
631,S100003,00103,00300,OTHER
631,S100003,00103,00500,OTHER
631,S200000,00100,00100,N
631,S200000,00200,00100,N
631,S200000,00300,00100,Y
631,S200000,00400,00100,N
631,S200000,00500,00100,N
631,S200000,00600,00300,ACCOUNTANT
631,S200000,00700,00100,UAHSF
632,A000000,00100,00000,0100CAPITAL COSTS-BLDG & FIXT
632,A000000,00200,00000,0200CAPITAL COSTS-MVBLE EQUIPMENT
632,A000000,00300,00000,0300EMPLOYEE BENEFITS
632,A000000,00400,00000,0400ADMINISTRATIVE & GENERAL
632,A000000,00500,00000,0500OPERATION AND MAINTENANCE OF PLANT
632,A000000,00600,00000,0600HOUSEKEEPING
632,A000000,00700,00000,0700MEDICAL SUPPLIES
632,A000000,00800,00000,0800OTHER OVERHEAD
632,A000000,00900,00000,0900PROCUREMENT COORDINATORS
632,A000000,01000,00000,1000PROFESSIONAL EDUCATION
632,A000000,01100,00000,1100PUBLIC EDUCATION
632,A000000,01200,00000,1200OTHER ACQUISITION
632,A000000,01300,00000,1300KIDNEY ACQUISITIONS
632,A000000,01400,00000,1400TISSUE TYPING LABORATORY
632,A000000,01500,00000,1500LIVER ACQUISITIONS
632,A000000,01600,00000,1600HEART ACQUISITIONS
632,A000000,01700,00000,1700PANCREAS ACQUISITIONS
632,A000000,01800,00000,1800LUNG ACQUISITIONS
632,A000000,01900,00000,1900OTHER ACQUISITIONS
632,A000000,02100,00000,2100RESEARCH
632,A000000,02200,00000,2200BLOOD BANK
632,A000000,02300,00000,2300LABORATORY-NON-TISSUE TYPING
632,A000000,02400,00000,2400DIALYSIS UNITS
632,A000000,02500,00000,2500OTHER NON-REIMBURSABLE
632,A100000,01700,00000,QUALITY ASSURANCE
632,A100000,01800,00000,LOBBYING
632,A100000,01900,00000,EMPLOYEE RECRUITMENT
632,A100000,01901,00000,OTHER EXPENSES-INDIRECT
632,A20H000,00900,00000,OTHER HOSPITAL COSTS
632,A20K000,00900,00000,OTHER HOSPITAL COSTS
632,A20L000,00900,00000,OTHER HOSPITAL COSTS
632,A20O000,00900,00000,OTHER HOSPITAL COSTS
632,A20P000,00900,00000,OTHER HOSPITAL COSTS
632,A20U000,00900,00000,OTHER HOSPITAL COSTS
632,A400010,00100,00000,TISSUE ALLOCATION
632,A400010,00100,00100,A
632,A400010,00100,00200,OTHER NON-REIMBURSABLE
632,A400010,00100,00500,PROCUREMENT COORDINATORS
632,A400010,00200,00000,TISSUE ALLOCATION
632,A400010,00200,00100,A
632,A400010,00200,00200,OTHER NON-REIMBURSABLE
632,A400010,00200,00500,PROFESSIONAL EDUCATION
632,A400010,00300,00000,TISSUE ALLOCATION
632,A400010,00300,00100,A
632,A400010,00300,00200,OTHER NON-REIMBURSABLE
632,A400010,00300,00500,PUBLIC EDUCATION
632,A400010,00400,00000,RECLASS FACILITY RENT
632,A400010,00400,00100,B
632,A400010,00400,00200,CAPITAL COSTS-BLDG & FIXT
632,A400010,00400,00500,ADMINISTRATIVE & GENERAL
632,A500010,00800,00100,B
632,A500010,00800,00300,PROCUREMENT COORDINATORS
632,A500010,01500,00000,CHARITABLE CONTRIBUTIONS
632,A500010,01500,00100,A
632,A500010,01500,00300,ADMINISTRATIVE & GENERAL
632,A500010,01600,00000,AOPO LOBBYING EXPENSES
632,A500010,01600,00100,A
632,A500010,01600,00300,ADMINISTRATIVE & GENERAL
632,A51000A,00100,00100,Y
632,A51000B,00100,00200,ADMINISTRATIVE & GENERAL
632,A51000B,00100,00300,DIVISION OVERHEAD COSTS
632,A51000C,00100,00100,B
632,A51000C,00100,00200,SIERRA DONOR SERVICES
632,A51000C,00100,00400,DCI DONOR SERVICES INC
632,A51000C,00100,00600,ORGAN PROCUREMENT ORGANIZATION
632,A60000C,00500,00100,N
632,B10000*,00100,00200,CAP BLDG
632,B10000*,00100,00300,CAP COSTS
632,B10000*,00100,00400,EMPLOYEE
632,B10000*,00100,00500,MEDICAL
632,B10000*,00100,00800,ORGAN
632,B10000*,00100,01000,ADMIN &
632,B10000*,00200,00200,OP PLANT &
632,B10000*,00200,00300,MOVABLE
632,B10000*,00200,00400,BENEFITS
632,B10000*,00200,00500,SUPPLIES
632,B10000*,00200,00800,ACQUISITN
632,B10000*,00200,01000,GENERAL
632,B10000*,00300,00200,HOUSEKEEP
632,B10000*,00300,00300,EQUIPMENT
632,B10000*,00300,00800,COSTS
632,B10000*,00400,00200,SQUARE
632,B10000*,00400,00300,DOLLAR
632,B10000*,00400,00400,ADJUST
632,B10000*,00400,00500,COSTED
632,B10000*,00400,00800,NUMBER
632,B10000*,00400,01000,ACCUM
632,B10000*,00500,00200,FEET
632,B10000*,00500,00300,VALUE
632,B10000*,00500,00400,SALARIES
632,B10000*,00500,00500,REQUISIT
632,B10000*,00500,00800,ORGANS
632,B10000*,00500,01000,COSTS
632,B10000*,00600,00200,1
632,B10000*,00600,00300,2
632,B10000*,00600,00400,3
632,B10000*,00600,00500,3
632,B10000*,00600,00800,3
632,B10000*,00600,01000,3
632,B100000,00000,01000,X
632,E000000,00900,00000,OTHER CURRENT ASSETS
632,E000000,02600,00000,OTHER FIXED ASSETS
632,E000000,03900,00000,INTERCOMPANY PAYABLES
632,E000000,04100,00000,OTHER CURRENT LIABILITIES
632,E100001,00900,00000,TISSUE RECOVERY REVENUE
632,E100002,00300,00000,DISALLOWABLES
632,E100002,00400,00000,BAD DEBT
632,E100002,00500,00000,INVENTORY VARIANCE
632,E100002,00800,00000,COST REPORT ESTIMATE
632,E100002,00900,00000,RENTAL INCOME
632,S000000,00100,00100,X
632,S000000,00400,00100,2
632,S000000,00500,00100,02/24/2023
632,S000000,00600,00100,10001
632,S000000,00700,00100,N
632,S000000,00800,00100,N
632,S000000,00900,00100,06/20/2024
632,S000000,01000,00100,4
632,S000001,00100,00100,SIERRA DONOR SERVICES
632,S000001,00100,00200,05P004
632,S000001,00101,00100,3940 INDUSTRIAL BLVD
632,S000001,00102,00100,WEST SACRAMENTO
632,S000001,00102,00200,CA
632,S000001,00102,00300,95691
632,S000001,00300,00100,10/01/2021
632,S000001,00300,00200,09/30/2022
632,S000001,00400,00100,6
632,S000001,00400,00300,1
632,S000001,00400,00400,10/01/1990
632,S000001,00401,00300,1
632,S000002,00100,00200,Y
632,S000002,00300,00100,CFO
632,S000002,00400,00100,02/23/2023
632,S100001,00700,00100,N
632,S100001,00810,00000,SMALL BOWEL
632,S100003,00100,00100,MEDICAL DIRECTOR
632,S100003,00100,00300,MEDICAL DIRECTOR
632,S100003,00100,00500,LAB DIRECTOR
632,S100003,00101,00100,EXEC. DIRECTOR
632,S100003,00101,00300,PROCUREMENT COORDINATOR
632,S100003,00101,00500,TECHNICIANS
632,S100003,00102,00100,CLERICAL
632,S100003,00102,00300,PRESERVATION TECHNICIANS
632,S100003,00102,00500,TISSUE TYPING TECH.
632,S100003,00103,00100,OTHER
632,S100003,00103,00300,OTHER
632,S100003,00103,00500,OTHER
632,S200000,00100,00100,N
632,S200000,00200,00100,N
632,S200000,00300,00100,Y
632,S200000,00400,00100,Y
632,S200000,00400,00200,A
632,S200000,00500,00100,N
632,S200000,00600,00300,CFO
632,S200000,00700,00100,DCI DONOR SERVICES  INC.
633,A000000,00100,00000,0100CAPITAL COSTS-BLDG & FIXT
633,A000000,00200,00000,0200CAPITAL COSTS-MVBLE EQUIPMENT
633,A000000,00300,00000,0300EMPLOYEE BENEFITS
633,A000000,00400,00000,0400ADMINISTRATIVE & GENERAL
633,A000000,00500,00000,0500OPERATION AND MAINTENANCE OF PLANT
633,A000000,00600,00000,0600HOUSEKEEPING
633,A000000,00700,00000,0700MEDICAL SUPPLIES
633,A000000,00800,00000,0800OTHER OVERHEAD
633,A000000,00900,00000,0900PROCUREMENT COORDINATORS
633,A000000,01000,00000,1000PROFESSIONAL EDUCATION
633,A000000,01100,00000,1100PUBLIC EDUCATION
633,A000000,01200,00000,1200OTHER ACQUISITION
633,A000000,01300,00000,1300KIDNEY ACQUISITIONS
633,A000000,01400,00000,1400TISSUE TYPING LABORATORY
633,A000000,01500,00000,1500LIVER ACQUISITIONS
633,A000000,01600,00000,1600HEART ACQUISITIONS
633,A000000,01700,00000,1700PANCREAS ACQUISITIONS
633,A000000,01800,00000,1800LUNG ACQUISITIONS
633,A000000,01900,00000,1900OTHER ACQUISITIONS
633,A000000,02100,00000,2100RESEARCH
633,A000000,02200,00000,2200BLOOD BANK
633,A000000,02300,00000,2300LABORATORY-NON-TISSUE TYPING
633,A000000,02400,00000,2400DIALYSIS UNITS
633,A000000,02500,00000,2500OTHER NON-REIMBURSABLE
633,A100000,01700,00000,OTHER ADMIN AND GENERAL
633,A300000,00600,00000,OTHER TISSUE TYPING COST
633,A500010,00100,00100,B
633,A500010,00100,00300,OTHER NON-REIMBURSABLE
633,A500010,00200,00100,B
633,A500010,00200,00300,MEDICAL SUPPLIES
633,A500010,01000,00100,B
633,A500010,01200,00300,ADMINISTRATIVE & GENERAL
633,A500010,01500,00000,MISCELLANEOUS INCOME
633,A500010,01500,00100,B
633,A500010,01500,00300,OTHER NON-REIMBURSABLE
633,A500010,01600,00000,HOME OFFICE WORKERS COMPENSATION
633,A500010,01600,00100,A
633,A500010,01600,00300,EMPLOYEE BENEFITS
633,A51000A,00100,00100,Y
633,A51000B,00100,00200,CAPITAL COSTS-BLDG & FIXT
633,A51000B,00300,00200,EMPLOYEE BENEFITS
633,A51000B,00400,00200,ADMINISTRATIVE & GENERAL
633,A51000B,00401,00200,OPERATION AND MAINTENANCE OF PLANT
633,A51000C,00100,00100,B
633,A51000C,00100,00200,MAINEHEALTH
633,A51000C,00100,00400,CORPORATE OFFICE
633,A60000A,00700,00000,LEASEHOLD IMPROVEMENTS
633,B10000*,00100,00200,CAP BLDG
633,B10000*,00100,00300,CAP COSTS
633,B10000*,00100,00400,EMPLOYEE
633,B10000*,00100,00500,MEDICAL
633,B10000*,00100,00800,ORGAN
633,B10000*,00100,01000,ADMIN &
633,B10000*,00200,00200,OP PLANT &
633,B10000*,00200,00300,MOVABLE
633,B10000*,00200,00400,BENEFITS
633,B10000*,00200,00500,SUPPLIES
633,B10000*,00200,00800,ACQUISITN
633,B10000*,00200,01000,GENERAL
633,B10000*,00300,00200,HOUSEKEEP
633,B10000*,00300,00300,EQUIPMENT
633,B10000*,00300,00800,COSTS
633,B10000*,00400,00200,SQUARE
633,B10000*,00400,00300,DOLLAR
633,B10000*,00400,00400,ADJUST
633,B10000*,00400,00500,COSTED
633,B10000*,00400,00800,NUMBER
633,B10000*,00400,01000,ACCUM
633,B10000*,00500,00200,FEET
633,B10000*,00500,00300,VALUE
633,B10000*,00500,00400,SALARIES
633,B10000*,00500,00500,REQUISIT
633,B10000*,00500,00800,ORGANS
633,B10000*,00500,01000,COSTS
633,B10000*,00600,00200,1
633,B10000*,00600,00300,2
633,B10000*,00600,00400,3
633,B10000*,00600,00500,3
633,B10000*,00600,00800,3
633,B10000*,00600,01000,3
633,B100000,00000,01000,X
633,E000000,00900,00000,OTHER CURRENT
633,E000000,02600,00000,OTHER FIXED ASSETS
633,E000000,03100,00000,OTHER LONG TERM ASSESTS
633,E000000,03900,00000,DUE TO AFF-MH SEHR
633,E000000,04700,00000,DUE TO OTHER FUNDS
633,E100001,00700,00000,NET PATIENT SERVICE REVENUE
633,E200000,01500,00000,OOI
633,E200000,01600,00000,CHANGE IN FAIR VALUE OF INVESTMENT
633,E200000,02600,00000,EQUITY TRANSFER FROM AFFILIATES
633,S000000,00100,00100,X
633,S000000,00400,00100,2
633,S000000,00500,00100,03/01/2023
633,S000000,00600,00100,10001
633,S000000,00700,00100,N
633,S000000,00800,00100,N
633,S000000,00900,00100,06/20/2024
633,S000000,01000,00100,4
633,S000001,00100,00100,NORDX
633,S000001,00100,00200,20HL02
633,S000001,00101,00100,301A US ROUTE ONE
633,S000001,00102,00100,SCARBOROUGH
633,S000001,00102,00200,ME
633,S000001,00102,00300,04074
633,S000001,00300,00100,10/01/2021
633,S000001,00300,00200,09/30/2022
633,S000001,00400,00100,2
633,S000001,00400,00300,2
633,S000001,00400,00400,10/01/1997
633,S000001,00401,00300,2
633,S000002,00100,00200,Y
633,S000002,00300,00100,CHIEF FINANCIAL OFFICER
633,S000002,00400,00100,02/23/2023
633,S100001,00700,00100,N
633,S100001,00810,00000,OTHER
633,S100002,00400,00100,ABC (CLASS I)
633,S100002,00401,00100,CLASS I DNA
633,S100002,00402,00100,DR (CLASS II)
633,S100002,00403,00100,CLASS II DNA
633,S100002,00404,00100,ABO
633,S100002,00405,00100,AUTO XM (CDC)
633,S100002,00406,00100,PTXM
633,S100002,00407,00100,FCXM
633,S100002,00408,00100,AUTO FCXM
633,S100002,00409,00100,WBC I
633,S100002,00410,00100,WBC II
633,S100002,00411,00100,AB ID I
633,S100002,00412,00100,AB ID II
633,S100002,00413,00100,STAT
633,S100003,00100,00100,MEDICAL DIRECTOR
633,S100003,00100,00300,MEDICAL DIRECTOR
633,S100003,00100,00500,LAB DIRECTOR
633,S100003,00101,00100,EXEC. DIRECTOR
633,S100003,00101,00300,PROCUREMENT COORDINATOR
633,S100003,00101,00500,TECHNICIANS
633,S100003,00102,00100,CLERICAL
633,S100003,00102,00300,PRESERVATION TECHNICIANS
633,S100003,00102,00500,TISSUE TYPING TECH.
633,S100003,00103,00100,OTHER
633,S100003,00103,00300,OTHER
633,S100003,00103,00500,OTHER
633,S200000,00100,00100,N
633,S200000,00200,00100,N
633,S200000,00300,00100,Y
633,S200000,00400,00100,N
633,S200000,00500,00100,N
633,S200000,00600,00300,REIMBURSEMENT ANALYST
633,S200000,00700,00100,MAINEHEALTH
634,A000000,00100,00000,0100CAPITAL COSTS-BLDG & FIXT
634,A000000,00200,00000,0200CAPITAL COSTS-MVBLE EQUIPMENT
634,A000000,00300,00000,0300EMPLOYEE BENEFITS
634,A000000,00400,00000,0400ADMINISTRATIVE & GENERAL
634,A000000,00500,00000,0500OPERATION AND MAINTENANCE OF PLANT
634,A000000,00600,00000,0600HOUSEKEEPING
634,A000000,00700,00000,0700MEDICAL SUPPLIES
634,A000000,00800,00000,0800OTHER OVERHEAD
634,A000000,00900,00000,0900PROCUREMENT COORDINATORS
634,A000000,01000,00000,1000PROFESSIONAL EDUCATION
634,A000000,01100,00000,1100PUBLIC EDUCATION
634,A000000,01200,00000,1200OTHER ACQUISITION
634,A000000,01300,00000,1300KIDNEY ACQUISITIONS
634,A000000,01400,00000,1400TISSUE TYPING LABORATORY
634,A000000,01500,00000,1500LIVER ACQUISITIONS
634,A000000,01600,00000,1600HEART ACQUISITIONS
634,A000000,01700,00000,1700PANCREAS ACQUISITIONS
634,A000000,01800,00000,1800LUNG ACQUISITIONS
634,A000000,01900,00000,1900OTHER ACQUISITIONS
634,A000000,02100,00000,2100RESEARCH
634,A000000,02200,00000,2200BLOOD BANK
634,A000000,02300,00000,2300LABORATORY-NON-TISSUE TYPING
634,A000000,02400,00000,2400DIALYSIS UNITS
634,A000000,02500,00000,2500OTHER NON-REIMBURSABLE
634,A100000,01700,00000,QUALITY ASSURANCE
634,A100000,01800,00000,EMPLOYEE RECRUITMENT
634,A100000,01900,00000,OTHER EXPENSE-INDIRECT
634,A20H000,00900,00000,OTHER EXPENSES-INDIRECT
634,A20K000,00900,00000,OTHER EXPENSES-INDIRECT
634,A20L000,00900,00000,OTHER EXPENSES-INDIRECT
634,A20O000,00900,00000,OTHER EXPENSES-INDIRECT
634,A20P000,00900,00000,OTHER EXPENSES-INDIRECT
634,A20U000,00900,00000,OTHER EXPENSES-INDIRECT
634,A400010,00100,00000,TISSUE ALLOCATION
634,A400010,00100,00100,A
634,A400010,00100,00200,OTHER NON-REIMBURSABLE
634,A400010,00100,00500,PROCUREMENT COORDINATORS
634,A400010,00200,00000,TISSUE ALLOCATION
634,A400010,00200,00100,A
634,A400010,00200,00200,OTHER NON-REIMBURSABLE
634,A400010,00200,00500,PROFESSIONAL EDUCATION
634,A400010,00300,00000,TISSUE ALLOCATION
634,A400010,00300,00100,A
634,A400010,00300,00200,OTHER NON-REIMBURSABLE
634,A400010,00300,00500,PUBLIC EDUCATION
634,A500010,00800,00100,B
634,A500010,00800,00300,PROCUREMENT COORDINATORS
634,A500010,01500,00000,AOPO - LOBBYING ACTIVITIES
634,A500010,01500,00100,A
634,A500010,01500,00300,ADMINISTRATIVE & GENERAL
634,A51000A,00100,00100,Y
634,A51000B,00100,00200,ADMINISTRATIVE & GENERAL
634,A51000B,00100,00300,DIVISION OVERHEAD EXPENSE
634,A51000C,00100,00100,A
634,A51000C,00100,00200,NEW MEXICO DONOR SERVICES
634,A51000C,00100,00400,DCI DONOR SERVICES INC
634,A51000C,00100,00600,ORGAN PROCUREMENT ORGANIZATION
634,A60000C,00500,00100,N
634,B10000*,00100,00200,CAP BLDG
634,B10000*,00100,00300,CAP COSTS
634,B10000*,00100,00400,EMPLOYEE
634,B10000*,00100,00500,MEDICAL
634,B10000*,00100,00800,ORGAN
634,B10000*,00100,01000,ADMIN &
634,B10000*,00200,00200,OP PLANT &
634,B10000*,00200,00300,MOVABLE
634,B10000*,00200,00400,BENEFITS
634,B10000*,00200,00500,SUPPLIES
634,B10000*,00200,00800,ACQUISITN
634,B10000*,00200,01000,GENERAL
634,B10000*,00300,00200,HOUSEKEEP
634,B10000*,00300,00300,EQUIPMENT
634,B10000*,00300,00800,COSTS
634,B10000*,00400,00200,SQUARE
634,B10000*,00400,00300,DOLLAR
634,B10000*,00400,00400,ADJUST
634,B10000*,00400,00500,COSTED
634,B10000*,00400,00800,NUMBER
634,B10000*,00400,01000,ACCUM
634,B10000*,00500,00200,FEET
634,B10000*,00500,00300,VALUE
634,B10000*,00500,00400,SALARIES
634,B10000*,00500,00500,REQUISIT
634,B10000*,00500,00800,ORGANS
634,B10000*,00500,01000,COSTS
634,B10000*,00600,00200,1
634,B10000*,00600,00300,2
634,B10000*,00600,00400,3
634,B10000*,00600,00500,3
634,B10000*,00600,00800,3
634,B10000*,00600,01000,3
634,B100000,00000,01000,X
634,E000000,00900,00000,OTHER CURRENT ASSETS
634,E000000,02600,00000,OTHER FIXED ASSETS
634,E000000,03900,00000,INTERCOMPANY PAYABLES
634,E000000,04100,00000,OTHER CURRENT LIABILITIES
634,E100001,00800,00000,OTHER ORGAN RELATED FEES
634,E100001,00900,00000,TISSUE RECOVERY REVENUE
634,E100002,00300,00000,DISALLOWABLES
634,E100002,00400,00000,BAD DEBT
634,E100002,00800,00000,ESTIMATED COST REPORT REIMBURSEMENT
634,E100002,00900,00000,PURCHASE DISCOUNTS
634,E100002,01000,00000,INVENTORY VARIANCE
634,S000000,00100,00100,X
634,S000000,00400,00100,2
634,S000000,00500,00100,02/27/2023
634,S000000,00600,00100,10001
634,S000000,00700,00100,N
634,S000000,00800,00100,N
634,S000000,00900,00100,06/20/2024
634,S000000,01000,00100,4
634,S000001,00100,00100,NEW MEXICO DONOR SERVICES
634,S000001,00100,00200,32P001
634,S000001,00101,00100,1609 UNIVERSITY BLVD NE
634,S000001,00102,00100,ALBUQUERQUE
634,S000001,00102,00200,NM
634,S000001,00102,00300,87102
634,S000001,00300,00100,10/01/2021
634,S000001,00300,00200,09/30/2022
634,S000001,00400,00100,6
634,S000001,00400,00300,1
634,S000001,00400,00400,10/01/1992
634,S000001,00401,00300,1
634,S000002,00100,00200,Y
634,S000002,00300,00100,CFO
634,S000002,00400,00100,02/23/2023
634,S100001,00700,00100,N
634,S100001,00810,00000,SMALL BOWEL
634,S100003,00100,00100,MEDICAL DIRECTOR
634,S100003,00100,00300,MEDICAL DIRECTOR
634,S100003,00100,00500,LAB DIRECTOR
634,S100003,00101,00100,EXEC. DIRECTOR
634,S100003,00101,00300,PROCUREMENT COORDINATOR
634,S100003,00101,00500,TECHNICIANS
634,S100003,00102,00100,CLERICAL
634,S100003,00102,00300,PRESERVATION TECHNICIANS
634,S100003,00102,00500,TISSUE TYPING TECH.
634,S100003,00103,00100,OTHER
634,S100003,00103,00300,OTHER
634,S100003,00103,00500,OTHER
634,S200000,00100,00100,N
634,S200000,00200,00100,N
634,S200000,00300,00100,Y
634,S200000,00400,00100,Y
634,S200000,00400,00200,A
634,S200000,00500,00100,N
634,S200000,00600,00300,CFO
634,S200000,00700,00100,DCI DONOR SERVICES  INC.
635,A000000,00100,00000,0100CAPITAL COSTS-BLDG & FIXT
635,A000000,00200,00000,0200CAPITAL COSTS-MVBLE EQUIPMENT
635,A000000,00300,00000,0300EMPLOYEE BENEFITS
635,A000000,00400,00000,0400ADMINISTRATIVE & GENERAL
635,A000000,00500,00000,0500OPERATION AND MAINTENANCE OF PLANT
635,A000000,00600,00000,0600HOUSEKEEPING
635,A000000,00700,00000,0700MEDICAL SUPPLIES
635,A000000,00800,00000,0800OTHER OVERHEAD
635,A000000,00900,00000,0900PROCUREMENT COORDINATORS
635,A000000,01000,00000,1000PROFESSIONAL EDUCATION
635,A000000,01100,00000,1100PUBLIC EDUCATION
635,A000000,01200,00000,1200OTHER ACQUISITION
635,A000000,01300,00000,1300KIDNEY ACQUISITIONS
635,A000000,01400,00000,1400TISSUE TYPING LABORATORY
635,A000000,01500,00000,1500LIVER ACQUISITIONS
635,A000000,01600,00000,1600HEART ACQUISITIONS
635,A000000,01700,00000,1700PANCREAS ACQUISITIONS
635,A000000,01800,00000,1800LUNG ACQUISITIONS
635,A000000,01900,00000,1900OTHER ACQUISITIONS
635,A000000,02100,00000,2100RESEARCH
635,A000000,02200,00000,2200BLOOD BANK
635,A000000,02300,00000,2300LABORATORY-NON-TISSUE TYPING
635,A000000,02400,00000,2400DIALYSIS UNITS
635,A000000,02500,00000,2500OTHER NON-REIMBURSABLE
635,A100000,01700,00000,QUALITY ASSURANCE
635,A100000,01800,00000,LOBBYING
635,A100000,01900,00000,EMPLOYEE RECRUITMENT
635,A100000,01901,00000,OTHER EXPENSES-INDIRECT
635,A20H000,00900,00000,OTHER HOSPITAL COSTS
635,A20K000,00900,00000,OTHER HOSPITAL COSTS
635,A20L000,00900,00000,OTHER HOSPITAL COSTS
635,A20P000,00900,00000,OTHER HOSPITAL COSTS
635,A20U000,00900,00000,OTHER HOSPITAL COSTS
635,A400010,00100,00000,RECLASS FACILITY RENT
635,A400010,00100,00100,A
635,A400010,00100,00200,CAPITAL COSTS-BLDG & FIXT
635,A400010,00100,00500,ADMINISTRATIVE & GENERAL
635,A400010,00200,00000,TISSUE ALLOCATION
635,A400010,00200,00100,B
635,A400010,00200,00200,OTHER NON-REIMBURSABLE
635,A400010,00200,00500,PROCUREMENT COORDINATORS
635,A400010,00300,00000,TISSUE ALLOCATION
635,A400010,00300,00100,B
635,A400010,00300,00200,OTHER NON-REIMBURSABLE
635,A400010,00300,00500,PROFESSIONAL EDUCATION
635,A400010,00400,00000,TISSUE ALLOCATION
635,A400010,00400,00100,B
635,A400010,00400,00200,OTHER NON-REIMBURSABLE
635,A400010,00400,00500,PUBLIC EDUCATION
635,A500010,00800,00100,B
635,A500010,00800,00300,PROCUREMENT COORDINATORS
635,A500010,01500,00000,LOBBYING
635,A500010,01500,00100,A
635,A500010,01500,00300,ADMINISTRATIVE & GENERAL
635,A500010,01501,00000,FUNERAL HOME FEES
635,A500010,01501,00100,A
635,A500010,01501,00300,KIDNEY ACQUISITIONS
635,A500010,01502,00000,AOPO LOBBYING EXPENSE
635,A500010,01502,00100,A
635,A500010,01502,00300,ADMINISTRATIVE & GENERAL
635,A500010,01600,00000,CHARITABLE CONTRIBUTIONS
635,A500010,01600,00100,A
635,A500010,01600,00300,ADMINISTRATIVE & GENERAL
635,A51000A,00100,00100,Y
635,A51000B,00100,00200,CAPITAL COSTS-BLDG & FIXT
635,A51000B,00100,00300,FACILITY RENT
635,A51000B,00200,00200,ADMINISTRATIVE & GENERAL
635,A51000B,00200,00300,OVERHEAD
635,A51000C,00100,00100,A
635,A51000C,00100,00200,DCI DONOR SERVICES INC
635,A51000C,00100,00400,DIALYSIS CLINIC INC
635,A51000C,00100,00600,INDEPENDENT DIALYSIS
635,A60000C,00500,00100,N
635,B10000*,00100,00200,CAP BLDG
635,B10000*,00100,00300,CAP COSTS
635,B10000*,00100,00400,EMPLOYEE
635,B10000*,00100,00500,MEDICAL
635,B10000*,00100,00800,ORGAN
635,B10000*,00100,01000,ADMIN &
635,B10000*,00200,00200,OP PLANT &
635,B10000*,00200,00300,MOVABLE
635,B10000*,00200,00400,BENEFITS
635,B10000*,00200,00500,SUPPLIES
635,B10000*,00200,00800,ACQUISITN
635,B10000*,00200,01000,GENERAL
635,B10000*,00300,00200,HOUSEKEEP
635,B10000*,00300,00300,EQUIPMENT
635,B10000*,00300,00800,COSTS
635,B10000*,00400,00200,SQUARE
635,B10000*,00400,00300,DOLLAR
635,B10000*,00400,00400,ADJUST
635,B10000*,00400,00500,COSTED
635,B10000*,00400,00800,NUMBER
635,B10000*,00400,01000,ACCUM
635,B10000*,00500,00200,FEET
635,B10000*,00500,00300,VALUE
635,B10000*,00500,00400,SALARIES
635,B10000*,00500,00500,REQUISIT
635,B10000*,00500,00800,ORGANS
635,B10000*,00500,01000,COSTS
635,B10000*,00600,00200,1
635,B10000*,00600,00300,2
635,B10000*,00600,00400,3
635,B10000*,00600,00500,3
635,B10000*,00600,00800,3
635,B10000*,00600,01000,3
635,B100000,00000,01000,X
635,E000000,00900,00000,OTHER CURRENT ASSETS
635,E000000,02600,00000,OTHER FIXED ASSETS
635,E000000,03900,00000,INTERCOMPANY PAYABLES
635,E000000,04100,00000,OTHER CURRENT LIABILITIES
635,E100001,00800,00000,OTHER ORGAN FEES
635,E100001,00900,00000,TISSUE RECOVERY REVENUE
635,E100002,00300,00000,DISALLOWABLES
635,E100002,00400,00000,BAD DEBT EXPENSE
635,E100002,00800,00000,INVENTORY VARIANCE
635,E100002,00900,00000,PURCHASE DISCOUNTS
635,E100002,01000,00000,COST REPORT ESTIMATE
635,S000000,00100,00100,X
635,S000000,00400,00100,2
635,S000000,00500,00100,02/27/2023
635,S000000,00600,00100,10001
635,S000000,00700,00100,N
635,S000000,00800,00100,N
635,S000000,00900,00100,06/20/2024
635,S000000,01000,00100,4
635,S000001,00100,00100,TENNESSEE DONOR SERVICES
635,S000001,00100,00200,44P001
635,S000001,00101,00100,566 MAINSTREAM DRIVE STE 300
635,S000001,00102,00100,NASHVILLE
635,S000001,00102,00200,TN
635,S000001,00102,00300,37228
635,S000001,00300,00100,10/01/2021
635,S000001,00300,00200,09/30/2022
635,S000001,00400,00100,6
635,S000001,00400,00300,1
635,S000001,00400,00400,10/01/1990
635,S000001,00401,00300,1
635,S000002,00100,00200,Y
635,S000002,00300,00100,CFO
635,S000002,00400,00100,02/24/2023
635,S100001,00700,00100,N
635,S100001,00810,00000,SMALL INTESTINE
635,S100003,00100,00100,MEDICAL DIRECTOR
635,S100003,00100,00300,MEDICAL DIRECTOR
635,S100003,00100,00500,LAB DIRECTOR
635,S100003,00101,00100,EXEC. DIRECTOR
635,S100003,00101,00300,PROCUREMENT COORDINATOR
635,S100003,00101,00500,TECHNICIANS
635,S100003,00102,00100,CLERICAL
635,S100003,00102,00300,PRESERVATION TECHNICIANS
635,S100003,00102,00500,TISSUE TYPING TECH.
635,S100003,00103,00100,OTHER
635,S100003,00103,00300,OTHER
635,S100003,00103,00500,OTHER
635,S200000,00100,00100,N
635,S200000,00200,00100,N
635,S200000,00300,00100,Y
635,S200000,00400,00100,Y
635,S200000,00400,00200,A
635,S200000,00500,00100,N
635,S200000,00600,00300,CFO
635,S200000,00700,00100,DCI DONOR SERVICES  INC.
638,A000000,00100,00000,0100CAPITAL COSTS-BLDG & FIXT
638,A000000,00200,00000,0200CAPITAL COSTS-MVBLE EQUIPMENT
638,A000000,00300,00000,0300EMPLOYEE BENEFITS
638,A000000,00400,00000,0400ADMINISTRATIVE & GENERAL
638,A000000,00500,00000,0500OPERATION AND MAINTENANCE OF PLANT
638,A000000,00600,00000,0600HOUSEKEEPING
638,A000000,00700,00000,0700MEDICAL SUPPLIES
638,A000000,00800,00000,0800OTHER OVERHEAD
638,A000000,00900,00000,0900PROCUREMENT COORDINATORS
638,A000000,01000,00000,1000PROFESSIONAL EDUCATION
638,A000000,01100,00000,1100PUBLIC EDUCATION
638,A000000,01200,00000,1200OTHER ACQUISITION
638,A000000,01300,00000,1300KIDNEY ACQUISITIONS
638,A000000,01400,00000,1400TISSUE TYPING LABORATORY
638,A000000,01500,00000,1500LIVER ACQUISITIONS
638,A000000,01600,00000,1600HEART ACQUISITIONS
638,A000000,01700,00000,1700PANCREAS ACQUISITIONS
638,A000000,01800,00000,1800LUNG ACQUISITIONS
638,A000000,01900,00000,1900OTHER ACQUISITIONS
638,A000000,02100,00000,2100RESEARCH
638,A000000,02200,00000,2200BLOOD BANK
638,A000000,02300,00000,2300LABORATORY-NON-TISSUE TYPING
638,A000000,02400,00000,2400DIALYSIS UNITS
638,A000000,02500,00000,2500OTHER NON-REIMBURSABLE
638,A300000,00600,00000,LABORATORY SUPPLIES
638,A300000,00700,00000,MINOR MEDICAL EQUIPMENT
638,A300000,00800,00000,FREIGHT IN
638,A300000,00900,00000,OTHER DIRECT EXPENSES
638,A300000,01000,00000,OTHER INDIRECT EXPENSES
638,A500010,01500,00000,HOME OFFICE COSTS
638,A500010,01500,00100,A
638,A500010,01500,00300,TISSUE TYPING LABORATORY
638,A500010,01600,00000,CHARITABLE CONTRIBUTIONS
638,A500010,01600,00100,A
638,A500010,01600,00300,TISSUE TYPING LABORATORY
638,A51000A,00100,00100,Y
638,A51000B,00100,00200,TISSUE TYPING LABORATORY
638,A51000B,00100,00300,DATA PROCESSING - CORPORATE
638,A51000B,00200,00200,TISSUE TYPING LABORATORY
638,A51000B,00200,00300,COMPUTER SOFTWARE - DCI
638,A51000B,00300,00200,TISSUE TYPING LABORATORY
638,A51000B,00300,00300,RENT PAID TO CORPORATE
638,A51000B,00400,00200,TISSUE TYPING LABORATORY
638,A51000B,00400,00300,CORPORATE ALLOCATION
638,A51000C,00100,00100,B
638,A51000C,00100,00200,DCI LABORATORY
638,A51000C,00100,00400,DIALYSIS CLINIC INC
638,A51000C,00100,00600,INDEPENDENT DIALYSIS
638,A60000A,00700,00000,COMPUTER EQUIPMENT
638,A60000B,00800,00000,COMPUTER EQUIPMENT
638,A60000C,00500,00100,N
638,B10000*,00100,00200,CAP BLDG
638,B10000*,00100,00300,CAP COSTS
638,B10000*,00100,00400,EMPLOYEE
638,B10000*,00100,00500,MEDICAL
638,B10000*,00100,00800,ORGAN
638,B10000*,00100,01000,ADMIN &
638,B10000*,00200,00200,OP PLANT &
638,B10000*,00200,00300,MOVABLE
638,B10000*,00200,00400,BENEFITS
638,B10000*,00200,00500,SUPPLIES
638,B10000*,00200,00800,ACQUISITN
638,B10000*,00200,01000,GENERAL
638,B10000*,00300,00200,HOUSEKEEP
638,B10000*,00300,00300,EQUIPMENT
638,B10000*,00300,00800,COSTS
638,B10000*,00400,00200,SQUARE
638,B10000*,00400,00300,DOLLAR
638,B10000*,00400,00400,ADJUST
638,B10000*,00400,00500,COSTED
638,B10000*,00400,00800,NUMBER
638,B10000*,00400,01000,ACCUM
638,B10000*,00500,00200,FEET
638,B10000*,00500,00300,VALUE
638,B10000*,00500,00400,SALARIES
638,B10000*,00500,00500,REQUISIT
638,B10000*,00500,00800,ORGANS
638,B10000*,00500,01000,COSTS
638,B10000*,00600,00200,1
638,B10000*,00600,00300,2
638,B10000*,00600,00400,3
638,B10000*,00600,00500,3
638,B10000*,00600,00800,3
638,B10000*,00600,01000,3
638,B100000,00000,01000,X
638,E000000,00900,00000,OTHER CURRENT ASSETS
638,E000000,02600,00000,OTHER FIXED ASSETS
638,E000000,04100,00000,INTERCOMPANY PAYABLES
638,E100002,00300,00000,PROVIDER COST REIMBURSEMENT
638,E100002,00800,00000,PURCHASE DISCOUNTS
638,S000000,00100,00100,X
638,S000000,00400,00100,2
638,S000000,00500,00100,03/01/2023
638,S000000,00600,00100,10001
638,S000000,00700,00100,N
638,S000000,00800,00100,N
638,S000000,00900,00100,06/21/2024
638,S000000,01000,00100,4
638,S000001,00100,00100,DCI LABORATORY
638,S000001,00100,00200,44HL01
638,S000001,00101,00100,1616 HAYES STREET
638,S000001,00102,00100,NASHVILLE
638,S000001,00102,00200,TN
638,S000001,00102,00300,37203
638,S000001,00300,00100,10/01/2021
638,S000001,00300,00200,09/30/2022
638,S000001,00400,00100,6
638,S000001,00400,00300,2
638,S000001,00400,00400,10/01/1978
638,S000001,00401,00300,1
638,S000002,00100,00200,Y
638,S000002,00300,00100,LABORATORY DIRECTOR
638,S000002,00400,00100,02/27/2023
638,S100001,00700,00100,N
638,S100001,00810,00000,OTHER
638,S100002,00400,00100,HLA-CLASS I SINGLE ANTIGEN (EX. B27)
638,S100002,00401,00100,ABO TYPING
638,S100002,00402,00100,T CELL CROSSMATCH - CYTOTOXIC/AHG
638,S100002,00403,00100,FLOW CYTOMETRY CROSSMATCH (T AND B C
638,S100002,00404,00100,HLA CLASS I ANTIBODY SCREEN - FLOW C
638,S100002,00405,00100,HLA CLASS I AND CLASS II ANTIBODY SC
638,S100002,00406,00100,DECEASED DONOR WORKUP - LOCAL
638,S100002,00407,00100,SERUM ARCHIVE
638,S100002,00408,00100,A1 TITER (SENDOUT)
638,S100002,00409,00100,FLOW CYTOMETRY AUTO-CROSSMATCH (T AN
638,S100002,00410,00100,HLA CLASS I ANTIBODY ID WITH C1Q BIN
638,S100002,00411,00100,HLA CLASS II ANTIBODY ID WITH C1Q BI
638,S100002,00412,00100,FLOW PRA STAT CHARGE
638,S100002,00413,00100,HLA CLASS II ANTIBODY-SEMI QUANT PAN
638,S100002,00414,00100,HLA-DPB1 TYPING
638,S100002,00415,00100,HLA CLASS I SINGLE LOCUS TYPING - LO
638,S100002,00416,00100,HLA CLASS II  ONE LOCUS  LOW RESOLUT
638,S100002,00417,00100,DECEASED DONOR WORK-UP IMPORT
638,S100002,00418,00100,HLA CLASS I AND CLASS II ANTIBODY SC
638,S100002,00419,00100,T CELL CROSSMATCH - CYTOOXIC/AHG (NO
638,S100002,00420,00100,FLOW CYTOMETRY CROSSMATCH (T AND B C
638,S100002,00421,00100,T CEL CYTOTOXIC CROSSMATCH (CHARGE T
638,S100002,00422,00100,FLOW CYTOMETRY CROSSMATCH - T AND B
638,S100002,00423,00100,ABO REVERSE TYPING ONLY
638,S100002,00424,00100,HLA CLASS I ANTIBODY ID - LUMINEX SI
638,S100002,00425,00100,HLA CLASS II ANTIBODY ID - LUMINEX S
638,S100002,00426,00100,FLOW CROSSMATCH WITH TITERS
638,S100002,00427,00100,T AND B CELL CYTOTOXIC CROSSMATCH
638,S100002,00428,00100,A1 TITER (NO DONOR)
638,S100002,00429,00100,HLA CLASS I ANTIBODY ID - LUMINEX SI
638,S100002,00430,00100,HLA CLASS II ANTIBODY ID - LUMINEX S
638,S100002,00431,00100,HLA COMP TYPING:HR(HLA-A B C DR DRB3
638,S100003,00100,00100,MEDICAL DIRECTOR
638,S100003,00100,00300,MEDICAL DIRECTOR
638,S100003,00100,00500,LAB DIRECTOR
638,S100003,00101,00100,EXEC. DIRECTOR
638,S100003,00101,00300,PROCUREMENT COORDINATOR
638,S100003,00101,00500,TECHNICIANS
638,S100003,00102,00100,CLERICAL
638,S100003,00102,00300,PRESERVATION TECHNICIANS
638,S100003,00102,00500,TISSUE TYPING TECH.
638,S100003,00103,00100,OTHER
638,S100003,00103,00300,OTHER
638,S100003,00103,00500,OTHER
638,S200000,00100,00100,N
638,S200000,00200,00100,N
638,S200000,00300,00100,Y
638,S200000,00400,00100,Y
638,S200000,00400,00200,A
638,S200000,00500,00100,N
638,S200000,00600,00300,LABORATORY DIRECTOR
638,S200000,00700,00100,DIALYSIS CLINIC INC
656,A000000,00100,00000,0100CAPITAL COSTS-BLDG & FIXT
656,A000000,00200,00000,0200CAPITAL COSTS-MVBLE EQUIPMENT
656,A000000,00300,00000,0300EMPLOYEE BENEFITS
656,A000000,00400,00000,0400ADMINISTRATIVE & GENERAL
656,A000000,00500,00000,0500OPERATION AND MAINTENANCE OF PLANT
656,A000000,00600,00000,0600HOUSEKEEPING
656,A000000,00700,00000,0700MEDICAL SUPPLIES
656,A000000,00800,00000,0800OTHER OVERHEAD
656,A000000,00900,00000,0900PROCUREMENT COORDINATORS
656,A000000,01000,00000,1000PROFESSIONAL EDUCATION
656,A000000,01100,00000,1100PUBLIC EDUCATION
656,A000000,01200,00000,1200OTHER ORGAN ACQUISITION
656,A000000,01201,00000,1201ORGAN ONLY REFERRALS
656,A000000,01300,00000,1300KIDNEY ACQUISITIONS
656,A000000,01400,00000,1400TISSUE TYPING LABORATORY
656,A000000,01500,00000,1500LIVER ACQUISITIONS
656,A000000,01600,00000,1600HEART ACQUISITIONS
656,A000000,01700,00000,1700PANCREAS ACQUISITIONS
656,A000000,01800,00000,1800LUNG ACQUISITIONS
656,A000000,01900,00000,1900OTHER ACQUISITIONS
656,A000000,02100,00000,2100RESEARCH
656,A000000,02200,00000,2200BLOOD BANK
656,A000000,02300,00000,2300LABORATORY-NON-TISSUE TYPING
656,A000000,02400,00000,2400DIALYSIS UNITS
656,A000000,02500,00000,2500TISSUE
656,A000000,02501,00000,2501AFTERCARE
656,A100000,01700,00000,NON-MEDICARE REIMBURSABLE
656,A100000,01800,00000,MISCELLANEOUS
656,A20H000,00900,00000,HOSPITAL BILLS
656,A20H000,02100,00000,ORGAN TESTING
656,A20H000,02101,00000,CLINICAL CONSULTING
656,A20K000,00900,00000,HOSPITAL BILLS
656,A20K000,02100,00000,ORGAN TESTING
656,A20K000,02101,00000,CLINICAL CONSULTING
656,A20L000,00900,00000,HOSPITAL BILLS
656,A20L000,02100,00000,ORGAN TESTING
656,A20L000,02101,00000,CLINICAL CONSULTING
656,A20O000,00900,00000,HOSPITAL BILLS
656,A20O000,02100,00000,ORGAN TESTING
656,A20O000,02101,00000,CLINICAL CONSULTING
656,A20P000,00900,00000,HOSPITAL BILLS
656,A20P000,02100,00000,ORGAN TESTING
656,A20P000,02101,00000,CLINICAL CONSULTING
656,A20U000,00900,00000,HOSPITAL BILLS
656,A20U000,02100,00000,ORGAN TESTING
656,A20U000,02101,00000,CLINICAL CONSULTING
656,A400010,00100,00000,RENT TO CAPITAL COST
656,A400010,00100,00100,A
656,A400010,00100,00200,CAPITAL COSTS-BLDG & FIXT
656,A400010,00100,00500,ADMINISTRATIVE & GENERAL
656,A400010,00200,00000,CELL PHONES
656,A400010,00200,00100,B
656,A400010,00200,00200,PROCUREMENT COORDINATORS
656,A400010,00200,00500,ADMINISTRATIVE & GENERAL
656,A400010,00300,00000,CELL PHONES
656,A400010,00300,00100,B
656,A400010,00300,00200,TISSUE
656,A400010,00400,00000,CELL PHONES
656,A400010,00400,00100,B
656,A400010,00400,00200,ORGAN ONLY REFERRALS
656,A400010,00500,00000,CELL PHONES
656,A400010,00500,00100,B
656,A400010,00500,00200,PROFESSIONAL EDUCATION
656,A400010,00600,00000,CELL PHONES
656,A400010,00600,00100,B
656,A400010,00600,00200,PUBLIC EDUCATION
656,A400010,00700,00000,CELL PHONES
656,A400010,00700,00100,B
656,A400010,00700,00200,AFTERCARE
656,A400010,00800,00000,TISSUE OVERHEAD
656,A400010,00800,00100,C
656,A400010,00800,00200,TISSUE
656,A400010,00800,00500,PROCUREMENT COORDINATORS
656,A400010,00900,00000,TISSUE OVERHEAD
656,A400010,00900,00100,C
656,A400010,00900,00500,PROFESSIONAL EDUCATION
656,A400010,01000,00000,TISSUE OVERHEAD
656,A400010,01000,00100,C
656,A400010,01000,00500,PUBLIC EDUCATION
656,A400010,01100,00000,SORS/SRC
656,A400010,01100,00100,D
656,A400010,01100,00200,KIDNEY ACQUISITIONS
656,A400010,01100,00500,PROCUREMENT COORDINATORS
656,A400010,01200,00000,SORS/SRC
656,A400010,01200,00100,D
656,A400010,01200,00200,LIVER ACQUISITIONS
656,A400010,01300,00000,SORS/SRC
656,A400010,01300,00100,D
656,A400010,01300,00200,PANCREAS ACQUISITIONS
656,A400010,01400,00000,SORS/SRC
656,A400010,01400,00100,D
656,A400010,01400,00200,OTHER ACQUISITIONS
656,A400010,01500,00000,SORS/SRC
656,A400010,01500,00100,D
656,A400010,01500,00200,TISSUE
656,A400010,01600,00000,ORGAN SUPPLIES
656,A400010,01600,00100,E
656,A400010,01600,00200,KIDNEY ACQUISITIONS
656,A400010,01600,00500,OTHER ORGAN ACQUISITION
656,A400010,01700,00000,ORGAN SUPPLIES
656,A400010,01700,00100,E
656,A400010,01700,00200,LIVER ACQUISITIONS
656,A400010,01800,00000,ORGAN SUPPLIES
656,A400010,01800,00100,E
656,A400010,01800,00200,PANCREAS ACQUISITIONS
656,A400010,01900,00000,ORGAN SUPPLIES
656,A400010,01900,00100,E
656,A400010,01900,00200,OTHER ACQUISITIONS
656,A400010,02000,00000,ORGAN SUPPLIES
656,A400010,02000,00100,E
656,A400010,02000,00200,TISSUE
656,A500010,00800,00100,B
656,A500010,00800,00300,PROCUREMENT COORDINATORS
656,A500010,01500,00000,UNREIMBURSABLE - ALCOHOL/GIFTS
656,A500010,01500,00100,A
656,A500010,01500,00300,ADMINISTRATIVE & GENERAL
656,A500010,01502,00000,UNREIMBURSABLE - ALCOHOL/GIFTS
656,A500010,01502,00100,A
656,A500010,01502,00300,PROCUREMENT COORDINATORS
656,A500010,01503,00000,UNREIMBURSABLE - ALCOHOL/GIFTS
656,A500010,01503,00100,A
656,A500010,01503,00300,PROFESSIONAL EDUCATION
656,A500010,01505,00000,UNREIMBURSABLE - ALCOHOL/GIFTS
656,A500010,01505,00100,A
656,A500010,01505,00300,TISSUE
656,A500010,01506,00000,UNREIMBURSABLE - ALCOHOL/GIFTS
656,A500010,01506,00100,A
656,A500010,01506,00300,ORGAN ONLY REFERRALS
656,A500010,01507,00000,UNREIMBURSABLE - ROSE PARADE
656,A500010,01507,00100,A
656,A500010,01507,00300,ADMINISTRATIVE & GENERAL
656,A500010,01509,00000,UNREIMBURSABLE - ROSE PARADE
656,A500010,01509,00100,A
656,A500010,01509,00300,PROFESSIONAL EDUCATION
656,A500010,01510,00000,UNREIMBURSABLE - ROSE PARADE
656,A500010,01510,00100,A
656,A500010,01510,00300,PUBLIC EDUCATION
656,A500010,01511,00000,UNREIMBURSABLE - ROSE PARADE
656,A500010,01511,00100,A
656,A500010,01511,00300,AFTERCARE
656,A500010,01512,00000,MISCELLANEOUS INCOME
656,A500010,01512,00100,B
656,A500010,01512,00300,ADMINISTRATIVE & GENERAL
656,A500010,01514,00000,LOBBYING
656,A500010,01514,00100,A
656,A500010,01514,00300,PUBLIC EDUCATION
656,A51000A,00100,00100,N
656,A60000A,00700,00000,MEDICAL EQUIPMENT
656,A60000B,00800,00000,MEDICAL EQUIPMENT
656,A60000C,00500,00100,N
656,B10000*,00100,00200,CAP BLDG
656,B10000*,00100,00300,CAP COSTS
656,B10000*,00100,00400,EMPLOYEE
656,B10000*,00100,00500,MEDICAL
656,B10000*,00100,00800,ORGAN
656,B10000*,00100,01000,ADMIN &
656,B10000*,00200,00200,OP PLANT &
656,B10000*,00200,00300,MOVABLE
656,B10000*,00200,00400,BENEFITS
656,B10000*,00200,00500,SUPPLIES
656,B10000*,00200,00800,ACQUISITN
656,B10000*,00200,01000,GENERAL
656,B10000*,00300,00200,HOUSEKEEP
656,B10000*,00300,00300,EQUIPMENT
656,B10000*,00300,00800,COSTS
656,B10000*,00400,00200,SQUARE
656,B10000*,00400,00300,DOLLAR
656,B10000*,00400,00400,ADJUST
656,B10000*,00400,00500,COSTED
656,B10000*,00400,00800,NUMBER
656,B10000*,00400,01000,ACCUM
656,B10000*,00500,00200,FEET
656,B10000*,00500,00300,VALUE
656,B10000*,00500,00400,SALARIES
656,B10000*,00500,00500,REQUISIT
656,B10000*,00500,00800,ORGANS
656,B10000*,00500,01000,COSTS
656,B10000*,00600,00200,1
656,B10000*,00600,00300,2
656,B10000*,00600,00400,3
656,B10000*,00600,00500,3
656,B10000*,00600,00800,3
656,B10000*,00600,01000,3
656,B100000,00000,01000,X
656,E000000,00900,00000,MEDICARE RECEIVABLE
656,E000000,02600,00000,OTHER FIXED ASSETS
656,E000000,03100,00000,457B PLAN & OTHER LONG TERM ASSETS
656,E000000,03900,00000,ACCRUED MEDICAL LIASBILITIES
656,E000000,04100,00000,CAPI LEASE & DEFERRED RENT - CURRENT
656,E000000,04600,00000,DEFERRED RENT - LONG TERM
656,E000000,04700,00000,457B PLAN & CAPITAL LEASE
656,E000000,04800,00000,OTHER LIABILITIES
656,E100001,00700,00000,RESEARCH AND OTHER
656,E100002,00300,00000,ROUNDING
656,E100002,00800,00000,ROUNDING
656,E200000,02000,00000,MISCELLANEOUS REVENUE
656,E200000,02100,00000,UNREALIZED GAIN ON INVESTMENTS
656,E200000,02200,00000,TISSUE REVENUE
656,E200000,02600,00000,UNREALIZED GAIN/LOSS ON INVESTMENTS
656,S000000,00100,00100,X
656,S000000,00400,00100,2
656,S000000,00500,00100,05/19/2023
656,S000000,00600,00100,10001
656,S000000,00700,00100,N
656,S000000,00800,00100,N
656,S000000,00900,00100,07/01/2024
656,S000000,01000,00100,4
656,S000001,00100,00100,LIFECENTER NORTHWEST
656,S000001,00100,00200,50P003
656,S000001,00101,00100,3650 131ST AVE SE  SUITE 200
656,S000001,00102,00100,BELLEVUE
656,S000001,00102,00200,WA
656,S000001,00102,00300,98006
656,S000001,00300,00100,01/01/2022
656,S000001,00300,00200,12/31/2022
656,S000001,00400,00100,6
656,S000001,00400,00300,1
656,S000001,00400,00400,01/01/1986
656,S000001,00401,00300,1
656,S000002,00100,00200,Y
656,S000002,00300,00100,CHIEF EXECUTIVE OFFICER
656,S000002,00400,00100,05/18/2023
656,S100001,00700,00100,N
656,S100001,00810,00000,INTESTINE
656,S100001,00811,00000,RESEARCH
656,S100001,00812,00000,VEIN
656,S100001,00813,00000,NERVES
656,S100001,00814,00000,MISCELLANEOUS
656,S100003,00100,00100,MEDICAL DIRECTOR
656,S100003,00100,00300,MEDICAL DIRECTOR
656,S100003,00100,00500,LAB DIRECTOR
656,S100003,00101,00100,EXEC. DIRECTOR
656,S100003,00101,00300,PROCUREMENT COORDINATOR
656,S100003,00101,00500,TECHNICIANS
656,S100003,00102,00100,CLERICAL
656,S100003,00102,00300,PRESERVATION TECHNICIANS
656,S100003,00102,00500,TISSUE TYPING TECH.
656,S100003,00103,00100,OTHER
656,S100003,00103,00300,OTHER
656,S100003,00103,00500,OTHER
656,S200000,00100,00100,N
656,S200000,00200,00100,N
656,S200000,00300,00100,N
656,S200000,00400,00100,Y
656,S200000,00400,00200,A
656,S200000,00500,00100,N
656,S200000,00600,00300,VP ACCOUNTING & FINANCE
656,S200000,00700,00100,LIFECENTER NORTHWEST
657,A000000,00100,00000,0100CAPITAL COSTS-BLDG & FIXT
657,A000000,00200,00000,0200CAPITAL COSTS-MVBLE EQUIPMENT
657,A000000,00300,00000,0300EMPLOYEE BENEFITS
657,A000000,00400,00000,0400ADMINISTRATIVE & GENERAL
657,A000000,00500,00000,0500OPERATION AND MAINTENANCE OF PLANT
657,A000000,00600,00000,0600HOUSEKEEPING
657,A000000,00700,00000,0700MEDICAL SUPPLIES
657,A000000,00800,00000,0800OTHER OVERHEAD
657,A000000,00900,00000,0900PROCUREMENT COORDINATORS
657,A000000,01000,00000,1000PROFESSIONAL EDUCATION
657,A000000,01100,00000,1100PUBLIC EDUCATION
657,A000000,01300,00000,1300KIDNEY ACQUISITIONS
657,A000000,01400,00000,1400TISSUE TYPING LABORATORY
657,A000000,01500,00000,1500LIVER ACQUISITIONS
657,A000000,01600,00000,1600HEART ACQUISITIONS
657,A000000,01700,00000,1700PANCREAS ACQUISITIONS
657,A000000,01800,00000,1800LUNG ACQUISITIONS
657,A000000,01900,00000,1900OTHER 1            (WKST A2 6 L 23
657,A000000,02100,00000,2100RESEARCH
657,A000000,02200,00000,2200BLOOD BANK
657,A000000,02300,00000,2300LABORATORY-NON-TISSUE TYPING
657,A000000,02400,00000,2400DIALYSIS UNITS
657,A100000,01700,00000,OTHER ADMIN & GENERAL
657,A300000,00600,00000,EQUIPMENT
657,A300000,00700,00000,SUPPLIES
657,A300000,00800,00000,OTHER
657,A300000,00900,00000,DONOR TISSUE TYPING
657,A51000A,00100,00100,Y
657,A51000B,00100,00200,ADMINISTRATIVE & GENERAL
657,A51000C,00100,00100,B
657,A51000C,00100,00200,TRANSPLANT IMMUNOLOGY LAB
657,A51000C,00100,00400,LIFELINK FOUNDATION
657,A51000C,00100,00600,TISSUE TYPING
657,A60000C,00500,00100,N
657,B10000*,00100,00200,CAP BLDG
657,B10000*,00100,00300,CAP COSTS
657,B10000*,00100,00400,EMPLOYEE
657,B10000*,00100,00500,MEDICAL
657,B10000*,00100,00800,ORGAN
657,B10000*,00100,01000,ADMIN &
657,B10000*,00200,00200,OP PLANT &
657,B10000*,00200,00300,MOVABLE
657,B10000*,00200,00400,BENEFITS
657,B10000*,00200,00500,SUPPLIES
657,B10000*,00200,00800,ACQUISITN
657,B10000*,00200,01000,GENERAL
657,B10000*,00300,00200,HOUSEKEEP
657,B10000*,00300,00300,EQUIPMENT
657,B10000*,00300,00800,COSTS
657,B10000*,00400,00200,SQUARE SQ.
657,B10000*,00400,00300,DOLLAR
657,B10000*,00400,00400,ADJUST
657,B10000*,00400,00500,COSTED REQ
657,B10000*,00400,00800,NO. OF ORG
657,B10000*,00400,01000,ACCUM
657,B10000*,00500,00200,FT.)
657,B10000*,00500,00300,VALUE
657,B10000*,00500,00400,SALARIES
657,B10000*,00500,00500,UIS
657,B10000*,00500,00800,ANS
657,B10000*,00500,01000,COSTS
657,B10000*,00600,00200,1
657,B10000*,00600,00300,2
657,B10000*,00600,00400,3
657,B10000*,00600,00500,3
657,B10000*,00600,00800,3
657,B10000*,00600,01000,3
657,B100000,00000,01000,X
657,E000000,00900,00000,OTHER CURRENT ASSETS
657,E000000,02600,00000,OTHER FIXED ASSETS
657,E100002,00300,00000,HOME OFFICE
657,E200000,02600,00000,MEDICARE PAYABLE
657,S000000,00100,00100,X
657,S000000,00400,00100,2
657,S000000,00500,00100,11/07/2023
657,S000000,00600,00100,10001
657,S000000,00700,00100,N
657,S000000,00800,00100,N
657,S000000,00900,00100,07/09/2024
657,S000000,01000,00100,4
657,S000001,00100,00100,LIFELINK TRANSPLANT IMMUNOLOGY LAB
657,S000001,00100,00200,10HL01
657,S000001,00101,00100,9661 DELANEY CREEK BOULEVARD
657,S000001,00102,00100,TAMPA
657,S000001,00102,00200,FL
657,S000001,00102,00300,33619
657,S000001,00300,00100,07/01/2022
657,S000001,00300,00200,06/30/2023
657,S000001,00400,00100,6
657,S000001,00400,00300,2
657,S000001,00400,00400,10/01/1999
657,S000001,00401,00300,2
657,S000002,00100,00200,Y
657,S000002,00300,00100,CFO
657,S000002,00400,00100,11/06/2023
657,S100001,00700,00100,N
657,S100001,00810,00000,OTHER
657,S100002,00400,00100,ABO & RH
657,S100002,00401,00100,AFTER HOURS STAT FEE
657,S100002,00402,00100,MAPS
657,S100002,00403,00100,FINAL CROSSMATCH - DECEASED DONOR
657,S100002,00404,00100,FINAL CROSSMATCH - LIVING RELATED
657,S100002,00405,00100,MOLECULAR HLA A B C DR DQ DP TYPING
657,S100002,00406,00100,HLA DECEASED DONOR TYPING-SHARED
657,S100002,00407,00100,HLA DR
657,S100002,00408,00100,PRELIMINARY EXTENSIVE CROSSMATCH
657,S100002,00409,00100,SPECIAL ANTIBODY CHARACTERIZATION I
657,S100002,00410,00100,SPECIAL ANTIBODY CHARACTERIZATIONII
657,S100002,00411,00100,INFECT DISEASE TEST INDIVID EIA ASSA
657,S100002,00412,00100,STAT FEE
657,S100002,00413,00100,C1Q CLASS II ANTIBODY IDENTIF
657,S100002,00414,00100,SUPPLEMENTAL CLASS II ANTIBODY IDEN
657,S100002,00415,00100,OUT OF COUNTRY MAILER
657,S100002,00416,00100,AT1R
657,S100002,00417,00100,CLASS I AND II ANTIBODY SCREENING
657,S100002,00418,00100,CLASS I ANITBODY-LUMINEX SIN
657,S100002,00419,00100,CLASS II ANTIBODY-LUNIMEX SI
657,S100002,00420,00100,DECEASED DONOR CELL STORAGE
657,S100002,00421,00100,HLA CLASS I/II ANTIBODY SCREENING
657,S100002,00422,00100,SERUM SAMPLE STORAGE AND PROCESSING
657,S100002,00423,00100,SUPPLEMENTAL CLASS I ANTIBODY
657,S100002,00424,00100,C1Q CLASS I ANTIBODY IDENTIF
657,S100002,00425,00100,AT 1R DILUTION
657,S100002,00426,00100,FINAL X MATCH DECEASED DONOR
657,S100002,00427,00100,FINAL X MATCH LIVING RELATED
657,S100002,00428,00100,MAILER KIT OUT OF COUNTRY
657,S100002,00429,00100,AAB
657,S100003,00100,00100,MEDICAL DIRECTOR
657,S100003,00100,00300,MEDICAL DIRECTOR
657,S100003,00100,00500,LAB DIRECTOR
657,S100003,00101,00100,EXEC. DIRECTOR
657,S100003,00101,00300,PROCUREMENT COORDINATOR
657,S100003,00101,00500,TECHNICIANS
657,S100003,00102,00100,CLERICAL
657,S100003,00102,00300,PRESERVATION TECHNICIANS
657,S100003,00102,00500,TISSUE TYPING TECH.
657,S100003,00103,00100,OTHER
657,S100003,00103,00300,OTHER
657,S100003,00103,00500,OTHER
657,S200000,00100,00100,N
657,S200000,00200,00100,N
657,S200000,00300,00100,Y
657,S200000,00400,00100,Y
657,S200000,00400,00200,A
657,S200000,00500,00100,Y
657,S200000,00600,00300,DIRECTOR  FINANCE & ACCOUNTING
657,S200000,00700,00100,LIFELINK FOUNDATION
658,A000000,00100,00000,0100CAPITAL COSTS-BLDG & FIXT
658,A000000,00200,00000,0200CAPITAL COSTS-MVBLE EQUIPMENT
658,A000000,00300,00000,0300EMPLOYEE BENEFITS
658,A000000,00400,00000,0400ADMINISTRATIVE & GENERAL
658,A000000,00500,00000,0500OPERATION AND MAINTENANCE OF PLANT
658,A000000,00600,00000,0600HOUSEKEEPING
658,A000000,00700,00000,0700MEDICAL SUPPLIES
658,A000000,00800,00000,0800OTHER OVERHEAD
658,A000000,00900,00000,0900PROCUREMENT COORDINATORS
658,A000000,01000,00000,1000PROFESSIONAL EDUCATION
658,A000000,01100,00000,1100PUBLIC EDUCATION
658,A000000,01200,00000,1200OTHER ACQUISITION
658,A000000,01300,00000,1300KIDNEY ACQUISITIONS
658,A000000,01400,00000,1400TISSUE TYPING LABORATORY
658,A000000,01500,00000,1500LIVER ACQUISITIONS
658,A000000,01600,00000,1600HEART ACQUISITIONS
658,A000000,01700,00000,1700PANCREAS ACQUISITIONS
658,A000000,01800,00000,1800LUNG ACQUISITIONS
658,A000000,01900,00000,1900OTHER ACQUISITIONS
658,A000000,02100,00000,2100RESEARCH
658,A000000,02200,00000,2200BLOOD BANK
658,A000000,02300,00000,2300LABORATORY-NON-TISSUE TYPING
658,A000000,02400,00000,2400DIALYSIS UNITS
658,A000000,02500,00000,2500OTHER NON-REIMBURSABLE TISSUE
658,A000000,02501,00000,2501OTHER NON-REIMBURSABLE  OCULAR
658,A100000,01700,00000,TEMPORARY HELP
658,A100000,01800,00000,EMPLOYEE BENEFITS
658,A100000,01900,00000,RECRUITMENT
658,A100000,01901,00000,COMPUTER
658,A100000,01902,00000,MINOR EQUIPMENT
658,A100000,01903,00000,REFERENCE MATERIALS
658,A100000,01904,00000,POSTAGE AND COURIER
658,A100000,01905,00000,PRINTING
658,A100000,01906,00000,DEPRECIATION
658,A100000,01907,00000,REPAIRS AND MAINTENANCE
658,A100000,01908,00000,BUILDING OPERATING EXPENSE
658,A100000,01909,00000,OTHER PURCHASED SERVICES
658,A100000,01910,00000,DUES AND MEMBERSHIPS
658,A100000,01911,00000,MEETING AND ORGANIZATIONAL EXPENSE
658,A100000,01912,00000,BANK CHARGES
658,A100000,01913,00000,BOND INTEREST AND FEES
658,A100000,01914,00000,BAD DEBT
658,A20H000,00900,00000,OTHER EXCISION HOSPITAL COSTS IBNR -
658,A20H000,00901,00000,HOSPITAL COSTS
658,A20H000,02100,00000,OTHER ACQUISITION AND COORDINATION
658,A20H000,02101,00000,SEROLOGIES
658,A20H000,02102,00000,COORDINATION
658,A20H000,02103,00000,EMBALMING
658,A20K000,00900,00000,OTHER EXCISION HOSPITAL COST IBNR
658,A20K000,00901,00000,HOSPITAL COSTS
658,A20K000,02100,00000,OTHER ACQUISITION AND COORDINATION
658,A20K000,02101,00000,SEROLOGIES
658,A20K000,02102,00000,COORDINATION
658,A20K000,02103,00000,EMBALMING
658,A20L000,00900,00000,OTHER EXCISION HOSPITAL COSTS IBNR
658,A20L000,00901,00000,HOSPITAL COSTS
658,A20L000,02100,00000,OTHER AXQUISITION AND COORDINATION
658,A20L000,02101,00000,SEROLOGIES
658,A20L000,02102,00000,COORDINATION
658,A20L000,02103,00000,EMBALMING
658,A20O000,00900,00000,OTHER EXCISION HOSPITAL COSTS IBNR
658,A20O000,00901,00000,HOSPITAL COSTS
658,A20O000,02100,00000,OTHER ACQUISITION AND COORDINATION
658,A20O000,02101,00000,SEROLOGIES
658,A20O000,02102,00000,COORDINATION
658,A20O000,02103,00000,EMBALMING
658,A20P000,00900,00000,OTHER EXCISION HOSPITAL COSTS IBNR
658,A20P000,00901,00000,HOSPITAL COSTS
658,A20P000,02100,00000,OTHER ACQUISITION AND COORDINATION
658,A20P000,02101,00000,SEROLOGIES
658,A20P000,02102,00000,COORDINATION
658,A20P000,02103,00000,EMBALMING
658,A20U000,00900,00000,OTHER EXCISION HOSPITAL COST IBNR
658,A20U000,00901,00000,HOSPITAL COSTS
658,A20U000,02100,00000,OTHER ACQUISITION AND COORDINATION
658,A20U000,02101,00000,SEROLOGIES
658,A20U000,02102,00000,COORDINATION
658,A20U000,02103,00000,EMBALMING
658,A400010,00100,00000,OFFICE RENT TO CAPITAL COST-BLDG
658,A400010,00100,00100,A
658,A400010,00100,00200,CAPITAL COSTS-BLDG & FIXT
658,A400010,00100,00500,ADMINISTRATIVE & GENERAL
658,A400010,00200,00000,MOVABLE EQUIP0MENT
658,A400010,00200,00100,B
658,A400010,00200,00200,CAPITAL COSTS-MVBLE EQUIPMENT
658,A400010,00200,00500,ADMINISTRATIVE & GENERAL
658,A400010,00300,00000,EMPLOYEE BENEFITS
658,A400010,00300,00100,C
658,A400010,00300,00200,EMPLOYEE BENEFITS
658,A400010,00300,00500,ADMINISTRATIVE & GENERAL
658,A400010,00400,00000,CELL PHONE
658,A400010,00400,00100,D
658,A400010,00400,00200,PROCUREMENT COORDINATORS
658,A400010,00400,00500,ADMINISTRATIVE & GENERAL
658,A400010,00500,00000,TISSUE ALLOCATION OVERHEAD
658,A400010,00500,00100,E
658,A400010,00500,00200,OTHER NON-REIMBURSABLE TISSUE
658,A400010,00500,00500,PROFESSIONAL EDUCATION
658,A400010,00600,00000,TISSUE ALLOCATION OVERHEAD
658,A400010,00600,00100,E
658,A400010,00600,00200,OTHER NON-REIMBURSABLE TISSUE
658,A400010,00600,00500,PUBLIC EDUCATION
658,A400010,00700,00000,TISSUE ALLOCATION OVERHEAD
658,A400010,00700,00100,E
658,A400010,00700,00200,OTHER NON-REIMBURSABLE TISSUE
658,A400010,00700,00500,PROCUREMENT COORDINATORS
658,A400010,00800,00000,ADMIN CAPITAL COST
658,A400010,00800,00100,F
658,A400010,00800,00200,ADMINISTRATIVE & GENERAL
658,A400010,00800,00500,CAPITAL COSTS-BLDG & FIXT
658,A400010,00900,00000,ADMIN CAPITAL COST
658,A400010,00900,00100,F
658,A400010,00900,00200,ADMINISTRATIVE & GENERAL
658,A400010,00900,00500,CAPITAL COSTS-MVBLE EQUIPMENT
658,A400010,01000,00000,TISSUE RECOVERY COST
658,A400010,01000,00100,G
658,A400010,01000,00200,OTHER NON-REIMBURSABLE TISSUE
658,A400010,01000,00500,CAPITAL COSTS-BLDG & FIXT
658,A400010,01100,00000,OCULAR ALLOCATION OVERHEAD
658,A400010,01100,00100,H
658,A400010,01100,00200,OTHER NON-REIMBURSABLE  OCULAR
658,A400010,01100,00500,PROFESSIONAL EDUCATION
658,A400010,01200,00000,OCULAR ALLOCATION OVERHEAD
658,A400010,01200,00100,H
658,A400010,01200,00200,OTHER NON-REIMBURSABLE  OCULAR
658,A400010,01200,00500,PUBLIC EDUCATION
658,A500010,00800,00100,B
658,A500010,00800,00300,PROCUREMENT COORDINATORS
658,A500010,00900,00100,A
658,A500010,00900,00300,PROFESSIONAL EDUCATION
658,A500010,01500,00000,PERSONAL USE OF AUTO
658,A500010,01500,00100,A
658,A500010,01500,00300,EMPLOYEE BENEFITS
658,A500010,01600,00000,AOPO LOBBYING EXPENSE
658,A500010,01600,00100,A
658,A500010,01600,00300,ADMINISTRATIVE & GENERAL
658,A500010,01601,00000,LOBBYING EXPENSE
658,A500010,01601,00100,A
658,A500010,01601,00300,ADMINISTRATIVE & GENERAL
658,A500010,01603,00000,VRL RENT REVENUE
658,A500010,01603,00100,B
658,A500010,01603,00300,CAPITAL COSTS-BLDG & FIXT
658,A500010,01604,00000,FUNDRAISING COST
658,A500010,01604,00100,A
658,A500010,01604,00300,PUBLIC EDUCATION
658,A500010,01605,00000,DSC REVENUE
658,A500010,01605,00100,B
658,A500010,01605,00300,ADMINISTRATIVE & GENERAL
658,A500010,01606,00000,PAIRED KIDNEY EXCHANGE SALARY AND EX
658,A500010,01606,00100,A
658,A500010,01606,00300,PROCUREMENT COORDINATORS
658,A500010,01607,00000,PAIRED KIDNEY EXCHANGE KIDNEY
658,A500010,01607,00100,A
658,A500010,01607,00300,KIDNEY ACQUISITIONS
658,A500010,01608,00000,PAIRED KIDNEY EXCHANGE HEART
658,A500010,01608,00100,A
658,A500010,01608,00300,HEART ACQUISITIONS
658,A500010,01609,00000,PAIRED KIDNEY EXCHANGE LIVER
658,A500010,01609,00100,A
658,A500010,01609,00300,LIVER ACQUISITIONS
658,A500010,01610,00000,PAIRED KIDNEY EXCHANGE PANCREAS
658,A500010,01610,00100,A
658,A500010,01610,00300,PANCREAS ACQUISITIONS
658,A500010,01611,00000,PAIRED KIDNEY EXCHANGE LUNG
658,A500010,01611,00100,A
658,A500010,01611,00300,LUNG ACQUISITIONS
658,A500010,01612,00000,PAIRED KIDNEY EXCHANGE OTHER H/L SB
658,A500010,01612,00100,A
658,A500010,01612,00300,OTHER ACQUISITIONS
658,A500010,01613,00000,OFFSET INTERESTE INCOME ON ALLOW INT
658,A500010,01613,00100,B
658,A500010,01613,00300,CAPITAL COSTS-BLDG & FIXT
658,A500010,01614,00000,NON-ALLOWABLE G&A
658,A500010,01614,00100,A
658,A500010,01614,00300,ADMINISTRATIVE & GENERAL
658,A500010,01615,00000,FUNDRAISING SALARY
658,A500010,01615,00100,A
658,A500010,01615,00300,ADMINISTRATIVE & GENERAL
658,A500010,01621,00000,KIDNEY PUMP SUPPLY
658,A500010,01621,00100,A
658,A500010,01621,00300,KIDNEY ACQUISITIONS
658,A500010,01622,00000,KIDNEY PUMP STAFFING
658,A500010,01622,00100,A
658,A500010,01622,00300,PROCUREMENT COORDINATORS
658,A51000A,00100,00100,N
658,A60000C,00500,00100,N
658,B10000*,00100,00200,CAP BLDG
658,B10000*,00100,00300,CAP COSTS
658,B10000*,00100,00400,EMPLOYEE
658,B10000*,00100,00500,MEDICAL
658,B10000*,00100,00800,ORGAN
658,B10000*,00100,01000,ADMIN &
658,B10000*,00200,00200,OP PLANT &
658,B10000*,00200,00300,MOVABLE
658,B10000*,00200,00400,BENEFITS
658,B10000*,00200,00500,SUPPLIES
658,B10000*,00200,00800,ACQUISITN
658,B10000*,00200,01000,GENERAL
658,B10000*,00300,00200,HOUSEKEEP
658,B10000*,00300,00300,EQUIPMENT
658,B10000*,00300,00800,COSTS
658,B10000*,00400,00200,SQUARE
658,B10000*,00400,00300,DOLLAR
658,B10000*,00400,00400,ADJUST
658,B10000*,00400,00500,COSTED
658,B10000*,00400,00800,NUMBER
658,B10000*,00400,01000,ACCUM
658,B10000*,00500,00200,FEET
658,B10000*,00500,00300,VALUE
658,B10000*,00500,00400,SALARIES
658,B10000*,00500,00500,REQUISIT
658,B10000*,00500,00800,ORGANS
658,B10000*,00500,01000,COSTS
658,B10000*,00600,00200,1
658,B10000*,00600,00300,2
658,B10000*,00600,00400,3
658,B10000*,00600,00500,3
658,B10000*,00600,00800,3
658,B10000*,00600,01000,3
658,B100000,00000,01000,X
658,E000000,00900,00000,OTHER ASSETS
658,E000000,02600,00000,OTHER ASSETS
658,E000000,03900,00000,INBR AND ACCRUED EXPENSES
658,E000000,04600,00000,FINANCE LEASE OBLIGATIONS
658,E000000,04700,00000,OPERATING LEASE OBLIGATIONS
658,E000000,04800,00000,OTHER LONG-TERM LIABILITIES
658,E100001,00700,00000,NET SERVICE REVENUES
658,E100002,00300,00000,ROUNDING
658,E100002,00800,00000,ADDL IMPORT KIDNEY COSTS
658,E200000,01500,00000,GRANTS
658,E200000,02000,00000,OTHER INCOME
658,E200000,02100,00000,NET ASSETS RELEASED FROM RESTRICTION
658,E200000,02600,00000,INVESTMENT LOSS
658,S000000,00100,00100,X
658,S000000,00400,00100,2
658,S000000,00500,00100,04/11/2023
658,S000000,00600,00100,10001
658,S000000,00700,00100,N
658,S000000,00800,00100,N
658,S000000,00900,00100,07/09/2024
658,S000000,01000,00100,4
658,S000001,00100,00100,UPPER MIDWEST ORGAN PROCUREMENT ORG
658,S000001,00100,00200,24P001
658,S000001,00101,00100,2225 WEST RIVER ROAD NORTH
658,S000001,00102,00100,MINNEAPOLIS
658,S000001,00102,00200,MN
658,S000001,00102,00300,55411
658,S000001,00300,00100,01/01/2022
658,S000001,00300,00200,12/31/2022
658,S000001,00400,00100,4
658,S000001,00400,00300,1
658,S000001,00400,00400,08/01/1989
658,S000001,00401,00300,1
658,S000002,00100,00200,Y
658,S000002,00300,00100,CHIEF ADMINISTRATIVE OFFICER
658,S000002,00400,00100,04/06/2023
658,S100001,00700,00100,N
658,S100001,00810,00000,SMALL BOWEL
658,S100001,00811,00000,VCA
658,S100001,00812,00000,TENDON
658,S100001,00813,00000,VEIN
658,S100001,00814,00000,BONE MARROW
658,S100001,00815,00000,PERIDCARDIUM
658,S100001,00816,00000,WHOLE GLOBE
658,S100001,00817,00000,OTHER
658,S100001,00818,00000,OTHER TISSUE FOR RESEARCH
658,S100003,00100,00100,MEDICAL DIRECTOR
658,S100003,00100,00300,MEDICAL DIRECTOR
658,S100003,00100,00500,LAB DIRECTOR
658,S100003,00101,00100,EXEC. DIRECTOR
658,S100003,00101,00300,PROCUREMENT COORDINATOR
658,S100003,00101,00500,TECHNICIANS
658,S100003,00102,00100,CLERICAL
658,S100003,00102,00300,PRESERVATION TECHNICIANS
658,S100003,00102,00500,TISSUE TYPING TECH.
658,S100003,00103,00100,OTHER
658,S100003,00103,00300,OTHER
658,S100003,00103,00500,OTHER
658,S200000,00100,00100,N
658,S200000,00200,00100,N
658,S200000,00300,00100,N
658,S200000,00400,00100,Y
658,S200000,00400,00200,A
658,S200000,00500,00100,N
658,S200000,00600,00300,SR. MANAGER OF FINANCIAL OPERATIONS
658,S200000,00700,00100,UPPER MIDWEST ORGAN PROCUREMENT ORG
659,A000000,00100,00000,0100CAPITAL COSTS-BLDG & FIXT
659,A000000,00200,00000,0200CAPITAL COSTS-MVBLE EQUIPMENT
659,A000000,00300,00000,0300EMPLOYEE BENEFITS
659,A000000,00400,00000,0400ADMINISTRATIVE & GENERAL
659,A000000,00500,00000,0500OPERATION AND MAINTENANCE OF PLANT
659,A000000,00600,00000,0600HOUSEKEEPING
659,A000000,00700,00000,0700MEDICAL SUPPLIES
659,A000000,00800,00000,0800OTHER OVERHEAD
659,A000000,00900,00000,0900PROCUREMENT COORDINATORS
659,A000000,01000,00000,1000PROFESSIONAL EDUCATION
659,A000000,01100,00000,1100PUBLIC EDUCATION
659,A000000,01200,00000,1200DONOR REFERRAL CALLS
659,A000000,01201,00000,1201OTHER ACQUISITION
659,A000000,01300,00000,1300KIDNEY ACQUISITIONS
659,A000000,01400,00000,1400TISSUE TYPING LABORATORY
659,A000000,01500,00000,1500LIVER ACQUISITIONS
659,A000000,01600,00000,1600HEART ACQUISITIONS
659,A000000,01700,00000,1700PANCREAS ACQUISITIONS
659,A000000,01800,00000,1800LUNG ACQUISITIONS
659,A000000,01900,00000,1900SMALL BOWELS
659,A000000,01901,00000,1901OTHER ACQUISITIONS
659,A000000,02100,00000,2100RESEARCH
659,A000000,02200,00000,2200BLOOD BANK
659,A000000,02300,00000,2300LABORATORY-NON-TISSUE TYPING
659,A000000,02400,00000,2400DIALYSIS UNITS
659,A000000,02500,00000,2500OTHER NON-REIMBURSABLE
659,A100000,01700,00000,CONTRACT LABOR
659,A100000,01800,00000,DUES & SUBCRIPTIONS
659,A100000,01900,00000,POSTAGE & FREIGHT
659,A100000,01901,00000,MISC EXPENSE
659,A20H000,00900,00000,RADIOLOGY
659,A20H000,02100,00000,MISC ORGAN COSTS
659,A20K000,00900,00000,RADIOLOGY
659,A20K000,02100,00000,MISC ORGAN COSTS
659,A20L000,00900,00000,RADIOLOGY
659,A20L000,02100,00000,MISC ORGAN COSTS
659,A20O000,00900,00000,RADIOLOGY
659,A20O000,02100,00000,MISC ORGAN COST
659,A20P000,00900,00000,RADIOLOGY
659,A20P000,02100,00000,MISC ORGAN COSTS
659,A20U000,00900,00000,RADIOLOGY
659,A20U000,02100,00000,MISC ORGAN COSTS
659,A400010,00100,00000,OFFICE SPACE LEASES
659,A400010,00100,00100,A
659,A400010,00100,00200,CAPITAL COSTS-BLDG & FIXT
659,A400010,00100,00500,ADMINISTRATIVE & GENERAL
659,A400010,00200,00000,EQUIMENT LEASES
659,A400010,00200,00100,B
659,A400010,00200,00200,CAPITAL COSTS-MVBLE EQUIPMENT
659,A400010,00200,00500,ADMINISTRATIVE & GENERAL
659,A400010,00300,00000,INSURANCE RECLASS
659,A400010,00300,00100,C
659,A400010,00300,00200,CAPITAL COSTS-MVBLE EQUIPMENT
659,A400010,00300,00500,ADMINISTRATIVE & GENERAL
659,A400010,00400,00000,DONOR REFERRAL CALLS
659,A400010,00400,00100,D
659,A400010,00400,00200,DONOR REFERRAL CALLS
659,A400010,00400,00500,ADMINISTRATIVE & GENERAL
659,A400010,00500,00000,BUILDING DEPR
659,A400010,00500,00100,E
659,A400010,00500,00200,CAPITAL COSTS-BLDG & FIXT
659,A400010,00500,00500,CAPITAL COSTS-MVBLE EQUIPMENT
659,A500010,00800,00100,B
659,A500010,00800,00300,PROCUREMENT COORDINATORS
659,A500010,01500,00000,INTEREST INCOME
659,A500010,01500,00100,B
659,A500010,01500,00300,CAPITAL COSTS-BLDG & FIXT
659,A500010,01600,00000,LOBBYING EXPENSE
659,A500010,01600,00100,A
659,A500010,01600,00300,ADMINISTRATIVE & GENERAL
659,A51000A,00100,00100,N
659,A60000A,00700,00000,CIP
659,A60000C,00500,00100,N
659,B10000*,00100,00200,CAP BLDG
659,B10000*,00100,00300,CAP COSTS
659,B10000*,00100,00400,EMPLOYEE
659,B10000*,00100,00500,MEDICAL
659,B10000*,00100,00800,ORGAN
659,B10000*,00100,01000,ADMIN &
659,B10000*,00200,00200,OP PLANT &
659,B10000*,00200,00300,MOVABLE
659,B10000*,00200,00400,BENEFITS
659,B10000*,00200,00500,SUPPLIES
659,B10000*,00200,00800,ACQUISITN
659,B10000*,00200,01000,GENERAL
659,B10000*,00300,00200,HOUSEKEEP
659,B10000*,00300,00300,EQUIPMENT
659,B10000*,00300,00800,COSTS
659,B10000*,00400,00200,SQUARE
659,B10000*,00400,00300,DOLLAR
659,B10000*,00400,00400,ADJUST
659,B10000*,00400,00500,COSTED
659,B10000*,00400,00800,NUMBER
659,B10000*,00400,01000,ACCUM
659,B10000*,00500,00200,FEET
659,B10000*,00500,00300,VALUE
659,B10000*,00500,00400,SALARIES
659,B10000*,00500,00500,REQUISIT
659,B10000*,00500,00800,ORGANS
659,B10000*,00500,01000,COSTS
659,B10000*,00600,00200,1
659,B10000*,00600,00300,2
659,B10000*,00600,00400,3
659,B10000*,00600,00500,3
659,B10000*,00600,00800,3
659,B10000*,00600,01000,3
659,B100000,00000,01000,X
659,E000000,00900,00000,OTHER CURRENT ASSETS
659,E000000,02600,00000,CIP
659,E000000,03100,00000,RIGHT OF USE ASSETS
659,E000000,03900,00000,DUE TO MEDICARE
659,E000000,04100,00000,ACCRUED EXPENSES
659,E000000,04600,00000,OPERATING LEASE PAYABLE - LONG TERM
659,E000000,04700,00000,PPP LOAN PAYABLE - LONG TERM
659,E100001,00700,00000,MEDICARE ADJUSTMENT
659,E100001,00800,00000,SURGEON FEE REVENUE
659,E100002,00300,00000,MEDICARE CONTRACTUAL
659,E100002,00400,00000,ROUNDING
659,E100002,00800,00000,ROUNDING
659,E200000,01500,00000,PPP LOAN FORGIVENESS
659,E200000,02600,00000,INVESTMENT LOSS
659,S000000,00100,00100,X
659,S000000,00400,00100,2
659,S000000,00500,00100,03/22/2023
659,S000000,00600,00100,10001
659,S000000,00700,00100,N
659,S000000,00800,00100,N
659,S000000,00900,00100,07/09/2024
659,S000000,01000,00100,4
659,S000001,00100,00100,TEXAS ORGAN SHARING ALLIANCE
659,S000001,00100,00200,45P004
659,S000001,00101,00100,5051 HAMILTON WOLFE DRIVE
659,S000001,00102,00100,SAN ANTONIO
659,S000001,00102,00200,TX
659,S000001,00102,00300,78229
659,S000001,00300,00100,01/01/2022
659,S000001,00300,00200,12/31/2022
659,S000001,00400,00100,6
659,S000001,00400,00300,1
659,S000001,00400,00400,04/10/1979
659,S000001,00401,00300,1
659,S000002,00100,00200,Y
659,S000002,00300,00100,SR VP & COO
659,S000002,00400,00100,03/21/2023
659,S100001,00700,00100,N
659,S100001,00810,00000,SMALL BOWELS
659,S100003,00100,00100,MEDICAL DIRECTOR
659,S100003,00100,00300,MEDICAL DIRECTOR
659,S100003,00100,00500,LAB DIRECTOR
659,S100003,00101,00100,EXEC. DIRECTOR
659,S100003,00101,00300,PROCUREMENT COORDINATOR
659,S100003,00101,00500,TECHNICIANS
659,S100003,00102,00100,CLERICAL
659,S100003,00102,00300,PRESERVATION TECHNICIANS
659,S100003,00102,00500,TISSUE TYPING TECH.
659,S100003,00103,00100,OTHER
659,S100003,00103,00300,OTHER
659,S100003,00103,00500,OTHER
659,S200000,00100,00100,N
659,S200000,00200,00100,N
659,S200000,00300,00100,N
659,S200000,00400,00100,Y
659,S200000,00400,00200,A
659,S200000,00500,00100,N
659,S200000,00600,00300,SENIOR VP & COO
659,S200000,00700,00100,TOSA
660,A000000,00100,00000,0100CAPITAL COSTS-BLDG & FIXT
660,A000000,00200,00000,0200CAPITAL COSTS-MVBLE EQUIPMENT
660,A000000,00300,00000,0300EMPLOYEE BENEFITS
660,A000000,00400,00000,0400ADMINISTRATIVE & GENERAL
660,A000000,00500,00000,0500OPERATION AND MAINTENANCE OF PLANT
660,A000000,00600,00000,0600HOUSEKEEPING
660,A000000,00700,00000,0700MEDICAL SUPPLIES
660,A000000,00800,00000,0800OTHER OVERHEAD
660,A000000,00900,00000,0900PROCUREMENT COORDINATORS
660,A000000,01000,00000,1000PROFESSIONAL EDUCATION
660,A000000,01100,00000,1100PUBLIC EDUCATION
660,A000000,01300,00000,1300KIDNEY ACQUISITIONS
660,A000000,01400,00000,1400TISSUE TYPING LABORATORY
660,A000000,01500,00000,1500LIVER ACQUISITIONS
660,A000000,01600,00000,1600HEART ACQUISITIONS
660,A000000,01700,00000,1700PANCREAS ACQUISITIONS
660,A000000,01800,00000,1800LUNG ACQUISITIONS
660,A000000,01900,00000,1900OTHER ACQUISITIONS
660,A000000,02100,00000,2100RESEARCH
660,A000000,02200,00000,2200BLOOD BANK
660,A000000,02300,00000,2300LABORATORY-NON-TISSUE TYPING
660,A000000,02400,00000,2400DIALYSIS UNITS
660,A100000,01700,00000,OTHER A&G
660,A100000,01800,00000,SERVICES
660,A300000,00600,00000,REAGENTS AND SUPPLIES
660,A300000,00800,00000,OTHER EXPENSE.
660,A500010,01300,00100,A
660,A500010,01300,00300,CAPITAL COSTS-BLDG & FIXT
660,A500010,01400,00100,A
660,A500010,01400,00300,CAPITAL COSTS-MVBLE EQUIPMENT
660,A500010,01600,00000,A&G ADJUSTMENT
660,A500010,01600,00100,A
660,A500010,01600,00300,ADMINISTRATIVE & GENERAL
660,A500010,01601,00000,FINAL SETTLEMENTS
660,A500010,01601,00100,A
660,A500010,01601,00300,ADMINISTRATIVE & GENERAL
660,A51000A,00100,00100,N
660,B10000*,00100,00200,CAP BLDG
660,B10000*,00100,00300,CAP COSTS
660,B10000*,00100,00400,EMPLOYEE
660,B10000*,00100,00500,MEDICAL
660,B10000*,00100,00800,ORGAN
660,B10000*,00100,01000,ADMIN &
660,B10000*,00200,00200,OP PLANT &
660,B10000*,00200,00300,MOVABLE
660,B10000*,00200,00400,BENEFITS
660,B10000*,00200,00500,SUPPLIES
660,B10000*,00200,00800,ACQUISITN
660,B10000*,00200,01000,GENERAL
660,B10000*,00300,00200,HOUSEKEEP
660,B10000*,00300,00300,EQUIPMENT
660,B10000*,00300,00800,COSTS
660,B10000*,00400,00200,SQUARE
660,B10000*,00400,00300,DOLLAR
660,B10000*,00400,00400,ADJUST
660,B10000*,00400,00500,COSTED
660,B10000*,00400,00800,NUMBER
660,B10000*,00400,01000,ACCUM
660,B10000*,00500,00200,FEET
660,B10000*,00500,00300,VALUE
660,B10000*,00500,00400,SALARIES
660,B10000*,00500,00500,REQUISIT
660,B10000*,00500,00800,ORGANS
660,B10000*,00500,01000,COSTS
660,B10000*,00600,00200,1
660,B10000*,00600,00300,2
660,B10000*,00600,00400,3
660,B10000*,00600,00500,3
660,B10000*,00600,00800,3
660,B10000*,00600,01000,3
660,B100000,00000,01000,X
660,E100002,00300,00000,NET WORKSHEET A-5 ADJUSTMENTS
660,E200000,02000,00000,DUE FROM MEDICARE
660,E200000,02100,00000,DUE TO MEDICARE
660,S000000,00100,00100,X
660,S000000,00400,00100,2
660,S000000,00500,00100,11/17/2023
660,S000000,00600,00100,10001
660,S000000,00700,00100,N
660,S000000,00800,00100,N
660,S000000,00900,00100,07/10/2024
660,S000000,01000,00100,4
660,S000001,00100,00100,UCSF IMMUNOGENETICS & TRANSPLANT LA
660,S000001,00100,00200,05HL06
660,S000001,00101,00100,1100 VAN NESS AVENUE  SUITE 800
660,S000001,00102,00100,SAN FRANCISCO
660,S000001,00102,00200,CA
660,S000001,00102,00300,94109
660,S000001,00300,00100,07/01/2022
660,S000001,00300,00200,06/30/2023
660,S000001,00400,00100,10
660,S000001,00400,00300,2
660,S000001,00400,00400,07/01/1999
660,S000001,00401,00300,1
660,S000002,00100,00200,Y
660,S000002,00300,00100,ASSOCIATE CHAIR  FINANCE & ADMIN
660,S000002,00400,00100,11/15/2023
660,S100001,00700,00100,N
660,S100001,00810,00000,OTHER
660,S100002,00401,00100,HLA CLASS I (A B C) TYPING (INTERM)
660,S100002,00402,00100,HLA CLASS II (DR DQ DP) TYPING (INT)
660,S100002,00403,00100,HLA-DQB1 TYPING (NGS-HIGH RES)
660,S100002,00404,00100,HLA ABC  COMPREHENSIVE (NGS-HIGH RES
660,S100002,00405,00100,HLA ANTIBODY PRA CLASS 1
660,S100002,00406,00100,HLA ANTIBODY PRA CLASS II
660,S100002,00407,00100,HLA ANTIBODY ID-SINGLE ANT CLASS I
660,S100002,00408,00100,HLA ANTIBODY ID-SINGLE ANT CLASS II
660,S100002,00409,00100,B-CELL & T-CELL X-MATCH BY FLOW CYT
660,S100002,00410,00100,B-CELL & T-CELL FLOW X-MATCH W PRONA
660,S100002,00411,00100,DECEASED DONOR TESTING - LOCAL
660,S100002,00412,00100,DECEASED DONOR CELL PREP & STORAGE
660,S100002,00413,00100,SERUM MANAGEMENT (INCLUSIVE)
660,S100002,00414,00100,HLA TYPING STAT FEE (PER REQUISITIO)
660,S100002,00415,00100,ANTIBODY TESTING STAT FEE PER SET-UP
660,S100002,00416,00100,CROSSMATCH STAT FEE PER SET-UP
660,S100002,00417,00100,SERUM STORAGE
660,S100003,00100,00100,MEDICAL DIRECTOR
660,S100003,00100,00300,MEDICAL DIRECTOR
660,S100003,00100,00500,LAB DIRECTOR
660,S100003,00101,00100,EXEC. DIRECTOR
660,S100003,00101,00300,PROCUREMENT COORDINATOR
660,S100003,00101,00500,TECHNICIANS
660,S100003,00102,00100,CLERICAL
660,S100003,00102,00300,PRESERVATION TECHNICIANS
660,S100003,00102,00500,TISSUE TYPING TECH.
660,S100003,00103,00100,OTHER
660,S100003,00103,00300,OTHER
660,S100003,00103,00500,OTHER
660,S200000,00100,00100,N
660,S200000,00200,00100,N
660,S200000,00300,00100,N
660,S200000,00400,00100,N
660,S200000,00500,00100,N
660,S200000,00600,00300,LAB MANAGER
660,S200000,00700,00100,UCSF IMMUNO & TX LAB
664,A000000,00100,00000,0100CAPITAL COSTS-BLDG & FIXT
664,A000000,00200,00000,0200CAPITAL COSTS-MVBLE EQUIPMENT
664,A000000,00300,00000,0300EMPLOYEE BENEFITS
664,A000000,00400,00000,0400ADMINISTRATIVE & GENERAL
664,A000000,00500,00000,0500OPERATION AND MAINTENANCE OF PLANT
664,A000000,00600,00000,0600HOUSEKEEPING
664,A000000,00700,00000,0700MEDICAL SUPPLIES
664,A000000,00800,00000,0800OTHER OVERHEAD
664,A000000,00900,00000,0900PROCUREMENT COORDINATORS
664,A000000,01000,00000,1000PROFESSIONAL EDUCATION
664,A000000,01100,00000,1100PUBLIC EDUCATION
664,A000000,01200,00000,1200OTHER ACQUISITION
664,A000000,01300,00000,1300KIDNEY ACQUISITIONS
664,A000000,01400,00000,1400TISSUE TYPING LABORATORY
664,A000000,01500,00000,1500LIVER ACQUISITIONS
664,A000000,01600,00000,1600HEART ACQUISITIONS
664,A000000,01700,00000,1700PANCREAS ACQUISITIONS
664,A000000,01800,00000,1800LUNG ACQUISITIONS
664,A000000,01900,00000,1900OTHER ACQUISITION  (WKST A2 6 L 23
664,A000000,01901,00000,1901OTHER ACQUISITIONS 2
664,A000000,01902,00000,1902OTHER ACQUISITIONS 3
664,A000000,01903,00000,1903OTHER ACQUISITIONS 4
664,A000000,02100,00000,2100RESEARCH
664,A000000,02200,00000,2200BLOOD BANK
664,A000000,02300,00000,2300LABORATORY-NON-TISSUE TYPING
664,A000000,02400,00000,2400DIALYSIS UNITS
664,A000000,02500,00000,2500OTHER NON-REIMBURSABLE
664,A100000,01700,00000,DUES & SUBSCRIPTIONS
664,A100000,01800,00000,OPERATION & MAINTENANCE
664,A100000,01900,00000,NON-CAPITAL EQUIPMENT
664,A20O000,02100,00000,OTHER ACQUISITIONS 1
664,A20O001,02100,00000,OTHER ACQUISITIONS 2
664,A20O002,02100,00000,OTHER ACQUISITIONS 3
664,A20O003,02100,00000,OTHER ACQUISITIONS 4
664,A300000,00600,00000,TISSUE TYPING SUPPLIES
664,A300000,00700,00000,CONTRACT LABOR/MEDICAL SERVICES
664,A300000,00800,00000,STUDY SUBJECTS/BAD DEBTS
664,A400010,00100,00000,EQUIPMENT RENTAL
664,A400010,00100,00100,A
664,A400010,00100,00200,CAPITAL COSTS-MVBLE EQUIPMENT
664,A400010,00100,00500,ADMINISTRATIVE & GENERAL
664,A500010,01400,00100,A
664,A500010,01400,00300,CAPITAL COSTS-MVBLE EQUIPMENT
664,A500010,01500,00000,LEASE PURCHASE
664,A500010,01500,00100,A
664,A500010,01500,00300,CAPITAL COSTS-MVBLE EQUIPMENT
664,A500010,01501,00000,MEDICARE COST REPORT SETTLEMENT
664,A500010,01501,00100,A
664,A500010,01501,00300,TISSUE TYPING LABORATORY
664,A500010,01502,00000,CAPITALIZED EQUIPMENT
664,A500010,01502,00100,A
664,A500010,01502,00300,CAPITAL COSTS-MVBLE EQUIPMENT
664,A500010,01600,00000,PART B COST RECOVERY
664,A500010,01600,00100,B
664,A500010,01600,00300,TISSUE TYPING LABORATORY
664,A51000A,00100,00100,N
664,A60000A,00700,00000,7    PRIOR PERIOD ADJ.
664,A60000C,00500,00100,N
664,B10000*,00100,00200,CAP BLDG
664,B10000*,00100,00300,CAP COSTS
664,B10000*,00100,00400,EMPLOYEE
664,B10000*,00100,00500,MEDICAL
664,B10000*,00100,00800,ORGAN
664,B10000*,00100,01000,ADMIN &
664,B10000*,00200,00200,OP PLANT &
664,B10000*,00200,00300,MOVABLE
664,B10000*,00200,00400,BENEFITS
664,B10000*,00200,00500,SUPPLIES
664,B10000*,00200,00800,ACQUISITN
664,B10000*,00200,01000,GENERAL
664,B10000*,00300,00200,HOUSEKEEP
664,B10000*,00300,00300,EQUIPMENT
664,B10000*,00300,00800,COSTS
664,B10000*,00400,00200,SQUARE SQ.
664,B10000*,00400,00300,DOLLAR
664,B10000*,00400,00400,ADJUST
664,B10000*,00400,00500,COSTED REQ
664,B10000*,00400,00800,NO. OF ORG
664,B10000*,00400,01000,ACCUM
664,B10000*,00500,00200,FT.
664,B10000*,00500,00300,VALUE
664,B10000*,00500,00400,SALARIES
664,B10000*,00500,00500,UIS
664,B10000*,00500,00800,ANS
664,B10000*,00500,01000,COSTS
664,B10000*,00600,00200,1
664,B10000*,00600,00300,2
664,B10000*,00600,00400,3
664,B10000*,00600,00500,3
664,B10000*,00600,00800,3
664,B10000*,00600,01000,3
664,B100000,00000,01000,X
664,E100002,00300,00000,VOLUNTARY TRANSFERS
664,E100002,00400,00000,TRANSFER OUT - PRINCIPAL
664,E100002,00500,00000,TRANSFER OUT - INTEREST
664,E100002,00900,00000,OTHER
664,S000000,00100,00100,X
664,S000000,00400,00100,2
664,S000000,00500,00100,11/17/2023
664,S000000,00600,00100,10001
664,S000000,00700,00100,N
664,S000000,00800,00100,N
664,S000000,00900,00100,07/19/2024
664,S000000,01000,00100,4
664,S000001,00100,00100,CLINIMMUNE LABS
664,S000001,00100,00200,06HL04
664,S000001,00101,00100,12705 E. MONTVIEW BLVD.  SUITE 250
664,S000001,00102,00100,AURORA
664,S000001,00102,00200,CO
664,S000001,00102,00300,80045
664,S000001,00300,00100,07/01/2022
664,S000001,00300,00200,06/30/2023
664,S000001,00400,00100,8
664,S000001,00400,00300,2
664,S000001,00400,00400,11/16/1987
664,S000001,00401,00300,1
664,S000002,00300,00100,EXECUTIVE DIRECTOR
664,S100001,00700,00100,N
664,S100001,00810,00000,OTHER
664,S100002,00400,00100,ABO BLOOD TYPING
664,S100002,00401,00100,VIRTUAL XM
664,S100002,00402,00100,DONOR CELL PREP
664,S100002,00403,00100,FINAL CROSSMATCH
664,S100002,00404,00100,PRA HIGH DEF CLASS I
664,S100002,00405,00100,PRA HIGH DEF CLASS II
664,S100002,00406,00100,PRA CRITICAL STAT 6HR
664,S100002,00407,00100,PRA STAT HIGH DEF 24HR
664,S100002,00408,00100,PRA HIGH DEF CQ CLASS I/II
664,S100002,00409,00100,PRELIMINARY CROSSMATCH
664,S100002,00410,00100,CROSSMATCH 6 HR STAT
664,S100002,00411,00100,DNA EXTRACT AND HOLD
664,S100002,00412,00100,DRBI HR
664,S100002,00413,00100,DQB1 HR
664,S100002,00414,00100,DQBI LR
664,S100002,00415,00100,DRB1 LR
664,S100002,00416,00100,PRA  HIGH DEFINITION
664,S100002,00417,00100,NO SCREEN  SERUM STORAGE
664,S100002,00418,00100,A HR
664,S100002,00419,00100,B LR
664,S100002,00420,00100,B HR
664,S100002,00421,00100,C LR
664,S100002,00422,00100,DPB1
664,S100002,00423,00100,DRB3/4/5 LR
664,S100002,00424,00100,DRB3/4/5 HR
664,S100002,00425,00100,DQA1 LR
664,S100002,00426,00100,A B C DRB1/3/4/5  DQ LR
664,S100002,00427,00100,A B DR LR
664,S100002,00428,00100,PRA AB SCREEN
664,S100002,00429,00100,SHIPPING HANDLING REFERRAL TESTING
664,S100002,00430,00100,C HR
664,S100002,00431,00100,ABO-A SUBTYPING
664,S100002,00432,00100,A B C DR DQ HR
664,S100002,00433,00100,ANTI-A TITER
664,S100002,00434,00100,DONOR SERUM STORE
664,S100003,00100,00100,MEDICAL DIRECTOR
664,S100003,00100,00300,MEDICAL DIRECTOR
664,S100003,00100,00500,LAB DIRECTOR
664,S100003,00101,00100,EXEC. DIRECTOR
664,S100003,00101,00300,PROCUREMENT COORDINATOR
664,S100003,00101,00500,TECHNICIANS
664,S100003,00102,00100,CLERICAL
664,S100003,00102,00300,PRESERVATION TECHNICIANS
664,S100003,00102,00500,TISSUE TYPING TECH.
664,S100003,00103,00100,OTHER
664,S100003,00103,00300,OTHER
664,S100003,00103,00500,OTHER
664,S200000,00100,00100,N
664,S200000,00200,00100,N
664,S200000,00300,00100,N
664,S200000,00400,00100,N
664,S200000,00500,00100,N
664,S200000,00600,00300,CHIEF OPERATING OFFICER
664,S200000,00700,00100,UNIV OF CO
666,A000000,00100,00000,0100CAPITAL COSTS-BLDG & FIXT
666,A000000,00200,00000,0200CAPITAL COSTS-MVBLE EQUIPMENT
666,A000000,00300,00000,0300EMPLOYEE BENEFITS
666,A000000,00400,00000,0400ADMINISTRATIVE & GENERAL
666,A000000,00500,00000,0500OPERATION AND MAINTENANCE OF PLANT
666,A000000,00600,00000,0600HOUSEKEEPING
666,A000000,00700,00000,0700MEDICAL SUPPLIES
666,A000000,00800,00000,0800OTHER OVERHEAD
666,A000000,00900,00000,0900PROCUREMENT COORDINATORS
666,A000000,01000,00000,1000PROFESSIONAL EDUCATION
666,A000000,01100,00000,1100PUBLIC EDUCATION
666,A000000,01200,00000,1200OTHER ACQUISITION
666,A000000,01300,00000,1300KIDNEY ACQUISITIONS
666,A000000,01400,00000,1400TISSUE TYPING LABORATORY
666,A000000,01500,00000,1500LIVER ACQUISITIONS
666,A000000,01600,00000,1600HEART ACQUISITIONS
666,A000000,01700,00000,1700PANCREAS ACQUISITIONS
666,A000000,01800,00000,1800LUNG ACQUISITIONS
666,A000000,01900,00000,1900OTHER ACQUISITIONS
666,A000000,02100,00000,2100RESEARCH
666,A000000,02200,00000,2200BLOOD BANK
666,A000000,02300,00000,2300LABORATORY-NON-TISSUE TYPING
666,A000000,02400,00000,2400DIALYSIS UNITS
666,A000000,02500,00000,2500OTHER NON-REIMBURSABLE
666,A300000,00600,00000,FREIGHT
666,A300000,00700,00000,PURCHASED SERVICE
666,A500010,01600,00000,OTHER OPERATING REVENUE
666,A500010,01600,00100,B
666,A500010,01600,00300,ADMINISTRATIVE & GENERAL
666,A51000A,00100,00100,Y
666,A51000B,00100,00200,ADMINISTRATIVE & GENERAL
666,A51000B,00100,00300,ADMINISTRATIVE
666,A51000C,00100,00100,B
666,A51000C,00100,00400,SANFORD
666,A51000C,00100,00600,HOME OFFICE
666,A60000C,00500,00100,N
666,B10000*,00100,00200,CAP BLDG
666,B10000*,00100,00300,CAP COSTS
666,B10000*,00100,00400,EMPLOYEE
666,B10000*,00100,00500,MEDICAL
666,B10000*,00100,00800,ORGAN
666,B10000*,00100,01000,ADMIN &
666,B10000*,00200,00200,OP PLANT &
666,B10000*,00200,00300,MOVABLE
666,B10000*,00200,00400,BENEFITS
666,B10000*,00200,00500,SUPPLIES
666,B10000*,00200,00800,ACQUISITN
666,B10000*,00200,01000,GENERAL
666,B10000*,00300,00200,HOUSEKEEP
666,B10000*,00300,00300,EQUIPMENT
666,B10000*,00300,00800,COSTS
666,B10000*,00400,00200,SQUARE
666,B10000*,00400,00300,DOLLAR
666,B10000*,00400,00400,ADJUST
666,B10000*,00400,00500,COSTED
666,B10000*,00400,00800,NUMBER
666,B10000*,00400,01000,ACCUM
666,B10000*,00500,00200,FEET
666,B10000*,00500,00300,VALUE
666,B10000*,00500,00400,SALARIES
666,B10000*,00500,00500,REQUISIT
666,B10000*,00500,00800,ORGANS
666,B10000*,00500,01000,COSTS
666,B10000*,00600,00200,1
666,B10000*,00600,00300,2
666,B10000*,00600,00400,3
666,B10000*,00600,00500,3
666,B10000*,00600,00800,3
666,B10000*,00600,01000,3
666,B100000,00000,01000,X
666,E000000,00900,00000,OTHER CURRENT ASSETS
666,E000000,02600,00000,OTHER FIXED ASSETS
666,E200000,02000,00000,OTHER OPERATING REVENUE
666,E200000,02100,00000,GAIN/LOSS ON SALE OF FIXED ASSETS
666,S000000,00100,00100,X
666,S000000,00400,00100,2
666,S000000,00500,00100,04/24/2023
666,S000000,00600,00100,10001
666,S000000,00700,00100,N
666,S000000,00800,00100,N
666,S000000,00900,00100,08/14/2024
666,S000000,01000,00100,4
666,S000001,00100,00100,SANFORD HISTOCOMPATABILITY LAB
666,S000001,00100,00200,35HL02
666,S000001,00101,00100,737 BROADWAY
666,S000001,00102,00100,FARGO
666,S000001,00102,00200,ND
666,S000001,00102,00300,58122
666,S000001,00300,00100,01/01/2022
666,S000001,00300,00200,12/31/2022
666,S000001,00400,00100,6
666,S000001,00400,00300,2
666,S000001,00400,00400,11/27/2000
666,S000001,00401,00300,1
666,S000002,00100,00200,Y
666,S000002,00300,00100,VP OF FINANCE
666,S000002,00400,00100,04/24/2023
666,S100001,00700,00100,N
666,S100001,00810,00000,OTHER
666,S100002,00400,00100,HLA B27 TYPING
666,S100002,00401,00100,HLA-A B C TYPING
666,S100002,00402,00100,HLA CLASS I MOLECULAR TYPING
666,S100002,00403,00100,HLA CLASS II MOLECULAR TYPING
666,S100002,00404,00100,HLA DR  DQ SINGLE LOCUS TYPING
666,S100002,00405,00100,HLA CLASS II DP TYPING
666,S100002,00406,00100,FLOW CROSSMATCH ALLO OR AUTO ONLY
666,S100002,00407,00100,FLOW CROSSMATCH ALL + AUTO
666,S100002,00408,00100,SINGLE ANTIGEN CLASS 1
666,S100002,00409,00100,SINGLE ANTIGEN CLASS II
666,S100003,00100,00100,MEDICAL DIRECTOR
666,S100003,00100,00300,MEDICAL DIRECTOR
666,S100003,00100,00500,LAB DIRECTOR
666,S100003,00101,00100,EXEC. DIRECTOR
666,S100003,00101,00300,PROCUREMENT COORDINATOR
666,S100003,00101,00500,TECHNICIANS
666,S100003,00102,00100,CLERICAL
666,S100003,00102,00300,PRESERVATION TECHNICIANS
666,S100003,00102,00500,TISSUE TYPING TECH.
666,S100003,00103,00100,OTHER
666,S100003,00103,00300,OTHER
666,S100003,00103,00500,OTHER
666,S200000,00100,00100,N
666,S200000,00200,00100,N
666,S200000,00300,00100,Y
666,S200000,00400,00100,Y
666,S200000,00400,00200,A
666,S200000,00500,00100,N
666,S200000,00600,00300,DIRECTOR OF REIMBURSEMENT
666,S200000,00700,00100,SANFORD
667,A000000,00100,00000,0100CAPITAL COSTS-BLDG & FIXT
667,A000000,00200,00000,0200CAPITAL COSTS-MVBLE EQUIPMENT
667,A000000,00300,00000,0300EMPLOYEE BENEFITS
667,A000000,00400,00000,0400ADMINISTRATIVE & GENERAL
667,A000000,00500,00000,0500OPERATION AND MAINTENANCE OF PLANT
667,A000000,00600,00000,0600HOUSEKEEPING
667,A000000,00700,00000,0700MEDICAL SUPPLIES
667,A000000,00800,00000,0800OTHER OVERHEAD
667,A000000,00900,00000,0900PROCUREMENT COORDINATORS
667,A000000,01000,00000,1000PROFESSIONAL EDUCATION
667,A000000,01100,00000,1100PUBLIC EDUCATION
667,A000000,01200,00000,1200OTHER ACQUISITION
667,A000000,01300,00000,1300KIDNEY ACQUISITIONS
667,A000000,01400,00000,1400TISSUE TYPING LABORATORY
667,A000000,01500,00000,1500LIVER ACQUISITIONS
667,A000000,01600,00000,1600HEART ACQUISITIONS
667,A000000,01700,00000,1700PANCREAS ACQUISITIONS
667,A000000,01800,00000,1800LUNG ACQUISITIONS
667,A000000,01900,00000,1900OTHER ACQUISITIONS
667,A000000,02100,00000,2100RESEARCH
667,A000000,02200,00000,2200BLOOD BANK
667,A000000,02300,00000,2300LABORATORY-NON-TISSUE TYPING
667,A000000,02400,00000,2400DIALYSIS UNITS
667,A000000,02500,00000,2500TISSUE
667,A100000,01700,00000,LOGISTICS
667,A100000,01800,00000,OFFICE EQUIPMENT
667,A100000,01900,00000,DUES AND SUBSCRIPTIONS
667,A100000,01901,00000,CONTRACT SERVICES
667,A100000,01902,00000,QUALITY ASSURANCE
667,A100000,01903,00000,MOVING AND STORAGE EXPENSE
667,A100000,01904,00000,PAYROLL COSTS
667,A100000,01905,00000,NON IDN EXPENSES
667,A100000,01906,00000,OTHER EXPENSE
667,A100000,01907,00000,FUNDRAISING
667,A100000,01908,00000,RECRUITING
667,A100000,01909,00000,EMPLOYMENT EXPENSE
667,A100000,01910,00000,NON-REIMBURSABLE EXPENSE
667,A20H000,00900,00000,CASE RATES
667,A20H000,02100,00000,OTHER ACQUISITION COSTS
667,A20K000,00900,00000,CASE RATES
667,A20K000,02100,00000,KIDNEY PUMP EXPENSE
667,A20L000,00900,00000,CASE RATES
667,A20L000,02100,00000,OTHER ACQUISITION COSTS
667,A20O000,00900,00000,CASE RATES
667,A20O000,02100,00000,OTHER DONOR COSTS
667,A20O000,02101,00000,OTHER COSTS
667,A20P000,00900,00000,CASE RATES
667,A20P000,02100,00000,OTHER ACQUISITION COSTS
667,A20U000,00900,00000,CASE RATES
667,A20U000,02100,00000,OTHER ACQUISITION COSTS
667,A400010,00100,00000,BENEFIT RECLASS
667,A400010,00100,00100,A
667,A400010,00100,00200,ADMINISTRATIVE & GENERAL
667,A400010,00100,00500,EMPLOYEE BENEFITS
667,A400010,00200,00000,RENT
667,A400010,00200,00100,B
667,A400010,00200,00200,CAPITAL COSTS-MVBLE EQUIPMENT
667,A400010,00200,00500,ADMINISTRATIVE & GENERAL
667,A400010,00300,00000,TISSUE ALLOCATION
667,A400010,00300,00100,C
667,A400010,00300,00200,TISSUE
667,A400010,00300,00500,PROCUREMENT COORDINATORS
667,A400010,00400,00000,TISSUE ALLOCATION
667,A400010,00400,00100,C
667,A400010,00400,00500,PROFESSIONAL EDUCATION
667,A400010,00500,00000,TISSUE ALLOCATION
667,A400010,00500,00100,C
667,A400010,00500,00500,PUBLIC EDUCATION
667,A400010,00600,00000,A&G OCCUPANCY COST RECLASS
667,A400010,00600,00100,D
667,A400010,00600,00200,ADMINISTRATIVE & GENERAL
667,A400010,00600,00500,CAPITAL COSTS-BLDG & FIXT
667,A400010,00700,00000,A&G OCCUPANCY COST RECLASS
667,A400010,00700,00100,D
667,A400010,00700,00500,CAPITAL COSTS-MVBLE EQUIPMENT
667,A400010,00800,00000,A&G OCCUPANCY COST RECLASS
667,A400010,00800,00100,D
667,A400010,00800,00500,OPERATION AND MAINTENANCE OF PLANT
667,A400010,00900,00000,A&G OCCUPANCY COST RECLASS
667,A400010,00900,00100,D
667,A400010,00900,00500,HOUSEKEEPING
667,A400010,01000,00000,SPS
667,A400010,01000,00100,E
667,A400010,01000,00200,KIDNEY ACQUISITIONS
667,A400010,01000,00500,MEDICAL SUPPLIES
667,A400010,01100,00000,SPS
667,A400010,01100,00100,E
667,A400010,01100,00200,LIVER ACQUISITIONS
667,A400010,01200,00000,SPS
667,A400010,01200,00100,E
667,A400010,01200,00200,PANCREAS ACQUISITIONS
667,A500010,00200,00100,B
667,A500010,00200,00300,ADMINISTRATIVE & GENERAL
667,A500010,00800,00100,B
667,A500010,00800,00300,PROCUREMENT COORDINATORS
667,A500010,01200,00100,B
667,A500010,01200,00300,CAPITAL COSTS-BLDG & FIXT
667,A500010,01500,00000,LOBBYING
667,A500010,01500,00100,A
667,A500010,01500,00300,ADMINISTRATIVE & GENERAL
667,A500010,01501,00000,LOBBYING PORTION OF AOPO DUES
667,A500010,01501,00100,A
667,A500010,01501,00300,PROCUREMENT COORDINATORS
667,A500010,01600,00000,EXPENSES FOR NON-IDN EMPLOYEES
667,A500010,01600,00100,A
667,A500010,01600,00300,PROFESSIONAL EDUCATION
667,A500010,01601,00000,FUNDRAISING COSTS
667,A500010,01601,00100,A
667,A500010,01601,00300,ADMINISTRATIVE & GENERAL
667,A500010,01602,00000,UW EXTERNAL IMPORT SERVICE
667,A500010,01602,00100,B
667,A500010,01602,00300,PROCUREMENT COORDINATORS
667,A500010,01608,00000,COMM CTR REFERRAL CALL REIMBURSEMENT
667,A500010,01608,00100,B
667,A500010,01608,00300,PROCUREMENT COORDINATORS
667,A500010,01609,00000,CONTRIBUTIONS
667,A500010,01609,00100,B
667,A500010,01609,00300,ADMINISTRATIVE & GENERAL
667,A500010,01611,00000,CEU REVENUE
667,A500010,01611,00100,B
667,A500010,01611,00300,PROFESSIONAL EDUCATION
667,A500010,01615,00000,MISC REVENUE
667,A500010,01615,00100,B
667,A500010,01615,00300,ADMINISTRATIVE & GENERAL
667,A500010,01616,00000,LIVER IMPORT EXPENSE GROSS UP
667,A500010,01616,00100,A
667,A500010,01616,00300,LIVER ACQUISITIONS
667,A500010,01617,00000,HEART IMPORT EXPENSE GROSS UP
667,A500010,01617,00100,A
667,A500010,01617,00300,HEART ACQUISITIONS
667,A500010,01618,00000,PANCREAS IMPORT EXPENSE GROSS UP
667,A500010,01618,00100,A
667,A500010,01618,00300,PANCREAS ACQUISITIONS
667,A500010,01619,00000,LUNG(S) IMPORT EXPENSE GROSS UP
667,A500010,01619,00100,A
667,A500010,01619,00300,LUNG ACQUISITIONS
667,A500010,01627,00000,SURGEON FEE REVENUE
667,A500010,01627,00100,B
667,A500010,01627,00300,PROCUREMENT COORDINATORS
667,A500010,01628,00000,SEROLOGY\NANO COOLER REBATES
667,A500010,01628,00100,B
667,A500010,01628,00300,TISSUE
667,A500010,01629,00000,EMBALMING PATHOLOGY REVENUE
667,A500010,01629,00100,B
667,A500010,01629,00300,TISSUE
667,A500010,01630,00000,NON-REIMB SPACE
667,A500010,01630,00100,A
667,A500010,01630,00300,CAPITAL COSTS-BLDG & FIXT
667,A500010,01631,00000,NON-REIMB SPACE
667,A500010,01631,00100,A
667,A500010,01631,00300,OPERATION AND MAINTENANCE OF PLANT
667,A51000A,00100,00100,N
667,A60000A,00700,00000,SOFTWARE
667,A60000A,00701,00000,LEASEHOLD IMPROVEMENTS
667,A60000A,00702,00000,EQUIPMENT
667,A60000A,00703,00000,MEDICAL WORK ROOM EQUIPMENT
667,A60000A,00704,00000,FURNITURE
667,A60000A,00705,00000,BUILDING IMPROVEMENTS
667,A60000B,00800,00000,SOFTWARE
667,A60000B,00801,00000,LEASEHOLD IMPROVEMENTS
667,A60000B,00802,00000,EQUIPMENT
667,A60000B,00803,00000,MEDICAL WORK ROOM EQUIPMENT
667,A60000B,00804,00000,FURNITURE
667,A60000C,00500,00100,N
667,B10000*,00100,00200,CAP BLDG
667,B10000*,00100,00300,CAP COSTS
667,B10000*,00100,00400,EMPLOYEE
667,B10000*,00100,00500,MEDICAL
667,B10000*,00100,00800,ORGAN
667,B10000*,00100,01000,ADMIN &
667,B10000*,00200,00200,OP PLANT &
667,B10000*,00200,00300,MOVABLE
667,B10000*,00200,00400,BENEFITS
667,B10000*,00200,00500,SUPPLIES
667,B10000*,00200,00800,ACQUISITN
667,B10000*,00200,01000,GENERAL
667,B10000*,00300,00200,HOUSEKEEP
667,B10000*,00300,00300,EQUIPMENT
667,B10000*,00300,00800,COSTS
667,B10000*,00400,00200,SQUARE
667,B10000*,00400,00300,DOLLAR
667,B10000*,00400,00400,ADJUST
667,B10000*,00400,00500,COSTED
667,B10000*,00400,00800,NUMBER
667,B10000*,00400,01000,ACCUM
667,B10000*,00500,00200,FEET
667,B10000*,00500,00300,VALUE
667,B10000*,00500,00400,SALARIES
667,B10000*,00500,00500,REQUISIT
667,B10000*,00500,00800,ORGANS
667,B10000*,00500,01000,COSTS
667,B10000*,00600,00200,1
667,B10000*,00600,00300,2
667,B10000*,00600,00400,3
667,B10000*,00600,00500,3
667,B10000*,00600,00800,3
667,B10000*,00600,01000,3
667,B100000,00000,01000,X
667,E000000,00900,00000,OTHER CURRENT ASSETS
667,E000000,02600,00000,RIGHT-OF-USE-ASSETS
667,E000000,03100,00000,INTEREST IN ALLOSOURCE
667,E000000,03900,00000,ACCRUED EXPENSES
667,E000000,04100,00000,CURRENT MATURITIES OF LONG TERM DEBT
667,E000000,04600,00000,UNAMORTIZED DEBT ISSUANCE COSTS
667,E000000,04700,00000,OPERATING LEASE LIABILITIES
667,E000000,04800,00000,FINANCE LEASE LIABILITIES
667,E100001,00800,00000,ORGAN PROCUREMENT REVENUE
667,E100001,00900,00000,TISSUE PROCUREMENT REVENUE
667,E100002,00800,00000,FUNDRAISING EXPENSES
667,E100002,00900,00000,INTEREST EXPENSE
667,E100002,01000,00000,FUNDRAISING DIRECT BENENFIT
667,E200000,01500,00000,MISC INCOME
667,E200000,01600,00000,RENT INCOME
667,E200000,01700,00000,GRANT REVENUE
667,E200000,01800,00000,CHANGE IN INTEREST FROM INVSTMT ALLO
667,E200000,01900,00000,SPECIAL EVENTS REVENUE
667,E200000,02000,00000,GAIN ON LOAN EXINGUISHMENT
667,E200000,02100,00000,NET ASSETS RELEASED FROM RESTRICTION
667,E200000,02200,00000,RESTRICT CONTRIBUTIONS\GRANTS
667,E200000,02600,00000,INVESTMENT RETURN
667,E200000,02700,00000,FUNDRAISING EXPENSE
667,E200000,02701,00000,INTEREST EXPENSE
667,E200000,02702,00000,LOSS ON DISPOSAL OF ASSETS
667,E200000,02703,00000,CHANGE IN INTEREST IN ALLOSOURCE
667,E200000,02704,00000,NET ASSETS RELEASED FROM RESRICTIONS
667,S000000,00100,00100,X
667,S000000,00400,00100,2
667,S000000,00500,00100,05/01/2023
667,S000000,00600,00100,10001
667,S000000,00700,00100,N
667,S000000,00800,00100,N
667,S000000,00900,00100,08/22/2024
667,S000000,01000,00100,4
667,S000001,00100,00100,IOWA DONOR NETWORK
667,S000001,00100,00200,16P001
667,S000001,00101,00100,550 MADISON AVENUE N
667,S000001,00102,00100,NORTH LIBERTY
667,S000001,00102,00200,IA
667,S000001,00102,00300,52317
667,S000001,00300,00100,01/01/2022
667,S000001,00300,00200,12/31/2022
667,S000001,00400,00100,6
667,S000001,00400,00300,1
667,S000001,00400,00400,03/01/1994
667,S000001,00401,00300,1
667,S000002,00100,00200,Y
667,S000002,00300,00100,CFO
667,S000002,00400,00100,04/28/2023
667,S100001,00700,00100,N
667,S100001,00810,00000,INTESTINE
667,S100001,00811,00000,VEIN
667,S100001,00812,00000,OTHER TISSUE
667,S100003,00100,00100,MEDICAL DIRECTOR
667,S100003,00100,00300,MEDICAL DIRECTOR
667,S100003,00100,00500,LAB DIRECTOR
667,S100003,00101,00100,EXEC. DIRECTOR
667,S100003,00101,00300,PROCUREMENT COORDINATOR
667,S100003,00101,00500,TECHNICIANS
667,S100003,00102,00100,CLERICAL
667,S100003,00102,00300,PRESERVATION TECHNICIANS
667,S100003,00102,00500,TISSUE TYPING TECH.
667,S100003,00103,00100,OTHER
667,S100003,00103,00300,OTHER
667,S100003,00103,00500,OTHER
667,S200000,00100,00100,N
667,S200000,00200,00100,N
667,S200000,00300,00100,N
667,S200000,00400,00100,Y
667,S200000,00400,00200,A
667,S200000,00400,00300,05/31/2023
667,S200000,00500,00100,Y
667,S200000,00600,00300,MANAGER OF FINANCE
667,S200000,00700,00100,IOWA DONOR NETWORK
668,A000000,00100,00000,0100CAPITAL COSTS-BLDG & FIXT
668,A000000,00200,00000,0200CAPITAL COSTS-MVBLE EQUIPMENT
668,A000000,00300,00000,0300EMPLOYEE BENEFITS
668,A000000,00400,00000,0400ADMINISTRATIVE & GENERAL
668,A000000,00500,00000,0500OPERATION AND MAINTENANCE OF PLANT
668,A000000,00600,00000,0600HOUSEKEEPING
668,A000000,00700,00000,0700MEDICAL SUPPLIES
668,A000000,00800,00000,0800OTHER OVERHEAD
668,A000000,00900,00000,0900PROCUREMENT COORDINATORS
668,A000000,01000,00000,1000PROFESSIONAL EDUCATION
668,A000000,01100,00000,1100PUBLIC EDUCATION
668,A000000,01200,00000,1200OTHER ACQUISITION
668,A000000,01300,00000,1300KIDNEY ACQUISITIONS
668,A000000,01400,00000,1400TISSUE TYPING LABORATORY
668,A000000,01500,00000,1500LIVER ACQUISITIONS
668,A000000,01600,00000,1600HEART ACQUISITIONS
668,A000000,01700,00000,1700PANCREAS ACQUISITIONS
668,A000000,01800,00000,1800LUNG ACQUISITIONS
668,A000000,01900,00000,1900OTHER ACQUISITIONS 2
668,A000000,01901,00000,1901OTHER ACQUISITIONS 3
668,A000000,01902,00000,1902OTHER ACQUISITIONS 4
668,A000000,01903,00000,1903OTHER ACQUISITIONS 4
668,A000000,02100,00000,2100RESEARCH
668,A000000,02200,00000,2200BLOOD BANK
668,A000000,02300,00000,2300LABORATORY-NON-TISSUE TYPING
668,A000000,02400,00000,2400DIALYSIS UNITS
668,A000000,02500,00000,2500OTHER NON-REIMBURSABLE
668,A100000,01700,00000,TECHNICAL STAFF
668,A100000,01800,00000,OTHER OUTSIDE SERVICES
668,A100000,01900,00000,FACILITY COSTS
668,A100000,01901,00000,OTHER PEOPLE COSTS
668,A100000,01902,00000,OTHER FINANCIAL EXPENSE
668,A20O000,02100,00000,OTHER ACQUISITIONS 1
668,A20O001,02100,00000,OTHER ACQUISITIONS 2
668,A20O002,02100,00000,OTHER ACQUISITIONS 3
668,A20O003,02100,00000,OTHER ACQUISITIONS 4
668,A300000,00600,00000,TECH ASSISTANTS
668,A300000,00700,00000,LAB SUPPLIES
668,A300000,00900,00000,EQUIPMENT COSTS
668,A300000,01000,00000,FREIGHT
668,A300000,01001,00000,TELEPHONE
668,A300000,01002,00000,LICENSES/FEES
668,A300000,01003,00000,OTHER PEOPLE COSTS
668,A300000,01004,00000,LIABILITY INSURANCE
668,A300000,01005,00000,OTHER OUTSIDE SERVICES
668,A300000,01006,00000,BOOKS AND SUBSCRIPTIONS
668,A300000,01007,00000,ELECTRCITY
668,A400010,00100,00000,RENT
668,A400010,00100,00100,A
668,A400010,00100,00200,CAPITAL COSTS-BLDG & FIXT
668,A400010,00100,00500,ADMINISTRATIVE & GENERAL
668,A400010,00200,00000,DEPRECIATION
668,A400010,00200,00100,B
668,A400010,00200,00200,CAPITAL COSTS-BLDG & FIXT
668,A400010,00200,00500,ADMINISTRATIVE & GENERAL
668,A500010,00100,00100,A
668,A500010,00100,00300,TISSUE TYPING LABORATORY
668,A500010,01200,00100,B
668,A500010,01200,00300,ADMINISTRATIVE & GENERAL
668,A500010,01500,00000,SE DISCOUNTS
668,A500010,01500,00100,A
668,A500010,01500,00300,ADMINISTRATIVE & GENERAL
668,A500010,01502,00000,NTS CLIN LAB
668,A500010,01502,00100,A
668,A500010,01502,00300,LABORATORY-NON-TISSUE TYPING
668,A51000A,00100,00100,N
668,A60000C,00500,00100,N
668,B10000*,00100,00200,CAP BLDG
668,B10000*,00100,00300,CAP COSTS
668,B10000*,00100,00400,EMPLOYEE
668,B10000*,00100,00500,MEDICAL
668,B10000*,00100,00800,ORGAN
668,B10000*,00100,01000,ADMIN &
668,B10000*,00200,00200,OP PLANT &
668,B10000*,00200,00300,MOVABLE
668,B10000*,00200,00400,BENEFITS
668,B10000*,00200,00500,SUPPLIES
668,B10000*,00200,00800,ACQUISITN
668,B10000*,00200,01000,GENERAL
668,B10000*,00300,00200,HOUSEKEEP
668,B10000*,00300,00300,EQUIPMENT
668,B10000*,00300,00800,COSTS
668,B10000*,00400,00200,SQUARE
668,B10000*,00400,00300,DOLLAR
668,B10000*,00400,00400,ADJUST
668,B10000*,00400,00500,COSTED
668,B10000*,00400,00800,NUMBER
668,B10000*,00400,01000,ACCUM
668,B10000*,00500,00200,FEET
668,B10000*,00500,00300,VALUE
668,B10000*,00500,00400,SALARIES
668,B10000*,00500,00500,REQUISIT
668,B10000*,00500,00800,ORGANS
668,B10000*,00500,01000,COSTS
668,B10000*,00600,00200,1
668,B10000*,00600,00300,2
668,B10000*,00600,00400,3
668,B10000*,00600,00500,3
668,B10000*,00600,00800,3
668,B10000*,00600,01000,3
668,B100000,00000,01000,X
668,E000000,00900,00000,OTHER CURRENT ASSETS
668,E000000,02600,00000,RIGHT OF USE LEASE LIAB-SHORT TERM
668,E000000,03100,00000,ROUNDING
668,E000000,03900,00000,RIGHT OF USE LEASE LIAB-SHORT TERM
668,E000000,04100,00000,OTHER FEES/TAXES PAYABLE
668,E000000,04600,00000,RIGHT OF USE LEASE LIAB-LONG TERM
668,E200000,02000,00000,OTHER (ROUNDING)
668,S000000,00100,00100,X
668,S000000,00400,00100,2
668,S000000,00500,00100,05/08/2023
668,S000000,00600,00100,10001
668,S000000,00700,00100,N
668,S000000,00800,00100,N
668,S000000,00900,00100,08/27/2024
668,S000000,01000,00100,4
668,S000001,00100,00100,SOUTHWEST IMMUNODIAGNOSTICS  INC.
668,S000001,00100,00200,45HL04
668,S000001,00101,00100,8122 DATAPOINT #912
668,S000001,00102,00100,SAN ANTONIO
668,S000001,00102,00200,TX
668,S000001,00102,00300,78229
668,S000001,00300,00100,01/01/2022
668,S000001,00300,00200,12/31/2022
668,S000001,00400,00100,2
668,S000001,00400,00300,2
668,S000001,00400,00400,02/07/1985
668,S000001,00401,00300,1
668,S000002,00100,00200,Y
668,S000002,00300,00100,DIRECTOR OF ACCOUNTING
668,S000002,00400,00100,05/03/2023
668,S100001,00700,00100,N
668,S100001,00810,00000,OTHER
668,S100002,00400,00100,BLOOD TYPING  ABO ONLY
668,S100002,00401,00100,HLA-DRB3 4 5 (LOW RESOLUTION)
668,S100002,00402,00100,AUTOCROSSMATCH
668,S100002,00403,00100,LD SERUM FREEZE FEE
668,S100002,00404,00100,HLA-DR  DQ (HIGH RESOLUTION)
668,S100002,00405,00100,HLA-B DNA (LOW RESOLUTION)
668,S100002,00406,00100,HLA-DR: DNA SSP
668,S100002,00407,00100,HLA-DD: SSP CLASS I
668,S100002,00408,00100,HLA-DD: DNA CLASS II
668,S100002,00409,00100,ABO ISOAGGLUTIN ANTIBODY TITER
668,S100002,00410,00100,FLOW CROSSMATCH
668,S100002,00411,00100,FLOW CROSSMATCH (STAT)
668,S100002,00412,00100,ANTIBODY SCREEN BY FLOW
668,S100002,00413,00100,ANTIBODY SPECIFICITY CLASS I
668,S100002,00414,00100,ANTIBODY SPECIFICITY CLASS II
668,S100002,00415,00100,ABO ISOAGGLUTIN ANTIBODY TITER (STAT
668,S100002,00416,00100,ANTIBODY SCREEN BY FLOW (STAT)
668,S100002,00417,00100,HLA-A B C DNA (LOW RESOLUTION)
668,S100002,00418,00100,AHG - ABO TITER
668,S100002,00419,00100,HLA - DP TYPING
668,S100002,00420,00100,FLOW CROSSMATCH W/ TITER
668,S100002,00421,00100,HLA-DR DNA (HIGH RESOLUTION)
668,S100002,00422,00100,HLA-DQ (HIGH RESOLUTION)
668,S100002,00423,00100,HLA-A DNA (HIGH RESOLUTION)
668,S100002,00424,00100,HLA-B DNA (HIGH RESOLUTION)
668,S100002,00425,00100,HLA-C DNA (HIGH RESOLUTION)
668,S100002,00426,00100,ANTIBODY SPECIFICITY CLASS I (STAT)
668,S100002,00427,00100,ANTIBODY SPECIFICITY CLASS II (STAT)
668,S100002,00428,00100,CELL ISOLATION AND FREEZE
668,S100002,00429,00100,ABO BLOOD GROUP-MOLECULAR
668,S100002,00430,00100,ABO BLOOD GROUP-MOLECULAR (STAT)
668,S100002,00431,00100,AHG-ABO TITER (STAT)
668,S100002,00432,00100,BLOOD TYPING  ABO ONLY
668,S100002,00433,00100,HLA-DD: SSP CLASS I
668,S100002,00434,00100,HLA-DD: DNA CLASS II
668,S100002,00435,00100,HLA-DD: DP TYPING
668,S100002,00436,00100,ABO BLOOD GROUP-MOLECULAR
668,S100002,00437,00100,ABO BLOOD GROUP-MOLECULAR (STAT)
668,S100003,00100,00100,MEDICAL DIRECTOR
668,S100003,00100,00300,MEDICAL DIRECTOR
668,S100003,00100,00500,LAB DIRECTOR
668,S100003,00101,00100,EXEC. DIRECTOR
668,S100003,00101,00300,PROCUREMENT COORDINATOR
668,S100003,00101,00500,TECHNICIANS
668,S100003,00102,00100,CLERICAL
668,S100003,00102,00300,PRESERVATION TECHNICIANS
668,S100003,00102,00500,TISSUE TYPING TECH.
668,S100003,00103,00100,OTHER
668,S100003,00103,00300,OTHER
668,S100003,00103,00500,OTHER
668,S200000,00100,00100,N
668,S200000,00200,00100,N
668,S200000,00300,00100,N
668,S200000,00400,00100,Y
668,S200000,00400,00200,C
668,S200000,00500,00100,N
668,S200000,00600,00300,DIRECTOR OF ACCOUNTING
668,S200000,00700,00100,SOUTHWEST IMMUNODIAGNOSTICS  INC.
670,A000000,00100,00000,0100CAPITAL COSTS-BLDG & FIXT
670,A000000,00200,00000,0200CAPITAL COSTS-MVBLE EQUIPMENT
670,A000000,00300,00000,0300EMPLOYEE BENEFITS
670,A000000,00400,00000,0400ADMINISTRATIVE & GENERAL
670,A000000,00500,00000,0500OPERATION AND MAINTENANCE OF PLANT
670,A000000,00600,00000,0600HOUSEKEEPING
670,A000000,00700,00000,0700MEDICAL SUPPLIES
670,A000000,00800,00000,0800OTHER OVERHEAD
670,A000000,00900,00000,0900PROCUREMENT COORDINATORS
670,A000000,01000,00000,1000PROFESSIONAL EDUCATION
670,A000000,01100,00000,1100PUBLIC EDUCATION
670,A000000,01200,00000,1200OTHER ACQUISITION
670,A000000,01300,00000,1300KIDNEY ACQUISITIONS
670,A000000,01400,00000,1400TISSUE TYPING LABORATORY
670,A000000,01500,00000,1500LIVER ACQUISITIONS
670,A000000,01600,00000,1600HEART ACQUISITIONS
670,A000000,01700,00000,1700PANCREAS ACQUISITIONS
670,A000000,01800,00000,1800LUNG ACQUISITIONS
670,A000000,01900,00000,1900OTHER ACQUISITIONS
670,A000000,02100,00000,2100RESEARCH
670,A000000,02200,00000,2200BLOOD BANK
670,A000000,02300,00000,2300LABORATORY-NON-TISSUE TYPING
670,A000000,02400,00000,2400DIALYSIS UNITS
670,A000000,02500,00000,2500OTHER NON-REIMBURSABLE
670,A100000,01700,00000,LICENSES AND FEES
670,A100000,01800,00000,INDIRECT COSTS
670,A300000,00600,00000,REAGENTS AND LAB SUPPLIES
670,A300000,00700,00000,NON-CAPITAL EQUIPMENT
670,A500010,01500,00000,TEST INCOME
670,A500010,01500,00100,B
670,A500010,01500,00300,TISSUE TYPING LABORATORY
670,A500010,01600,00000,OVERHEAD ADJUSTMENT PER PRIOR YEAR
670,A500010,01600,00100,A
670,A500010,01600,00300,ADMINISTRATIVE & GENERAL
670,A51000A,00100,00100,N
670,A60000C,00500,00100,N
670,B10000*,00100,00200,CAP BLDG
670,B10000*,00100,00300,CAP COSTS
670,B10000*,00100,00400,EMPLOYEE
670,B10000*,00100,00500,MEDICAL
670,B10000*,00100,00800,ORGAN
670,B10000*,00100,01000,ADMIN &
670,B10000*,00200,00200,OP PLANT &
670,B10000*,00200,00300,MOVABLE
670,B10000*,00200,00400,BENEFITS
670,B10000*,00200,00500,SUPPLIES
670,B10000*,00200,00800,ACQUISITN
670,B10000*,00200,01000,GENERAL
670,B10000*,00300,00200,HOUSEKEEP
670,B10000*,00300,00300,EQUIPMENT
670,B10000*,00300,00800,COSTS
670,B10000*,00400,00200,SQUARE
670,B10000*,00400,00300,DOLLAR
670,B10000*,00400,00400,ADJUST
670,B10000*,00400,00500,COSTED
670,B10000*,00400,00800,NUMBER
670,B10000*,00400,01000,ACCUM
670,B10000*,00500,00200,FEET
670,B10000*,00500,00300,VALUE
670,B10000*,00500,00400,SALARIES
670,B10000*,00500,00500,REQUISIT
670,B10000*,00500,00800,ORGANS
670,B10000*,00500,01000,COSTS
670,B10000*,00600,00200,1
670,B10000*,00600,00300,2
670,B10000*,00600,00400,3
670,B10000*,00600,00500,3
670,B10000*,00600,00800,3
670,B10000*,00600,01000,3
670,B100000,00000,01000,X
670,S000000,00100,00100,X
670,S000000,00400,00100,2
670,S000000,00500,00100,05/22/2023
670,S000000,00600,00100,10001
670,S000000,00700,00100,N
670,S000000,00800,00100,N
670,S000000,00900,00100,08/28/2024
670,S000000,01000,00100,4
670,S000001,00100,00100,ALBANY MED COLLEGE TRANSPLANT IMMUNO
670,S000001,00100,00200,33HL05
670,S000001,00101,00100,47 NEW SCOTLAND AVE
670,S000001,00101,00200,MAIL CODE 122
670,S000001,00102,00100,ALBANY
670,S000001,00102,00200,NY
670,S000001,00102,00300,12208
670,S000001,00300,00100,01/01/2022
670,S000001,00300,00200,12/31/2022
670,S000001,00400,00100,6
670,S000001,00400,00300,2
670,S000001,00400,00400,02/26/1986
670,S000001,00401,00300,1
670,S000002,00100,00200,Y
670,S000002,00300,00100,LABORATORY DIRECTOR
670,S000002,00400,00100,05/22/2023
670,S100001,00700,00100,N
670,S100001,00810,00000,OTHER
670,S100002,00400,00100,LUMINEX CLASS I&II AB SCREEN
670,S100002,00401,00100,LUMINEX SINGLE AG CLASS I AB ID
670,S100002,00402,00100,LUMINEX SINGLE AG CLASS II AB ID
670,S100002,00403,00100,B-CELL X-MATCH  RELATED 1ST
670,S100002,00404,00100,B-CELL X-MATCH  CADAVER 1ST
670,S100002,00405,00100,T-CELL X-MATCH  RELATED  1ST XM
670,S100002,00406,00100,T-CELL X-MATCH  CADAVER  1ST
670,S100002,00407,00100,FLOW X-MATCH  DECEASED
670,S100002,00408,00100,FLOW X-MATCH  LIVING DONOR
670,S100002,00409,00100,FLOW X-MATCH  LIVING DONOR  ADD SERA
670,S100002,00410,00100,FLOW X-MATCH  DECEASED  ADD SERA
670,S100002,00411,00100,HLA TYPING  SEROLOGY  CADAVER DONOR
670,S100002,00412,00100,DR TYPING  SEROLOGY  CADAVER DONOR
670,S100002,00413,00100,DNA CAD DONOR HLA-A B C DR DQ
670,S100002,00414,00100,DNA LIVE DONOR HLA-A B C DR DQ
670,S100002,00415,00100,DNA PATIENT HLA-A B C DR DQ
670,S100003,00100,00100,MEDICAL DIRECTOR
670,S100003,00100,00300,MEDICAL DIRECTOR
670,S100003,00100,00500,LAB DIRECTOR
670,S100003,00101,00100,EXEC. DIRECTOR
670,S100003,00101,00300,PROCUREMENT COORDINATOR
670,S100003,00101,00500,TECHNICIANS
670,S100003,00102,00100,CLERICAL
670,S100003,00102,00300,PRESERVATION TECHNICIANS
670,S100003,00102,00500,TISSUE TYPING TECH.
670,S100003,00103,00100,OTHER
670,S100003,00103,00300,OTHER
670,S100003,00103,00500,OTHER
670,S200000,00100,00100,N
670,S200000,00200,00100,N
670,S200000,00300,00100,N
670,S200000,00400,00100,N
670,S200000,00500,00100,N
670,S200000,00600,00300,LAB DIRECTOR
670,S200000,00700,00100,ALBANY MEDICAL COLLEGE
671,A000000,00100,00000,0100CAPITAL COSTS-BLDG & FIXT
671,A000000,00200,00000,0200CAPITAL COSTS-MVBLE EQUIPMENT
671,A000000,00300,00000,0300EMPLOYEE BENEFITS
671,A000000,00400,00000,0400ADMINISTRATIVE & GENERAL
671,A000000,00500,00000,0500OPERATION AND MAINTENANCE OF PLANT
671,A000000,00600,00000,0600HOUSEKEEPING
671,A000000,00700,00000,0700MEDICAL SUPPLIES
671,A000000,00800,00000,0800OTHER OVERHEAD
671,A000000,00900,00000,0900PROCUREMENT COORDINATORS
671,A000000,01000,00000,1000PROFESSIONAL EDUCATION
671,A000000,01100,00000,1100PUBLIC EDUCATION
671,A000000,01200,00000,1200CALL CENTER
671,A000000,01201,00000,120112.01 OTHER ACQUISITION COSTS
671,A000000,01300,00000,1300KIDNEY ACQUISITIONS
671,A000000,01400,00000,1400TISSUE TYPING LABORATORY
671,A000000,01500,00000,1500LIVER ACQUISITIONS
671,A000000,01600,00000,1600HEART ACQUISITIONS
671,A000000,01700,00000,1700PANCREAS ACQUISITIONS
671,A000000,01800,00000,1800LUNG ACQUISITIONS
671,A000000,01900,00000,1900SMALL BOWEL      S
671,A000000,01901,00000,1901MULTI VISCERAL
671,A000000,01902,00000,1902HEART/LUNG       S 3
671,A000000,02100,00000,2100RESEARCH
671,A000000,02200,00000,2200BLOOD BANK
671,A000000,02300,00000,2300LABORATORY-NON-TISSUE TYPING
671,A000000,02400,00000,2400DIALYSIS UNITS
671,A000000,02500,00000,2500TISSUE RECOVERY
671,A100000,01800,00000,OFFICE MOVE
671,A100000,01900,00000,COMPUTER EQUIP & SOFTWARE
671,A100000,01901,00000,BANK SVC CHARGES
671,A100000,01902,00000,LATE FEES & MISCELLANEOUS CHARGES
671,A100000,01903,00000,POSTAGE & SHIPPING
671,A100000,01904,00000,DUES & SUBSCRIPTIONS
671,A100000,01905,00000,LOBBYING EXPENSE
671,A100000,01906,00000,CONSULTING
671,A100000,01907,00000,LEASED VEHICLE EXPENSES
671,A100000,01908,00000,MILEAGE & PARKING
671,A100000,01909,00000,DEPRECIATION & AMORTIZATION
671,A100000,01910,00000,BOARD OF DIRECTORS
671,A100000,01911,00000,UNIFORMS
671,A100000,01912,00000,MINOR OFFICE EQUIPMENT
671,A100000,01913,00000,MISCELLANEOUS
671,A100000,01914,00000,PRINTING COSTS
671,A100000,01915,00000,TEMPORARY OFFICE HELP
671,A100000,01916,00000,EMPLOYEE INSURANCE
671,A100000,01917,00000,PAYROLL TAXES
671,A100000,01918,00000,OTHER EMPLOYEE BENEFITS
671,A20H000,00900,00000,BLOOD SUPPLIES
671,A20H000,00901,00000,PATHOLOGY
671,A20H000,00902,00000,OTHER EXCISION COSTS
671,A20H000,00903,00000,DONOR HOSPITAL ACCRUALS
671,A20H000,02100,00000,SEROLOGY & MICROBIOLOGY
671,A20H000,02101,00000,LAB SUPPLIES
671,A20H000,02102,00000,AMBR BILLING
671,A20H000,02103,00000,OTHER PROFESSIONAL FEES
671,A20H000,02104,00000,OTHER ACQUISITION COSTS
671,A20K000,00900,00000,BLOOD SUPPLIES
671,A20K000,00901,00000,PATHOLOGY
671,A20K000,00902,00000,OTHER EXCISION COSTS
671,A20K000,00903,00000,DONOR HOSPITAL ACCRUALS
671,A20K000,02100,00000,SEROLOGY & MICROBIOLOGY
671,A20K000,02101,00000,LAB SUPPLIES
671,A20K000,02102,00000,AMBR BILLING
671,A20K000,02103,00000,OTHER PROFESSIONAL FEES
671,A20K000,02104,00000,OTHER ACQUISITION COSTS
671,A20L000,00900,00000,BLOOD SUPPLIES
671,A20L000,00901,00000,PATHOLOGY
671,A20L000,00902,00000,OTHER EXCISION COSTS
671,A20L000,00903,00000,DONOR HOSPITAL ACCRUALS
671,A20L000,02100,00000,SEROLOGY & MICROBIOLOGY
671,A20L000,02101,00000,LAB SUPPLIES
671,A20L000,02102,00000,AMBR BILLING
671,A20L000,02103,00000,OTHER PROFESSIONAL FEES
671,A20L000,02104,00000,OTHER ACQUISITION COSTS
671,A20O000,00900,00000,BLOOD SUPPLIES
671,A20O000,00901,00000,PATHOLOGY
671,A20O000,00902,00000,OTHER EXCISION COSTS
671,A20O000,00903,00000,DONOR HOSPITAL ACCRUALS
671,A20O000,02100,00000,SEROLOGY & MICROBIOLOGY
671,A20O000,02101,00000,LAB SUPPLIES
671,A20O000,02102,00000,AMBR BILLING
671,A20O000,02103,00000,OTHER PROFESSIONAL FEES
671,A20O001,00900,00000,BLOOD SUPPLIES
671,A20O001,00901,00000,PATHOLOGY
671,A20O001,00902,00000,OTHER EXCISION COSTS
671,A20O001,00903,00000,DONOR HOSPITAL ACCRUALS
671,A20O001,02100,00000,SEROLOGY & MICROBIOLOGY
671,A20O001,02101,00000,LAB SUPPLIES
671,A20O001,02102,00000,AMBR BILLING
671,A20O001,02103,00000,OTHER PROFESSIONAL FEES
671,A20O001,02104,00000,OTHER ACQUISITION COSTS
671,A20O002,00900,00000,BLOOD SUPPLIES
671,A20O002,00901,00000,PATHOLOGY
671,A20O002,00902,00000,OTHER EXCISION COSTS
671,A20O002,00903,00000,DONOR HOSPITAL ACCRUALS
671,A20O002,02100,00000,SEROLOGY & MICROBIOLOGY
671,A20O002,02101,00000,LAB SUPPLIES
671,A20O002,02102,00000,AMBR BILLING
671,A20O002,02103,00000,OTHER PROFESSIONAL FEES
671,A20P000,00900,00000,BLOOD SUPPLIES
671,A20P000,00901,00000,PATHOLOGY
671,A20P000,00902,00000,OTHER EXCISION COSTS
671,A20P000,00903,00000,DONOR HOSPITAL ACCRUALS
671,A20P000,02100,00000,SEROLOGY & MICROBIOLOGY
671,A20P000,02101,00000,LAB SUPPLIES
671,A20P000,02102,00000,AMRB BILLING
671,A20P000,02103,00000,OTHER PROFESSIONAL FEES
671,A20P000,02104,00000,OTHER ACQUISITION COSTS
671,A20U000,00900,00000,BLOOD SUPPLIES
671,A20U000,00901,00000,PATHOLOGY
671,A20U000,00902,00000,OTHER EXCISION COSTS
671,A20U000,00903,00000,DONOR HOSPITAL ACCRUALS
671,A20U000,02100,00000,SEROLOGY & MICROBIOLOGY
671,A20U000,02101,00000,LAB SUPPLIES
671,A20U000,02102,00000,AMBR BILLING
671,A20U000,02103,00000,OTHER PROFESSIONAL FEES
671,A20U000,02104,00000,OTHER ACQUISITION COSTS
671,A400010,00100,00000,TISSUE OVERHEAD RECLASS
671,A400010,00100,00100,A
671,A400010,00100,00200,TISSUE RECOVERY
671,A400010,00100,00500,PROCUREMENT COORDINATORS
671,A400010,00200,00000,BENEFITS RECLASS
671,A400010,00200,00100,B
671,A400010,00200,00200,ADMINISTRATIVE & GENERAL
671,A400010,00200,00500,EMPLOYEE BENEFITS
671,A400010,00300,00000,BENEFITS RECLASS
671,A400010,00300,00100,B
671,A400010,00300,00200,PROCUREMENT COORDINATORS
671,A400010,00400,00000,BENEFITS RECLASS
671,A400010,00400,00100,B
671,A400010,00400,00200,PROFESSIONAL EDUCATION
671,A400010,00500,00000,BENEFITS RECLASS
671,A400010,00500,00100,B
671,A400010,00500,00200,PUBLIC EDUCATION
671,A400010,00600,00000,BENEFITS RECLASS
671,A400010,00600,00100,B
671,A400010,00600,00200,CALL CENTER
671,A400010,00700,00000,BENEFITS RECLASS
671,A400010,00700,00100,B
671,A400010,00700,00200,TISSUE RECOVERY
671,A400010,00800,00000,SURGEON SALARY & BENEFITS RECLASS
671,A400010,00800,00100,C
671,A400010,00800,00200,KIDNEY ACQUISITIONS
671,A400010,00800,00500,PROCUREMENT COORDINATORS
671,A400010,00900,00000,SURGEON SALARY & BENEFITS RECLASS
671,A400010,00900,00100,C
671,A400010,00900,00200,LIVER ACQUISITIONS
671,A400010,01000,00000,SURGEON SALARY & BENEFITS RECLASS
671,A400010,01000,00100,C
671,A400010,01000,00200,PANCREAS ACQUISITIONS
671,A400010,01100,00000,A&G OCCUPANCY COSTS
671,A400010,01100,00100,D
671,A400010,01100,00200,ADMINISTRATIVE & GENERAL
671,A400010,01100,00500,CAPITAL COSTS-BLDG & FIXT
671,A400010,01200,00000,A&G OCCUPANCY COSTS
671,A400010,01200,00100,D
671,A400010,01200,00500,CAPITAL COSTS-MVBLE EQUIPMENT
671,A400010,01300,00000,A&G OCCUPANCY COSTS
671,A400010,01300,00100,D
671,A400010,01300,00500,OPERATION AND MAINTENANCE OF PLANT
671,A500010,00200,00100,A
671,A500010,00200,00300,ADMINISTRATIVE & GENERAL
671,A500010,00800,00100,B
671,A500010,00800,00300,PROCUREMENT COORDINATORS
671,A500010,01200,00100,A
671,A500010,01200,00300,ADMINISTRATIVE & GENERAL
671,A500010,01500,00000,BANK INCENTIVE
671,A500010,01500,00100,A
671,A500010,01500,00300,ADMINISTRATIVE & GENERAL
671,A500010,01600,00000,ORGAN CASE RATE REFUND
671,A500010,01600,00100,B
671,A500010,01600,00300,PROCUREMENT COORDINATORS
671,A500010,01601,00000,INCOME FROM SPECIAL EVENTS
671,A500010,01601,00100,A
671,A500010,01601,00300,PUBLIC EDUCATION
671,A500010,01602,00000,LOBBYING FEES
671,A500010,01602,00100,B
671,A500010,01602,00300,12.01 OTHER ACQUISITION COSTS
671,A51000A,00100,00100,N
671,A60000A,00700,00000,LEASEHOLD IMPROVEMENT
671,A60000B,00800,00000,LEASEHOLD IMPROVEMENT
671,A60000C,00500,00100,N
671,B10000*,00100,00200,CAP BLDG
671,B10000*,00100,00300,CAP COSTS
671,B10000*,00100,00400,EMPLOYEE
671,B10000*,00100,00500,MEDICAL
671,B10000*,00100,00800,ORGAN
671,B10000*,00100,01000,ADMIN &
671,B10000*,00200,00200,OP PLANT &
671,B10000*,00200,00300,MOVABLE
671,B10000*,00200,00400,BENEFITS
671,B10000*,00200,00500,SUPPLIES
671,B10000*,00200,00800,ACQUISITN
671,B10000*,00200,01000,GENERAL
671,B10000*,00300,00200,HOUSEKEEP
671,B10000*,00300,00300,EQUIPMENT
671,B10000*,00300,00800,COSTS
671,B10000*,00400,00200,SQUARE
671,B10000*,00400,00300,SQUARE
671,B10000*,00400,00400,ADJUST
671,B10000*,00400,00500,COSTED
671,B10000*,00400,00800,NUMBER
671,B10000*,00400,01000,ACCUM
671,B10000*,00500,00200,FEET
671,B10000*,00500,00300,FEET
671,B10000*,00500,00400,SALARIES
671,B10000*,00500,00500,REQUISIT
671,B10000*,00500,00800,ORGANS
671,B10000*,00500,01000,COSTS
671,B10000*,00600,00200,1
671,B10000*,00600,00300,2
671,B10000*,00600,00400,3
671,B10000*,00600,00500,3
671,B10000*,00600,00800,3
671,B10000*,00600,01000,3
671,B100000,00000,01000,X
671,E000000,00900,00000,CONSIGNMENT INVENTORY
671,E000000,02600,00000,OPERATING LEASE ROU ASSET
671,E000000,03100,00000,UNAMORITIZED LOAN COSTS
671,E000000,03900,00000,DEFERRED RENT
671,E000000,04100,00000,BUILDING PAYABLE
671,E000000,04600,00000,OPERATING LEASE LIABILITY/OBLIGATION
671,E100001,00900,00000,TISSUE REVENUES
671,E200000,01500,00000,SPECIAL EVENT REVENUES
671,E200000,01600,00000,MISCELLANEOUS INCOME
671,E200000,01700,00000,BAD DEBT RECOVERY
671,E200000,02000,00000,GAIN ON SALE OF ASSET
671,E200000,02100,00000,UNREALIZED GAIN ON INVESTMENTS
671,E200000,02200,00000,PPP LOAN FORGIVENESS
671,E200000,02600,00000,NON ALLOWABLE EXPENSES
671,E200000,02700,00000,UNREALIZED LOSS ON INVESTMENTS
671,E200000,02701,00000,LOSS ON SALE OF ASSET
671,S000000,00100,00100,X
671,S000000,00400,00100,2
671,S000000,00500,00100,05/12/2023
671,S000000,00600,00100,10001
671,S000000,00700,00100,N
671,S000000,00800,00100,N
671,S000000,00900,00100,08/30/2024
671,S000000,01000,00100,4
671,S000001,00100,00100,WE ARE SHARING HOPE SC
671,S000001,00100,00200,42P001
671,S000001,00101,00100,2215 HENRY TECKLENBURG DRIVE
671,S000001,00102,00100,CHARLESTON
671,S000001,00102,00200,SC
671,S000001,00102,00300,29414
671,S000001,00300,00100,01/01/2022
671,S000001,00300,00200,12/31/2022
671,S000001,00400,00100,6
671,S000001,00400,00300,1
671,S000001,00400,00400,05/10/1984
671,S000001,00401,00300,1
671,S000002,00100,00200,Y
671,S000002,00300,00100,CFO
671,S000002,00400,00100,05/12/2023
671,S100001,00700,00100,N
671,S100001,00810,00000,CV
671,S100001,00811,00000,SMALL BOWEL
671,S100001,00812,00000,TISSUE RESEARCH
671,S100001,00813,00000,MULTI VISCERAL
671,S100003,00100,00100,MEDICAL DIRECTOR
671,S100003,00100,00300,MEDICAL DIRECTOR
671,S100003,00100,00500,LAB DIRECTOR
671,S100003,00101,00100,EXEC. DIRECTOR
671,S100003,00101,00300,PROCUREMENT COORDINATOR
671,S100003,00101,00500,TECHNICIANS
671,S100003,00102,00100,CLERICAL
671,S100003,00102,00300,PRESERVATION TECHNICIANS
671,S100003,00102,00500,TISSUE TYPING TECH.
671,S100003,00103,00100,OTHER
671,S100003,00103,00300,OTHER
671,S100003,00103,00500,OTHER
671,S200000,00100,00100,N
671,S200000,00200,00100,N
671,S200000,00300,00100,N
671,S200000,00400,00100,Y
671,S200000,00400,00200,A
671,S200000,00400,00300,05/31/2022
671,S200000,00500,00100,N
671,S200000,00600,00300,CFO
671,S200000,00700,00100,WE ARE SHARING HOPE SC
672,A000000,00100,00000,0100CAPITAL COSTS-BLDG & FIXT
672,A000000,00200,00000,0200CAPITAL COSTS-MVBLE EQUIPMENT
672,A000000,00300,00000,0300EMPLOYEE BENEFITS
672,A000000,00400,00000,0400ADMINISTRATIVE & GENERAL
672,A000000,00500,00000,0500OPERATION AND MAINTENANCE OF PLANT
672,A000000,00600,00000,0600HOUSEKEEPING
672,A000000,00700,00000,0700MEDICAL SUPPLIES
672,A000000,00800,00000,0800OTHER OVERHEAD
672,A000000,00900,00000,0900PROCUREMENT COORDINATORS
672,A000000,01000,00000,1000PROFESSIONAL EDUCATION
672,A000000,01100,00000,1100PUBLIC EDUCATION
672,A000000,01200,00000,1200OTHER ACQUISITION
672,A000000,01300,00000,1300KIDNEY ACQUISITIONS
672,A000000,01400,00000,1400TISSUE TYPING LABORATORY
672,A000000,01500,00000,1500LIVER ACQUISITIONS
672,A000000,01600,00000,1600HEART ACQUISITIONS
672,A000000,01700,00000,1700PANCREAS ACQUISITIONS
672,A000000,01800,00000,1800LUNG ACQUISITIONS
672,A000000,01900,00000,1900OTHER ACQUISITIONS
672,A000000,02100,00000,2100RESEARCH
672,A000000,02200,00000,2200BLOOD BANK
672,A000000,02300,00000,2300LABORATORY-NON-TISSUE TYPING
672,A000000,02400,00000,2400DIALYSIS UNITS
672,A000000,02500,00000,2500OTHER NON-REIMBURSABLE
672,A100000,01700,00000,- LICENSES  DUES & MEMBERSHIPS
672,A100000,01800,00000,- SECURE DOCUMENT HANDLING
672,A300000,00600,00000,- LAB ASSISTANTS
672,A300000,00700,00000,- LAB DIRECTOR-IN-TRAINING
672,A300000,00800,00000,- LAB DIRECTOR CONSULTANT
672,A300000,00900,00000,- LAB SUPPLIES & REAGENTS
672,A300000,01000,00000,- LAB FREIGHT
672,A51000A,00100,00100,N
672,B10000*,00100,00200,CAP BLDG
672,B10000*,00100,00300,CAP COSTS
672,B10000*,00100,00400,EMPLOYEE
672,B10000*,00100,00500,MEDICAL
672,B10000*,00100,00800,ORGAN
672,B10000*,00100,01000,ADMIN &
672,B10000*,00200,00200,OP PLANT &
672,B10000*,00200,00300,MOVABLE
672,B10000*,00200,00400,BENEFITS
672,B10000*,00200,00500,SUPPLIES
672,B10000*,00200,00800,ACQUISITN
672,B10000*,00200,01000,GENERAL
672,B10000*,00300,00200,HOUSEKEEP
672,B10000*,00300,00300,EQUIPMENT
672,B10000*,00300,00800,COSTS
672,B10000*,00400,00200,SQUARE
672,B10000*,00400,00300,DOLLAR
672,B10000*,00400,00400,ADJUST
672,B10000*,00400,00500,COSTED
672,B10000*,00400,00800,NUMBER
672,B10000*,00400,01000,ACCUM
672,B10000*,00500,00200,FEET
672,B10000*,00500,00300,VALUE
672,B10000*,00500,00400,SALARIES
672,B10000*,00500,00500,REQUISIT
672,B10000*,00500,00800,ORGANS
672,B10000*,00500,01000,COSTS
672,B10000*,00600,00200,1
672,B10000*,00600,00300,2
672,B10000*,00600,00400,3
672,B10000*,00600,00500,3
672,B10000*,00600,00800,3
672,B10000*,00600,01000,3
672,B100000,00000,01000,X
672,S000000,00100,00100,X
672,S000000,00400,00100,2
672,S000000,00500,00100,11/27/2023
672,S000000,00600,00100,10001
672,S000000,00700,00100,N
672,S000000,00800,00100,N
672,S000000,00900,00100,09/06/2024
672,S000000,01000,00100,4
672,S000001,00100,00100,TULANE HISTO & IMMUNOGENETICS LAB
672,S000001,00100,00200,19HL05
672,S000001,00101,00100,1430 TULANE AVE  SL-7
672,S000001,00102,00100,NEW ORLEANS
672,S000001,00102,00200,LA
672,S000001,00102,00300,70112
672,S000001,00300,00100,07/01/2022
672,S000001,00300,00200,06/30/2023
672,S000001,00400,00100,8
672,S000001,00400,00300,2
672,S000001,00400,00400,07/01/1994
672,S000001,00401,00300,1
672,S100001,00700,00100,N
672,S100001,00810,00000,OTHER
672,S100002,00400,00100,HLA CLASS I/II TYPING HIGH-RES
672,S100002,00401,00100,HLA CLASS I/II TYPING LOW RES
672,S100002,00402,00100,HLA DPB1 + DPA1 TYPING
672,S100002,00403,00100,HLA PARTIAL TYPING MISC
672,S100002,00404,00100,HLA CLASS I AB ID  SINGLE AG BEADS
672,S100002,00405,00100,HLA CLASS II AB ID  SINGLE AG BEADS
672,S100002,00406,00100,HLA CLASS I AB ID  PHENOTYPIC BEADS
672,S100002,00407,00100,HLA CLASS II AB ID  PHENOTYPIC BEADS
672,S100002,00408,00100,FLOW T/B-CELL CROSSMATCH
672,S100002,00409,00100,FLOW T/B-CELL CROSSMATCH AUTO
672,S100002,00410,00100,FLOW T/B-CELL CROSSMATCH ADDL SERA
672,S100002,00411,00100,DECEASED DONOR WORKUP LOCAL
672,S100002,00412,00100,DECEASED DONOR WORKUP IMPORT
672,S100003,00100,00100,MEDICAL DIRECTOR
672,S100003,00100,00300,MEDICAL DIRECTOR
672,S100003,00100,00500,LAB DIRECTOR
672,S100003,00101,00100,EXEC. DIRECTOR
672,S100003,00101,00300,PROCUREMENT COORDINATOR
672,S100003,00101,00500,TECHNICIANS
672,S100003,00102,00100,CLERICAL
672,S100003,00102,00300,PRESERVATION TECHNICIANS
672,S100003,00102,00500,TISSUE TYPING TECH.
672,S100003,00103,00100,OTHER
672,S100003,00103,00300,OTHER
672,S100003,00103,00500,OTHER
672,S200000,00100,00100,N
672,S200000,00200,00100,N
672,S200000,00300,00100,N
672,S200000,00400,00100,Y
672,S200000,00400,00200,A
672,S200000,00500,00100,N
672,S200000,00600,00300,HLA LAB DIRECTOR
672,S200000,00700,00100,TULANE UNIVERSITY
673,A000000,00100,00000,0100CAPITAL COSTS-BLDG & FIXT
673,A000000,00200,00000,0200CAPITAL COSTS-MVBLE EQUIPMENT
673,A000000,00300,00000,0300EMPLOYEE BENEFITS
673,A000000,00400,00000,0400ADMINISTRATIVE & GENERAL
673,A000000,00500,00000,0500OPERATION AND MAINTENANCE OF PLANT
673,A000000,00600,00000,0600HOUSEKEEPING
673,A000000,00700,00000,0700MEDICAL SUPPLIES
673,A000000,00800,00000,0800OTHER OVERHEAD
673,A000000,00900,00000,0900PROCUREMENT COORDINATORS
673,A000000,01000,00000,1000PROFESSIONAL EDUCATION
673,A000000,01100,00000,1100PUBLIC EDUCATION
673,A000000,01200,00000,1200OTHER ACQUISITION
673,A000000,01300,00000,1300KIDNEY ACQUISITIONS
673,A000000,01400,00000,1400TISSUE TYPING LABORATORY
673,A000000,01500,00000,1500LIVER ACQUISITIONS
673,A000000,01600,00000,1600HEART ACQUISITIONS
673,A000000,01700,00000,1700PANCREAS ACQUISITIONS
673,A000000,01800,00000,1800LUNG ACQUISITIONS
673,A000000,01900,00000,1900OTHER ACQUISITIONS
673,A000000,02100,00000,2100RESEARCH
673,A000000,02200,00000,2200BLOOD BANK
673,A000000,02300,00000,2300LABORATORY-NON-TISSUE TYPING
673,A000000,02400,00000,2400DIALYSIS UNITS
673,A000000,02500,00000,2500OTHER NON-REIMBURSABLE
673,A100000,01700,00000,OTHER ADM &GENERAL
673,A100000,01800,00000,FACILITIES RENTALS
673,A100000,01900,00000,MANPOWER SERVICES
673,A100000,01901,00000,POSTAGE
673,A300000,00600,00000,MISC
673,A300000,00700,00000,LAB SUPPLIES
673,A300000,00800,00000,TRAVEL  MTG
673,A300000,00900,00000,INSTITUTION MEMBERSHIP
673,A500010,01500,00000,THER REVENUE
673,A500010,01500,00100,B
673,A500010,01500,00300,TISSUE TYPING LABORATORY
673,A51000A,00100,00100,N
673,A60000C,00500,00100,N
673,B10000*,00100,00200,CAP BLDG
673,B10000*,00100,00300,CAP COSTS
673,B10000*,00100,00400,EMPLOYEE
673,B10000*,00100,00500,MEDICAL
673,B10000*,00100,00800,ORGAN
673,B10000*,00100,01000,ADMIN &
673,B10000*,00200,00200,OP PLANT &
673,B10000*,00200,00300,MOVABLE
673,B10000*,00200,00400,BENEFITS
673,B10000*,00200,00500,SUPPLIES
673,B10000*,00200,00800,ACQUISITN
673,B10000*,00200,01000,GENERAL
673,B10000*,00300,00200,HOUSEKEEP
673,B10000*,00300,00300,EQUIPMENT
673,B10000*,00300,00800,COSTS
673,B10000*,00400,00200,SQUARE
673,B10000*,00400,00300,DOLLAR
673,B10000*,00400,00400,ADJUST
673,B10000*,00400,00500,COSTED
673,B10000*,00400,00800,NUMBER
673,B10000*,00400,01000,ACCUM
673,B10000*,00500,00200,FEET
673,B10000*,00500,00300,VALUE
673,B10000*,00500,00400,SALARIES
673,B10000*,00500,00500,REQUISIT
673,B10000*,00500,00800,ORGANS
673,B10000*,00500,01000,COSTS
673,B10000*,00600,00200,1
673,B10000*,00600,00300,2
673,B10000*,00600,00400,3
673,B10000*,00600,00500,3
673,B10000*,00600,00800,3
673,B10000*,00600,01000,3
673,B100000,00000,01000,X
673,E200000,02000,00000,DUE FROM MEDICARE
673,S000000,00100,00100,X
673,S000000,00400,00100,2
673,S000000,00500,00100,11/29/2023
673,S000000,00600,00100,10001
673,S000000,00700,00100,N
673,S000000,00800,00100,N
673,S000000,00900,00100,09/06/2024
673,S000000,01000,00100,4
673,S000001,00100,00100,MARYLAND REGIONAL TISSUE TYPING
673,S000001,00100,00200,21HL01
673,S000001,00101,00100,2041 EAST MONUMNET STREET
673,S000001,00102,00100,BALTIMORE
673,S000001,00102,00200,MD
673,S000001,00102,00300,21205
673,S000001,00300,00100,07/01/2022
673,S000001,00300,00200,06/30/2023
673,S000001,00400,00100,8
673,S000001,00400,00300,2
673,S000001,00400,00400,03/30/1979
673,S000001,00401,00300,1
673,S000002,00100,00200,Y
673,S000002,00300,00100,INTERIM CHEIF FINANCIAL OFFICER
673,S000002,00400,00100,11/28/2023
673,S100001,00700,00100,N
673,S100001,00810,00000,OTHER
673,S100002,00400,00100,CLASS I TYPING
673,S100002,00401,00100,CLASS II TYPING
673,S100002,00402,00100,PRELIMINARY CROSSMATCH
673,S100002,00403,00100,T & B CELL CROSSMATCH
673,S100002,00404,00100,HLA ANTIBODY SCREEN - CLASS I
673,S100002,00405,00100,HLA ANTIBODY SCREEN - CLASS II
673,S100002,00406,00100,FLOW CYTOMETRIC CROSSMATCH
673,S100002,00407,00100,STAT FEE- CROSSMATCH
673,S100002,00408,00100,CADAVER TYPING
673,S100002,00409,00100,CLASS II HIGH RESOLUTION TYPING
673,S100002,00410,00100,CLASS I HIGH RESOLUTION TYPING
673,S100002,00411,00100,SPECIMEN PROCESSING/STORAGE
673,S100002,00412,00100,STAT FEE- CADAVER DONOR TYPING
673,S100002,00413,00100,DONOR CANCELLATION
673,S100002,00414,00100,A-LOCUS HIGH RESOLUTION TYPING
673,S100002,00415,00100,B-LOCUS HIGH RESOLUTION TYPING
673,S100002,00416,00100,C-LOCUS HIGH RESOLUTION TYPING
673,S100002,00417,00100,DR-LOCUS HIGH RESOLUTION TYPING
673,S100002,00418,00100,DQ-LOCUS HIGH RESOLUTION TYPING
673,S100002,00419,00100,DP-LOCUS HIGH RESOLUTION TYPING
673,S100002,00420,00100,MICA-LOCUS HIGH RESOLUTION TYPING
673,S100002,00421,00100,CLASS I HLA- A & B DNA TYPING
673,S100002,00422,00100,ANTIBODY SCREEN A*B
673,S100002,00423,00100,KIR DNA TYPING
673,S100002,00424,00100,TETRAMERS
673,S100002,00425,00100,VERIFICATION TYPING
673,S100002,00426,00100,UNREGULATED
673,S100003,00100,00100,MEDICAL DIRECTOR
673,S100003,00100,00300,MEDICAL DIRECTOR
673,S100003,00100,00500,LAB DIRECTOR
673,S100003,00101,00100,EXEC. DIRECTOR
673,S100003,00101,00300,PROCUREMENT COORDINATOR
673,S100003,00101,00500,TECHNICIANS
673,S100003,00102,00100,CLERICAL
673,S100003,00102,00300,PRESERVATION TECHNICIANS
673,S100003,00102,00500,TISSUE TYPING TECH.
673,S100003,00103,00100,OTHER
673,S100003,00103,00300,OTHER
673,S100003,00103,00500,OTHER
673,S200000,00100,00100,N
673,S200000,00200,00100,N
673,S200000,00300,00100,N
673,S200000,00400,00100,N
673,S200000,00500,00100,N
673,S200000,00600,00300,ASSISTANT DIRECTOR
673,S200000,00700,00100,JOHNS HOPKINS UNIVERSITY
674,A000000,00100,00000,0100CAPITAL COSTS-BLDG & FIXT
674,A000000,00200,00000,0200CAPITAL COSTS-MVBLE EQUIPMENT
674,A000000,00300,00000,0300EMPLOYEE BENEFITS
674,A000000,00400,00000,0400ADMINISTRATIVE & GENERAL
674,A000000,00500,00000,0500OPERATION AND MAINTENANCE OF PLANT
674,A000000,00600,00000,0600HOUSEKEEPING
674,A000000,00700,00000,0700MEDICAL SUPPLIES
674,A000000,00800,00000,0800OTHER OVERHEAD
674,A000000,00900,00000,0900PROCUREMENT COORDINATORS
674,A000000,01000,00000,1000PROFESSIONAL EDUCATION
674,A000000,01100,00000,1100PUBLIC EDUCATION
674,A000000,01200,00000,1200OTHER ACQUISITION
674,A000000,01300,00000,1300KIDNEY ACQUISITIONS
674,A000000,01400,00000,1400TISSUE TYPING LABORATORY
674,A000000,01500,00000,1500LIVER ACQUISITIONS
674,A000000,01600,00000,1600HEART ACQUISITIONS
674,A000000,01700,00000,1700PANCREAS ACQUISITIONS
674,A000000,01800,00000,1800LUNG ACQUISITIONS
674,A000000,01900,00000,1900OTHER ACQUISITIONS
674,A000000,02100,00000,2100RESEARCH
674,A000000,02200,00000,2200BLOOD BANK
674,A000000,02300,00000,2300LABORATORY-NON-TISSUE TYPING
674,A000000,02400,00000,2400DIALYSIS UNITS
674,A000000,02500,00000,2500OTHER NON-REIMBURSABLE
674,A100000,01700,00000,PRESIDENTS OFFICE
674,A100000,01800,00000,CFO  FINANCE AND ADMINISTRATIVE SERV
674,A100000,01900,00000,HUMAN RESOURCES
674,A100000,01901,00000,QUALITY ASSURANCE & REGULATORY AFFAI
674,A100000,01902,00000,SAFETY & SURVEILLANCE
674,A100000,01903,00000,TRANSPORTATION
674,A100000,01904,00000,MATERIALS MANAGEMENT
674,A100000,01905,00000,MEDICAL EDUCATION PROGRAM
674,A100000,01906,00000,MEDICAL DIRECTORS OFFICE
674,A100000,01907,00000,TRUSTEE RELATIONS
674,A300000,00600,00000,FREIGHT & POSTAGE
674,A300000,00700,00000,DRUGS & SUPPLIES
674,A300000,00800,00000,TRAVEL & TRAINING
674,A300000,00900,00000,MINOR OFFICE & MEDICAL EQUIPMENT
674,A300000,01000,00000,OTHER
674,A300000,01001,00000,FURNITURE FIXTURES DEPRECIATION
674,A300000,01002,00000,MEDICAL EQUIPMENT DEPRECIATION
674,A300000,01003,00000,TELEPHONE
674,A300000,01004,00000,DUES PERMITS LICENSES & PUBLICATIONS
674,A300000,01005,00000,LAUNDRY & JANITORIAL SUPPLIES
674,A300000,01006,00000,PRINTING EXPENSE
674,A400010,00100,00000,RECLASSIFICATIONS
674,A400010,00100,00100,A
674,A400010,00100,00200,CAPITAL COSTS-BLDG & FIXT
674,A400010,00100,00500,OPERATION AND MAINTENANCE OF PLANT
674,A400010,00200,00000,RECLASSIFICATIONS
674,A400010,00200,00100,A
674,A400010,00200,00200,CAPITAL COSTS-BLDG & FIXT
674,A400010,00200,00500,ADMINISTRATIVE & GENERAL
674,A400010,00300,00000,RECLASSIFICATIONS
674,A400010,00300,00100,A
674,A400010,00300,00200,TISSUE TYPING LABORATORY
674,A400010,00300,00500,OPERATION AND MAINTENANCE OF PLANT
674,A400010,00400,00000,RECLASSIFICATIONS
674,A400010,00400,00100,A
674,A400010,00400,00200,CAPITAL COSTS-BLDG & FIXT
674,A400010,00400,00500,OPERATION AND MAINTENANCE OF PLANT
674,A400010,00500,00000,RECLASSIFICATIONS
674,A400010,00500,00100,A
674,A400010,00500,00200,CAPITAL COSTS-BLDG & FIXT
674,A400010,00500,00500,ADMINISTRATIVE & GENERAL
674,A400010,00600,00000,RECLASSIFICATIONS
674,A400010,00600,00100,A
674,A400010,00600,00200,CAPITAL COSTS-MVBLE EQUIPMENT
674,A400010,00600,00500,ADMINISTRATIVE & GENERAL
674,A400010,00700,00000,RECLASSIFICATIONS
674,A400010,00700,00100,A
674,A400010,00700,00200,CAPITAL COSTS-MVBLE EQUIPMENT
674,A400010,00700,00500,OPERATION AND MAINTENANCE OF PLANT
674,A400010,00800,00000,RECLASSIFICATIONS
674,A400010,00800,00100,A
674,A400010,00800,00200,CAPITAL COSTS-MVBLE EQUIPMENT
674,A400010,00800,00500,ADMINISTRATIVE & GENERAL
674,A400010,00900,00000,RECLASSIFICATIONS
674,A400010,00900,00100,A
674,A400010,00900,00200,TISSUE TYPING LABORATORY
674,A400010,00900,00500,BLOOD BANK
674,A400010,01000,00000,RECLASSIFICATIONS
674,A400010,01000,00100,A
674,A400010,01000,00200,CAPITAL COSTS-BLDG & FIXT
674,A400010,01000,00500,OPERATION AND MAINTENANCE OF PLANT
674,A500010,00700,00100,B
674,A500010,00700,00300,OPERATION AND MAINTENANCE OF PLANT
674,A500010,01200,00100,B
674,A500010,01200,00300,ADMINISTRATIVE & GENERAL
674,A500010,01500,00000,BAD DEBT BLOOD BANK
674,A500010,01500,00100,A
674,A500010,01500,00300,BLOOD BANK
674,A500010,01600,00000,EMPLOYEE PARKING RECEIPTS
674,A500010,01600,00100,B
674,A500010,01600,00300,OPERATION AND MAINTENANCE OF PLANT
674,A500010,01601,00000,DELIVERY INCOME
674,A500010,01601,00100,B
674,A500010,01601,00300,BLOOD BANK
674,A500010,01602,00000,INCOME TO OFFSET A & G EXPENSE
674,A500010,01602,00100,B
674,A500010,01602,00300,ADMINISTRATIVE & GENERAL
674,A51000A,00100,00100,N
674,A60000A,00700,00000,LEASEHOLD IMPROVEMENTS
674,A60000A,00701,00000,WORK IN PROGRESS
674,A60000A,00702,00000,BUILDING IMPROVEMENTS
674,A60000A,00703,00000,COMPUTER HARDWARE
674,A60000A,00704,00000,COMPUTER SOFTWARE
674,A60000A,00705,00000,RIGHT-OF-USE LEASE ASSETS
674,A60000B,00800,00000,LEASEHOLD IMPROVEMENTS
674,A60000B,00801,00000,COMPUTER HARDWARE
674,A60000B,00802,00000,COMPUTER SOFTWARE
674,A60000C,00500,00100,N
674,B10000*,00100,00200,CAP BLDG
674,B10000*,00100,00300,CAP COSTS
674,B10000*,00100,00400,EMPLOYEE
674,B10000*,00100,00500,MEDICAL
674,B10000*,00100,00800,ORGAN
674,B10000*,00100,01000,ADMIN &
674,B10000*,00200,00200,OP PLANT &
674,B10000*,00200,00300,MOVABLE
674,B10000*,00200,00400,BENEFITS
674,B10000*,00200,00500,SUPPLIES
674,B10000*,00200,00800,ACQUISITN
674,B10000*,00200,01000,GENERAL
674,B10000*,00300,00200,HOUSEKEEP
674,B10000*,00300,00300,EQUIPMENT
674,B10000*,00300,00800,COSTS
674,B10000*,00400,00200,SQUARE
674,B10000*,00400,00300,DOLLAR
674,B10000*,00400,00400,ADJUST
674,B10000*,00400,00500,COSTED
674,B10000*,00400,00800,NUMBER
674,B10000*,00400,01000,ACCUM
674,B10000*,00500,00200,FEET
674,B10000*,00500,00300,VALUE
674,B10000*,00500,00400,SALARIES
674,B10000*,00500,00500,REQUISIT
674,B10000*,00500,00800,ORGANS
674,B10000*,00500,01000,COSTS
674,B10000*,00600,00200,1
674,B10000*,00600,00300,2
674,B10000*,00600,00400,3
674,B10000*,00600,00500,3
674,B10000*,00600,00800,3
674,B10000*,00600,01000,3
674,B100000,00000,01000,X
674,E000000,00900,00000,PREPAID EXPENSES & DEPOSITS
674,E000000,02600,00000,HARDWARE  SOFTWARE  WIP  ROU ASSETS
674,E000000,03100,00000,OTHER LONG-TERM ASSETS
674,E000000,03900,00000,OTHER CURRENT LIABILITIES
674,E000000,04600,00000,OTHER LONG-TERM LIABILITIES
674,E000000,04700,00000,DEFERRED RENT LIABILITY
674,E100001,00700,00000,GRANTS & CONTRACTS
674,S000000,00100,00100,X
674,S000000,00400,00100,2
674,S000000,00500,00100,11/22/2023
674,S000000,00600,00100,10001
674,S000000,00700,00100,N
674,S000000,00800,00100,N
674,S000000,00900,00100,09/06/2024
674,S000000,01000,00100,4
674,S000001,00100,00100,BLOODWORKS
674,S000001,00100,00200,50HL01
674,S000001,00101,00100,921 TERRY AVENUE
674,S000001,00102,00100,SEATTLE
674,S000001,00102,00200,WA
674,S000001,00102,00300,98104
674,S000001,00300,00100,07/01/2022
674,S000001,00300,00200,06/30/2023
674,S000001,00400,00100,6
674,S000001,00400,00300,2
674,S000001,00400,00400,01/01/1997
674,S000001,00401,00300,1
674,S000002,00100,00200,Y
674,S000002,00300,00100,CHIEF FINANCIAL OFFICER
674,S000002,00400,00100,10/31/2023
674,S100001,00700,00100,N
674,S100001,00810,00000,OTHER
674,S100002,00400,00100,DECEASED DONOR WORKUP - LOCAL
674,S100002,00401,00100,DECEASED DONOR WORKUP - IMPORT
674,S100002,00402,00100,HLA ANITBODY DETECTION
674,S100002,00403,00100,HLA ANTIBODY SPECIFICITY
674,S100002,00404,00100,HLA ANTIBODY SPECIFICITY MONITOR DSA
674,S100002,00405,00100,HLA CLASS I & II (A B C DR DQ DP)TYP
674,S100002,00406,00100,SPECIMEN PROCESSING (SERUM)
674,S100002,00407,00100,SPECIMEN PROCESSING (CELLS)
674,S100002,00408,00100,LYMPHOCYTE CROSSMATCH
674,S100002,00409,00100,LYMPHOCYTE CROSSMATCH STAT
674,S100002,00410,00100,HIGH-RESOLUTION TYPING  HLA-DPB1
674,S100003,00100,00100,MEDICAL DIRECTOR
674,S100003,00100,00300,MEDICAL DIRECTOR
674,S100003,00100,00500,LAB DIRECTOR
674,S100003,00101,00100,EXEC. DIRECTOR
674,S100003,00101,00300,PROCUREMENT COORDINATOR
674,S100003,00101,00500,TECHNICIANS
674,S100003,00102,00100,CLERICAL
674,S100003,00102,00300,PRESERVATION TECHNICIANS
674,S100003,00102,00500,TISSUE TYPING TECH.
674,S100003,00103,00100,OTHER
674,S100003,00103,00300,OTHER
674,S100003,00103,00500,OTHER
674,S200000,00100,00100,N
674,S200000,00200,00100,N
674,S200000,00300,00100,N
674,S200000,00400,00100,Y
674,S200000,00400,00200,A
674,S200000,00500,00100,Y
674,S200000,00600,00300,DIRECTOR  ACCOUNTING / CONTROLLER
674,S200000,00700,00100,BLOODWORKS
675,A000000,00100,00000,0100CAPITAL COSTS-BLDG & FIXT
675,A000000,00200,00000,0200CAPITAL COSTS-MVBLE EQUIPMENT
675,A000000,00300,00000,0300EMPLOYEE BENEFITS
675,A000000,00400,00000,0400ADMINISTRATIVE & GENERAL
675,A000000,00500,00000,0500OPERATION AND MAINTENANCE OF PLANT
675,A000000,00600,00000,0600HOUSEKEEPING
675,A000000,00700,00000,0700MEDICAL SUPPLIES
675,A000000,00800,00000,0800OTHER OVERHEAD
675,A000000,00900,00000,0900PROCUREMENT COORDINATORS
675,A000000,01000,00000,1000PROFESSIONAL EDUCATION
675,A000000,01100,00000,1100PUBLIC EDUCATION
675,A000000,01200,00000,1200OTHER ACQUISITION
675,A000000,01300,00000,1300KIDNEY ACQUISITIONS
675,A000000,01400,00000,1400TISSUE TYPING LABORATORY
675,A000000,01500,00000,1500LIVER ACQUISITIONS
675,A000000,01600,00000,1600HEART ACQUISITIONS
675,A000000,01700,00000,1700PANCREAS ACQUISITIONS
675,A000000,01800,00000,1800LUNG ACQUISITIONS
675,A000000,01900,00000,1900OTHER ACQUISITIONS
675,A000000,02100,00000,2100RESEARCH
675,A000000,02200,00000,2200BLOOD BANK
675,A000000,02300,00000,2300LABORATORY-NON-TISSUE TYPING
675,A000000,02400,00000,2400DIALYSIS UNITS
675,A000000,02500,00000,2500OTHER AFFILIATE LABS
675,A100000,01800,00000,CONTRIBUTIONS
675,A100000,01900,00000,OTHER
675,A100000,01901,00000,NON-REIMBURSABLE EXPENSES
675,A300000,00600,00000,TRAINING/EDUCATION TRANSPLANT
675,A300000,00700,00000,OTHER TISSUE TYPING SUPPLIES
675,A300000,00800,00000,OTHER TISSUE TYPING COSTS
675,A400010,00100,00000,DENVER ADMIN ONLY
675,A400010,00100,00100,B
675,A400010,00100,00200,TISSUE TYPING LABORATORY
675,A400010,00100,00500,ADMINISTRATIVE & GENERAL
675,A400010,00200,00000,DENVER ADMIN ONLY
675,A400010,00200,00100,B
675,A400010,00200,00200,LABORATORY-NON-TISSUE TYPING
675,A500010,01500,00000,NONALLOWABLE EXPENSE
675,A500010,01500,00100,A
675,A500010,01500,00300,ADMINISTRATIVE & GENERAL
675,A500010,01601,00000,FY 2018 SAN RAMON START UP COSTS
675,A500010,01601,00100,A
675,A500010,01601,00300,OTHER AFFILIATE LABS
675,A51000A,00100,00100,Y
675,A51000B,00100,00200,ADMINISTRATIVE & GENERAL
675,A51000B,00100,00300,VRL ADMIN COSTS
675,A51000C,00100,00100,B
675,A51000C,00100,00400,EUROFINS VRL  INC
675,A51000C,00100,00600,BIO-ANALYTICAL TESTING
675,A60000A,00700,00000,FIXED ASSET CLEARING
675,A60000C,00500,00100,N
675,B10000*,00100,00200,CAP BLDG
675,B10000*,00100,00300,CAP COSTS
675,B10000*,00100,00400,EMPLOYEE
675,B10000*,00100,00500,MEDICAL
675,B10000*,00100,00800,ORGAN
675,B10000*,00100,01000,ADMIN &
675,B10000*,00200,00200,OP PLANT &
675,B10000*,00200,00300,MOVABLE
675,B10000*,00200,00400,BENEFITS
675,B10000*,00200,00500,SUPPLIES
675,B10000*,00200,00800,ACQUISITN
675,B10000*,00200,01000,GENERAL
675,B10000*,00300,00200,HOUSEKEEP
675,B10000*,00300,00300,EQUIPMENT
675,B10000*,00300,00800,COSTS
675,B10000*,00400,00200,SQUARE
675,B10000*,00400,00300,DOLLAR
675,B10000*,00400,00400,ADJUST
675,B10000*,00400,00500,COSTED
675,B10000*,00400,00600,ACCUMULATE
675,B10000*,00400,00800,NUMBER
675,B10000*,00400,01000,ACCUM
675,B10000*,00500,00200,FEET
675,B10000*,00500,00300,VALUE
675,B10000*,00500,00400,SALARIES
675,B10000*,00500,00500,REQUISIT
675,B10000*,00500,00600,D COST
675,B10000*,00500,00800,ORGANS
675,B10000*,00500,01000,COSTS
675,B10000*,00600,00200,1
675,B10000*,00600,00300,2
675,B10000*,00600,00400,3
675,B10000*,00600,00500,3
675,B10000*,00600,00800,3
675,B10000*,00600,01000,3
675,B100000,00000,01000,X
675,E000000,00900,00000,DUE TO\FROM MEDICARE
675,E000000,02600,00000,OTHER FIXED ASSETS
675,E000000,03100,00000,OTHER ASSETS
675,E000000,03900,00000,ACCRUED EXPENSES
675,E000000,04100,00000,OTHER CURRENT LIABILITIES
675,E000000,04600,00000,OTHER NON-CURRENT LIABILITIES
675,E000000,04700,00000,LEASE LIABILITY
675,E000000,04800,00000,DEFERRED INCOME TAXES PAY\(REC)
675,E100001,00700,00000,NET REVENUE
675,E100002,00300,00000,ADDL EXPENSES FOR AFFILIATE LABS
675,E200000,02300,00000,ROUNDING
675,E200000,02600,00000,INTEREST EXP
675,E200000,02700,00000,INCOME TAX EXP
675,E200000,02701,00000,OTHER EXPENSES
675,S000000,00100,00100,X
675,S000000,00400,00100,2
675,S000000,00500,00100,05/31/2023
675,S000000,00600,00100,10001
675,S000000,00700,00100,N
675,S000000,00800,00100,N
675,S000000,00900,00100,09/06/2024
675,S000000,01000,00100,4
675,S000001,00100,00100,EUROFINS DONOR & PRODUCT TESTING INC
675,S000001,00100,00200,06HL05
675,S000001,00101,00100,6933-B SOUTH REVERE PARKWAY
675,S000001,00102,00100,CENTENNIAL
675,S000001,00102,00200,CO
675,S000001,00102,00300,80112
675,S000001,00300,00100,01/01/2022
675,S000001,00300,00200,12/31/2022
675,S000001,00400,00100,2
675,S000001,00400,00300,2
675,S000001,00400,00400,12/01/2007
675,S000001,00401,00300,1
675,S000002,00100,00200,Y
675,S000002,00300,00100,DIRECTOR OF FINANCE
675,S000002,00400,00100,05/26/2023
675,S100001,00700,00100,N
675,S100001,00810,00000,OTHER
675,S100002,00400,00100,0118: CROSSMATCH: FLOW CYTOMETRY
675,S100002,00401,00100,0170: HLA CLASS I SINGLE ANTIGEN
675,S100002,00402,00100,0171: HLA CLASS II SINGLE ANTIGEN
675,S100002,00403,00100,0178: CROSSMATCH:FLOW CYTOMETRY
675,S100002,00404,00100,0182: HLA-DRB1 LOW RESOLUTION
675,S100002,00405,00100,0184: HLA-A B LOW RESOLUTION
675,S100002,00406,00100,1401: ABO/RH - AUTOMATED
675,S100002,00407,00100,1403: ABO/RH
675,S100002,00408,00100,1405: ABO/RH
675,S100002,00409,00100,1816: ABO A1 SUBTYPE
675,S100002,00410,00100,2722: WNV
675,S100002,00411,00100,2749: HBA1C
675,S100002,00412,00100,2770: ULTRIO HIV/HBV/HCV
675,S100002,00413,00100,3546: HTLV I/II AB - AVIOQ
675,S100002,00414,00100,3588: CHAGAS (EIA)
675,S100002,00415,00100,3826: IDM PROFILE # 329
675,S100002,00416,00100,5003: HLA-DP
675,S100002,00417,00100,5005: HLA-CW
675,S100002,00418,00100,5006: HLA - DRB3 4 5 LOW-INTERMEDIAT
675,S100002,00419,00100,5007: HLA DQA1
675,S100002,00420,00100,5013: HLA-A B C DR DQ DP
675,S100002,00421,00100,5014: HLA-DQB1
675,S100002,00422,00100,7112: PROCESSING & STORAGE FEE: SERU
675,S100002,00423,00100,7113: PROCESSING & STORAGE FEE: SERU
675,S100002,00424,00100,7119: PROCESSING & STORAGE FEE: LYMP
675,S100002,00425,00100,9994: STAT FLOW CROSSMATCH CHARGE
675,S100002,00426,00100,9997: INFECTIOUS DISEASE STAT CHARGE
675,S100002,00427,00100,9998: STAT HLA TYPING CHARGE
675,S100002,00428,00100,37856D: DIALYSIS KIT
675,S100003,00100,00100,MEDICAL DIRECTOR
675,S100003,00100,00300,MEDICAL DIRECTOR
675,S100003,00100,00500,LAB DIRECTOR
675,S100003,00101,00100,EXEC. DIRECTOR
675,S100003,00101,00300,PROCUREMENT COORDINATOR
675,S100003,00101,00500,TECHNICIANS
675,S100003,00102,00100,CLERICAL
675,S100003,00102,00300,PRESERVATION TECHNICIANS
675,S100003,00102,00500,TISSUE TYPING TECH.
675,S100003,00103,00100,OTHER
675,S100003,00103,00300,OTHER
675,S100003,00103,00500,OTHER
675,S200000,00100,00100,N
675,S200000,00200,00100,N
675,S200000,00300,00100,Y
675,S200000,00400,00100,Y
675,S200000,00400,00200,A
675,S200000,00500,00100,Y
675,S200000,00600,00300,CONTROLLER
675,S200000,00700,00100,VRL EUROFINS
676,A000000,00100,00000,0100CAPITAL COSTS-BLDG & FIXT
676,A000000,00200,00000,0200CAPITAL COSTS-MVBLE EQUIPMENT
676,A000000,00300,00000,0300EMPLOYEE BENEFITS
676,A000000,00400,00000,0400ADMINISTRATIVE & GENERAL
676,A000000,00500,00000,0500OPERATION AND MAINTENANCE OF PLANT
676,A000000,00600,00000,0600HOUSEKEEPING
676,A000000,00700,00000,0700MEDICAL SUPPLIES
676,A000000,00800,00000,0800OTHER OVERHEAD
676,A000000,00900,00000,0900PROCUREMENT COORDINATORS
676,A000000,01000,00000,1000PROFESSIONAL EDUCATION
676,A000000,01100,00000,1100PUBLIC EDUCATION
676,A000000,01300,00000,1300KIDNEY ACQUISITIONS
676,A000000,01400,00000,1400TISSUE TYPING LABORATORY
676,A000000,01500,00000,1500LIVER ACQUISITIONS
676,A000000,01600,00000,1600HEART ACQUISITIONS
676,A000000,01700,00000,1700PANCREAS ACQUISITIONS
676,A000000,01800,00000,1800LUNG ACQUISITIONS
676,A000000,01900,00000,1900OTHER ACQUISITIONS
676,A000000,02100,00000,2100RESEARCH
676,A000000,02200,00000,2200BLOOD BANK
676,A000000,02300,00000,2300LABORATORY-NON-TISSUE TYPING
676,A000000,02400,00000,2400DIALYSIS UNITS
676,A100000,01700,00000,OUALITY COMPLIANCE
676,A100000,01800,00000,SUPPORT SERVICES
676,A100000,01900,00000,SPECIMEN MANAGEMENT
676,A100000,01901,00000,CLIENT SERVICES
676,A100000,01902,00000,FACILITIES ADMIN
676,A100000,01903,00000,FACILITIES BLDG
676,A100000,01904,00000,LOGISTICS
676,A300000,00600,00000,REAGENTS AND SUPPLIES
676,A300000,00700,00000,DEPRECIATION
676,A300000,00800,00000,MISCELLANEOUS OPERATIONS
676,A300000,00900,00000,OTHER EXPENSES
676,A500010,00900,00100,A
676,A500010,00900,00300,ADMINISTRATIVE & GENERAL
676,A500010,01500,00000,GROSS RECEIPTS TAX - NMIL
676,A500010,01500,00100,A
676,A500010,01500,00300,TISSUE TYPING LABORATORY
676,A500010,01501,00000,GROSS RECEIPTS TAX OTHER LAB
676,A500010,01501,00100,A
676,A500010,01501,00300,LABORATORY-NON-TISSUE TYPING
676,A500010,01502,00000,MISCELLANEOUS INCOME
676,A500010,01502,00100,B
676,A500010,01502,00300,ADMINISTRATIVE & GENERAL
676,A500010,01600,00000,PROMOTIONAL EXPENSE
676,A500010,01600,00100,A
676,A500010,01600,00300,ADMINISTRATIVE & GENERAL
676,A500010,01601,00000,CONTRIBUTION EXPENSE
676,A500010,01601,00100,A
676,A500010,01601,00300,ADMINISTRATIVE & GENERAL
676,A500010,01603,00000,LOBBYING EXPENSE
676,A500010,01603,00100,A
676,A500010,01603,00300,ADMINISTRATIVE & GENERAL
676,A500010,01606,00000,LEASE INCOME
676,A500010,01606,00100,B
676,A500010,01606,00300,ADMINISTRATIVE & GENERAL
676,A500010,01608,00000,SPECIALTY LAB BASE- TTL
676,A500010,01608,00100,A
676,A500010,01608,00300,TISSUE TYPING LABORATORY
676,A500010,01609,00000,SPECIALTY LAB BASE - NON TTL
676,A500010,01609,00100,A
676,A500010,01609,00300,LABORATORY-NON-TISSUE TYPING
676,A500010,01610,00000,WOODWARD BUILDING BASE - TTL
676,A500010,01610,00100,A
676,A500010,01610,00300,TISSUE TYPING LABORATORY
676,A500010,01611,00000,WOODWARD BUILDING BASE - NON TTL
676,A500010,01611,00100,A
676,A500010,01611,00300,LABORATORY-NON-TISSUE TYPING
676,A500010,01612,00000,WOODWARD BUILDING BASE - ADMIN & GEN
676,A500010,01612,00100,A
676,A500010,01612,00300,ADMINISTRATIVE & GENERAL
676,A500010,01613,00000,WOODWARD BUILDING RESEARCH
676,A500010,01613,00100,A
676,A500010,01613,00300,RESEARCH
676,A51000A,00100,00100,N
676,B10000*,00100,00200,CAP BLDG
676,B10000*,00100,00300,CAP COSTS
676,B10000*,00100,00400,EMPLOYEE
676,B10000*,00100,00500,MEDICAL
676,B10000*,00100,00800,ORGAN
676,B10000*,00100,01000,ADMIN &
676,B10000*,00200,00200,OP PLANT &
676,B10000*,00200,00300,MOVABLE
676,B10000*,00200,00400,BENEFITS
676,B10000*,00200,00500,SUPPLIES
676,B10000*,00200,00800,ACQUISITN
676,B10000*,00200,01000,GENERAL
676,B10000*,00300,00200,HOUSEKEEP
676,B10000*,00300,00300,EQUIPMENT
676,B10000*,00300,00800,COSTS
676,B10000*,00400,00200,SQUARE
676,B10000*,00400,00300,DOLLAR
676,B10000*,00400,00400,ADJUST
676,B10000*,00400,00500,COSTED
676,B10000*,00400,00800,NUMBER
676,B10000*,00400,01000,ACCUM
676,B10000*,00500,00200,FEET
676,B10000*,00500,00300,VALUE
676,B10000*,00500,00400,SALARIES
676,B10000*,00500,00500,REQUISIT
676,B10000*,00500,00800,ORGANS
676,B10000*,00500,01000,COSTS
676,B10000*,00600,00200,1
676,B10000*,00600,00300,2
676,B10000*,00600,00400,3
676,B10000*,00600,00500,3
676,B10000*,00600,00800,3
676,B10000*,00600,01000,3
676,B100000,00000,01000,X
676,E200000,01500,00000,OTHER SERVICES INCOME
676,E200000,01600,00000,LAB MANAGEMENT FEES
676,E200000,01800,00000,RECORD RESEARCH INCOME
676,E200000,01900,00000,MISCELLANEOUS INCOME
676,E200000,02000,00000,GAIN ON SALE OF ASSETS
676,E200000,02100,00000,DUE FROM MEDICARE
676,S000000,00100,00100,X
676,S000000,00400,00100,2
676,S000000,00500,00100,04/28/2023
676,S000000,00600,00100,10001
676,S000000,00700,00100,N
676,S000000,00800,00100,N
676,S000000,00900,00100,09/06/2024
676,S000000,01000,00100,4
676,S000001,00100,00100,NEW MEXICO IMMUNOGENETICS LABORATOR
676,S000001,00100,00200,32HL01
676,S000001,00101,00100,1001 WOODWARD PLACE NE
676,S000001,00102,00100,ALBUQURQUE
676,S000001,00102,00200,NM
676,S000001,00102,00300,87102
676,S000001,00300,00100,01/01/2022
676,S000001,00300,00200,06/30/2022
676,S000001,00400,00100,2
676,S000001,00400,00300,2
676,S000001,00400,00400,01/01/2018
676,S000001,00401,00300,1
676,S000002,00300,00100,CHIEF FINANCIAL OFFICER
676,S100001,00700,00100,N
676,S100001,00810,00000,OTHER
676,S100002,00403,00100,PRA FEE FOR SERUM PROCESSING
676,S100002,00405,00100,HLA ABDR CLASS I  II
676,S100002,00407,00100,PRELIMINARY/FINAL FLOW CROSSMATCH
676,S100002,00410,00100,CADAVERIC HLA TYPING BY DNA
676,S100002,00411,00100,HLA PRETXP AB SCREEN
676,S100002,00412,00100,LUMINEX SGL AG CL I
676,S100002,00413,00100,LUMINEX SGL AG CL II
676,S100002,00416,00100,PRELIM VIRTUAL XM
676,S100002,00417,00100,FLOW CROSSMATCH STAT
676,S100003,00100,00100,MEDICAL DIRECTOR
676,S100003,00100,00300,MEDICAL DIRECTOR
676,S100003,00100,00500,LAB DIRECTOR
676,S100003,00101,00100,EXEC. DIRECTOR
676,S100003,00101,00300,PROCUREMENT COORDINATOR
676,S100003,00101,00500,TECHNICIANS
676,S100003,00102,00100,CLERICAL
676,S100003,00102,00300,PRESERVATION TECHNICIANS
676,S100003,00102,00500,TISSUE TYPING TECH.
676,S100003,00103,00100,OTHER
676,S100003,00103,00300,OTHER
676,S100003,00103,00500,OTHER
676,S200000,00100,00100,Y
676,S200000,00100,00200,07/01/2022
676,S200000,00100,00300,07/01/2022
676,S200000,00200,00100,Y
676,S200000,00200,00200,07/01/2022
676,S200000,00200,00300,V
676,S200000,00300,00100,N
676,S200000,00400,00100,N
676,S200000,00500,00100,N
676,S200000,00600,00300,FIXED ASSET ACCOUNTANT
676,S200000,00700,00100,TRICORE
677,A000000,00100,00000,0100CAPITAL COSTS-BLDG & FIXT
677,A000000,00200,00000,0200CAPITAL COSTS-MVBLE EQUIPMENT
677,A000000,00300,00000,0300EMPLOYEE BENEFITS
677,A000000,00400,00000,0400ADMINISTRATIVE & GENERAL
677,A000000,00500,00000,0500OPERATION AND MAINTENANCE OF PLANT
677,A000000,00600,00000,0600HOUSEKEEPING
677,A000000,00700,00000,0700MEDICAL SUPPLIES
677,A000000,00800,00000,0800OTHER OVERHEAD
677,A000000,00900,00000,0900PROCUREMENT COORDINATORS
677,A000000,01000,00000,1000PROFESSIONAL EDUCATION
677,A000000,01100,00000,1100PUBLIC EDUCATION
677,A000000,01300,00000,1300KIDNEY ACQUISITIONS
677,A000000,01400,00000,1400TISSUE TYPING LABORATORY
677,A000000,01500,00000,1500LIVER ACQUISITIONS
677,A000000,01600,00000,1600HEART ACQUISITIONS
677,A000000,01700,00000,1700PANCREAS ACQUISITIONS
677,A000000,01800,00000,1800LUNG ACQUISITIONS
677,A000000,01900,00000,1900OTHER ACQUISITIONS
677,A000000,02100,00000,2100RESEARCH
677,A000000,02200,00000,2200BLOOD BANK
677,A000000,02300,00000,2300LABORATORY-NON-TISSUE TYPING
677,A000000,02400,00000,2400DIALYSIS UNITS
677,A100000,01700,00000,OUALITY COMPLIANCE
677,A100000,01800,00000,SUPPORT SERVICES
677,A100000,01900,00000,SPECIMEN MANAGEMENT
677,A100000,01901,00000,CLIENT SERVICES
677,A100000,01902,00000,FACILITIES ADMIN
677,A100000,01903,00000,FACILITIES BLDG
677,A100000,01904,00000,LOGISTICS
677,A300000,00600,00000,REAGENTS AND SUPPLIES
677,A300000,00700,00000,DEPRECIATION
677,A300000,00800,00000,MISCELLANEOUS OPERATIONS
677,A300000,00900,00000,OTHER EXPENSES
677,A500010,00900,00100,A
677,A500010,00900,00300,ADMINISTRATIVE & GENERAL
677,A500010,01502,00000,MISCELLANEOUS INCOME
677,A500010,01502,00100,B
677,A500010,01502,00300,ADMINISTRATIVE & GENERAL
677,A500010,01600,00000,LOSS ON SALE OF ASSETS
677,A500010,01600,00100,A
677,A500010,01600,00300,LABORATORY-NON-TISSUE TYPING
677,A500010,01603,00000,LOBBYING EXPENSE
677,A500010,01603,00100,A
677,A500010,01603,00300,ADMINISTRATIVE & GENERAL
677,A500010,01604,00000,HEALTH FAIRS
677,A500010,01604,00100,A
677,A500010,01604,00300,ADMINISTRATIVE & GENERAL
677,A500010,01606,00000,LEASE INCOME
677,A500010,01606,00100,B
677,A500010,01606,00300,ADMINISTRATIVE & GENERAL
677,A500010,01608,00000,SPECIALTY LAB BASE- TTL
677,A500010,01608,00100,A
677,A500010,01608,00300,TISSUE TYPING LABORATORY
677,A500010,01609,00000,SPECIALTY LAB BASE - NON TTL
677,A500010,01609,00100,A
677,A500010,01609,00300,LABORATORY-NON-TISSUE TYPING
677,A500010,01610,00000,WOODWARD BUILDING BASE - TTL
677,A500010,01610,00100,A
677,A500010,01610,00300,TISSUE TYPING LABORATORY
677,A500010,01611,00000,WOODWARD BUILDING BASE - NON TTL
677,A500010,01611,00100,A
677,A500010,01611,00300,LABORATORY-NON-TISSUE TYPING
677,A500010,01612,00000,WOODWARD BUILDING BASE - ADMIN & GEN
677,A500010,01612,00100,A
677,A500010,01612,00300,ADMINISTRATIVE & GENERAL
677,A500010,01613,00000,WOODWARD BUILDING RESEARCH
677,A500010,01613,00100,A
677,A500010,01613,00300,RESEARCH
677,A51000A,00100,00100,N
677,B10000*,00100,00200,CAP BLDG
677,B10000*,00100,00300,CAP COSTS
677,B10000*,00100,00400,EMPLOYEE
677,B10000*,00100,00500,MEDICAL
677,B10000*,00100,00800,ORGAN
677,B10000*,00100,01000,ADMIN &
677,B10000*,00200,00200,OP PLANT &
677,B10000*,00200,00300,MOVABLE
677,B10000*,00200,00400,BENEFITS
677,B10000*,00200,00500,SUPPLIES
677,B10000*,00200,00800,ACQUISITN
677,B10000*,00200,01000,GENERAL
677,B10000*,00300,00200,HOUSEKEEP
677,B10000*,00300,00300,EQUIPMENT
677,B10000*,00300,00800,COSTS
677,B10000*,00400,00200,SQUARE
677,B10000*,00400,00300,DOLLAR
677,B10000*,00400,00400,ADJUST
677,B10000*,00400,00500,COSTED
677,B10000*,00400,00800,NUMBER
677,B10000*,00400,01000,ACCUM
677,B10000*,00500,00200,FEET
677,B10000*,00500,00300,VALUE
677,B10000*,00500,00400,SALARIES
677,B10000*,00500,00500,REQUISIT
677,B10000*,00500,00800,ORGANS
677,B10000*,00500,01000,COSTS
677,B10000*,00600,00200,1
677,B10000*,00600,00300,2
677,B10000*,00600,00400,3
677,B10000*,00600,00500,3
677,B10000*,00600,00800,3
677,B10000*,00600,01000,3
677,B100000,00000,01000,X
677,E200000,01500,00000,OTHER SERVICES INCOME
677,E200000,01600,00000,LAB MANAGEMENT FEES
677,E200000,01800,00000,RECORD RESEARCH INCOME
677,E200000,01900,00000,MISCELLANEOUS INCOME
677,E200000,02000,00000,GAIN ON SALE OF ASSETS
677,E200000,02100,00000,DUE FROM MEDICARE
677,S000000,00100,00100,X
677,S000000,00400,00100,2
677,S000000,00500,00100,06/05/2023
677,S000000,00600,00100,10001
677,S000000,00700,00100,N
677,S000000,00800,00100,N
677,S000000,00900,00100,09/06/2024
677,S000000,01000,00100,4
677,S000001,00100,00100,TRICORE INC
677,S000001,00100,00200,32HL01
677,S000001,00101,00100,1001 WOODWARD PLACE NE
677,S000001,00102,00100,ALBUQURQUE
677,S000001,00102,00200,NM
677,S000001,00102,00300,87102
677,S000001,00300,00100,07/01/2022
677,S000001,00300,00200,12/31/2022
677,S000001,00400,00100,2
677,S000001,00400,00300,2
677,S000001,00400,00400,01/01/1998
677,S000001,00401,00300,1
677,S000002,00300,00100,CHIEF FINANCIAL OFFICER
677,S100001,00700,00100,N
677,S100001,00810,00000,OTHER
677,S100002,00402,00100,PRA FEE FOR SERUM PROCESSING
677,S100002,00403,00100,PRA FEE FOR SERUM PROCESSING
677,S100002,00404,00100,PRA FEE FOR SERUM PROCESSING
677,S100002,00405,00100,HLA ABDR CLASS I  II
677,S100002,00406,00100,PRELIMINARY/FINAL FLOW CROSSMATCH
677,S100002,00407,00100,PRELIMINARY/FINAL FLOW CROSSMATCH
677,S100002,00410,00100,CADAVERIC HLA TYPING BY DNA
677,S100002,00411,00100,HLA PRETXP AB SCREEN
677,S100002,00412,00100,LUMINEX SGL AG CL I
677,S100002,00413,00100,LUMINEX SGL AG CL II
677,S100002,00414,00100,LUMINEX SGL AG CL II
677,S100002,00416,00100,PRELIM VIRTUAL XM
677,S100002,00417,00100,FLOW CROSSMATCH STAT
677,S100002,00418,00100,FLOW CROSSMATCH STAT
677,S100002,00419,00100,SOLID ORGAN VIRTUAL XM (PRES)
677,S100002,00420,00100,SOLID ORGAN VIRTUAL XM (UH)
677,S100003,00100,00100,MEDICAL DIRECTOR
677,S100003,00100,00300,MEDICAL DIRECTOR
677,S100003,00100,00500,LAB DIRECTOR
677,S100003,00101,00100,EXEC. DIRECTOR
677,S100003,00101,00300,PROCUREMENT COORDINATOR
677,S100003,00101,00500,TECHNICIANS
677,S100003,00102,00100,CLERICAL
677,S100003,00102,00300,PRESERVATION TECHNICIANS
677,S100003,00102,00500,TISSUE TYPING TECH.
677,S100003,00103,00100,OTHER
677,S100003,00103,00300,OTHER
677,S100003,00103,00500,OTHER
677,S200000,00100,00100,Y
677,S200000,00100,00200,07/01/2022
677,S200000,00100,00300,07/01/2022
677,S200000,00200,00100,N
677,S200000,00300,00100,N
677,S200000,00400,00100,N
677,S200000,00500,00100,N
677,S200000,00600,00300,FIXED ASSET ACCOUNTANT
677,S200000,00700,00100,TRICORE
678,A000000,00100,00000,0100CAPITAL COSTS-BLDG & FIXT
678,A000000,00200,00000,0200CAPITAL COSTS-MVBLE EQUIPMENT
678,A000000,00300,00000,0300EMPLOYEE BENEFITS
678,A000000,00400,00000,0400ADMINISTRATIVE & GENERAL
678,A000000,00500,00000,0500OPERATION AND MAINTENANCE OF PLANT
678,A000000,00600,00000,0600HOUSEKEEPING
678,A000000,00700,00000,0700MEDICAL SUPPLIES
678,A000000,00800,00000,0800OTHER OVERHEAD
678,A000000,00900,00000,0900PROCUREMENT COORDINATORS
678,A000000,01000,00000,1000PROFESSIONAL EDUCATION
678,A000000,01100,00000,1100PUBLIC EDUCATION
678,A000000,01200,00000,1200OTHER ACQUISITION
678,A000000,01300,00000,1300KIDNEY ACQUISITIONS
678,A000000,01400,00000,1400TISSUE TYPING LABORATORY
678,A000000,01500,00000,1500LIVER ACQUISITIONS
678,A000000,01600,00000,1600HEART ACQUISITIONS
678,A000000,01700,00000,1700PANCREAS ACQUISITIONS
678,A000000,01800,00000,1800LUNG ACQUISITIONS
678,A000000,01900,00000,1900OTHER ACQUISITIONS
678,A000000,02100,00000,2100RESEARCH
678,A000000,02200,00000,2200BLOOD BANK
678,A000000,02300,00000,2300LABORATORY-NON-TISSUE TYPING
678,A000000,02400,00000,2400DIALYSIS UNITS
678,A000000,02500,00000,2500OTHER NON-REIMBURSABLE
678,A100000,01700,00000,A&G OTHER
678,A300000,00800,00000,CLERICAL
678,A300000,00900,00000,ADMINISTRATIVE
678,A300000,01000,00000,MEDICAL SUPPLIES
678,A500010,01200,00100,A
678,A500010,01200,00300,CAPITAL COSTS-MVBLE EQUIPMENT
678,A500010,01500,00000,OTHER INCOME
678,A500010,01500,00100,B
678,A500010,01500,00300,TISSUE TYPING LABORATORY
678,A51000A,00100,00100,Y
678,A51000B,00100,00200,ADMINISTRATIVE & GENERAL
678,A51000B,00100,00300,MANAGEMENT SVCS
678,A51000C,00100,00000,CLEVELAND CLINIC
678,A51000C,00100,00100,G
678,A51000C,00100,00200,ALLOGEN LABORATORIES
678,A51000C,00100,00400,CLEVELAND CLINIC
678,A51000C,00100,00600,HEALTHCARE ORGANIZATION
678,A51000C,10000,00200,CLEVELAND CLINIC
678,A60000C,00500,00100,N
678,B10000*,00100,00200,CAP BLDG
678,B10000*,00100,00300,CAP COSTS
678,B10000*,00100,00400,EMPLOYEE
678,B10000*,00100,00500,MEDICAL
678,B10000*,00100,00800,ORGAN
678,B10000*,00100,01000,ADMIN &
678,B10000*,00200,00200,OP PLANT &
678,B10000*,00200,00300,MOVABLE
678,B10000*,00200,00400,BENEFITS
678,B10000*,00200,00500,SUPPLIES
678,B10000*,00200,00800,ACQUISITN
678,B10000*,00200,01000,GENERAL
678,B10000*,00300,00200,HOUSEKEEP
678,B10000*,00300,00300,EQUIPMENT
678,B10000*,00300,00800,COSTS
678,B10000*,00400,00200,SQUARE
678,B10000*,00400,00300,DOLLAR
678,B10000*,00400,00400,ADJUST
678,B10000*,00400,00500,COSTED
678,B10000*,00400,00800,NUMBER
678,B10000*,00400,01000,ACCUM
678,B10000*,00500,00200,FEET
678,B10000*,00500,00300,VALUE
678,B10000*,00500,00400,SALARIES
678,B10000*,00500,00500,REQUISIT
678,B10000*,00500,00800,ORGANS
678,B10000*,00500,01000,COSTS
678,B10000*,00600,00200,1
678,B10000*,00600,00300,2
678,B10000*,00600,00400,3
678,B10000*,00600,00500,3
678,B10000*,00600,00800,3
678,B10000*,00600,01000,3
678,B100000,00000,01000,X
678,E000000,00900,00000,LEASE CLEARING NON VAT
678,E000000,02600,00000,AD-CIP & BUDGET ACCRLS-CY
678,E000000,04600,00000,OTHER LIABILITIES
678,E200000,01500,00000,INTEREST INCOME
678,S000000,00100,00100,X
678,S000000,00400,00100,2
678,S000000,00500,00100,05/23/2023
678,S000000,00600,00100,10001
678,S000000,00700,00100,N
678,S000000,00800,00100,N
678,S000000,00900,00100,09/06/2024
678,S000000,01000,00100,4
678,S000001,00100,00100,CC MEDICAL SVC. INC. DBA ALLOGEN LAB
678,S000001,00100,00200,36HL07
678,S000001,00101,00100,105254 EUCLID AVENUE  C100
678,S000001,00102,00100,CLEVELAND
678,S000001,00102,00200,OH
678,S000001,00102,00300,44106
678,S000001,00300,00100,01/01/2022
678,S000001,00300,00200,12/31/2022
678,S000001,00400,00100,6
678,S000001,00400,00300,2
678,S000001,00400,00400,07/22/2011
678,S000001,00401,00300,1
678,S000002,00100,00200,Y
678,S000002,00300,00100,CHEIF ACCOUNTING OFFICER
678,S000002,00400,00100,05/23/2023
678,S100001,00700,00100,N
678,S100001,00810,00000,OTHER
678,S100002,00400,00100,AB ID & VPRA ? CLASS I LUMINEX ? C1Q
678,S100002,00401,00100,AB ID & VPRA ? CLASS II LUMINEX ? C1
678,S100002,00402,00100,AB PRA FLOW
678,S100002,00403,00100,AT1R ANTIBODY DETERMINATION (PER SAM
678,S100002,00404,00100,CELLS PROCESSING AND STORAGE
678,S100002,00405,00100,CHIMERISMTESTING?STR
678,S100002,00406,00100,CLASS I LUMINEX PHENOTYPE BEADS
678,S100002,00407,00100,CLASS II LUMINEX PHENOTYPE BEADS
678,S100002,00408,00100,HLA?A   B TYPING
678,S100002,00409,00100,HLA?A B CW DR DQ DRB345 ? RSSOP
678,S100002,00410,00100,HLA?A B CW DR DQ DRW TYPING ? DECEAS
678,S100002,00411,00100,NON?BMT?HLA?A B CW DR DQ DP  DRB345
678,S100002,00412,00100,SERUM PROCESSING AND STORAGE
678,S100002,00413,00100,SPECIMEN ACQUISITION?KIT?DAILY TESTI
678,S100002,00414,00100,STAT/AFTER?HOURSREQUEST
678,S100002,00415,00100,XM T & B FLOW ALLO? ADDITIONAL SERUM
678,S100002,00416,00100,XM T&B FLOW ALLO ? DECEASED DONOR
678,S100002,00417,00100,XM VIRTUAL?SINGLE INDIVIDUAL
678,S100003,00100,00100,MEDICAL DIRECTOR
678,S100003,00100,00300,MEDICAL DIRECTOR
678,S100003,00100,00500,LAB DIRECTOR
678,S100003,00101,00100,EXEC. DIRECTOR
678,S100003,00101,00300,PROCUREMENT COORDINATOR
678,S100003,00101,00500,TECHNICIANS
678,S100003,00102,00100,CLERICAL
678,S100003,00102,00300,PRESERVATION TECHNICIANS
678,S100003,00102,00500,TISSUE TYPING TECH.
678,S100003,00103,00100,OTHER
678,S100003,00103,00300,OTHER
678,S100003,00103,00500,OTHER
678,S200000,00100,00100,N
678,S200000,00200,00100,N
678,S200000,00300,00100,Y
678,S200000,00400,00100,Y
678,S200000,00400,00200,A
678,S200000,00500,00100,Y
678,S200000,00600,00300,SENIOR DIRECTOR REVENUE & REIMBURSEM
678,S200000,00700,00100,CLEVELAND CLINIC
679,A000000,00100,00000,0100CAPITAL COSTS-BLDG & FIXT
679,A000000,00200,00000,0200CAPITAL COSTS-MVBLE EQUIPMENT
679,A000000,00300,00000,0300EMPLOYEE BENEFITS
679,A000000,00400,00000,0400ADMINISTRATIVE & GENERAL
679,A000000,00500,00000,0500OPERATION AND MAINTENANCE OF PLANT
679,A000000,00600,00000,0600HOUSEKEEPING
679,A000000,00700,00000,0700MEDICAL SUPPLIES
679,A000000,00800,00000,0800OTHER OVERHEAD
679,A000000,00900,00000,0900PROCUREMENT COORDINATORS
679,A000000,01000,00000,1000PROFESSIONAL EDUCATION
679,A000000,01100,00000,1100PUBLIC EDUCATION
679,A000000,01200,00000,1200OTHER ACQUISITION
679,A000000,01300,00000,1300KIDNEY ACQUISITIONS
679,A000000,01400,00000,1400TISSUE TYPING LABORATORY
679,A000000,01500,00000,1500LIVER ACQUISITIONS
679,A000000,01600,00000,1600HEART ACQUISITIONS
679,A000000,01700,00000,1700PANCREAS ACQUISITIONS
679,A000000,01800,00000,1800LUNG ACQUISITIONS
679,A000000,01900,00000,1900OTHER ACQUISITIONS
679,A000000,01901,00000,1901OTHER ACQUISITIONS
679,A000000,02100,00000,2100RESEARCH
679,A000000,02200,00000,2200BLOOD BANK
679,A000000,02300,00000,2300LABORATORY-NON-TISSUE TYPING
679,A000000,02400,00000,2400DIALYSIS UNITS
679,A000000,02500,00000,2500OTHER NON-REIMBURSABLE
679,A100000,01700,00000,PAYROLL TAXES & BENEFITS
679,A100000,01800,00000,CONTRACT SERVICES
679,A100000,01900,00000,DEPRECIATION
679,A100000,01901,00000,OCCUPANCY & MAINTENANCE
679,A100000,01902,00000,OTHER EXPENSES
679,A20H000,00900,00000,HOSPITAL CHARGES
679,A20H000,02100,00000,MEDICAL SUPPLIES
679,A20H000,02101,00000,RECOVERY FEES & OTHER COSTS
679,A20K000,00900,00000,HOSPITAL CHARGES
679,A20K000,02100,00000,MEDICAL SUPPLIES
679,A20K000,02101,00000,RECOVERY FEES & OTHER COSTS
679,A20L000,00900,00000,HOSPITAL CHARGES
679,A20L000,02100,00000,MEDICAL SUPPLIES
679,A20L000,02101,00000,RECOVERY FEES & OTHER COSTS
679,A20O000,00900,00000,HOSPITAL CHARGES
679,A20O000,02100,00000,MEDICAL SUPPLIES
679,A20O000,02101,00000,RECOVERY FEES & OTHER COSTS
679,A20P000,00900,00000,HOSPITAL CHARGES
679,A20P000,02100,00000,MEDICAL SUPPLIES
679,A20P000,02101,00000,RECOVERY FEES & OTHER COSTS
679,A20U000,00900,00000,HOSPITAL CHARGES
679,A20U000,02100,00000,MEDICAL SUPPLIES
679,A20U000,02101,00000,RECOVERY FEES & OTHER COSTS
679,A400010,00100,00000,RECLASSIFICATIONS
679,A400010,00100,00100,A
679,A400010,00100,00200,CAPITAL COSTS-BLDG & FIXT
679,A400010,00100,00500,ADMINISTRATIVE & GENERAL
679,A400010,00200,00000,RECLASSIFICATIONS
679,A400010,00200,00100,A
679,A400010,00200,00200,CAPITAL COSTS-MVBLE EQUIPMENT
679,A400010,00200,00500,ADMINISTRATIVE & GENERAL
679,A400010,00300,00000,RECLASSIFICATIONS
679,A400010,00300,00100,A
679,A400010,00300,00200,OPERATION AND MAINTENANCE OF PLANT
679,A400010,00300,00500,ADMINISTRATIVE & GENERAL
679,A400010,00400,00000,RECLASSIFICATIONS
679,A400010,00400,00100,A
679,A400010,00400,00200,OTHER NON-REIMBURSABLE
679,A400010,00400,00500,PROFESSIONAL EDUCATION
679,A400010,00500,00000,RECLASSIFICATIONS
679,A400010,00500,00100,A
679,A400010,00500,00200,OTHER NON-REIMBURSABLE
679,A400010,00500,00500,PUBLIC EDUCATION
679,A400010,00600,00000,RECLASSIFICATIONS
679,A400010,00600,00100,A
679,A400010,00600,00200,OTHER NON-REIMBURSABLE
679,A400010,00600,00500,PROCUREMENT COORDINATORS
679,A500010,00800,00100,B
679,A500010,00800,00300,PROCUREMENT COORDINATORS
679,A500010,01500,00000,SCHOLARSHIPS
679,A500010,01500,00100,A
679,A500010,01500,00300,PUBLIC EDUCATION
679,A500010,01501,00000,LOBBYING
679,A500010,01501,00100,A
679,A500010,01501,00300,ADMINISTRATIVE & GENERAL
679,A500010,01502,00000,ALCOHOL
679,A500010,01502,00100,A
679,A500010,01502,00300,ADMINISTRATIVE & GENERAL
679,A500010,01503,00000,OTHER G&A NON-REIMBURSABLE
679,A500010,01503,00100,A
679,A500010,01503,00300,ADMINISTRATIVE & GENERAL
679,A500010,01504,00000,EXCESS SURGEON FEES
679,A500010,01504,00100,A
679,A500010,01504,00300,KIDNEY ACQUISITIONS
679,A500010,01600,00000,HOSPITAL INCIDENTALS
679,A500010,01600,00100,A
679,A500010,01600,00300,PROFESSIONAL EDUCATION
679,A500010,01601,00000,NON-REIMBURSABLE PROFESSIONAL ED
679,A500010,01601,00100,A
679,A500010,01601,00300,PROFESSIONAL EDUCATION
679,A51000A,00100,00100,N
679,A60000C,00500,00100,N
679,B10000*,00100,00200,CAP BLDG
679,B10000*,00100,00300,CAP COSTS
679,B10000*,00100,00400,EMPLOYEE
679,B10000*,00100,00500,MEDICAL
679,B10000*,00100,00800,ORGAN
679,B10000*,00100,01000,ADMIN &
679,B10000*,00200,00200,OP PLANT &
679,B10000*,00200,00300,MOVABLE
679,B10000*,00200,00400,BENEFITS
679,B10000*,00200,00500,SUPPLIES
679,B10000*,00200,00800,ACQUISITN
679,B10000*,00200,01000,GENERAL
679,B10000*,00300,00200,HOUSEKEEP
679,B10000*,00300,00300,EQUIPMENT
679,B10000*,00300,00800,COSTS
679,B10000*,00400,00200,SQUARE
679,B10000*,00400,00300,DOLLAR
679,B10000*,00400,00400,ADJUST
679,B10000*,00400,00500,COSTED
679,B10000*,00400,00800,NUMBER
679,B10000*,00400,01000,ACCUM
679,B10000*,00500,00200,FEET
679,B10000*,00500,00300,VALUE
679,B10000*,00500,00400,SALARIES
679,B10000*,00500,00500,REQUISIT
679,B10000*,00500,00800,ORGANS
679,B10000*,00500,01000,COSTS
679,B10000*,00600,00200,1
679,B10000*,00600,00300,2
679,B10000*,00600,00400,3
679,B10000*,00600,00500,3
679,B10000*,00600,00800,3
679,B10000*,00600,01000,3
679,B100000,00000,01000,X
679,E000000,00900,00000,OTHER CURRENT ASSETS
679,E000000,02600,00000,OTHER FIXED ASSETS
679,E000000,03900,00000,BENEFITS PAYABLE
679,E000000,04600,00000,DEFERRED RENT
679,E100001,00800,00000,TISSUE PROCUREMENT
679,E100001,00900,00000,OTHER PROCUREMENT
679,E200000,02600,00000,INVESTMENT LOSSES
679,S000000,00100,00100,X
679,S000000,00400,00100,2
679,S000000,00500,00100,05/31/2023
679,S000000,00600,00100,10001
679,S000000,00700,00100,N
679,S000000,00800,00100,N
679,S000000,00900,00100,09/06/2024
679,S000000,01000,00100,4
679,S000001,00100,00100,WASHINGTON REGIONAL TRANSPLANT COMMU
679,S000001,00100,00200,49P003
679,S000001,00101,00100,3190 FAIRVIEW PARK DRIVE  SUITE 700
679,S000001,00102,00100,FALLS CHURCH
679,S000001,00102,00200,VA
679,S000001,00102,00300,22042
679,S000001,00300,00100,01/01/2022
679,S000001,00300,00200,12/31/2022
679,S000001,00400,00100,6
679,S000001,00400,00300,1
679,S000001,00400,00400,09/01/1987
679,S000001,00401,00300,1
679,S000002,00300,00100,703-641-0100
679,S100001,00700,00100,N
679,S100001,00810,00000,VEINS AND VIVIGEN
679,S100001,00811,00000,SMALL BOWEL
679,S100003,00100,00100,MEDICAL DIRECTOR
679,S100003,00100,00300,MEDICAL DIRECTOR
679,S100003,00100,00500,LAB DIRECTOR
679,S100003,00101,00100,EXEC. DIRECTOR
679,S100003,00101,00300,PROCUREMENT COORDINATOR
679,S100003,00101,00500,TECHNICIANS
679,S100003,00102,00100,CLERICAL
679,S100003,00102,00300,PRESERVATION TECHNICIANS
679,S100003,00102,00500,TISSUE TYPING TECH.
679,S100003,00103,00100,OTHER ADMINISTRATIVE
679,S100003,00103,00300,PROFESSIONAL ED
679,S100003,00103,00500,OTHER
679,S100003,00104,00300,PUBLIC ED
679,S100003,00105,00300,OTHER NON-REIMBURSABLE
679,S200000,00100,00100,N
679,S200000,00200,00100,N
679,S200000,00300,00100,N
679,S200000,00400,00100,N
679,S200000,00500,00100,N
679,S200000,00600,00300,CFO
679,S200000,00700,00100,WRTC
680,A000000,00100,00000,0100CAPITAL COSTS-BLDG & FIXT
680,A000000,00200,00000,0200CAPITAL COSTS-MVBLE EQUIPMENT
680,A000000,00300,00000,0300EMPLOYEE BENEFITS
680,A000000,00400,00000,0400ADMINISTRATIVE & GENERAL
680,A000000,00500,00000,0500OPERATION AND MAINTENANCE OF PLANT
680,A000000,00600,00000,0600HOUSEKEEPING
680,A000000,00700,00000,0700MEDICAL SUPPLIES
680,A000000,00800,00000,0800OTHER OVERHEAD
680,A000000,00900,00000,0900PROCUREMENT COORDINATORS
680,A000000,01000,00000,1000PROFESSIONAL EDUCATION
680,A000000,01100,00000,1100PUBLIC EDUCATION
680,A000000,01200,00000,1200OTHER ACQUISITION
680,A000000,01300,00000,1300KIDNEY ACQUISITIONS
680,A000000,01400,00000,1400TISSUE TYPING LABORATORY
680,A000000,01500,00000,1500LIVER ACQUISITIONS
680,A000000,01600,00000,1600HEART ACQUISITIONS
680,A000000,01700,00000,1700PANCREAS ACQUISITIONS
680,A000000,01800,00000,1800LUNG ACQUISITIONS
680,A000000,01900,00000,1900OTHER ACQUISITIONS
680,A000000,02100,00000,2100RESEARCH
680,A000000,02200,00000,2200BLOOD BANK
680,A000000,02300,00000,2300LABORATORY-NON-TISSUE TYPING
680,A000000,02400,00000,2400DIALYSIS UNITS
680,A000000,02500,00000,2500OTHER NON-REIMBURSABLE
680,A100000,01700,00000,REPAIRS AND MAINTENANCE
680,A100000,01800,00000,SAFETY
680,A100000,01900,00000,DEVELOPMENT
680,A100000,01901,00000,FUNDRAISING
680,A100000,01902,00000,SERVICE CHARGES
680,A100000,01903,00000,PROECESS IMPROVEMENT
680,A100000,01904,00000,CENTRAL OFFICE
680,A100000,01905,00000,PROFESSIONAL SERVICES
680,A100000,01906,00000,ADMINISTRATION
680,A100000,01908,00000,OTHER
680,A300000,00600,00000,SUPPLIES
680,A300000,00700,00000,CELL PHONE
680,A300000,00800,00000,PURCHASED SERVICES
680,A300000,00900,00000,DUES/SUBS
680,A300000,01000,00000,TRAVEL/MEETINGS
680,A300000,01001,00000,INSURANCE
680,A300000,01002,00000,OTHER EXPENSE
680,A500010,01300,00100,A
680,A500010,01300,00300,CAPITAL COSTS-BLDG & FIXT
680,A51000A,00100,00100,Y
680,A51000B,00100,00200,TISSUE TYPING LABORATORY
680,A51000B,00100,00300,HOME OFFICE
680,A51000B,00200,00200,TISSUE TYPING LABORATORY
680,A51000B,00200,00300,HOME OFFICE
680,A51000B,00300,00200,TISSUE TYPING LABORATORY
680,A51000B,00300,00300,OCCUPANCY
680,A51000B,00400,00200,BLOOD BANK
680,A51000B,00400,00300,OCCUPANCY
680,A51000B,00401,00200,TISSUE TYPING LABORATORY
680,A51000B,00401,00300,EXECUTIVE DIRECTOR
680,A51000C,00100,00100,B
680,A51000C,00100,00400,VITALANT
680,A51000C,00100,00600,NON-PROFIT CORPORATION
680,A60000A,00700,00000,LEASEHOLD IMPROVEMENTS
680,A60000B,00800,00000,OTHER
680,A60000C,00500,00100,N
680,B10000*,00100,00200,CAP BLDG
680,B10000*,00100,00300,CAP COSTS
680,B10000*,00100,00400,EMPLOYEE
680,B10000*,00100,00500,MEDICAL
680,B10000*,00100,00800,ORGAN
680,B10000*,00100,01000,ADMIN &
680,B10000*,00200,00200,OP PLANT &
680,B10000*,00200,00300,MOVABLE
680,B10000*,00200,00400,BENEFITS
680,B10000*,00200,00500,SUPPLIES
680,B10000*,00200,00800,ACQUISITN
680,B10000*,00200,01000,GENERAL
680,B10000*,00300,00200,HOUSEKEEP
680,B10000*,00300,00300,EQUIPMENT
680,B10000*,00300,00800,COSTS
680,B10000*,00400,00200,SQUARE
680,B10000*,00400,00300,DOLLAR
680,B10000*,00400,00400,ADJUST
680,B10000*,00400,00500,COSTED
680,B10000*,00400,00800,NUMBER
680,B10000*,00400,01000,ACCUM
680,B10000*,00500,00200,FEET
680,B10000*,00500,00300,VALUE
680,B10000*,00500,00400,SALARIES
680,B10000*,00500,00500,REQUISIT
680,B10000*,00500,00800,ORGANS
680,B10000*,00500,01000,COSTS
680,B10000*,00600,00200,1
680,B10000*,00600,00300,2
680,B10000*,00600,00400,3
680,B10000*,00600,00500,3
680,B10000*,00600,00800,3
680,B10000*,00600,01000,3
680,B100000,00000,01000,X
680,E000000,00900,00000,RESTRICTED CASH
680,E000000,02600,00000,PROPERTY & EQUIPMENT - NET
680,E000000,03100,00000,OTHER
680,E000000,03900,00000,RETIREMENT PLAN LIABILITY
680,E000000,04100,00000,OTHER CURRENT ACCRUED EXPENSES
680,E000000,04600,00000,OTHER LONG TERM LIABILITIES
680,E000000,04700,00000,ACCRUED PENSION & DEFERRED COMPENSAT
680,E000000,04800,00000,ACCRUED POST RETIREMENT HEALTH BENEF
680,E100001,00700,00000,CONTRIBUTIONS
680,E200000,01500,00000,MISCELLANEOUS
680,E200000,01600,00000,INTEREST INCOME
680,S000000,00100,00100,X
680,S000000,00400,00100,2
680,S000000,00500,00100,05/30/2023
680,S000000,00600,00100,10001
680,S000000,00700,00100,N
680,S000000,00800,00100,N
680,S000000,00900,00100,09/06/2024
680,S000000,01000,00100,4
680,S000001,00100,00100,VITALANT
680,S000001,00100,00200,50HL02
680,S000001,00101,00100,210 W CATALDO AVENUE
680,S000001,00102,00100,SPOKANE
680,S000001,00102,00200,WA
680,S000001,00102,00300,99201
680,S000001,00300,00100,01/01/2022
680,S000001,00300,00200,12/31/2022
680,S000001,00400,00100,6
680,S000001,00400,00300,2
680,S000001,00400,00400,01/01/1997
680,S000001,00401,00300,1
680,S100001,00700,00100,N
680,S100001,00810,00000,OTHER
680,S100002,00400,00100,HLA-AB TYPING
680,S100002,00401,00100,HLA-DR TYPING
680,S100002,00402,00100,DECEASED DONOR PRELIMINARY AB & DR
680,S100002,00403,00100,CONFIRMATORY AB & DR CAD
680,S100002,00404,00100,ALTRUISTIC DONOR WORKUP
680,S100002,00405,00100,ABORH
680,S100002,00406,00100,ANTIBODY SCREEN
680,S100002,00407,00100,DIRECT/INDIRECT COOMBS
680,S100002,00408,00100,HLA-DPA TYPING
680,S100002,00409,00100,HLA-DPB1 TYPING
680,S100002,00410,00100,HLA-DQA TYPING
680,S100002,00411,00100,FLOWPRAI
680,S100002,00412,00100,FLOW/LUMINEX ANTIBODY ID
680,S100002,00413,00100,ANTI-A TITER
680,S100002,00414,00100,FLOW XM
680,S100002,00415,00100,OUTSIDE PURCHASE FEE
680,S100002,00416,00100,CALL BACK FEE
680,S100002,00417,00100,SAMPLE COLLECTION KIT
680,S100002,00418,00100,SPECIMEN PROCESSING/STORAGE
680,S100002,00419,00100,ANTIBODY ID DSA SUMMARY
680,S100002,00420,00100,MICA TYPING
680,S100002,00421,00100,MOLECULAR HLA-ABC TYPING
680,S100002,00422,00100,B-27 TYPING
680,S100002,00423,00100,AT1R ANTIBODY
680,S100002,00424,00100,HLA-DQA TYPING
680,S100002,00425,00100,HL DTT TREATMENT OF SERUM
680,S100003,00100,00100,MEDICAL DIRECTOR
680,S100003,00100,00300,MEDICAL DIRECTOR
680,S100003,00100,00500,LAB DIRECTOR
680,S100003,00101,00100,EXEC. DIRECTOR
680,S100003,00101,00300,PROCUREMENT COORDINATOR
680,S100003,00101,00500,TECHNICIANS
680,S100003,00102,00100,CLERICAL
680,S100003,00102,00300,PRESERVATION TECHNICIANS
680,S100003,00102,00500,TISSUE TYPING TECH.
680,S100003,00103,00100,OTHER
680,S100003,00103,00300,OTHER
680,S100003,00103,00500,OTHER
680,S200000,00100,00100,N
680,S200000,00200,00100,N
680,S200000,00300,00100,Y
680,S200000,00400,00100,Y
680,S200000,00400,00200,A
680,S200000,00500,00100,Y
680,S200000,00600,00300,DIRECTOR
680,S200000,00700,00100,VITALANT
681,A000000,00100,00000,0100CAPITAL COSTS-BLDG & FIXT
681,A000000,00200,00000,0200CAPITAL COSTS-MVBLE EQUIPMENT
681,A000000,00300,00000,0300EMPLOYEE BENEFITS
681,A000000,00400,00000,0400ADMINISTRATIVE & GENERAL
681,A000000,00500,00000,0500OPERATION AND MAINTENANCE OF PLANT
681,A000000,00600,00000,0600HOUSEKEEPING
681,A000000,00700,00000,0700MEDICAL SUPPLIES
681,A000000,00800,00000,0800LAB ADMIN
681,A000000,00801,00000,0801HISTO ADMIN
681,A000000,00802,00000,0802OTHER OVERHEAD
681,A000000,00803,00000,0803ORGAN ADMIN
681,A000000,00900,00000,0900PROCUREMENT COORDINATORS
681,A000000,01000,00000,1000PROFESSIONAL EDUCATION
681,A000000,01100,00000,1100PUBLIC EDUCATION
681,A000000,01200,00000,1200OTHER ACQUISITION
681,A000000,01300,00000,1300KIDNEY ACQUISITIONS
681,A000000,01400,00000,1400TISSUE TYPING LABORATORY
681,A000000,01500,00000,1500LIVER ACQUISITIONS
681,A000000,01600,00000,1600HEART ACQUISITIONS
681,A000000,01700,00000,1700PANCREAS ACQUISITIONS
681,A000000,01800,00000,1800LUNG ACQUISITIONS
681,A000000,01900,00000,1900INTESTINE ACQUISITONS
681,A000000,02100,00000,2100RESEARCH
681,A000000,02200,00000,2200BLOOD BANK
681,A000000,02300,00000,2300LABORATORY-NON-TISSUE TYPING
681,A000000,02400,00000,2400DIALYSIS UNITS
681,A000000,02500,00000,2500TISSUE ACQUISITIONS
681,A000000,02501,00000,2501THERAPEUTIC PRODUCTS
681,A000000,02502,00000,2502RESEARCH FOUNDATION
681,A100000,01700,00000,OTHER ADMIN & GENERAL
681,A100000,01800,00000,SUPPLY CHAIN
681,A100000,01900,00000,SAFETY / QUALITY ASSURANCE
681,A100000,01901,00000,CONTRIBUTION TO REASEARCH / OTHER
681,A20H000,00900,00000,RADIOLOGY
681,A20H000,00901,00000,CARDIOLOGY
681,A20H000,00902,00000,OTHER HOSPITAL CHARGES
681,A20K000,00900,00000,RADIOLOGY
681,A20K000,00901,00000,CARDIOLOGY
681,A20K000,00902,00000,OTHER HOSPITAL CHARGES
681,A20K000,02100,00000,DEPRECIATION
681,A20K000,02101,00000,PURCHASED SERVICES
681,A20K000,02102,00000,ORGAN RECOVERY
681,A20K000,02103,00000,CONSULTING
681,A20K000,02104,00000,LICENSE FEES
681,A20L000,00900,00000,RADIOLOGY
681,A20L000,00901,00000,CARDIOLOGY
681,A20L000,00902,00000,OTHER HOSPITAL CHARGES
681,A20L000,02100,00000,OTHER PURCHASED SERVICES
681,A20O000,00900,00000,RADIOLOGY
681,A20O000,00901,00000,OTHER HOSPITAL CHARGES
681,A20P000,00900,00000,RADIOLOGY
681,A20P000,00901,00000,CARDIOLOGY
681,A20P000,00902,00000,OTHER HOSPITAL CHARGES
681,A20U000,00900,00000,RADIOLOGY
681,A20U000,00901,00000,OTHER HOSPITAL CHARGES
681,A20U000,02100,00000,OTHER - PURCHASED SERVICES
681,A300000,00600,00000,OTHER TISSUE TYPING COSTS
681,A400010,00100,00000,RECLASS COST OF ABO RH TEST
681,A400010,00100,00100,A
681,A400010,00100,00200,TISSUE TYPING LABORATORY
681,A400010,00100,00500,LABORATORY-NON-TISSUE TYPING
681,A400010,00200,00000,RECLASS COST OF ABO ANTIBODY TITER
681,A400010,00200,00100,B
681,A400010,00200,00200,TISSUE TYPING LABORATORY
681,A400010,00200,00500,LABORATORY-NON-TISSUE TYPING
681,A400010,00300,00000,RECLASS HISTO ADMIN COST CENTER
681,A400010,00300,00100,C
681,A400010,00300,00200,TISSUE TYPING LABORATORY
681,A400010,00300,00500,HISTO ADMIN
681,A400010,00400,00000,RECLASS HISTO ADMIN COST CENTER
681,A400010,00400,00100,C
681,A400010,00400,00200,LABORATORY-NON-TISSUE TYPING
681,A400010,00400,00500,HISTO ADMIN
681,A400010,00500,00000,RECLASS HISTO DIRECTOR SALARY
681,A400010,00500,00100,D
681,A400010,00500,00200,TISSUE TYPING LABORATORY
681,A400010,00500,00500,LAB ADMIN
681,A400010,00600,00000,RECLASS HISTO DIRECTOR SALARY
681,A400010,00600,00100,D
681,A400010,00600,00200,LABORATORY-NON-TISSUE TYPING
681,A400010,00600,00500,LAB ADMIN
681,A400010,00700,00000,ALLOCATE SQ FT FOR WAREHOUSE RENT
681,A400010,00700,00100,E
681,A400010,00700,00200,PROCUREMENT COORDINATORS
681,A400010,00700,00500,ADMINISTRATIVE & GENERAL
681,A400010,00800,00000,ALLOCATE SQ FT FOR WAREHOUSE RENT
681,A400010,00800,00100,E
681,A400010,00800,00200,TISSUE ACQUISITIONS
681,A400010,00900,00000,PROPOSE TISSUE ALLOCATION
681,A400010,00900,00100,F
681,A400010,00900,00200,TISSUE ACQUISITIONS
681,A400010,00900,00500,PROCUREMENT COORDINATORS
681,A400010,01000,00000,RECLASS KIDNEY SUPPLIES
681,A400010,01000,00100,G
681,A400010,01000,00200,KIDNEY ACQUISITIONS
681,A400010,01000,00500,PROCUREMENT COORDINATORS
681,A500010,00700,00100,B
681,A500010,00700,00300,ADMINISTRATIVE & GENERAL
681,A500010,00800,00100,B
681,A500010,00800,00300,PROCUREMENT COORDINATORS
681,A500010,01000,00100,B
681,A500010,01000,00300,ADMINISTRATIVE & GENERAL
681,A500010,01200,00100,B
681,A500010,01500,00000,BAD DEBT
681,A500010,01500,00100,A
681,A500010,01500,00300,BLOOD BANK
681,A500010,01501,00000,BAD DEBT
681,A500010,01501,00100,A
681,A500010,01501,00300,THERAPEUTIC PRODUCTS
681,A500010,01505,00000,BAD DEBT
681,A500010,01505,00100,A
681,A500010,01505,00300,LABORATORY-NON-TISSUE TYPING
681,A500010,01506,00000,BAD DEBT
681,A500010,01506,00100,A
681,A500010,01506,00300,RESEARCH
681,A500010,01509,00000,CONTRIBUTIONS
681,A500010,01509,00100,A
681,A500010,01509,00300,BLOOD BANK
681,A500010,01512,00000,LOBBYING COSTS
681,A500010,01512,00100,A
681,A500010,01512,00300,ADMINISTRATIVE & GENERAL
681,A500010,01513,00000,CONTRIBUTION TO AFFILIATES
681,A500010,01513,00100,A
681,A500010,01513,00300,ADMINISTRATIVE & GENERAL
681,A500010,01514,00000,AOPO LOBBYING EXPENSE
681,A500010,01514,00100,A
681,A500010,01514,00300,PROCUREMENT COORDINATORS
681,A500010,01515,00000,NON ALLOWABLE EXPENSES - HR
681,A500010,01515,00100,A
681,A500010,01515,00300,EMPLOYEE BENEFITS
681,A500010,01516,00000,NON ALLOWABLE EXPENSES - ADMIN
681,A500010,01516,00100,A
681,A500010,01516,00300,ADMINISTRATIVE & GENERAL
681,A500010,01519,00000,NON ALLOWABLE EXPENSES - FACILITIES
681,A500010,01519,00100,A
681,A500010,01519,00300,OPERATION AND MAINTENANCE OF PLANT
681,A500010,01522,00000,NON ALLOWABLE EXPENSES - LAB ADMIN
681,A500010,01522,00100,A
681,A500010,01522,00300,LAB ADMIN
681,A500010,01523,00000,NON ALLOWABLE EXPENSES - ORG ADMIN
681,A500010,01523,00100,A
681,A500010,01523,00300,ORGAN ADMIN
681,A500010,01524,00000,NON ALLOWABLE EXPENSES - PROCUREMENT
681,A500010,01524,00100,A
681,A500010,01524,00300,PROCUREMENT COORDINATORS
681,A500010,01525,00000,NON ALLOWABLE EXPENSES - TT
681,A500010,01525,00100,A
681,A500010,01525,00300,TISSUE TYPING LABORATORY
681,A500010,01526,00000,NON ALLOWABLE EXPENSES - RESEARCH
681,A500010,01526,00100,A
681,A500010,01526,00300,RESEARCH
681,A500010,01527,00000,NON ALLOWABLE EXPENSES - BLOOD
681,A500010,01527,00100,A
681,A500010,01527,00300,BLOOD BANK
681,A500010,01531,00000,NON ALLOWABLE EXPENSES - NON TT
681,A500010,01531,00100,A
681,A500010,01531,00300,LABORATORY-NON-TISSUE TYPING
681,A500010,01533,00000,NON ALLOWABLE EXPENSES - TISSUE
681,A500010,01533,00100,A
681,A500010,01533,00300,TISSUE ACQUISITIONS
681,A500010,01534,00000,NON ALLOWABLE EXPENSES - PHARMACY
681,A500010,01534,00100,A
681,A500010,01534,00300,THERAPEUTIC PRODUCTS
681,A500010,01535,00000,ADD BCRF RESEARCH EXPENSES
681,A500010,01535,00100,A
681,A500010,01535,00300,RESEARCH FOUNDATION
681,A500010,01536,00000,AFFILIATE SERVICES FEES
681,A500010,01536,00100,A
681,A500010,01536,00300,ADMINISTRATIVE & GENERAL
681,A500010,01537,00000,AFFILIATE SERVICES FEES
681,A500010,01537,00100,A
681,A500010,01537,00300,EMPLOYEE BENEFITS
681,A500010,01544,00000,AFFILIATE SERVICES FEES
681,A500010,01544,00100,A
681,A500010,01544,00300,LAB ADMIN
681,A500010,01545,00000,AFFILIATE SERVICES FEES
681,A500010,01545,00100,A
681,A500010,01545,00300,RESEARCH
681,A500010,01546,00000,EXPENSES BOOKED IN ERROR - LIVER
681,A500010,01546,00100,A
681,A500010,01546,00300,LIVER ACQUISITIONS
681,A500010,01547,00000,EXPENSES BOOKED IN ERROR - KIDNEY
681,A500010,01547,00100,A
681,A500010,01547,00300,KIDNEY ACQUISITIONS
681,A500010,01548,00000,EXPENSES BOOKED IN ERROR - HEART
681,A500010,01548,00100,A
681,A500010,01548,00300,HEART ACQUISITIONS
681,A500010,01549,00000,EXPENSES BOOKED IN ERROR - LUNG
681,A500010,01549,00100,A
681,A500010,01549,00300,LUNG ACQUISITIONS
681,A500010,01550,00000,EXPENSES BOOKED IN ERROR - PANCREAS
681,A500010,01550,00100,A
681,A500010,01550,00300,PANCREAS ACQUISITIONS
681,A500010,01551,00000,ADJ OH FOR RESEARCH FDN SUPPORT
681,A500010,01551,00100,A
681,A500010,01551,00300,ADMINISTRATIVE & GENERAL
681,A51000A,00100,00100,Y
681,A51000B,00100,00200,CAPITAL COSTS-BLDG & FIXT
681,A51000B,00100,00300,CORPORATE SERVICES
681,A51000B,00200,00200,ADMINISTRATIVE & GENERAL
681,A51000B,00200,00300,CORPORATE SERVICES
681,A51000C,00100,00100,G
681,A51000C,00100,00400,VERSITI ILLINOIS  INC
681,A51000C,00100,00600,BLOOD CENTER
681,A51000C,00200,00100,G
681,A51000C,00200,00400,VERSITI MICHIGAN  INC.
681,A51000C,00200,00600,BLOOD CENTER
681,A51000C,00300,00100,G
681,A51000C,00300,00400,VERSITI INDIANA  INC.
681,A51000C,00300,00600,BLOOD CENTER
681,A51000C,00400,00100,B
681,A51000C,00400,00400,VERSITI  INC.
681,A51000C,00400,00600,TRANFUSION SOLUTIONS
681,A60000A,00700,00000,PARKING LOT
681,A60000A,00701,00000,LEASEHOLD IMPROVEMENTS
681,A60000A,00702,00000,BUILDING IMPROVEMENTS
681,A60000A,00703,00000,SOFTWARE DEVELOPMENT
681,A60000A,00704,00000,CIP
681,A60000A,00705,00000,FINANCE LEASES
681,A60000B,00800,00000,LEASEHOLD IMPROVEMENTS
681,A60000B,00801,00000,SOFTWARE DEVELOPMENT
681,A60000B,00802,00000,FINANCE LEASES
681,A60000C,00500,00100,N
681,B10000*,00100,00200,CAP BLDG
681,B10000*,00100,00300,CAP COSTS
681,B10000*,00100,00400,EMPLOYEE
681,B10000*,00100,00500,MEDICAL
681,B10000*,00100,00800,ORGAN
681,B10000*,00100,01000,ADMIN &
681,B10000*,00200,00200,OP PLANT &
681,B10000*,00200,00300,MOVABLE
681,B10000*,00200,00400,BENEFITS
681,B10000*,00200,00500,SUPPLIES
681,B10000*,00200,00800,ACQUISITN
681,B10000*,00200,01000,GENERAL
681,B10000*,00300,00200,HOUSEKEEP
681,B10000*,00300,00300,EQUIPMENT
681,B10000*,00300,00800,COSTS
681,B10000*,00400,00200,SQUARE
681,B10000*,00400,00300,DOLLAR
681,B10000*,00400,00400,ADJUST
681,B10000*,00400,00500,COSTED
681,B10000*,00400,00600,LAB COSTS
681,B10000*,00400,00800,NUMBER
681,B10000*,00400,01000,ACCUM
681,B10000*,00500,00200,FEET
681,B10000*,00500,00300,VALUE
681,B10000*,00500,00400,SALARIES
681,B10000*,00500,00500,REQUISIT
681,B10000*,00500,00600,ONLY
681,B10000*,00500,00800,ORGANS
681,B10000*,00500,01000,COSTS
681,B10000*,00600,00200,1
681,B10000*,00600,00300,2
681,B10000*,00600,00400,3
681,B10000*,00600,00500,3
681,B10000*,00600,00800,3
681,B10000*,00600,01000,3
681,B100000,00000,01000,X
681,E000000,00900,00000,OTHER CURRENT ASSETS
681,E000000,02600,00000,OTHER ASSETS & CIP
681,E000000,03100,00000,OTHER ASSETS
681,E000000,03900,00000,ACCRUED EXPENSES
681,E000000,04100,00000,CURRENT PORTION - FINANCE LEASE LIAB
681,E000000,04600,00000,LONG TERM RETIREMENT PLAN OBLIGATION
681,E000000,04700,00000,OTHER LONG TERM LIABILITIES
681,E000000,04800,00000,OBLIGATIONS - LEASE LIABILITIES
681,E100001,00700,00000,RESEARCH
681,E100001,00800,00000,MEDICAL SERVICES
681,E100001,00900,00000,BIOMATERIALS & CLINICAL SERVICES
681,E200000,01500,00000,INTEREST AND DIVIDENDS
681,E200000,01600,00000,OTHER EXPENSES (CENETRON / SALUS)
681,E200000,01700,00000,AFFILIATE SERVICE FEES
681,E200000,02600,00000,ADDL PENSION GAIN (LOSS)
681,E200000,02700,00000,UNREALIZED GAINS/ LOSSES INVESTMENTS
681,E200000,02701,00000,INCOME TAXES
681,E200000,02702,00000,RENT OR LEASE INCOME
681,S000000,00100,00100,X
681,S000000,00400,00100,2
681,S000000,00500,00100,05/22/2023
681,S000000,00600,00100,10001
681,S000000,00700,00100,N
681,S000000,00800,00100,N
681,S000000,00900,00100,09/12/2024
681,S000000,01000,00100,4
681,S000001,00100,00100,VERSITI WISCONSIN  INC.
681,S000001,00100,00200,52P002
681,S000001,00101,00100,638 N. 18TH STREET
681,S000001,00101,00200,PO BOX 2178
681,S000001,00102,00100,MILWAUKEE
681,S000001,00102,00200,WI
681,S000001,00102,00300,53201
681,S000001,00200,00100,VERSITI WISCONSIN  INC.
681,S000001,00200,00200,52HL01
681,S000001,00201,00100,638 N. 18TH STREET
681,S000001,00201,00200,PO BOX 2178
681,S000001,00202,00100,MILWAUKEE
681,S000001,00202,00200,WI
681,S000001,00202,00300,53201
681,S000001,00300,00100,01/01/2022
681,S000001,00300,00200,12/31/2022
681,S000001,00400,00100,6
681,S000001,00400,00300,1
681,S000001,00400,00400,12/31/2006
681,S000001,00401,00100,6
681,S000001,00401,00300,2
681,S000001,00401,00400,12/31/2006
681,S000002,00100,00200,Y
681,S000002,00300,00100,CHIEF FINANCIAL OFFICER
681,S000002,00400,00100,05/19/2023
681,S100001,00700,00100,N
681,S100001,00810,00000,INTESTINE
681,S100001,00811,00000,OTHER TISSUE
681,S100002,00400,00100,TRANSPLANT EVALUATION PANEL
681,S100002,00401,00100,TRANSPLANT EVALUATION PANEL- STAT
681,S100002,00402,00100,HLA SHIPPED IN KIDNEY
681,S100002,00403,00100,HLA-A LOW RESOLUTION
681,S100002,00404,00100,HLA-B LOW RESOLUTION
681,S100002,00405,00100,ABO ANTIBODY TITER
681,S100002,00406,00100,HLA-C LOW RESOLUTION
681,S100002,00407,00100,HLA-ABC LOW RESOLUTION
681,S100002,00408,00100,HLA DPB1 LOW RESOLUTION TYPING
681,S100002,00409,00100,CROSSMATCH FLOW CYTOMETRIC
681,S100002,00410,00100,HLA ANTIBODY DETECTION
681,S100002,00411,00100,HLA ANTIBODY DETECTION-SOLID PHASE
681,S100002,00412,00100,HLA CLASS II ANTIBODY HIGH RESOLUTIO
681,S100002,00413,00100,HLA CLASS I ANTIBODY HIGH RESOLUTION
681,S100002,00414,00100,HLA-DRB1&DQB1/DQA1 LOW RESOLUTION
681,S100002,00415,00100,HLA-DRB3 B4 B5 LOW RESOLUTION
681,S100002,00416,00100,HLA DQB1/DQA1 LOW RESOLUTION
681,S100002,00417,00100,ABO & RH TRANSPLANT
681,S100002,00418,00100,HLA DRB1 LOW RESOLUTION TYPING
681,S100003,00100,00100,MEDICAL DIRECTOR
681,S100003,00100,00300,MEDICAL DIRECTOR
681,S100003,00100,00500,LAB DIRECTOR
681,S100003,00101,00100,EXEC. DIRECTOR
681,S100003,00101,00300,PROCUREMENT COORDINATOR
681,S100003,00101,00500,TECHNICIANS
681,S100003,00102,00100,CLERICAL
681,S100003,00102,00300,PRESERVATION TECHNICIANS
681,S100003,00102,00500,TISSUE TYPING TECH.
681,S100003,00103,00100,OTHER
681,S100003,00103,00300,OTHER
681,S100003,00103,00500,OTHER
681,S200000,00100,00100,N
681,S200000,00200,00100,N
681,S200000,00300,00100,Y
681,S200000,00400,00100,Y
681,S200000,00400,00200,A
681,S200000,00500,00100,Y
681,S200000,00600,00300,DIRECTOR - ACCOUNTING
681,S200000,00700,00100,VERSITI WISCONSIN  INC.
682,A000000,00100,00000,0100CAPITAL COSTS-BLDG & FIXT
682,A000000,00200,00000,0200CAPITAL COSTS-MVBLE EQUIPMENT
682,A000000,00300,00000,0300EMPLOYEE BENEFITS
682,A000000,00400,00000,0400ADMINISTRATIVE & GENERAL
682,A000000,00500,00000,0500OPERATION AND MAINTENANCE OF PLANT
682,A000000,00600,00000,0600HOUSEKEEPING
682,A000000,00700,00000,0700MEDICAL SUPPLIES
682,A000000,00900,00000,0900PROCUREMENT COORDINATORS
682,A000000,01000,00000,1000PROFESSIONAL EDUCATION
682,A000000,01100,00000,1100PUBLIC EDUCATION
682,A000000,01300,00000,1300KIDNEY ACQUISITIONS
682,A000000,01400,00000,1400TISSUE TYPING LABORATORY
682,A000000,01500,00000,1500LIVER ACQUISITIONS
682,A000000,01600,00000,1600HEART ACQUISITIONS
682,A000000,01700,00000,1700PANCREAS ACQUISITIONS
682,A000000,01800,00000,1800LUNG ACQUISITIONS
682,A000000,01900,00000,1900HEART\LUNG
682,A000000,01901,00000,1901SMALL BOWEL
682,A000000,01902,00000,1902PANCREAS ISLETS
682,A000000,02100,00000,2100RESEARCH
682,A000000,02200,00000,2200BLOOD BANK
682,A000000,02300,00000,2300LABORATORY-NON-TISSUE TYPING
682,A000000,02400,00000,2400DIALYSIS UNITS
682,A000000,02500,00000,2500TISSUE
682,A100000,01700,00000,OTHER CONSULTING EXPENSES
682,A100000,01800,00000,FACILITY OPERATING EXPENSES
682,A100000,01900,00000,OTHER OPERATING EXPENSES
682,A100000,01901,00000,OTHER EMPLOYEE BENEFIT EXPENSES
682,A20H000,00900,00000,HOSPITAL CHARGES
682,A20H000,00901,00000,CARDIAC CATH
682,A20H000,00902,00000,X-RAY
682,A20H000,02100,00000,HOSPITAL
682,A20H000,02101,00000,BIOPSY
682,A20H000,02102,00000,MTF FAMILY CONSENTS
682,A20H000,02103,00000,OTHER CLINICAL EXPENSE
682,A20H000,02104,00000,OTHER PHYSICIAN CHARGES
682,A20H000,02105,00000,RECOVERY SITE FEE
682,A20H000,02106,00000,SEROLOGY TESTING
682,A20H000,02107,00000,OTHER ORGAN RECOVERY EXPENSES
682,A20K000,00900,00000,HOSPITAL CHARGES
682,A20K000,00901,00000,CARDIAC CATH
682,A20K000,00902,00000,X-RAY
682,A20K000,02100,00000,HOSPITAL
682,A20K000,02101,00000,BIOPSY
682,A20K000,02102,00000,MTF FAMILY CONSENTS
682,A20K000,02103,00000,OTHER CLINICAL EXPENSE
682,A20K000,02104,00000,OTHER PHYSICIAN CHARGES
682,A20K000,02105,00000,RECOVERY SITE FEE
682,A20K000,02106,00000,SEROLOGY TESTING
682,A20K000,02107,00000,OTHER ORGAN RECOVERY EXPENSES
682,A20L000,00900,00000,HOSPITAL CHARGES
682,A20L000,00901,00000,CARDIAC CATH
682,A20L000,00902,00000,X-RAY
682,A20L000,02100,00000,HOSPITAL
682,A20L000,02101,00000,BIOPSY
682,A20L000,02102,00000,MTF FAMILY CONSENTS
682,A20L000,02103,00000,OTHER CLINICAL EXPENSE
682,A20L000,02104,00000,OTHER PHYSICIAN CHARGES
682,A20L000,02105,00000,RECOVERY SITE FEE
682,A20L000,02106,00000,SEROLOGY TESTING
682,A20L000,02107,00000,OTHER ORGAN RECOVERY EXPENSES
682,A20O000,00900,00000,HOSPITAL CHARGES
682,A20O000,00901,00000,CARDAC CATH
682,A20O000,00902,00000,X-RAY
682,A20O000,02100,00000,HOSPITAL
682,A20O000,02101,00000,BIOPSY
682,A20O000,02102,00000,MTF FAMILY CONSENTS
682,A20O000,02103,00000,OTHER CLINICAL EXPENSE
682,A20O000,02104,00000,OTHER PHYSICIAN CHARGES
682,A20O000,02105,00000,RECOVERY SITE FEE
682,A20O000,02106,00000,SEROLOGY TESTING
682,A20O000,02107,00000,OTHER ORGAN RECOVERY EXPENSES
682,A20O001,00900,00000,HOSPITAL CHARGES
682,A20O001,00901,00000,CARDIAC CATH
682,A20O001,00902,00000,X-RAY
682,A20O001,00903,00000,OTHER EXCISION HOSPITAL
682,A20O001,02100,00000,HOSPITAL
682,A20O001,02101,00000,BIOPSY
682,A20O001,02102,00000,MTF FAMILY CONSENTS
682,A20O001,02103,00000,OTHER CLINICAL EXPENSE
682,A20O001,02104,00000,OTHER PHYSICIAN CHARGES
682,A20O001,02105,00000,RECOVERY SITE FEE
682,A20O001,02106,00000,SEROLOGY TESTING
682,A20O001,02107,00000,OTHER DONOR MAINTENANCE EXPENSE
682,A20O002,00900,00000,OTHER EXCISION HOSPITAL COSTS
682,A20O002,00901,00000,CARDIAC CATH COST
682,A20O002,00902,00000,X-RAY COST
682,A20O002,02100,00000,HOSPITAL
682,A20O002,02101,00000,BIOPSY
682,A20O002,02102,00000,MTF FAMILY CONSENTS
682,A20O002,02103,00000,OTHER CLINICAL EXPENSE
682,A20O002,02104,00000,OTHER PHYSICIAN CHARGES
682,A20O002,02105,00000,RECOVERY SITE FEE
682,A20O002,02106,00000,SEROLOGY TESTING
682,A20O002,02107,00000,OTHER DONOR MAINTENANCE EXPENSE
682,A20P000,00900,00000,HOSPITAL CHARGES
682,A20P000,00901,00000,CARDIAC CATH
682,A20P000,00902,00000,X-RAY
682,A20P000,02100,00000,HOSPITAL
682,A20P000,02101,00000,BIOPSY
682,A20P000,02102,00000,MTF FAMILY CONSENTS
682,A20P000,02103,00000,OTHER CLINICAL EXPENSE
682,A20P000,02104,00000,OTHER PHYSICIAN CHARGES
682,A20P000,02105,00000,RECOVERY SITE FEE
682,A20P000,02106,00000,SEROLOGY TESTING
682,A20P000,02107,00000,OTHER ORGAN RECOVERY EXPENSES
682,A20U000,00900,00000,HOSPITAL CHARGES
682,A20U000,00901,00000,CARDIAC CATH
682,A20U000,00902,00000,X-RAY
682,A20U000,02100,00000,HOSPITAL
682,A20U000,02101,00000,BIOPSY
682,A20U000,02102,00000,MTF FAMILY CONSENTS
682,A20U000,02103,00000,OTHER CLINICAL EXPENSE
682,A20U000,02104,00000,OTHER PHYSICIAN CHARGES
682,A20U000,02105,00000,RECOVERY SITE FEE
682,A20U000,02106,00000,SEROLOGY TESTING
682,A20U000,02107,00000,OTHER ORGAN RECOVERY EXPENSES
682,A400010,00100,00000,TISSUE OVERHEAD RECLASS
682,A400010,00100,00100,A
682,A400010,00100,00200,TISSUE
682,A400010,00100,00500,PROCUREMENT COORDINATORS
682,A400010,00200,00000,TISSUE OVERHEAD RECLASS
682,A400010,00200,00100,A
682,A400010,00200,00500,PROFESSIONAL EDUCATION
682,A400010,00300,00000,A&G OCCUPANCY COST RECLASS
682,A400010,00300,00100,B
682,A400010,00300,00200,ADMINISTRATIVE & GENERAL
682,A400010,00300,00500,CAPITAL COSTS-BLDG & FIXT
682,A400010,00400,00000,A&G OCCUPANCY COST RECLASS
682,A400010,00400,00100,B
682,A400010,00400,00500,CAPITAL COSTS-MVBLE EQUIPMENT
682,A400010,00500,00000,403B PENSION EXPENSE RECLASS
682,A400010,00500,00100,D
682,A400010,00500,00200,ADMINISTRATIVE & GENERAL
682,A400010,00500,00500,EMPLOYEE BENEFITS
682,A400010,00600,00000,403B PENSION EXPENSE RECLASS
682,A400010,00600,00100,D
682,A400010,00600,00200,PROCUREMENT COORDINATORS
682,A400010,00700,00000,403B PENSION EXPENSE RECLASS
682,A400010,00700,00100,D
682,A400010,00700,00200,PROFESSIONAL EDUCATION
682,A400010,00800,00000,403B PENSION EXPENSE RECLASS
682,A400010,00800,00100,D
682,A400010,00800,00200,TISSUE
682,A400010,00900,00000,DEPRECIATION EXP RECLASS
682,A400010,00900,00100,E
682,A400010,00900,00200,PROCUREMENT COORDINATORS
682,A400010,00900,00500,CAPITAL COSTS-MVBLE EQUIPMENT
682,A400010,01000,00000,DEPRECIATION EXP RECLASS
682,A400010,01000,00100,E
682,A400010,01000,00200,TISSUE
682,A400010,01100,00000,LEASEHOLD DEPR RECLASS
682,A400010,01100,00100,F
682,A400010,01100,00200,PROCUREMENT COORDINATORS
682,A400010,01100,00500,CAPITAL COSTS-MVBLE EQUIPMENT
682,A400010,01200,00000,LEASEHOLD DEPR RECLASS
682,A400010,01200,00100,F
682,A400010,01200,00200,TISSUE
682,A500010,00800,00100,B
682,A500010,00800,00300,PROCUREMENT COORDINATORS
682,A500010,01500,00000,NON-ALLOWABLE SURGEON FEES - KIDNEY
682,A500010,01500,00100,A
682,A500010,01500,00300,KIDNEY ACQUISITIONS
682,A500010,01501,00000,BANK & INVESTMENT FEES
682,A500010,01501,00100,A
682,A500010,01501,00300,ADMINISTRATIVE & GENERAL
682,A500010,01502,00000,BANK FEES
682,A500010,01502,00100,A
682,A500010,01502,00300,ADMINISTRATIVE & GENERAL
682,A500010,01503,00000,LIABILITY LOSS IN EXCESS OF INSURANC
682,A500010,01503,00100,A
682,A500010,01503,00300,ADMINISTRATIVE & GENERAL
682,A500010,01504,00000,SIGHTLIFE REFERRAL CALL CENTER REV
682,A500010,01504,00100,B
682,A500010,01504,00300,ADMINISTRATIVE & GENERAL
682,A500010,01505,00000,SIERRA DONOR CALL CENTER REV
682,A500010,01505,00100,B
682,A500010,01505,00300,ADMINISTRATIVE & GENERAL
682,A500010,01506,00000,TRANSPLANT GAMES EXPENSE
682,A500010,01506,00100,A
682,A500010,01506,00300,PROFESSIONAL EDUCATION
682,A500010,01507,00000,PAIRED KIDNEY EXCHANGE REV
682,A500010,01507,00100,B
682,A500010,01507,00300,PROCUREMENT COORDINATORS
682,A500010,01508,00000,ANABIOS CALL CENTER REVENUE
682,A500010,01508,00100,B
682,A500010,01508,00300,ADMINISTRATIVE & GENERAL
682,A500010,01509,00000,VCA ABDOMINAL WALL
682,A500010,01509,00100,A
682,A500010,01509,00300,PROCUREMENT COORDINATORS
682,A500010,01511,00000,NON-ALLOWABLE MEALS
682,A500010,01511,00100,A
682,A500010,01511,00300,ADMINISTRATIVE & GENERAL
682,A500010,01512,00000,NON-ALLOWABLE MTG
682,A500010,01512,00100,A
682,A500010,01512,00300,PROCUREMENT COORDINATORS
682,A500010,01513,00000,NON-ALLOWABLE MEALS
682,A500010,01513,00100,A
682,A500010,01513,00300,PROFESSIONAL EDUCATION
682,A51000A,00100,00100,N
682,A60000A,00700,00000,LEASEHOLD IMPROVEMENTS
682,A60000B,00800,00000,LEASEHOLD IMPROVEMENTS
682,A60000C,00500,00100,N
682,B10000*,00100,00200,CAP BLDG
682,B10000*,00100,00300,CAP COSTS
682,B10000*,00100,00400,EMPLOYEE
682,B10000*,00100,00500,MEDICAL
682,B10000*,00100,00800,ORGAN
682,B10000*,00100,01000,ADMIN &
682,B10000*,00200,00200,OP PLANT &
682,B10000*,00200,00300,MOVABLE
682,B10000*,00200,00400,BENEFITS
682,B10000*,00200,00500,SUPPLIES
682,B10000*,00200,00800,ACQUISITN
682,B10000*,00200,01000,GENERAL
682,B10000*,00300,00200,HOUSEKEEP
682,B10000*,00300,00300,EQUIPMENT
682,B10000*,00300,00800,COSTS
682,B10000*,00400,00200,SQUARE
682,B10000*,00400,00300,DOLLAR
682,B10000*,00400,00400,ADJUST
682,B10000*,00400,00500,COSTED
682,B10000*,00400,00800,NUMBER
682,B10000*,00400,01000,ACCUM
682,B10000*,00500,00200,FEET
682,B10000*,00500,00300,VALUE
682,B10000*,00500,00400,SALARIES
682,B10000*,00500,00500,REQUISIT
682,B10000*,00500,00800,ORGANS
682,B10000*,00500,01000,COSTS
682,B10000*,00600,00200,1
682,B10000*,00600,00300,2
682,B10000*,00600,00400,3
682,B10000*,00600,00500,3
682,B10000*,00600,00800,3
682,B10000*,00600,01000,3
682,B100000,00000,01000,X
682,E000000,00900,00000,MEDICARE SETTLEMENT RECEIVABLE
682,E000000,02600,00000,OTHER FIXED ASSETS
682,E000000,03100,00000,OTHER ASSETS
682,E000000,03900,00000,ACCRUAL FOR ORGAN RETRIEVAL SERVICES
682,E000000,04100,00000,SHORT TERM LEASE LIABILITY
682,E000000,04600,00000,DEFERRED LEASE PAYABLE
682,E000000,04700,00000,ACCRUED LEGAL SETTLEMENT
682,E100001,00700,00000,TISSUE REVENUE
682,E100001,00800,00000,ORGAN RESEARCH REVENUE
682,E100001,00900,00000,MEDICARE CONTRACTUAL ADJUSTMENT
682,E100002,00300,00000,OTHER EXPENSES
682,E100002,00400,00000,PRIOR PERIOD ADJUSTMENT
682,E100002,00500,00000,ROUNDING
682,E100002,00800,00000,OTHER EXPENSES
682,E100002,00900,00000,ROUNDING
682,E100002,01000,00000,PRIOR PERIOD ADJ
682,E100002,01001,00000,AJE01 OFFICE SUPPLIES
682,E200000,01500,00000,NET ASSETS RELEASED FROM RESTRICTION
682,E200000,01600,00000,BAD DEBT RECOVERY REVENUE
682,E200000,01700,00000,FEDERAL GRANT - PPP LOAN FORGIVENESS
682,E200000,02000,00000,CONTRIBUTIONS WITH DONOR RESTRICTION
682,E200000,02100,00000,CHANGE IN TEMP RESTRICTED ASSETS
682,E200000,02200,00000,OTHER REVENUE
682,E200000,02300,00000,NET ASSETS WITH DONOR RESTRICTIONS
682,E200000,02600,00000,CHANGE IN TEMP RESTRICTED NET ASSETS
682,E200000,02700,00000,LEGAL SETTLEMENT
682,E200000,02701,00000,INVESTMENT LOSS
682,S000000,00100,00100,X
682,S000000,00400,00100,2
682,S000000,00500,00100,05/31/2023
682,S000000,00600,00100,10001
682,S000000,00700,00100,N
682,S000000,00800,00100,N
682,S000000,00900,00100,09/13/2024
682,S000000,01000,00100,4
682,S000001,00100,00100,DONOR NETWORK WEST
682,S000001,00100,00200,05P005
682,S000001,00101,00100,12667 ALCOSTA BLVD  SUITE 500
682,S000001,00102,00100,SAN RAMON
682,S000001,00102,00200,CA
682,S000001,00102,00300,94583
682,S000001,00300,00100,01/01/2022
682,S000001,00300,00200,12/31/2022
682,S000001,00400,00100,6
682,S000001,00400,00300,1
682,S000001,00400,00400,11/01/1987
682,S000001,00401,00300,1
682,S000002,00100,00200,Y
682,S000002,00300,00100,CHIEF FINANCIAL OFFICER
682,S000002,00400,00100,05/30/2023
682,S100001,00700,00100,N
682,S100001,00810,00000,SMALL BOWEL
682,S100001,00811,00000,VERTEBRAL SEGMENT
682,S100001,00812,00000,OTHER\VEIN
682,S100003,00100,00100,MEDICAL DIRECTOR
682,S100003,00100,00300,MEDICAL DIRECTOR
682,S100003,00100,00500,LAB DIRECTOR
682,S100003,00101,00100,EXEC. DIRECTOR
682,S100003,00101,00300,PROCUREMENT COORDINATOR
682,S100003,00101,00500,TECHNICIANS
682,S100003,00102,00100,CLERICAL
682,S100003,00102,00300,PRESERVATION TECHNICIANS
682,S100003,00102,00500,TISSUE TYPING TECH.
682,S100003,00103,00100,OTHER
682,S100003,00103,00300,OTHER
682,S100003,00103,00500,OTHER
682,S200000,00100,00100,N
682,S200000,00200,00100,N
682,S200000,00300,00100,N
682,S200000,00400,00100,Y
682,S200000,00400,00200,A
682,S200000,00500,00100,N
682,S200000,00600,00300,CONTROLLER
682,S200000,00700,00100,DONOR NETWORK WEST
683,A000000,00100,00000,0100CAPITAL COSTS-BLDG & FIXT
683,A000000,00200,00000,0200CAPITAL COSTS-MVBLE EQUIPMENT
683,A000000,00300,00000,0300EMPLOYEE BENEFITS
683,A000000,00400,00000,0400ADMINISTRATIVE & GENERAL
683,A000000,00500,00000,0500OPERATION AND MAINTENANCE OF PLANT
683,A000000,00600,00000,0600HOUSEKEEPING
683,A000000,00700,00000,0700MEDICAL SUPPLIES
683,A000000,00800,00000,0800OTHER OVERHEAD
683,A000000,00900,00000,0900PROCUREMENT COORDINATORS
683,A000000,01000,00000,1000PROFESSIONAL EDUCATION
683,A000000,01100,00000,1100PUBLIC EDUCATION
683,A000000,01200,00000,1200OTHER ACQUISITION
683,A000000,01201,00000,1201NO GO COSTS
683,A000000,01300,00000,1300KIDNEY ACQUISITIONS
683,A000000,01400,00000,1400TISSUE TYPING LABORATORY
683,A000000,01500,00000,1500LIVER ACQUISITIONS
683,A000000,01600,00000,1600HEART ACQUISITIONS
683,A000000,01700,00000,1700PANCREAS ACQUISITIONS
683,A000000,01800,00000,1800LUNG ACQUISITIONS
683,A000000,01900,00000,1900INTESTINE
683,A000000,01901,00000,1901VCA
683,A000000,02100,00000,2100RESEARCH
683,A000000,02200,00000,2200BLOOD BANK
683,A000000,02300,00000,2300LABORATORY-NON-TISSUE TYPING
683,A000000,02400,00000,2400DIALYSIS UNITS
683,A000000,02500,00000,2500OTHER NON-REIMBURSABLE
683,A000000,02501,00000,2501TISSUE PROCUREMENT
683,A000000,02502,00000,2502IOPO FOUNDATION
683,A000000,02503,00000,2503ARC RENTAL SPACE
683,A100000,01700,00000,QUALITY
683,A100000,01800,00000,OTHER
683,A20H000,00900,00000,ALL OTHER EXCISION HOSPITAL
683,A20H000,02100,00000,ALL OTHER ACQUISITION COSTS
683,A20K000,00900,00000,ADDITIONAL EXCISION COSTS
683,A20K000,02100,00000,OTHER ACQUISITION COST
683,A20L000,00900,00000,ALL OTHER EXCISION HOSPITAL
683,A20L000,02100,00000,ALL OTHER ACQUISITION COSTS
683,A20O000,00900,00000,ALL OTHER EXCISION HOSPITAL
683,A20O000,02100,00000,ALL OTHER ACQUISITION COSTS
683,A20P000,00900,00000,ALL OTHER EXCISION HOSPITAL
683,A20P000,02100,00000,ALL OTHER ACQUISITION COSTS
683,A20U000,00900,00000,ALL OTHER EXCISION HOSPITAL
683,A20U000,02100,00000,ALL OTHER ACQUISITION COSTS
683,A400010,00100,00000,ADMIN & GENERAL EE BENEFIT COSTS
683,A400010,00100,00100,B
683,A400010,00100,00200,ADMINISTRATIVE & GENERAL
683,A400010,00100,00500,EMPLOYEE BENEFITS
683,A400010,00200,00000,TISSUE OVERHEAD ALLOCATION
683,A400010,00200,00100,C
683,A400010,00200,00200,TISSUE PROCUREMENT
683,A400010,00200,00500,PUBLIC EDUCATION
683,A400010,00300,00000,TISSUE OVERHEAD ALLOCATION
683,A400010,00300,00100,C
683,A400010,00300,00500,OTHER ACQUISITION
683,A400010,00400,00000,DONATION COORDINATOR TISSUE TIME REC
683,A400010,00400,00100,D
683,A400010,00400,00200,TISSUE PROCUREMENT
683,A400010,00400,00500,PROCUREMENT COORDINATORS
683,A400010,00500,00000,ADMIN & GENERAL OCCUPANCY COST
683,A400010,00500,00100,E
683,A400010,00500,00200,ADMINISTRATIVE & GENERAL
683,A400010,00500,00500,CAPITAL COSTS-BLDG & FIXT
683,A400010,00600,00000,ADMIN & GENERAL OCCUPANCY COST
683,A400010,00600,00100,E
683,A400010,00600,00500,CAPITAL COSTS-MVBLE EQUIPMENT
683,A400010,00700,00000,ADMIN & GENERAL OCCUPANCY COST
683,A400010,00700,00100,E
683,A400010,00700,00500,OPERATION AND MAINTENANCE OF PLANT
683,A400010,00800,00000,VITAL LINK SALARY RECLASS
683,A400010,00800,00100,F
683,A400010,00800,00200,PROCUREMENT COORDINATORS
683,A400010,00800,00500,TISSUE PROCUREMENT
683,A400010,00900,00000,MOVEABLE EQUIPMENT DEPR RECLASS
683,A400010,00900,00100,H
683,A400010,00900,00200,CAPITAL COSTS-MVBLE EQUIPMENT
683,A400010,00900,00500,CAPITAL COSTS-BLDG & FIXT
683,A400010,01000,00000,MOVEABLE EQUIPMENT DEPR RECLASS
683,A400010,01000,00100,H
683,A400010,01000,00200,ADMINISTRATIVE & GENERAL
683,A400010,01100,00000,MINOR CAPITAL COST RECLASS
683,A400010,01100,00100,J
683,A400010,01100,00200,ADMINISTRATIVE & GENERAL
683,A400010,01100,00500,CAPITAL COSTS-MVBLE EQUIPMENT
683,A400010,01200,00000,SUPPLY CHAIN RECLASS
683,A400010,01200,00100,K
683,A400010,01200,00200,PROCUREMENT COORDINATORS
683,A400010,01200,00500,TISSUE PROCUREMENT
683,A500010,00200,00100,B
683,A500010,00200,00300,ADMINISTRATIVE & GENERAL
683,A500010,00800,00100,B
683,A500010,00800,00300,PROCUREMENT COORDINATORS
683,A500010,01100,00100,B
683,A500010,01100,00300,TISSUE PROCUREMENT
683,A500010,01601,00000,MEDICARE NON REIMBURSIBLE
683,A500010,01601,00100,A
683,A500010,01601,00300,PROCUREMENT COORDINATORS
683,A500010,01602,00000,VITAL LINK CALL CENTER REFERRAL REV
683,A500010,01602,00100,B
683,A500010,01602,00300,TISSUE PROCUREMENT
683,A500010,01603,00000,LIVING KIDNEY REIMBURSEMENT
683,A500010,01603,00100,B
683,A500010,01603,00300,PROCUREMENT COORDINATORS
683,A500010,01604,00000,FUNERAL HOME CHARGES - TISSUE
683,A500010,01604,00100,A
683,A500010,01604,00300,TISSUE PROCUREMENT
683,A500010,01611,00000,COURIER SERVICE REVENUE
683,A500010,01611,00100,B
683,A500010,01611,00300,PROCUREMENT COORDINATORS
683,A500010,01620,00000,DLI MGMT FEE REVENUE
683,A500010,01620,00100,B
683,A500010,01620,00300,PUBLIC EDUCATION
683,A500010,01621,00000,TO REMOVE NON-ALLOWABLE SPONSORSHIP
683,A500010,01621,00100,A
683,A500010,01621,00300,PUBLIC EDUCATION
683,A51000A,00100,00100,Y
683,A51000B,00100,00200,PROCUREMENT COORDINATORS
683,A51000B,00100,00300,NLW TRANS EXPENSE
683,A51000B,00200,00200,KIDNEY ACQUISITIONS
683,A51000B,00200,00300,NLW TRANS EXPENSE
683,A51000B,00300,00200,LIVER ACQUISITIONS
683,A51000B,00300,00300,NLW TRANS EXPENSE
683,A51000B,00400,00200,HEART ACQUISITIONS
683,A51000B,00400,00300,NLW TRANS EXPENSE
683,A51000B,00401,00200,PANCREAS ACQUISITIONS
683,A51000B,00401,00300,NLW TRANS EXPENSE
683,A51000B,00402,00200,LUNG ACQUISITIONS
683,A51000B,00402,00300,NLW TRANS EXPENSE
683,A51000B,00403,00200,INTESTINE
683,A51000B,00403,00300,NLW TRANS EXPENSE
683,A51000C,00100,00100,C
683,A51000C,00100,00400,NLW  INC
683,A51000C,00100,00600,AIR TRANSPORTATION
683,A51000C,00200,00100,C
683,A51000C,00200,00400,INDIANA DONOR NETWORK FOUNDATION
683,A51000C,00200,00600,FOUNDATION
683,A60000A,00700,00000,BUILDING IMPROVEMENTS
683,A60000A,00701,00000,FIXED ASSET HOLDING
683,A60000A,00702,00000,AIRPLANE
683,A60000B,00800,00000,FIXED ASSET HOLDING
683,A60000B,00801,00000,AIRPLANE
683,A60000C,00500,00100,Y
683,B10000*,00100,00200,CAP BLDG
683,B10000*,00100,00300,CAP COSTS
683,B10000*,00100,00400,EMPLOYEE
683,B10000*,00100,00500,MEDICAL
683,B10000*,00100,00800,ORGAN
683,B10000*,00100,01000,ADMIN &
683,B10000*,00200,00200,OP PLANT &
683,B10000*,00200,00300,MOVABLE
683,B10000*,00200,00400,BENEFITS
683,B10000*,00200,00500,SUPPLIES
683,B10000*,00200,00800,ACQUISITN
683,B10000*,00200,01000,GENERAL
683,B10000*,00300,00200,HOUSEKEEP
683,B10000*,00300,00300,EQUIPMENT
683,B10000*,00300,00800,COSTS
683,B10000*,00400,00200,SQUARE
683,B10000*,00400,00300,DOLLAR
683,B10000*,00400,00400,ADJUST
683,B10000*,00400,00500,COSTED
683,B10000*,00400,00800,NUMBER
683,B10000*,00400,01000,ACCUM
683,B10000*,00500,00200,FEET
683,B10000*,00500,00300,VALUE
683,B10000*,00500,00400,SALARIES
683,B10000*,00500,00500,REQUISIT
683,B10000*,00500,00800,ORGANS
683,B10000*,00500,01000,COSTS
683,B10000*,00600,00200,1
683,B10000*,00600,00300,2
683,B10000*,00600,00400,3
683,B10000*,00600,00500,3
683,B10000*,00600,00800,3
683,B10000*,00600,01000,3
683,B100000,00000,01000,X
683,E000000,00900,00000,DUE FROM THIRD PARTY
683,E000000,02600,00000,ADDITIONAL FIXED ASSETS
683,E000000,03100,00000,RIGHT OF USE ASSETS
683,E000000,03900,00000,THIRD-PARTY SETTLEMENT
683,E000000,04100,00000,OTHER
683,E000000,04600,00000,LONG TERM DEBT
683,E100001,00700,00000,PROCUREMENT REVENUE
683,E100001,00800,00000,AIR AND GROUND TRANSPORTATION
683,E100001,00900,00000,OTHER
683,E100002,00300,00000,TXJET
683,E100002,00400,00000,FOUNDATION DISTRIB
683,E100002,00500,00000,WS A VARIANCE
683,E100002,00800,00000,INTERCOMPANY ELIMINATIONS
683,E100002,00900,00000,ROUNDING
683,E200000,01500,00000,REALIZED & UNREALIZED GAIN ON INVEST
683,E200000,02600,00000,REALIZED & UNREALIZED LOSS ON INVEST
683,E200000,02700,00000,ROUNDING
683,S000000,00100,00100,X
683,S000000,00400,00100,2
683,S000000,00500,00100,05/23/2023
683,S000000,00600,00100,10001
683,S000000,00700,00100,N
683,S000000,00800,00100,N
683,S000000,00900,00100,09/13/2024
683,S000000,01000,00100,4
683,S000001,00100,00100,INDIANA ORGAN PROCUREMENT ORG
683,S000001,00100,00200,15P001
683,S000001,00101,00100,3760 GUION ROAD
683,S000001,00102,00100,INDIANAPOLIS
683,S000001,00102,00200,IN
683,S000001,00102,00300,46222
683,S000001,00300,00100,01/01/2022
683,S000001,00300,00200,12/31/2022
683,S000001,00400,00100,6
683,S000001,00400,00300,1
683,S000001,00400,00400,04/01/1988
683,S000001,00401,00300,1
683,S000002,00100,00200,Y
683,S000002,00300,00100,CHIEF EXECUTIVE OFFICER
683,S000002,00400,00100,05/09/2023
683,S100001,00700,00100,N
683,S100001,00810,00000,OTHER\VEIN
683,S100001,00811,00000,INTESTINE
683,S100001,00812,00000,VCA
683,S100003,00100,00100,MEDICAL DIRECTOR
683,S100003,00100,00300,MEDICAL DIRECTOR
683,S100003,00100,00500,LAB DIRECTOR
683,S100003,00101,00100,EXEC. DIRECTOR
683,S100003,00101,00300,PROCUREMENT COORDINATOR
683,S100003,00101,00500,TECHNICIANS
683,S100003,00102,00100,CLERICAL
683,S100003,00102,00300,PRESERVATION TECHNICIANS
683,S100003,00102,00500,TISSUE TYPING TECH.
683,S100003,00103,00100,OTHER
683,S100003,00103,00300,OTHER
683,S100003,00103,00500,OTHER
683,S200000,00100,00100,N
683,S200000,00200,00100,N
683,S200000,00300,00100,Y
683,S200000,00400,00100,Y
683,S200000,00400,00200,A
683,S200000,00500,00100,Y
683,S200000,00600,00300,FINANCIAL CONTROLLER
683,S200000,00700,00100,INDIANA DONOR NETWORK
684,A000000,00100,00000,0100CAPITAL COSTS-BLDG & FIXT
684,A000000,00200,00000,0200CAPITAL COSTS-MVBLE EQUIPMENT
684,A000000,00300,00000,0300EMPLOYEE BENEFITS
684,A000000,00400,00000,0400ADMINISTRATIVE & GENERAL
684,A000000,00500,00000,0500OPERATION AND MAINTENANCE OF PLANT
684,A000000,00600,00000,0600HOUSEKEEPING
684,A000000,00700,00000,0700MEDICAL SUPPLIES
684,A000000,00800,00000,0800OTHER OVERHEAD
684,A000000,00900,00000,0900PROCUREMENT COORDINATORS
684,A000000,01000,00000,1000PROFESSIONAL EDUCATION
684,A000000,01100,00000,1100PUBLIC EDUCATION
684,A000000,01200,00000,1200OTHER ACQUISITION
684,A000000,01300,00000,1300KIDNEY ACQUISITIONS
684,A000000,01400,00000,1400TISSUE TYPING LABORATORY
684,A000000,01500,00000,1500LIVER ACQUISITIONS
684,A000000,01600,00000,1600HEART ACQUISITIONS
684,A000000,01700,00000,1700PANCREAS ACQUISITIONS
684,A000000,01800,00000,1800LUNG ACQUISITIONS
684,A000000,01900,00000,1900OTHER ACQUISITIONS
684,A000000,02100,00000,2100RESEARCH
684,A000000,02200,00000,2200BLOOD BANK
684,A000000,02300,00000,2300LABORATORY-NON-TISSUE TYPING
684,A000000,02400,00000,2400DIALYSIS UNITS
684,A000000,02500,00000,2500OTHER NON-REIMBURSABLE
684,A100000,01700,00000,OTHER EXPENSE
684,A100000,01800,00000,POSTAGE
684,A100000,01900,00000,COMPUTERS/COMPUTER SUPPLIES/MAINTENA
684,A100000,01901,00000,UNIVERSITY OVERHEAD
684,A300000,00600,00000,GRADUATE ASSISTANT/STUDENT EMPLOYEES
684,A300000,00700,00000,COURIER/OVERNIGHT DELIVERY/SHIPPING
684,A300000,00800,00000,LABORATORY SUPPLIES
684,A300000,00900,00000,OTHER EXPENSE
684,A51000A,00100,00100,N
684,A60000C,00500,00100,N
684,B10000*,00100,00200,CAP BLDG
684,B10000*,00100,00300,CAP COSTS
684,B10000*,00100,00400,EMPLOYEE
684,B10000*,00100,00500,MEDICAL
684,B10000*,00100,00800,ORGAN
684,B10000*,00100,01000,ADMIN &
684,B10000*,00200,00200,OP PLANT &
684,B10000*,00200,00300,MOVABLE
684,B10000*,00200,00400,BENEFITS
684,B10000*,00200,00500,SUPPLIES
684,B10000*,00200,00800,ACQUISITN
684,B10000*,00200,01000,GENERAL
684,B10000*,00300,00200,HOUSEKEEP
684,B10000*,00300,00300,EQUIPMENT
684,B10000*,00300,00800,COSTS
684,B10000*,00400,00200,SQUARE
684,B10000*,00400,00300,DOLLAR
684,B10000*,00400,00400,ADJUST
684,B10000*,00400,00500,COSTED
684,B10000*,00400,00800,NUMBER
684,B10000*,00400,01000,ACCUM
684,B10000*,00500,00200,FEET
684,B10000*,00500,00300,VALUE
684,B10000*,00500,00400,SALARIES
684,B10000*,00500,00500,REQUISIT
684,B10000*,00500,00800,ORGANS
684,B10000*,00500,01000,COSTS
684,B10000*,00600,00200,1
684,B10000*,00600,00300,2
684,B10000*,00600,00400,3
684,B10000*,00600,00500,3
684,B10000*,00600,00800,3
684,B10000*,00600,01000,3
684,B100000,00000,01000,X
684,S000000,00100,00100,X
684,S000000,00400,00100,2
684,S000000,00500,00100,11/28/2023
684,S000000,00600,00100,10001
684,S000000,00700,00100,N
684,S000000,00800,00100,N
684,S000000,00900,00100,09/13/2024
684,S000000,01000,00100,4
684,S000001,00100,00100,MSU RESEARCH & IMMUNOLOGY LAB
684,S000001,00100,00200,23HL02
684,S000001,00101,00100,1355 BOGUE ST ROOM B228
684,S000001,00102,00100,EAST LANSING
684,S000001,00102,00200,MI
684,S000001,00102,00300,48824
684,S000001,00300,00100,07/01/2022
684,S000001,00300,00200,06/30/2023
684,S000001,00400,00100,10
684,S000001,00400,00300,2
684,S000001,00400,00400,01/01/1966
684,S000001,00401,00300,1
684,S000002,00300,00100,FINANCIAL ADMINISTRATOR
684,S100001,00700,00100,N
684,S100001,00810,00000,OTHER
684,S100002,00400,00100,SERUM BANKING W/O PRA
684,S100002,00401,00100,SUPPLEMENTAL HLA-DR DQ DP MOLECULAR
684,S100002,00402,00100,HLA SINGLE LOCUS LOW RESOLUTION MOLE
684,S100002,00403,00100,HLA-A B C DR DQ DP TRANSPLANT EVALUA
684,S100002,00404,00100,T&B CELL LYMPHOCYTE CROSSMATCH(FLOW)
684,S100002,00405,00100,HLA ANTIBODY SCREEN(BEAD ARRAY)
684,S100002,00406,00100,HLA CLASS I PRA/ID(BEAD ARRAY)
684,S100002,00407,00100,HLA CLASS II PRA/ID(BEAD ARRAY)
684,S100002,00408,00100,HLA CLASS I SINGLE ANTIGEN(BEAD ARRA
684,S100002,00409,00100,HLA CLASS II SINGLE ANTIGEN(BEAD ARR
684,S100002,00410,00100,HLA CLASS I OR II PRA STAT CHARGE
684,S100003,00100,00100,MEDICAL DIRECTOR
684,S100003,00100,00300,MEDICAL DIRECTOR
684,S100003,00100,00500,LAB DIRECTOR
684,S100003,00101,00100,EXEC. DIRECTOR
684,S100003,00101,00300,PROCUREMENT COORDINATOR
684,S100003,00101,00500,TECHNICIANS
684,S100003,00102,00100,CLERICAL
684,S100003,00102,00300,PRESERVATION TECHNICIANS
684,S100003,00102,00500,TISSUE TYPING TECH.
684,S100003,00103,00100,OTHER
684,S100003,00103,00300,OTHER
684,S100003,00103,00500,OTHER
684,S200000,00100,00100,N
684,S200000,00200,00100,N
684,S200000,00300,00100,N
684,S200000,00400,00100,N
684,S200000,00500,00100,N
684,S200000,00600,00300,FINANCIAL ADMINISTRATOR
684,S200000,00700,00100,MICHIGAN STATE UNIVERSITY
685,A000000,00100,00000,0100CAPITAL COSTS-BLDG & FIXT
685,A000000,00200,00000,0200CAPITAL COSTS-MVBLE EQUIPMENT
685,A000000,00300,00000,0300EMPLOYEE BENEFITS
685,A000000,00400,00000,0400ADMINISTRATIVE & GENERAL
685,A000000,00500,00000,0500OPERATION AND MAINTENANCE OF PLANT
685,A000000,00600,00000,0600HOUSEKEEPING
685,A000000,00700,00000,0700MEDICAL SUPPLIES
685,A000000,00800,00000,0800OTHER OVERHEAD
685,A000000,00900,00000,0900PROCUREMENT COORDINATORS
685,A000000,01000,00000,1000PROFESSIONAL EDUCATION
685,A000000,01100,00000,1100PUBLIC EDUCATION
685,A000000,01200,00000,1200OTHER ACQUISITION
685,A000000,01300,00000,1300KIDNEY ACQUISITIONS
685,A000000,01400,00000,1400TISSUE TYPING LABORATORY
685,A000000,01500,00000,1500LIVER ACQUISITIONS
685,A000000,01600,00000,1600HEART ACQUISITIONS
685,A000000,01700,00000,1700PANCREAS ACQUISITIONS
685,A000000,01800,00000,1800LUNG ACQUISITIONS
685,A000000,01900,00000,1900OTHER ACQUISITIONS
685,A000000,02100,00000,2100RESEARCH
685,A000000,02200,00000,2200BLOOD BANK
685,A000000,02300,00000,2300LABORATORY-NON-TISSUE TYPING
685,A000000,02400,00000,2400DIALYSIS UNITS
685,A000000,02500,00000,2501OTHER NON-REIMBURSABLE
685,A100000,01700,00000,CONTRACT SVC
685,A100000,01800,00000,OTHER
685,A100000,01900,00000,NONALLOWABLE
685,A20H000,00900,00000,OTHER HOSPITAL
685,A20H000,00901,00000,CARDIOLOGY
685,A20H000,00902,00000,RADIOLOGY
685,A20H000,00903,00000,MEDICAL SUPPLIES SPECIFIC
685,A20H000,00904,00000,OTHER LAB FEES
685,A20H000,02100,00000,OTHER ACQUISITION FEES
685,A20K000,00900,00000,OTHER HOSPITAL
685,A20K000,00901,00000,CARDIOLOGY
685,A20K000,00902,00000,RADIOLOGY
685,A20K000,00903,00000,MEDICAL SUPPLIES SPECIFIC
685,A20K000,00904,00000,OTHER LAB FEES
685,A20K000,02100,00000,OTHER ACQUISITION FEES
685,A20L000,00900,00000,OTHER HOSPITAL
685,A20L000,00901,00000,CARDIOLOGY HOSPITAL
685,A20L000,00902,00000,RADIOLOGY
685,A20L000,00903,00000,MEDICAL SUPPLIES SPECIFIC
685,A20L000,00904,00000,OTHER LAB FEES
685,A20L000,02100,00000,OTHER ACQUISITION FEES
685,A20O000,00901,00000,CARDIOLOGY
685,A20O000,00902,00000,RADIOLOGY
685,A20O000,00903,00000,MEDICAL SUPPLIES SPECIFIC
685,A20O000,00904,00000,OTHER LAB FEES
685,A20P000,00900,00000,OTHER HOSPITAL
685,A20P000,00901,00000,CARDIOLOGY
685,A20P000,00902,00000,RADIOLOGY
685,A20P000,00903,00000,MEDICAL SUPPLIES SPECIFIC
685,A20P000,00904,00000,OTHER LAB FEES
685,A20P000,02100,00000,OTHER ACQUISITION FEES
685,A20U000,00901,00000,CARDIOLOGY
685,A20U000,00902,00000,RADIOLOGY
685,A20U000,00903,00000,MEDICAL SUPPLIES SPECIFIC
685,A20U000,00904,00000,OTHER LAB FEES
685,A20U000,02100,00000,OTHER ACQUISITION FEES
685,A400010,00100,00000,RECLASSIFICATIONS
685,A400010,00100,00100,A
685,A400010,00100,00200,OTHER NON-REIMBURSABLE
685,A400010,00100,00500,PROCUREMENT COORDINATORS
685,A500010,01500,00000,NONALLOWABLE EXPENSES
685,A500010,01500,00100,A
685,A500010,01500,00300,ADMINISTRATIVE & GENERAL
685,A500010,01600,00000,SURGEON FEE LIVER
685,A500010,01600,00100,A
685,A500010,01600,00300,LIVER ACQUISITIONS
685,A500010,01601,00000,SURGEON FEE HEART
685,A500010,01601,00100,A
685,A500010,01601,00300,HEART ACQUISITIONS
685,A500010,01602,00000,SURGEON FEE PANCREAS
685,A500010,01602,00100,A
685,A500010,01602,00300,PANCREAS ACQUISITIONS
685,A500010,01603,00000,SURGEON FEE LUNG
685,A500010,01603,00100,A
685,A500010,01603,00300,LUNG ACQUISITIONS
685,A51000A,00100,00100,N
685,A60000B,00800,00000,FURNITURE & FIXTURES
685,A60000B,00801,00000,MEDICAL EQUIPMENT
685,A60000B,00802,00000,COMPUTER EQUIPMENT
685,A60000B,00803,00000,COMPUTER SOFTWARE
685,A60000B,00804,00000,LEASEHOLD IPROVEMENTS
685,A60000B,00805,00000,BUILDING
685,B10000*,00100,00200,CAP BLDG
685,B10000*,00100,00300,CAP COSTS
685,B10000*,00100,00400,EMPLOYEE
685,B10000*,00100,00500,MEDICAL
685,B10000*,00100,00800,ORGAN
685,B10000*,00100,01000,ADMIN &
685,B10000*,00200,00200,OP PLANT &
685,B10000*,00200,00300,MOVABLE
685,B10000*,00200,00400,BENEFITS
685,B10000*,00200,00500,SUPPLIES
685,B10000*,00200,00800,ACQUISITN
685,B10000*,00200,01000,GENERAL
685,B10000*,00300,00200,HOUSEKEEP
685,B10000*,00300,00300,EQUIPMENT
685,B10000*,00300,00800,COSTS
685,B10000*,00400,00200,SQUARE
685,B10000*,00400,00300,DOLLAR
685,B10000*,00400,00400,ADJUST
685,B10000*,00400,00500,COSTED
685,B10000*,00400,00800,NUMBER
685,B10000*,00400,01000,ACCUM
685,B10000*,00500,00200,FEET
685,B10000*,00500,00300,VALUE
685,B10000*,00500,00400,SALARIES
685,B10000*,00500,00500,REQUISIT
685,B10000*,00500,00800,ORGANS
685,B10000*,00500,01000,COSTS
685,B10000*,00600,00200,1
685,B10000*,00600,00300,2
685,B10000*,00600,00400,3
685,B10000*,00600,00500,3
685,B10000*,00600,00800,3
685,B10000*,00600,01000,3
685,B100000,00000,01000,X
685,E000000,00900,00000,OTHER CURRENT ASSETS
685,E000000,02600,00000,OTHER FIXED ASSETS
685,E000000,03100,00000,RIGHT OF USE ASSET
685,E000000,03900,00000,PENSON PAYABLE
685,E100001,00900,00000,TISSUE REVENUE
685,E200000,01700,00000,OTHER INCOME
685,S000000,00100,00100,X
685,S000000,00400,00100,2
685,S000000,00500,00100,05/31/2023
685,S000000,00600,00100,10001
685,S000000,00700,00100,N
685,S000000,00800,00100,N
685,S000000,00900,00100,09/13/2024
685,S000000,01000,00100,4
685,S000001,00100,00100,MISSISSIPPI ORGAN RECOVERY AGENCE
685,S000001,00100,00200,25P001
685,S000001,00101,00100,4400 LAKELAND DRIVE
685,S000001,00102,00100,FLOWOOD
685,S000001,00102,00200,MS
685,S000001,00102,00300,39232
685,S000001,00300,00100,01/01/2022
685,S000001,00300,00200,12/31/2022
685,S000001,00400,00100,8
685,S000001,00400,00300,1
685,S000001,00400,00400,07/01/1994
685,S000001,00401,00300,1
685,S100001,00700,00100,N
685,S100001,00810,00000,SMALL BOWEL
685,S100003,00100,00100,MEDICAL DIRECTOR
685,S100003,00100,00300,MEDICAL DIRECTOR
685,S100003,00100,00500,LAB DIRECTOR
685,S100003,00101,00100,EXEC. DIRECTOR
685,S100003,00101,00300,PROCUREMENT COORDINATOR
685,S100003,00101,00500,TECHNICIANS
685,S100003,00102,00100,CLERICAL
685,S100003,00102,00300,PRESERVATION TECHNICIANS
685,S100003,00102,00500,TISSUE TYPING TECH.
685,S100003,00103,00100,OTHER
685,S100003,00103,00300,OTHER
685,S100003,00103,00500,OTHER
685,S200000,00100,00100,N
685,S200000,00200,00100,N
685,S200000,00300,00100,N
685,S200000,00400,00100,Y
685,S200000,00400,00200,A
685,S200000,00500,00100,N
685,S200000,00600,00300,DIRECTOR OF FINANCE
685,S200000,00700,00100,MISSISSIPPI ORGAN RECOVERY AGENCY
686,A000000,00100,00000,0100CAPITAL COSTS-BLDG & FIXT
686,A000000,00200,00000,0200CAPITAL COSTS-MVBLE EQUIPMENT
686,A000000,00300,00000,0300EMPLOYEE BENEFITS
686,A000000,00400,00000,0400ADMINISTRATIVE & GENERAL
686,A000000,00500,00000,0500OPERATION AND MAINTENANCE OF PLANT
686,A000000,00600,00000,0600HOUSEKEEPING
686,A000000,00700,00000,0700MEDICAL SUPPLIES
686,A000000,00800,00000,0800OTHER OVERHEAD
686,A000000,00900,00000,0900PROCUREMENT COORDINATORS
686,A000000,01000,00000,1000PROFESSIONAL EDUCATION
686,A000000,01100,00000,1100PUBLIC EDUCATION
686,A000000,01300,00000,1300KIDNEY ACQUISITIONS
686,A000000,01400,00000,1400TISSUE TYPING LABORATORY
686,A000000,01500,00000,1500LIVER ACQUISITIONS
686,A000000,01600,00000,1600HEART ACQUISITIONS
686,A000000,01700,00000,1700PANCREAS ACQUISITIONS
686,A000000,01800,00000,1800LUNG ACQUISITIONS
686,A000000,01900,00000,1900SMALL BOWEL
686,A000000,01901,00000,1901HEART/LUNG
686,A000000,02100,00000,2100RESEARCH
686,A000000,02200,00000,2200BLOOD BANK
686,A000000,02300,00000,2300LABORATORY-NON-TISSUE TYPING
686,A000000,02400,00000,2400DIALYSIS UNITS
686,A000000,02501,00000,250125.01 TISSUE/EYE
686,A000000,02502,00000,250225.02 BIRTH TISSUE
686,A100000,01700,00000,SUBSCRIPTIONS/DUES/LICENSES
686,A100000,01800,00000,POSTAGE
686,A100000,01900,00000,CONSULTING
686,A100000,01901,00000,SHIPPING & DELIVERY
686,A100000,01902,00000,AUTO MAINTENANCE
686,A100000,01903,00000,OTHER PURCHASED SERVICES
686,A100000,01904,00000,CYBER SECURITY
686,A20H000,00900,00000,CASE RATES
686,A20H000,02100,00000,PROCUREMENT/PRESERVATION SUPPLIES
686,A20H000,02101,00000,SEROLOGY  ABO TESTS
686,A20K000,00900,00000,CASE RATES
686,A20K000,02100,00000,PROCUREMENT/PRESERVATION SUPPLIES
686,A20K000,02101,00000,SEROLOGY  ABO TESTS
686,A20L000,00900,00000,CASE RATES
686,A20L000,02100,00000,PROCUREMENT/PRESERVATION SUPPLIES
686,A20L000,02101,00000,SEROLOGY  ABO TESTS
686,A20O000,00900,00000,CASE RATES
686,A20O000,02100,00000,PROCUREMENT/PRESERVATION SUPPLIES
686,A20O000,02101,00000,SEROLOGY  ABO TESTS
686,A20O001,00900,00000,CASE RATES
686,A20O001,02100,00000,PROCUREMENT PRESERVATION SUPPLIES
686,A20O001,02101,00000,SEROLOGY  ABO TEST
686,A20P000,00900,00000,CASE RATES
686,A20P000,02100,00000,PROCUREMENT/PRESERVATION SUPPLIES
686,A20P000,02101,00000,SEROLOGY  ABO TESTS
686,A20U000,00900,00000,CASE RATES
686,A20U000,02100,00000,PROCUREMENT/PRESERVATION SUPPLIES
686,A20U000,02101,00000,SEROLOGY  ABO TESTS
686,A300000,00600,00000,SEE ATTACHED G/L SCHEDULE
686,A400010,00100,00000,RECLASSIFICATIONS
686,A400010,00100,00100,A
686,A400010,00100,00200,CAPITAL COSTS-MVBLE EQUIPMENT
686,A400010,00100,00500,ADMINISTRATIVE & GENERAL
686,A400010,00200,00000,RECLASSIFICATIONS
686,A400010,00200,00100,A
686,A400010,00200,00200,CAPITAL COSTS-BLDG & FIXT
686,A400010,00200,00500,ADMINISTRATIVE & GENERAL
686,A400010,00300,00000,RECLASSIFICATIONS
686,A400010,00300,00100,A
686,A400010,00300,00200,CAPITAL COSTS-MVBLE EQUIPMENT
686,A400010,00300,00500,ADMINISTRATIVE & GENERAL
686,A400010,00400,00000,RECLASSIFICATIONS
686,A400010,00400,00100,A
686,A400010,00400,00200,25.01 TISSUE/EYE
686,A400010,00400,00500,PROFESSIONAL EDUCATION
686,A400010,00500,00000,RECLASSIFICATIONS
686,A400010,00500,00100,A
686,A400010,00500,00200,25.01 TISSUE/EYE
686,A400010,00500,00500,PUBLIC EDUCATION
686,A400010,00600,00000,RECLASSIFICATIONS
686,A400010,00600,00100,A
686,A400010,00600,00200,25.01 TISSUE/EYE
686,A400010,00600,00500,PROCUREMENT COORDINATORS
686,A500010,00800,00100,B
686,A500010,00800,00300,PROCUREMENT COORDINATORS
686,A500010,00900,00100,A
686,A500010,01200,00100,A
686,A500010,01200,00300,ADMINISTRATIVE & GENERAL
686,A500010,01500,00000,CONTRIBUTIONS
686,A500010,01500,00100,A
686,A500010,01500,00300,PUBLIC EDUCATION
686,A500010,01502,00000,NON-REIMBURSABLE PROF EDUCATION
686,A500010,01502,00100,A
686,A500010,01502,00300,PROFESSIONAL EDUCATION
686,A500010,01503,00000,NON-REIMBURSABLE ORGAN
686,A500010,01503,00100,A
686,A500010,01503,00300,PROCUREMENT COORDINATORS
686,A500010,01504,00000,NON-REIMBURSABLE ADMIN
686,A500010,01504,00100,A
686,A500010,01504,00300,ADMINISTRATIVE & GENERAL
686,A500010,01505,00000,NON-REIMBURSABLE PUBLIC EUCATION
686,A500010,01505,00100,A
686,A500010,01505,00300,PUBLIC EDUCATION
686,A500010,01506,00000,ADDITIONAL COSTS FOR RESEARCH ORGANS
686,A500010,01506,00100,A
686,A500010,01506,00300,PROCUREMENT COORDINATORS
686,A500010,01600,00000,PORTION OF AOPO DUES LOBBYING
686,A500010,01600,00100,A
686,A500010,01600,00300,PROCUREMENT COORDINATORS
686,A500010,01601,00000,PORTION OF AZHHA DUES LOBBYING
686,A500010,01601,00100,A
686,A500010,01601,00300,PROFESSIONAL EDUCATION
686,A51000A,00100,00100,N
686,A60000C,00500,00100,N
686,B10000*,00100,00200,CAP BLDG
686,B10000*,00100,00300,CAP COSTS
686,B10000*,00100,00400,EMPLOYEE
686,B10000*,00100,00500,MEDICAL
686,B10000*,00100,00800,ORGAN
686,B10000*,00100,01000,ADMIN &
686,B10000*,00200,00200,OP PLANT &
686,B10000*,00200,00300,MOVABLE
686,B10000*,00200,00400,BENEFITS
686,B10000*,00200,00500,SUPPLIES
686,B10000*,00200,00800,ACQUISITN
686,B10000*,00200,01000,GENERAL
686,B10000*,00300,00200,HOUSEKEEP
686,B10000*,00300,00300,EQUIPMENT
686,B10000*,00300,00800,COSTS
686,B10000*,00400,00200,SQUARE
686,B10000*,00400,00300,SQUARE
686,B10000*,00400,00400,ADJUST
686,B10000*,00400,00500,COSTED
686,B10000*,00400,00800,NUMBER
686,B10000*,00400,01000,ACCUM
686,B10000*,00500,00200,FEET
686,B10000*,00500,00300,FEET
686,B10000*,00500,00400,SALARIES
686,B10000*,00500,00500,REQUISIT
686,B10000*,00500,00800,ORGANS
686,B10000*,00500,01000,COSTS
686,B10000*,00600,00200,1
686,B10000*,00600,00300,2
686,B10000*,00600,00400,3
686,B10000*,00600,00500,3
686,B10000*,00600,00800,3
686,B10000*,00600,01000,3
686,B100000,00000,01000,X
686,E000000,00900,00000,DUE FROM MEDICARE
686,E000000,02600,00000,OTHER FIXED ASSETS
686,E000000,03900,00000,OTHER CURRENT LIABILITIES
686,E000000,04600,00000,OTHER LONG TERM LIABILITIES - LTIP
686,E000000,04700,00000,LONG TERM LIABILITY 457(B)
686,E100001,00700,00000,TISSUE RECOVERY SERVICES
686,E100001,00800,00000,OCULAR RECOVERY AND EYE BANK SERVICE
686,E100001,00900,00000,BIRTH TISSUE ACQUISITION SERVICES
686,E100002,00300,00000,IMPORT SERVICES PAID BY OTHERS
686,E100002,00800,00000,INVESTMENT EXPENSES
686,E100002,00900,00000,INTERCOMPANY TISSUE TYPING
686,E200000,01900,00000,-140256
686,E200000,02000,00000,GAIN (LOSS) ON DISPOSAL OF ASSETS
686,E200000,02100,00000,MEDICARE INCOME (HLA)
686,E200000,02200,00000,MEDICARE INCOME (KIDNEY)
686,E200000,02300,00000,LOSS ON EXTINGUISHMENT OF DEBT
686,S000000,00100,00100,X
686,S000000,00400,00100,2
686,S000000,00500,00100,05/26/2023
686,S000000,00600,00100,10001
686,S000000,00700,00100,N
686,S000000,00800,00100,N
686,S000000,00900,00100,09/16/2024
686,S000000,01000,00100,4
686,S000001,00100,00100,DONOR NETWORK OF ARIZONA
686,S000001,00100,00200,03P001
686,S000001,00101,00100,2010 W RIO SALADO
686,S000001,00102,00100,TEMPE
686,S000001,00102,00200,AZ
686,S000001,00102,00300,85281
686,S000001,00200,00100,DONOR NETWORK OF ARIZONA
686,S000001,00200,00200,03HL03
686,S000001,00201,00100,2010 W RIO SALADO
686,S000001,00202,00100,TEMPE
686,S000001,00202,00200,AZ
686,S000001,00202,00300,85281
686,S000001,00300,00100,01/01/2022
686,S000001,00300,00200,12/31/2022
686,S000001,00400,00100,6
686,S000001,00400,00300,1
686,S000001,00400,00400,09/01/1992
686,S000001,00401,00100,6
686,S000001,00401,00300,2
686,S000001,00401,00400,09/01/1992
686,S000002,00100,00200,Y
686,S000002,00300,00100,SR. VICE PRESIDENT & CFO
686,S000002,00400,00100,05/25/2023
686,S100001,00700,00100,N
686,S100001,00810,00000,OTHER RECOVERIES/ACQUISITIONS
686,S100002,00400,00100,NON-LIVING DONOR WORKUP  NON-SPEC RE
686,S100003,00100,00100,MEDICAL DIRECTOR
686,S100003,00100,00300,MEDICAL DIRECTOR
686,S100003,00100,00500,LAB DIRECTOR
686,S100003,00101,00100,EXEC. DIRECTOR
686,S100003,00101,00300,PROCUREMENT COORDINATOR
686,S100003,00101,00500,TECHNICIANS
686,S100003,00102,00100,CLERICAL
686,S100003,00102,00300,PRESERVATION TECHNICIANS
686,S100003,00102,00500,TISSUE TYPING TECH.
686,S100003,00103,00100,OTHER
686,S100003,00103,00300,OTHER
686,S100003,00103,00500,OTHER
686,S200000,00100,00100,N
686,S200000,00200,00100,N
686,S200000,00300,00100,N
686,S200000,00400,00100,Y
686,S200000,00400,00200,A
686,S200000,00500,00100,Y
686,S200000,00600,00300,SENIOR VICE PRESIDENT & CFO
686,S200000,00700,00100,DONOR NETWORK OF ARIZONA
687,A000000,00100,00000,0100CAPITAL COSTS-BLDG & FIXT
687,A000000,00200,00000,0200CAPITAL COSTS-MVBLE EQUIPMENT
687,A000000,00300,00000,0300EMPLOYEE BENEFITS
687,A000000,00400,00000,0400ADMINISTRATIVE & GENERAL
687,A000000,00500,00000,0500OPERATION AND MAINTENANCE OF PLANT
687,A000000,00600,00000,0600HOUSEKEEPING
687,A000000,00700,00000,0700MEDICAL SUPPLIES
687,A000000,00800,00000,0800OTHER OVERHEAD
687,A000000,00900,00000,0900PROCUREMENT COORDINATORS
687,A000000,01000,00000,1000PROFESSIONAL EDUCATION
687,A000000,01100,00000,1100PUBLIC EDUCATION
687,A000000,01200,00000,1200OTHER ACQUISITION
687,A000000,01300,00000,1300KIDNEY ACQUISITIONS
687,A000000,01400,00000,1400TISSUE TYPING LABORATORY
687,A000000,01500,00000,1500LIVER ACQUISITIONS
687,A000000,01600,00000,1600HEART ACQUISITIONS
687,A000000,01700,00000,1700PANCREAS ACQUISITIONS
687,A000000,01800,00000,1800LUNG ACQUISITIONS
687,A000000,01900,00000,1900OTHER ACQUISITIONS
687,A000000,02100,00000,2100RESEARCH
687,A000000,02200,00000,2200BLOOD BANK
687,A000000,02300,00000,2300LABORATORY-NON-TISSUE TYPING
687,A000000,02400,00000,2400DIALYSIS UNITS
687,A000000,02500,00000,2500TISSUE
687,A000000,02501,00000,2501PLACENTA ACQUISITION
687,A100000,01700,00000,BANK/INVEST FEES
687,A100000,01800,00000,CONSULTING FEES
687,A100000,01900,00000,OTHER ADMIN & GENERAL
687,A100000,01901,00000,DUES/SUBSCRIPTIONS
687,A100000,01902,00000,POSTAGE/SHIPPING
687,A100000,01903,00000,NONREIMBURSEABLE
687,A20H000,00900,00000,OTHER EXCISION HOSPITAL COSTS
687,A20H000,00901,00000,DONOR HOSPITAL CHARGES ACCRUAL
687,A20H000,02100,00000,OTHER ACQUISITION COSTS MISC
687,A20H000,02101,00000,OTHER PROFESSIONAL FEES
687,A20K000,00900,00000,OTHER EXCISION HOSPITAL COSTS
687,A20K000,00901,00000,DONOR HOSPITAL ACCRUAL
687,A20K000,02100,00000,OTHER PROFESSIONAL FEES
687,A20K000,02101,00000,OTHER ACQUISITION
687,A20L000,00900,00000,OTHER HOSPITAL EXCISION COSTS
687,A20L000,00901,00000,DONOR HOSPITAL CHARGES ACCRUAL
687,A20L000,02100,00000,OTHER ACQUISITION COSTS MISC
687,A20L000,02101,00000,OTHER PROFESSIONAL FEES
687,A20O000,00900,00000,OTHER EXCISION HOSPITAL COSTS
687,A20O000,00901,00000,DONOR HOSPITAL CHARGES ACCRUAL
687,A20P000,00900,00000,OTHER EXCISION HOSPITAL COST
687,A20P000,00901,00000,DONOR HOSPITAL CHARGES ACCRUAL
687,A20P000,02100,00000,OTHER ACQUISITION COSTS MISC
687,A20P000,02101,00000,OTHER PROFESSIONAL FEES
687,A20U000,00900,00000,OTHER EXCISION HOSPITAL COSTS
687,A20U000,00901,00000,DONOR HOSPITAL CHARGES ACCRUAL
687,A20U000,02100,00000,OTHER PROFESSIONAL FEES
687,A20U000,02101,00000,OTHER ACQUISITION COSTS MISC
687,A400010,00100,00000,RECLASSIFICATIONS
687,A400010,00100,00100,A
687,A400010,00100,00200,TISSUE
687,A400010,00100,00500,PROCUREMENT COORDINATORS
687,A400010,00200,00000,RECLASSIFICATIONS
687,A400010,00200,00100,A
687,A400010,00200,00200,TISSUE
687,A400010,00200,00500,PROFESSIONAL EDUCATION
687,A400010,00300,00000,RECLASSIFICATIONS
687,A400010,00300,00100,A
687,A400010,00300,00200,TISSUE
687,A400010,00300,00500,PUBLIC EDUCATION
687,A400010,00400,00000,RECLASSIFICATIONS
687,A400010,00400,00100,A
687,A400010,00400,00200,TISSUE
687,A400010,00400,00500,OTHER ACQUISITION
687,A400010,00500,00000,RECLASSIFICATIONS
687,A400010,00500,00100,A
687,A400010,00500,00200,ADMINISTRATIVE & GENERAL
687,A400010,00500,00500,EMPLOYEE BENEFITS
687,A500010,00800,00100,A
687,A500010,00800,00300,PROCUREMENT COORDINATORS
687,A500010,01400,00100,A
687,A500010,01400,00300,CAPITAL COSTS-BLDG & FIXT
687,A500010,01500,00000,DIRECTED CONTRIBUTIONS
687,A500010,01500,00100,B
687,A500010,01500,00300,PUBLIC EDUCATION
687,A500010,01501,00000,LOBBYING FEES
687,A500010,01501,00100,A
687,A500010,01501,00300,ADMINISTRATIVE & GENERAL
687,A500010,01502,00000,NONREIMBURSEABLE
687,A500010,01502,00100,A
687,A500010,01502,00300,ADMINISTRATIVE & GENERAL
687,A500010,01503,00000,NONREIMBURSEABLE
687,A500010,01503,00100,A
687,A500010,01503,00300,PROFESSIONAL EDUCATION
687,A500010,01504,00000,NONREIMBURSEABLE
687,A500010,01504,00100,A
687,A500010,01504,00300,PROCUREMENT COORDINATORS
687,A500010,01600,00000,NONREIMBURSEABLE
687,A500010,01600,00100,A
687,A500010,01600,00300,OTHER ACQUISITION
687,A500010,01601,00000,NONREIMBURSEABLE
687,A500010,01601,00100,A
687,A500010,01601,00300,PUBLIC EDUCATION
687,A51000A,00100,00100,N
687,B10000*,00100,00200,CAP BLDG
687,B10000*,00100,00300,CAP COSTS
687,B10000*,00100,00400,EMPLOYEE
687,B10000*,00100,00500,MEDICAL
687,B10000*,00100,00800,ORGAN
687,B10000*,00100,01000,ADMIN &
687,B10000*,00200,00200,OP PLANT &
687,B10000*,00200,00300,MOVABLE
687,B10000*,00200,00400,BENEFITS
687,B10000*,00200,00500,SUPPLIES
687,B10000*,00200,00800,ACQUISITN
687,B10000*,00200,01000,GENERAL
687,B10000*,00300,00200,HOUSEKEEP
687,B10000*,00300,00300,EQUIPMENT
687,B10000*,00300,00800,COSTS
687,B10000*,00400,00200,SQUARE
687,B10000*,00400,00300,DOLLAR
687,B10000*,00400,00400,ADJUST
687,B10000*,00400,00500,COSTED
687,B10000*,00400,00800,NUMBER
687,B10000*,00400,01000,ACCUM
687,B10000*,00500,00200,FEET
687,B10000*,00500,00300,VALUE
687,B10000*,00500,00400,SALARIES
687,B10000*,00500,00500,REQUISIT
687,B10000*,00500,00800,ORGANS
687,B10000*,00500,01000,COSTS
687,B10000*,00600,00200,1
687,B10000*,00600,00300,2
687,B10000*,00600,00400,3
687,B10000*,00600,00500,3
687,B10000*,00600,00800,3
687,B10000*,00600,01000,3
687,B100000,00000,01000,X
687,E000000,00900,00000,ESTIMATED MEDICARE RECEIVABLE
687,E000000,02600,00000,PROJECTS IN PROGRESS
687,E000000,03100,00000,INV IN SUPPORTING ORG
687,E000000,03900,00000,ACCRUED EXPENSES
687,E100001,00700,00000,TISSUE REVENUE
687,E100001,00800,00000,RESEARCH REVENUE
687,E100001,00900,00000,MEDICARE RECEIVABLE ESTIMATE
687,E100001,00901,00000,PLACENTA ACQUISITION
687,E200000,02000,00000,MISCELLANEOUS
687,E200000,02600,00000,LOSS ON INVESTMENTS
687,E200000,02700,00000,LOSS FROM SUPPORTING ORG
687,S000000,00100,00100,X
687,S000000,00400,00100,2
687,S000000,00500,00100,05/26/2023
687,S000000,00600,00100,10001
687,S000000,00700,00100,N
687,S000000,00800,00100,N
687,S000000,00900,00100,09/16/2024
687,S000000,01000,00100,4
687,S000001,00100,00100,LIFELINE OF OHIO ORGAN PROCUREMENT
687,S000001,00100,00200,36P005
687,S000001,00101,00100,770 KINNEAR ROAD
687,S000001,00102,00100,COLUMBUS
687,S000001,00102,00200,OH
687,S000001,00102,00300,43212
687,S000001,00300,00100,01/01/2022
687,S000001,00300,00200,12/31/2022
687,S000001,00400,00100,2
687,S000001,00400,00300,1
687,S000001,00400,00400,10/01/1984
687,S000001,00401,00100,6
687,S000001,00401,00300,1
687,S000002,00100,00200,Y
687,S000002,00300,00100,CHIEF FINANCIAL OFFICER
687,S000002,00400,00100,05/26/2023
687,S100001,00700,00100,N
687,S100001,00810,00000,PLACENTA
687,S100001,00811,00000,VEINS
687,S100003,00100,00100,MEDICAL DIRECTOR
687,S100003,00100,00300,MEDICAL DIRECTOR
687,S100003,00100,00500,LAB DIRECTOR
687,S100003,00101,00100,EXEC. DIRECTOR
687,S100003,00101,00300,PROCUREMENT COORDINATOR
687,S100003,00101,00500,TECHNICIANS
687,S100003,00102,00100,CLERICAL
687,S100003,00102,00300,PRESERVATION TECHNICIANS
687,S100003,00102,00500,TISSUE TYPING TECH.
687,S100003,00103,00100,OTHER
687,S100003,00103,00300,OTHER
687,S100003,00103,00500,OTHER
687,S200000,00100,00100,N
687,S200000,00200,00100,N
687,S200000,00300,00100,N
687,S200000,00400,00100,Y
687,S200000,00400,00200,A
687,S200000,00400,00300,05/15/2023
687,S200000,00500,00100,Y
687,S200000,00600,00300,CHIEF FINANCIAL OFFICER
687,S200000,00700,00100,LIFELINE OF OHIO ORGAN PROCUREMENT
688,A000000,00100,00000,0100CAPITAL COSTS-BLDG & FIXT
688,A000000,00200,00000,0200CAPITAL COSTS-MVBLE EQUIPMENT
688,A000000,00300,00000,0300EMPLOYEE BENEFITS
688,A000000,00400,00000,0400ADMINISTRATIVE & GENERAL
688,A000000,00500,00000,0500OPERATION AND MAINTENANCE OF PLANT
688,A000000,00600,00000,0600HOUSEKEEPING
688,A000000,00700,00000,0700MEDICAL SUPPLIES
688,A000000,00800,00000,0800OTHER OVERHEAD
688,A000000,00900,00000,0900PROCUREMENT COORDINATORS
688,A000000,01000,00000,1000PROFESSIONAL EDUCATION
688,A000000,01100,00000,1100PUBLIC EDUCATION
688,A000000,01200,00000,1200NON-RECOVERIES
688,A000000,01201,00000,1201CALL CENTER
688,A000000,01300,00000,1300KIDNEY ACQUISITIONS
688,A000000,01400,00000,1400TISSUE TYPING LABORATORY
688,A000000,01500,00000,1500LIVER ACQUISITIONS
688,A000000,01600,00000,1600HEART ACQUISITIONS
688,A000000,01700,00000,1700PANCREAS ACQUISITIONS
688,A000000,01800,00000,1800LUNG ACQUISITIONS
688,A000000,01900,00000,1900SM INTESTINE
688,A000000,02100,00000,2100RESEARCH
688,A000000,02200,00000,2200BLOOD BANK
688,A000000,02300,00000,2300LABORATORY-NON-TISSUE TYPING
688,A000000,02400,00000,2400DIALYSIS UNITS
688,A000000,02500,00000,2500TISSUE
688,A100000,01700,00000,PURCHASED SERVICES
688,A100000,01800,00000,PUBLICATIONS & SUBSCRIPTIONS
688,A100000,01900,00000,MEMBERSHIPS & DUES
688,A100000,01901,00000,SHIPPING & POSTAGE
688,A100000,01902,00000,QUALITY ASSURANCE SALARIES
688,A100000,01903,00000,HUMAN RESOURCES
688,A100000,01904,00000,CONSULTING FEES
688,A100000,01905,00000,BAD DEBT PROVISION
688,A100000,01906,00000,OTHER ADMIN & GENERAL
688,A100000,01907,00000,DONATIONS & CONTRIBUTIONS
688,A100000,01908,00000,INTERNAL CALL CENTER
688,A20H000,00900,00000,OTHER
688,A20H000,02100,00000,TRANSPORTATION OF DONOR
688,A20H000,02101,00000,OTHER
688,A20H000,02102,00000,TRANSPORTATION OF TEAMS
688,A20K000,00900,00000,OTHER
688,A20K000,02100,00000,TRANSPORTATION OF DONOR
688,A20K000,02101,00000,OTHER
688,A20K000,02102,00000,TRANSPORTATION OF TEAMS
688,A20L000,00900,00000,OTHER
688,A20L000,02100,00000,TRANSPORTATION OF DONOR
688,A20L000,02101,00000,OTHER
688,A20L000,02102,00000,TRANSPORTATION OF TEAMS
688,A20O000,00900,00000,OTHER
688,A20O000,02100,00000,TRANSPORTATION OF DONOR
688,A20O000,02101,00000,OTHER
688,A20O000,02102,00000,TRANSPORTATION OF TEAMS
688,A20P000,00900,00000,OTHER
688,A20P000,02100,00000,TRANSPORTATION OF DONOR
688,A20P000,02101,00000,OTHER
688,A20P000,02102,00000,TRANSPORTATION OF TEAMS
688,A20U000,00900,00000,OTHER
688,A20U000,02100,00000,TRANSPORTATION OF DONOR
688,A20U000,02101,00000,OTHER
688,A20U000,02102,00000,TRANSPORTATION OF TEAMS
688,A400010,00100,00000,EMPLOYEE BENEFITS
688,A400010,00100,00100,A
688,A400010,00100,00200,ADMINISTRATIVE & GENERAL
688,A400010,00100,00500,EMPLOYEE BENEFITS
688,A400010,00200,00000,EMPLOYEE BENEFITS
688,A400010,00200,00100,A
688,A400010,00200,00200,OPERATION AND MAINTENANCE OF PLANT
688,A400010,00300,00000,EMPLOYEE BENEFITS
688,A400010,00300,00100,A
688,A400010,00300,00200,PROCUREMENT COORDINATORS
688,A400010,00400,00000,EMPLOYEE BENEFITS
688,A400010,00400,00100,A
688,A400010,00400,00200,PROFESSIONAL EDUCATION
688,A400010,00500,00000,EMPLOYEE BENEFITS
688,A400010,00500,00100,A
688,A400010,00500,00200,PUBLIC EDUCATION
688,A400010,00600,00000,EMPLOYEE BENEFITS
688,A400010,00600,00100,A
688,A400010,00600,00200,TISSUE
688,A400010,00700,00000,TISSUE RECLASS - ORGAN
688,A400010,00700,00100,B
688,A400010,00700,00200,TISSUE
688,A400010,00700,00500,PROCUREMENT COORDINATORS
688,A400010,00800,00000,TISSUE RECLASS - PROF & PUB ED
688,A400010,00800,00100,C
688,A400010,00800,00200,TISSUE
688,A400010,00800,00500,PROFESSIONAL EDUCATION
688,A400010,00900,00000,TISSUE RECLASS - PROF & PUB ED
688,A400010,00900,00100,C
688,A400010,00900,00500,PUBLIC EDUCATION
688,A400010,01000,00000,MEDICAL DIRECTOR
688,A400010,01000,00100,D
688,A400010,01000,00200,PROCUREMENT COORDINATORS
688,A400010,01000,00500,ADMINISTRATIVE & GENERAL
688,A400010,01100,00000,MEDICAL DIRECTOR
688,A400010,01100,00100,D
688,A400010,01100,00200,TISSUE
688,A400010,01200,00000,TAXES
688,A400010,01200,00100,E
688,A400010,01200,00200,CAPITAL COSTS-MVBLE EQUIPMENT
688,A400010,01200,00500,ADMINISTRATIVE & GENERAL
688,A400010,01300,00000,INSURANCE
688,A400010,01300,00100,F
688,A400010,01300,00200,CAPITAL COSTS-BLDG & FIXT
688,A400010,01300,00500,ADMINISTRATIVE & GENERAL
688,A400010,01400,00000,INSURANCE
688,A400010,01400,00100,F
688,A400010,01400,00200,CAPITAL COSTS-MVBLE EQUIPMENT
688,A500010,00800,00100,B
688,A500010,00800,00300,PROCUREMENT COORDINATORS
688,A500010,01200,00100,B
688,A500010,01200,00300,ADMINISTRATIVE & GENERAL
688,A500010,01500,00000,LOBBYING EXPENSE
688,A500010,01500,00100,A
688,A500010,01500,00300,ADMINISTRATIVE & GENERAL
688,A500010,01501,00000,NON-EMPLOYEE MEALS
688,A500010,01501,00100,A
688,A500010,01501,00300,PROFESSIONAL EDUCATION
688,A500010,01502,00000,NON-EMPLOYEE MEALS
688,A500010,01502,00100,A
688,A500010,01502,00300,ADMINISTRATIVE & GENERAL
688,A500010,01600,00000,SURGEON FEE INCOME
688,A500010,01600,00100,B
688,A500010,01600,00300,PROCUREMENT COORDINATORS
688,A500010,01601,00000,BAD DEBT PROVISION
688,A500010,01601,00100,A
688,A500010,01601,00300,ADMINISTRATIVE & GENERAL
688,A500010,01604,00000,NONALLOWABLE ADVERTISING
688,A500010,01604,00100,A
688,A500010,01604,00300,PUBLIC EDUCATION
688,A500010,01605,00000,NONALLOWABLE CONSULTING
688,A500010,01605,00100,A
688,A500010,01605,00300,ADMINISTRATIVE & GENERAL
688,A500010,01606,00000,RESEARCH PARTNER INCOME
688,A500010,01606,00100,B
688,A500010,01606,00300,PROCUREMENT COORDINATORS
688,A51000A,00100,00100,Y
688,A51000B,00100,00200,EMPLOYEE BENEFITS
688,A51000B,00100,00300,FOUNDATION LABOR ALLOCATION
688,A51000B,00200,00200,ADMINISTRATIVE & GENERAL
688,A51000B,00200,00300,FOUNDATION LABOR ALLOCATION
688,A51000C,00100,00100,E
688,A51000C,00100,00200,JEFF ORLOWSKI
688,A51000C,00100,00400,LIFESHARE FOUNDATION
688,A51000C,00100,00600,FOUNDATION
688,A60000A,00700,00000,BUILDING IMPROVEMENTS
688,A60000A,00701,00000,LEASEHOLD IMPROVEMENTS
688,A60000A,00702,00000,SOFTWARE
688,A60000A,00703,00000,OPERATING LEASES
688,A60000B,00800,00000,BUILDING IMPROVEMENTS
688,A60000B,00801,00000,SOFTWARE
688,A60000C,00500,00100,N
688,B10000*,00100,00200,CAP BLDG
688,B10000*,00100,00300,CAP COSTS
688,B10000*,00100,00400,EMPLOYEE
688,B10000*,00100,00500,MEDICAL
688,B10000*,00100,00800,ORGAN
688,B10000*,00100,01000,ADMIN &
688,B10000*,00200,00200,OP PLANT &
688,B10000*,00200,00300,MOVABLE
688,B10000*,00200,00400,BENEFITS
688,B10000*,00200,00500,SUPPLIES
688,B10000*,00200,00800,ACQUISITN
688,B10000*,00200,01000,GENERAL
688,B10000*,00300,00200,HOUSEKEEP
688,B10000*,00300,00300,EQUIPMENT
688,B10000*,00300,00800,COSTS
688,B10000*,00400,00200,SQUARE
688,B10000*,00400,00300,DOLLAR
688,B10000*,00400,00400,ADJUST
688,B10000*,00400,00500,COSTED
688,B10000*,00400,00800,NUMBER
688,B10000*,00400,01000,ACCUM
688,B10000*,00500,00200,FEET
688,B10000*,00500,00300,VALUE
688,B10000*,00500,00400,SALARIES
688,B10000*,00500,00500,REQUISIT
688,B10000*,00500,00800,ORGANS
688,B10000*,00500,01000,COSTS
688,B10000*,00600,00200,1
688,B10000*,00600,00300,2
688,B10000*,00600,00400,3
688,B10000*,00600,00500,3
688,B10000*,00600,00800,3
688,B10000*,00600,01000,3
688,B100000,00000,01000,X
688,E000000,00900,00000,OTHER CURRENT ASSETS
688,E000000,02600,00000,SOFTWARE & OPERATING LEASES
688,E100001,00700,00000,TISSUE PROCUREMENT SERVICES
688,E200000,02000,00000,MEDICARE COST REPORT ACCR/ADJUSTMENT
688,E200000,02100,00000,LOSS ON DISPOSAL OF ASSETS
688,S000000,00100,00100,X
688,S000000,00400,00100,2
688,S000000,00500,00100,05/26/2023
688,S000000,00600,00100,10001
688,S000000,00700,00100,N
688,S000000,00800,00100,N
688,S000000,00900,00100,09/16/2024
688,S000000,01000,00100,4
688,S000001,00100,00100,LIFESHARE TRANSPLANT DONOR SERVICES
688,S000001,00100,00200,37P002
688,S000001,00101,00100,4705 NW EXPRESSWAY
688,S000001,00102,00100,OKLAHOMA CITY
688,S000001,00102,00200,OK
688,S000001,00102,00300,73132
688,S000001,00300,00100,01/01/2022
688,S000001,00300,00200,12/31/2022
688,S000001,00400,00100,2
688,S000001,00400,00300,1
688,S000001,00400,00400,01/01/1986
688,S000001,00401,00300,1
688,S000002,00100,00200,Y
688,S000002,00300,00100,CHIEF FINANCIAL OFFICER
688,S100001,00700,00100,N
688,S100001,00810,00000,INTESTINES/OTHER
688,S100001,00811,00000,VASCULAR
688,S100001,00812,00000,OTHER TISSUE
688,S100003,00100,00100,MEDICAL DIRECTOR
688,S100003,00100,00300,MEDICAL DIRECTOR
688,S100003,00100,00500,LAB DIRECTOR
688,S100003,00101,00100,EXEC. DIRECTOR
688,S100003,00101,00300,PROCUREMENT COORDINATOR
688,S100003,00101,00500,TECHNICIANS
688,S100003,00102,00100,CLERICAL
688,S100003,00102,00300,PRESERVATION TECHNICIANS
688,S100003,00102,00500,TISSUE TYPING TECH.
688,S100003,00103,00100,OTHER
688,S100003,00103,00300,OTHER
688,S100003,00103,00500,OTHER
688,S200000,00100,00100,N
688,S200000,00200,00100,N
688,S200000,00300,00100,Y
688,S200000,00400,00100,Y
688,S200000,00400,00200,A
688,S200000,00500,00100,N
688,S200000,00600,00300,CHIEF FINANCIAL OFFICER
688,S200000,00700,00100,LIFESHARE TRANSPLANT DONOR SERVICES
689,A000000,00100,00000,0100CAPITAL COSTS-BLDG & FIXT
689,A000000,00200,00000,0200CAPITAL COSTS-MVBLE EQUIPMENT
689,A000000,00300,00000,0300EMPLOYEE BENEFITS
689,A000000,00400,00000,0400ADMINISTRATIVE & GENERAL
689,A000000,00500,00000,0500OPERATION AND MAINTENANCE OF PLANT
689,A000000,00600,00000,0600HOUSEKEEPING
689,A000000,00700,00000,0700MEDICAL SUPPLIES
689,A000000,00800,00000,0800OTHER OVERHEAD
689,A000000,00900,00000,0900PROCUREMENT COORDINATORS
689,A000000,01000,00000,1000PROFESSIONAL EDUCATION
689,A000000,01100,00000,1100PUBLIC EDUCATION
689,A000000,01200,00000,1200OTHER ACQUISITION
689,A000000,01300,00000,1300KIDNEY ACQUISITIONS
689,A000000,01400,00000,1400TISSUE TYPING LABORATORY
689,A000000,01500,00000,1500LIVER ACQUISITIONS
689,A000000,01600,00000,1600HEART ACQUISITIONS
689,A000000,01700,00000,1700PANCREAS ACQUISITIONS
689,A000000,01800,00000,1800LUNG ACQUISITIONS
689,A000000,01900,00000,1900OTHER ACQUISITIONS
689,A000000,02100,00000,2100RESEARCH
689,A000000,02200,00000,2200BLOOD BANK
689,A000000,02300,00000,2300LABORATORY-NON-TISSUE TYPING
689,A000000,02400,00000,2400DIALYSIS UNITS
689,A100000,01700,00000,BENEFITS
689,A100000,01800,00000,DEPRECIATION
689,A100000,01900,00000,PROFESSIONAL FEES
689,A100000,01901,00000,BUILDING EXPENSE
689,A100000,01902,00000,TELEPHONE
689,A100000,01903,00000,UTILITIES
689,A100000,01904,00000,NON-REIMBURSABLE COSTS
689,A300000,00600,00000,SALARIES
689,A300000,00700,00000,DEPRECIATION
689,A300000,00800,00000,ADMIN & GENERAL
689,A300000,00900,00000,BENEFITS
689,A300000,01000,00000,DISPOSAL SERVICE
689,A300000,01001,00000,UTILITIES
689,A300000,01002,00000,SUPPLIES
689,A500010,01500,00000,NON-ALLOWABLE EXPENSES HLA LAB
689,A500010,01500,00100,A
689,A500010,01500,00300,TISSUE TYPING LABORATORY
689,A500010,01601,00000,NON-ALLOWABLE EXPENSES OTHER LABS
689,A500010,01601,00100,A
689,A500010,01601,00300,LABORATORY-NON-TISSUE TYPING
689,A51000A,00100,00100,Y
689,A51000B,00100,00200,ADMINISTRATIVE & GENERAL
689,A51000B,00100,00300,VRL ADMIN COSTS
689,A51000C,00100,00100,B
689,A51000C,00100,00400,EUROFINS VRL  INC.
689,A51000C,00100,00600,BIO-ANALYTICAL TESTING
689,A60000A,00700,00000,FIXED ASSET CLEARING
689,A60000C,00500,00100,N
689,B10000*,00100,00200,CAP BLDG
689,B10000*,00100,00300,CAP COSTS
689,B10000*,00100,00400,EMPLOYEE
689,B10000*,00100,00500,MEDICAL
689,B10000*,00100,00800,ORGAN
689,B10000*,00100,01000,ADMIN &
689,B10000*,00200,00200,OP PLANT &
689,B10000*,00200,00300,MOVABLE
689,B10000*,00200,00400,BENEFITS
689,B10000*,00200,00500,SUPPLIES
689,B10000*,00200,00800,ACQUISITN
689,B10000*,00200,01000,GENERAL
689,B10000*,00300,00200,HOUSEKEEP
689,B10000*,00300,00300,EQUIPMENT
689,B10000*,00300,00800,COSTS
689,B10000*,00400,00200,SQUARE
689,B10000*,00400,00300,DOLLAR
689,B10000*,00400,00400,ADJUST
689,B10000*,00400,00500,COSTED
689,B10000*,00400,00600,ACCUMULATE
689,B10000*,00400,00800,NUMBER
689,B10000*,00400,01000,ACCUM
689,B10000*,00500,00200,FEET
689,B10000*,00500,00300,VALUE
689,B10000*,00500,00400,SALARIES
689,B10000*,00500,00500,REQUISIT
689,B10000*,00500,00600,D COST
689,B10000*,00500,00800,ORGANS
689,B10000*,00500,01000,COSTS
689,B10000*,00600,00200,1
689,B10000*,00600,00300,2
689,B10000*,00600,00400,3
689,B10000*,00600,00500,3
689,B10000*,00600,00800,3
689,B10000*,00600,01000,3
689,B100000,00000,01000,X
689,E000000,00900,00000,OTHER CURRENT ASSETS
689,E000000,02600,00000,OTHER FIXED ASSETS
689,E000000,03100,00000,OTHER ASSETS
689,E000000,03900,00000,ACCRUED EXPENSES
689,E000000,04100,00000,OTHER CURRENT LIABILITIES
689,E000000,04600,00000,OTHER NON-CURRENT LIABILITIES
689,E000000,04700,00000,LEASE LIABILITY
689,E000000,04800,00000,DEFERRED INCOME TAXES PAY\(REC)
689,E100001,00700,00000,NET REVENUE
689,E100001,00800,00000,INTERCOMPANY SALES
689,E100001,00900,00000,SALES - OTHER ADMIN
689,E100002,00300,00000,ADDL EXPENSES FOR AFFILIATE LABS
689,E200000,01500,00000,MISC INCOME
689,E200000,02300,00000,ROUNDING
689,E200000,02600,00000,INTEREST EXP
689,E200000,02700,00000,INCOME TAX EXP
689,E200000,02701,00000,OTHER EXPENSES
689,S000000,00100,00100,X
689,S000000,00400,00100,2
689,S000000,00500,00100,05/31/2023
689,S000000,00600,00100,10001
689,S000000,00700,00100,N
689,S000000,00800,00100,N
689,S000000,00900,00100,09/19/2024
689,S000000,01000,00100,4
689,S000001,00100,00100,EUROFINS DONOR & PRODUCT TESTING INC
689,S000001,00100,00200,05HL08
689,S000001,00101,00100,2100 WEST THIRD STREET  SUITE 301
689,S000001,00102,00100,LOS ANGELES
689,S000001,00102,00200,CA
689,S000001,00102,00300,90057
689,S000001,00300,00100,01/01/2022
689,S000001,00300,00200,12/31/2022
689,S000001,00400,00100,2
689,S000001,00400,00300,2
689,S000001,00400,00400,07/08/2004
689,S000001,00401,00300,1
689,S000002,00100,00200,Y
689,S000002,00300,00100,DIRECTOR OF FINANCE
689,S000002,00400,00100,05/26/2023
689,S100001,00700,00100,N
689,S100001,00810,00000,OTHER
689,S100002,00400,00100,CLASS I-SINGLE ANTIGEN BEAD SPECIFIC
689,S100002,00401,00100,CLASS II-SINGLE ANTIGEN BEAD SPECIFI
689,S100002,00402,00100,COMPLETE HLA LOCI TYPING
689,S100002,00403,00100,CROSSMATCH  DTT
689,S100002,00404,00100,CROSSMATCH  PRONASE
689,S100002,00405,00100,DECEASED DONOR ADDITIONAL CROSSMATCH
689,S100002,00406,00100,DECEASED DONOR PARTIAL WORK-UP-LOCAL
689,S100002,00407,00100,HLA - CROSSMATCH  FLOW CYTOMETRY
689,S100002,00408,00100,HLA - CROSSMATCH  LYMPHOCYTOTOXICITY
689,S100002,00409,00100,HLA - PRA - FLOW
689,S100002,00410,00100,HLA - SERUM PROCESSING AND STORAGE
689,S100002,00411,00100,HLA - STAT TESTING
689,S100002,00412,00100,HLA A TYPING  DNA CLASS I
689,S100002,00413,00100,HLA B TYPING  DNA CLASS I
689,S100002,00414,00100,HLA C TYPING  DNA CLASS I
689,S100002,00415,00100,HLA DECEASED DONOR COMPLETE WU IMPOR
689,S100002,00416,00100,HLA DECEASED DONOR COMPLETE WU LOCAL
689,S100002,00417,00100,HLA TYPING  DNA CLASS II
689,S100002,00418,00100,HLA TYPING  DNA CLASS II DPA
689,S100002,00419,00100,HLA TYPING  DNA CLASS II DPB
689,S100002,00420,00100,HLA TYPING  DNA CLASS II DQA
689,S100002,00421,00100,NKR CRYOGENIC VIAL SHIPMENT
689,S100002,00422,00100,NKR DONOR PROCESSING
689,S100002,00423,00100,SERUM  FUTURE CROSSMATCH PROC & STOR
689,S100003,00100,00100,MEDICAL DIRECTOR
689,S100003,00100,00300,MEDICAL DIRECTOR
689,S100003,00100,00500,LAB DIRECTOR
689,S100003,00101,00100,EXEC. DIRECTOR
689,S100003,00101,00300,PROCUREMENT COORDINATOR
689,S100003,00101,00500,TECHNICIANS
689,S100003,00102,00100,CLERICAL
689,S100003,00102,00300,PRESERVATION TECHNICIANS
689,S100003,00102,00500,TISSUE TYPING TECH.
689,S100003,00103,00100,OTHER
689,S100003,00103,00300,OTHER
689,S100003,00103,00500,OTHER
689,S200000,00100,00100,N
689,S200000,00200,00100,N
689,S200000,00300,00100,Y
689,S200000,00400,00100,Y
689,S200000,00400,00200,A
689,S200000,00500,00100,Y
689,S200000,00600,00300,CONTROLLER
689,S200000,00700,00100,VRL EUROFINS
690,A000000,00100,00000,0100CAPITAL COSTS-BLDG & FIXT
690,A000000,00200,00000,0200CAPITAL COSTS-MVBLE EQUIPMENT
690,A000000,00300,00000,0300EMPLOYEE BENEFITS
690,A000000,00400,00000,0400ADMINISTRATIVE & GENERAL
690,A000000,00500,00000,0500OPERATION AND MAINTENANCE OF PLANT
690,A000000,00600,00000,0600HOUSEKEEPING
690,A000000,00700,00000,0700MEDICAL SUPPLIES
690,A000000,00800,00000,0800OTHER OVERHEAD
690,A000000,00900,00000,0900PROCUREMENT COORDINATORS
690,A000000,01000,00000,1000PROFESSIONAL EDUCATION
690,A000000,01100,00000,1100PUBLIC EDUCATION
690,A000000,01300,00000,1300KIDNEY ACQUISITIONS
690,A000000,01400,00000,1400TISSUE TYPING LABORATORY
690,A000000,01500,00000,1500LIVER ACQUISITIONS
690,A000000,01600,00000,1600HEART ACQUISITIONS
690,A000000,01700,00000,1700PANCREAS ACQUISITIONS
690,A000000,01800,00000,1800LUNG ACQUISITIONS
690,A000000,01900,00000,1900OTHER ACQUISITIONS
690,A000000,02100,00000,2100RESEARCH
690,A000000,02200,00000,2200BLOOD BANK
690,A000000,02300,00000,2300LABORATORY-NON-TISSUE TYPING
690,A000000,02400,00000,2400DIALYSIS UNITS
690,A000000,02500,00000,2500TISSUE
690,A000000,02501,00000,2501EYE
690,A100000,01700,00000,DEPRECIATION
690,A100000,01800,00000,POSTAGE
690,A100000,01900,00000,PROFESSIONAL FEES
690,A100000,01901,00000,OTHER ADMIN & GENERAL
690,A20H000,00900,00000,DONOR HOSPITAL OTHER
690,A20K000,00900,00000,DONOR HOSPITAL OTHER
690,A20L000,00900,00000,DONOR HOSPITAL OTHER
690,A20U000,00900,00000,DONOR HOSPITAL OTHER
690,A20U000,02100,00000,OTHER DONOR LABS
690,A400010,00100,00000,TISSUE
690,A400010,00100,00100,A
690,A400010,00100,00200,TISSUE
690,A400010,00100,00500,PROCUREMENT COORDINATORS
690,A400010,00200,00000,TISSUE
690,A400010,00200,00100,A
690,A400010,00200,00500,PROFESSIONAL EDUCATION
690,A400010,00300,00000,TISSUE
690,A400010,00300,00100,A
690,A400010,00300,00500,PUBLIC EDUCATION
690,A400010,00400,00000,AUDIT - TISSUE RECLASS
690,A400010,00400,00100,B
690,A400010,00400,00200,TISSUE
690,A400010,00400,00500,PROCUREMENT COORDINATORS
690,A500010,01200,00100,B
690,A500010,01200,00300,ADMINISTRATIVE & GENERAL
690,A500010,01500,00000,LOBBYING EXPENSES
690,A500010,01500,00100,A
690,A500010,01500,00300,PROCUREMENT COORDINATORS
690,A500010,01502,00000,CASE EXPENSES NOT ALLOWED
690,A500010,01502,00100,A
690,A500010,01502,00300,PROCUREMENT COORDINATORS
690,A500010,01504,00000,INVESTMENT INCOME
690,A500010,01504,00100,B
690,A500010,01504,00300,PROCUREMENT COORDINATORS
690,A500010,01505,00000,INVESTMENT INCOME
690,A500010,01505,00100,B
690,A500010,01505,00300,PROFESSIONAL EDUCATION
690,A500010,01506,00000,INVESTMENT INCOME
690,A500010,01506,00100,B
690,A500010,01506,00300,PUBLIC EDUCATION
690,A500010,01507,00000,INVESTMENT INCOME
690,A500010,01507,00100,B
690,A500010,01507,00300,TISSUE
690,A500010,01600,00000,INVESTMENT ADVISORY FEES
690,A500010,01600,00100,A
690,A500010,01600,00300,ADMINISTRATIVE & GENERAL
690,A51000A,00100,00100,N
690,A60000C,00500,00100,N
690,B10000*,00100,00200,CAP BLDG
690,B10000*,00100,00300,CAP COSTS
690,B10000*,00100,00400,EMPLOYEE
690,B10000*,00100,00500,MEDICAL
690,B10000*,00100,00800,ORGAN
690,B10000*,00100,01000,ADMIN &
690,B10000*,00200,00200,OP PLANT &
690,B10000*,00200,00300,MOVABLE
690,B10000*,00200,00400,BENEFITS
690,B10000*,00200,00500,SUPPLIES
690,B10000*,00200,00800,ACQUISITN
690,B10000*,00200,01000,GENERAL
690,B10000*,00300,00200,HOUSEKEEP
690,B10000*,00300,00300,EQUIPMENT
690,B10000*,00300,00800,COSTS
690,B10000*,00400,00200,SQUARE
690,B10000*,00400,00300,DOLLAR
690,B10000*,00400,00400,ADJUST
690,B10000*,00400,00500,COSTED
690,B10000*,00400,00800,NUMBER
690,B10000*,00400,01000,ACCUM
690,B10000*,00500,00200,FEET
690,B10000*,00500,00300,VALUE
690,B10000*,00500,00400,SALARIES
690,B10000*,00500,00500,REQUISIT
690,B10000*,00500,00800,ORGANS
690,B10000*,00500,01000,COSTS
690,B10000*,00600,00200,1
690,B10000*,00600,00300,2
690,B10000*,00600,00400,3
690,B10000*,00600,00500,3
690,B10000*,00600,00800,3
690,B10000*,00600,01000,3
690,B100000,00000,01000,X
690,E000000,00900,00000,DUE FROM MEDICARE
690,E000000,02600,00000,OTHER FIXED ASSETS
690,E000000,03100,00000,OTHER ASSETS
690,E000000,03900,00000,DUE TO MEDICARE
690,E000000,04600,00000,DEFERRED REVENUE
690,E000000,04700,00000,DEFERRED LESASE RENT
690,E000000,04800,00000,OTHER LONG TERM LIABILITIES
690,E100001,00700,00000,TISSUE AND OTHER REVENUE
690,E200000,01500,00000,OTHER
690,S000000,00100,00100,X
690,S000000,00400,00100,2
690,S000000,00500,00100,06/01/2023
690,S000000,00600,00100,10001
690,S000000,00700,00100,N
690,S000000,00800,00100,N
690,S000000,00900,00100,09/20/2024
690,S000000,01000,00100,4
690,S000001,00100,00100,HAWAII ORGAN PROCUREMENT ORGANIZATI
690,S000001,00100,00200,12P001
690,S000001,00101,00100,405 N KUAKINI STREET  SUITE 810
690,S000001,00102,00100,HONOLULU
690,S000001,00102,00200,HI
690,S000001,00102,00300,96817
690,S000001,00300,00100,01/01/2022
690,S000001,00300,00200,12/31/2022
690,S000001,00400,00100,6
690,S000001,00400,00300,1
690,S000001,00400,00400,11/21/1987
690,S000001,00401,00300,1
690,S000002,00100,00200,Y
690,S000002,00300,00100,PRESIDENT AND CEO
690,S000002,00400,00100,05/31/2023
690,S100001,00700,00100,N
690,S100001,00810,00000,OTHER
690,S100003,00100,00100,MEDICAL DIRECTOR
690,S100003,00100,00300,MEDICAL DIRECTOR
690,S100003,00100,00500,LAB DIRECTOR
690,S100003,00101,00100,EXEC. DIRECTOR
690,S100003,00101,00300,PROCUREMENT COORDINATOR
690,S100003,00101,00500,TECHNICIANS
690,S100003,00102,00100,CLERICAL
690,S100003,00102,00300,PRESERVATION TECHNICIANS
690,S100003,00102,00500,TISSUE TYPING TECH.
690,S100003,00103,00100,OTHER
690,S100003,00103,00300,OTHER
690,S100003,00103,00500,OTHER
690,S200000,00100,00100,N
690,S200000,00200,00100,N
690,S200000,00300,00100,N
690,S200000,00400,00100,N
690,S200000,00400,00300,06/26/2023
690,S200000,00500,00100,N
690,S200000,00600,00300,PRESIDENT & CEO
690,S200000,00700,00100,LEGACY OF LIFE HAWAII
691,A000000,00100,00000,0100CAPITAL COSTS-BLDG & FIXT
691,A000000,00200,00000,0200CAPITAL COSTS-MVBLE EQUIPMENT
691,A000000,00300,00000,0300EMPLOYEE BENEFITS
691,A000000,00400,00000,0400ADMINISTRATIVE & GENERAL
691,A000000,00500,00000,0500OPERATION AND MAINTENANCE OF PLANT
691,A000000,00600,00000,0600HOUSEKEEPING
691,A000000,00700,00000,0700MEDICAL SUPPLIES
691,A000000,00800,00000,0800OTHER OVERHEAD
691,A000000,00900,00000,0900PROCUREMENT COORDINATORS
691,A000000,01000,00000,1000PROFESSIONAL EDUCATION
691,A000000,01100,00000,1100PUBLIC EDUCATION
691,A000000,01200,00000,1200OTHER ACQUISITION
691,A000000,01300,00000,1300KIDNEY ACQUISITIONS
691,A000000,01400,00000,1400TISSUE TYPING LABORATORY
691,A000000,01500,00000,1500LIVER ACQUISITIONS
691,A000000,01600,00000,1600HEART ACQUISITIONS
691,A000000,01700,00000,1700PANCREAS ACQUISITIONS
691,A000000,01800,00000,1800LUNG ACQUISITIONS
691,A000000,01900,00000,1900SMALL BOWEL ACQUISITIONS
691,A000000,02100,00000,2100RESEARCH
691,A000000,02200,00000,2200BLOOD BANK
691,A000000,02300,00000,2300LABORATORY-NON-TISSUE TYPING
691,A000000,02400,00000,2400DIALYSIS UNITS
691,A000000,02500,00000,2500OTHER NON-REIMBURSABLE
691,A100000,01700,00000,OTHER OUTSIDE SERVICES/PROFESSIONAL
691,A100000,01800,00000,POSTAGE AND DELIVERY
691,A100000,01900,00000,BUILDING OPERATIONS
691,A100000,01901,00000,OTHER
691,A20H000,00900,00000,OTHER CONTRACTED HOSPITAL COSTS
691,A20H000,02100,00000,PATHOLOGY/BIOPSY
691,A20H000,02101,00000,CARDIAC CATH COST
691,A20H000,02102,00000,OTHER ORGAN RECOVERY COSTS
691,A20H000,02103,00000,FH TRANSPORTATION
691,A20H000,02104,00000,FH EXPENSE
691,A20K000,00900,00000,OTHER CONTRACTED HOSPITAL COSTS
691,A20K000,02100,00000,PATHOLOGY/BIOPSY
691,A20K000,02101,00000,OTHER ORGAN RECOVERY COSTS
691,A20K000,02102,00000,FH TRANSPORTATION
691,A20K000,02103,00000,FH EXPENSE
691,A20K000,02104,00000,RESPIRATORY THERAPY PROFESSIONAL FEE
691,A20L000,00900,00000,OTHER CONTRACTED HOSPITAL COSTS
691,A20L000,02100,00000,PATHOLOGY/BIOPSY
691,A20L000,02101,00000,OTHER ORGAN RECOVERY COSTS
691,A20L000,02102,00000,FH TRANSPORTATION
691,A20L000,02103,00000,FH EXPENSE
691,A20L000,02104,00000,RESPIRATORY THERAPY PROFESSIONAL FEE
691,A20O000,00900,00000,OTHER CONTRACTED HOSPITAL COSTS
691,A20O000,02100,00000,OTHER ORGAN RECOVERY COSTS
691,A20P000,00900,00000,OTHER CONTRACTED HOSPITAL COSTS
691,A20P000,02100,00000,PATHOLOGY/BIOPSY
691,A20P000,02101,00000,OTHER ORGAN RECOVERY COSTS
691,A20P000,02102,00000,FH TRANSPORTATION
691,A20P000,02103,00000,FH EXPENSE
691,A20P000,02104,00000,RESPIRATORY THERAPY PROFESSIONAL FEE
691,A20U000,00900,00000,OTHER CONTRACTED HOSPITAL COSTS
691,A20U000,02100,00000,OTHER PHYSICIAN FEES
691,A20U000,02101,00000,OTHER ORGAN RECOVERY COSTS
691,A20U000,02102,00000,FH TRANSPORTATION
691,A20U000,02103,00000,FH EXPENSE
691,A20U000,02104,00000,RESPIRATORY THERAPY PROFESSIONAL FEE
691,A300000,00600,00000,LAB SUPPLIES (TOTAL DIRECT COSTS)
691,A300000,00700,00000,TRAVEL MEETING AND SEMINARS
691,A300000,00800,00000,LICENSES
691,A300000,00900,00000,OTHER
691,A400010,00100,00000,RECLASS DEPRECIATION
691,A400010,00100,00100,A
691,A400010,00100,00200,CAPITAL COSTS-MVBLE EQUIPMENT
691,A400010,00100,00500,ADMINISTRATIVE & GENERAL
691,A400010,00200,00000,RECLASS DEPRECIATION
691,A400010,00200,00100,A
691,A400010,00200,00200,CAPITAL COSTS-BLDG & FIXT
691,A400010,00200,00500,PROCUREMENT COORDINATORS
691,A400010,00300,00000,RECLASS DEPRECIATION
691,A400010,00300,00100,A
691,A400010,00300,00500,TISSUE TYPING LABORATORY
691,A400010,00400,00000,RECLASS DEPRECIATION
691,A400010,00400,00100,A
691,A400010,00400,00500,OTHER NON-REIMBURSABLE
691,A400010,00500,00000,RECLASS LEASE EXPENSE
691,A400010,00500,00100,B
691,A400010,00500,00200,CAPITAL COSTS-MVBLE EQUIPMENT
691,A400010,00500,00500,ADMINISTRATIVE & GENERAL
691,A400010,00600,00000,RECLASS LEASE EXPENSE
691,A400010,00600,00100,B
691,A400010,00600,00500,PROCUREMENT COORDINATORS
691,A400010,00700,00000,RECLASS RENT/UTILITY/BUILDING
691,A400010,00700,00100,C
691,A400010,00700,00200,OPERATION AND MAINTENANCE OF PLANT
691,A400010,00700,00500,ADMINISTRATIVE & GENERAL
691,A400010,00800,00000,ALLOCATE NON-REIMB COSTS FROM
691,A400010,00800,00100,D
691,A400010,00800,00200,OTHER NON-REIMBURSABLE
691,A400010,00800,00500,PROCUREMENT COORDINATORS
691,A400010,00900,00000,ALLOCATE NON-REIMB COSTS FROM
691,A400010,00900,00100,D
691,A400010,00900,00500,PROFESSIONAL EDUCATION
691,A400010,01000,00000,ALLOCATE NON-REIMB COSTS FROM
691,A400010,01000,00100,D
691,A400010,01000,00500,PUBLIC EDUCATION
691,A400010,01100,00000,RECLASS COVID-19 LAB PAYROLL EXPENSE
691,A400010,01100,00100,E
691,A400010,01100,00200,LABORATORY-NON-TISSUE TYPING
691,A400010,01100,00500,TISSUE TYPING LABORATORY
691,A500010,00800,00100,B
691,A500010,00800,00300,LUNG ACQUISITIONS
691,A500010,01500,00000,LOBBYING EXPENSE
691,A500010,01500,00100,A
691,A500010,01500,00300,ADMINISTRATIVE & GENERAL
691,A500010,01501,00000,LOBBYING EXPENSE
691,A500010,01501,00100,A
691,A500010,01501,00300,ADMINISTRATIVE & GENERAL
691,A500010,01502,00000,LOBBYING EXPENSE
691,A500010,01502,00100,A
691,A500010,01502,00300,PROFESSIONAL EDUCATION
691,A500010,01503,00000,LOBBYING EXPENSE
691,A500010,01503,00100,A
691,A500010,01503,00300,PUBLIC EDUCATION
691,A500010,01504,00000,ADJ NON REIMBURSABLE EXPENSES
691,A500010,01504,00100,A
691,A500010,01504,00300,ADMINISTRATIVE & GENERAL
691,A500010,01505,00000,ADJ NON REIMBURSABLE EXPENSES
691,A500010,01505,00100,A
691,A500010,01505,00300,PROCUREMENT COORDINATORS
691,A500010,01506,00000,ADJ NON REIMBURSABLE EXPENSES
691,A500010,01506,00100,A
691,A500010,01506,00300,PROFESSIONAL EDUCATION
691,A500010,01507,00000,ADJ NON REIMBURSABLE EXPENSES
691,A500010,01507,00100,A
691,A500010,01507,00300,PUBLIC EDUCATION
691,A500010,01508,00000,ADJ NON REIMBURSABLE EXPENSES
691,A500010,01508,00100,A
691,A500010,01508,00300,TISSUE TYPING LABORATORY
691,A500010,01509,00000,ADJ NON REIMBURSABLE EXPENSES
691,A500010,01509,00100,A
691,A500010,01509,00300,LABORATORY-NON-TISSUE TYPING
691,A500010,01510,00000,ADJ NON REIMBURSABLE EXPENSES
691,A500010,01510,00100,A
691,A500010,01510,00300,OTHER NON-REIMBURSABLE
691,A500010,01511,00000,MISC INCOME
691,A500010,01511,00100,A
691,A500010,01511,00300,ADMINISTRATIVE & GENERAL
691,A500010,01512,00000,MISC INCOME
691,A500010,01512,00100,A
691,A500010,01512,00300,ADMINISTRATIVE & GENERAL
691,A500010,01513,00000,MISC INCOME
691,A500010,01513,00100,A
691,A500010,01513,00300,PROFESSIONAL EDUCATION
691,A500010,01514,00000,MISC INCOME
691,A500010,01514,00100,A
691,A500010,01514,00300,OTHER NON-REIMBURSABLE
691,A500010,01515,00000,VACANT SPACE
691,A500010,01515,00100,A
691,A500010,01515,00300,CAPITAL COSTS-BLDG & FIXT
691,A500010,01516,00000,VACANT SPACE
691,A500010,01516,00100,A
691,A500010,01516,00300,OPERATION AND MAINTENANCE OF PLANT
691,A500010,01517,00000,CONTRIBUTIONS
691,A500010,01517,00100,A
691,A500010,01517,00300,ADMINISTRATIVE & GENERAL
691,A500010,01518,00000,CONTRIBUTIONS
691,A500010,01518,00100,A
691,A500010,01518,00300,PUBLIC EDUCATION
691,A500010,01519,00000,CONTRIBUTIONS
691,A500010,01519,00100,A
691,A500010,01519,00300,PUBLIC EDUCATION
691,A500010,01520,00000,REMOVE FH TRANS/MISC DIRECT NON-REIM
691,A500010,01520,00100,A
691,A500010,01520,00300,KIDNEY ACQUISITIONS
691,A500010,01521,00000,REMOVE FH TRANS/MISC DIRECT NON-REIM
691,A500010,01521,00100,A
691,A500010,01521,00300,LIVER ACQUISITIONS
691,A500010,01522,00000,REMOVE FH TRANS/MISC DIRECT NON-REIM
691,A500010,01522,00100,A
691,A500010,01522,00300,HEART ACQUISITIONS
691,A500010,01523,00000,REMOVE FH TRANS/MISC DIRECT NON-REIM
691,A500010,01523,00100,A
691,A500010,01523,00300,PANCREAS ACQUISITIONS
691,A500010,01524,00000,REMOVE FH TRANS/MISC DIRECT NON-REIM
691,A500010,01524,00100,A
691,A500010,01524,00300,LUNG ACQUISITIONS
691,A500010,01525,00000,REMOVE INTEREST EXPENSE-SWAP
691,A500010,01525,00100,A
691,A500010,01525,00300,ADMINISTRATIVE & GENERAL
691,A500010,01526,00000,REMOVE RESEARCH EXPENSES
691,A500010,01526,00100,A
691,A500010,01526,00300,KIDNEY ACQUISITIONS
691,A500010,01527,00000,REMOVE RESEARCH EXPENSES
691,A500010,01527,00100,A
691,A500010,01527,00300,LIVER ACQUISITIONS
691,A500010,01528,00000,REMOVE RESEARCH EXPENSES
691,A500010,01528,00100,A
691,A500010,01528,00300,HEART ACQUISITIONS
691,A500010,01529,00000,REMOVE RESEARCH EXPENSES
691,A500010,01529,00100,A
691,A500010,01529,00300,PANCREAS ACQUISITIONS
691,A500010,01530,00000,REMOVE RESEARCH EXPENSES
691,A500010,01530,00100,A
691,A500010,01530,00300,SMALL BOWEL ACQUISITIONS
691,A500010,01600,00000,ADJUST RESEARCH REVENUE - TISSUE TYP
691,A500010,01600,00100,A
691,A500010,01600,00300,TISSUE TYPING LABORATORY
691,A51000A,00100,00100,Y
691,A51000B,00100,00200,ADMINISTRATIVE & GENERAL
691,A51000B,00200,00200,PROCUREMENT COORDINATORS
691,A51000C,00100,00100,C
691,A51000C,00100,00200,ALLOSOURCE
691,A51000C,00200,00100,C
691,A51000C,00200,00200,ILLINOIS TRANSPLANT FUND
691,A51000C,00300,00100,C
691,A51000C,00300,00200,GIFT OF HOPE COMMUNITY FOUNDATION
691,A60000A,00700,00000,ASSET IN PROCESS
691,A60000C,00500,00100,N
691,B10000*,00100,00200,CAP BLDG
691,B10000*,00100,00300,CAP COSTS
691,B10000*,00100,00400,EMPLOYEE
691,B10000*,00100,00500,MEDICAL
691,B10000*,00100,00800,ORGAN
691,B10000*,00100,01000,ADMIN &
691,B10000*,00200,00200,OP PLANT &
691,B10000*,00200,00300,MOVABLE
691,B10000*,00200,00400,BENEFITS
691,B10000*,00200,00500,SUPPLIES
691,B10000*,00200,00800,ACQUISITN
691,B10000*,00200,01000,GENERAL
691,B10000*,00300,00200,HOUSEKEEP
691,B10000*,00300,00300,EQUIPMENT
691,B10000*,00300,00800,COSTS
691,B10000*,00400,00200,SQUARE
691,B10000*,00400,00300,DOLLAR
691,B10000*,00400,00400,ADJUST
691,B10000*,00400,00500,COSTED
691,B10000*,00400,00800,NUMBER
691,B10000*,00400,01000,ACCUM
691,B10000*,00500,00200,FEET
691,B10000*,00500,00300,VALUE
691,B10000*,00500,00400,SALARIES
691,B10000*,00500,00500,REQUISIT
691,B10000*,00500,00800,ORGANS
691,B10000*,00500,01000,COSTS
691,B10000*,00600,00200,1
691,B10000*,00600,00300,2
691,B10000*,00600,00400,3
691,B10000*,00600,00500,3
691,B10000*,00600,00800,3
691,B10000*,00600,01000,3
691,B100000,00000,01000,X
691,E000000,00900,00000,OTHER ASSETS
691,E000000,02600,00000,ASSETS IN PROCESS
691,E000000,03100,00000,OTHER - INVESTMENT IN AFFILIATE
691,E000000,03900,00000,OTHER LIABILITIES
691,E000000,04100,00000,POST RETIREMENT OBLIGATION
691,E000000,04600,00000,POST RETIREMENT OBLIGATION
691,E000000,04700,00000,DERIVATIVE FINANCIAL INSTRUMENT
691,E100001,00700,00000,TISSUE BANK REVENUES
691,E100001,00800,00000,NET ASSETS RELEASED FROM RESTRICTION
691,E100002,00800,00000,INTERNAL LAB EXPENSES ADJUSTMENT
691,E200000,02000,00000,CHANGE IN FMV OF DERIVATIVE
691,E200000,02100,00000,POST RETIREMENT BENEFIT OBILIGATION
691,E200000,02200,00000,GRANT RESTRICTED FOR PROP AND EQUIP
691,E200000,02300,00000,OTHER MISC INCOME
691,E200000,02600,00000,DECREASE IN AFFILIATE
691,E200000,02700,00000,LOSS FROM INVESTMENTS
691,E200000,02701,00000,NET ASSETS RELEASED FROM RESTRICTION
691,S000000,00100,00100,X
691,S000000,00400,00100,2
691,S000000,00500,00100,05/22/2023
691,S000000,00600,00100,10001
691,S000000,00700,00100,N
691,S000000,00800,00100,N
691,S000000,00900,00100,09/20/2024
691,S000000,01000,00100,4
691,S000001,00100,00100,GIFT OF HOPE ORGAN & TISSUE DONOR NE
691,S000001,00100,00200,14P001
691,S000001,00101,00100,425 SPRING LAKE DR
691,S000001,00102,00100,ITASCA
691,S000001,00102,00200,IL
691,S000001,00102,00300,60143
691,S000001,00200,00100,GIFT OF HOPE ORGAN & TISSUE DONOR NE
691,S000001,00200,00200,14HL07
691,S000001,00201,00100,425 SPRING LAKE DR
691,S000001,00202,00100,ITASCA
691,S000001,00202,00200,IL
691,S000001,00202,00300,60143
691,S000001,00300,00100,01/01/2022
691,S000001,00300,00200,12/31/2022
691,S000001,00400,00100,6
691,S000001,00400,00300,1
691,S000001,00400,00400,12/16/1986
691,S000001,00401,00100,6
691,S000001,00401,00300,2
691,S000001,00401,00400,12/16/1986
691,S000002,00100,00200,Y
691,S000002,00300,00100,CHIEF FINANCIAL OFFICER
691,S000002,00400,00100,05/11/2023
691,S100001,00700,00100,N
691,S100001,00810,00000,SMALL BOWEL
691,S100001,00811,00000,HEART/LUNG
691,S100002,00400,00100,STANDARD (CDC) CROSSMATCH
691,S100002,00401,00100,DECEASED DONOR FINAL CROSSMATCH
691,S100002,00402,00100,FLOW CYTOMETRY CROSSMATCH
691,S100002,00403,00100,NAT TESTING - SARS -COV-2
691,S100002,00404,00100,DONOR SPECIFIC ANTIBODY REPORT
691,S100002,00405,00100,FROZEN PATHOLOGY SECTION
691,S100002,00406,00100,HEMOGLOBIN A1C
691,S100002,00407,00100,ABO TYPING
691,S100002,00408,00100,SERUM PROCESSING/STORAGE  LONG TERM
691,S100002,00409,00100,INFECTIOUS DISEASE SEROLOGY - COMPLE
691,S100002,00410,00100,MONTHLY SERUM MANAGEMENT
691,S100002,00411,00100,PRA/ID - HLA CLASS I AB
691,S100002,00412,00100,PRA/ID - HLA CLASS II AB
691,S100002,00413,00100,SINGLE ANTIGEN BEAD - HLA CLASS I AB
691,S100002,00414,00100,SINGLE ANTIGEN BEAD - HLA CLASS II A
691,S100002,00415,00100,NAT TESTING - HBV/HCV/HIV
691,S100002,00416,00100,NAT TESTING - WEST NILE VIRUS
691,S100002,00417,00100,INFECTIOUS DISEASE SEROLOGY - HIV AB
691,S100002,00418,00100,INFECTIOUS DISEASE SEROLOGY - HCV AB
691,S100002,00419,00100,INFECTIOUS DISEASE SEROLOGY - HBSAG
691,S100002,00420,00100,INFECTIOUS DISEASE SEROLOGY - HBCAB
691,S100002,00421,00100,INFECTIOUS DISEASE SEROLOGY - CMV -
691,S100002,00422,00100,INFECTIOUS DISEASE SEROLOGY - EBV -
691,S100002,00423,00100,HLA CLASS I TYPING (A  B  C)
691,S100002,00424,00100,HLA CLS II TYPG (DRB1 DRB3/4/5 DQB1
691,S100002,00425,00100,INFECTIOUS DISEASE SEROLOGY - TOXOPL
691,S100003,00100,00100,MEDICAL DIRECTOR
691,S100003,00100,00300,MEDICAL DIRECTOR
691,S100003,00100,00500,LAB DIRECTOR
691,S100003,00101,00100,EXEC. DIRECTOR
691,S100003,00101,00300,PROCUREMENT COORDINATOR
691,S100003,00101,00500,TECHNICIANS
691,S100003,00102,00100,CLERICAL
691,S100003,00102,00300,PRESERVATION TECHNICIANS
691,S100003,00102,00500,TISSUE TYPING TECH.
691,S100003,00103,00100,OTHER
691,S100003,00103,00300,OTHER
691,S100003,00103,00500,OTHER
691,S200000,00100,00100,N
691,S200000,00200,00100,N
691,S200000,00300,00100,Y
691,S200000,00400,00100,Y
691,S200000,00400,00200,A
691,S200000,00400,00300,07/31/2023
691,S200000,00500,00100,N
691,S200000,00600,00300,CHIEF FINANCIAL OFFICER
691,S200000,00700,00100,GIFT OF HOPE ORGAN & TISSUE DONOR NE
692,A000000,00100,00000,0100CAPITAL COSTS-BLDG & FIXT
692,A000000,00200,00000,0200CAPITAL COSTS-MVBLE EQUIPMENT
692,A000000,00300,00000,0300EMPLOYEE BENEFITS
692,A000000,00400,00000,0400ADMINISTRATIVE & GENERAL
692,A000000,00500,00000,0500OPERATION AND MAINTENANCE OF PLANT
692,A000000,00600,00000,0600HOUSEKEEPING
692,A000000,00700,00000,0700MEDICAL SUPPLIES
692,A000000,00800,00000,0800OTHER OVERHEAD
692,A000000,00900,00000,0900PROCUREMENT COORDINATORS
692,A000000,01000,00000,1000PROFESSIONAL EDUCATION
692,A000000,01100,00000,1100PUBLIC EDUCATION
692,A000000,01200,00000,1200OTHER ACQUISITION
692,A000000,01300,00000,1300KIDNEY ACQUISITIONS
692,A000000,01400,00000,1400TISSUE TYPING LABORATORY
692,A000000,01500,00000,1500LIVER ACQUISITIONS
692,A000000,01600,00000,1600HEART ACQUISITIONS
692,A000000,01700,00000,1700PANCREAS ACQUISITIONS
692,A000000,01800,00000,1800LUNG ACQUISITIONS
692,A000000,01900,00000,1900OTHER ACQUISITIONS
692,A000000,02100,00000,2100RESEARCH
692,A000000,02200,00000,2200BLOOD BANK
692,A000000,02300,00000,2300LABORATORY-NON-TISSUE TYPING
692,A000000,02400,00000,2400DIALYSIS UNITS
692,A000000,02500,00000,2500OTHER NON-REIMBURSABLE
692,A51000A,00100,00100,N
692,S000000,00100,00100,X
692,S000000,00400,00100,2
692,S000000,00500,00100,05/16/2023
692,S000000,00600,00100,10001
692,S000000,00700,00100,N
692,S000000,00800,00100,N
692,S000000,00900,00100,09/20/2024
692,S000000,01000,00100,4
692,S000001,00100,00100,VERSITI INDIANA  INC
692,S000001,00100,00200,15HL01
692,S000001,00101,00100,3450 N MERIDIAN ST
692,S000001,00101,00200,88273
692,S000001,00102,00100,INDIANAPOLIS
692,S000001,00102,00200,IN
692,S000001,00102,00300,46208
692,S000001,00300,00100,01/01/2022
692,S000001,00300,00200,12/31/2022
692,S000001,00400,00100,6
692,S000001,00400,00300,2
692,S000001,00400,00400,01/01/1997
692,S000001,00401,00300,1
692,S000002,00100,00200,Y
692,S000002,00300,00100,EVP & GENERAL COUNSEL
692,S000002,00400,00100,05/10/2023
692,S100001,00700,00100,N
692,S100001,00810,00000,OTHER
692,S100003,00100,00100,MEDICAL DIRECTOR
692,S100003,00100,00300,MEDICAL DIRECTOR
692,S100003,00100,00500,LAB DIRECTOR
692,S100003,00101,00100,EXEC. DIRECTOR
692,S100003,00101,00300,PROCUREMENT COORDINATOR
692,S100003,00101,00500,TECHNICIANS
692,S100003,00102,00100,CLERICAL
692,S100003,00102,00300,PRESERVATION TECHNICIANS
692,S100003,00102,00500,TISSUE TYPING TECH.
692,S100003,00103,00100,OTHER
692,S100003,00103,00300,OTHER
692,S100003,00103,00500,OTHER
692,S200000,00100,00100,N
692,S200000,00200,00100,N
692,S200000,00300,00100,N
692,S200000,00400,00100,N
692,S200000,00500,00100,N
693,A000000,00100,00000,0100CAPITAL COSTS-BLDG & FIXT
693,A000000,00200,00000,0200CAPITAL COSTS-MVBLE EQUIPMENT
693,A000000,00300,00000,0300EMPLOYEE BENEFITS
693,A000000,00400,00000,0400ADMINISTRATIVE & GENERAL
693,A000000,00500,00000,0500OPERATION AND MAINTENANCE OF PLANT
693,A000000,00600,00000,0600HOUSEKEEPING
693,A000000,00700,00000,0700MEDICAL SUPPLIES
693,A000000,00800,00000,0800OTHER OVERHEAD
693,A000000,00900,00000,0900PROCUREMENT COORDINATORS
693,A000000,01000,00000,1000PROFESSIONAL EDUCATION
693,A000000,01100,00000,1100PUBLIC EDUCATION
693,A000000,01300,00000,1300KIDNEY ACQUISITIONS
693,A000000,01400,00000,1400TISSUE TYPING LABORATORY
693,A000000,01500,00000,1500LIVER ACQUISITIONS
693,A000000,01600,00000,1600HEART ACQUISITIONS
693,A000000,01700,00000,1700PANCREAS ACQUISITIONS
693,A000000,01800,00000,1800LUNG ACQUISITIONS
693,A000000,01900,00000,1900VCA/INTESTINE    S
693,A000000,02100,00000,2100RESEARCH
693,A000000,02200,00000,2200BLOOD BANK
693,A000000,02300,00000,2300LABORATORY-NON-TISSUE TYPING
693,A000000,02400,00000,2400DIALYSIS UNITS
693,A000000,02500,00000,2500TISSUE
693,A000000,02501,00000,2501SKIN PROCESSING
693,A100000,01700,00000,POSTAGE
693,A100000,01800,00000,EDUCATION
693,A100000,01900,00000,GAIN/LOSS ON ASSETS
693,A100000,01901,00000,ADVISORY/BANK/LATE FEES
693,A20H000,00900,00000,OTHER HOSPITAL
693,A20K000,00900,00000,OTHER HOSPITAL
693,A20K000,00901,00000,PERFUSION COSTS
693,A20L000,00900,00000,OTHER HOSPITAL
693,A20O000,00900,00000,OTHER HOSPITAL
693,A20P000,00900,00000,OTHER HOSPITAL
693,A20U000,00900,00000,OTHER HOSPITAL
693,A400010,00100,00000,RENT/LEASE FOR BLDG
693,A400010,00100,00100,A
693,A400010,00100,00200,CAPITAL COSTS-BLDG & FIXT
693,A400010,00100,00500,ADMINISTRATIVE & GENERAL
693,A400010,00200,00000,TISSUE COST FR PROCURE TO NON-REIMB
693,A400010,00200,00100,B
693,A400010,00200,00200,TISSUE
693,A400010,00200,00500,PROCUREMENT COORDINATORS
693,A400010,00300,00000,TISSUE COST FR PUB ED TO NON-REIMB
693,A400010,00300,00100,C
693,A400010,00300,00200,TISSUE
693,A400010,00300,00500,PUBLIC EDUCATION
693,A400010,00400,00000,TISSUE COST FR PROF ED TO NON-REIMB
693,A400010,00400,00100,D
693,A400010,00400,00200,TISSUE
693,A400010,00400,00500,PROFESSIONAL EDUCATION
693,A400010,00500,00000,CONTRACT SERV NON ORG
693,A400010,00500,00100,E
693,A400010,00500,00200,OPERATION AND MAINTENANCE OF PLANT
693,A400010,00500,00500,PROCUREMENT COORDINATORS
693,A400010,00600,00000,POL DEPT COSTS TO KIDNEY ACQUSITION
693,A400010,00600,00100,F
693,A400010,00600,00200,KIDNEY ACQUISITIONS
693,A400010,00600,00500,SKIN PROCESSING
693,A400010,00700,00000,POL DEPT COSTS TO ORGAN PROC COORD
693,A400010,00700,00100,G
693,A400010,00700,00200,PROCUREMENT COORDINATORS
693,A400010,00700,00500,SKIN PROCESSING
693,A500010,00700,00100,B
693,A500010,00700,00300,ADMINISTRATIVE & GENERAL
693,A500010,01500,00000,DONATIONS
693,A500010,01500,00100,A
693,A500010,01500,00300,ADMINISTRATIVE & GENERAL
693,A500010,01501,00000,RESEARCH ORGAN REVENUE
693,A500010,01501,00100,B
693,A500010,01501,00300,PROCUREMENT COORDINATORS
693,A500010,01502,00000,ALCOHOL
693,A500010,01502,00100,A
693,A500010,01502,00300,ADMINISTRATIVE & GENERAL
693,A500010,01503,00000,LOBBYING AOPO
693,A500010,01503,00100,A
693,A500010,01503,00300,ADMINISTRATIVE & GENERAL
693,A500010,01504,00000,LATE FEES
693,A500010,01504,00100,A
693,A500010,01504,00300,ADMINISTRATIVE & GENERAL
693,A500010,01600,00000,SURG FEES OVER $1 250 PER DONOR
693,A500010,01600,00100,A
693,A500010,01600,00300,KIDNEY ACQUISITIONS
693,A500010,01601,00000,LIVING DONOR COSTS
693,A500010,01601,00100,A
693,A500010,01601,00300,PROCUREMENT COORDINATORS
693,A500010,01602,00000,NONALLOWABLE EXP
693,A500010,01602,00100,A
693,A500010,01602,00300,ADMINISTRATIVE & GENERAL
693,A500010,01603,00000,NONALLOWABLE EXP
693,A500010,01603,00100,A
693,A500010,01603,00300,PROCUREMENT COORDINATORS
693,A500010,01604,00000,NONALLOWABLE EXP
693,A500010,01604,00100,A
693,A500010,01604,00300,PUBLIC EDUCATION
693,A500010,01605,00000,DLMD ACCTING
693,A500010,01605,00100,A
693,A500010,01605,00300,ADMINISTRATIVE & GENERAL
693,A500010,01606,00000,GAIN / (LOSS) ON ASSETS
693,A500010,01606,00100,B
693,A500010,01606,00300,ADMINISTRATIVE & GENERAL
693,A500010,01608,00000,ONLINE STORE
693,A500010,01608,00100,B
693,A500010,01608,00300,PUBLIC EDUCATION
693,A51000A,00100,00100,N
693,A60000C,00500,00100,N
693,B10000*,00100,00200,CAP BLDG
693,B10000*,00100,00300,CAP COSTS
693,B10000*,00100,00400,EMPLOYEE
693,B10000*,00100,00500,MEDICAL
693,B10000*,00100,00800,ORGAN
693,B10000*,00100,01000,ADMIN &
693,B10000*,00200,00200,OP PLANT &
693,B10000*,00200,00300,MOVABLE
693,B10000*,00200,00400,BENEFITS
693,B10000*,00200,00500,SUPPLIES
693,B10000*,00200,00800,ACQUISITN
693,B10000*,00200,01000,GENERAL
693,B10000*,00300,00200,HOUSEKEEP
693,B10000*,00300,00300,EQUIPMENT
693,B10000*,00300,00800,COSTS
693,B10000*,00400,00200,SQUARE
693,B10000*,00400,00300,DOLLAR
693,B10000*,00400,00400,ADJUST
693,B10000*,00400,00500,COSTED
693,B10000*,00400,00800,NUMBER
693,B10000*,00400,01000,ACCUM
693,B10000*,00500,00200,FEET
693,B10000*,00500,00300,VALUE
693,B10000*,00500,00400,SALARIES
693,B10000*,00500,00500,REQUISIT
693,B10000*,00500,00800,ORGANS
693,B10000*,00500,01000,COSTS
693,B10000*,00600,00200,1
693,B10000*,00600,00300,2
693,B10000*,00600,00400,3
693,B10000*,00600,00500,3
693,B10000*,00600,00800,3
693,B10000*,00600,01000,3
693,B100000,00000,01000,X
693,E000000,00900,00000,OTHER CURRENT ASSETS
693,E000000,02600,00000,OTHER FIXED ASSETS
693,E000000,03100,00000,31 RIGHT-OF-USE LEASE ASSET
693,E000000,03900,00000,ACCRUED EXPENSES
693,E000000,04600,00000,DEFERRED COMPENSATION
693,E000000,04700,00000,RESTRICTED LIABILITY
693,E000000,04800,00000,RIGHT-OF-USE LEASE LIABILITY
693,E100001,00700,00000,BONE
693,E100001,00800,00000,SKIN
693,E100001,00900,00000,MISC ORGANS
693,E100001,00901,00000,CORNEA/HV/VEINS
693,E200000,02000,00000,DONATIONS
693,E200000,02100,00000,CALL CENTER REVENUE
693,E200000,02200,00000,GRANT
693,E200000,02300,00000,MISC
693,S000000,00100,00100,X
693,S000000,00400,00100,2
693,S000000,00500,00100,05/30/2023
693,S000000,00600,00100,10001
693,S000000,00700,00100,N
693,S000000,00800,00100,N
693,S000000,00900,00100,09/20/2024
693,S000000,01000,00100,4
693,S000001,00100,00100,THE LIVING LEGACY FOUNDATION
693,S000001,00100,00200,21P001
693,S000001,00101,00100,1730 TWIN SPRINGS ROAD  SUITE 200
693,S000001,00102,00100,BALTIMORE
693,S000001,00102,00200,MD
693,S000001,00102,00300,21227
693,S000001,00300,00100,01/01/2022
693,S000001,00300,00200,12/31/2022
693,S000001,00400,00100,8
693,S000001,00400,00300,1
693,S000001,00400,00400,01/01/2013
693,S000001,00401,00300,1
693,S000002,00100,00200,Y
693,S000002,00300,00100,CHIEF FINANCIAL OFFICER
693,S000002,00400,00100,05/30/2023
693,S100001,00700,00100,N
693,S100001,00810,00000,VCA
693,S100001,00811,00000,INTESTINES
693,S100001,00812,00000,VEIN/NERVES
693,S100003,00100,00100,MEDICAL DIRECTOR
693,S100003,00100,00300,MEDICAL DIRECTOR
693,S100003,00100,00500,LAB DIRECTOR
693,S100003,00101,00100,EXEC. DIRECTOR
693,S100003,00101,00300,PROCUREMENT COORDINATOR
693,S100003,00101,00500,TECHNICIANS
693,S100003,00102,00100,CLERICAL
693,S100003,00102,00300,PRESERVATION TECHNICIANS
693,S100003,00102,00500,TISSUE TYPING TECH.
693,S100003,00103,00100,CLERICAL
693,S100003,00103,00300,OTHER
693,S100003,00103,00500,OTHER
693,S200000,00100,00100,N
693,S200000,00200,00100,N
693,S200000,00300,00100,N
693,S200000,00400,00100,Y
693,S200000,00400,00200,A
693,S200000,00500,00100,Y
693,S200000,00600,00300,CFO
693,S200000,00700,00100,THE LIVING LEGACY FOUNDATION
694,A000000,00100,00000,0100CAPITAL COSTS-BLDG & FIXT
694,A000000,00200,00000,0200CAPITAL COSTS-MVBLE EQUIPMENT
694,A000000,00300,00000,0300EMPLOYEE BENEFITS
694,A000000,00400,00000,0400ADMINISTRATIVE & GENERAL
694,A000000,00500,00000,0500OPERATION AND MAINTENANCE OF PLANT
694,A000000,00600,00000,0600HOUSEKEEPING
694,A000000,00700,00000,0700MEDICAL SUPPLIES
694,A000000,00800,00000,0800OTHER OVERHEAD
694,A000000,00900,00000,0900PROCUREMENT COORDINATORS
694,A000000,01000,00000,1000PROFESSIONAL EDUCATION
694,A000000,01100,00000,1100PUBLIC EDUCATION
694,A000000,01200,00000,1200OTHER ACQUISITION
694,A000000,01300,00000,1300KIDNEY ACQUISITIONS
694,A000000,01400,00000,1400TISSUE TYPING LABORATORY
694,A000000,01500,00000,1500LIVER ACQUISITIONS
694,A000000,01600,00000,1600HEART ACQUISITIONS
694,A000000,01700,00000,1700PANCREAS ACQUISITIONS
694,A000000,01800,00000,1800LUNG ACQUISITIONS
694,A000000,01900,00000,1900INTESTINE ACQUISITIONS
694,A000000,02100,00000,2100RESEARCH
694,A000000,02200,00000,2200BLOOD BANK
694,A000000,02300,00000,2300LABORATORY-NON-TISSUE TYPING
694,A000000,02400,00000,2400DIALYSIS UNITS
694,A000000,02500,00000,2500TISSUE
694,A000000,02501,00000,2501GOLF ALLOCATION
694,A000000,02502,00000,2502UNUSED SPACE
694,A100000,01700,00000,POSTAGE
694,A100000,01800,00000,PAYROLL PROCESSING
694,A100000,01900,00000,BOND AMORTIZATION
694,A100000,01901,00000,MISCELLANEOUS EXPENSES
694,A20H000,00900,00000,DONOR HOSPITAL OTHER
694,A20K000,00900,00000,DONOR HOSPITAL OTHER
694,A20K000,02100,00000,OTHER COSTS
694,A20L000,00900,00000,DONOR HOSPITAL OTHER
694,A20O000,00900,00000,DONOR HOSPITAL OTHER
694,A20O000,02100,00000,OTHER COSTS
694,A20P000,00900,00000,DONOR HOSPITAL OTHER
694,A20U000,00900,00000,DONOR HOSPITSL OTHER
694,A300000,00600,00000,PRINTING AND OFFICE SUPPLIES
694,A300000,00700,00000,OPERATING SUPPLIES
694,A300000,00800,00000,MEETING AND TRAVEL
694,A300000,00900,00000,CONSULTANTS
694,A300000,00901,00000,DEPRECIATION
694,A300000,01000,00000,EQUIPMENT RENTAL
694,A300000,01001,00000,MISCELLANEOUS
694,A400010,00100,00000,TISSUE OVERHEAD
694,A400010,00100,00100,A
694,A400010,00100,00200,TISSUE
694,A400010,00100,00500,PROCUREMENT COORDINATORS
694,A400010,00200,00000,A&G OCCUPANCY RECLASS
694,A400010,00200,00100,B
694,A400010,00200,00200,ADMINISTRATIVE & GENERAL
694,A400010,00200,00500,CAPITAL COSTS-BLDG & FIXT
694,A400010,00300,00000,A&G OCCUPANCY RECLASS
694,A400010,00300,00100,B
694,A400010,00300,00500,OPERATION AND MAINTENANCE OF PLANT
694,A500010,00800,00100,A
694,A500010,00800,00300,PROCUREMENT COORDINATORS
694,A500010,01500,00000,LOBBYING EXPENSES
694,A500010,01500,00100,A
694,A500010,01500,00300,ADMINISTRATIVE & GENERAL
694,A500010,01506,00000,GOLF ALLOCATION
694,A500010,01506,00100,A
694,A500010,01506,00300,GOLF ALLOCATION
694,A500010,01507,00000,OFFSET TISSUE LOST CHARGES
694,A500010,01507,00100,A
694,A500010,01507,00300,TISSUE
694,A500010,01600,00000,UNALLOWABLE PROFESSIONAL EDUC EXPENS
694,A500010,01600,00100,A
694,A500010,01600,00300,PROFESSIONAL EDUCATION
694,A500010,01601,00000,UNALLOWABLE PUBLIC EDUC EXPENSES
694,A500010,01601,00100,A
694,A500010,01601,00300,PUBLIC EDUCATION
694,A500010,01602,00000,UNALLOWABLE ADMIN EXPENSES
694,A500010,01602,00100,A
694,A500010,01602,00300,ADMINISTRATIVE & GENERAL
694,A500010,01603,00000,UNALLOWABLE TRANSPORTATION
694,A500010,01603,00100,A
694,A500010,01603,00300,PROCUREMENT COORDINATORS
694,A500010,01604,00000,UNALLOWABLE LAB EXPENSES
694,A500010,01604,00100,A
694,A500010,01604,00300,TISSUE TYPING LABORATORY
694,A500010,01605,00000,KIDNEY LIVING RELATED REVENUE
694,A500010,01605,00100,A
694,A500010,01605,00300,KIDNEY ACQUISITIONS
694,A500010,01606,00000,UNALLOWABLE COORD EXPENSES
694,A500010,01606,00100,A
694,A500010,01606,00300,PROCUREMENT COORDINATORS
694,A500010,01607,00000,UNALLOWABLE KIDNEY EXPENSE
694,A500010,01607,00100,A
694,A500010,01607,00300,KIDNEY ACQUISITIONS
694,A500010,01608,00000,UNALLOWABLE TISSUE EXPENSE
694,A500010,01608,00100,A
694,A500010,01608,00300,TISSUE
694,A51000A,00100,00100,N
694,A60000A,00700,00000,OFFICE EQUIPMENT
694,A60000A,00701,00000,LEASEHOLD IMPROVEMENTS
694,A60000A,00702,00000,CIP
694,A60000B,00800,00000,OFFICE EQUIPMENT
694,A60000B,00801,00000,LEASEHOLD IMPROVEMENTS
694,A60000C,00500,00100,N
694,B10000*,00100,00200,CAP BLDG
694,B10000*,00100,00300,CAP COSTS
694,B10000*,00100,00400,EMPLOYEE
694,B10000*,00100,00500,MEDICAL
694,B10000*,00100,00800,ORGAN
694,B10000*,00100,01000,ADMIN &
694,B10000*,00200,00200,OP PLANT &
694,B10000*,00200,00300,MOVABLE
694,B10000*,00200,00400,BENEFITS
694,B10000*,00200,00500,SUPPLIES
694,B10000*,00200,00800,ACQUISITN
694,B10000*,00200,01000,GENERAL
694,B10000*,00300,00200,HOUSEKEEP
694,B10000*,00300,00300,EQUIPMENT
694,B10000*,00300,00800,COSTS
694,B10000*,00400,00200,SQUARE
694,B10000*,00400,00300,DOLLAR
694,B10000*,00400,00400,ADJUST
694,B10000*,00400,00500,COSTED
694,B10000*,00400,00800,NUMBER
694,B10000*,00400,01000,ACCUM
694,B10000*,00500,00200,FEET
694,B10000*,00500,00300,VALUE
694,B10000*,00500,00400,SALARIES
694,B10000*,00500,00500,REQUISIT
694,B10000*,00500,00800,ORGANS
694,B10000*,00500,01000,COSTS
694,B10000*,00600,00200,1
694,B10000*,00600,00300,2
694,B10000*,00600,00400,3
694,B10000*,00600,00500,3
694,B10000*,00600,00800,3
694,B10000*,00600,01000,3
694,B100000,00000,01000,X
694,E000000,00900,00000,FLEXIBLE ANNUITY
694,E000000,02600,00000,CIP
694,E000000,03100,00000,OTHER ASSETS
694,E000000,03900,00000,MEDICARE PAYABLE
694,E000000,04100,00000,FLEXIBLE ANNUITY
694,E000000,04600,00000,OTHER LONG-TERM LIABILITIES
694,E100001,00700,00000,TISSUE REVENUE
694,E100001,00800,00000,INTERMEDIARY REIMBURSEMENT
694,E100001,00900,00000,PRESERVATION REVENUE
694,E100002,00800,00000,INTERNAL HLA LAB ADJUSTMENT
694,E200000,02000,00000,UNREALIZED GAIN ON INT RATE SWAP
694,E200000,02600,00000,INTEMEDIARY PAYMENT DUE
694,S000000,00100,00100,X
694,S000000,00400,00100,2
694,S000000,00500,00100,05/31/2023
694,S000000,00600,00100,10001
694,S000000,00700,00100,N
694,S000000,00800,00100,N
694,S000000,00900,00100,09/20/2024
694,S000000,01000,00100,4
694,S000001,00100,00100,ORGAN PROCUREMENT AGENCY OF MI
694,S000001,00100,00200,23P001
694,S000001,00101,00100,3861 RESEARCH PARK DRIVE
694,S000001,00102,00100,ANN ARBOR
694,S000001,00102,00200,MI
694,S000001,00102,00300,48108
694,S000001,00200,00100,ORGAN PROCUREMENT AGENCY OF MICHIGAN
694,S000001,00200,00200,23HL03
694,S000001,00201,00100,3861 RESEARCH PARK DRIVE
694,S000001,00202,00100,ANN ARBOR
694,S000001,00202,00200,MI
694,S000001,00202,00300,48108
694,S000001,00300,00100,01/01/2022
694,S000001,00300,00200,12/31/2022
694,S000001,00400,00100,6
694,S000001,00400,00300,1
694,S000001,00400,00400,01/01/1979
694,S000001,00401,00100,6
694,S000001,00401,00300,2
694,S000001,00401,00400,01/01/1979
694,S000002,00100,00200,Y
694,S000002,00300,00100,CFO
694,S000002,00400,00100,05/30/2023
694,S100001,00700,00100,N
694,S100001,00810,00000,INTESTINE
694,S100001,00811,00000,OTHER TISSUE
694,S100002,00400,00100,*HBC ANTIBODY TOTAL
694,S100002,00401,00100,*HBS ANTIGEN TOTAL
694,S100002,00402,00100,*HBV DNA DISCRIMINATORY TOTAL
694,S100002,00403,00100,*HBV/HCV/HIV-1/HIV-2 SCREENING TOTAL
694,S100002,00404,00100,*HCV ANTIBODY TOTAL
694,S100002,00405,00100,*HCV RNA DISCRIMINATORY TOTAL
694,S100002,00406,00100,*HIV-1/2+O ANTIBODY TOTAL
694,S100002,00407,00100,*HIV-1/HIV-2 RNA DISCRIMINATORY TOTA
694,S100002,00408,00100,*SYPHILIS IGG ANTIBODY TOTAL
694,S100002,00409,00100,ABO GENOTYPE TOTAL
694,S100002,00410,00100,ABO GROUPING TOTAL
694,S100002,00411,00100,CMV IGG   TOTAL
694,S100002,00412,00100,DECEASED DONOR FLOW CROSSMATCH TOTAL
694,S100002,00413,00100,DECEASED DONOR FLOW CROSSMATCH-ADDIT
694,S100002,00414,00100,EBV IGM TOTAL
694,S100002,00415,00100,FEE FOR LIAISON TEST PANEL (CMV/EBV/
694,S100002,00417,00100,FEE FOR LUMINEX FLOW MICROARRAY AB I
694,S100002,00418,00100,FEE FOR LUMINEX FLOW MICROARRAY SING
694,S100002,00419,00100,FEE FOR LUMINUX FLOW MICROARRAY SING
694,S100002,00420,00100,FEE FOR NAT TESTING TOTAL
694,S100002,00421,00100,FEE FOR RENAL ONLY CROSSMATCH   TOTA
694,S100002,00422,00100,FEE FOR RENAL WITH PANC CROSSMATCHES
694,S100002,00423,00100,FEE FOR SAMPLE STORAGE TOTAL
694,S100002,00424,00100,FEE FOR STAT TESTING M-F 07:00-23:00
694,S100002,00425,00100,FEE FOR STAT TESTING OFF HOURS/WEEKE
694,S100002,00426,00100,GLYCOSYLATED HGB TOTAL
694,S100002,00427,00100,HBSAG EIA TOTAL
694,S100002,00428,00100,INFECTIOUS DISEASE FEE (VIRAL MARKER
694,S100002,00429,00100,LIVING FLOW CROSSMATCH TOTAL
694,S100002,00430,00100,LIVING FLOW XM ADDITIONAL SERA TOTAL
694,S100002,00431,00100,LX SA I TOTAL
694,S100002,00432,00100,LX SA II TOTAL
694,S100002,00433,00100,MOLECULAR SSP CLASS I AND II HLA TES
694,S100002,00434,00100,POC CBC TOTAL
694,S100002,00435,00100,POC HEPATIC PANEL TOTAL
694,S100002,00436,00100,POC METLAC12 PANEL TOTAL
694,S100002,00437,00100,POC UA TOTAL
694,S100002,00438,00100,RPR TOTAL
694,S100002,00439,00100,SAMPLE STORAGE TOTAL
694,S100002,00440,00100,TOXO IGG II TOTAL
694,S100003,00100,00100,MEDICAL DIRECTOR
694,S100003,00100,00300,MEDICAL DIRECTOR
694,S100003,00100,00500,LAB DIRECTOR
694,S100003,00101,00100,EXEC. DIRECTOR
694,S100003,00101,00300,PROCUREMENT COORDINATOR
694,S100003,00101,00500,TECHNICIANS
694,S100003,00102,00100,CLERICAL
694,S100003,00102,00300,PRESERVATION TECHNICIANS
694,S100003,00102,00500,TISSUE TYPING TECH.
694,S100003,00103,00100,OTHER
694,S100003,00103,00300,OTHER
694,S100003,00103,00500,OTHER
694,S200000,00100,00100,N
694,S200000,00200,00100,N
694,S200000,00300,00100,N
694,S200000,00400,00100,Y
694,S200000,00400,00200,A
694,S200000,00500,00100,Y
694,S200000,00600,00300,DIRECTOR  FINANCE
694,S200000,00700,00100,GIFT OF LIFE MICHIGAN
695,A000000,00100,00000,0100CAPITAL COSTS-BLDG & FIXT
695,A000000,00200,00000,0200CAPITAL COSTS-MVBLE EQUIPMENT
695,A000000,00300,00000,0300EMPLOYEE BENEFITS
695,A000000,00400,00000,0400ADMINISTRATIVE & GENERAL
695,A000000,00500,00000,0500OPERATION AND MAINTENANCE OF PLANT
695,A000000,00600,00000,0600HOUSEKEEPING
695,A000000,00700,00000,0700MEDICAL SUPPLIES
695,A000000,00800,00000,0800OTHER OVERHEAD
695,A000000,00900,00000,0900PROCUREMENT COORDINATORS
695,A000000,01000,00000,1000PROFESSIONAL EDUCATION
695,A000000,01100,00000,1100PUBLIC EDUCATION
695,A000000,01300,00000,1300KIDNEY ACQUISITIONS
695,A000000,01400,00000,1400TISSUE TYPING LABORATORY
695,A000000,01500,00000,1500LIVER ACQUISITIONS
695,A000000,01600,00000,1600HEART ACQUISITIONS
695,A000000,01700,00000,1700PANCREAS ACQUISITIONS
695,A000000,01800,00000,1800LUNG ACQUISITIONS
695,A000000,01900,00000,1900OTHER ACQUISITIONS
695,A000000,02100,00000,2100RESEARCH
695,A000000,02200,00000,2200BLOOD BANK
695,A000000,02300,00000,2300LABORATORY-NON-TISSUE TYPING
695,A000000,02400,00000,2400DIALYSIS UNITS
695,A100000,01900,00000,ADMIN LEASE EXPENSE
695,A100000,01901,00000,DUES AND SUBSCRIPTIONS
695,A100000,01902,00000,ADMIN MISC
695,A300000,00600,00000,REAGENTS AND SUPPLIES
695,A300000,00700,00000,LAB EQUIPMENT LEASE
695,A300000,00800,00000,LAB EQUIPMENT EXPENSE
695,A300000,00900,00000,PROFICIENCY TESTING
695,A300000,00901,00000,SPECIMEN TRANSPORT
695,A300000,00902,00000,CONTINUING EDUCATION
695,A300000,00903,00000,MISCELLANEOUS LAB
695,A300000,00904,00000,GENERAL LIABILITY
695,A51000A,00100,00100,N
695,B10000*,00100,00200,CAP BLDG
695,B10000*,00100,00300,CAP COSTS
695,B10000*,00100,00400,EMPLOYEE
695,B10000*,00100,00500,MEDICAL
695,B10000*,00100,00800,ORGAN
695,B10000*,00100,01000,ADMIN &
695,B10000*,00200,00200,OP PLANT &
695,B10000*,00200,00300,MOVABLE
695,B10000*,00200,00400,BENEFITS
695,B10000*,00200,00500,SUPPLIES
695,B10000*,00200,00800,ACQUISITN
695,B10000*,00200,01000,GENERAL
695,B10000*,00300,00200,HOUSEKEEP
695,B10000*,00300,00300,EQUIPMENT
695,B10000*,00300,00800,COSTS
695,B10000*,00400,00200,SQUARE
695,B10000*,00400,00300,DOLLAR
695,B10000*,00400,00400,ADJUST
695,B10000*,00400,00500,COSTED
695,B10000*,00400,00800,NUMBER
695,B10000*,00400,01000,ACCUM
695,B10000*,00500,00200,FEET
695,B10000*,00500,00300,VALUE
695,B10000*,00500,00400,SALARIES
695,B10000*,00500,00500,REQUISIT
695,B10000*,00500,00800,ORGANS
695,B10000*,00500,01000,COSTS
695,B10000*,00600,00200,1
695,B10000*,00600,00300,2
695,B10000*,00600,00400,3
695,B10000*,00600,00500,3
695,B10000*,00600,00800,3
695,B10000*,00600,01000,3
695,B100000,00000,01000,X
695,E200000,02200,00000,DUE TO MEDICARE
695,S000000,00100,00100,X
695,S000000,00400,00100,2
695,S000000,00500,00100,05/25/2023
695,S000000,00600,00100,10001
695,S000000,00700,00100,N
695,S000000,00800,00100,N
695,S000000,00900,00100,09/20/2024
695,S000000,01000,00100,4
695,S000001,00100,00100,THE ROGOSIN INSTITUTE IGT
695,S000001,00100,00200,33HL04
695,S000001,00101,00100,430 E 71ST STREET
695,S000001,00102,00100,NEW YORK
695,S000001,00102,00200,NY
695,S000001,00102,00300,10021
695,S000001,00300,00100,01/01/2022
695,S000001,00300,00200,12/31/2022
695,S000001,00400,00100,6
695,S000001,00400,00300,2
695,S000001,00400,00400,04/10/1985
695,S000001,00401,00300,2
695,S000002,00300,00100,CHIEF  DPT OR TRANSPLANT MEDICINE
695,S100001,00700,00100,N
695,S100001,00810,00000,OTHER
695,S100002,00401,00100,HLA-ABC-DRDQ
695,S100002,00402,00100,HLA-ABC
695,S100002,00403,00100,HLA-DRDQ
695,S100002,00404,00100,CDC-XM
695,S100002,00405,00100,LD FLOW XM
695,S100002,00406,00100,LUMX PAN PRA CI
695,S100002,00407,00100,LUMX PAN PRA CII
695,S100002,00408,00100,LUMX S AG BD CI
695,S100002,00409,00100,LUMX S AG BD CII
695,S100002,00410,00100,PROCESS
695,S100002,00411,00100,ABO
695,S100002,00412,00100,E FLOW XM
695,S100002,00413,00100,CONFIRMATORY TYPING
695,S100002,00414,00100,SPECIAL HANDLING CHARGE
695,S100002,00415,00100,STAT LUMN S AG BD CI
695,S100002,00416,00100,STAT LUMN S AG BD CII
695,S100002,00417,00100,HLA-ABC-DRDQ-STAT
695,S100002,00418,00100,HLA LOW RES ALLEL
695,S100002,00419,00100,HLA HIGH RES ALLEL
695,S100002,00420,00100,MODIFIED LUMINEX
695,S100002,00421,00100,ABO A-1 SUB TYPE
695,S100002,00422,00100,EXPEDITED TEST
695,S100002,00423,00100,CAD DONOR
695,S100002,00424,00100,DECEASED DONOR FLOW
695,S100002,00425,00100,COMP AUTO T CDC
695,S100002,00426,00100,DSA ANALYSIS
695,S100002,00427,00100,AUTO T&B CELL FLOW
695,S100002,00428,00100,AUTO T7B CELL CDC XM
695,S100002,00429,00100,TYPING VALIDATION
695,S100002,00430,00100,HLA BY NGS
695,S100002,00431,00100,CDC T-CELL XM
695,S100002,00432,00100,ENTRY INTO LIS
695,S100002,00433,00100,VXM
695,S100003,00100,00100,MEDICAL DIRECTOR
695,S100003,00100,00300,MEDICAL DIRECTOR
695,S100003,00100,00500,LAB DIRECTOR
695,S100003,00101,00100,EXEC. DIRECTOR
695,S100003,00101,00300,PROCUREMENT COORDINATOR
695,S100003,00101,00500,TECHNICIANS
695,S100003,00102,00100,CLERICAL
695,S100003,00102,00300,PRESERVATION TECHNICIANS
695,S100003,00102,00500,TISSUE TYPING TECH.
695,S100003,00103,00100,OTHER
695,S100003,00103,00300,OTHER
695,S100003,00103,00500,OTHER
695,S200000,00100,00100,N
695,S200000,00200,00100,N
695,S200000,00300,00100,N
695,S200000,00400,00100,N
695,S200000,00500,00100,N
695,S200000,00600,00300,ADMINISTRATIVE DIRECTOR
695,S200000,00700,00100,THE ROGOSIN INSTITUTE
696,A000000,00100,00000,0100CAPITAL COSTS-BLDG & FIXT
696,A000000,00200,00000,0200CAPITAL COSTS-MVBLE EQUIPMENT
696,A000000,00300,00000,0300EMPLOYEE BENEFITS
696,A000000,00400,00000,0400ADMINISTRATIVE & GENERAL
696,A000000,00500,00000,0500OPERATION AND MAINTENANCE OF PLANT
696,A000000,00600,00000,0600HOUSEKEEPING
696,A000000,00700,00000,0700MEDICAL SUPPLIES
696,A000000,00800,00000,0800OTHER OVERHEAD
696,A000000,00900,00000,0900PROCUREMENT COORDINATORS
696,A000000,01000,00000,1000PROFESSIONAL EDUCATION
696,A000000,01100,00000,1100PUBLIC EDUCATION
696,A000000,01200,00000,1200OTHER ACQUISITION
696,A000000,01300,00000,1300KIDNEY ACQUISITIONS
696,A000000,01400,00000,1400TISSUE TYPING LABORATORY
696,A000000,01500,00000,1500LIVER ACQUISITIONS
696,A000000,01600,00000,1600HEART ACQUISITIONS
696,A000000,01700,00000,1700PANCREAS ACQUISITIONS
696,A000000,01800,00000,1800LUNG ACQUISITIONS
696,A000000,01900,00000,1900OTHER ACQUISITIONS
696,A000000,02100,00000,2100RESEARCH
696,A000000,02200,00000,2200BLOOD BANK
696,A000000,02300,00000,2300LABORATORY-NON-TISSUE TYPING
696,A000000,02400,00000,2400DIALYSIS UNITS
696,A000000,02500,00000,2500OTHER NON-REIMBURSABLE
696,A300000,00600,00000,LAB SUPPLIES
696,A300000,00601,00000,TRAVEL & MEETINGS
696,A300000,00602,00000,PURCHASED SERVICES
696,A300000,00603,00000,RELATED PARTY OVERHEAD BILLINGS
696,A300000,00604,00000,PURCHASED SERVICES
696,A300000,00605,00000,MEDICAL DIRECTOR
696,A300000,00606,00000,BAD DEBT
696,A300000,00607,00000,OFFICE SUPPLIES
696,A300000,00700,00000,FREIGHT
696,A500010,01500,00000,BAD DEBT
696,A500010,01500,00100,A
696,A500010,01500,00300,TISSUE TYPING LABORATORY
696,A51000A,00100,00100,Y
696,A51000B,00100,00200,TISSUE TYPING LABORATORY
696,A51000B,00100,00300,SANFORD BISMARCK
696,A51000C,00100,00100,C
696,A51000C,00100,00200,SANFORD BISMARCK
696,A51000C,00100,00400,SANFORD HEALTH
696,A51000C,00100,00600,HEALTHCARE
696,B10000*,00100,00200,CAP BLDG
696,B10000*,00100,00300,CAP COSTS
696,B10000*,00100,00400,EMPLOYEE
696,B10000*,00100,00500,MEDICAL
696,B10000*,00100,00800,ORGAN
696,B10000*,00100,01000,ADMIN &
696,B10000*,00200,00200,OP PLANT &
696,B10000*,00200,00300,MOVABLE
696,B10000*,00200,00400,BENEFITS
696,B10000*,00200,00500,SUPPLIES
696,B10000*,00200,00800,ACQUISITN
696,B10000*,00200,01000,GENERAL
696,B10000*,00300,00200,HOUSEKEEP
696,B10000*,00300,00300,EQUIPMENT
696,B10000*,00300,00800,COSTS
696,B10000*,00400,00200,SQUARE
696,B10000*,00400,00300,DOLLAR
696,B10000*,00400,00400,ADJUST
696,B10000*,00400,00500,COSTED
696,B10000*,00400,00800,NUMBER
696,B10000*,00400,01000,ACCUM
696,B10000*,00500,00200,FEET
696,B10000*,00500,00300,VALUE
696,B10000*,00500,00400,SALARIES
696,B10000*,00500,00500,REQUISIT
696,B10000*,00500,00800,ORGANS
696,B10000*,00500,01000,COSTS
696,B10000*,00600,00200,1
696,B10000*,00600,00300,2
696,B10000*,00600,00400,3
696,B10000*,00600,00500,3
696,B10000*,00600,00800,3
696,B10000*,00600,01000,3
696,B100000,00000,01000,X
696,S000000,00100,00100,X
696,S000000,00400,00100,2
696,S000000,00500,00100,05/31/2023
696,S000000,00600,00100,10001
696,S000000,00700,00100,N
696,S000000,00800,00100,N
696,S000000,00900,00100,09/20/2024
696,S000000,01000,00100,4
696,S000001,00100,00100,SANFORD WEST HISTOCOMPABILITY LAB
696,S000001,00100,00200,35HL01
696,S000001,00101,00100,300 NORTH 7TH STREET
696,S000001,00102,00100,BISMARCK
696,S000001,00102,00200,ND
696,S000001,00102,00300,58501
696,S000001,00200,00100,SANFORD WEST HISTOCOMPABILITY LAB
696,S000001,00200,00200,35HL01
696,S000001,00201,00100,300 NORTH 7TH STREET
696,S000001,00202,00100,BISMARCK
696,S000001,00202,00200,ND
696,S000001,00202,00300,58501
696,S000001,00300,00100,01/01/2022
696,S000001,00300,00200,12/31/2022
696,S000001,00400,00100,6
696,S000001,00400,00300,2
696,S000001,00400,00400,01/01/1990
696,S000001,00401,00300,1
696,S000002,00100,00200,Y
696,S000002,00300,00100,VICE PRESIDENT  FINANCE
696,S000002,00400,00100,05/30/2023
696,S100001,00700,00100,N
696,S100001,00810,00000,OTHER
696,S100002,00400,00100,HLA-A  B  C  DR  DQA  DQB  DP TYPING
696,S100002,00401,00100,HLA-ABC TYPING DNA
696,S100002,00402,00100,HLA DR/DQ TYPING DNA
696,S100002,00403,00100,SINGLE ANTIGEN ABC
696,S100002,00404,00100,AUTO T & B CELL XM
696,S100002,00405,00100,ALLO T & B CELL XM
696,S100002,00406,00100,HLA ANTIBODY CLASS I
696,S100002,00407,00100,HLA ANTIBODY CLASS II
696,S100002,00408,00100,FLOW AUTO CROSSMATCH (FARGO)
696,S100002,00409,00100,FLOW ALLO CROSSMATCH (FARGO)86825
696,S100002,00410,00100,HLA B27
696,S100002,00411,00100,HLA PLT
696,S100002,00412,00100,CELIAC (DQ2 8)
696,S100002,00413,00100,NARCOLEPSY (DQ1*06:02)
696,S100002,00414,00100,LIFESOURCE: HLA-CLASS I/II TYPING (M
696,S100002,00415,00100,HLA A B  OR C SINGLE LOCUS TYPING
696,S100002,00416,00100,HLA DQ2 8 TYPING (CELIAC)
696,S100003,00100,00100,MEDICAL DIRECTOR
696,S100003,00100,00300,MEDICAL DIRECTOR
696,S100003,00100,00500,LAB DIRECTOR
696,S100003,00101,00100,EXEC. DIRECTOR
696,S100003,00101,00300,PROCUREMENT COORDINATOR
696,S100003,00101,00500,TECHNICIANS
696,S100003,00102,00100,CLERICAL
696,S100003,00102,00300,PRESERVATION TECHNICIANS
696,S100003,00102,00500,TISSUE TYPING TECH.
696,S100003,00103,00100,OTHER
696,S100003,00103,00300,OTHER
696,S100003,00103,00500,OTHER
696,S200000,00100,00100,N
696,S200000,00200,00100,N
696,S200000,00300,00100,Y
696,S200000,00400,00100,N
696,S200000,00500,00100,N
696,S200000,00600,00300,REIMBURSEMENT MANAGER
696,S200000,00700,00100,SANFORD BISMARCK
697,A000000,00100,00000,0100CAPITAL COSTS-BLDG & FIXT
697,A000000,00200,00000,0200CAPITAL COSTS-MVBLE EQUIPMENT
697,A000000,00300,00000,0300EMPLOYEE BENEFITS
697,A000000,00400,00000,0400ADMINISTRATIVE & GENERAL
697,A000000,00500,00000,0500OPERATION AND MAINTENANCE OF PLANT
697,A000000,00600,00000,0600HOUSEKEEPING
697,A000000,00700,00000,0700MEDICAL SUPPLIES
697,A000000,00800,00000,0800OTHER OVERHEAD
697,A000000,00900,00000,0900PROCUREMENT COORDINATORS
697,A000000,01000,00000,1000PROFESSIONAL EDUCATION
697,A000000,01100,00000,1100PUBLIC EDUCATION
697,A000000,01200,00000,1200DONOR REFERRAL CENTER
697,A000000,01300,00000,1300KIDNEY ACQUISITIONS
697,A000000,01400,00000,1400TISSUE TYPING LABORATORY
697,A000000,01500,00000,1500LIVER ACQUISITIONS
697,A000000,01600,00000,1600HEART ACQUISITIONS
697,A000000,01700,00000,1700PANCREAS ACQUISITIONS
697,A000000,01800,00000,1800LUNG ACQUISITIONS
697,A000000,01900,00000,1900HEART\LUNG
697,A000000,01901,00000,1901SMALL BOWEL
697,A000000,01902,00000,1902VCA
697,A000000,02100,00000,2100RESEARCH
697,A000000,02200,00000,2200BLOOD BANK
697,A000000,02300,00000,2300LABORATORY-NON-TISSUE TYPING
697,A000000,02400,00000,2400DIALYSIS UNITS
697,A000000,02500,00000,2500TISSUE
697,A000000,02501,00000,2501FOUNDATION
697,A100000,01700,00000,EMPLOYEE BENEFITS
697,A100000,01800,00000,PAYROLL TAXES
697,A100000,01900,00000,EMPLOYMENT EXPENSE
697,A100000,01901,00000,DUES & SUBS
697,A100000,01902,00000,CONTRACT SERVICES
697,A100000,01904,00000,OTHER
697,A20H000,00900,00000,OTHER EXCISION HOSPITAL HEART
697,A20H000,02100,00000,MEDICAL SUPPLIES
697,A20H000,02101,00000,LAB FEES
697,A20H000,02102,00000,OTHER ACQUISITION COSTS
697,A20H000,02103,00000,ALLOCATED DEPT COSTS
697,A20K000,00900,00000,OTHER EXCISION HOSPITAL KIDNEY
697,A20K000,02100,00000,MEDICAL SUPPLIES
697,A20K000,02101,00000,LAB FEES
697,A20K000,02102,00000,OTHER ACQUISITION COSTS
697,A20K000,02103,00000,ALLOCATED DEPT COSTS
697,A20L000,00900,00000,OTHER EXCISION HOSPITAL LIVER
697,A20L000,02100,00000,MEDICAL SUPPLIES
697,A20L000,02101,00000,LAB FEES
697,A20L000,02102,00000,OTHER ACQUISITION COSTS
697,A20L000,02103,00000,ALLOCATED DEPT COSTS
697,A20O000,00900,00000,OTHER EXCISION HOSPITAL HEART/LUNG
697,A20O000,02100,00000,MEDICAL SUPPLIES
697,A20O000,02101,00000,LAB FEES
697,A20O000,02102,00000,OTHER ACQUISITION COSTS
697,A20O000,02103,00000,ALLOCATED DEPT COSTS
697,A20O001,00900,00000,HOSPITAL RELATED COSTS SMALL BOWEL
697,A20O001,02100,00000,MEDICAL SUPPLIES
697,A20O001,02101,00000,LAB FEES
697,A20O001,02102,00000,OTHE ACQUISITION COSTS
697,A20O001,02103,00000,ALLOCATED DEPT COSTS
697,A20P000,00900,00000,OTHER EXCISION HOSPITAL PANCREAS
697,A20P000,02100,00000,MEDICAL SUPPLIES
697,A20P000,02101,00000,LAB FEES
697,A20P000,02102,00000,OTHER ACQUISITION COSTS
697,A20P000,02103,00000,ALLOCATED DEPT COSTS
697,A20U000,00900,00000,OTHER EXCISION HOSPITAL LUNG
697,A20U000,02100,00000,MEDICAL SUPPLIES
697,A20U000,02101,00000,LAB FEES
697,A20U000,02102,00000,OTHER ACQUISITION COSTS
697,A20U000,02103,00000,ALLOCATED DEPT COSTS
697,A400010,00100,00000,RECOVERY SURGEON RECLASS
697,A400010,00100,00100,A
697,A400010,00100,00200,KIDNEY ACQUISITIONS
697,A400010,00100,00500,PROCUREMENT COORDINATORS
697,A400010,00200,00000,RECOVERY SURGEON RECLASS
697,A400010,00200,00100,A
697,A400010,00200,00200,LIVER ACQUISITIONS
697,A400010,00300,00000,RECOVERY SURGEON RECLASS
697,A400010,00300,00100,A
697,A400010,00300,00200,HEART ACQUISITIONS
697,A400010,00400,00000,RECOVERY SURGEON RECLASS
697,A400010,00400,00100,A
697,A400010,00400,00200,PANCREAS ACQUISITIONS
697,A400010,00500,00000,RECOVERY SURGEON RECLASS
697,A400010,00500,00100,A
697,A400010,00500,00200,LUNG ACQUISITIONS
697,A400010,00600,00000,RECOVERY SURGEON RECLASS
697,A400010,00600,00100,A
697,A400010,00600,00200,SMALL BOWEL
697,A400010,00700,00000,CAPITAL RELATED COSTS
697,A400010,00700,00100,B
697,A400010,00700,00200,CAPITAL COSTS-MVBLE EQUIPMENT
697,A400010,00700,00500,ADMINISTRATIVE & GENERAL
697,A400010,00800,00000,OCCUPANCY COSTS
697,A400010,00800,00100,C
697,A400010,00800,00200,OPERATION AND MAINTENANCE OF PLANT
697,A400010,00800,00500,ADMINISTRATIVE & GENERAL
697,A400010,00900,00000,TISSUE OVERHEAD
697,A400010,00900,00100,D
697,A400010,00900,00200,TISSUE
697,A400010,00900,00500,PROFESSIONAL EDUCATION
697,A400010,01000,00000,TISSUE OVERHEAD
697,A400010,01000,00100,D
697,A400010,01000,00500,PUBLIC EDUCATION
697,A400010,01100,00000,TISSUE OVERHEAD
697,A400010,01100,00100,D
697,A400010,01100,00500,DONOR REFERRAL CENTER
697,A400010,01200,00000,A&G OCCUPANCY RECLASS
697,A400010,01200,00100,E
697,A400010,01200,00200,ADMINISTRATIVE & GENERAL
697,A400010,01200,00500,CAPITAL COSTS-MVBLE EQUIPMENT
697,A400010,01300,00000,A&G OCCUPANCY RECLASS
697,A400010,01300,00100,E
697,A400010,01300,00500,OPERATION AND MAINTENANCE OF PLANT
697,A400010,01400,00000,KIDNEY PUMP ROOM OCCUPANCY COST
697,A400010,01400,00100,F
697,A400010,01400,00200,KIDNEY ACQUISITIONS
697,A400010,01400,00500,CAPITAL COSTS-MVBLE EQUIPMENT
697,A400010,01500,00000,KIDNEY PUMP ROOM OCCUPANCY COST
697,A400010,01500,00100,F
697,A400010,01500,00500,OPERATION AND MAINTENANCE OF PLANT
697,A400010,01600,00000,FUNERAL TISSUE
697,A400010,01600,00100,G
697,A400010,01600,00200,ADMINISTRATIVE & GENERAL
697,A400010,01600,00500,TISSUE
697,A400010,01700,00000,TISSUE RECLASS
697,A400010,01700,00100,I
697,A400010,01700,00200,TISSUE
697,A400010,01700,00500,PROCUREMENT COORDINATORS
697,A500010,00700,00100,B
697,A500010,00700,00300,CAPITAL COSTS-MVBLE EQUIPMENT
697,A500010,00800,00100,B
697,A500010,00800,00300,PROCUREMENT COORDINATORS
697,A500010,01200,00100,B
697,A500010,01200,00300,CAPITAL COSTS-MVBLE EQUIPMENT
697,A500010,01501,00000,NON-REIMBURSIBLE COSTS TISSUE
697,A500010,01501,00100,A
697,A500010,01501,00300,TISSUE
697,A500010,01502,00000,NON-REIMBURSIBLE COSTS ORGAN
697,A500010,01502,00100,A
697,A500010,01502,00300,PROCUREMENT COORDINATORS
697,A500010,01503,00000,NON REIMBURSIBLE COSTS PROFESSIONAL
697,A500010,01503,00100,A
697,A500010,01503,00300,PROFESSIONAL EDUCATION
697,A500010,01504,00000,NON REIMBURSIBLE COSTS PUBLIC EDU
697,A500010,01504,00100,A
697,A500010,01504,00300,PUBLIC EDUCATION
697,A500010,01505,00000,NON REIMBURSIBLE COSTS ADMIN
697,A500010,01505,00100,A
697,A500010,01505,00300,ADMINISTRATIVE & GENERAL
697,A500010,01506,00000,MISC INCOME
697,A500010,01506,00100,B
697,A500010,01506,00300,ADMINISTRATIVE & GENERAL
697,A500010,01512,00000,KIDNEY SUPPLY REBATE
697,A500010,01512,00100,B
697,A500010,01512,00300,KIDNEY ACQUISITIONS
697,A500010,01600,00000,CALL CENTER REVENUE
697,A500010,01600,00100,B
697,A500010,01600,00300,DONOR REFERRAL CENTER
697,A51000A,00100,00100,Y
697,A51000B,00100,00200,FOUNDATION
697,A51000B,00100,00300,FOUNDATION
697,A51000C,00100,00100,C
697,A51000C,00100,00400,OUTLIVE YOURSELF FOUNDATION
697,A51000C,00100,00600,FOUNDATION
697,A60000A,00700,00000,CONTRA ASSETS
697,A60000A,00701,00000,FURNITURE & FIXTURES
697,A60000A,00702,00000,MEDICAL EQUIPMENT
697,A60000A,00703,00000,COMPUTER EQUIPMENT
697,A60000A,00704,00000,SOFTWARE
697,A60000B,00800,00000,CONTRA ASSETS
697,A60000B,00801,00000,FURNITURE & FIXTURES
697,A60000B,00802,00000,MEDICAL EQUIPMENT
697,A60000B,00803,00000,COMPUTER EQUIPMENT
697,A60000B,00804,00000,COMPUTER SOFTWARE
697,A60000C,00500,00100,N
697,B10000*,00100,00200,CAP BLDG
697,B10000*,00100,00300,CAP COSTS
697,B10000*,00100,00400,EMPLOYEE
697,B10000*,00100,00500,MEDICAL
697,B10000*,00100,00800,ORGAN
697,B10000*,00100,01000,ADMIN &
697,B10000*,00200,00200,OP PLANT &
697,B10000*,00200,00300,MOVABLE
697,B10000*,00200,00400,BENEFITS
697,B10000*,00200,00500,SUPPLIES
697,B10000*,00200,00800,ACQUISITN
697,B10000*,00200,01000,GENERAL
697,B10000*,00300,00200,HOUSEKEEP
697,B10000*,00300,00300,EQUIPMENT
697,B10000*,00300,00800,COSTS
697,B10000*,00400,00200,SQUARE
697,B10000*,00400,00300,DOLLAR
697,B10000*,00400,00400,ADJUST
697,B10000*,00400,00500,COSTED
697,B10000*,00400,00800,NUMBER
697,B10000*,00400,01000,ACCUM
697,B10000*,00500,00200,FEET
697,B10000*,00500,00300,VALUE
697,B10000*,00500,00400,SALARIES
697,B10000*,00500,00500,REQUISIT
697,B10000*,00500,00800,ORGANS
697,B10000*,00500,01000,COSTS
697,B10000*,00600,00200,1
697,B10000*,00600,00300,2
697,B10000*,00600,00400,3
697,B10000*,00600,00500,3
697,B10000*,00600,00800,3
697,B10000*,00600,01000,3
697,B100000,00000,01000,X
697,E000000,00900,00000,MEDICARE AR
697,E000000,02600,00000,GAIN/LOSS FIXED ASSETS
697,E000000,03100,00000,OTHER
697,E000000,03900,00000,DUE TO MEDICARE
697,E000000,04100,00000,ACCURED EXPENSES
697,E000000,04600,00000,LEASE LIABILITIES
697,E000000,04700,00000,INTEREST RATE SWAP
697,E100002,00300,00000,MINOR VARIANCE
697,E100002,00800,00000,VARIANCE
697,E100002,00900,00000,INTEREST EXP
697,E100002,01000,00000,DEPR
697,E100002,01001,00000,BANK FEES
697,E100002,01002,00000,FOUNDATION
697,E200000,01900,00000,TRANSFER FROM RELATED PARTY
697,E200000,02000,00000,UNREALIZED GAIN INTEREST RATE SWAP
697,E200000,02100,00000,OTHER
697,E200000,02200,00000,RENTAL INCOME
697,E200000,02300,00000,NET ASSETS RELEASED FROM RESTRICTION
697,E200000,02301,00000,REALIZED GAIN ON INVESTMENTS  NET
697,E200000,02600,00000,NET CHANGE IN UNREALIZED LOSSES
697,E200000,02700,00000,UNREALIZED LOSS ON INT RATE SWAP
697,E200000,02701,00000,INVESTMENT LOSS (NET)
697,E200000,02702,00000,TRANSFER TO RELATED PARTY
697,S000000,00100,00100,X
697,S000000,00400,00100,2
697,S000000,00500,00100,05/31/2023
697,S000000,00600,00100,10001
697,S000000,00700,00100,N
697,S000000,00800,00100,N
697,S000000,00900,00100,09/20/2024
697,S000000,01000,00100,4
697,S000001,00100,00100,SOUTHWEST TRANSPLANT ALLIANCE
697,S000001,00100,00200,45P002
697,S000001,00101,00100,5489 BLAIR ROAD
697,S000001,00102,00100,DALLAS
697,S000001,00102,00200,TX
697,S000001,00102,00300,75231
697,S000001,00300,00100,01/01/2022
697,S000001,00300,00200,12/31/2022
697,S000001,00400,00100,6
697,S000001,00400,00300,1
697,S000001,00400,00400,03/31/1998
697,S000001,00401,00300,1
697,S000002,00100,00200,Y
697,S000002,00300,00100,CHIEF FINANCIAL OFFICER
697,S000002,00400,00100,05/31/2023
697,S100001,00700,00100,N
697,S100001,00810,00000,SM BOWEL
697,S100001,00811,00000,VCA
697,S100003,00100,00100,MEDICAL DIRECTOR
697,S100003,00100,00300,MEDICAL DIRECTOR
697,S100003,00100,00500,LAB DIRECTOR
697,S100003,00101,00100,EXEC. DIRECTOR
697,S100003,00101,00300,PROCUREMENT COORDINATOR
697,S100003,00101,00500,TECHNICIANS
697,S100003,00102,00100,CLERICAL
697,S100003,00102,00300,PRESERVATION TECHNICIANS
697,S100003,00102,00500,TISSUE TYPING TECH.
697,S100003,00103,00100,OTHER
697,S100003,00103,00300,OTHER
697,S100003,00103,00500,OTHER
697,S200000,00100,00100,N
697,S200000,00200,00100,N
697,S200000,00300,00100,Y
697,S200000,00400,00100,Y
697,S200000,00400,00200,A
697,S200000,00500,00100,Y
697,S200000,00600,00300,CFO
697,S200000,00700,00100,SOUTHWEST TRANSPLANT ALLIANCE
698,A000000,00100,00000,0100CAPITAL COSTS-BLDG & FIXT
698,A000000,00200,00000,0200CAPITAL COSTS-MVBLE EQUIPMENT
698,A000000,00300,00000,0300EMPLOYEE BENEFITS
698,A000000,00400,00000,0400ADMINISTRATIVE & GENERAL
698,A000000,00500,00000,0500OPERATION AND MAINTENANCE OF PLANT
698,A000000,00600,00000,0600HOUSEKEEPING
698,A000000,00700,00000,0700MEDICAL SUPPLIES
698,A000000,00800,00000,0800OTHER OVERHEAD
698,A000000,00900,00000,0900PROCUREMENT COORDINATORS
698,A000000,01000,00000,1000PROFESSIONAL EDUCATION
698,A000000,01100,00000,1100PUBLIC EDUCATION
698,A000000,01300,00000,1300KIDNEY ACQUISITIONS
698,A000000,01400,00000,1400TISSUE TYPING LABORATORY
698,A000000,01500,00000,1500LIVER ACQUISITIONS
698,A000000,01600,00000,1600HEART ACQUISITIONS
698,A000000,01700,00000,1700PANCREAS ACQUISITIONS
698,A000000,01800,00000,1800LUNG ACQUISITIONS
698,A000000,01900,00000,1900INTESTINE        S 2
698,A000000,02100,00000,2100RESEARCH
698,A000000,02200,00000,2200BLOOD BANK
698,A000000,02300,00000,2300LABORATORY-NON-TISSUE TYPING
698,A000000,02400,00000,2400DIALYSIS UNITS
698,A000000,02500,00000,2500TISSUE
698,A100000,01700,00000,OUTSIDE CONSULTANTS
698,A100000,01800,00000,MISC
698,A100000,01900,00000,FUNDRAISING
698,A20H000,00900,00000,DONOR HOSPITAL OTHER
698,A20K000,00900,00000,DONOR HOSPITAL OTHER
698,A20K000,02100,00000,INTENSIVIST EXPS
698,A20L000,00900,00000,DONOR HOSPITAL OTHER
698,A20L000,02100,00000,INTENSIVIST EXP
698,A20O000,00900,00000,DONOR HOSPITAL OTHER
698,A20O000,02100,00000,INTENSIVIST EXP
698,A20P000,00900,00000,DONOR HOSPITAL OTHER
698,A20P000,02100,00000,INTENSIVIST EXP
698,A20U000,00900,00000,DONOR HOSPITAL OTHER
698,A20U000,02100,00000,INTENSIVIST EXP
698,A400010,00100,00000,TISSUE OVERHEAD RECLASS
698,A400010,00100,00100,A
698,A400010,00100,00200,TISSUE
698,A400010,00100,00500,PROCUREMENT COORDINATORS
698,A400010,00200,00000,TISSUE OVERHEAD RECLASS
698,A400010,00200,00100,A
698,A400010,00200,00500,PROFESSIONAL EDUCATION
698,A400010,00300,00000,TISSUE OVERHEAD RECLASS
698,A400010,00300,00100,A
698,A400010,00300,00500,PUBLIC EDUCATION
698,A500010,00200,00100,B
698,A500010,00200,00300,PROCUREMENT COORDINATORS
698,A500010,00700,00100,B
698,A500010,00700,00300,CAPITAL COSTS-BLDG & FIXT
698,A500010,00800,00100,B
698,A500010,00800,00300,PROCUREMENT COORDINATORS
698,A500010,01200,00100,B
698,A500010,01200,00300,CAPITAL COSTS-BLDG & FIXT
698,A500010,01500,00000,EYEBANKS
698,A500010,01500,00100,B
698,A500010,01500,00300,PROCUREMENT COORDINATORS
698,A500010,01600,00000,LOBBYING
698,A500010,01600,00100,A
698,A500010,01600,00300,ADMINISTRATIVE & GENERAL
698,A500010,01601,00000,SPONORSHIPS/DONATIONS
698,A500010,01601,00100,A
698,A500010,01601,00300,ADMINISTRATIVE & GENERAL
698,A500010,01602,00000,DONOR RECOGNITION MEMORIAL
698,A500010,01602,00100,A
698,A500010,01602,00300,PUBLIC EDUCATION
698,A500010,01603,00000,STAFF MEETINGS & REWARDS
698,A500010,01603,00100,A
698,A500010,01603,00300,ADMINISTRATIVE & GENERAL
698,A500010,01604,00000,STAFF MEETINGS & REWARDS
698,A500010,01604,00100,A
698,A500010,01604,00300,PROCUREMENT COORDINATORS
698,A500010,01605,00000,STAFF MEETINGS & REWARDS
698,A500010,01605,00100,A
698,A500010,01605,00300,PROFESSIONAL EDUCATION
698,A500010,01609,00000,CONTRIBUTIONS\GRANTS
698,A500010,01609,00100,B
698,A500010,01609,00300,ADMINISTRATIVE & GENERAL
698,A500010,01611,00000,QA SERVICES
698,A500010,01611,00100,B
698,A500010,01611,00300,PROCUREMENT COORDINATORS
698,A500010,01612,00000,NON-ALLOWABLE MEALS
698,A500010,01612,00100,A
698,A500010,01612,00300,ADMINISTRATIVE & GENERAL
698,A500010,01613,00000,NON-ALLOWABLE MEALS
698,A500010,01613,00100,A
698,A500010,01613,00300,PROCUREMENT COORDINATORS
698,A500010,01614,00000,NON-ALLOWABLE MEALS
698,A500010,01614,00100,A
698,A500010,01614,00300,PROFESSIONAL EDUCATION
698,A500010,01615,00000,NON-ALLOWABLE MEALS
698,A500010,01615,00100,A
698,A500010,01615,00300,PUBLIC EDUCATION
698,A500010,01616,00000,NON-ALLOWABLE MEALS
698,A500010,01616,00100,A
698,A500010,01616,00300,TISSUE
698,A51000A,00100,00100,N
698,A60000A,00700,00000,CAPITAL LEASE
698,A60000A,00701,00000,SOFTWARE DEVELOPMENT
698,A60000A,00702,00000,CIP
698,A60000B,00800,00000,CAPITAL LEASE
698,A60000B,00801,00000,SOFTWARE DEVELOPMENT
698,A60000B,00802,00000,CIP
698,A60000C,00500,00100,N
698,B10000*,00100,00200,CAP BLDG
698,B10000*,00100,00300,CAP COSTS
698,B10000*,00100,00400,EMPLOYEE
698,B10000*,00100,00500,MEDICAL
698,B10000*,00100,00800,ORGAN
698,B10000*,00100,01000,ADMIN &
698,B10000*,00200,00200,OP PLANT &
698,B10000*,00200,00300,MOVABLE
698,B10000*,00200,00400,BENEFITS
698,B10000*,00200,00500,SUPPLIES
698,B10000*,00200,00800,ACQUISITN
698,B10000*,00200,01000,GENERAL
698,B10000*,00300,00200,HOUSEKEEP
698,B10000*,00300,00300,EQUIPMENT
698,B10000*,00300,00800,COSTS
698,B10000*,00400,00200,SQUARE
698,B10000*,00400,00300,DOLLAR
698,B10000*,00400,00400,ADJUST
698,B10000*,00400,00500,COSTED
698,B10000*,00400,00800,NUMBER
698,B10000*,00400,01000,ACCUM
698,B10000*,00500,00200,FEET
698,B10000*,00500,00300,VALUE
698,B10000*,00500,00400,SALARIES
698,B10000*,00500,00500,REQUISIT
698,B10000*,00500,00800,ORGANS
698,B10000*,00500,01000,COSTS
698,B10000*,00600,00200,1
698,B10000*,00600,00300,2
698,B10000*,00600,00400,3
698,B10000*,00600,00500,3
698,B10000*,00600,00800,3
698,B10000*,00600,01000,3
698,B100000,00000,01000,X
698,E000000,00900,00000,OTHER CURRENT ASSETS
698,E000000,02600,00000,OTHER FIXED ASSETS
698,S000000,00100,00100,X
698,S000000,00400,00100,2
698,S000000,00500,00100,05/16/2023
698,S000000,00600,00100,10001
698,S000000,00700,00100,N
698,S000000,00800,00100,N
698,S000000,00900,00100,09/26/2024
698,S000000,01000,00100,4
698,S000001,00100,00100,KENTUCKY ORGAN DONOR AFFILIATES  IN
698,S000001,00100,00200,18P001
698,S000001,00101,00100,10301 LINN STATION ROAD
698,S000001,00102,00100,LOUISVILLE
698,S000001,00102,00200,KY
698,S000001,00102,00300,40223
698,S000001,00300,00100,01/01/2022
698,S000001,00300,00200,12/31/2022
698,S000001,00400,00100,6
698,S000001,00400,00300,1
698,S000001,00400,00400,07/01/1987
698,S000001,00401,00300,1
698,S000002,00100,00200,Y
698,S000002,00300,00100,VP & CFO
698,S000002,00400,00100,05/11/2023
698,S100001,00700,00100,N
698,S100001,00810,00000,INTESTINE
698,S100001,00811,00000,VEIN
698,S100001,00812,00000,VIVIGEN
698,S100001,00813,00000,COSTAL CARTIAGE
698,S100001,00814,00000,FOA
698,S100001,00815,00000,AL
698,S100003,00100,00100,MEDICAL DIRECTOR
698,S100003,00100,00300,MEDICAL DIRECTOR
698,S100003,00100,00500,LAB DIRECTOR
698,S100003,00101,00100,EXEC. DIRECTOR
698,S100003,00101,00300,PROCUREMENT COORDINATOR
698,S100003,00101,00500,TECHNICIANS
698,S100003,00102,00100,CLERICAL
698,S100003,00102,00300,PRESERVATION TECHNICIANS
698,S100003,00102,00500,TISSUE TYPING TECH.
698,S100003,00103,00100,OTHER
698,S100003,00103,00300,OTHER
698,S100003,00103,00500,OTHER
698,S200000,00100,00100,N
698,S200000,00200,00100,N
698,S200000,00300,00100,N
698,S200000,00400,00100,Y
698,S200000,00400,00200,A
698,S200000,00400,00300,06/30/2023
698,S200000,00500,00100,Y
698,S200000,00600,00300,VP & CFO
698,S200000,00700,00100,KODA
699,A000000,00100,00000,0100CAPITAL COSTS-BLDG & FIXT
699,A000000,00200,00000,0200CAPITAL COSTS-MVBLE EQUIPMENT
699,A000000,00300,00000,0300EMPLOYEE BENEFITS
699,A000000,00400,00000,0400ADMINISTRATIVE & GENERAL
699,A000000,00500,00000,0500OPERATION AND MAINTENANCE OF PLANT
699,A000000,00600,00000,0600HOUSEKEEPING
699,A000000,00700,00000,0700MEDICAL SUPPLIES
699,A000000,00800,00000,0800OTHER OVERHEAD
699,A000000,00900,00000,0900PROCUREMENT COORDINATORS
699,A000000,01000,00000,1000PROFESSIONAL EDUCATION
699,A000000,01100,00000,1100PUBLIC EDUCATION
699,A000000,01200,00000,1200OTHER ACQUISITION
699,A000000,01300,00000,1300KIDNEY ACQUISITIONS
699,A000000,01400,00000,1400TISSUE TYPING LABORATORY
699,A000000,01500,00000,1500LIVER ACQUISITIONS
699,A000000,01600,00000,1600HEART ACQUISITIONS
699,A000000,01700,00000,1700PANCREAS ACQUISITIONS
699,A000000,01800,00000,1800LUNG ACQUISITIONS
699,A000000,01900,00000,1900INTESTINE ACQUISITIONS
699,A000000,02100,00000,2100RESEARCH
699,A000000,02200,00000,2200BLOOD BANK
699,A000000,02300,00000,2300LABORATORY-NON-TISSUE TYPING
699,A000000,02400,00000,2400DIALYSIS UNITS
699,A000000,02500,00000,2501TISSUE COSTS
699,A100000,01700,00000,EMPLOYMENT RECRUITING
699,A100000,01800,00000,FOOD
699,A100000,01900,00000,FREIGHT & SHIPPING
699,A100000,01901,00000,ORGANIZATIONAL DEVELOPMENT
699,A100000,01902,00000,PRINTING & BINDING
699,A100000,01903,00000,DUES & SUBSCRIPTIONS
699,A100000,01904,00000,POSTAGE
699,A100000,01905,00000,EQUIPMENT ($5 000)
699,A100000,01906,00000,PROFESSIONAL FEES - OTHER
699,A100000,01907,00000,PROFESSIONAL FEES - FUNERAL HOMES
699,A100000,01908,00000,PROFESSIONAL FEES - HOSPITAL AUDIT
699,A100000,01909,00000,PROPERTY TAX
699,A100000,01910,00000,COLLABORATIVE & OTHER EXPENSES
699,A100000,01911,00000,FUND DEVELOPMENT
699,A100000,01912,00000,ROUNDING
699,A20H000,00900,00000,CONSULTATION
699,A20H000,00901,00000,SCREENING
699,A20H000,02100,00000,HOSPITAL - BASE CASE RATE
699,A20H000,02101,00000,HOSPITAL - CASE RATE ORGAN FEE
699,A20H000,02102,00000,HOSPITAL - CASE RATE POTENTIAL FEE
699,A20H000,02103,00000,HOSPITAL - DISCONTINUED
699,A20H000,02104,00000,HOSPITAL - CASE RATE STOP LOSS
699,A20H000,02105,00000,TRANSPORTATION-DONOR
699,A20H000,02106,00000,ACCRUED HOSPITAL CHARGES
699,A20K000,00900,00000,CONSULTATION
699,A20K000,00901,00000,SCREENING
699,A20K000,02100,00000,HOSPITAL - BASE CASE RATE
699,A20K000,02101,00000,HOSPITAL - CASE RATE ORGAN FEE
699,A20K000,02102,00000,HOSPITAL - CASE RATE POTENTIAL FEE
699,A20K000,02103,00000,HOSPITAL - CASE RATE DISCONTINUE FEE
699,A20K000,02104,00000,HOSPITAL - CASE RATE STOP LOSS
699,A20K000,02105,00000,TRANSPORTATION - DONOR
699,A20K000,02106,00000,ACCRUED HOSPITAL CHARGES
699,A20L000,00900,00000,CONSULTATION
699,A20L000,00901,00000,SCREENING
699,A20L000,02100,00000,HOSPITAL - BASE CASE RATE
699,A20L000,02101,00000,HOSPITAL - CASE RATE ORGAN FEE
699,A20L000,02102,00000,HOSPITAL - CASE RATE POTENTIAL FEE
699,A20L000,02103,00000,HOSPITAL - DISCONTINUE FEE
699,A20L000,02104,00000,TRANSPORTATION - DONOR
699,A20L000,02105,00000,HOSPITAL - CASE RATE STOP LOSS
699,A20L000,02106,00000,ACCRUED HOSPITAL CHARGES
699,A20O000,00900,00000,CONSULTATION
699,A20O000,00901,00000,SCREENING
699,A20O000,02100,00000,TRANSPORTATION - DONOR
699,A20O000,02101,00000,HOSPITAL - BASE CASE RATE
699,A20O000,02102,00000,HOSPITAL - ORGAN FEE
699,A20O000,02103,00000,ACCRUED HOSPITAL CHARGES
699,A20P000,00900,00000,CONSULTATION
699,A20P000,00901,00000,SCREENING
699,A20P000,02100,00000,TRANSPORTATION - DONOR
699,A20P000,02101,00000,HOSPITAL BASE CASE RATE
699,A20P000,02102,00000,HOSPITAL - ORGAN FEE
699,A20P000,02103,00000,HOSPITAL - BASE POTENTIAL
699,A20P000,02104,00000,HOSPITAL - CASE RATE STOP LOSS
699,A20P000,02105,00000,ACCRUED HOSPITAL CHARGES
699,A20U000,00900,00000,CONSULTATION
699,A20U000,00901,00000,SCREENING
699,A20U000,02100,00000,HOSPITAL - BASE CASE RATE
699,A20U000,02101,00000,HOSPITAL - CASE RATE ORGAN FEE
699,A20U000,02102,00000,HOSPITAL - CASE RATE POTENTIAL
699,A20U000,02103,00000,HOSPITAL - CASE RATE DISCONTINUE
699,A20U000,02104,00000,HOSPITAL - CASE RATE STOP LOSS
699,A20U000,02105,00000,TRANSPORTATION - DONOR
699,A20U000,02106,00000,ACCRUED HOSPITAL CHARGES
699,A400010,00100,00000,RECLASSIFICATIONS
699,A400010,00100,00100,A
699,A400010,00100,00200,KIDNEY ACQUISITIONS
699,A400010,00100,00500,MEDICAL SUPPLIES
699,A400010,00200,00000,RECLASSIFICATIONS
699,A400010,00200,00100,A
699,A400010,00200,00200,TISSUE COSTS
699,A400010,00200,00500,PROCUREMENT COORDINATORS
699,A400010,00300,00000,RECLASSIFICATIONS
699,A400010,00300,00100,A
699,A400010,00300,00200,TISSUE COSTS
699,A400010,00300,00500,MEDICAL SUPPLIES
699,A500010,00800,00100,B
699,A500010,00800,00300,ADMINISTRATIVE & GENERAL
699,A500010,01500,00000,PROFESSIONAL FEES - FUNERAL HOMES
699,A500010,01500,00100,A
699,A500010,01500,00300,ADMINISTRATIVE & GENERAL
699,A500010,01600,00000,LOBBY EXP PORTION OF AOPO DUES
699,A500010,01600,00100,B
699,A500010,01600,00300,ADMINISTRATIVE & GENERAL
699,A500010,01601,00000,COLLABORATIVE & NONREIMBURSABLE EXP
699,A500010,01601,00100,A
699,A500010,01601,00300,ADMINISTRATIVE & GENERAL
699,A500010,01602,00000,DONOR FOLLOW-UP
699,A500010,01602,00100,A
699,A500010,01602,00300,PROCUREMENT COORDINATORS
699,A500010,01603,00000,FLYOUT REVENUE OFFSET
699,A500010,01603,00100,B
699,A500010,01603,00300,PROCUREMENT COORDINATORS
699,A500010,01604,00000,KIDNEY SURGEON FEE
699,A500010,01604,00100,B
699,A500010,01604,00300,KIDNEY ACQUISITIONS
699,A500010,01605,00000,FUND DEVELOPMENT REVENUE
699,A500010,01605,00100,A
699,A500010,01605,00300,ADMINISTRATIVE & GENERAL
699,A51000A,00100,00100,N
699,B10000*,00100,00200,CAP BLDG
699,B10000*,00100,00300,CAP COSTS
699,B10000*,00100,00400,EMPLOYEE
699,B10000*,00100,00500,MEDICAL
699,B10000*,00100,00800,ORGAN
699,B10000*,00100,01000,ADMIN &
699,B10000*,00200,00200,OP PLANT &
699,B10000*,00200,00300,MOVABLE
699,B10000*,00200,00400,BENEFITS
699,B10000*,00200,00500,SUPPLIES
699,B10000*,00200,00800,ACQUISITN
699,B10000*,00200,01000,GENERAL
699,B10000*,00300,00200,HOUSEKEEP
699,B10000*,00300,00300,EQUIPMENT
699,B10000*,00300,00800,COSTS
699,B10000*,00400,00200,SQUARE
699,B10000*,00400,00300,DOLLAR
699,B10000*,00400,00400,ADJUST
699,B10000*,00400,00500,COSTED
699,B10000*,00400,00800,NUMBER
699,B10000*,00400,01000,ACCUM
699,B10000*,00500,00200,FEET
699,B10000*,00500,00300,VALUE
699,B10000*,00500,00400,SALARIES
699,B10000*,00500,00500,REQUISIT
699,B10000*,00500,00800,ORGANS
699,B10000*,00500,01000,COSTS
699,B10000*,00600,00200,1
699,B10000*,00600,00300,2
699,B10000*,00600,00400,3
699,B10000*,00600,00500,3
699,B10000*,00600,00800,3
699,B10000*,00600,01000,3
699,B100000,00000,01000,X
699,E000000,00900,00000,OTHER CURRENT ASSET
699,E000000,02600,00000,CONSTRUCTION IN PROGRESS
699,E000000,04100,00000,OTHER CURRENT LIABILITIES
699,E100001,00700,00000,TISSUE REVENUE
699,E100001,00800,00000,FLYOUT REVENUE
699,E100001,00900,00000,HEART VALVE REVENUE
699,E100001,00901,00000,OTHER SERVICES
699,E200000,01500,00000,CURRENT YEAR SETTLEMENT
699,E200000,02600,00000,PRIOR YEAR SETTLEMENT
699,S000000,00100,00100,X
699,S000000,00400,00100,2
699,S000000,00500,00100,05/17/2023
699,S000000,00600,00100,10001
699,S000000,00700,00100,N
699,S000000,00800,00100,N
699,S000000,00900,00100,09/26/2024
699,S000000,01000,00100,4
699,S000001,00100,00100,HONORBRIDGE
699,S000001,00100,00200,34P001
699,S000001,00101,00100,909 E. ARLINGTON BLVD.
699,S000001,00102,00100,GREENVILLE
699,S000001,00102,00200,NC
699,S000001,00102,00300,27858
699,S000001,00300,00100,01/01/2022
699,S000001,00300,00200,12/31/2022
699,S000001,00400,00100,11
699,S000001,00400,00300,1
699,S000001,00400,00400,07/01/1985
699,S000001,00401,00300,1
699,S000002,00300,00100,CFO
699,S100001,00700,00100,N
699,S100001,00810,00000,INTESTINE
699,S100003,00100,00100,MEDICAL DIRECTOR
699,S100003,00100,00300,MEDICAL DIRECTOR
699,S100003,00100,00500,LAB DIRECTOR
699,S100003,00101,00100,EXEC. DIRECTOR
699,S100003,00101,00300,PROCUREMENT COORDINATOR
699,S100003,00101,00500,TECHNICIANS
699,S100003,00102,00100,CLERICAL
699,S100003,00102,00300,PRESERVATION TECHNICIANS
699,S100003,00102,00500,TISSUE TYPING TECH.
699,S100003,00103,00100,OTHER
699,S100003,00103,00300,OTHER
699,S100003,00103,00500,OTHER
699,S200000,00100,00100,N
699,S200000,00200,00100,N
699,S200000,00300,00100,N
699,S200000,00400,00100,Y
699,S200000,00400,00200,A
699,S200000,00400,00300,05/11/2023
699,S200000,00500,00100,N
699,S200000,00600,00300,MANAGER OF FINANCIAL OPERATIONS
699,S200000,00700,00100,HONORBRIDGE
700,A000000,00100,00000,0100CAPITAL COSTS-BLDG & FIXT
700,A000000,00200,00000,0200CAPITAL COSTS-MVBLE EQUIPMENT
700,A000000,00300,00000,0300EMPLOYEE BENEFITS
700,A000000,00400,00000,0400ADMINISTRATIVE & GENERAL
700,A000000,00500,00000,0500OPERATION AND MAINTENANCE OF PLANT
700,A000000,00600,00000,0600HOUSEKEEPING
700,A000000,00700,00000,0700MEDICAL SUPPLIES
700,A000000,00800,00000,0800OTHER OVERHEAD
700,A000000,00900,00000,0900PROCUREMENT COORDINATORS
700,A000000,01000,00000,1000PROFESSIONAL EDUCATION
700,A000000,01100,00000,1100PUBLIC EDUCATION
700,A000000,01200,00000,1200OTHER ACQUISITION
700,A000000,01300,00000,1300KIDNEY ACQUISITIONS
700,A000000,01400,00000,1400TISSUE TYPING LABORATORY
700,A000000,01500,00000,1500LIVER ACQUISITIONS
700,A000000,01600,00000,1600HEART ACQUISITIONS
700,A000000,01700,00000,1700PANCREAS ACQUISITIONS
700,A000000,01800,00000,1800LUNG ACQUISITIONS
700,A000000,01900,00000,1900INTESTINE
700,A000000,02100,00000,2100RESEARCH
700,A000000,02200,00000,2200BLOOD BANK
700,A000000,02300,00000,2300LABORATORY-NON-TISSUE TYPING
700,A000000,02400,00000,2400DIALYSIS UNITS
700,A000000,02500,00000,2500OTHER NON-REIMBURSABLE
700,A100000,01700,00000,PROFESSIONAL CONSULTING FEES  DUES
700,A100000,01800,00000,INDIRECT COST ALLOCATION
700,A20H000,00900,00000,UNALLOCATED HOSPITAL BILLS
700,A20K000,00900,00000,UNACCOUNTED HOSPITAL BILLS
700,A20L000,00900,00000,UNACCOUNTED HOSPITAL BILS
700,A20P000,00900,00000,ANR DONOR COSTS
700,A20U000,00900,00000,ANR DONOR COSTS
700,A400010,00100,00000,BUILDING RENT
700,A400010,00100,00100,A
700,A400010,00100,00200,CAPITAL COSTS-BLDG & FIXT
700,A400010,00100,00500,ADMINISTRATIVE & GENERAL
700,A400010,00200,00000,LEASED VEHICLES
700,A400010,00200,00100,B
700,A400010,00200,00200,CAPITAL COSTS-MVBLE EQUIPMENT
700,A400010,00200,00500,ADMINISTRATIVE & GENERAL
700,A400010,00300,00000,PROF ED AND PUBLIC ED COSTS
700,A400010,00300,00100,C
700,A400010,00300,00200,PROFESSIONAL EDUCATION
700,A400010,00300,00500,ADMINISTRATIVE & GENERAL
700,A400010,00400,00000,PROF ED AND PUBLIC ED COSTS
700,A400010,00400,00100,C
700,A400010,00400,00200,PUBLIC EDUCATION
700,A400010,00500,00000,CLINICAL CONSULTING FEES
700,A400010,00500,00100,D
700,A400010,00500,00200,PROCUREMENT COORDINATORS
700,A400010,00500,00500,ADMINISTRATIVE & GENERAL
700,A500010,00700,00100,B
700,A500010,00700,00300,CAPITAL COSTS-BLDG & FIXT
700,A500010,00800,00100,B
700,A500010,00800,00300,PROCUREMENT COORDINATORS
700,A500010,00900,00100,B
700,A500010,00900,00300,ADMINISTRATIVE & GENERAL
700,A500010,01500,00000,NON-ALLOWABLE COST
700,A500010,01500,00100,A
700,A500010,01500,00300,ADMINISTRATIVE & GENERAL
700,A500010,01600,00000,AOPO LOBBYING
700,A500010,01600,00100,A
700,A500010,01600,00300,ADMINISTRATIVE & GENERAL
700,A500010,01601,00000,CL  DFS & HD SERVICES REVENUE
700,A500010,01601,00100,B
700,A500010,01601,00300,PROCUREMENT COORDINATORS
700,A500010,01602,00000,CL ADMIN SERVICES REVENUE
700,A500010,01602,00100,B
700,A500010,01602,00300,ADMINISTRATIVE & GENERAL
700,A500010,01603,00000,EXCESS SURGEON FEES
700,A500010,01603,00100,A
700,A500010,01603,00300,KIDNEY ACQUISITIONS
700,A51000A,00100,00100,Y
700,A51000B,00100,00200,ADMINISTRATIVE & GENERAL
700,A51000B,00100,00300,INDIRECT COST
700,A51000C,00100,00100,B
700,A51000C,00100,00400,ALBANY MEDICAL COLLEGE
700,A51000C,00100,00600,MEDICAL SCHOOL
700,A60000A,00700,00000,CAPITAL LEASE
700,A60000B,00800,00000,CAPITAL LEASE
700,A60000C,00500,00100,N
700,B10000*,00100,00200,CAP BLDG
700,B10000*,00100,00300,CAP COSTS
700,B10000*,00100,00400,EMPLOYEE
700,B10000*,00100,00500,MEDICAL
700,B10000*,00100,00800,ORGAN
700,B10000*,00100,01000,ADMIN &
700,B10000*,00200,00200,OP PLANT &
700,B10000*,00200,00300,MOVABLE
700,B10000*,00200,00400,BENEFITS
700,B10000*,00200,00500,SUPPLIES
700,B10000*,00200,00800,ACQUISITN
700,B10000*,00200,01000,GENERAL
700,B10000*,00300,00200,HOUSEKEEP
700,B10000*,00300,00300,EQUIPMENT
700,B10000*,00300,00800,COSTS
700,B10000*,00400,00200,SQUARE
700,B10000*,00400,00300,DOLLAR
700,B10000*,00400,00400,ADJUST
700,B10000*,00400,00500,COSTED
700,B10000*,00400,00600,NUMBER
700,B10000*,00400,00800,NUMBER
700,B10000*,00400,01000,ACCUM
700,B10000*,00500,00200,FEET
700,B10000*,00500,00300,VALUE
700,B10000*,00500,00400,SALARIES
700,B10000*,00500,00500,REQUISIT
700,B10000*,00500,00600,ORGANS
700,B10000*,00500,00800,ORGANS
700,B10000*,00500,01000,COSTS
700,B10000*,00600,00200,1
700,B10000*,00600,00300,2
700,B10000*,00600,00400,3
700,B10000*,00600,00500,3
700,B10000*,00600,00800,3
700,B10000*,00600,01000,3
700,B100000,00000,01000,X
700,S000000,00100,00100,X
700,S000000,00400,00100,2
700,S000000,00500,00100,06/01/2023
700,S000000,00600,00100,10001
700,S000000,00700,00100,N
700,S000000,00800,00100,N
700,S000000,00900,00100,10/01/2024
700,S000000,01000,00100,4
700,S000001,00100,00100,CENTER FOR DONATION AND TRANSPLANT
700,S000001,00100,00200,33P004
700,S000001,00101,00100,218 GREAT OAKS BLVD
700,S000001,00102,00100,ALBANY
700,S000001,00102,00200,NY
700,S000001,00102,00300,12203
700,S000001,00300,00100,01/01/2022
700,S000001,00300,00200,12/31/2022
700,S000001,00400,00100,6
700,S000001,00400,00300,1
700,S000001,00400,00400,01/01/1980
700,S000001,00401,00300,1
700,S000002,00100,00200,Y
700,S000002,00300,00100,DIRECTOR OF FINANCE
700,S000002,00400,00100,05/31/2023
700,S100001,00700,00100,N
700,S100001,00810,00000,LARGE INTESTINE
700,S100003,00100,00100,MEDICAL DIRECTOR
700,S100003,00100,00300,MEDICAL DIRECTOR
700,S100003,00100,00500,LAB DIRECTOR
700,S100003,00101,00100,EXEC. DIRECTOR
700,S100003,00101,00300,PROCUREMENT COORDINATOR
700,S100003,00101,00500,TECHNICIANS
700,S100003,00102,00100,CLERICAL
700,S100003,00102,00300,PRESERVATION TECHNICIANS
700,S100003,00102,00500,TISSUE TYPING TECH.
700,S100003,00103,00100,OTHER
700,S100003,00103,00300,OTHER
700,S100003,00103,00500,OTHER
700,S200000,00100,00100,N
700,S200000,00200,00100,N
700,S200000,00300,00100,Y
700,S200000,00400,00100,Y
700,S200000,00400,00200,A
700,S200000,00500,00100,Y
700,S200000,00600,00300,EXECUTIVE DIRECTOR
700,S200000,00700,00100,CENTER FOR DONATION & TRANSPLANT
701,A000000,00100,00000,0100CAPITAL COSTS-BLDG & FIXT
701,A000000,00200,00000,0200CAPITAL COSTS-MVBLE EQUIPMENT
701,A000000,00300,00000,0300EMPLOYEE BENEFITS
701,A000000,00400,00000,0400ADMINISTRATIVE & GENERAL
701,A000000,00500,00000,0500OPERATION AND MAINTENANCE OF PLANT
701,A000000,00600,00000,0600HOUSEKEEPING
701,A000000,00700,00000,0700MEDICAL SUPPLIES
701,A000000,00800,00000,0800OTHER OVERHEAD
701,A000000,00900,00000,0900PROCUREMENT COORDINATORS
701,A000000,01000,00000,1000PROFESSIONAL EDUCATION
701,A000000,01100,00000,1100PUBLIC EDUCATION
701,A000000,01200,00000,1200FAMILY SERVICES
701,A000000,01201,00000,1201QUALITY SYSTEMS
701,A000000,01202,00000,1202POTENTIAL DONOR COSTS
701,A000000,01300,00000,1300KIDNEY ACQUISITIONS
701,A000000,01400,00000,1400TISSUE TYPING LABORATORY
701,A000000,01500,00000,1500LIVER ACQUISITIONS
701,A000000,01600,00000,1600HEART ACQUISITIONS
701,A000000,01700,00000,1700PANCREAS ACQUISITIONS
701,A000000,01800,00000,1800LUNG ACQUISITIONS
701,A000000,01900,00000,1900OTHER ACQUISITIONS
701,A000000,02100,00000,2100RESEARCH
701,A000000,02200,00000,2200BLOOD BANK
701,A000000,02300,00000,2300LABORATORY-NON-TISSUE TYPING
701,A000000,02400,00000,2400DIALYSIS UNITS
701,A000000,02500,00000,2500TISSUE
701,A100000,01700,00000,SMALL EQUIPMENT
701,A20H000,00900,00000,OTHER EXCISION COSTS
701,A20H000,00901,00000,STANDARDIZED CASE RATE
701,A20H000,02100,00000,OTHER ACQUISITION COSTS
701,A20K000,00900,00000,OTHER EXCISION COSTS
701,A20K000,00901,00000,STANDARDIZED CASE RATE
701,A20K000,02100,00000,OTHER ACQUISITION COSTS
701,A20L000,00900,00000,OTHER EXCISION COSTS
701,A20L000,00901,00000,STANDARDIZED CASE RATE
701,A20L000,02100,00000,OTHER ACQUISITION COSTS
701,A20P000,00900,00000,STANDARDIZED CASE RATE
701,A20P000,02100,00000,OTHER ACQUISITION COSTS
701,A20U000,00900,00000,OTHER EXCISION COSTS
701,A20U000,00901,00000,STANDARDIZED CASE RATE
701,A20U000,02100,00000,OTHER ACQUISITION COSTS
701,A400010,00100,00000,RECLASSIFICATIONS
701,A400010,00100,00100,A
701,A400010,00100,00200,TISSUE
701,A400010,00100,00500,PROCUREMENT COORDINATORS
701,A400010,00200,00000,RECLASSIFICATIONS
701,A400010,00200,00100,A
701,A400010,00200,00200,TISSUE
701,A400010,00200,00500,PROFESSIONAL EDUCATION
701,A400010,00300,00000,RECLASSIFICATIONS
701,A400010,00300,00100,A
701,A400010,00300,00200,TISSUE
701,A400010,00300,00500,PUBLIC EDUCATION
701,A400010,00400,00000,RECLASSIFICATIONS
701,A400010,00400,00100,A
701,A400010,00400,00200,TISSUE
701,A400010,00400,00500,FAMILY SERVICES
701,A400010,00500,00000,RECLASSIFICATIONS
701,A400010,00500,00100,A
701,A400010,00500,00200,TISSUE
701,A400010,00500,00500,QUALITY SYSTEMS
701,A400010,00600,00000,RECLASSIFICATIONS
701,A400010,00600,00100,A
701,A400010,00600,00200,TISSUE
701,A400010,00600,00500,FAMILY SERVICES
701,A400010,00700,00000,RECLASSIFICATIONS
701,A400010,00700,00100,A
701,A400010,00700,00200,ADMINISTRATIVE & GENERAL
701,A400010,00700,00500,PROFESSIONAL EDUCATION
701,A400010,00800,00000,RECLASSIFICATIONS
701,A400010,00800,00100,A
701,A400010,00800,00200,ADMINISTRATIVE & GENERAL
701,A400010,00800,00500,PUBLIC EDUCATION
701,A400010,00900,00000,RECLASSIFICATIONS
701,A400010,00900,00100,A
701,A400010,00900,00200,ADMINISTRATIVE & GENERAL
701,A400010,00900,00500,FAMILY SERVICES
701,A400010,01000,00000,RECLASSIFICATIONS
701,A400010,01000,00100,A
701,A400010,01000,00200,ADMINISTRATIVE & GENERAL
701,A400010,01000,00500,QUALITY SYSTEMS
701,A400010,01100,00000,RECLASSIFICATIONS
701,A400010,01100,00100,A
701,A400010,01100,00200,ADMINISTRATIVE & GENERAL
701,A400010,01100,00500,EMPLOYEE BENEFITS
701,A400010,01200,00000,RECLASSIFICATIONS
701,A400010,01200,00100,A
701,A400010,01200,00200,ADMINISTRATIVE & GENERAL
701,A400010,01200,00500,PROCUREMENT COORDINATORS
701,A400010,01300,00000,RECLASSIFICATIONS
701,A400010,01300,00100,A
701,A400010,01300,00200,TISSUE
701,A400010,01300,00500,CAPITAL COSTS-BLDG & FIXT
701,A400010,01400,00000,RECLASSIFICATIONS
701,A400010,01400,00100,A
701,A400010,01400,00200,CAPITAL COSTS-MVBLE EQUIPMENT
701,A400010,01400,00500,CAPITAL COSTS-BLDG & FIXT
701,A400010,01500,00000,RECLASSIFICATIONS
701,A400010,01500,00100,A
701,A400010,01500,00200,TISSUE
701,A400010,01500,00500,PROCUREMENT COORDINATORS
701,A500010,00800,00100,B
701,A500010,00800,00300,RESEARCH
701,A500010,01100,00100,B
701,A500010,01100,00300,MEDICAL SUPPLIES
701,A500010,01200,00100,B
701,A500010,01200,00300,CAPITAL COSTS-BLDG & FIXT
701,A500010,01500,00000,LOBBYING EXPENSE
701,A500010,01500,00100,A
701,A500010,01500,00300,ADMINISTRATIVE & GENERAL
701,A500010,01501,00000,ORGAN FUNERAL HOME EXPENSES
701,A500010,01501,00100,A
701,A500010,01501,00300,PROCUREMENT COORDINATORS
701,A500010,01502,00000,LIVER FLYOUT REVENUE
701,A500010,01502,00100,A
701,A500010,01502,00300,LIVER ACQUISITIONS
701,A500010,01503,00000,HEART FLYOUT REVENUE
701,A500010,01503,00100,A
701,A500010,01503,00300,HEART ACQUISITIONS
701,A500010,01504,00000,TISSUE TRANSPORTATION REVENUE
701,A500010,01504,00100,A
701,A500010,01504,00300,TISSUE
701,A500010,01505,00000,ALCOHOL
701,A500010,01505,00100,A
701,A500010,01505,00300,PROFESSIONAL EDUCATION
701,A500010,01506,00000,COST OF MEALS OTHER THAN PERSONNEL
701,A500010,01506,00100,A
701,A500010,01506,00300,PROFESSIONAL EDUCATION
701,A500010,01507,00000,GIFTS AND DONATIONS
701,A500010,01507,00100,A
701,A500010,01507,00300,PROFESSIONAL EDUCATION
701,A500010,01508,00000,UNALLOWABLE COSTS
701,A500010,01508,00100,A
701,A500010,01508,00300,PROFESSIONAL EDUCATION
701,A500010,01509,00000,COST OF MEALS OTHER THAN PERSONNEL
701,A500010,01509,00100,A
701,A500010,01509,00300,PUBLIC EDUCATION
701,A500010,01510,00000,GIFTS AND DONATIONS
701,A500010,01510,00100,A
701,A500010,01510,00300,PUBLIC EDUCATION
701,A500010,01511,00000,UNALLOWABLE COSTS
701,A500010,01511,00100,A
701,A500010,01511,00300,PUBLIC EDUCATION
701,A500010,01512,00000,COST OF MEALS OTHER THAN PERONNEL
701,A500010,01512,00100,A
701,A500010,01512,00300,FAMILY SERVICES
701,A500010,01514,00000,UNALLOWABLE COSTS
701,A500010,01514,00100,A
701,A500010,01514,00300,FAMILY SERVICES
701,A500010,01515,00000,COST OF MEALS OTHER THAN PERSONNEL
701,A500010,01515,00100,A
701,A500010,01515,00300,QUALITY SYSTEMS
701,A500010,01517,00000,COST TO MEALS OTHER THAN PERSONNEL
701,A500010,01517,00100,A
701,A500010,01517,00300,ADMINISTRATIVE & GENERAL
701,A500010,01518,00000,GIFTS AND DONATIONS
701,A500010,01518,00100,A
701,A500010,01518,00300,ADMINISTRATIVE & GENERAL
701,A500010,01519,00000,UNALLOWABLE COSTS
701,A500010,01519,00100,A
701,A500010,01519,00300,ADMINISTRATIVE & GENERAL
701,A500010,01520,00000,COST OF MEALS OTHER THAN PERSONNEL
701,A500010,01520,00100,A
701,A500010,01520,00300,PROCUREMENT COORDINATORS
701,A51000A,00100,00100,N
701,A60000A,00700,00000,LEASEHOLD IMPROVEMENTS
701,A60000A,00701,00000,LAND IMPROVEMENTS
701,A60000B,00800,00000,LEASEHOLD IMPROVEMENTS
701,A60000B,00801,00000,LAND IMPROVEMENTS
701,A60000C,00500,00100,N
701,B10000*,00100,00200,CAP BLDG
701,B10000*,00100,00300,CAP COSTS
701,B10000*,00100,00400,EMPLOYEE
701,B10000*,00100,00500,MEDICAL
701,B10000*,00100,00800,ORGAN
701,B10000*,00100,01000,ADMIN &
701,B10000*,00200,00200,OP PLANT &
701,B10000*,00200,00300,MOVABLE
701,B10000*,00200,00400,BENEFITS
701,B10000*,00200,00500,SUPPLIES
701,B10000*,00200,00800,ACQUISITN
701,B10000*,00200,01000,GENERAL
701,B10000*,00300,00200,HOUSEKEEP
701,B10000*,00300,00300,EQUIPMENT
701,B10000*,00300,00800,COSTS
701,B10000*,00400,00200,SQUARE
701,B10000*,00400,00300,DOLLAR
701,B10000*,00400,00400,ADJUST
701,B10000*,00400,00500,COSTED
701,B10000*,00400,00800,NUMBER
701,B10000*,00400,01000,ACCUM
701,B10000*,00500,00200,FEET
701,B10000*,00500,00300,VALUE
701,B10000*,00500,00400,SALARIES
701,B10000*,00500,00500,REQUISIT
701,B10000*,00500,00800,ORGANS
701,B10000*,00500,01000,COSTS
701,B10000*,00600,00200,1
701,B10000*,00600,00300,2
701,B10000*,00600,00400,3
701,B10000*,00600,00500,3
701,B10000*,00600,00800,3
701,B10000*,00600,01000,3
701,B100000,00000,01000,X
701,E000000,00900,00000,OTHER CURRENT ASSETS
701,E000000,02600,00000,OTHER FIXED ASSETS
701,E000000,03100,00000,INVENTORY
701,E000000,03900,00000,OTHER ACCRUED LIABILITIES
701,E100001,00700,00000,CORNEA REVENUE
701,E100001,00800,00000,TISSUE REVENUE
701,E100001,00900,00000,FLYOUT REVENUE
701,E100001,00901,00000,MID SOUTH TRIAGE
701,E200000,01500,00000,MISCELLANEOUS INCOME
701,E200000,01600,00000,DMV LICENSE PLATES
701,E200000,02600,00000,LOSS ON SALE OF FIXED ASSETS
701,S000000,00100,00100,X
701,S000000,00400,00100,2
701,S000000,00500,00100,06/02/2023
701,S000000,00600,00100,10001
701,S000000,00700,00100,N
701,S000000,00800,00100,N
701,S000000,00900,00100,10/02/2024
701,S000000,01000,00100,4
701,S000001,00100,00100,ARKANSAS REGIONAL ORGAN RECOVERY AGE
701,S000001,00100,00200,04P001
701,S000001,00101,00100,1300 WILSON ROAD
701,S000001,00102,00100,LITTLE ROCK
701,S000001,00102,00200,AR
701,S000001,00102,00300,72205
701,S000001,00300,00100,01/01/2022
701,S000001,00300,00200,12/31/2022
701,S000001,00400,00100,6
701,S000001,00400,00300,1
701,S000001,00400,00400,05/01/1987
701,S000001,00401,00300,1
701,S000002,00100,00200,Y
701,S000002,00300,00100,DIRECTOR OF FINANCE/IT
701,S000002,00400,00100,05/31/2023
701,S100001,00700,00100,N
701,S100001,00810,00000,SMALL BOWEL
701,S100001,00811,00000,SPECIALTY GRAFTS
701,S100001,00812,00000,VEINS/ARTERIES
701,S100001,00813,00000,AORTILLAC GRAFT
701,S100001,00814,00000,DESCENDING THORACIC AORTA
701,S100001,00815,00000,ESOPHAGUS
701,S100001,00816,00000,OTHER
701,S100003,00100,00100,MEDICAL DIRECTOR
701,S100003,00100,00300,MEDICAL DIRECTOR
701,S100003,00100,00500,LAB DIRECTOR
701,S100003,00101,00100,EXEC. DIRECTOR
701,S100003,00101,00300,PROCUREMENT COORDINATOR
701,S100003,00101,00500,TECHNICIANS
701,S100003,00102,00100,CLERICAL
701,S100003,00102,00300,PRESERVATION TECHNICIANS
701,S100003,00102,00500,TISSUE TYPING TECH.
701,S100003,00103,00100,DONATION DEVLEOPMENT
701,S100003,00103,00300,FAMILY SERVICES
701,S100003,00103,00500,OTHER
701,S100003,00104,00100,TISSUE
701,S200000,00100,00100,N
701,S200000,00200,00100,N
701,S200000,00300,00100,N
701,S200000,00400,00100,Y
701,S200000,00400,00200,A
701,S200000,00400,00300,07/15/2023
701,S200000,00500,00100,N
701,S200000,00600,00300,DIRECTOR OF FINANCE/IT
701,S200000,00700,00100,ARORA
702,A000000,00100,00000,0100CAPITAL COSTS-BLDG & FIXT
702,A000000,00200,00000,0200CAPITAL COSTS-MVBLE EQUIPMENT
702,A000000,00300,00000,0300EMPLOYEE BENEFITS
702,A000000,00400,00000,0400ADMINISTRATIVE & GENERAL
702,A000000,00500,00000,0500OPERATION AND MAINTENANCE OF PLANT
702,A000000,00600,00000,0600HOUSEKEEPING
702,A000000,00700,00000,0700MEDICAL SUPPLIES
702,A000000,00800,00000,0800OTHER OVERHEAD
702,A000000,00900,00000,0900PROCUREMENT COORDINATORS
702,A000000,01000,00000,1000PROFESSIONAL EDUCATION
702,A000000,01100,00000,1100PUBLIC EDUCATION
702,A000000,01200,00000,1200DONOR RESOURCE CENTER
702,A000000,01300,00000,1300KIDNEY ACQUISITIONS
702,A000000,01400,00000,1400TISSUE TYPING LABORATORY
702,A000000,01500,00000,1500LIVER ACQUISITIONS
702,A000000,01600,00000,1600HEART ACQUISITIONS
702,A000000,01700,00000,1700PANCREAS ACQUISITIONS
702,A000000,01800,00000,1800LUNG ACQUISITIONS
702,A000000,01900,00000,1900DOUBLE LUNG
702,A000000,01901,00000,1901HEART / LUNG
702,A000000,01902,00000,1902SMALL BOWEL & OTHER
702,A000000,01903,00000,1903TISSUE DIRECTS
702,A000000,02100,00000,2100RESEARCH
702,A000000,02200,00000,2200BLOOD BANK
702,A000000,02300,00000,2300LABORATORY-NON-TISSUE TYPING
702,A000000,02400,00000,2400DIALYSIS UNITS
702,A000000,02500,00000,2500OTHER NON-REIMBURSABLE - TISSUE
702,A100000,01700,00000,UTILITIES
702,A100000,01800,00000,OTHER PROFESSIONAL SERVICES
702,A100000,01900,00000,TOTAL OTHER OPERATING EXPENSES
702,A20H000,00900,00000,OTHER EXCISION HOSPITAL
702,A20H000,00901,00000,CASE RATES
702,A20H000,00902,00000,SEROLOGY
702,A20H000,00903,00000,MED UNSUITABLE / POTENTIAL DONOR
702,A20H000,00904,00000,HEART CATH
702,A20H000,02100,00000,BIOPSY
702,A20H000,02101,00000,CONSULTING
702,A20H000,02102,00000,CARDIOLOGY
702,A20H000,02103,00000,SURGEON FEE - RESEARCH ORGAN
702,A20K000,00900,00000,TRANSPORTATION
702,A20K000,00901,00000,CASE RATES
702,A20K000,00902,00000,SEROLOGY
702,A20K000,00903,00000,MED UNSUITABLE / POTENTIAL DONOR
702,A20K000,02100,00000,OTHER ACQUISITION COSTS
702,A20K000,02101,00000,CONSULTING
702,A20K000,02102,00000,BIOPSY
702,A20K000,02103,00000,SURGEON FEES - RESEARCH ORGAN
702,A20L000,00900,00000,OTHER EXCISION HOSPITAL
702,A20L000,00901,00000,CASE RATES
702,A20L000,00902,00000,SEROLOGY
702,A20L000,00903,00000,MED UNSUITABLE / POTENTIAL DONOR
702,A20L000,02100,00000,OTHER ACQUISITION COSTS
702,A20L000,02101,00000,CONSULTING
702,A20L000,02102,00000,BIOPSY
702,A20L000,02103,00000,SURG FEES & MED SU - RESEARCH ORGANS
702,A20O000,00900,00000,CASE RATES
702,A20O000,00901,00000,SEROLOGY
702,A20O000,00902,00000,CARDIOLOGY - HEART CATH
702,A20O000,00903,00000,MEDICALLY UNSUITABLE
702,A20O000,02100,00000,CONSULTING
702,A20O000,02101,00000,CARDIOLOGY
702,A20O000,02102,00000,RESEARCH ORGANS
702,A20O001,00900,00000,OTHER EXCISION HOSPITAL
702,A20O001,00901,00000,CASE RATES
702,A20O001,00902,00000,SERIOLOGY
702,A20O001,00903,00000,MED UNSUITABLE / POTENTIAL DONOR
702,A20O001,02100,00000,CONSULTING
702,A20O001,02101,00000,SURGEON FEES - RESEARCH ORGANS
702,A20O002,00900,00000,CASE RATES
702,A20O002,00901,00000,SEROLOGY
702,A20O002,00902,00000,MED UNSUITABLE / POTENTIAL DONOR
702,A20O002,02100,00000,CONSULTING
702,A20O002,02101,00000,SURGEON FEES RESEARCH ORGAN
702,A20O003,00901,00000,HOSP FLAT FEE
702,A20O003,02101,00000,RECONSTRUCTION FEES
702,A20O003,02102,00000,SEROLOGY
702,A20P000,00900,00000,OTHER EXCISION HOSPITAL
702,A20P000,00901,00000,CASE RATES
702,A20P000,00902,00000,SEROLOGY
702,A20P000,00903,00000,MEDICALLY UNSUITABLE
702,A20P000,02100,00000,CONSULTING
702,A20P000,02101,00000,SURGEON FEES - RESEARCH ORGANS
702,A20U000,00900,00000,OTHER EXCISION HOSPITAL
702,A20U000,00901,00000,CASE RATES
702,A20U000,00902,00000,SEROLOGY
702,A20U000,00903,00000,MEDICALLY UNSUITABLE
702,A20U000,02100,00000,CONSULTING
702,A400010,00100,00000,RECLASS TISSUE DIRECTS
702,A400010,00100,00100,A
702,A400010,00100,00200,OTHER NON-REIMBURSABLE - TISSUE
702,A400010,00100,00500,TISSUE DIRECTS
702,A400010,00200,00000,RECLASS LEASE COSTS
702,A400010,00200,00100,B
702,A400010,00200,00200,CAPITAL COSTS-BLDG & FIXT
702,A400010,00200,00500,ADMINISTRATIVE & GENERAL
702,A400010,00300,00000,RECLASS TISSUE EQUIV COSTS
702,A400010,00300,00100,F
702,A400010,00300,00200,OTHER NON-REIMBURSABLE - TISSUE
702,A400010,00300,00500,PUBLIC EDUCATION
702,A400010,00400,00000,RECLASS TISSUE EQUIV COSTS
702,A400010,00400,00100,F
702,A400010,00400,00500,PROFESSIONAL EDUCATION
702,A400010,00500,00000,RECLASS TISSUE EQUIV COSTS
702,A400010,00500,00100,F
702,A400010,00500,00500,DONOR RESOURCE CENTER
702,A400010,00600,00000,RECLASS KIDNEY PUMP VEHICLES
702,A400010,00600,00100,G
702,A400010,00600,00200,KIDNEY ACQUISITIONS
702,A400010,00600,00500,CAPITAL COSTS-MVBLE EQUIPMENT
702,A400010,00700,00000,SQ FOOTAGE A&G
702,A400010,00700,00100,H
702,A400010,00700,00200,ADMINISTRATIVE & GENERAL
702,A400010,00700,00500,CAPITAL COSTS-BLDG & FIXT
702,A400010,00800,00000,SQ FOOTAGE A&G
702,A400010,00800,00100,H
702,A400010,00800,00200,ADMINISTRATIVE & GENERAL
702,A400010,00800,00500,CAPITAL COSTS-MVBLE EQUIPMENT
702,A400010,00900,00000,TISSUE VEHICLE DEPRECIATION RECLASS
702,A400010,00900,00100,I
702,A400010,00900,00200,OTHER NON-REIMBURSABLE - TISSUE
702,A400010,00900,00500,CAPITAL COSTS-MVBLE EQUIPMENT
702,A400010,01000,00000,DEFAULT
702,A400010,01000,00100,J
702,A400010,01000,00200,OTHER NON-REIMBURSABLE - TISSUE
702,A400010,01000,00500,PROCUREMENT COORDINATORS
702,A500010,00800,00100,B
702,A500010,00800,00300,PROCUREMENT COORDINATORS
702,A500010,01000,00100,B
702,A500010,01000,00300,PUBLIC EDUCATION
702,A500010,01500,00000,CALL CENTER SERVICE FEES
702,A500010,01500,00100,B
702,A500010,01500,00300,DONOR RESOURCE CENTER
702,A500010,01600,00000,NON-ALLOW - CORP ADMIN
702,A500010,01600,00100,A
702,A500010,01600,00300,ADMINISTRATIVE & GENERAL
702,A500010,01601,00000,NON-ALLOW-TISSUE OPERATIONS
702,A500010,01601,00100,A
702,A500010,01601,00300,OTHER NON-REIMBURSABLE - TISSUE
702,A500010,01602,00000,NON-ALLOW - PROF EDUC
702,A500010,01602,00100,A
702,A500010,01602,00300,PROFESSIONAL EDUCATION
702,A500010,01606,00000,DEPRECIATION - CAPITALIZED INTEREST
702,A500010,01606,00100,A
702,A500010,01606,00300,CAPITAL COSTS-BLDG & FIXT
702,A500010,01607,00000,NON-ALLOW - ORGAN OPERATIONS
702,A500010,01607,00100,A
702,A500010,01607,00300,PROCUREMENT COORDINATORS
702,A500010,01608,00000,NON-ALLOW - PUBLIC EDUC
702,A500010,01608,00100,A
702,A500010,01608,00300,PUBLIC EDUCATION
702,A500010,01609,00000,NON-ALLOW - DONOR RESOURCE CENTER
702,A500010,01609,00100,A
702,A500010,01609,00300,DONOR RESOURCE CENTER
702,A51000A,00100,00100,N
702,A60000A,00700,00000,LEASEHOLD IMPROVEMENTS
702,A60000A,00701,00000,EQUIPMENT
702,A60000A,00702,00000,FURNITURE
702,A60000A,00703,00000,PHONE SYSTEM
702,A60000A,00704,00000,CIP - NEW BUILDING
702,A60000B,00800,00000,LEASEHOLD IMPROVEMENTS
702,A60000B,00801,00000,FURNITURE
702,A60000B,00802,00000,EQUIPMENT
702,A60000B,00803,00000,PHONE SYSTEM
702,A60000C,00500,00100,N
702,B10000*,00100,00200,CAP BLDG
702,B10000*,00100,00300,CAP COSTS
702,B10000*,00100,00400,EMPLOYEE
702,B10000*,00100,00500,MEDICAL
702,B10000*,00100,00800,ORGAN
702,B10000*,00100,01000,ADMIN &
702,B10000*,00200,00200,OP PLANT &
702,B10000*,00200,00300,MOVABLE
702,B10000*,00200,00400,BENEFITS
702,B10000*,00200,00500,SUPPLIES
702,B10000*,00200,00800,ACQUISITN
702,B10000*,00200,01000,GENERAL
702,B10000*,00300,00200,HOUSEKEEP
702,B10000*,00300,00300,EQUIPMENT
702,B10000*,00300,00800,COSTS
702,B10000*,00400,00200,SQUARE
702,B10000*,00400,00300,DOLLAR
702,B10000*,00400,00400,ADJUST
702,B10000*,00400,00500,COSTED
702,B10000*,00400,00800,NUMBER
702,B10000*,00400,01000,ACCUM
702,B10000*,00500,00200,FEET
702,B10000*,00500,00300,VALUE
702,B10000*,00500,00400,SALARIES
702,B10000*,00500,00500,REQUISIT
702,B10000*,00500,00800,ORGANS
702,B10000*,00500,01000,COSTS
702,B10000*,00600,00200,1
702,B10000*,00600,00300,2
702,B10000*,00600,00400,3
702,B10000*,00600,00500,3
702,B10000*,00600,00800,3
702,B10000*,00600,01000,3
702,B100000,00000,01000,X
702,E000000,00900,00000,OTHER CURRENT ASSETS
702,E000000,02600,00000,CIP - BUILDING
702,E000000,03100,00000,LEASE ASSET - OPERATING
702,E000000,03900,00000,LEASE LIABILITIES - OPERATING
702,E100001,00700,00000,RESEARCH INCOME
702,E100001,00800,00000,CALL CENTER FEES
702,E100001,00900,00000,TISSUE REVENUE
702,E200000,02100,00000,ROUNDING DIFF
702,E200000,02200,00000,CHARITABLE CONTRIBUTIONS
702,E200000,02300,00000,SEMINAR FEES
702,E200000,02600,00000,CHANGE IN MARKET VALUE OF INVESTMENT
702,E200000,02700,00000,ROUNDING DIFF
702,S000000,00100,00100,X
702,S000000,00400,00100,2
702,S000000,00500,00100,06/28/2023
702,S000000,00600,00100,10001
702,S000000,00700,00100,N
702,S000000,00800,00100,N
702,S000000,00900,00100,10/02/2024
702,S000000,01000,00100,4
702,S000001,00100,00100,LIFEGIFT
702,S000001,00100,00200,45P003
702,S000001,00101,00100,2510 WESTRIDGE STREET
702,S000001,00102,00100,HOUSTON
702,S000001,00102,00200,TX
702,S000001,00102,00300,77054
702,S000001,00300,00100,01/01/2022
702,S000001,00300,00200,12/31/2022
702,S000001,00400,00100,6
702,S000001,00400,00300,1
702,S000001,00400,00400,10/01/1987
702,S000001,00401,00300,1
702,S000002,00100,00200,Y
702,S000002,00300,00100,SR. EXECUTIVE VICE PRESIDENT / CFO
702,S000002,00400,00100,05/31/2023
702,S100001,00700,00100,N
702,S100001,00810,00000,LIVER SEGMENT
702,S100001,00811,00000,OTHER TISSUES
702,S100001,00812,00000,SMALL BOWEL
702,S100001,00813,00000,RESEARCH ORGANS  NON-RENAL
702,S100003,00100,00100,MEDICAL DIRECTOR
702,S100003,00100,00300,MEDICAL DIRECTOR
702,S100003,00100,00500,LAB DIRECTOR
702,S100003,00101,00100,EXEC. DIRECTOR
702,S100003,00101,00300,PROCUREMENT COORDINATOR
702,S100003,00101,00500,TECHNICIANS
702,S100003,00102,00100,CLERICAL
702,S100003,00102,00300,PRESERVATION TECHNICIANS
702,S100003,00102,00500,TISSUE TYPING TECH.
702,S100003,00103,00100,ADMIN
702,S100003,00103,00300,DONOR RESOURCE CENTER
702,S100003,00103,00500,OTHER
702,S200000,00100,00100,N
702,S200000,00200,00100,N
702,S200000,00300,00100,N
702,S200000,00400,00100,Y
702,S200000,00400,00200,A
702,S200000,00400,00300,06/30/2023
702,S200000,00500,00100,N
702,S200000,00600,00300,SR EXEC VP & CFO
702,S200000,00700,00100,LIFEGIFT
703,A000000,00100,00000,0100CAPITAL COSTS-BLDG & FIXT
703,A000000,00200,00000,0200CAPITAL COSTS-MVBLE EQUIPMENT
703,A000000,00300,00000,0300EMPLOYEE BENEFITS
703,A000000,00400,00000,0400ADMINISTRATIVE & GENERAL
703,A000000,00500,00000,0500OPERATION AND MAINTENANCE OF PLANT
703,A000000,00600,00000,0600HOUSEKEEPING
703,A000000,00700,00000,0700MEDICAL SUPPLIES
703,A000000,00800,00000,0800OTHER OVERHEAD
703,A000000,00900,00000,0900PROCUREMENT COORDINATORS
703,A000000,01000,00000,1000PROFESSIONAL EDUCATION
703,A000000,01100,00000,1100PUBLIC EDUCATION
703,A000000,01200,00000,1200OTHER ACQUISITION
703,A000000,01300,00000,1300KIDNEY ACQUISITIONS
703,A000000,01400,00000,1400TISSUE TYPING LABORATORY
703,A000000,01500,00000,1500LIVER ACQUISITIONS
703,A000000,01600,00000,1600HEART ACQUISITIONS
703,A000000,01700,00000,1700PANCREAS ACQUISITIONS
703,A000000,01800,00000,1800LUNG ACQUISITIONS
703,A000000,01900,00000,1900OTHER ACQUISITIONS
703,A000000,02100,00000,2100RESEARCH
703,A000000,02200,00000,2200BLOOD BANK
703,A000000,02300,00000,2300LABORATORY-NON-TISSUE TYPING
703,A000000,02400,00000,2400DIALYSIS UNITS
703,A000000,02500,00000,2500OTHER NON-REIMBURSABLE
703,A20H000,00900,00000,HOSPITAL CHARGES
703,A20H000,02100,00000,ACQUISITION CHARGES
703,A20K000,00900,00000,HOSPITAL CHARGES
703,A20K000,02100,00000,ACQUISITION CHARGES
703,A20L000,00900,00000,HOSPITAL CHARGES
703,A20L000,02100,00000,ACQUISITION CHARGES
703,A20O000,00900,00000,HOSPITAL CHARGES
703,A20O000,02100,00000,ACQUISITION CHARGES
703,A20P000,00900,00000,HOSPITAL CHARGES
703,A20P000,02100,00000,ACQUISITION CHARGES
703,A20U000,00900,00000,HOSPITAL CHARGES
703,A20U000,02100,00000,ACQUISITION CHARGES
703,A400010,00100,00000,RECLASSIFICATIONS
703,A400010,00100,00100,A
703,A400010,00100,00200,OTHER NON-REIMBURSABLE
703,A400010,00100,00500,PROCUREMENT COORDINATORS
703,A400010,00200,00000,RECLASSIFICATIONS
703,A400010,00200,00100,A
703,A400010,00200,00200,OTHER NON-REIMBURSABLE
703,A400010,00200,00500,PROFESSIONAL EDUCATION
703,A400010,00300,00000,RECLASSIFICATIONS
703,A400010,00300,00100,A
703,A400010,00300,00200,OTHER NON-REIMBURSABLE
703,A400010,00300,00500,PUBLIC EDUCATION
703,A400010,00400,00000,RECLASSIFICATIONS
703,A400010,00400,00100,A
703,A400010,00400,00200,OTHER NON-REIMBURSABLE
703,A400010,00400,00500,OTHER ACQUISITION
703,A400010,00500,00000,RECLASSIFICATIONS
703,A400010,00500,00100,A
703,A400010,00500,00200,PROCUREMENT COORDINATORS
703,A400010,00500,00500,ADMINISTRATIVE & GENERAL
703,A400010,00600,00000,RECLASSIFICATIONS
703,A400010,00600,00100,A
703,A400010,00600,00200,PROFESSIONAL EDUCATION
703,A400010,00600,00500,ADMINISTRATIVE & GENERAL
703,A400010,00700,00000,RECLASSIFICATIONS
703,A400010,00700,00100,A
703,A400010,00700,00200,PUBLIC EDUCATION
703,A400010,00700,00500,ADMINISTRATIVE & GENERAL
703,A400010,00800,00000,RECLASSIFICATIONS
703,A400010,00800,00100,A
703,A400010,00800,00200,OTHER ACQUISITION
703,A400010,00800,00500,ADMINISTRATIVE & GENERAL
703,A400010,00900,00000,RECLASSIFICATIONS
703,A400010,00900,00100,A
703,A400010,00900,00200,OTHER NON-REIMBURSABLE
703,A400010,00900,00500,ADMINISTRATIVE & GENERAL
703,A500010,00700,00100,A
703,A500010,00700,00300,ADMINISTRATIVE & GENERAL
703,A500010,01200,00100,A
703,A500010,01200,00300,ADMINISTRATIVE & GENERAL
703,A500010,01500,00000,CALL CENTER INCOME
703,A500010,01500,00100,A
703,A500010,01500,00300,OTHER ACQUISITION
703,A500010,01600,00000,LOBBYING EXPENSE
703,A500010,01600,00100,A
703,A500010,01600,00300,ADMINISTRATIVE & GENERAL
703,A500010,01601,00000,HOSPITAL STAFF APPRECIATION
703,A500010,01601,00100,A
703,A500010,01601,00300,PROFESSIONAL EDUCATION
703,A500010,01602,00000,NON ALLOWABLE EXPENSES
703,A500010,01602,00100,A
703,A500010,01602,00300,ADMINISTRATIVE & GENERAL
703,A500010,01603,00000,SPONSORSHIPS
703,A500010,01603,00100,A
703,A500010,01603,00300,ADMINISTRATIVE & GENERAL
703,A500010,01604,00000,PROFESSIONAL SERVICES-REINHARDT
703,A500010,01604,00100,A
703,A500010,01604,00300,PROFESSIONAL EDUCATION
703,A51000A,00100,00100,N
703,A60000A,00700,00000,BUILDING IMPROVEMENT
703,A60000A,00701,00000,SOFTWARE
703,A60000A,00702,00000,FURNITURE
703,A60000A,00703,00000,DEFERRED FINANCING
703,A60000B,00800,00000,DEFERRED FINANCING
703,A60000B,00801,00000,FURNITURE
703,A60000B,00802,00000,SOFTWARE
703,B10000*,00100,00200,CAP BLDG
703,B10000*,00100,00300,CAP COSTS
703,B10000*,00100,00400,EMPLOYEE
703,B10000*,00100,00500,MEDICAL
703,B10000*,00100,00800,ORGAN
703,B10000*,00100,01000,ADMIN &
703,B10000*,00200,00200,OP PLANT &
703,B10000*,00200,00300,MOVABLE
703,B10000*,00200,00400,BENEFITS
703,B10000*,00200,00500,SUPPLIES
703,B10000*,00200,00800,ACQUISITN
703,B10000*,00200,01000,GENERAL
703,B10000*,00300,00200,HOUSEKEEP
703,B10000*,00300,00300,EQUIPMENT
703,B10000*,00300,00800,COSTS
703,B10000*,00400,00200,SQUARE
703,B10000*,00400,00300,DOLLAR
703,B10000*,00400,00400,ADJUST
703,B10000*,00400,00500,COSTED
703,B10000*,00400,00800,NUMBER
703,B10000*,00400,01000,ACCUM
703,B10000*,00500,00200,FEET
703,B10000*,00500,00300,VALUE
703,B10000*,00500,00400,SALARIES
703,B10000*,00500,00500,REQUISIT
703,B10000*,00500,00800,ORGANS
703,B10000*,00500,01000,COSTS
703,B10000*,00600,00200,1
703,B10000*,00600,00300,2
703,B10000*,00600,00400,3
703,B10000*,00600,00500,3
703,B10000*,00600,00800,3
703,B10000*,00600,01000,3
703,B100000,00000,01000,X
703,E000000,00900,00000,PREPAID INSURANCE
703,E000000,02600,00000,OTHER DEPRECIABLE ASSETS
703,E000000,03100,00000,INTEREST RATE SWAP
703,E200000,02000,00000,CALL CENTER SERVICES
703,E200000,02100,00000,TISSUE SERVICES
703,E200000,02200,00000,CHANGE IN VALUE OF INTEREST RATE SWA
703,S000000,00100,00100,X
703,S000000,00400,00100,2
703,S000000,00500,00100,06/01/2023
703,S000000,00600,00100,10001
703,S000000,00700,00100,N
703,S000000,00800,00100,N
703,S000000,00900,00100,10/07/2024
703,S000000,01000,00100,4
703,S000001,00100,00100,LIFEBANC
703,S000001,00100,00200,36P002
703,S000001,00101,00100,4775 RICHMOND ROAD
703,S000001,00102,00100,CLEVELAND
703,S000001,00102,00200,OH
703,S000001,00102,00300,44128
703,S000001,00300,00100,01/01/2022
703,S000001,00300,00200,12/31/2022
703,S000001,00400,00100,6
703,S000001,00400,00300,1
703,S000001,00400,00400,08/01/1986
703,S000001,00401,00300,1
703,S000002,00100,00200,Y
703,S000002,00300,00100,SR. DIRECTOR OF FINANCE
703,S000002,00400,00100,05/31/2023
703,S100001,00700,00100,N
703,S100001,00810,00000,INTESTINE
703,S100001,00812,00000,OTHER TISSUES AND VCA
703,S100003,00100,00100,MEDICAL DIRECTOR
703,S100003,00100,00300,MEDICAL DIRECTOR
703,S100003,00100,00500,LAB DIRECTOR
703,S100003,00101,00100,EXEC. DIRECTOR
703,S100003,00101,00300,PROCUREMENT COORDINATOR
703,S100003,00101,00500,TECHNICIANS
703,S100003,00102,00100,CLERICAL
703,S100003,00102,00300,PRESERVATION TECHNICIANS
703,S100003,00102,00500,TISSUE TYPING TECH.
703,S100003,00103,00100,OTHER
703,S100003,00103,00300,OTHER
703,S100003,00103,00500,OTHER
703,S200000,00100,00100,N
703,S200000,00200,00100,N
703,S200000,00300,00100,N
703,S200000,00400,00100,Y
703,S200000,00400,00200,A
703,S200000,00400,00300,05/08/2023
703,S200000,00500,00100,N
703,S200000,00600,00300,SR. DIRECTOR OF FINANCE
703,S200000,00700,00100,LIFEBANC
704,A000000,00100,00000,0100CAPITAL COSTS-BLDG & FIXT
704,A000000,00200,00000,0200CAPITAL COSTS-MVBLE EQUIPMENT
704,A000000,00300,00000,0300EMPLOYEE BENEFITS
704,A000000,00400,00000,0400ADMINISTRATIVE & GENERAL
704,A000000,00500,00000,0500OPERATION AND MAINTENANCE OF PLANT
704,A000000,00600,00000,0600HOUSEKEEPING
704,A000000,00700,00000,0700MEDICAL SUPPLIES
704,A000000,00800,00000,0800OTHER OVERHEAD
704,A000000,00900,00000,0900PROCUREMENT COORDINATORS
704,A000000,01000,00000,1000PROFESSIONAL EDUCATION
704,A000000,01100,00000,1100PUBLIC EDUCATION
704,A000000,01200,00000,1200OTHER ACQUISITION
704,A000000,01300,00000,1300KIDNEY ACQUISITIONS
704,A000000,01400,00000,1400TISSUE TYPING LABORATORY
704,A000000,01500,00000,1500LIVER ACQUISITIONS
704,A000000,01600,00000,1600HEART ACQUISITIONS
704,A000000,01700,00000,1700PANCREAS ACQUISITIONS
704,A000000,01800,00000,1800LUNG ACQUISITIONS
704,A000000,01900,00000,1900OTHER ACQUISITIONS
704,A000000,02100,00000,2100RESEARCH
704,A000000,02200,00000,2200BLOOD BANK
704,A000000,02300,00000,2300LABORATORY-NON-TISSUE TYPING
704,A000000,02400,00000,2400DIALYSIS UNITS
704,A000000,02500,00000,2500TISSUE
704,A000000,02501,00000,2501EYE UNIT
704,A100000,01700,00000,VEHICLE EXPENSE
704,A100000,01800,00000,OFFICE MEETING EXPENSE
704,A100000,01900,00000,INVESTMENT FEES
704,A100000,01901,00000,PRINTING AND POSTAGE
704,A20H000,00900,00000,CASE RATE - CANNOT SEPARATE
704,A20K000,00900,00000,CASE RATE - CANNOT SEPARATE
704,A20L000,00900,00000,CASR RATE - CANNOT SEPARATE
704,A20O000,00900,00000,CASE RATE CANNOT SEPARATE
704,A20O001,00900,00000,CASE RATE CANNOT SEPARATE
704,A20P000,00900,00000,CASE RATE - CANNOT SEPARATE
704,A20U000,00900,00000,CASE RATE - CANNOT SEPARATE
704,A400010,00100,00000,RECLASSIFICATIONS
704,A400010,00100,00100,A
704,A400010,00100,00200,KIDNEY ACQUISITIONS
704,A400010,00100,00500,LABORATORY-NON-TISSUE TYPING
704,A400010,00200,00000,RECLASSIFICATIONS
704,A400010,00200,00100,A
704,A400010,00200,00200,HEART ACQUISITIONS
704,A400010,00200,00500,LABORATORY-NON-TISSUE TYPING
704,A400010,00300,00000,RECLASSIFICATIONS
704,A400010,00300,00100,A
704,A400010,00300,00200,LIVER ACQUISITIONS
704,A400010,00300,00500,LABORATORY-NON-TISSUE TYPING
704,A400010,00400,00000,RECLASSIFICATIONS
704,A400010,00400,00100,A
704,A400010,00400,00200,PANCREAS ACQUISITIONS
704,A400010,00400,00500,LABORATORY-NON-TISSUE TYPING
704,A400010,00500,00000,RECLASSIFICATIONS
704,A400010,00500,00100,A
704,A400010,00500,00200,TISSUE
704,A400010,00500,00500,LABORATORY-NON-TISSUE TYPING
704,A400010,00600,00000,RECLASSIFICATIONS
704,A400010,00600,00100,A
704,A400010,00600,00200,EYE UNIT
704,A400010,00600,00500,LABORATORY-NON-TISSUE TYPING
704,A400010,00700,00000,RECLASSIFICATIONS
704,A400010,00700,00100,A
704,A400010,00700,00200,LUNG ACQUISITIONS
704,A400010,00700,00500,LABORATORY-NON-TISSUE TYPING
704,A400010,00800,00000,RECLASSIFICATIONS
704,A400010,00800,00100,A
704,A400010,00800,00200,LABORATORY-NON-TISSUE TYPING
704,A400010,00800,00500,CAPITAL COSTS-BLDG & FIXT
704,A400010,00900,00000,RECLASSIFICATIONS
704,A400010,00900,00100,A
704,A400010,00900,00200,EYE UNIT
704,A400010,00900,00500,CAPITAL COSTS-BLDG & FIXT
704,A400010,01000,00000,RECLASSIFICATIONS
704,A400010,01000,00100,A
704,A400010,01000,00200,TISSUE
704,A400010,01000,00500,PROCUREMENT COORDINATORS
704,A400010,01100,00000,REVISE TISSUE ALLOCATION
704,A400010,01100,00100,B
704,A400010,01100,00200,TISSUE
704,A400010,01100,00500,PROCUREMENT COORDINATORS
704,A500010,00800,00100,B
704,A500010,00800,00300,LIVER ACQUISITIONS
704,A500010,01200,00100,A
704,A500010,01200,00300,ADMINISTRATIVE & GENERAL
704,A500010,01500,00000,LOBBYING
704,A500010,01500,00100,A
704,A500010,01500,00300,ADMINISTRATIVE & GENERAL
704,A500010,01501,00000,DISALLOWED EXPENSES
704,A500010,01501,00100,A
704,A500010,01501,00300,PROCUREMENT COORDINATORS
704,A500010,01502,00000,IINVESTMENT FEES
704,A500010,01502,00100,A
704,A500010,01502,00300,ADMINISTRATIVE & GENERAL
704,A500010,01503,00000,ORGANS FOR RESEARCH
704,A500010,01503,00100,B
704,A500010,01503,00300,KIDNEY ACQUISITIONS
704,A500010,01504,00000,ORGANS FOR RESEARCH
704,A500010,01504,00100,B
704,A500010,01504,00300,HEART ACQUISITIONS
704,A500010,01505,00000,ORGANS FOR RESEARCH
704,A500010,01505,00100,B
704,A500010,01505,00300,PANCREAS ACQUISITIONS
704,A500010,01506,00000,ORGANS FOR RESEARCH
704,A500010,01506,00100,B
704,A500010,01506,00300,LUNG ACQUISITIONS
704,A500010,01507,00000,ORGANS FOR RESEARCH
704,A500010,01507,00100,B
704,A500010,01507,00300,OTHER ACQUISITIONS
704,A500010,01508,00000,FUNERAL HOME EXPENSES
704,A500010,01508,00100,A
704,A500010,01508,00300,PROFESSIONAL EDUCATION
704,A500010,01600,00000,DISALLOWED EXPENSES
704,A500010,01600,00100,A
704,A500010,01600,00300,ADMINISTRATIVE & GENERAL
704,A500010,01601,00000,UNALLOWABLE EXPENSES
704,A500010,01601,00100,A
704,A500010,01601,00300,ADMINISTRATIVE & GENERAL
704,A51000A,00100,00100,N
704,A60000A,00700,00000,OFFICE EQUIPMENT
704,A60000A,00701,00000,ORGANIZATIONAL COSTS
704,A60000B,00800,00000,OFFICE EQUIPMENT
704,A60000B,00801,00000,ORGANIZATIONAL COSTS
704,A60000C,00500,00100,N
704,B10000*,00100,00200,CAP BLDG
704,B10000*,00100,00300,CAP COSTS
704,B10000*,00100,00400,EMPLOYEE
704,B10000*,00100,00500,MEDICAL
704,B10000*,00100,00800,ORGAN
704,B10000*,00100,01000,ADMIN &
704,B10000*,00200,00200,OP PLANT &
704,B10000*,00200,00300,MOVABLE
704,B10000*,00200,00400,BENEFITS
704,B10000*,00200,00500,SUPPLIES
704,B10000*,00200,00800,ACQUISITN
704,B10000*,00200,01000,GENERAL
704,B10000*,00300,00200,HOUSEKEEP
704,B10000*,00300,00300,EQUIPMENT
704,B10000*,00300,00800,COSTS
704,B10000*,00400,00200,SQUARE
704,B10000*,00400,00300,DOLLAR
704,B10000*,00400,00400,ADJUST
704,B10000*,00400,00500,COSTED
704,B10000*,00400,00800,NUMBER
704,B10000*,00400,01000,ACCUM
704,B10000*,00500,00200,FEET
704,B10000*,00500,00300,VALUE
704,B10000*,00500,00400,SALARIES
704,B10000*,00500,00500,REQUISIT
704,B10000*,00500,00800,ORGANS
704,B10000*,00500,01000,COSTS
704,B10000*,00600,00200,1
704,B10000*,00600,00300,2
704,B10000*,00600,00400,3
704,B10000*,00600,00500,3
704,B10000*,00600,00800,3
704,B10000*,00600,01000,3
704,B100000,00000,01000,X
704,E000000,00900,00000,OTHER CURRENT ASSETS
704,E000000,02600,00000,ORGANIZATIONAL COSTS
704,E100001,00700,00000,MEDICARE UNDERPAYMENT BOOKED
704,E100001,00800,00000,CORNEA
704,E100001,00900,00000,OTHER
704,E200000,02000,00000,GAIN ON SALE OF INVESTMENTS
704,E200000,02100,00000,GAIN ON SALE OF EQUIPMENT
704,E200000,02200,00000,UNREALIZED GAIN ON INVESTMETNTS
704,E200000,02300,00000,MISCELLANEOUS INCOME
704,E200000,02600,00000,INVESTMENT MANAGEMENT FEES
704,E200000,02700,00000,OTHER EXPENSES
704,E200000,02701,00000,UNREALIZED LOSS ON INVESTMENTS
704,E200000,02702,00000,LOSS ON SALE OF EQUIPMENT
704,S000000,00100,00100,X
704,S000000,00400,00100,2
704,S000000,00500,00100,05/26/2023
704,S000000,00600,00100,10001
704,S000000,00700,00100,N
704,S000000,00800,00100,N
704,S000000,00900,00100,10/04/2024
704,S000000,01000,00100,4
704,S000001,00100,00100,CENTER FOR ORGAN RECOVERY AND EDUCAT
704,S000001,00100,00200,39P002
704,S000001,00101,00100,204 SIGMA DRIVE
704,S000001,00102,00100,PITTSBURGH
704,S000001,00102,00200,PA
704,S000001,00102,00300,15238
704,S000001,00300,00100,01/01/2022
704,S000001,00300,00200,12/31/2022
704,S000001,00400,00100,6
704,S000001,00400,00300,1
704,S000001,00400,00400,12/01/1977
704,S000001,00401,00300,1
704,S000002,00300,00100,CFO
704,S100001,00700,00100,N
704,S100001,00810,00000,MULTIVISCERAL
704,S100003,00100,00100,MEDICAL DIRECTOR
704,S100003,00100,00300,MEDICAL DIRECTOR
704,S100003,00100,00500,LAB DIRECTOR
704,S100003,00101,00100,EXEC. DIRECTOR
704,S100003,00101,00300,PROCUREMENT COORDINATOR
704,S100003,00101,00500,TECHNICIANS
704,S100003,00102,00100,CLERICAL
704,S100003,00102,00300,PRESERVATION TECHNICIANS
704,S100003,00102,00500,TISSUE TYPING TECH.
704,S100003,00103,00100,OTHER
704,S100003,00103,00300,OTHER
704,S100003,00103,00500,OTHER
704,S200000,00100,00100,N
704,S200000,00200,00100,N
704,S200000,00300,00100,N
704,S200000,00400,00100,Y
704,S200000,00400,00200,A
704,S200000,00500,00100,N
704,S200000,00600,00300,CFO
704,S200000,00700,00100,CENTER FOR ORGAN RECOVERYAND EDUCATI
705,A000000,00100,00000,0100CAPITAL COSTS-BLDG & FIXT
705,A000000,00200,00000,0200CAPITAL COSTS-MVBLE EQUIPMENT
705,A000000,00300,00000,0300EMPLOYEE BENEFITS
705,A000000,00400,00000,0400ADMINISTRATIVE & GENERAL
705,A000000,00500,00000,0500OPERATION AND MAINTENANCE OF PLANT
705,A000000,00600,00000,0600HOUSEKEEPING
705,A000000,00700,00000,0700MEDICAL SUPPLIES
705,A000000,00800,00000,0800OTHER OVERHEAD
705,A000000,00900,00000,0900PROCUREMENT COORDINATORS
705,A000000,01000,00000,1000PROFESSIONAL EDUCATION
705,A000000,01100,00000,1100PUBLIC EDUCATION
705,A000000,01200,00000,1200OTHER ACQUISITION
705,A000000,01300,00000,1300KIDNEY ACQUISITIONS
705,A000000,01400,00000,1400TISSUE TYPING LABORATORY
705,A000000,01500,00000,1500LIVER ACQUISITIONS
705,A000000,01700,00000,1700PANCREAS ACQUISITIONS
705,A000000,01800,00000,1800LUNG ACQUISITIONS
705,A000000,01900,00000,1900OTHER ACQUISITIONS
705,A000000,02100,00000,2100RESEARCH
705,A000000,02200,00000,2200BLOOD BANK
705,A000000,02300,00000,2300LABORATORY-NON-TISSUE TYPING
705,A000000,02400,00000,2400DIALYSIS UNITS
705,A000000,02500,00000,2500OTHER NON-REIMBURSABLE
705,A100000,01700,00000,ADVERTISING
705,A100000,01800,00000,NON-ALLOWABLE EXPENSE
705,A100000,01900,00000,AUTO EXPENSE
705,A100000,01901,00000,DUES & SUBSCRIPTIONS
705,A300000,00600,00000,LAB SUPPLIES
705,A300000,00700,00000,LAB FEES
705,A300000,00800,00000,LAB COAT CLEANING/UNIFORMS
705,A300000,00900,00000,LAB EQUIPMENT LEASE
705,A400010,00100,00000,RECLASS TISSUE TYPING EXPENSE
705,A400010,00100,00100,A
705,A400010,00100,00200,TISSUE TYPING LABORATORY
705,A400010,00100,00500,CAPITAL COSTS-BLDG & FIXT
705,A400010,00200,00000,RECLASS TISSUE TYPING EXPENSE
705,A400010,00200,00100,A
705,A400010,00200,00500,CAPITAL COSTS-MVBLE EQUIPMENT
705,A400010,00300,00000,RECLASS TISSUE TYPING EXPENSE
705,A400010,00300,00100,A
705,A400010,00300,00500,EMPLOYEE BENEFITS
705,A500010,01500,00000,NON-ALLOWABLE EXPENSE
705,A500010,01500,00100,A
705,A500010,01500,00300,ADMINISTRATIVE & GENERAL
705,A500010,01501,00000,AUTO EXPENSE - 20% PERSONAL USAGE
705,A500010,01501,00100,A
705,A500010,01501,00300,ADMINISTRATIVE & GENERAL
705,A51000A,00100,00100,Y
705,A51000B,00100,00200,TISSUE TYPING LABORATORY
705,A51000B,00100,00300,LAB CONTRACT SERVICES
705,A51000C,00100,00100,A
705,A51000C,00100,00200,AFZAL NIKAEIN PHD
705,A51000C,00100,00400,TMS  INC MOLECULAR LAB
705,A51000C,00100,00600,MOLECULAR LAB
705,B10000*,00100,00200,CAP BLDG
705,B10000*,00100,00300,CAP COSTS
705,B10000*,00100,00400,EMPLOYEE
705,B10000*,00100,00500,MEDICAL
705,B10000*,00100,00800,ORGAN
705,B10000*,00100,01000,ADMIN &
705,B10000*,00200,00200,OP PLANT &
705,B10000*,00200,00300,MOVABLE
705,B10000*,00200,00400,BENEFITS
705,B10000*,00200,00500,SUPPLIES
705,B10000*,00200,00800,ACQUISITN
705,B10000*,00200,01000,GENERAL
705,B10000*,00300,00200,HOUSEKEEP
705,B10000*,00300,00300,EQUIPMENT
705,B10000*,00300,00800,COSTS
705,B10000*,00400,00200,SQUARE
705,B10000*,00400,00300,DOLLAR
705,B10000*,00400,00400,ADJUST
705,B10000*,00400,00500,COSTED
705,B10000*,00400,00800,NUMBER
705,B10000*,00400,01000,ACCUM
705,B10000*,00500,00200,FEET
705,B10000*,00500,00300,VALUE
705,B10000*,00500,00400,SALARIES
705,B10000*,00500,00500,REQUISIT
705,B10000*,00500,00800,ORGANS
705,B10000*,00500,01000,COSTS
705,B10000*,00600,00200,1
705,B10000*,00600,00300,2
705,B10000*,00600,00400,3
705,B10000*,00600,00500,3
705,B10000*,00600,00800,3
705,B10000*,00600,01000,3
705,B100000,00000,01000,X
705,E000000,00900,00000,OTHER CURRENT ASSETS
705,E000000,02600,00000,OTHER FIXED ASSETS
705,E000000,04600,00000,CAPITAL LEASE PAYABLE
705,E000000,04700,00000,DUE TO SHAREHOLDER
705,E200000,01500,00000,PRIOR YEAR
705,E200000,01600,00000,SHAREHOLDER CONTRIBUTION
705,S000000,00100,00100,X
705,S000000,00400,00100,2
705,S000000,00500,00100,05/23/2023
705,S000000,00600,00100,10001
705,S000000,00700,00100,N
705,S000000,00800,00100,N
705,S000000,00900,00100,10/04/2024
705,S000000,01000,00100,4
705,S000001,00100,00100,TEXAS MEDICAL SPECIALTY  INC.
705,S000001,00100,00200,45HL12
705,S000001,00101,00100,7777 FOREST LANE  SUITE C-768
705,S000001,00102,00100,DALLAS
705,S000001,00102,00200,TX
705,S000001,00102,00300,75230
705,S000001,00300,00100,01/01/2022
705,S000001,00300,00200,12/31/2022
705,S000001,00400,00100,2
705,S000001,00400,00300,2
705,S000001,00400,00400,04/01/1999
705,S000001,00401,00300,1
705,S000002,00300,00100,PRESIDENT/DIRECTOR
705,S100001,00700,00100,N
705,S100001,00810,00000,OTHER
705,S100002,00400,00100,DECEASED DONOR HLA TYPING
705,S100002,00401,00100,CROSSMATCH  AUTO T
705,S100002,00402,00100,CROSSMATCH  AUTO B
705,S100002,00403,00100,CROSSMATCH  AHG AUTO
705,S100002,00404,00100,CROSSMATCH  AUTO T FLOW
705,S100002,00405,00100,CROSSMATCH  AUTO B FLOW
705,S100002,00406,00100,CROSSMATCH  AHG
705,S100002,00407,00100,CROSSMATCH  FLOW T
705,S100002,00408,00100,CROSSMATCH  FLOW B
705,S100002,00409,00100,PRA  HLA SCREENING CLASS I & II
705,S100002,00410,00100,PRA  HLA ANTIBODY ID CLASS I
705,S100002,00411,00100,PRA  HLA ANTIBODY ID CLASS II
705,S100002,00412,00100,HLA - A & B & C MOLECULAR
705,S100002,00413,00100,HLA-DR  DQ & DP MOLECULAR
705,S100003,00100,00100,MEDICAL DIRECTOR
705,S100003,00100,00300,MEDICAL DIRECTOR
705,S100003,00100,00500,LAB DIRECTOR
705,S100003,00101,00100,EXEC. DIRECTOR
705,S100003,00101,00300,PROCUREMENT COORDINATOR
705,S100003,00101,00500,TECHNICIANS
705,S100003,00102,00100,CLERICAL
705,S100003,00102,00300,PRESERVATION TECHNICIANS
705,S100003,00102,00500,TISSUE TYPING TECH.
705,S100003,00103,00100,OTHER
705,S100003,00103,00300,OTHER
705,S100003,00103,00500,OTHER
705,S200000,00100,00100,N
705,S200000,00200,00100,N
705,S200000,00300,00100,Y
705,S200000,00400,00100,N
705,S200000,00500,00100,Y
705,S200000,00600,00300,DIRECTOR
705,S200000,00700,00100,SALTMARSH  CLEAVELAND & GUND
706,A000000,00100,00000,0100CAPITAL COSTS-BLDG & FIXT
706,A000000,00200,00000,0200CAPITAL COSTS-MVBLE EQUIPMENT
706,A000000,00300,00000,0300EMPLOYEE BENEFITS
706,A000000,00400,00000,0400ADMINISTRATIVE & GENERAL
706,A000000,00500,00000,0500OPERATION AND MAINTENANCE OF PLANT
706,A000000,00600,00000,0600HOUSEKEEPING
706,A000000,00700,00000,0700MEDICAL SUPPLIES
706,A000000,00800,00000,0800OTHER OVERHEAD
706,A000000,00900,00000,0900PROCUREMENT COORDINATORS
706,A000000,01000,00000,1000PROFESSIONAL EDUCATION
706,A000000,01100,00000,1100PUBLIC EDUCATION
706,A000000,01200,00000,1200OTHER ACQUISITION
706,A000000,01300,00000,1300KIDNEY ACQUISITIONS
706,A000000,01400,00000,1400TISSUE TYPING LABORATORY
706,A000000,01500,00000,1500LIVER ACQUISITIONS
706,A000000,01600,00000,1600HEART ACQUISITIONS
706,A000000,01700,00000,1700PANCREAS ACQUISITIONS
706,A000000,01800,00000,1800LUNG ACQUISITIONS
706,A000000,01900,00000,1900BOWEL
706,A000000,01901,00000,1901VCA
706,A000000,01902,00000,1903OTHER ACQUISITIONS
706,A000000,02100,00000,2100RESEARCH
706,A000000,02200,00000,2200BLOOD BANK
706,A000000,02300,00000,2300LABORATORY-NON-TISSUE TYPING
706,A000000,02400,00000,2400DIALYSIS UNITS
706,A000000,02500,00000,2500TISSUE RECOVERY
706,A100000,01700,00000,DUES AND MEMBERSHIPS
706,A20H000,00900,00000,HOSPITAL FEES
706,A20H000,02100,00000,RECOVERY SUPPLIES
706,A20K000,00900,00000,HOSPITAL FEES
706,A20K000,02100,00000,RECOVERY SUPPLIES
706,A20L000,00900,00000,HOSPITAL FEES
706,A20L000,02100,00000,RECOVERY SUPPLIES
706,A20O000,00900,00000,HOSPITAL FEES
706,A20O001,00900,00000,HOSPITAL FEES
706,A20P000,00900,00000,HOSPITAL FEES
706,A20P000,02100,00000,RECOVERY SUPPLIES
706,A20U000,00900,00000,HOSPITAL FEES
706,A20U000,02100,00000,RECOVERY SUPPLIES
706,A400010,00100,00000,RECLASSIFICATIONS
706,A400010,00100,00100,A
706,A400010,00100,00200,TISSUE RECOVERY
706,A400010,00100,00500,PROCUREMENT COORDINATORS
706,A400010,00200,00000,RECLASSIFICATIONS
706,A400010,00200,00100,A
706,A400010,00200,00200,TISSUE RECOVERY
706,A400010,00200,00500,PROFESSIONAL EDUCATION
706,A400010,00300,00000,RECLASSIFICATIONS
706,A400010,00300,00100,A
706,A400010,00300,00200,TISSUE RECOVERY
706,A400010,00300,00500,PUBLIC EDUCATION
706,A400010,00400,00000,RECLASSIFICATIONS
706,A400010,00400,00100,A
706,A400010,00400,00200,ADMINISTRATIVE & GENERAL
706,A400010,00400,00500,CAPITAL COSTS-BLDG & FIXT
706,A400010,00500,00000,RECLASSIFICATIONS
706,A400010,00500,00100,A
706,A400010,00500,00200,ADMINISTRATIVE & GENERAL
706,A400010,00500,00500,CAPITAL COSTS-MVBLE EQUIPMENT
706,A400010,00600,00000,RECLASSIFICATIONS
706,A400010,00600,00100,A
706,A400010,00600,00200,KIDNEY ACQUISITIONS
706,A400010,00600,00500,PROCUREMENT COORDINATORS
706,A400010,00700,00000,RECLASSIFICATIONS
706,A400010,00700,00100,A
706,A400010,00700,00200,LIVER ACQUISITIONS
706,A400010,00700,00500,PROCUREMENT COORDINATORS
706,A500010,00700,00100,B
706,A500010,00700,00300,CAPITAL COSTS-BLDG & FIXT
706,A500010,00800,00100,B
706,A500010,00800,00300,PROCUREMENT COORDINATORS
706,A500010,01400,00100,A
706,A500010,01400,00300,CAPITAL COSTS-MVBLE EQUIPMENT
706,A500010,01500,00000,LOBBYING FROM DUES
706,A500010,01500,00100,A
706,A500010,01500,00300,ADMINISTRATIVE & GENERAL
706,A51000A,00100,00100,Y
706,A51000B,00100,00200,ADMINISTRATIVE & GENERAL
706,A51000B,00100,00300,DIRECT OPO COSTS
706,A51000B,00200,00200,OPERATION AND MAINTENANCE OF PLANT
706,A51000B,00200,00300,DIRECT OPO COSTS
706,A51000B,00300,00200,PROCUREMENT COORDINATORS
706,A51000B,00300,00300,DIRECT OPO COSTS
706,A51000B,00400,00200,PROFESSIONAL EDUCATION
706,A51000B,00400,00300,DIRECT OPO COSTS
706,A51000B,00401,00200,PUBLIC EDUCATION
706,A51000B,00401,00300,DIRECT OPO COSTS
706,A51000B,00402,00200,TISSUE RECOVERY
706,A51000B,00402,00300,DIRECT OPO COSTS
706,A51000C,00100,00100,B
706,A51000C,00100,00200,NEW ENGLAND DONOR SERVICES  INC.
706,A51000C,00100,00400,NEW ENGLAND DONOR SERVICES  INC.
706,A51000C,00100,00600,PARENT COMPANY
706,A60000A,00700,00000,LEASEHOLD IMPROVEMENTS
706,A60000B,00800,00000,LEASEHOLD IMPROVEMENTS
706,A60000C,00500,00100,N
706,B10000*,00100,00200,CAP BLDG
706,B10000*,00100,00300,CAP COSTS
706,B10000*,00100,00400,EMPLOYEE
706,B10000*,00100,00500,MEDICAL
706,B10000*,00100,00800,ORGAN
706,B10000*,00100,01000,ADMIN &
706,B10000*,00200,00200,OP PLANT &
706,B10000*,00200,00300,MOVABLE
706,B10000*,00200,00400,BENEFITS
706,B10000*,00200,00500,SUPPLIES
706,B10000*,00200,00800,ACQUISITN
706,B10000*,00200,01000,GENERAL
706,B10000*,00300,00200,HOUSEKEEP
706,B10000*,00300,00300,EQUIPMENT
706,B10000*,00300,00800,COSTS
706,B10000*,00400,00200,SQUARE
706,B10000*,00400,00300,DOLLAR
706,B10000*,00400,00400,ADJUST
706,B10000*,00400,00500,COSTED
706,B10000*,00400,00800,NUMBER
706,B10000*,00400,01000,ACCUM
706,B10000*,00500,00200,FEET
706,B10000*,00500,00300,VALUE
706,B10000*,00500,00400,SALARIES
706,B10000*,00500,00500,REQUISIT
706,B10000*,00500,00800,ORGANS
706,B10000*,00500,01000,COSTS
706,B10000*,00600,00200,1
706,B10000*,00600,00300,2
706,B10000*,00600,00400,3
706,B10000*,00600,00500,3
706,B10000*,00600,00800,3
706,B10000*,00600,01000,3
706,B100000,00000,01000,X
706,E000000,00900,00000,DUE FROM CMS
706,E000000,02600,00000,OTHER FIXED ASSETS
706,E000000,03100,00000,DUE TO RELATED ORG. & RIGHT OF USE
706,E000000,03900,00000,CURRENT PORTION OF LEASE PAYABLE
706,E000000,04600,00000,LEASE PAYABLE
706,E200000,01500,00000,OTHER REVENUE
706,E200000,01600,00000,MEDICARE ADJUSTMENT
706,S000000,00100,00100,X
706,S000000,00400,00100,2
706,S000000,00500,00100,06/19/2023
706,S000000,00600,00100,10001
706,S000000,00700,00100,N
706,S000000,00800,00100,N
706,S000000,00900,00100,10/09/2024
706,S000000,01000,00100,4
706,S000001,00100,00100,NEW ENGLAND ORGAN BANK  INC.
706,S000001,00100,00200,22P001
706,S000001,00101,00100,60 FIRST AVENUE
706,S000001,00102,00100,WALTHAM
706,S000001,00102,00200,MA
706,S000001,00102,00300,02451
706,S000001,00300,00100,01/01/2022
706,S000001,00300,00200,12/31/2022
706,S000001,00400,00100,6
706,S000001,00400,00300,1
706,S000001,00400,00400,07/01/2004
706,S000001,00401,00300,1
706,S000002,00300,00100,CHIEF FINANCIAL OFFICER
706,S100001,00700,00100,N
706,S100001,00810,00000,BOWEL
706,S100001,00811,00000,VCA
706,S100003,00100,00100,MEDICAL DIRECTOR
706,S100003,00100,00300,MEDICAL DIRECTOR
706,S100003,00100,00500,LAB DIRECTOR
706,S100003,00101,00100,EXEC. DIRECTOR
706,S100003,00101,00300,PROCUREMENT COORDINATOR
706,S100003,00101,00500,TECHNICIANS
706,S100003,00102,00100,CLERICAL
706,S100003,00102,00300,PRESERVATION TECHNICIANS
706,S100003,00102,00500,TISSUE TYPING TECH.
706,S100003,00103,00100,OTHER
706,S100003,00103,00300,OTHER
706,S100003,00103,00500,OTHER
706,S200000,00100,00100,N
706,S200000,00200,00100,N
706,S200000,00300,00100,Y
706,S200000,00400,00100,Y
706,S200000,00400,00200,A
706,S200000,00400,00300,05/19/2023
706,S200000,00500,00100,Y
706,S200000,00600,00300,CHIEF FINANCIAL OFFICER
706,S200000,00700,00100,NEW ENGLAND DONOR SERVICES  INC.
707,A000000,00100,00000,0100CAPITAL COSTS-BLDG & FIXT
707,A000000,00200,00000,0200CAPITAL COSTS-MVBLE EQUIPMENT
707,A000000,00300,00000,0300EMPLOYEE BENEFITS
707,A000000,00400,00000,0400ADMINISTRATIVE & GENERAL
707,A000000,00500,00000,0500OPERATION AND MAINTENANCE OF PLANT
707,A000000,00600,00000,0600HOUSEKEEPING
707,A000000,00700,00000,0700MEDICAL SUPPLIES
707,A000000,00900,00000,0900PROCUREMENT COORDINATORS
707,A000000,01000,00000,1000PROFESSIONAL EDUCATION
707,A000000,01100,00000,1100PUBLIC EDUCATION
707,A000000,01300,00000,1300KIDNEY ACQUISITIONS
707,A000000,01400,00000,1400TISSUE TYPING LABORATORY
707,A000000,01500,00000,1500LIVER ACQUISITIONS
707,A000000,01600,00000,1600HEART ACQUISITIONS
707,A000000,01700,00000,1700PANCREAS ACQUISITIONS
707,A000000,01800,00000,1800LUNG ACQUISITIONS
707,A000000,01900,00000,1900INTESTINE
707,A000000,02100,00000,2100RESEARCH
707,A000000,02200,00000,2200BLOOD BANK
707,A000000,02300,00000,2300LABORATORY-NON-TISSUE TYPING
707,A000000,02400,00000,2400DIALYSIS UNITS
707,A000000,02500,00000,2500TISSUE PROCUREMENT COSTS
707,A000000,02501,00000,2501BONE
707,A000000,02502,00000,2502HEART VALVE
707,A000000,02503,00000,2503SKIN AND OTHER TISSUES
707,A100000,01700,00000,BANK SERVICE CHARGE
707,A100000,01800,00000,OTHER ADMIN AND GENERAL
707,A100000,01900,00000,DONOR REGISTERY
707,A100000,01901,00000,UTILITIES/SECURITY/MAINTENANCE
707,A100000,01902,00000,SMALL OFFICE EQUIPMENT
707,A100000,01903,00000,EMPLOYEE RECRUITING
707,A100000,01904,00000,QA/QI SALARIES
707,A100000,01905,00000,DUES AND SUBSCRIPTIONS
707,A100000,01906,00000,ANSWERING SERVICE
707,A100000,01907,00000,UNALLOWABLE MEALS / BAD DEBT / MISC
707,A20H000,00900,00000,OTHER HOSPITAL COSTS
707,A20H000,02100,00000,OTHER ACQUISITION COSTS
707,A20K000,00900,00000,OTHER HOSPITAL COSTS
707,A20K000,02100,00000,OTHER ACQUISITION COSTS
707,A20L000,00900,00000,OTHER HOSPITAL COSTS
707,A20L000,02100,00000,OTHER ACQUISITION COSTS
707,A20O000,00900,00000,OTHER HOSPITAL COSTS
707,A20P000,00900,00000,OTHER HOSPITAL COSTS
707,A20P000,02100,00000,OTHER ACQUISITION COSTS
707,A20U000,00900,00000,OTHER HOSPITAL COSTS
707,A20U000,02100,00000,OTHER ACQUISITION COSTS
707,A400010,00100,00000,INDIRECT TISSUE PROCUREMENT COSTS
707,A400010,00100,00100,A
707,A400010,00100,00200,TISSUE PROCUREMENT COSTS
707,A400010,00100,00500,PROCUREMENT COORDINATORS
707,A400010,00200,00000,RECLASS TISSUE DIRECT COSTS
707,A400010,00200,00100,B
707,A400010,00200,00200,TISSUE PROCUREMENT COSTS
707,A400010,00200,00500,EMPLOYEE BENEFITS
707,A400010,00300,00000,RECLASS TISSUE DIRECT COSTS
707,A400010,00300,00100,B
707,A400010,00300,00500,PROCUREMENT COORDINATORS
707,A500010,00700,00100,B
707,A500010,00700,00300,CAPITAL COSTS-BLDG & FIXT
707,A500010,01200,00100,B
707,A500010,01200,00300,CAPITAL COSTS-BLDG & FIXT
707,A500010,01500,00000,CALL CENTER RENTAL INCOME
707,A500010,01500,00100,B
707,A500010,01500,00300,TISSUE PROCUREMENT COSTS
707,A500010,01501,00000,EMPLOYEE MEALS
707,A500010,01501,00100,A
707,A500010,01501,00300,ADMINISTRATIVE & GENERAL
707,A500010,01601,00000,LOBBYING DUES
707,A500010,01601,00100,A
707,A500010,01601,00300,ADMINISTRATIVE & GENERAL
707,A500010,01602,00000,RESEARCH REVENUE (INTENT FOR RESEARC
707,A500010,01602,00100,B
707,A500010,01602,00300,PROCUREMENT COORDINATORS
707,A500010,01603,00000,REMOVE NON ALLOWABLE PROMOTIONAL
707,A500010,01603,00100,A
707,A500010,01603,00300,PROCUREMENT COORDINATORS
707,A51000A,00100,00100,N
707,A60000A,00700,00000,CONSTRUCTION IN PROGRESS
707,A60000C,00500,00100,N
707,B10000*,00100,00200,CAP BLDG
707,B10000*,00100,00300,CAP COSTS
707,B10000*,00100,00400,EMPLOYEE
707,B10000*,00100,00500,MEDICAL
707,B10000*,00100,00800,ORGAN
707,B10000*,00100,01000,ADMIN &
707,B10000*,00200,00200,OP PLANT &
707,B10000*,00200,00300,MOVABLE
707,B10000*,00200,00400,BENEFITS
707,B10000*,00200,00500,SUPPLIES
707,B10000*,00200,00800,ACQUISITN
707,B10000*,00200,01000,GENERAL
707,B10000*,00300,00200,HOUSEKEEP
707,B10000*,00300,00300,EQUIPMENT
707,B10000*,00300,00800,COSTS
707,B10000*,00400,00200,SQUARE
707,B10000*,00400,00300,DOLLAR
707,B10000*,00400,00400,ADJUST
707,B10000*,00400,00500,COSTED
707,B10000*,00400,00800,NUMBER
707,B10000*,00400,01000,ACCUM
707,B10000*,00500,00200,FEET
707,B10000*,00500,00300,VALUE
707,B10000*,00500,00400,SALARIES
707,B10000*,00500,00500,REQUISIT
707,B10000*,00500,00800,ORGANS
707,B10000*,00500,01000,COSTS
707,B10000*,00600,00200,1
707,B10000*,00600,00300,2
707,B10000*,00600,00400,3
707,B10000*,00600,00500,3
707,B10000*,00600,00800,3
707,B10000*,00600,01000,3
707,B100000,00000,01000,X
707,E000000,00900,00000,ESTIMATED THIRD PARTY RECEIVABLE
707,E000000,02600,00000,CONSTRUCTION WORK IN PROGRESS
707,E000000,03100,00000,OTHER
707,E000000,03900,00000,ESTIMATED THIRD PARTY SETTLEMENTS
707,E000000,04100,00000,ACCRUED INTEREST PAYABLE
707,E200000,01900,00000,LOAN FORGIVENESS PROCEEDS
707,E200000,02000,00000,MISCELLANEOUS REVENUE
707,E200000,02100,00000,GAIN ON DISPOSAL OF PP&E
707,E200000,02200,00000,UNREALIZED INVESTMENT GAIN
707,E200000,02600,00000,UNREALIZED INVESTMENT LOSS
707,E200000,02700,00000,LOSS ON SALE OF ASSETS
707,E200000,02701,00000,INVESTMENT LOSS
707,S000000,00100,00100,X
707,S000000,00400,00100,2
707,S000000,00500,00100,11/27/2023
707,S000000,00600,00100,10001
707,S000000,00700,00100,N
707,S000000,00800,00100,N
707,S000000,00900,00100,10/09/2024
707,S000000,01000,00100,4
707,S000001,00100,00100,NEBRASKA ORGAN RECOVERY SYSTEM  INC.
707,S000001,00100,00200,28P001
707,S000001,00101,00100,3867 LEAVENWORTH STREET
707,S000001,00102,00100,OMAHA
707,S000001,00102,00200,NE
707,S000001,00102,00300,68105
707,S000001,00300,00100,07/01/2022
707,S000001,00300,00200,06/30/2023
707,S000001,00400,00100,6
707,S000001,00400,00300,1
707,S000001,00400,00400,02/22/1979
707,S000001,00401,00300,1
707,S100001,00700,00100,N
707,S100001,00810,00000,INTESTINE
707,S100001,00811,00000,OTHER TISSUE
707,S100003,00100,00100,MEDICAL DIRECTOR
707,S100003,00100,00300,MEDICAL DIRECTOR
707,S100003,00100,00500,LAB DIRECTOR
707,S100003,00101,00100,EXEC. DIRECTOR
707,S100003,00101,00300,PROCUREMENT COORDINATOR
707,S100003,00101,00500,TECHNICIANS
707,S100003,00102,00100,CLERICAL
707,S100003,00102,00300,PRESERVATION TECHNICIANS
707,S100003,00102,00500,TISSUE TYPING TECH.
707,S100003,00103,00100,OTHER
707,S100003,00103,00300,OTHER SUPPORT
707,S100003,00103,00500,OTHER
707,S200000,00100,00100,N
707,S200000,00200,00100,N
707,S200000,00300,00100,N
707,S200000,00400,00100,Y
707,S200000,00400,00200,A
707,S200000,00400,00300,10/31/2023
707,S200000,00500,00100,N
707,S200000,00600,00300,PARTNER
707,S200000,00700,00100,EIDE BAILLY
708,A000000,00100,00000,0100CAPITAL COSTS-BLDG & FIXT
708,A000000,00200,00000,0200CAPITAL COSTS-MVBLE EQUIPMENT
708,A000000,00300,00000,0300EMPLOYEE BENEFITS
708,A000000,00400,00000,0400ADMINISTRATIVE & GENERAL
708,A000000,00500,00000,0500OPERATION AND MAINTENANCE OF PLANT
708,A000000,00600,00000,0600HOUSEKEEPING
708,A000000,00700,00000,0700MEDICAL SUPPLIES
708,A000000,00800,00000,0800OTHER OVERHEAD
708,A000000,00900,00000,0900PROCUREMENT COORDINATORS
708,A000000,01000,00000,1000PROFESSIONAL EDUCATION
708,A000000,01100,00000,1100PUBLIC EDUCATION
708,A000000,01200,00000,1200OTHER ACQUISITION
708,A000000,01300,00000,1300KIDNEY ACQUISITIONS
708,A000000,01400,00000,1400TISSUE TYPING LABORATORY
708,A000000,01500,00000,1500LIVER ACQUISITIONS
708,A000000,01600,00000,1600HEART ACQUISITIONS
708,A000000,01700,00000,1700PANCREAS ACQUISITIONS
708,A000000,01800,00000,1800LUNG ACQUISITIONS
708,A000000,01900,00000,1900OTHER ACQUISITIONS
708,A000000,02100,00000,2100RESEARCH
708,A000000,02200,00000,2200BLOOD BANK
708,A000000,02300,00000,2300LABORATORY-NON-TISSUE TYPING
708,A000000,02400,00000,2400DIALYSIS UNITS
708,A000000,02500,00000,2500OTHER NON-REIMBURSABLE
708,A100000,01700,00000,REPAIRS & MAINTENANCE
708,A100000,01800,00000,VEHICLES
708,A100000,01900,00000,DEVELOPMENT
708,A100000,01901,00000,FUNDRAISING
708,A100000,01902,00000,SERVICE CHARGES
708,A100000,01903,00000,PROECESS IMPROVEMENT
708,A100000,01904,00000,CENTRAL OFFICE
708,A100000,01905,00000,PROFESSIONAL SERVICES
708,A100000,01906,00000,ADMINISTRATION
708,A100000,01908,00000,OTHER
708,A300000,00600,00000,SUPPLIES
708,A300000,00700,00000,CELL PHONE
708,A300000,00800,00000,PURCHASED SERVICES
708,A300000,00900,00000,DUES/SUBSCRIPTIONS
708,A300000,01000,00000,TRAVEL/MEETINGS
708,A300000,01001,00000,INSURANCE
708,A300000,01002,00000,OTHER EXPENSES
708,A500010,01300,00100,A
708,A500010,01300,00300,CAPITAL COSTS-BLDG & FIXT
708,A51000A,00100,00100,Y
708,A51000B,00100,00200,TISSUE TYPING LABORATORY
708,A51000B,00100,00300,HOME OFFICE
708,A51000B,00200,00200,TISSUE TYPING LABORATORY
708,A51000B,00200,00300,HOME OFFICE
708,A51000B,00300,00200,TISSUE TYPING LABORATORY
708,A51000B,00300,00300,OCCUPANCY
708,A51000B,00400,00200,BLOOD BANK
708,A51000B,00400,00300,OCCUPANCY
708,A51000B,00401,00200,TISSUE TYPING LABORATORY
708,A51000B,00401,00300,EXECUTIVE DIRECTOR
708,A51000C,00100,00100,B
708,A51000C,00100,00400,VITALANT
708,A51000C,00100,00600,NON-PROFIT CORPORATION
708,A60000A,00700,00000,LEASEHOLD IMPROVEMENTS
708,A60000B,00800,00000,OTHER
708,A60000C,00500,00100,N
708,B10000*,00100,00200,CAP BLDG
708,B10000*,00100,00300,CAP COSTS
708,B10000*,00100,00400,EMPLOYEE
708,B10000*,00100,00500,MEDICAL
708,B10000*,00100,00800,ORGAN
708,B10000*,00100,01000,ADMIN &
708,B10000*,00200,00200,OP PLANT &
708,B10000*,00200,00300,MOVABLE
708,B10000*,00200,00400,BENEFITS
708,B10000*,00200,00500,SUPPLIES
708,B10000*,00200,00800,ACQUISITN
708,B10000*,00200,01000,GENERAL
708,B10000*,00300,00200,HOUSEKEEP
708,B10000*,00300,00300,EQUIPMENT
708,B10000*,00300,00800,COSTS
708,B10000*,00400,00200,SQUARE
708,B10000*,00400,00300,DOLLAR
708,B10000*,00400,00400,ADJUST
708,B10000*,00400,00500,COSTED
708,B10000*,00400,00800,NUMBER
708,B10000*,00400,01000,ACCUM
708,B10000*,00500,00200,FEET
708,B10000*,00500,00300,VALUE
708,B10000*,00500,00400,SALARIES
708,B10000*,00500,00500,REQUISIT
708,B10000*,00500,00800,ORGANS
708,B10000*,00500,01000,COSTS
708,B10000*,00600,00200,1
708,B10000*,00600,00300,2
708,B10000*,00600,00400,3
708,B10000*,00600,00500,3
708,B10000*,00600,00800,3
708,B10000*,00600,01000,3
708,B100000,00000,01000,X
708,E000000,00900,00000,RESTRICTED CASH
708,E000000,02600,00000,PROPERTY & EQUIPMENT - NET
708,E000000,03100,00000,OTHER
708,E000000,03900,00000,RETIREMENT PLAN LIABILITY
708,E000000,04100,00000,OTHER CURRENT ACCRUED EXPENSES
708,E000000,04600,00000,OTHER LONG TERM LIABILITIES
708,E000000,04700,00000,ACCRUED PENSION & DEFERRED COMPENSAT
708,E000000,04800,00000,ACCRUED POST RETIREMENT HEALTH BENEF
708,E100001,00700,00000,NMDP
708,E200000,01500,00000,MISCELLANEOUS
708,E200000,01600,00000,INTEREST INCOME
708,S000000,00100,00100,X
708,S000000,00400,00100,2
708,S000000,00500,00100,05/30/2023
708,S000000,00600,00100,10001
708,S000000,00700,00100,N
708,S000000,00800,00100,N
708,S000000,00900,00100,10/10/2024
708,S000000,01000,00100,4
708,S000001,00100,00100,VITALANT
708,S000001,00100,00200,05HL04
708,S000001,00101,00100,10536 PETER A MCCUEN BLVD
708,S000001,00102,00100,MATHER
708,S000001,00102,00200,CA
708,S000001,00102,00300,95655
708,S000001,00300,00100,01/01/2022
708,S000001,00300,00200,12/31/2022
708,S000001,00400,00100,2
708,S000001,00400,00300,2
708,S000001,00400,00400,01/01/1986
708,S000001,00401,00300,1
708,S100001,00700,00100,N
708,S100001,00810,00000,OTHER
708,S100002,00400,00100,AB LS CLASS I
708,S100002,00401,00100,AB LS CLASS II
708,S100002,00402,00100,AB SCN CLASS I ONLY
708,S100002,00403,00100,AB SCN CLASS II ONLY
708,S100002,00404,00100,AB SCN I+II
708,S100002,00405,00100,ADS TREATMENT
708,S100002,00406,00100,BUCCAL SWAB EXTRACTION
708,S100002,00407,00100,FXM-AUTO
708,S100002,00408,00100,FXM-CAD FINAL
708,S100002,00409,00100,FXM-CAD FINAL
708,S100002,00410,00100,HL HLA FLOW CROSSMATCH
708,S100002,00411,00100,HL HLA A B C DR DQ DP IR
708,S100002,00412,00100,HL DECEASED DONOR WORKUP FEE
708,S100002,00413,00100,HL STAT CHARGE AFTER HOURS
708,S100002,00414,00100,HL OVERNIGHT CARRIER
708,S100002,00415,00100,HIRES HLA-B
708,S100002,00416,00100,HIRES HLA-C
708,S100002,00417,00100,HIRES HLA-DR
708,S100002,00418,00100,HIRES HLA-DQ
708,S100002,00419,00100,HIRES HLA-DP
708,S100002,00420,00100,DTT TREATMENT
708,S100002,00421,00100,RT-PCR CLASS I
708,S100002,00422,00100,RT-PCR CLASS II
708,S100002,00423,00100,RT-PCR COMB
708,S100002,00424,00100,RT-PCR STAT TRAY
708,S100002,00425,00100,SERUMPROCESSING
708,S100002,00426,00100,SERUM PROCESSING
708,S100002,00430,00100,SMF COURIER
708,S100002,00431,00100,SO 1ST KIT
708,S100002,00432,00100,SO 2ND CLOT
708,S100002,00433,00100,SO ADDITIONAL ACD
708,S100002,00434,00100,SO DONOR
708,S100002,00435,00100,SO DONOR ACD
708,S100002,00436,00100,SO DONOR SWABS
708,S100002,00437,00100,SO REACTIVATION CLOT
708,S100002,00438,00100,SO UNACCEPTABLE CLOT
708,S100002,00439,00100,VXM
708,S100003,00100,00100,MEDICAL DIRECTOR
708,S100003,00100,00300,MEDICAL DIRECTOR
708,S100003,00100,00500,LAB DIRECTOR
708,S100003,00101,00100,EXEC. DIRECTOR
708,S100003,00101,00300,PROCUREMENT COORDINATOR
708,S100003,00101,00500,TECHNICIANS
708,S100003,00102,00100,CLERICAL
708,S100003,00102,00300,PRESERVATION TECHNICIANS
708,S100003,00102,00500,TISSUE TYPING TECH.
708,S100003,00103,00100,OTHER
708,S100003,00103,00300,OTHER
708,S100003,00103,00500,OTHER
708,S200000,00100,00100,N
708,S200000,00200,00100,N
708,S200000,00300,00100,Y
708,S200000,00400,00100,Y
708,S200000,00400,00200,A
708,S200000,00500,00100,Y
708,S200000,00600,00300,DIRECTOR
708,S200000,00700,00100,VITALANT
709,A000000,00100,00000,0100CAPITAL COSTS-BLDG & FIXT
709,A000000,00200,00000,0200CAPITAL COSTS-MVBLE EQUIPMENT
709,A000000,00300,00000,0300EMPLOYEE BENEFITS
709,A000000,00400,00000,0400ADMINISTRATIVE & GENERAL
709,A000000,00500,00000,0500OPERATION AND MAINTENANCE OF PLANT
709,A000000,00600,00000,0600HOUSEKEEPING
709,A000000,00700,00000,0700MEDICAL SUPPLIES
709,A000000,00800,00000,0800OTHER OVERHEAD
709,A000000,00900,00000,0900PROCUREMENT COORDINATORS
709,A000000,01000,00000,1000PROFESSIONAL EDUCATION
709,A000000,01100,00000,1100PUBLIC EDUCATION
709,A000000,01200,00000,1200OTHER ACQUISITION
709,A000000,01300,00000,1300KIDNEY ACQUISITIONS
709,A000000,01400,00000,1400TISSUE TYPING LABORATORY
709,A000000,01500,00000,1500LIVER ACQUISITIONS
709,A000000,01600,00000,1600HEART ACQUISITIONS
709,A000000,01700,00000,1700PANCREAS ACQUISITIONS
709,A000000,01800,00000,1800LUNG ACQUISITIONS
709,A000000,01900,00000,1900SMALL BOWELS
709,A000000,01901,00000,1901ISLETT CELLS
709,A000000,01902,00000,1902HEART VALVE ACQUISITIONS
709,A000000,01903,00000,1903HEART/LUNG ACQUISITIONS
709,A000000,02100,00000,2100RESEARCH
709,A000000,02200,00000,2200BLOOD BANK
709,A000000,02300,00000,2300LABORATORY-NON-TISSUE TYPING
709,A000000,02400,00000,2400DIALYSIS UNITS
709,A000000,02500,00000,2500TISSUE RECOVERY
709,A000000,02501,00000,2501RECOVERY FACILITY - LOWRY
709,A000000,02502,00000,2502FOUNDATION
709,A000000,02503,00000,2503SPRUCE PROPERTY MANAGEMENT
709,A100000,01700,00000,EMPLOYEE BENEFITS
709,A100000,01800,00000,PAYROLL TAXES
709,A100000,01900,00000,HIRING EXPENSE
709,A100000,01901,00000,REPAIRS / MAINTENANCE / LEASES
709,A100000,01902,00000,TEMPORARY SERVICES
709,A100000,01903,00000,DEPRECIATION
709,A100000,01904,00000,DUES & SUBSCRIPTIONS
709,A100000,01905,00000,CONSULTING FEES
709,A100000,01906,00000,UTILITIES
709,A100000,01907,00000,CONTRACT LABOR
709,A100000,01908,00000,GRANTMAKING
709,A100000,01909,00000,CASE RELATED TRAVEL
709,A20H000,02100,00000,OTHER COSTS
709,A20H000,02101,00000,RADIOLOGY
709,A20H000,02102,00000,CARDIOLOGY
709,A20K000,02100,00000,OTHER COSTS
709,A20K000,02101,00000,RADIOLOGY
709,A20K000,02102,00000,CARDIOLOGY
709,A20L000,00900,00000,OTHER EXCISION HOSPITAL COSTS
709,A20L000,02100,00000,OTHER COSTS
709,A20L000,02101,00000,RADIOLOGY
709,A20L000,02102,00000,CARDIOLOGY
709,A20O000,02100,00000,OTHER COSTS
709,A20O000,02101,00000,RADIOLOGY
709,A20O000,02102,00000,CARDIOLOGY
709,A20P000,00900,00000,OTHER EXCISION HOSPITAL COSTS
709,A20P000,02100,00000,OTHER COSTS
709,A20P000,02101,00000,RADIOLOGY
709,A20P000,02102,00000,CARDIOLOGY
709,A20U000,02100,00000,OTHER COSTS
709,A20U000,02101,00000,RADIOLOGY
709,A20U000,02102,00000,CARDIOLOGY
709,A400010,00100,00000,RECOVERY CENTER
709,A400010,00100,00100,A
709,A400010,00100,00200,TISSUE RECOVERY
709,A400010,00100,00500,RECOVERY FACILITY - LOWRY
709,A400010,00200,00000,RECOVERY CENTER
709,A400010,00200,00100,A
709,A400010,00200,00200,PROCUREMENT COORDINATORS
709,A400010,00300,00000,RECOVERY CENTER
709,A400010,00300,00100,A
709,A400010,00300,00200,ADMINISTRATIVE & GENERAL
709,A400010,00400,00000,REPAIRS
709,A400010,00400,00100,C
709,A400010,00400,00200,OPERATION AND MAINTENANCE OF PLANT
709,A400010,00400,00500,ADMINISTRATIVE & GENERAL
709,A400010,00500,00000,REPAIRS
709,A400010,00500,00100,C
709,A400010,00500,00500,PROCUREMENT COORDINATORS
709,A400010,00600,00000,REPAIRS
709,A400010,00600,00100,C
709,A400010,00600,00500,TISSUE RECOVERY
709,A400010,00700,00000,CAPITAL COSTS
709,A400010,00700,00100,D
709,A400010,00700,00200,CAPITAL COSTS-BLDG & FIXT
709,A400010,00700,00500,ADMINISTRATIVE & GENERAL
709,A400010,00800,00000,CAPITAL COSTS
709,A400010,00800,00100,D
709,A400010,00800,00200,CAPITAL COSTS-MVBLE EQUIPMENT
709,A400010,00800,00500,PROCUREMENT COORDINATORS
709,A400010,00900,00000,CAPITAL COSTS
709,A400010,00900,00100,D
709,A400010,00900,00500,TISSUE RECOVERY
709,A400010,01000,00000,CAPITAL COSTS
709,A400010,01000,00100,D
709,A400010,01000,00500,RECOVERY FACILITY - LOWRY
709,A400010,01100,00000,ADMIN ASSISTANT
709,A400010,01100,00100,G
709,A400010,01100,00200,PROCUREMENT COORDINATORS
709,A400010,01100,00500,ADMINISTRATIVE & GENERAL
709,A400010,01200,00000,FAMILY SERVICES
709,A400010,01200,00100,H
709,A400010,01200,00200,TISSUE RECOVERY
709,A400010,01200,00500,PROCUREMENT COORDINATORS
709,A400010,01300,00000,FAMILY SERVICES
709,A400010,01300,00100,H
709,A400010,01300,00200,OTHER ACQUISITION
709,A400010,01400,00000,TISSUE RECOVERY OH
709,A400010,01400,00100,I
709,A400010,01400,00200,TISSUE RECOVERY
709,A400010,01400,00500,PROFESSIONAL EDUCATION
709,A400010,01500,00000,TISSUE RECOVERY OH
709,A400010,01500,00100,I
709,A400010,01500,00500,PUBLIC EDUCATION
709,A400010,01600,00000,200 SPRUCE
709,A400010,01600,00100,J
709,A400010,01600,00200,CAPITAL COSTS-BLDG & FIXT
709,A400010,01600,00500,SPRUCE PROPERTY MANAGEMENT
709,A400010,01700,00000,TO ADJUST TISSUE RECLASS
709,A400010,01700,00100,K
709,A400010,01700,00200,PROCUREMENT COORDINATORS
709,A400010,01700,00500,TISSUE RECOVERY
709,A400010,01800,00000,TO ADJUST TISSUE RECLASS
709,A400010,01800,00100,K
709,A400010,01800,00200,PROCUREMENT COORDINATORS
709,A400010,01800,00500,OTHER ACQUISITION
709,A500010,00800,00100,B
709,A500010,00800,00300,PROCUREMENT COORDINATORS
709,A500010,01200,00100,B
709,A500010,01200,00300,SPRUCE PROPERTY MANAGEMENT
709,A500010,01500,00000,STAFF EXPENSE
709,A500010,01500,00100,A
709,A500010,01500,00300,ADMINISTRATIVE & GENERAL
709,A500010,01501,00000,STAFF EXPENSE
709,A500010,01501,00100,A
709,A500010,01501,00300,PROCUREMENT COORDINATORS
709,A500010,01502,00000,STAFF EXPENSE
709,A500010,01502,00100,A
709,A500010,01502,00300,PROFESSIONAL EDUCATION
709,A500010,01503,00000,STAFF EXPENSE
709,A500010,01503,00100,A
709,A500010,01503,00300,PUBLIC EDUCATION
709,A500010,01504,00000,STAFF EXPENSE
709,A500010,01504,00100,A
709,A500010,01504,00300,TISSUE RECOVERY
709,A500010,01505,00000,CONTRIBUTION EXPENSE
709,A500010,01505,00100,A
709,A500010,01505,00300,ADMINISTRATIVE & GENERAL
709,A500010,01506,00000,LOBBYING EXPENSE
709,A500010,01506,00100,A
709,A500010,01506,00300,ADMINISTRATIVE & GENERAL
709,A500010,01507,00000,LOBBYING EXPENSE - AOPO
709,A500010,01507,00100,A
709,A500010,01507,00300,ADMINISTRATIVE & GENERAL
709,A500010,01508,00000,NON REIMB. MEDICARE COSTS
709,A500010,01508,00100,A
709,A500010,01508,00300,PROCUREMENT COORDINATORS
709,A500010,01509,00000,NON REIMB. MEDICARE COSTS
709,A500010,01509,00100,A
709,A500010,01509,00300,PROFESSIONAL EDUCATION
709,A500010,01510,00000,NON REIMB. MEDICARE COSTS
709,A500010,01510,00100,A
709,A500010,01510,00300,PUBLIC EDUCATION
709,A500010,01511,00000,NON REIMB. MEDICARE COSTS
709,A500010,01511,00100,A
709,A500010,01511,00300,TISSUE RECOVERY
709,A500010,01512,00000,NON REIMB. MEDICARE COSTS
709,A500010,01512,00100,A
709,A500010,01512,00300,ADMINISTRATIVE & GENERAL
709,A500010,01513,00000,SPONSORSHIPS
709,A500010,01513,00100,A
709,A500010,01513,00300,ADMINISTRATIVE & GENERAL
709,A500010,01514,00000,SPONSORSHIPS
709,A500010,01514,00100,A
709,A500010,01514,00300,PROFESSIONAL EDUCATION
709,A500010,01515,00000,SPONSORSHIPS
709,A500010,01515,00100,A
709,A500010,01515,00300,PUBLIC EDUCATION
709,A500010,01516,00000,DAI EVENTS
709,A500010,01516,00100,A
709,A500010,01516,00300,PUBLIC EDUCATION
709,A500010,01517,00000,OFFSET DLO; TRANSPLANTE SCIENCE EXP
709,A500010,01517,00100,A
709,A500010,01517,00300,PUBLIC EDUCATION
709,A500010,01518,00000,RELATED PARTY COST ADJUSTMENT
709,A500010,01518,00100,A
709,A500010,01518,00300,CAPITAL COSTS-BLDG & FIXT
709,A500010,01519,00000,RELATED PARTY COST ADJUSTMENT
709,A500010,01519,00100,A
709,A500010,01519,00300,SPRUCE PROPERTY MANAGEMENT
709,A500010,01520,00000,OFFSET LIVING DONOR EXCHANGE PROGRAM
709,A500010,01520,00100,B
709,A500010,01520,00300,PROCUREMENT COORDINATORS
709,A500010,01601,00000,MISC INCOME TRANSPORT EXPENSE
709,A500010,01601,00100,A
709,A500010,01601,00300,KIDNEY ACQUISITIONS
709,A51000A,00100,00100,N
709,A60000C,00500,00100,N
709,B10000*,00100,00200,CAP BLDG
709,B10000*,00100,00300,CAP COSTS
709,B10000*,00100,00400,EMPLOYEE
709,B10000*,00100,00500,MEDICAL
709,B10000*,00100,00800,ORGAN
709,B10000*,00100,01000,ADMIN &
709,B10000*,00200,00200,OP PLANT &
709,B10000*,00200,00300,MOVABLE
709,B10000*,00200,00400,BENEFITS
709,B10000*,00200,00500,SUPPLIES
709,B10000*,00200,00800,ACQUISITN
709,B10000*,00200,01000,GENERAL
709,B10000*,00300,00200,HOUSEKEEP
709,B10000*,00300,00300,EQUIPMENT
709,B10000*,00300,00800,COSTS
709,B10000*,00400,00200,SQUARE
709,B10000*,00400,00300,SQUARE
709,B10000*,00400,00400,ADJUST
709,B10000*,00400,00500,COSTED
709,B10000*,00400,00800,NUMBER
709,B10000*,00400,01000,ACCUM
709,B10000*,00500,00200,FEET
709,B10000*,00500,00300,FEET
709,B10000*,00500,00400,SALARIES
709,B10000*,00500,00500,REQUISIT
709,B10000*,00500,00800,ORGANS
709,B10000*,00500,01000,COSTS
709,B10000*,00600,00200,1
709,B10000*,00600,00300,2
709,B10000*,00600,00400,3
709,B10000*,00600,00500,3
709,B10000*,00600,00800,3
709,B10000*,00600,01000,3
709,B100000,00000,01000,X
709,E000000,00900,00000,OTHER CURRENT ASSETS
709,E000000,02600,00000,CIP
709,E000000,03100,00000,INTEREST IN NET ASSETS OF AFFILIATES
709,E000000,03900,00000,OTHER LIABILITIES
709,E100001,00700,00000,TISSURE RECOVERY FEES
709,E200000,01500,00000,CAM INCOME
709,E200000,01600,00000,CHANGE IN NET ASSETS OF AFFILIATE
709,E200000,02000,00000,ROUNDING TO AFS
709,E200000,02100,00000,RESTR CONTRIBUTIONS ORGAN/TISSUE
709,E200000,02200,00000,LIVING DONOR EXCHANGE INCOME
709,E200000,02300,00000,GAIN ON DISPOSAL OF ASSETS
709,E200000,02600,00000,ROUNDING TO AFS
709,S000000,00100,00100,X
709,S000000,00400,00100,2
709,S000000,00500,00100,05/30/2023
709,S000000,00600,00100,10001
709,S000000,00700,00100,N
709,S000000,00800,00100,N
709,S000000,00900,00100,10/10/2024
709,S000000,01000,00100,4
709,S000001,00100,00100,DONOR ALLIANCE
709,S000001,00100,00200,06P001
709,S000001,00101,00100,200 SPRUCE ST  SUITE 200
709,S000001,00102,00100,DENVER
709,S000001,00102,00200,CO
709,S000001,00102,00300,80230
709,S000001,00300,00100,01/01/2022
709,S000001,00300,00200,12/31/2022
709,S000001,00400,00100,6
709,S000001,00400,00300,1
709,S000001,00400,00400,11/07/1985
709,S000001,00401,00300,1
709,S100001,00700,00100,N
709,S100001,00810,00000,SMALL BOWEL
709,S100003,00100,00100,MEDICAL DIRECTOR
709,S100003,00100,00300,MEDICAL DIRECTOR
709,S100003,00100,00500,LAB DIRECTOR
709,S100003,00101,00100,EXEC. DIRECTOR
709,S100003,00101,00300,PROCUREMENT COORDINATOR
709,S100003,00101,00500,TECHNICIANS
709,S100003,00102,00100,CLERICAL
709,S100003,00102,00300,PRESERVATION TECHNICIANS
709,S100003,00102,00500,TISSUE TYPING TECH.
709,S100003,00103,00100,OTHER ADMIN
709,S100003,00103,00300,TISSUE EMPLOYEES
709,S100003,00103,00500,OTHER
709,S200000,00100,00100,N
709,S200000,00200,00100,N
709,S200000,00300,00100,N
709,S200000,00400,00100,Y
709,S200000,00400,00200,A
709,S200000,00500,00100,N
709,S200000,00600,00300,PARTNER
709,S200000,00700,00100,PLANTE & MORAN  PLLC
710,A000000,00100,00000,0100CAPITAL COSTS-BLDG & FIXT
710,A000000,00200,00000,0200CAPITAL COSTS-MVBLE EQUIPMENT
710,A000000,00300,00000,0300EMPLOYEE BENEFITS
710,A000000,00400,00000,0400ADMINISTRATIVE & GENERAL
710,A000000,00500,00000,0500OPERATION AND MAINTENANCE OF PLANT
710,A000000,00600,00000,0600HOUSEKEEPING
710,A000000,00700,00000,0700MEDICAL SUPPLIES
710,A000000,00800,00000,0800OTHER OVERHEAD
710,A000000,00900,00000,0900PROCUREMENT COORDINATORS
710,A000000,01000,00000,1000PROFESSIONAL EDUCATION
710,A000000,01100,00000,1100PUBLIC EDUCATION
710,A000000,01200,00000,1200CALL CENTER
710,A000000,01300,00000,1300KIDNEY ACQUISITIONS
710,A000000,01400,00000,1400TISSUE TYPING LABORATORY
710,A000000,01500,00000,1500LIVER ACQUISITIONS
710,A000000,01600,00000,1600HEART ACQUISITIONS
710,A000000,01700,00000,1700PANCREAS ACQUISITIONS
710,A000000,01800,00000,1800LUNG ACQUISITIONS
710,A000000,01900,00000,1900INTESTINE          (WKST A2 6 L 23
710,A000000,02100,00000,2100RESEARCH
710,A000000,02200,00000,2200BLOOD BANK
710,A000000,02300,00000,2300LABORATORY-NON-TISSUE TYPING
710,A000000,02400,00000,2400DIALYSIS UNITS
710,A000000,02500,00000,2500TISSUE
710,A100000,01700,00000,MEMBERSHIP DUES
710,A100000,01800,00000,MISCELLANEOUS ADMINISTRATIVE
710,A100000,01900,00000,PENSION CONTRIBUTIONS
710,A100000,01901,00000,CALL CENTER
710,A20H000,00900,00000,ACCRUED EXPENSES
710,A20K000,00900,00000,ACCRUED EXPENSES
710,A20L000,00900,00000,ACCRUED EXPENSES
710,A20O000,00900,00000,ACCRUED EXPENSES
710,A20O000,02100,00000,TISSUE INDIRECT COST
710,A20O000,02101,00000,TISSUE ADMINISTRATIVE & GENERAL
710,A20O000,02102,00000,OTHER TISSUE ACQ. COSTS-PURCH BONE
710,A20P000,00900,00000,ACCRUED EXPENSES
710,A20U000,00900,00000,ACCRUED EXPENSES
710,A400010,00100,00000,RE-ALLOCATE RENT EXPENSE
710,A400010,00100,00100,A
710,A400010,00100,00200,CAPITAL COSTS-BLDG & FIXT
710,A400010,00100,00500,ADMINISTRATIVE & GENERAL
710,A400010,00200,00000,RECLASS EMPLOYEE GROUP INSURANCE
710,A400010,00200,00100,B
710,A400010,00200,00200,EMPLOYEE BENEFITS
710,A400010,00200,00500,ADMINISTRATIVE & GENERAL
710,A400010,00300,00000,RECLASS PAYROLL TAX - ORGAN
710,A400010,00300,00100,D
710,A400010,00300,00200,EMPLOYEE BENEFITS
710,A400010,00300,00500,PROCUREMENT COORDINATORS
710,A400010,00400,00000,RECLASS PAYROLL TAX - TISSUE
710,A400010,00400,00100,E
710,A400010,00400,00200,EMPLOYEE BENEFITS
710,A400010,00400,00500,TISSUE
710,A400010,00500,00000,RECLASS EQUIPMENT RENTAL
710,A400010,00500,00100,G
710,A400010,00500,00200,ADMINISTRATIVE & GENERAL
710,A400010,00500,00500,CAPITAL COSTS-MVBLE EQUIPMENT
710,A400010,00600,00000,TISSUE ALLOCATION
710,A400010,00600,00100,H
710,A400010,00600,00200,TISSUE
710,A400010,00600,00500,PROCUREMENT COORDINATORS
710,A400010,00700,00000,TISSUE ALLOCATION
710,A400010,00700,00100,H
710,A400010,00700,00500,PROFESSIONAL EDUCATION
710,A400010,00800,00000,TISSUE ALLOCATION
710,A400010,00800,00100,H
710,A400010,00800,00500,PUBLIC EDUCATION
710,A400010,00900,00000,INTEREST EXPENSE
710,A400010,00900,00100,J
710,A400010,00900,00200,CAPITAL COSTS-BLDG & FIXT
710,A400010,00900,00500,ADMINISTRATIVE & GENERAL
710,A500010,00700,00100,B
710,A500010,00700,00300,CAPITAL COSTS-BLDG & FIXT
710,A500010,00800,00100,B
710,A500010,00800,00300,PROCUREMENT COORDINATORS
710,A500010,01200,00100,B
710,A500010,01200,00300,CAPITAL COSTS-BLDG & FIXT
710,A500010,01501,00000,FUNDRAISING
710,A500010,01501,00100,B
710,A500010,01501,00300,PUBLIC EDUCATION
710,A500010,01600,00000,NONALLOWABLE EXPENSES
710,A500010,01600,00100,A
710,A500010,01600,00300,ADMINISTRATIVE & GENERAL
710,A51000A,00100,00100,N
710,A60000A,00700,00000,LEASEHOLD IMPROVEMENTS
710,A60000A,00701,00000,CIP
710,A60000B,00800,00000,LEASEHOLD IMPROVEMENTS
710,A60000C,00500,00100,N
710,B10000*,00100,00200,CAP BLDG
710,B10000*,00100,00300,CAP COSTS
710,B10000*,00100,00400,EMPLOYEE
710,B10000*,00100,00500,MEDICAL
710,B10000*,00100,00800,ORGAN
710,B10000*,00100,01000,ADMIN &
710,B10000*,00200,00200,OP PLANT &
710,B10000*,00200,00300,MOVABLE
710,B10000*,00200,00400,BENEFITS
710,B10000*,00200,00500,SUPPLIES
710,B10000*,00200,00800,ACQUISITN
710,B10000*,00200,01000,GENERAL
710,B10000*,00300,00200,HOUSEKEEP
710,B10000*,00300,00300,EQUIPMENT
710,B10000*,00300,00800,COSTS
710,B10000*,00400,00200,SQUARE SQ.
710,B10000*,00400,00300,DOLLAR
710,B10000*,00400,00400,ADJUST
710,B10000*,00400,00500,COSTED REQ
710,B10000*,00400,00800,NO. OF ORG
710,B10000*,00400,01000,ACCUM
710,B10000*,00500,00200,FT.)
710,B10000*,00500,00300,VALUE
710,B10000*,00500,00400,SALARIES
710,B10000*,00500,00500,UIS
710,B10000*,00500,00800,ANS
710,B10000*,00500,01000,COSTS
710,B10000*,00600,00200,1
710,B10000*,00600,00300,2
710,B10000*,00600,00400,3
710,B10000*,00600,00500,3
710,B10000*,00600,00800,3
710,B10000*,00600,01000,3
710,B100000,00000,01000,X
710,E000000,00900,00000,OTHER CURRENT ASSETS
710,E000000,02600,00000,CONSTRUCTION IN PROGRESS
710,E000000,03100,00000,CAPITALIZED LEASE ASSETS
710,E000000,03900,00000,CAPITALIZED LEASE LIABILITIES
710,E000000,04600,00000,CAPITALIZED LEASE LIABILITIES
710,E200000,01500,00000,FUNDRAISING
710,E200000,01600,00000,MISCELLANEOUS
710,E200000,01700,00000,RECEIVED FROM CMS
710,E200000,02000,00000,GAIN/ LOSS
710,E200000,02100,00000,PPP REVENUE
710,E200000,02200,00000,CMS RECEIVABLE AND OTHER INCOME
710,E200000,02600,00000,GAIN/LOSS
710,E200000,02700,00000,LOSS FROM INVESTMENTS
710,S000000,00100,00100,X
710,S000000,00400,00100,2
710,S000000,00500,00100,05/30/2023
710,S000000,00600,00100,10001
710,S000000,00700,00100,N
710,S000000,00800,00100,N
710,S000000,00900,00100,10/10/2024
710,S000000,01000,00100,4
710,S000001,00100,00100,LOUISIANA ORGAN PROCUREMENT AGENCY
710,S000001,00100,00200,19P001
710,S000001,00101,00100,68190 HWY 190 SERVICE ROAD
710,S000001,00102,00100,COVINGTON
710,S000001,00102,00200,LA
710,S000001,00102,00300,70433
710,S000001,00300,00100,01/01/2022
710,S000001,00300,00200,12/31/2022
710,S000001,00400,00100,6
710,S000001,00400,00300,1
710,S000001,00400,00400,11/27/1987
710,S000001,00401,00300,1
710,S000002,00300,00100,CEO
710,S100001,00700,00100,N
710,S100001,00810,00000,INTESTINE
710,S100001,00811,00000,SAPH VEINS
710,S100003,00100,00100,MEDICAL DIRECTOR
710,S100003,00100,00300,MEDICAL DIRECTOR
710,S100003,00100,00500,LAB DIRECTOR
710,S100003,00101,00100,EXEC. DIRECTOR
710,S100003,00101,00300,PROCUREMENT COORDINATOR
710,S100003,00101,00500,TECHNICIANS
710,S100003,00102,00100,CLERICAL
710,S100003,00102,00300,PRESERVATION TECHNICIANS
710,S100003,00102,00500,TISSUE TYPING TECH.
710,S100003,00103,00100,OTHER
710,S100003,00103,00300,OTHER
710,S100003,00103,00500,OTHER
710,S200000,00100,00100,N
710,S200000,00200,00100,N
710,S200000,00300,00100,N
710,S200000,00400,00100,Y
710,S200000,00400,00200,A
710,S200000,00500,00100,N
710,S200000,00600,00300,COO
710,S200000,00700,00100,LOUISIANA ORGAN PROCUREMENT AGENCY
711,A000000,00100,00000,0100CAPITAL COSTS-BLDG & FIXT
711,A000000,00200,00000,0200CAPITAL COSTS-MVBLE EQUIPMENT
711,A000000,00300,00000,0300EMPLOYEE BENEFITS
711,A000000,00400,00000,0400ADMINISTRATIVE & GENERAL
711,A000000,00500,00000,0500OPERATION AND MAINTENANCE OF PLANT
711,A000000,00600,00000,0600HOUSEKEEPING
711,A000000,00700,00000,0700MEDICAL SUPPLIES
711,A000000,00800,00000,0800OTHER OVERHEAD
711,A000000,00900,00000,0900PROCUREMENT COORDINATORS
711,A000000,01000,00000,1000PROFESSIONAL EDUCATION
711,A000000,01100,00000,1100PUBLIC EDUCATION
711,A000000,01200,00000,1200OTHER ACQUISITION
711,A000000,01300,00000,1300KIDNEY ACQUISITIONS
711,A000000,01400,00000,1400TISSUE TYPING LABORATORY
711,A000000,01500,00000,1500LIVER ACQUISITIONS
711,A000000,01600,00000,1600HEART ACQUISITIONS
711,A000000,01700,00000,1700PANCREAS ACQUISITIONS
711,A000000,01800,00000,1800LUNG ACQUISITIONS
711,A000000,01900,00000,1900OTHER ACQUISITIONS
711,A000000,02100,00000,2100RESEARCH
711,A000000,02200,00000,2200BLOOD BANK
711,A000000,02300,00000,2300LABORATORY-NON-TISSUE TYPING
711,A000000,02400,00000,2400DIALYSIS UNITS
711,A000000,02500,00000,2500OTHER NON-REIMBURSABLE
711,A100000,01700,00000,AMORTIZATION - START UP COSTS
711,A300000,00600,00000,LAB SUPPLIES
711,A300000,00700,00000,LAB FEES
711,A300000,00800,00000,LAB EQUIPMENT
711,A300000,00900,00000,MEDICAL WASTE
711,A400010,00100,00000,RECLASS TISSUE TYPING EXPENSE
711,A400010,00100,00100,A
711,A400010,00100,00200,TISSUE TYPING LABORATORY
711,A400010,00100,00500,CAPITAL COSTS-BLDG & FIXT
711,A400010,00200,00000,RECLASS TISSUE TYPING EXPENSE
711,A400010,00200,00100,A
711,A400010,00200,00500,CAPITAL COSTS-MVBLE EQUIPMENT
711,A400010,00300,00000,RECLASS TISSUE TYPING EXPENSE
711,A400010,00300,00100,A
711,A400010,00300,00500,EMPLOYEE BENEFITS
711,A51000A,00100,00100,N
711,B10000*,00100,00200,CAP BLDG
711,B10000*,00100,00300,CAP COSTS
711,B10000*,00100,00400,EMPLOYEE
711,B10000*,00100,00500,MEDICAL
711,B10000*,00100,00800,ORGAN
711,B10000*,00100,01000,ADMIN &
711,B10000*,00200,00200,OP PLANT &
711,B10000*,00200,00300,MOVABLE
711,B10000*,00200,00400,BENEFITS
711,B10000*,00200,00500,SUPPLIES
711,B10000*,00200,00800,ACQUISITN
711,B10000*,00200,01000,GENERAL
711,B10000*,00300,00200,HOUSEKEEP
711,B10000*,00300,00300,EQUIPMENT
711,B10000*,00300,00800,COSTS
711,B10000*,00400,00200,SQUARE
711,B10000*,00400,00300,DOLLAR
711,B10000*,00400,00400,ADJUST
711,B10000*,00400,00500,COSTED
711,B10000*,00400,00800,NUMBER
711,B10000*,00400,01000,ACCUM
711,B10000*,00500,00200,FEET
711,B10000*,00500,00300,VALUE
711,B10000*,00500,00400,SALARIES
711,B10000*,00500,00500,REQUISIT
711,B10000*,00500,00800,ORGANS
711,B10000*,00500,01000,COSTS
711,B10000*,00600,00200,1
711,B10000*,00600,00300,2
711,B10000*,00600,00400,3
711,B10000*,00600,00500,3
711,B10000*,00600,00800,3
711,B10000*,00600,01000,3
711,B100000,00000,01000,X
711,E000000,00900,00000,OTHER CURRENT ASSETS
711,E000000,02600,00000,OTHER FIXED ASSETS
711,E000000,03100,00000,START-UP COSTS (NET)
711,S000000,00100,00100,X
711,S000000,00400,00100,2
711,S000000,00500,00100,05/31/2023
711,S000000,00600,00100,10001
711,S000000,00700,00100,N
711,S000000,00800,00100,N
711,S000000,00900,00100,10/11/2024
711,S000000,01000,00100,4
711,S000001,00100,00100,APPLIED IMMUNOGENETICS LABORATORY
711,S000001,00100,00200,21HL02
711,S000001,00101,00100,11419 CRONRIDGE DRVIE  STE 17
711,S000001,00102,00100,OWINGS MILL
711,S000001,00102,00200,MD
711,S000001,00102,00300,21117
711,S000001,00300,00100,01/01/2022
711,S000001,00300,00200,12/31/2022
711,S000001,00400,00100,3
711,S000001,00400,00300,2
711,S000001,00400,00400,11/20/2019
711,S000001,00401,00300,1
711,S000002,00300,00100,CEO
711,S100001,00700,00100,N
711,S100001,00810,00000,OTHER
711,S100002,00400,00100,DECEASED DONOR WORKUP
711,S100002,00401,00100,FLOW CYTOMETRY
711,S100002,00402,00100,LYMPHOCYTOTOXIC CROSSMATCH
711,S100002,00403,00100,SERUM STORAGE
711,S100002,00404,00100,STAT FEE FOR STAT TESTING
711,S100002,00405,00100,HLA CLASS II-DP TYPING
711,S100002,00406,00100,HLA CLASS I TYPING
711,S100002,00407,00100,HLA CLASS II TYPING
711,S100002,00408,00100,HLA ANTIBODY CLASS I
711,S100002,00409,00100,HLA ANTIBODY CLASS II
711,S100003,00100,00100,MEDICAL DIRECTOR
711,S100003,00100,00300,MEDICAL DIRECTOR
711,S100003,00100,00500,LAB DIRECTOR
711,S100003,00101,00100,EXEC. DIRECTOR
711,S100003,00101,00300,PROCUREMENT COORDINATOR
711,S100003,00101,00500,TECHNICIANS
711,S100003,00102,00100,CLERICAL
711,S100003,00102,00300,PRESERVATION TECHNICIANS
711,S100003,00102,00500,TISSUE TYPING TECH.
711,S100003,00103,00100,OTHER
711,S100003,00103,00300,OTHER
711,S100003,00103,00500,ADMIN
711,S200000,00100,00100,N
711,S200000,00200,00100,N
711,S200000,00300,00100,N
711,S200000,00400,00100,N
711,S200000,00500,00100,Y
711,S200000,00600,00300,DIRECTOR
711,S200000,00700,00100,SALTMARSH  CLEAVELAND & GUND
712,A000000,00100,00000,0100CAPITAL COSTS-BLDG & FIXT
712,A000000,00200,00000,0200CAPITAL COSTS-MVBLE EQUIPMENT
712,A000000,00300,00000,0300EMPLOYEE BENEFITS
712,A000000,00400,00000,0400ADMINISTRATIVE & GENERAL
712,A000000,00500,00000,0500OPERATION AND MAINTENANCE OF PLANT
712,A000000,00600,00000,0600HOUSEKEEPING
712,A000000,00700,00000,0700MEDICAL SUPPLIES
712,A000000,00800,00000,0800OTHER OVERHEAD
712,A000000,00900,00000,0900PROCUREMENT COORDINATORS
712,A000000,01000,00000,1000PROFESSIONAL EDUCATION
712,A000000,01100,00000,1100PUBLIC EDUCATION
712,A000000,01200,00000,1200OTHER ACQUISITION
712,A000000,01300,00000,1300KIDNEY ACQUISITIONS
712,A000000,01400,00000,1400TISSUE TYPING LABORATORY
712,A000000,01500,00000,1500LIVER ACQUISITIONS
712,A000000,01600,00000,1600HEART ACQUISITIONS
712,A000000,01700,00000,1700PANCREAS ACQUISITIONS
712,A000000,01800,00000,1800LUNG ACQUISITIONS
712,A000000,01900,00000,1900INTESTINE ACQUISITIONS
712,A000000,02100,00000,2100RESEARCH
712,A000000,02200,00000,2200BLOOD BANK
712,A000000,02300,00000,2300LABORATORY-NON-TISSUE TYPING
712,A000000,02400,00000,2400DIALYSIS UNITS
712,A000000,02500,00000,2500FUND RAISING/ADVANCEMENT
712,A000000,02501,00000,2501EYE ACQUISITION
712,A000000,02502,00000,2502TISSUE ACQUISITION
712,A100000,01700,00000,ENDOWMENT GRANTS
712,A100000,01800,00000,OTHER A&G
712,A20H000,00900,00000,HOSPITAL COSTS
712,A20K000,00900,00000,HOSPITAL COSTS
712,A20K000,02100,00000,KIDNEY PUMPING
712,A20L000,00900,00000,HOSPITAL COSTS
712,A20O000,00900,00000,DONOR HOSPITSL OTHER
712,A20O000,02100,00000,INTENSIVIST EXP
712,A20P000,00900,00000,HOSPITAL COSTS
712,A20P000,02100,00000,OTHER
712,A20U000,00900,00000,HOSPITAL COSTS
712,A20U000,02100,00000,INTENSIVIST EXPENSE
712,A400010,00100,00000,TISSUE OVERHEAD - PROF\PUB ED
712,A400010,00100,00100,A
712,A400010,00100,00200,TISSUE ACQUISITION
712,A400010,00100,00500,PUBLIC EDUCATION
712,A400010,00200,00000,TISSUE OVERHEAD - PROCUREMENT
712,A400010,00200,00100,B
712,A400010,00200,00200,TISSUE ACQUISITION
712,A400010,00200,00500,PROCUREMENT COORDINATORS
712,A400010,00300,00000,CAPITAL COSTS
712,A400010,00300,00100,C
712,A400010,00300,00200,CAPITAL COSTS-BLDG & FIXT
712,A400010,00300,00500,ADMINISTRATIVE & GENERAL
712,A400010,00400,00000,FUNDRAISING SALARIES
712,A400010,00400,00100,D
712,A400010,00400,00200,FUND RAISING/ADVANCEMENT
712,A400010,00400,00500,PUBLIC EDUCATION
712,A400010,00500,00000,TO ADJUST RECLASS BASED ON AUDIT
712,A400010,00500,00100,E
712,A400010,00500,00200,PROCUREMENT COORDINATORS
712,A400010,00500,00500,FUND RAISING/ADVANCEMENT
712,A500010,00700,00100,B
712,A500010,00700,00300,CAPITAL COSTS-BLDG & FIXT
712,A500010,00800,00100,B
712,A500010,00800,00300,PROCUREMENT COORDINATORS
712,A500010,01200,00100,B
712,A500010,01200,00300,CAPITAL COSTS-BLDG & FIXT
712,A500010,01500,00000,MISC INCOME ADMIN
712,A500010,01500,00100,B
712,A500010,01500,00300,ADMINISTRATIVE & GENERAL
712,A500010,01501,00000,MISC INCOME BLOOD
712,A500010,01501,00100,B
712,A500010,01501,00300,BLOOD BANK
712,A500010,01503,00000,FUNERAL DIRECTOR EMBALMING
712,A500010,01503,00100,A
712,A500010,01503,00300,TISSUE ACQUISITION
712,A500010,01504,00000,TRANSPORTATION OF DONORS
712,A500010,01504,00100,A
712,A500010,01504,00300,TISSUE ACQUISITION
712,A500010,01505,00000,COMMUNICATION CTR REVENUE
712,A500010,01505,00100,B
712,A500010,01505,00300,ADMINISTRATIVE & GENERAL
712,A500010,01506,00000,LOBBYING EXPENSE
712,A500010,01506,00100,A
712,A500010,01506,00300,PROCUREMENT COORDINATORS
712,A500010,01507,00000,NONEMPLOYEE MEETINGS\TRAVEL
712,A500010,01507,00100,A
712,A500010,01507,00300,ADMINISTRATIVE & GENERAL
712,A500010,01508,00000,NONEMPLOYEE MEETINGS\TRAVEL
712,A500010,01508,00100,A
712,A500010,01508,00300,PROCUREMENT COORDINATORS
712,A500010,01509,00000,NONEMPLOYEE MEETINGS\TRAVEL
712,A500010,01509,00100,A
712,A500010,01509,00300,PUBLIC EDUCATION
712,A500010,01510,00000,NONEMPLOYEE MEETINGS\TRAVEL
712,A500010,01510,00100,A
712,A500010,01510,00300,BLOOD BANK
712,A500010,01512,00000,SPONSORSHIPD W/O EDUCATION
712,A500010,01512,00100,A
712,A500010,01512,00300,PUBLIC EDUCATION
712,A500010,01513,00000,SPONSORSHIPD W/O EDUCATION
712,A500010,01513,00100,A
712,A500010,01513,00300,BLOOD BANK
712,A500010,01514,00000,MISC INCOME
712,A500010,01514,00100,B
712,A500010,01514,00300,TISSUE ACQUISITION
712,A500010,01515,00000,EXCESS KIDNEY SURGEON FEES
712,A500010,01515,00100,A
712,A500010,01515,00300,KIDNEY ACQUISITIONS
712,A51000A,00100,00100,N
712,B10000*,00100,00200,CAP BLDG
712,B10000*,00100,00300,CAP COSTS
712,B10000*,00100,00400,EMPLOYEE
712,B10000*,00100,00500,MEDICAL
712,B10000*,00100,00800,ORGAN
712,B10000*,00100,01000,ADMIN &
712,B10000*,00200,00200,OP PLANT &
712,B10000*,00200,00300,MOVABLE
712,B10000*,00200,00400,BENEFITS
712,B10000*,00200,00500,SUPPLIES
712,B10000*,00200,00800,ACQUISITN
712,B10000*,00200,01000,GENERAL
712,B10000*,00300,00200,HOUSEKEEP
712,B10000*,00300,00300,EQUIPMENT
712,B10000*,00300,00800,COSTS
712,B10000*,00400,00200,SQUARE
712,B10000*,00400,00300,SQUARE
712,B10000*,00400,00400,ADJUST
712,B10000*,00400,00500,COSTED
712,B10000*,00400,00800,NUMBER
712,B10000*,00400,01000,ACCUM
712,B10000*,00500,00200,FEET
712,B10000*,00500,00300,FEET
712,B10000*,00500,00400,SALARIES
712,B10000*,00500,00500,REQUISIT
712,B10000*,00500,00800,ORGANS
712,B10000*,00500,01000,COSTS
712,B10000*,00600,00200,1
712,B10000*,00600,00300,2
712,B10000*,00600,00400,3
712,B10000*,00600,00500,3
712,B10000*,00600,00800,3
712,B10000*,00600,01000,3
712,B100000,00000,01000,X
712,E000000,00900,00000,OTHER CURRENT - INVESTMENTS
712,E000000,02600,00000,OTHER ASSETS
712,E000000,03100,00000,RIGHT OF USE ASSETS - LEASES
712,E000000,03900,00000,SHORT TERM BORROWINGS
712,E000000,04100,00000,LEASE LIABILITIES
712,E000000,04600,00000,LEASE LIABILITIUES
712,E000000,04700,00000,OTHER LIABILITIES
712,E100001,00700,00000,OCULAR REVENUE
712,E100001,00800,00000,TISSUE REVENUE
712,E100001,00900,00000,COMMUNICATION CENTER REVENUE
712,E100002,00800,00000,SPECIAL EVENT COSTS
712,E100002,00900,00000,CDT REVENUE SHARE
712,E200000,01900,00000,PPP LOAN FORGIVENESS
712,E200000,02000,00000,SPECIAL EVENTS
712,E200000,02100,00000,MISC INCOME
712,E200000,02200,00000,NET ASSETS RELEASED FROM RESTRICTION
712,E200000,02300,00000,ALLOSOURCE ALLOCATIONS
712,E200000,02600,00000,ALLOSOURCE ALLOCATIONS
712,E200000,02700,00000,NET ASSETS RELEASED FROM RESTRICTION
712,E200000,02701,00000,INVESTMENT LOSSES
712,S000000,00100,00100,X
712,S000000,00400,00100,2
712,S000000,00500,00100,06/01/2023
712,S000000,00600,00100,10001
712,S000000,00700,00100,N
712,S000000,00800,00100,N
712,S000000,00900,00100,10/11/2024
712,S000000,01000,00100,4
712,S000001,00100,00100,CONNECTLIFE
712,S000001,00100,00200,33P001
712,S000001,00101,00100,4444 BRYANT AND STRATTON WAY
712,S000001,00102,00100,WILLIAMSVILLE
712,S000001,00102,00200,NY
712,S000001,00102,00300,14221
712,S000001,00300,00100,01/01/2022
712,S000001,00300,00200,12/31/2022
712,S000001,00400,00100,2
712,S000001,00400,00300,1
712,S000001,00400,00400,03/01/1992
712,S000001,00401,00100,5
712,S000001,00401,00300,1
712,S000002,00100,00200,Y
712,S000002,00300,00100,COO/CFO
712,S000002,00400,00100,05/31/2023
712,S100001,00700,00100,N
712,S100001,00810,00000,INTESTINE
712,S100001,00811,00000,BIRTH TISSUE
712,S100003,00100,00100,MEDICAL DIRECTOR
712,S100003,00100,00300,MEDICAL DIRECTOR
712,S100003,00100,00500,LAB DIRECTOR
712,S100003,00101,00100,EXEC. DIRECTOR
712,S100003,00101,00300,PROCUREMENT COORDINATOR
712,S100003,00101,00500,TECHNICIANS
712,S100003,00102,00100,CLERICAL
712,S100003,00102,00300,PRESERVATION TECHNICIANS
712,S100003,00102,00500,TISSUE TYPING TECH.
712,S100003,00103,00100,OTHER
712,S100003,00103,00300,OTHER
712,S100003,00103,00500,OTHER
712,S200000,00100,00100,N
712,S200000,00200,00100,N
712,S200000,00300,00100,N
712,S200000,00400,00100,Y
712,S200000,00400,00200,A
712,S200000,00400,00300,06/30/2023
712,S200000,00500,00100,Y
712,S200000,00600,00300,COO\CFO
712,S200000,00700,00100,CONNECTLIFE
713,A000000,00100,00000,0100CAPITAL COSTS-BLDG & FIXT
713,A000000,00200,00000,0200CAPITAL COSTS-MVBLE EQUIPMENT
713,A000000,00300,00000,0300EMPLOYEE BENEFITS
713,A000000,00400,00000,0400ADMINISTRATIVE & GENERAL
713,A000000,00500,00000,0500OPERATION AND MAINTENANCE OF PLANT
713,A000000,00600,00000,0600HOUSEKEEPING
713,A000000,00700,00000,0700MEDICAL SUPPLIES
713,A000000,00800,00000,0800OTHER OVERHEAD
713,A000000,00900,00000,0900PROCUREMENT COORDINATORS
713,A000000,01000,00000,1000PROFESSIONAL EDUCATION
713,A000000,01100,00000,1100PUBLIC EDUCATION
713,A000000,01300,00000,1300KIDNEY ACQUISITIONS
713,A000000,01400,00000,1400TISSUE TYPING LABORATORY
713,A000000,01500,00000,1500LIVER ACQUISITIONS
713,A000000,01600,00000,1600HEART ACQUISITIONS
713,A000000,01700,00000,1700PANCREAS ACQUISITIONS
713,A000000,01800,00000,1800LUNG ACQUISITIONS
713,A000000,01900,00000,1900DOUBLE LUNG      S
713,A000000,01901,00000,1901HEART/LUNG       S 2
713,A000000,01902,00000,1902INTESTINES       S 3
713,A000000,01903,00000,1903OTHER ACQUISITION
713,A000000,02100,00000,2100RESEARCH
713,A000000,02200,00000,2200BLOOD BANK
713,A000000,02300,00000,2300LABORATORY-NON-TISSUE TYPING
713,A000000,02400,00000,2400DIALYSIS UNITS
713,A000000,02500,00000,2500TISSUE RECOVERY SERVICES
713,A000000,02501,00000,2501FOUNDATION EXPENSE
713,A000000,02502,00000,2502EYE BANK
713,A000000,02503,00000,2503CINGULAR SPACE
713,A000000,02504,00000,2504HLA OFFICES + LAB
713,A000000,02505,00000,2505UNUSED SPACE
713,A000000,02508,00000,2508TX HOUSE
713,A100000,01700,00000,CONSULTING
713,A100000,01800,00000,MISCELLANEOUS
713,A100000,01900,00000,TEMP HELP / MEMBERSHIP FEES
713,A100000,01901,00000,OTHER OFFICE ADMINISTRATIVE & GENERL
713,A20H000,00900,00000,CASE RATE
713,A20H000,02100,00000,LAB - SEROLOGIES
713,A20H000,02101,00000,O
713,A20K000,00900,00000,CASE RATE
713,A20K000,02100,00000,LAB - SEROLOGIES
713,A20K000,02101,00000,O
713,A20L000,00900,00000,CASE RATE
713,A20L000,02100,00000,LAB - SEROLOGIES
713,A20L000,02101,00000,O
713,A20O000,00900,00000,CASE RATE
713,A20O000,02100,00000,LAB - SEROLOGIES
713,A20O000,02101,00000,O
713,A20O001,00900,00000,CASE RATE
713,A20O001,02100,00000,LAB - SEROLOGIES
713,A20O001,02101,00000,O
713,A20O002,00900,00000,CASE RATE
713,A20O002,02100,00000,LAB - SEROLOGIES
713,A20O002,02101,00000,O
713,A20P000,00900,00000,CASE RATE
713,A20P000,02100,00000,LAB - SEROLOGIES
713,A20P000,02101,00000,O
713,A20U000,00900,00000,CASE RATE
713,A20U000,02100,00000,LAB - SEROLOGIES
713,A20U000,02101,00000,O
713,A400010,00100,00000,PERFUSION TO EX-RENAL
713,A400010,00100,00100,A
713,A400010,00100,00200,LIVER ACQUISITIONS
713,A400010,00100,00500,KIDNEY ACQUISITIONS
713,A400010,00200,00000,PERFUSION TO EX-RENAL
713,A400010,00200,00100,B
713,A400010,00200,00200,PANCREAS ACQUISITIONS
713,A400010,00200,00500,KIDNEY ACQUISITIONS
713,A400010,00300,00000,RECLASS TO TISSUE
713,A400010,00300,00100,C
713,A400010,00300,00200,TISSUE RECOVERY SERVICES
713,A400010,00300,00500,PROCUREMENT COORDINATORS
713,A400010,00400,00000,RECLASS TO TISSUE
713,A400010,00400,00100,D
713,A400010,00400,00200,TISSUE RECOVERY SERVICES
713,A400010,00400,00500,PUBLIC EDUCATION
713,A400010,00500,00000,RECLASS TO TISSUE
713,A400010,00500,00100,E
713,A400010,00500,00200,TISSUE RECOVERY SERVICES
713,A400010,00500,00500,PROFESSIONAL EDUCATION
713,A400010,00600,00000,H/R EXP - DIRECT COSTS
713,A400010,00600,00100,I
713,A400010,00600,00200,EMPLOYEE BENEFITS
713,A400010,00600,00500,ADMINISTRATIVE & GENERAL
713,A400010,00700,00000,RENT & LEASE EXPENSE
713,A400010,00700,00100,J
713,A400010,00700,00200,CAPITAL COSTS-BLDG & FIXT
713,A400010,00700,00500,ADMINISTRATIVE & GENERAL
713,A400010,00800,00000,BLD CAP TO A&G
713,A400010,00800,00100,K
713,A400010,00800,00200,ADMINISTRATIVE & GENERAL
713,A400010,00800,00500,CAPITAL COSTS-BLDG & FIXT
713,A400010,00900,00000,EQUIP TO A&G
713,A400010,00900,00100,M
713,A400010,00900,00200,ADMINISTRATIVE & GENERAL
713,A400010,00900,00500,OPERATION AND MAINTENANCE OF PLANT
713,A400010,01000,00000,PLANT TO A&G
713,A400010,01000,00100,O
713,A400010,01000,00200,ADMINISTRATIVE & GENERAL
713,A400010,01000,00500,CAPITAL COSTS-MVBLE EQUIPMENT
713,A400010,01100,00000,SURGEON ALLOCATION
713,A400010,01100,00100,R
713,A400010,01100,00200,KIDNEY ACQUISITIONS
713,A400010,01100,00500,PROCUREMENT COORDINATORS
713,A400010,01200,00000,SURGEON ALLOCATION
713,A400010,01200,00100,S
713,A400010,01200,00200,LIVER ACQUISITIONS
713,A400010,01200,00500,PROCUREMENT COORDINATORS
713,A400010,01300,00000,SURGEON ALLOCATION
713,A400010,01300,00100,T
713,A400010,01300,00200,PANCREAS ACQUISITIONS
713,A400010,01300,00500,PROCUREMENT COORDINATORS
713,A500010,00500,00100,B
713,A500010,00500,00300,PROCUREMENT COORDINATORS
713,A500010,00800,00100,B
713,A500010,00800,00300,PROCUREMENT COORDINATORS
713,A500010,00900,00100,B
713,A500010,00900,00300,PUBLIC EDUCATION
713,A500010,01200,00100,B
713,A500010,01200,00300,ADMINISTRATIVE & GENERAL
713,A500010,01500,00000,LOBBYING EXPENSE
713,A500010,01500,00100,A
713,A500010,01500,00300,ADMINISTRATIVE & GENERAL
713,A500010,01600,00000,MISC INCOME
713,A500010,01600,00100,B
713,A500010,01600,00300,ADMINISTRATIVE & GENERAL
713,A500010,01602,00000,LIVING KIDNEY REVENUE
713,A500010,01602,00100,B
713,A500010,01602,00300,PROCUREMENT COORDINATORS
713,A500010,01605,00000,DISALLOW NON-ALLOWABLE EXPENSE
713,A500010,01605,00100,A
713,A500010,01605,00300,PUBLIC EDUCATION
713,A500010,01606,00000,DISALLOW NON-ALLOWABLE EXPENSE
713,A500010,01606,00100,A
713,A500010,01606,00300,ADMINISTRATIVE & GENERAL
713,A500010,01607,00000,DISALLOW NON-ALLOWABLE EXPENSE
713,A500010,01607,00100,A
713,A500010,01607,00300,PROFESSIONAL EDUCATION
713,A500010,01608,00000,DISALLOW NON-ALLOWABLE EXPENSE
713,A500010,01608,00100,A
713,A500010,01608,00300,PROCUREMENT COORDINATORS
713,A500010,01609,00000,DISALLOW NON-ALLOWABLE EXPENSE
713,A500010,01609,00100,A
713,A500010,01609,00300,TISSUE RECOVERY SERVICES
713,A500010,01610,00000,DISALL HERSHEY BLDG EXP 859 FISHBURN
713,A500010,01610,00100,A
713,A500010,01610,00300,OPERATION AND MAINTENANCE OF PLANT
713,A500010,01611,00000,DISALL HERSHEY BLDG EXP 859 FISHBURN
713,A500010,01611,00100,A
713,A500010,01611,00300,TISSUE RECOVERY SERVICES
713,A51000A,00100,00100,Y
713,A51000B,00100,00200,PROCUREMENT COORDINATORS
713,A51000B,00100,00300,LODGING
713,A51000B,00200,00200,PROFESSIONAL EDUCATION
713,A51000B,00200,00300,LODGING
713,A51000B,00300,00200,PUBLIC EDUCATION
713,A51000B,00300,00300,LODGING
713,A51000C,00100,00100,C
713,A51000C,00100,00200,GIFT OF LIFE DONOR PROGRAM
713,A51000C,00100,00400,TX HOUSE
713,A51000C,00100,00600,LODGING FOR TRANSPLANTATION
713,A51000C,00200,00100,C
713,A51000C,00200,00200,GIFT OF LIFE DONOR PROGRAM
713,A51000C,00200,00400,TX HOUSE
713,A51000C,00200,00600,LODGING FOR TRANSPLANTATION
713,A51000C,00300,00100,C
713,A51000C,00300,00200,GIFT OF LIFE DONOR PROGRAM
713,A51000C,00300,00400,TX HOUSE
713,A51000C,00300,00600,LODGING FOR TRANSPLANTATION
713,A60000A,00700,00000,CONSTRUCTION IN PROGRESS
713,A60000A,00701,00000,BUILDING SERVICE EQUIPMENT
713,A60000A,00702,00000,LEASEHOLD IMPROVEMENTS
713,A60000A,00703,00000,CAPITAL ASSETS LEASED
713,A60000B,00801,00000,LEASEHOLD IMPROVEMENTS
713,A60000B,00802,00000,CAPITAL ASSETS LEASED
713,A60000C,00500,00100,N
713,B10000*,00100,00200,CAP BLDG
713,B10000*,00100,00300,CAP COSTS
713,B10000*,00100,00400,EMPLOYEE
713,B10000*,00100,00500,MEDICAL
713,B10000*,00100,00800,ORGAN
713,B10000*,00100,01000,ADMIN &
713,B10000*,00200,00200,OP PLANT &
713,B10000*,00200,00300,MOVABLE
713,B10000*,00200,00400,BENEFITS
713,B10000*,00200,00500,SUPPLIES
713,B10000*,00200,00800,ACQUISITN
713,B10000*,00200,01000,GENERAL
713,B10000*,00300,00200,HOUSEKEEP
713,B10000*,00300,00300,EQUIPMENT
713,B10000*,00300,00800,COSTS
713,B10000*,00400,00200,SQUARE
713,B10000*,00400,00300,DOLLAR
713,B10000*,00400,00400,ADJUST
713,B10000*,00400,00500,COSTED
713,B10000*,00400,00800,NUMBER
713,B10000*,00400,01000,ACCUM
713,B10000*,00500,00200,FEET
713,B10000*,00500,00300,VALUE
713,B10000*,00500,00400,SALARIES
713,B10000*,00500,00500,REQUISIT
713,B10000*,00500,00800,ORGANS
713,B10000*,00500,01000,COSTS
713,B10000*,00600,00200,1
713,B10000*,00600,00300,2
713,B10000*,00600,00400,3
713,B10000*,00600,00500,3
713,B10000*,00600,00800,3
713,B10000*,00600,01000,3
713,B100000,00000,01000,X
713,E000000,00900,00000,OTHER CURRENT ASSETS
713,E000000,02600,00000,OTHER FIXED ASSETS
713,E000000,03100,00000,OTHER ASSETS - NONCURRENT
713,E000000,03900,00000,ACCRUED EXPENSE
713,E000000,04100,00000,ACCOUNTS PAYABLE - THIRD PARTY
713,E100001,00700,00000,TISSUE RECCOVERY REVENUE
713,E100001,00800,00000,RESEARCH REVENUE
713,E100001,00900,00000,EX-RENAL AIR TRANSPORT&OTHER REVENUE
713,E100002,00300,00000,CONTRACTUAL ALLOWANCES
713,E100002,00400,00000,ALLOW/BAD DEBT
713,E200000,01500,00000,PUBLIC EDUCATION REVENUE
713,E200000,01700,00000,MISC INCOME
713,E200000,01800,00000,UWHC-REFERRAL REVENUE
713,E200000,02600,00000,NON-OPERATING LOSSES
713,S000000,00100,00100,X
713,S000000,00400,00100,2
713,S000000,00500,00100,05/31/2023
713,S000000,00600,00100,10001
713,S000000,00700,00100,N
713,S000000,00800,00100,N
713,S000000,00900,00100,10/11/2024
713,S000000,01000,00100,4
713,S000001,00100,00100,GIFT OF LIFE DONOR PROGRAM
713,S000001,00100,00200,39P001
713,S000001,00101,00100,401 N. 3RD STREET
713,S000001,00102,00100,PHILADELPHIA
713,S000001,00102,00200,PA
713,S000001,00102,00300,19123
713,S000001,00300,00100,01/01/2022
713,S000001,00300,00200,12/31/2022
713,S000001,00400,00100,8
713,S000001,00400,00300,1
713,S000001,00400,00400,04/01/1978
713,S000001,00401,00300,1
713,S100001,00700,00100,N
713,S100001,00810,00000,VCA
713,S100001,00811,00000,INTESTINE
713,S100001,00812,00000,OTHER REVENUE
713,S100001,00813,00000,RESEARCH
713,S100001,00814,00000,LUNG-DOUBLE
713,S100001,00815,00000,OTHER TISSUE
713,S100003,00100,00100,MEDICAL DIRECTOR
713,S100003,00100,00300,MEDICAL DIRECTOR
713,S100003,00100,00500,LAB DIRECTOR
713,S100003,00101,00100,EXEC. DIRECTOR
713,S100003,00101,00300,PROCUREMENT COORDINATOR
713,S100003,00101,00500,TECHNICIANS
713,S100003,00102,00100,CLERICAL
713,S100003,00102,00300,PRESERVATION TECHNICIANS
713,S100003,00102,00500,TISSUE TYPING TECH.
713,S100003,00103,00100,OTHER
713,S100003,00103,00300,OTHER
713,S100003,00103,00500,OTHER
713,S200000,00100,00100,N
713,S200000,00200,00100,N
713,S200000,00300,00100,Y
713,S200000,00400,00100,Y
713,S200000,00400,00200,A
713,S200000,00500,00100,Y
713,S200000,00600,00300,SR. ACCOUNTANT
713,S200000,00700,00100,GIFT OF LIFE DONOR PROGRAM
714,A000000,00100,00000,0100CAPITAL COSTS-BLDG & FIXT
714,A000000,00200,00000,0200CAPITAL COSTS-MVBLE EQUIPMENT
714,A000000,00300,00000,0300EMPLOYEE BENEFITS
714,A000000,00400,00000,0400ADMINISTRATIVE & GENERAL
714,A000000,00500,00000,0500OPERATION AND MAINTENANCE OF PLANT
714,A000000,00600,00000,0600HOUSEKEEPING
714,A000000,00700,00000,0700MEDICAL SUPPLIES
714,A000000,00800,00000,0800OTHER OVERHEAD
714,A000000,00900,00000,0900PROCUREMENT COORDINATORS
714,A000000,01000,00000,1000PROFESSIONAL EDUCATION
714,A000000,01100,00000,1100PUBLIC EDUCATION
714,A000000,01200,00000,1200OTHER ACQUISITION
714,A000000,01300,00000,1300KIDNEY ACQUISITIONS
714,A000000,01400,00000,1400TISSUE TYPING LABORATORY
714,A000000,01500,00000,1500LIVER ACQUISITIONS
714,A000000,01600,00000,1600HEART ACQUISITIONS
714,A000000,01700,00000,1700PANCREAS ACQUISITIONS
714,A000000,01800,00000,1800LUNG ACQUISITIONS
714,A000000,01900,00000,1900OTHER ACQUISITIONS
714,A000000,02100,00000,2100RESEARCH
714,A000000,02200,00000,2200BLOOD BANK
714,A000000,02300,00000,2300LABORATORY-NON-TISSUE TYPING
714,A000000,02400,00000,2400DIALYSIS UNITS
714,A000000,02500,00000,2500OTHER NON-REIMBURSABLE
714,A100000,01700,00000,OTHER ADMIN AND GENERAL
714,A20H000,00900,00000,OTHER EXCISION HOSPITAL-OTHER COSTS
714,A20H000,02100,00000,OTHER ACQUISITION COSTS -OTHER COSTS
714,A20K000,00900,00000,OTHER EXCISION HOSPITAL OTHER COSTS
714,A20K000,02100,00000,OTHER AQUISITION COSTS
714,A20L000,00900,00000,OTHER EXCISION HOSPITAL-OTHER COSTS
714,A20L000,02100,00000,OTHER ACQUISITION COSTS -OTHER COSTS
714,A20O000,00900,00000,OTHER EXCISION HOSPITAL-OTHER COSTS
714,A20O000,02100,00000,OTHER ACQUISITION COSTS -OTHER COSTS
714,A20P000,00900,00000,OTHER EXCISION HOSPITAL-OTHER COSTS
714,A20P000,02100,00000,OTHER ACQUISITION COSTS -OTHER COSTS
714,A20U000,00900,00000,OTHER EXCISION HOSPITAL-OTHER COSTS
714,A20U000,02100,00000,OTHER ACQUISITION COSTS-OTHER COSTS
714,A51000A,00100,00100,Y
714,A51000B,00100,00200,ADMINISTRATIVE & GENERAL
714,A51000C,00400,00000,OTHER
714,A51000C,00400,00100,G
714,A51000C,00400,00200,OTHER
714,A51000C,10000,00200,OTHER
714,B10000*,00100,00200,CAP BLDG
714,B10000*,00100,00300,CAP COSTS
714,B10000*,00100,00400,EMPLOYEE
714,B10000*,00100,00500,MEDICAL
714,B10000*,00100,00800,ORGAN
714,B10000*,00100,01000,ADMIN &
714,B10000*,00200,00200,OP PLANT &
714,B10000*,00200,00300,MOVABLE
714,B10000*,00200,00400,BENEFITS
714,B10000*,00200,00500,SUPPLIES
714,B10000*,00200,00800,ACQUISITN
714,B10000*,00200,01000,GENERAL
714,B10000*,00300,00200,HOUSEKEEP
714,B10000*,00300,00300,EQUIPMENT
714,B10000*,00300,00800,COSTS
714,B10000*,00400,00200,SQUARE
714,B10000*,00400,00300,DOLLAR
714,B10000*,00400,00400,ADJUST
714,B10000*,00400,00500,COSTED
714,B10000*,00400,00800,NUMBER
714,B10000*,00400,01000,ACCUM
714,B10000*,00500,00200,FEET
714,B10000*,00500,00300,VALUE
714,B10000*,00500,00400,SALARIES
714,B10000*,00500,00500,REQUISIT
714,B10000*,00500,00800,ORGANS
714,B10000*,00500,01000,COSTS
714,B10000*,00600,00200,1
714,B10000*,00600,00300,2
714,B10000*,00600,00400,3
714,B10000*,00600,00500,3
714,B10000*,00600,00800,3
714,B10000*,00600,01000,3
714,B100000,00000,01000,X
714,E100002,00300,00000,HOME OFFICE
714,E200000,02000,00000,OUT OF SERVICE AREA FEES
714,E200000,02100,00000,RECEVI LESS SEQUESTRATION
714,E200000,02600,00000,NON-ALLOW EXPENSES
714,E200000,02700,00000,MEDICARE PAYABLE
714,S000000,00100,00100,X
714,S000000,00400,00100,2
714,S000000,00500,00100,11/07/2023
714,S000000,00600,00100,10001
714,S000000,00700,00100,N
714,S000000,00800,00100,N
714,S000000,00900,00100,10/18/2024
714,S000000,01000,00100,4
714,S000001,00100,00100,LIFELINK OF FLORIDA
714,S000001,00100,00200,10P001
714,S000001,00101,00100,9661 DELANEY CREEK BLVD
714,S000001,00102,00100,TAMPA
714,S000001,00102,00200,FL
714,S000001,00102,00300,33619
714,S000001,00300,00100,07/01/2022
714,S000001,00300,00200,06/30/2023
714,S000001,00400,00100,6
714,S000001,00400,00300,1
714,S000001,00400,00400,10/01/1999
714,S000001,00401,00300,1
714,S000002,00100,00200,Y
714,S000002,00300,00100,CFO
714,S000002,00400,00100,11/06/2023
714,S100001,00700,00100,N
714,S100001,00810,00000,INTESTINE
714,S100003,00100,00100,MEDICAL DIRECTOR
714,S100003,00100,00300,MEDICAL DIRECTOR
714,S100003,00100,00500,LAB DIRECTOR
714,S100003,00101,00100,EXEC. DIRECTOR
714,S100003,00101,00300,PROCUREMENT COORDINATOR
714,S100003,00101,00500,TECHNICIANS
714,S100003,00102,00100,CLERICAL
714,S100003,00102,00300,PRESERVATION TECHNICIANS
714,S100003,00102,00500,TISSUE TYPING TECH.
714,S100003,00103,00100,OTHER
714,S100003,00103,00300,OTHER
714,S100003,00103,00500,OTHER
714,S200000,00100,00100,N
714,S200000,00200,00100,N
714,S200000,00300,00100,Y
714,S200000,00400,00100,Y
714,S200000,00400,00200,A
714,S200000,00500,00100,Y
714,S200000,00600,00300,DIRECTOR FINANCE & ACCOUNTING
714,S200000,00700,00100,LIFELINK FOUNDATION
715,A000000,00100,00000,0100CAPITAL COSTS-BLDG & FIXT
715,A000000,00200,00000,0200CAPITAL COSTS-MVBLE EQUIPMENT
715,A000000,00300,00000,0300EMPLOYEE BENEFITS
715,A000000,00400,00000,0400ADMINISTRATIVE & GENERAL
715,A000000,00500,00000,0500OPERATION AND MAINTENANCE OF PLANT
715,A000000,00600,00000,0600HOUSEKEEPING
715,A000000,00700,00000,0700MEDICAL SUPPLIES
715,A000000,00800,00000,0800OTHER OVERHEAD
715,A000000,00900,00000,0900PROCUREMENT COORDINATORS
715,A000000,01000,00000,1000PROFESSIONAL EDUCATION
715,A000000,01100,00000,1100PUBLIC EDUCATION
715,A000000,01200,00000,1200OTHER ACQUISITION
715,A000000,01300,00000,1300KIDNEY ACQUISITIONS
715,A000000,01400,00000,1400TISSUE TYPING LABORATORY
715,A000000,01500,00000,1500LIVER ACQUISITIONS
715,A000000,01600,00000,1600HEART ACQUISITIONS
715,A000000,01700,00000,1700PANCREAS ACQUISITIONS
715,A000000,01800,00000,1800LUNG ACQUISITIONS
715,A000000,01900,00000,1900OTHER ACQUISITIONS
715,A000000,02100,00000,2100RESEARCH
715,A000000,02200,00000,2200BLOOD BANK
715,A000000,02300,00000,2300LABORATORY-NON-TISSUE TYPING
715,A000000,02400,00000,2400DIALYSIS UNITS
715,A000000,02500,00000,2500OTHER NON-REIMBURSABLE
715,A100000,01700,00000,ADMINISTRATION SALARIES
715,A20H000,02100,00000,DONOR HOSPITAL BILLS ACCRUALS
715,A20K000,02100,00000,DONOR HOSPITAL BILLS ACCRUALS
715,A20L000,02100,00000,DONOR HOSPITAL BILLS ACCRUALS
715,A20O000,02100,00000,DONOR HOSPITAL BILLS ACCRUALS
715,A20P000,02100,00000,DONOR HOSPITAL BILLS ACCRUALS
715,A20U000,02100,00000,DONOR HOSPITAL BILLS ACCRUALS
715,A300000,00600,00000,OFFICE SALARIES
715,A300000,00700,00000,OTHER LAB COSTS
715,A300000,00800,00000,REAGENTS AND SUPPLIES
715,A400010,00100,00000,RECLASSIFICATIONS
715,A400010,00100,00100,A
715,A400010,00100,00200,KIDNEY ACQUISITIONS
715,A400010,00100,00500,PROCUREMENT COORDINATORS
715,A400010,00200,00000,RECLASSIFICATIONS
715,A400010,00200,00100,A
715,A400010,00200,00200,LIVER ACQUISITIONS
715,A400010,00300,00000,RECLASSIFICATIONS
715,A400010,00300,00100,A
715,A400010,00300,00200,HEART ACQUISITIONS
715,A400010,00400,00000,RECLASSIFICATIONS
715,A400010,00400,00100,A
715,A400010,00400,00200,LUNG ACQUISITIONS
715,A400010,00500,00000,RECLASSIFICATIONS
715,A400010,00500,00100,A
715,A400010,00500,00200,PANCREAS ACQUISITIONS
715,A400010,00600,00000,RECLASSIFICATIONS
715,A400010,00600,00100,A
715,A400010,00600,00200,OTHER ACQUISITIONS
715,A500010,00800,00100,B
715,A500010,00800,00300,LIVER ACQUISITIONS
715,A500010,01500,00000,HEARTS SOLD FOR RESEARCH
715,A500010,01500,00100,B
715,A500010,01500,00300,HEART ACQUISITIONS
715,A500010,01600,00000,LUNGS SOLD FOR RESEARCH
715,A500010,01600,00100,B
715,A500010,01600,00300,LUNG ACQUISITIONS
715,A500010,01601,00000,PANCREAS SOLD FOR RESEARCH
715,A500010,01601,00100,B
715,A500010,01601,00300,PANCREAS ACQUISITIONS
715,A51000A,00100,00100,Y
715,A51000B,00100,00200,CAPITAL COSTS-BLDG & FIXT
715,A51000B,00100,00300,HOME OFFICE ALLOC CAPITAL BLDG
715,A51000B,00200,00200,EMPLOYEE BENEFITS
715,A51000B,00200,00300,HOME OFFICE ALLOC EMPLOYEE BENEFITS
715,A51000B,00300,00200,ADMINISTRATIVE & GENERAL
715,A51000B,00300,00300,HOME OFFICE ADMIN AND GENERAL
715,A51000C,00100,00100,G
715,A51000C,00100,00200,HOME OFFICE ALLOCATION
715,A51000C,00100,00400,UNIVERSITY OF MIAMI
715,A51000C,00100,00600,HOME OFFICE HF-8015
715,B10000*,00100,00200,CAP BLDG
715,B10000*,00100,00300,CAP COSTS
715,B10000*,00100,00400,EMPLOYEE
715,B10000*,00100,00500,MEDICAL
715,B10000*,00100,00800,ORGAN
715,B10000*,00100,01000,ADMIN &
715,B10000*,00200,00200,OP PLANT &
715,B10000*,00200,00300,MOVABLE
715,B10000*,00200,00400,BENEFITS
715,B10000*,00200,00500,SUPPLIES
715,B10000*,00200,00800,ACQUISITN
715,B10000*,00200,01000,GENERAL
715,B10000*,00300,00200,HOUSEKEEP
715,B10000*,00300,00300,EQUIPMENT
715,B10000*,00300,00800,COSTS
715,B10000*,00400,00200,SQUARE
715,B10000*,00400,00300,DOLLAR
715,B10000*,00400,00400,ADJUST
715,B10000*,00400,00500,COSTED
715,B10000*,00400,00800,NUMBER
715,B10000*,00400,01000,ACCUM
715,B10000*,00500,00200,FEET
715,B10000*,00500,00300,VALUE
715,B10000*,00500,00400,SALARIES
715,B10000*,00500,00500,REQUISIT
715,B10000*,00500,00800,ORGANS
715,B10000*,00500,01000,COSTS
715,B10000*,00600,00200,1
715,B10000*,00600,00300,2
715,B10000*,00600,00400,3
715,B10000*,00600,00500,3
715,B10000*,00600,00800,3
715,B10000*,00600,01000,3
715,B100000,00000,01000,X
715,E100001,00700,00000,SURGEON FEES
715,E100001,00800,00000,KIDNEY PRESERVATION FEES
715,E100001,00900,00000,RESEARCH REVENUE
715,S000000,00100,00100,X
715,S000000,00400,00100,2
715,S000000,00500,00100,11/01/2023
715,S000000,00600,00100,10001
715,S000000,00700,00100,N
715,S000000,00800,00100,N
715,S000000,00900,00100,10/18/2024
715,S000000,01000,00100,4
715,S000001,00100,00100,LIFE ALLIANCE ORGAN RECOVERY AGENCY
715,S000001,00100,00200,10P002
715,S000001,00101,00100,1951 NW 7TH AVE SUITE 220
715,S000001,00102,00100,MIAMI
715,S000001,00102,00200,FL
715,S000001,00102,00300,33136
715,S000001,00200,00100,UNIV OF MIAMI HISTO LAB
715,S000001,00200,00200,10HL02
715,S000001,00201,00100,1600 NW 10TH AVE ROOM 8145
715,S000001,00202,00100,MIAMI
715,S000001,00202,00200,FL
715,S000001,00202,00300,33136
715,S000001,00300,00100,06/01/2022
715,S000001,00300,00200,05/31/2023
715,S000001,00400,00100,8
715,S000001,00400,00300,1
715,S000001,00400,00400,10/01/1978
715,S000001,00401,00100,8
715,S000001,00401,00300,2
715,S000001,00401,00400,10/01/1978
715,S000002,00100,00200,Y
715,S000002,00300,00100,DIRECTOR OF FINANCE
715,S000002,00400,00100,10/30/2023
715,S100001,00700,00100,N
715,S100001,00810,00000,OTHER
715,S100002,00400,00100,ABO
715,S100002,00401,00100,ABO SUBTYPING
715,S100002,00402,00100,B-25 (ALLO)
715,S100002,00403,00100,B-25 (AUTO)
715,S100002,00404,00100,B25-DTT (ALLO)
715,S100002,00405,00100,B25-DTT (AUTO)
715,S100002,00406,00100,B-FLOW XM (ALLO)
715,S100002,00407,00100,B-FLOW XM (AUTO)
715,S100002,00408,00100,C1Q CLASS I & II
715,S100002,00409,00100,CF-SO-NGS
715,S100002,00410,00100,CF-SO-NGS NEW FEE
715,S100002,00411,00100,ENDO XM (ALLO)
715,S100002,00412,00100,LD STRG PLASMA
715,S100002,00413,00100,LD STRG SERUM
715,S100002,00414,00100,LUMINEX SCREEN
715,S100002,00415,00100,LUMINEX SCREEN NEW FEE
715,S100002,00416,00100,PHENOTYPING PRA
715,S100002,00417,00100,PRA FLOW
715,S100002,00418,00100,RHO
715,S100002,00419,00100,SA CLS I & II
715,S100002,00420,00100,SA CLS I & II NEW FEE
715,S100002,00421,00100,SERUM STORAGE FEE
715,S100002,00422,00100,SO-NGS
715,S100002,00423,00100,SO-NGS NEW FEE
715,S100002,00424,00100,SO-SSOP
715,S100002,00425,00100,SSP PANEL
715,S100002,00426,00100,T-25 (ALLO)
715,S100002,00427,00100,T-25 (AUTO)
715,S100002,00428,00100,T25-DTT (ALLO)
715,S100002,00429,00100,T25-DTT (AUTO)
715,S100002,00430,00100,T-FLOW XM (ALLO)
715,S100002,00431,00100,T-FLOW XM (AUTO)
715,S100002,00432,00100,VIRTUAL XM
715,S100002,00433,00100,VIRTUAL XM NEW FEE
715,S100003,00100,00100,MEDICAL DIRECTOR
715,S100003,00100,00300,MEDICAL DIRECTOR
715,S100003,00100,00500,LAB DIRECTOR
715,S100003,00101,00100,EXEC. DIRECTOR
715,S100003,00101,00300,PROCUREMENT COORDINATOR
715,S100003,00101,00500,TECHNICIANS
715,S100003,00102,00100,CLERICAL
715,S100003,00102,00300,PRESERVATION TECHNICIANS
715,S100003,00102,00500,TISSUE TYPING TECH.
715,S100003,00103,00100,OTHER
715,S100003,00103,00300,OTHER
715,S100003,00103,00500,OTHER
715,S200000,00100,00100,N
715,S200000,00200,00100,N
715,S200000,00300,00100,Y
715,S200000,00400,00100,Y
715,S200000,00400,00200,A
715,S200000,00400,00300,05/31/2023
715,S200000,00500,00100,Y
715,S200000,00600,00300,DIRECTOR OF FINANCE
715,S200000,00700,00100,UNIVERSITY OF MIAMI
716,A000000,00100,00000,0100CAPITAL COSTS-BLDG & FIXT
716,A000000,00200,00000,0200CAPITAL COSTS-MVBLE EQUIPMENT
716,A000000,00300,00000,0300EMPLOYEE BENEFITS
716,A000000,00400,00000,0400ADMINISTRATIVE & GENERAL
716,A000000,00500,00000,0500OPERATION AND MAINTENANCE OF PLANT
716,A000000,00600,00000,0600HOUSEKEEPING
716,A000000,00700,00000,0700MEDICAL SUPPLIES
716,A000000,00800,00000,0800OTHER OVERHEAD
716,A000000,00900,00000,0900PROCUREMENT COORDINATORS
716,A000000,01000,00000,1000PROFESSIONAL EDUCATION
716,A000000,01100,00000,1100PUBLIC EDUCATION
716,A000000,01300,00000,1300KIDNEY ACQUISITIONS
716,A000000,01400,00000,1400TISSUE TYPING LABORATORY
716,A000000,01500,00000,1500LIVER ACQUISITIONS
716,A000000,01600,00000,1600HEART ACQUISITIONS
716,A000000,01700,00000,1700PANCREAS ACQUISITIONS
716,A000000,01800,00000,1800LUNG ACQUISITIONS
716,A000000,01900,00000,1900OTHER 1          S 2
716,A000000,02100,00000,2100RESEARCH
716,A000000,02200,00000,2200BLOOD BANK
716,A000000,02300,00000,2300LABORATORY-NON-TISSUE TYPING
716,A000000,02400,00000,2400DIALYSIS UNITS
716,A100000,01700,00000,OTHER ADMIN & GENERAL
716,A20H000,00900,00000,OTHER EXCISION HOSPITAL-OTHER COSTS
716,A20H000,02100,00000,OTHER ACQUISITION COSTS-OTHER COSTS
716,A20K000,00900,00000,OTHER EXCISION HOSPITALOTHER COSTS
716,A20K000,02100,00000,OTHER ACQUISITION COSTS-OTHER COSTS
716,A20L000,00900,00000,OTHER EXCISION HOSPITAL-OTHER COSTS
716,A20L000,02100,00000,OTHER ACQUISITION COSTS-OTHER COSTS
716,A20O000,00900,00000,OTHER EXCISION HOSPITAL-OTHER COSTS
716,A20O000,02100,00000,OTHER ACQUISITION COSTS-OTHER COSTS
716,A20P000,00900,00000,OTHER EXCISION HOSPITALOTHER COSTS
716,A20P000,02100,00000,OTHER ACQUISITION COSTS-OTHER COSTS
716,A20U000,00900,00000,OTHER EXCISION HOSPITAL-OTHER COSTS
716,A20U000,02100,00000,OTHER ACQUISTION COSTS-OTHER COSTS
716,A51000A,00100,00100,Y
716,A51000B,00100,00200,ADMINISTRATIVE & GENERAL
716,A51000C,00100,00100,B
716,A51000C,00100,00200,LIFELINK OF GEORGIA
716,A51000C,00100,00400,LIFELINK FOUNDATION
716,A51000C,00100,00600,ORGAN PROCUREMENT
716,A60000C,00500,00100,N
716,B10000*,00100,00200,CAP BLDG
716,B10000*,00100,00300,CAP COSTS
716,B10000*,00100,00400,EMPLOYEE
716,B10000*,00100,00500,MEDICAL
716,B10000*,00100,00800,ORGAN
716,B10000*,00100,01000,ADMIN &
716,B10000*,00200,00200,OP PLANT &
716,B10000*,00200,00300,MOVABLE
716,B10000*,00200,00400,BENEFITS
716,B10000*,00200,00500,SUPPLIES
716,B10000*,00200,00800,ACQUISITN
716,B10000*,00200,01000,GENERAL
716,B10000*,00300,00200,HOUSEKEEP
716,B10000*,00300,00300,EQUIPMENT
716,B10000*,00300,00800,COSTS
716,B10000*,00400,00200,SQUARE SQ.
716,B10000*,00400,00300,DOLLAR
716,B10000*,00400,00400,ADJUST
716,B10000*,00400,00500,COSTED REQ
716,B10000*,00400,00800,NO. OF ORG
716,B10000*,00400,01000,ACCUM
716,B10000*,00500,00200,FT.)
716,B10000*,00500,00300,VALUE
716,B10000*,00500,00400,SALARIES
716,B10000*,00500,00500,UIS
716,B10000*,00500,00800,ANS
716,B10000*,00500,01000,COSTS
716,B10000*,00600,00200,1
716,B10000*,00600,00300,2
716,B10000*,00600,00400,3
716,B10000*,00600,00500,3
716,B10000*,00600,00800,3
716,B10000*,00600,01000,3
716,B100000,00000,01000,X
716,E000000,00900,00000,OTHER CURRENT ASSETS
716,E000000,02600,00000,OTHER FIXED ASSETS
716,E100002,00400,00000,HOME OFFICE
716,E200000,01500,00000,OUT OF SERVICE AREA FEES
716,E200000,02000,00000,MEDICARE RECEIVABLE NET OF SEQUEST
716,E200000,02600,00000,MEDICARE PAYABLE
716,E200000,02700,00000,NON-ALLOWABLE COSTS
716,S000000,00100,00100,X
716,S000000,00400,00100,2
716,S000000,00500,00100,11/07/2023
716,S000000,00600,00100,10001
716,S000000,00700,00100,N
716,S000000,00800,00100,N
716,S000000,00900,00100,10/18/2024
716,S000000,01000,00100,4
716,S000001,00100,00100,LIFELINK OF GEORGIA
716,S000001,00100,00200,11P002
716,S000001,00101,00100,2875 NORTHWOODS PARKWAY
716,S000001,00102,00100,NORCROSS
716,S000001,00102,00200,GA
716,S000001,00102,00300,30071
716,S000001,00300,00100,07/01/2022
716,S000001,00300,00200,06/30/2023
716,S000001,00400,00100,6
716,S000001,00400,00300,1
716,S000001,00400,00400,10/01/1999
716,S000001,00401,00300,1
716,S000002,00100,00200,Y
716,S000002,00300,00100,CFO
716,S000002,00400,00100,11/06/2023
716,S100001,00700,00100,N
716,S100001,00810,00000,INTESTINE
716,S100003,00100,00100,MEDICAL DIRECTOR
716,S100003,00100,00300,MEDICAL DIRECTOR
716,S100003,00100,00500,LAB DIRECTOR
716,S100003,00101,00100,EXEC. DIRECTOR
716,S100003,00101,00300,PROCUREMENT COORDINATOR
716,S100003,00101,00500,TECHNICIANS
716,S100003,00102,00100,CLERICAL
716,S100003,00102,00300,PRESERVATION TECHNICIANS
716,S100003,00102,00500,TISSUE TYPING TECH.
716,S100003,00103,00100,OTHER
716,S100003,00103,00300,OTHER
716,S100003,00103,00500,OTHER
716,S200000,00100,00100,N
716,S200000,00200,00100,N
716,S200000,00300,00100,Y
716,S200000,00400,00100,Y
716,S200000,00400,00200,A
716,S200000,00500,00100,Y
716,S200000,00600,00300,DIRECTOR  FINANCE & ACCOUNTING
716,S200000,00700,00100,LIFELINK FOUNDATION
717,A000000,00100,00000,0100CAPITAL COSTS-BLDG & FIXT
717,A000000,00200,00000,0200CAPITAL COSTS-MVBLE EQUIPMENT
717,A000000,00300,00000,0300EMPLOYEE BENEFITS
717,A000000,00400,00000,0400ADMINISTRATIVE & GENERAL
717,A000000,00500,00000,0500OPERATION AND MAINTENANCE OF PLANT
717,A000000,00600,00000,0600HOUSEKEEPING
717,A000000,00700,00000,0700MEDICAL SUPPLIES
717,A000000,00800,00000,0800OTHER OVERHEAD
717,A000000,00900,00000,0900PROCUREMENT COORDINATORS
717,A000000,01000,00000,1000PROFESSIONAL EDUCATION
717,A000000,01100,00000,1100PUBLIC EDUCATION
717,A000000,01300,00000,1300KIDNEY ACQUISITIONS
717,A000000,01400,00000,1400TISSUE TYPING LABORATORY
717,A000000,01500,00000,1500LIVER ACQUISITIONS
717,A000000,01600,00000,1600HEART ACQUISITIONS
717,A000000,01700,00000,1700PANCREAS ACQUISITIONS
717,A000000,01800,00000,1800LUNG ACQUISITIONS
717,A000000,01900,00000,1900OTHER 1            (WKST A2 6 L 23
717,A000000,02100,00000,2100RESEARCH
717,A000000,02200,00000,2200BLOOD BANK
717,A000000,02300,00000,2300LABORATORY-NON-TISSUE TYPING
717,A000000,02400,00000,2400DIALYSIS UNITS
717,A100000,01700,00000,OTHER ADMIN & GENERAL
717,A20H000,00900,00000,OTHER EXCISION HOSPITAL-OTHER COSTS
717,A20H000,02100,00000,OTHER ACQUISITION COSTS-OTHER COSTS
717,A20K000,00900,00000,OTHER EXCISION HOSPITAL OTHER COSTS
717,A20K000,02100,00000,OTHER ACQUISITION COSTS-OTHER COSTS
717,A20L000,00900,00000,OTHER EXCISION HOSPITAL -OTHER COSTS
717,A20L000,02100,00000,OTHER ACQUISITION COSTS-OTHER COSTS
717,A20P000,00900,00000,OTHER EXCISION HOSPITAL OTHER COSTS
717,A20P000,02100,00000,OTHER ACQUISTION COSTS-OTHER COSTS
717,A20U000,00900,00000,OTHER EXCISION HOSPITALOTHER COSTS
717,A20U000,02100,00000,OTHER ACQUISITION COSTS-OTHER COSTS
717,A51000A,00100,00100,Y
717,A51000B,00100,00200,ADMINISTRATIVE & GENERAL
717,A51000C,00100,00100,B
717,A51000C,00100,00200,LIFELINK OF PUERTO RICO
717,A51000C,00100,00400,LIFELINK FOUNDATION
717,A51000C,00100,00600,ORGAN PROCUREMENT
717,A60000C,00500,00100,N
717,B10000*,00100,00200,CAP BLDG
717,B10000*,00100,00300,CAP COSTS
717,B10000*,00100,00400,EMPLOYEE
717,B10000*,00100,00500,MEDICAL
717,B10000*,00100,00800,ORGAN
717,B10000*,00100,01000,ADMIN &
717,B10000*,00200,00200,OP PLANT &
717,B10000*,00200,00300,MOVABLE
717,B10000*,00200,00400,BENEFITS
717,B10000*,00200,00500,SUPPLIES
717,B10000*,00200,00800,ACQUISITN
717,B10000*,00200,01000,GENERAL
717,B10000*,00300,00200,HOUSEKEEP
717,B10000*,00300,00300,EQUIPMENT
717,B10000*,00300,00800,COSTS
717,B10000*,00400,00200,SQUARE SQ.
717,B10000*,00400,00300,DOLLAR
717,B10000*,00400,00400,ADJUST
717,B10000*,00400,00500,COSTED REQ
717,B10000*,00400,00800,NO. OF ORG
717,B10000*,00400,01000,ACCUM
717,B10000*,00500,00200,FT.)
717,B10000*,00500,00300,VALUE
717,B10000*,00500,00400,SALARIES
717,B10000*,00500,00500,UIS
717,B10000*,00500,00800,ANS
717,B10000*,00500,01000,COSTS
717,B10000*,00600,00200,1
717,B10000*,00600,00300,2
717,B10000*,00600,00400,3
717,B10000*,00600,00500,3
717,B10000*,00600,00800,3
717,B10000*,00600,01000,3
717,B100000,00000,01000,X
717,E000000,00900,00000,OTHER CURRENT ASSETS
717,E000000,02600,00000,OTHER FIXED ASSETS
717,E100002,00300,00000,HOME OFFICE
717,E200000,01500,00000,OUT OF SERVICE AREA FEES
717,E200000,01600,00000,MEDICARE RECIEVABLE
717,E200000,02600,00000,NON-ALLOWABLE EXPENSES
717,E200000,02700,00000,MEDICARE PAYABLE
717,S000000,00100,00100,X
717,S000000,00400,00100,2
717,S000000,00500,00100,11/07/2023
717,S000000,00600,00100,10001
717,S000000,00700,00100,N
717,S000000,00800,00100,N
717,S000000,00900,00100,10/18/2024
717,S000000,01000,00100,4
717,S000001,00100,00100,LIFELINK OF PUERTO RICO
717,S000001,00100,00200,40P002
717,S000001,00101,00100,METRO OFFICE PARK 1 CALLE1  STE 100
717,S000001,00102,00100,GUAYNABO
717,S000001,00102,00200,PR
717,S000001,00102,00300,00968
717,S000001,00300,00100,07/01/2022
717,S000001,00300,00200,06/30/2023
717,S000001,00400,00100,6
717,S000001,00400,00300,1
717,S000001,00400,00400,10/01/1999
717,S000001,00401,00300,1
717,S000002,00100,00200,Y
717,S000002,00300,00100,CFO
717,S000002,00400,00100,11/06/2023
717,S100001,00700,00100,N
717,S100001,00810,00000,INTESTINE
717,S100003,00100,00100,MEDICAL DIRECTOR
717,S100003,00100,00300,MEDICAL DIRECTOR
717,S100003,00100,00500,LAB DIRECTOR
717,S100003,00101,00100,EXEC. DIRECTOR
717,S100003,00101,00300,PROCUREMENT COORDINATOR
717,S100003,00101,00500,TECHNICIANS
717,S100003,00102,00100,CLERICAL
717,S100003,00102,00300,PRESERVATION TECHNICIANS
717,S100003,00102,00500,TISSUE TYPING TECH.
717,S100003,00103,00100,OTHER
717,S100003,00103,00300,OTHER
717,S100003,00103,00500,OTHER
717,S200000,00100,00100,N
717,S200000,00200,00100,N
717,S200000,00300,00100,Y
717,S200000,00400,00100,Y
717,S200000,00400,00200,A
717,S200000,00500,00100,Y
717,S200000,00600,00300,DIRECTOR  FINANCE & ACCOUNTING
717,S200000,00700,00100,LIFELINK FOUNDATION
718,A000000,00100,00000,0100CAPITAL COSTS-BLDG & FIXT
718,A000000,00200,00000,0200CAPITAL COSTS-MVBLE EQUIPMENT
718,A000000,00300,00000,0300EMPLOYEE BENEFITS
718,A000000,00400,00000,0400ADMINISTRATIVE & GENERAL
718,A000000,00500,00000,0500OPERATION AND MAINTENANCE OF PLANT
718,A000000,00600,00000,0600HOUSEKEEPING
718,A000000,00700,00000,0700MEDICAL SUPPLIES
718,A000000,00800,00000,0800OTHER OVERHEAD
718,A000000,00900,00000,0900PROCUREMENT COORDINATORS
718,A000000,01000,00000,1000PROFESSIONAL EDUCATION
718,A000000,01100,00000,1100PUBLIC EDUCATION
718,A000000,01300,00000,1300KIDNEY ACQUISITIONS
718,A000000,01400,00000,1400TISSUE TYPING LABORATORY
718,A000000,01500,00000,1500LIVER ACQUISITIONS
718,A000000,01600,00000,1600HEART ACQUISITIONS
718,A000000,01700,00000,1700PANCREAS ACQUISITIONS
718,A000000,01800,00000,1800LUNG ACQUISITIONS
718,A000000,01900,00000,1900OTHER ACQUISITIONS
718,A000000,02100,00000,2100RESEARCH
718,A000000,02200,00000,2200BLOOD BANK
718,A000000,02300,00000,2300LABORATORY-NON-TISSUE TYPING
718,A000000,02400,00000,2400DIALYSIS UNITS
718,A100000,01700,00000,MAIL - COURIER SERVICES
718,A100000,01800,00000,ACCREDITIATION
718,A100000,01900,00000,BILLING SERVICES
718,A100000,01901,00000,CONSULTANT
718,A100000,01902,00000,SPACE COST
718,A100000,01903,00000,UTILITIES
718,A100000,01904,00000,BUILDING MAINTANANCE
718,A100000,01905,00000,BENEFITS
718,A100000,01906,00000,LICENSURE
718,A100000,01907,00000,PURCHASED SERVICES
718,A100000,01908,00000,MISCELLANOUS
718,A300000,00600,00000,REAGENTS & SUPPLIES
718,A300000,00700,00000,CAPITAL - ILLUMIX
718,A400010,00100,00000,RECLASSIFICATIONS
718,A400010,00100,00100,A
718,A400010,00100,00200,CAPITAL COSTS-BLDG & FIXT
718,A400010,00100,00500,ADMINISTRATIVE & GENERAL
718,A400010,00200,00000,RECLASSIFICATIONS
718,A400010,00200,00100,A
718,A400010,00200,00200,OPERATION AND MAINTENANCE OF PLANT
718,A400010,00200,00500,ADMINISTRATIVE & GENERAL
718,A400010,00300,00000,RECLASSIFICATIONS
718,A400010,00300,00100,A
718,A400010,00300,00200,OPERATION AND MAINTENANCE OF PLANT
718,A400010,00300,00500,ADMINISTRATIVE & GENERAL
718,A400010,00400,00000,RECLASSIFICATIONS
718,A400010,00400,00100,A
718,A400010,00400,00200,TISSUE TYPING LABORATORY
718,A400010,00400,00500,ADMINISTRATIVE & GENERAL
718,A500010,01500,00000,EQUIP DEPRECIATION
718,A500010,01500,00100,B
718,A500010,01500,00300,CAPITAL COSTS-MVBLE EQUIPMENT
718,A500010,01600,00000,CAPITAL ILLUMIX
718,A500010,01600,00100,B
718,A500010,01600,00300,TISSUE TYPING LABORATORY
718,A51000A,00100,00100,Y
718,A51000B,00100,00200,TISSUE TYPING LABORATORY
718,A51000B,00100,00300,LABORATORY DIRECTOR
718,A51000B,00200,00200,ADMINISTRATIVE & GENERAL
718,A51000B,00200,00300,BILLING COSTS
718,A51000B,00300,00200,ADMINISTRATIVE & GENERAL
718,A51000B,00300,00300,AREA COSTS
718,A51000B,00400,00200,ADMINISTRATIVE & GENERAL
718,A51000B,00400,00300,UTILITIES
718,A51000B,00401,00200,ADMINISTRATIVE & GENERAL
718,A51000B,00401,00300,MAINTENANCE
718,A51000C,00100,00000,UNIVERSITY AND/OR MEDICAL CENTER
718,A51000C,00100,00100,G
718,A51000C,00100,00200,UCI SCHOOL OF MEDICINE
718,A51000C,00200,00000,UNIVERSITY AND/OR MEDICAL CENTER
718,A51000C,00200,00100,G
718,A51000C,00200,00200,UCI SCHOOL OF MEDICNE
718,A51000C,00300,00000,UNIVERSITY AND/OR MEDICAL CENTER
718,A51000C,00300,00100,G
718,A51000C,00300,00200,UCI MEDICAL CENTER
718,A51000C,00400,00000,UNIVERSITY AND/OR MEDICAL CENTER
718,A51000C,00400,00100,G
718,A51000C,00400,00200,UCI MEDICAL CENTER
718,A51000C,00401,00000,UNIVERSITY AND/OR MEDICAL CENTER
718,A51000C,00401,00100,G
718,A51000C,00401,00200,UCI MEDICAL CENTER
718,A51000C,10000,00200,UNIVERSITY AND/OR MEDICAL CENTER
718,A60000C,00500,00100,N
718,B10000*,00100,00200,CAP BLDG
718,B10000*,00100,00300,CAP COSTS
718,B10000*,00100,00400,EMPLOYEE
718,B10000*,00100,00500,MEDICAL
718,B10000*,00100,00800,ORGAN
718,B10000*,00100,01000,ADMIN &
718,B10000*,00200,00200,OP PLANT &
718,B10000*,00200,00300,MOVABLE
718,B10000*,00200,00400,BENEFITS
718,B10000*,00200,00500,SUPPLIES
718,B10000*,00200,00800,ACQUISITN
718,B10000*,00200,01000,GENERAL
718,B10000*,00300,00200,HOUSEKEEP
718,B10000*,00300,00300,EQUIPMENT
718,B10000*,00300,00800,COSTS
718,B10000*,00400,00200,SQUARE
718,B10000*,00400,00300,DOLLAR
718,B10000*,00400,00400,ADJUST
718,B10000*,00400,00500,COSTED
718,B10000*,00400,00800,NUMBER
718,B10000*,00400,01000,ACCUM
718,B10000*,00500,00200,FEET
718,B10000*,00500,00300,VALUE
718,B10000*,00500,00400,SALARIES
718,B10000*,00500,00500,REQUISIT
718,B10000*,00500,00800,ORGANS
718,B10000*,00500,01000,COSTS
718,B10000*,00600,00200,1
718,B10000*,00600,00300,2
718,B10000*,00600,00400,3
718,B10000*,00600,00500,3
718,B10000*,00600,00800,3
718,B10000*,00600,01000,3
718,B100000,00000,01000,X
718,E000000,00900,00000,OTHER CURRENT ASSETS
718,E000000,02600,00000,OTHER FIXED ASSETS
718,S000000,00100,00100,X
718,S000000,00400,00100,2
718,S000000,00500,00100,12/13/2023
718,S000000,00600,00100,10001
718,S000000,00700,00100,N
718,S000000,00800,00100,N
718,S000000,00900,00100,10/21/2024
718,S000000,01000,00100,4
718,S000001,00100,00100,UC IRVINE HLA TISSUE TYPING LAB
718,S000001,00100,00200,05HL09
718,S000001,00101,00100,101 THE CITY DRIVE SOUTH BLDG G54
718,S000001,00102,00100,ORANGE
718,S000001,00102,00200,CA
718,S000001,00102,00300,92868
718,S000001,00300,00100,07/01/2022
718,S000001,00300,00200,06/30/2023
718,S000001,00400,00100,8
718,S000001,00400,00300,2
718,S000001,00400,00400,09/20/2002
718,S000001,00401,00300,2
718,S000002,00300,00100,SENIOR DIRECTOR
718,S100001,00700,00100,N
718,S100001,00810,00000,OTHER
718,S100002,00400,00100,HLA CLASS I & II LOW RES KIDNEY
718,S100002,00401,00100,AUTOLOGOUS T & B CELSS X-MAT KIDNEY
718,S100002,00402,00100,ANTIBODY SCREEN CLASS I & II KIDNEY
718,S100002,00403,00100,SINGLE ANTIGN CLASS I KIDNEY
718,S100002,00404,00100,SINGLE ANTIGN CLASS II KIDNEY
718,S100002,00405,00100,SINGLE ANTIGN CLASS I KIDNEY
718,S100002,00406,00100,SINGLE ANTIGN CLASS II KINDEY
718,S100002,00407,00100,T& B CELL X-MATCH W/PRONASE
718,S100002,00408,00100,T & B  CELL X-MATCH W/PRNASE
718,S100002,00409,00100,SPECIMEN PROCESSING
718,S100002,00410,00100,HLA DECREASED DONOR XM
718,S100002,00412,00100,HLA CLASS I & II HIGH RES TYOING BM
718,S100002,00413,00100,ABTIBODY SCREEN CLASS I & II BM
718,S100002,00414,00100,SINGLE ANTIGN ANTOBODY ID CLASS I
718,S100002,00415,00100,SINGLE ANTIGN ANIBODY ID CLASS II BM
718,S100002,00416,00100,HLA A B  C CLASS I MOLECULAR BM
718,S100002,00417,00100,HLA DR  DQ CLASS II MOLECULAR BM
718,S100003,00100,00100,MEDICAL DIRECTOR
718,S100003,00100,00300,MEDICAL DIRECTOR
718,S100003,00100,00500,LAB DIRECTOR
718,S100003,00101,00100,EXEC. DIRECTOR
718,S100003,00101,00300,PROCUREMENT COORDINATOR
718,S100003,00101,00500,TECHNICIANS
718,S100003,00102,00100,CLERICAL
718,S100003,00102,00300,PRESERVATION TECHNICIANS
718,S100003,00102,00500,TISSUE TYPING TECH.
718,S100003,00103,00100,OTHER
718,S100003,00103,00300,OTHER
718,S100003,00103,00500,OTHER
718,S200000,00100,00100,N
718,S200000,00200,00100,N
718,S200000,00300,00100,Y
718,S200000,00400,00100,N
718,S200000,00500,00100,N
718,S200000,00600,00300,CONSULTANT
718,S200000,00700,00100,E & L CONSULTING
722,A000000,00100,00000,0100CAPITAL COSTS-BLDG & FIXT
722,A000000,00200,00000,0200CAPITAL COSTS-MVBLE EQUIPMENT
722,A000000,00300,00000,0300EMPLOYEE BENEFITS
722,A000000,00400,00000,0400ADMINISTRATIVE & GENERAL
722,A000000,00500,00000,0500OPERATION AND MAINTENANCE OF PLANT
722,A000000,00600,00000,0600HOUSEKEEPING
722,A000000,00700,00000,0700MEDICAL SUPPLIES
722,A000000,00800,00000,0800OTHER OVERHEAD
722,A000000,00900,00000,0900PROCUREMENT COORDINATORS
722,A000000,01000,00000,1000PROFESSIONAL EDUCATION
722,A000000,01100,00000,1100PUBLIC EDUCATION
722,A000000,01200,00000,1200OTHER ACQUISITION
722,A000000,01300,00000,1300KIDNEY ACQUISITIONS
722,A000000,01400,00000,1400TISSUE TYPING LABORATORY
722,A000000,01500,00000,1500LIVER ACQUISITIONS
722,A000000,01600,00000,1600HEART ACQUISITIONS
722,A000000,01700,00000,1700PANCREAS ACQUISITIONS
722,A000000,01800,00000,1800LUNG ACQUISITIONS
722,A000000,01900,00000,1900OTHER ACQUISITIONS
722,A000000,02100,00000,2100RESEARCH
722,A000000,02200,00000,2200BLOOD BANK
722,A000000,02300,00000,2300LABORATORY-NON-TISSUE TYPING
722,A000000,02400,00000,2400DIALYSIS UNITS
722,A000000,02500,00000,2500OTHER NON-REIMBURSABLE
722,A100000,01700,00000,DEPRECIATION
722,A100000,01800,00000,FACILITY OVERHEAD
722,A300000,00600,00000,MAINTENANCE AND OPERATION
722,A51000A,00100,00100,N
722,A60000C,00500,00100,N
722,B10000*,00100,00200,CAP BLDG
722,B10000*,00100,00300,CAP COSTS
722,B10000*,00100,00400,EMPLOYEE
722,B10000*,00100,00500,MEDICAL
722,B10000*,00100,00800,ORGAN
722,B10000*,00100,01000,ADMIN &
722,B10000*,00200,00200,OP PLANT &
722,B10000*,00200,00300,MOVABLE
722,B10000*,00200,00400,BENEFITS
722,B10000*,00200,00500,SUPPLIES
722,B10000*,00200,00800,ACQUISITN
722,B10000*,00200,01000,GENERAL
722,B10000*,00300,00200,HOUSEKEEP
722,B10000*,00300,00300,EQUIPMENT
722,B10000*,00300,00800,COSTS
722,B10000*,00400,00200,SQUARE
722,B10000*,00400,00300,DOLLAR
722,B10000*,00400,00400,ADJUST
722,B10000*,00400,00500,COSTED
722,B10000*,00400,00800,NUMBER
722,B10000*,00400,01000,ACCUM
722,B10000*,00500,00200,FEET
722,B10000*,00500,00300,VALUE
722,B10000*,00500,00400,SALARIES
722,B10000*,00500,00500,REQUISIT
722,B10000*,00500,00800,ORGANS
722,B10000*,00500,01000,COSTS
722,B10000*,00600,00200,1
722,B10000*,00600,00300,2
722,B10000*,00600,00400,3
722,B10000*,00600,00500,3
722,B10000*,00600,00800,3
722,B10000*,00600,01000,3
722,B100000,00000,01000,X
722,S000000,00100,00100,X
722,S000000,00400,00100,2
722,S000000,00500,00100,11/29/2023
722,S000000,00600,00100,10001
722,S000000,00700,00100,N
722,S000000,00800,00100,N
722,S000000,00900,00100,11/01/2024
722,S000000,01000,00100,4
722,S000001,00100,00100,BCM EVALUATION LAB
722,S000001,00100,00200,45HL13
722,S000001,00101,00100,ONE BAYLOR PLAZA  MS BCM504
722,S000001,00102,00100,HOUSTON
722,S000001,00102,00200,TX
722,S000001,00102,00300,77030
722,S000001,00300,00100,07/01/2022
722,S000001,00300,00200,06/30/2023
722,S000001,00400,00100,2
722,S000001,00400,00300,2
722,S000001,00400,00400,11/30/2011
722,S000001,00401,00300,1
722,S000002,00300,00100,ASSISTANT PROFESSOR AND LAB DIRECTOR
722,S100001,00700,00100,N
722,S100001,00810,00000,OTHER
722,S100002,00400,00100,ABO  RH
722,S100002,00401,00100,HLA A  B  C
722,S100002,00402,00100,HLA DR  DQ  DP
722,S100002,00403,00100,AHG-PRA
722,S100002,00404,00100,FLOW-PRA (C I  C II)
722,S100002,00405,00100,FLOW-PRA (TREATED SERUM. C I  C II)
722,S100002,00406,00100,CROSS MATCHES (AUTO  AHG  T&B  FLOW)
722,S100002,00407,00100,ANTIBODY IDENTIFICATION (C I  C II)
722,S100002,00408,00100,ANTIBODY IDENTIFICATION TITRATION (C
722,S100002,00409,00100,ANTIBODY IDENTIFICATION ( TREATED SE
722,S100002,00410,00100,ANTIBODY IDENTIFICATION TITRATION (T
722,S100002,00411,00100,C1Q
722,S100003,00100,00100,MEDICAL DIRECTOR
722,S100003,00100,00300,MEDICAL DIRECTOR
722,S100003,00100,00500,LAB DIRECTOR
722,S100003,00101,00100,EXEC. DIRECTOR
722,S100003,00101,00300,PROCUREMENT COORDINATOR
722,S100003,00101,00500,TECHNICIANS
722,S100003,00102,00100,CLERICAL
722,S100003,00102,00300,PRESERVATION TECHNICIANS
722,S100003,00102,00500,TISSUE TYPING TECH.
722,S100003,00103,00100,OTHER
722,S100003,00103,00300,OTHER
722,S100003,00103,00500,OTHER
722,S200000,00100,00100,N
722,S200000,00200,00100,N
722,S200000,00300,00100,N
722,S200000,00400,00100,N
722,S200000,00500,00100,Y
722,S200000,00600,00300,ASSISTANT PROFESSOR AND LAB DIRECTOR
722,S200000,00700,00100,BAYLOR COLLEGE OF MEDICINE
