68,A000000,00100,00000,0100CAPITAL COSTS-BLDG & FIXT
68,A000000,00200,00000,0200CAPITAL COSTS-MVBLE EQUIPMENT
68,A000000,00300,00000,0300EMPLOYEE BENEFITS
68,A000000,00400,00000,0400ADMINISTRATIVE & GENERAL
68,A000000,00500,00000,0500OPERATION AND MAINTENANCE OF PLANT
68,A000000,00600,00000,0600HOUSEKEEPING
68,A000000,00700,00000,0700MEDICAL SUPPLIES
68,A000000,00800,00000,0800OTHER OVERHEAD
68,A000000,00900,00000,0900PROCUREMENT COORDINATORS
68,A000000,01000,00000,1000PROFESSIONAL EDUCATION
68,A000000,01100,00000,1100PUBLIC EDUCATION
68,A000000,01200,00000,1200OTHER ACQUISITION
68,A000000,01300,00000,1300KIDNEY ACQUISITIONS
68,A000000,01400,00000,1400TISSUE TYPING LABORATORY
68,A000000,01500,00000,1500LIVER ACQUISITIONS
68,A000000,01600,00000,1600HEART ACQUISITIONS
68,A000000,01700,00000,1700PANCREAS ACQUISITIONS
68,A000000,01800,00000,1800LUNG ACQUISITIONS
68,A000000,01900,00000,1900OTHER ACQUISITIONS
68,A000000,02100,00000,2100RESEARCH
68,A000000,02200,00000,2200BLOOD BANK
68,A000000,02300,00000,2300LABORATORY-NON-TISSUE TYPING
68,A000000,02400,00000,2400DIALYSIS UNITS
68,A000000,02500,00000,2500OTHER NON-REIMBURSABLE
68,A51000A,00100,00100,N
68,S000000,00100,00100,X
68,S000000,00400,00100,2
68,S000000,00500,00100,07/27/2021
68,S000000,00600,00100,10001
68,S000000,00700,00100,N
68,S000000,00800,00100,N
68,S000000,00900,00100,09/08/2021
68,S000000,01000,00100,4
68,S000001,00100,00100,OKLAHOMA BLOOD INSTITUTE
68,S000001,00100,00200,37HL01
68,S000001,00101,00100,1001 N. LINCOLN BLVD
68,S000001,00102,00100,OKLAHOMA CITY
68,S000001,00102,00200,OK
68,S000001,00102,00300,73104
68,S000001,00300,00100,04/01/2020
68,S000001,00300,00200,03/31/2021
68,S000001,00400,00100,2
68,S000001,00400,00300,1
68,S000001,00400,00400,12/01/1985
68,S000001,00401,00300,1
68,S100001,00700,00100,N
68,S100001,00810,00000,OTHER
68,S100003,00100,00100,MEDICAL DIRECTOR
68,S100003,00100,00300,MEDICAL DIRECTOR
68,S100003,00100,00500,LAB DIRECTOR
68,S100003,00101,00100,EXEC. DIRECTOR
68,S100003,00101,00300,PROCUREMENT COORDINATOR
68,S100003,00101,00500,TECHNICIANS
68,S100003,00102,00100,CLERICAL
68,S100003,00102,00300,PRESERVATION TECHNICIANS
68,S100003,00102,00500,TISSUE TYPING TECH.
68,S100003,00103,00100,OTHER
68,S100003,00103,00300,OTHER
68,S100003,00103,00500,OTHER
68,S200000,00100,00100,N
68,S200000,00200,00100,N
68,S200000,00300,00100,N
68,S200000,00400,00100,N
68,S200000,00500,00100,N
70,A000000,00100,00000,0100CAPITAL COSTS-BLDG & FIXT
70,A000000,00200,00000,0200CAPITAL COSTS-MVBLE EQUIPMENT
70,A000000,00300,00000,0300EMPLOYEE BENEFITS
70,A000000,00400,00000,0400ADMINISTRATIVE & GENERAL
70,A000000,00500,00000,0500OPERATION AND MAINTENANCE OF PLANT
70,A000000,00600,00000,0600HOUSEKEEPING
70,A000000,00700,00000,0700MEDICAL SUPPLIES
70,A000000,00800,00000,0801ORGAN ACQUISITION OVERHEAD
70,A000000,00900,00000,0900PROCUREMENT COORDINATORS
70,A000000,01000,00000,1000PROFESSIONAL EDUCATION
70,A000000,01100,00000,1100PUBLIC EDUCATION
70,A000000,01200,00000,1200OTHER ACQUISITION
70,A000000,01300,00000,1300KIDNEY ACQUISITIONS
70,A000000,01400,00000,1400TISSUE TYPING LABORATORY
70,A000000,01500,00000,1500LIVER ACQUISITIONS
70,A000000,01600,00000,1600HEART ACQUISITIONS
70,A000000,01700,00000,1700PANCREAS ACQUISITIONS
70,A000000,01800,00000,1800LUNG ACQUISITIONS
70,A000000,01900,00000,1900SB/I
70,A000000,01901,00000,1901ISLETS
70,A000000,02100,00000,2100RESEARCH
70,A000000,02200,00000,2200BLOOD BANK
70,A000000,02300,00000,2300LABORATORY-NON-TISSUE TYPING
70,A000000,02400,00000,2400DIALYSIS UNITS
70,A000000,02500,00000,2500TISSUE
70,A000000,02501,00000,2501FOUNDATION
70,A000000,02502,00000,2502NON ALLOWABLE SQ FEET
70,A100000,01700,00000,BAD DEBT EXPENSE
70,A100000,01800,00000,BOARD OF DIRECTORS
70,A100000,01900,00000,CONTRACT LABOR
70,A100000,01901,00000,EMPLOYEE BENEFITS
70,A100000,01902,00000,MINOR EQUIP
70,A100000,01903,00000,OTHER
70,A100000,01904,00000,POSTAGE
70,A100000,01905,00000,DONATIONS
70,A20H000,00900,00000,CARDIAC CATH
70,A20H000,00901,00000,EKG
70,A20H000,00902,00000,RADIOLOGY
70,A20H000,02100,00000,ACQUISITION FEE
70,A20H000,02101,00000,ACCTG  LEGAL & AUDIT
70,A20H000,02102,00000,CONTRACT LABOR
70,A20H000,02103,00000,OTHER
70,A20K000,00900,00000,CARDIAC CATH
70,A20K000,00901,00000,EKG
70,A20K000,00902,00000,RADIOLOGY
70,A20K000,00903,00000,BRONCHOSCOPY
70,A20K000,02100,00000,ACQUISITION FEE
70,A20K000,02101,00000,ACCTG  LEGAL & AUDIT
70,A20K000,02102,00000,CONTRACT LABOR
70,A20K000,02103,00000,OTHER
70,A20L000,00900,00000,CARDIAC CATH
70,A20L000,00901,00000,EKG
70,A20L000,00902,00000,RADIOLOGY
70,A20L000,02100,00000,ACQUISITION FEE
70,A20L000,02101,00000,ACCTG  LEGAL & AUDIT
70,A20L000,02102,00000,CONTRACT LABOR
70,A20L000,02103,00000,OTHER
70,A20O000,00900,00000,CARDIAC CATH
70,A20O000,00901,00000,EKG
70,A20O000,00902,00000,RADIOLOGY
70,A20O000,02100,00000,ACQUISITION FEE
70,A20O000,02101,00000,ACCTG  LEGAL & AUDIT
70,A20O000,02102,00000,CONTRACT LABOR
70,A20O000,02103,00000,OTHER
70,A20O001,02100,00000,OTHER
70,A20O001,02103,00000,OTHER
70,A20P000,00900,00000,CARDIAC CATH
70,A20P000,00901,00000,EKG
70,A20P000,00902,00000,RADIOLOGY
70,A20P000,02100,00000,ACQUISITION FEE
70,A20P000,02101,00000,ACCTG  LEGAL & AUDIT
70,A20P000,02102,00000,CONTRACT LABOR
70,A20P000,02103,00000,OTHER
70,A20U000,00900,00000,CARDIAC CATH
70,A20U000,00901,00000,EKG
70,A20U000,00902,00000,RADIOLOGY
70,A20U000,00903,00000,BRONCHOSCOPY
70,A20U000,02100,00000,ACQUISITION FEE
70,A20U000,02101,00000,ACCTG  LEGAL & AUDIT
70,A20U000,02102,00000,CONTRACT LABOR
70,A20U000,02103,00000,OTHER
70,A400010,00100,00000,PROFESSIONAL EDUCATION TO TISSUE
70,A400010,00100,00100,A
70,A400010,00100,00200,TISSUE
70,A400010,00100,00500,PROFESSIONAL EDUCATION
70,A400010,00200,00000,DEPRECIATION RECLASS
70,A400010,00200,00100,B
70,A400010,00200,00200,CAPITAL COSTS-BLDG & FIXT
70,A400010,00200,00500,CAPITAL COSTS-MVBLE EQUIPMENT
70,A400010,00300,00000,PROPERTY TAX
70,A400010,00300,00100,C
70,A400010,00300,00200,CAPITAL COSTS-BLDG & FIXT
70,A400010,00300,00500,ADMINISTRATIVE & GENERAL
70,A400010,00400,00000,STEP DOWN CAPITAL TO A&G
70,A400010,00400,00100,D
70,A400010,00400,00200,ADMINISTRATIVE & GENERAL
70,A400010,00400,00500,CAPITAL COSTS-BLDG & FIXT
70,A400010,00500,00000,STEP DOWN CAPITAL TO A&G
70,A400010,00500,00100,D
70,A400010,00500,00500,CAPITAL COSTS-MVBLE EQUIPMENT
70,A400010,00600,00000,NON-FOUNDATION A&G ALLOCATION
70,A400010,00600,00100,E
70,A400010,00600,00200,ORGAN ACQUISITION OVERHEAD
70,A400010,00600,00500,ADMINISTRATIVE & GENERAL
70,A400010,00700,00000,SRC RECLASS
70,A400010,00700,00100,F
70,A400010,00700,00200,PROCUREMENT COORDINATORS
70,A400010,00700,00500,TISSUE
70,A500010,00800,00100,B
70,A500010,00800,00300,PROCUREMENT COORDINATORS
70,A500010,01500,00000,FOUNDATION OPERATING EXPENSE
70,A500010,01500,00100,A
70,A500010,01500,00300,FOUNDATION
70,A500010,01601,00000,OTHER NON ALLOWABLE LINE EXPENSE
70,A500010,01601,00100,A
70,A500010,01601,00300,ADMINISTRATIVE & GENERAL
70,A500010,01602,00000,OTHER NON ALLOWABLE LINE EXPENSE
70,A500010,01602,00100,A
70,A500010,01602,00300,PANCREAS ACQUISITIONS
70,A500010,01603,00000,OTHER NON ALLOWABLE LINE EXPENSE
70,A500010,01603,00100,A
70,A500010,01603,00300,PROFESSIONAL EDUCATION
70,A500010,01604,00000,OTHER NON ALLOWABLE LINE EXPENSE
70,A500010,01604,00100,A
70,A500010,01604,00300,TISSUE
70,A500010,01605,00000,OTHER NON ALLOWABLE LINE EXPENSE
70,A500010,01605,00100,A
70,A500010,01605,00300,KIDNEY ACQUISITIONS
70,A51000A,00100,00100,N
70,B10000*,00100,00200,CAP BLDG
70,B10000*,00100,00300,CAP COSTS
70,B10000*,00100,00400,EMPLOYEE
70,B10000*,00100,00500,MEDICAL
70,B10000*,00100,00800,ORGAN
70,B10000*,00100,01000,ADMIN &
70,B10000*,00200,00200,OP PLANT &
70,B10000*,00200,00300,MOVABLE
70,B10000*,00200,00400,BENEFITS
70,B10000*,00200,00500,SUPPLIES
70,B10000*,00200,00800,ACQUISITN
70,B10000*,00200,01000,GENERAL
70,B10000*,00300,00200,HOUSEKEEP
70,B10000*,00300,00300,EQUIPMENT
70,B10000*,00300,00800,COSTS
70,B10000*,00400,00200,SQUARE
70,B10000*,00400,00300,SQUARE
70,B10000*,00400,00400,ADJUST
70,B10000*,00400,00500,COSTED
70,B10000*,00400,00600,ACCUM
70,B10000*,00400,00800,NUMBER
70,B10000*,00400,01000,ACCUM
70,B10000*,00500,00200,FEET
70,B10000*,00500,00300,FEET
70,B10000*,00500,00400,SALARIES
70,B10000*,00500,00500,REQUISIT
70,B10000*,00500,00600,COSTS
70,B10000*,00500,00800,ORGANS
70,B10000*,00500,01000,COSTS
70,B10000*,00600,00200,1
70,B10000*,00600,00300,2
70,B10000*,00600,00400,3
70,B10000*,00600,00500,3
70,B10000*,00600,00800,3
70,B10000*,00600,01000,3
70,B100000,00000,01000,X
70,E000000,00900,00000,OTHER CURRENT ASSETS
70,E000000,02600,00000,OTHER FIXED ASSETS
70,E000000,03900,00000,DEFERRED RENT
70,E000000,04100,00000,DUE TO MEDICARE
70,S000000,00100,00100,X
70,S000000,00400,00100,1
70,S000000,00500,00100,08/02/2021
70,S000000,00600,00100,10001
70,S000000,00700,00100,N
70,S000000,00800,00100,N
70,S000000,01000,00100,4
70,S000001,00100,00100,ONELEGACY
70,S000001,00100,00200,05P003
70,S000001,00101,00100,221 SOUTH FIGUEROA STREET
70,S000001,00102,00100,LOS ANGELES
70,S000001,00102,00200,CA
70,S000001,00102,00300,90012
70,S000001,00300,00100,01/01/2020
70,S000001,00300,00200,12/31/2020
70,S000001,00400,00100,8
70,S000001,00400,00300,1
70,S000001,00400,00400,01/01/1978
70,S000001,00401,00300,1
70,S000002,00100,00200,Y
70,S000002,00300,00100,CFO
70,S000002,00400,00100,07/30/2021
70,S100001,00700,00100,N
70,S100001,00810,00000,SB/I
70,S100001,00811,00000,OTHER TISSUE
70,S100003,00100,00100,MEDICAL DIRECTOR
70,S100003,00100,00300,MEDICAL DIRECTOR
70,S100003,00100,00500,LAB DIRECTOR
70,S100003,00101,00100,EXEC. DIRECTOR
70,S100003,00101,00300,PROCUREMENT COORDINATOR
70,S100003,00101,00500,TECHNICIANS
70,S100003,00102,00100,CLERICAL
70,S100003,00102,00300,PRESERVATION TECHNICIANS
70,S100003,00102,00500,TISSUE TYPING TECH.
70,S100003,00103,00100,OTHER
70,S100003,00103,00300,OTHER
70,S100003,00103,00500,OTHER
70,S200000,00100,00100,N
70,S200000,00200,00100,N
70,S200000,00300,00100,N
70,S200000,00400,00100,Y
70,S200000,00400,00200,A
70,S200000,00500,00100,N
70,S200000,00600,00300,CHIEF FINANCIAL OFFICER
70,S200000,00700,00100,ONE LEGACY
167,A000000,00100,00000,0100CAPITAL COSTS-BLDG & FIXT
167,A000000,00200,00000,0200CAPITAL COSTS-MVBLE EQUIPMENT
167,A000000,00300,00000,0300EMPLOYEE BENEFITS
167,A000000,00400,00000,0400ADMINISTRATIVE & GENERAL
167,A000000,00500,00000,0500OPERATION AND MAINTENANCE OF PLANT
167,A000000,00600,00000,0600HOUSEKEEPING
167,A000000,00700,00000,0700MEDICAL SUPPLIES
167,A000000,00800,00000,0800OTHER OVERHEAD
167,A000000,00900,00000,0900PROCUREMENT COORDINATORS
167,A000000,01000,00000,1000PROFESSIONAL EDUCATION
167,A000000,01100,00000,1100PUBLIC EDUCATION
167,A000000,01200,00000,1200OTHER ACQUISITION
167,A000000,01300,00000,1300KIDNEY ACQUISITIONS
167,A000000,01400,00000,1400TISSUE TYPING LABORATORY
167,A000000,01500,00000,1500LIVER ACQUISITIONS
167,A000000,01600,00000,1600HEART ACQUISITIONS
167,A000000,01700,00000,1700PANCREAS ACQUISITIONS
167,A000000,01800,00000,1800LUNG ACQUISITIONS
167,A000000,01900,00000,1900OTHER ACQUISITIONS
167,A000000,02100,00000,2100RESEARCH
167,A000000,02200,00000,2200BLOOD BANK
167,A000000,02300,00000,2300LABORATORY-NON-TISSUE TYPING
167,A000000,02400,00000,2400DIALYSIS UNITS
167,A000000,02500,00000,2500OTHER NON-REIMBURSABLE
167,A51000A,00100,00100,N
167,S000000,00100,00100,X
167,S000000,00400,00100,2
167,S000000,00500,00100,04/26/2021
167,S000000,00600,00100,10001
167,S000000,00700,00100,N
167,S000000,00800,00100,N
167,S000000,00900,00100,05/05/2021
167,S000000,01000,00100,4
167,S000001,00100,00100,COMMUNITY BLOOD CENTER
167,S000001,00100,00200,36HL06
167,S000001,00101,00100,349 S MAIN STREET
167,S000001,00102,00100,DAYTON
167,S000001,00102,00200,OH
167,S000001,00102,00300,45402-2715
167,S000001,00300,00100,01/01/2020
167,S000001,00300,00200,12/31/2020
167,S000001,00400,00100,4
167,S000001,00400,00300,2
167,S000001,00400,00400,10/22/1983
167,S000001,00401,00300,1
167,S100001,00700,00100,N
167,S100001,00810,00000,OTHER
167,S100003,00100,00100,MEDICAL DIRECTOR
167,S100003,00100,00300,MEDICAL DIRECTOR
167,S100003,00100,00500,LAB DIRECTOR
167,S100003,00101,00100,EXEC. DIRECTOR
167,S100003,00101,00300,PROCUREMENT COORDINATOR
167,S100003,00101,00500,TECHNICIANS
167,S100003,00102,00100,CLERICAL
167,S100003,00102,00300,PRESERVATION TECHNICIANS
167,S100003,00102,00500,TISSUE TYPING TECH.
167,S100003,00103,00100,OTHER
167,S100003,00103,00300,OTHER
167,S100003,00103,00500,OTHER
167,S200000,00100,00100,N
167,S200000,00200,00100,N
167,S200000,00300,00100,N
167,S200000,00400,00100,N
167,S200000,00500,00100,N
194,A000000,00100,00000,0100CAPITAL COSTS-BLDG & FIXT
194,A000000,00200,00000,0200CAPITAL COSTS-MVBLE EQUIPMENT
194,A000000,00300,00000,0300EMPLOYEE BENEFITS
194,A000000,00400,00000,0400ADMINISTRATIVE & GENERAL
194,A000000,00500,00000,0500OPERATION AND MAINTENANCE OF PLANT
194,A000000,00600,00000,0600HOUSEKEEPING
194,A000000,00700,00000,0700MEDICAL SUPPLIES
194,A000000,00800,00000,0800DATA PROCESSING
194,A000000,00801,00000,0801SERUM CYTO MCRO TRAYS
194,A000000,00900,00000,0900PROCUREMENT COORDINATORS
194,A000000,01000,00000,1000PROFESSIONAL EDUCATION
194,A000000,01100,00000,1100PUBLIC EDUCATION
194,A000000,01300,00000,1300KIDNEY ACQUISITIONS
194,A000000,01400,00000,1400TISSUE TYPING LABORATORY
194,A000000,01500,00000,1500LIVER ACQUISITIONS
194,A000000,01600,00000,1600HEART ACQUISITIONS
194,A000000,01700,00000,1700PANCREAS ACQUISITIONS
194,A000000,01800,00000,1800LUNG ACQUISITIONS
194,A000000,01900,00000,1900OTHER ACQUISITIONS
194,A000000,02100,00000,2100RESEARCH
194,A000000,02200,00000,2200BLOOD BANK
194,A000000,02300,00000,2300LABORATORY-NON-TISSUE TYPING
194,A000000,02400,00000,2400DIALYSIS UNITS
194,A000000,02500,00000,2500UNRELATED BONE MARROW DONOR
194,A000000,02502,00000,2502RESEARCH AND REFERENCE 61603
194,A100000,01700,00000,OPERATION OF PLANT
194,A100000,01800,00000,HOUSEKEEPING
194,A100000,01900,00000,OTHER ADMIN AND GENERAL
194,A300000,00600,00000,OFFICE SUPPLY
194,A300000,00700,00000,INVENTORIAL EQUIPMENT
194,A300000,00800,00000,TRAVEL
194,A300000,00900,00000,OTHER
194,A400010,00100,00000,CAPITAL BUILDING-RENTAL
194,A400010,00100,00100,A
194,A400010,00100,00200,CAPITAL COSTS-BLDG & FIXT
194,A400010,00100,00500,TISSUE TYPING LABORATORY
194,A400010,00200,00000,CAPITAL COSTS -MVBLE EQUIP
194,A400010,00200,00100,B
194,A400010,00200,00200,CAPITAL COSTS-MVBLE EQUIPMENT
194,A400010,00200,00500,TISSUE TYPING LABORATORY
194,A400010,00300,00000,OPERATION OF PLANT
194,A400010,00300,00100,C
194,A400010,00300,00200,OPERATION AND MAINTENANCE OF PLANT
194,A400010,00300,00500,ADMINISTRATIVE & GENERAL
194,A400010,00400,00000,OPERATION OF PLANT
194,A400010,00400,00100,C
194,A400010,00400,00500,TISSUE TYPING LABORATORY
194,A400010,00500,00000,OPERATION OF PLANT
194,A400010,00500,00100,C
194,A400010,00500,00500,RESEARCH
194,A400010,00600,00000,OPERATION OF PLANT
194,A400010,00600,00100,C
194,A400010,00600,00500,RESEARCH AND REFERENCE 61603
194,A400010,00700,00000,HOUSEKEEPING
194,A400010,00700,00100,D
194,A400010,00700,00200,HOUSEKEEPING
194,A400010,00700,00500,ADMINISTRATIVE & GENERAL
194,A400010,00800,00000,HOUSEKEEPING
194,A400010,00800,00100,D
194,A400010,00800,00500,TISSUE TYPING LABORATORY
194,A400010,00900,00000,HOUSEKEEPING
194,A400010,00900,00100,D
194,A400010,00900,00500,RESEARCH AND REFERENCE 61603
194,A400010,01000,00000,SALARIES RECLASS
194,A400010,01000,00100,E
194,A400010,01000,00200,ADMINISTRATIVE & GENERAL
194,A400010,01000,00500,RESEARCH
194,A400010,01100,00000,SALARIES RECLASS
194,A400010,01100,00100,E
194,A400010,01100,00200,TISSUE TYPING LABORATORY
194,A400010,01200,00000,SERUM CYTO MCRO TRAYS
194,A400010,01200,00100,G
194,A400010,01200,00200,SERUM CYTO MCRO TRAYS
194,A400010,01200,00500,RESEARCH
194,A500010,01601,00000,AMORTIZATION OF EQUIP
194,A500010,01601,00100,A
194,A500010,01601,00300,CAPITAL COSTS-MVBLE EQUIPMENT
194,A500010,01602,00000,2021 INVENTORIAL EQUIPMENT
194,A500010,01602,00100,A
194,A500010,01602,00300,CAPITAL COSTS-MVBLE EQUIPMENT
194,A500010,01603,00000,ACADEMIC OVERHEAD RESEARCH
194,A500010,01603,00100,A
194,A500010,01603,00300,RESEARCH
194,A500010,01604,00000,ACADEMIC OVERHEAD ADJ
194,A500010,01604,00100,A
194,A500010,01604,00300,RESEARCH AND REFERENCE 61603
194,A500010,01605,00000,LABORATORY REVENUE RECHARGES
194,A500010,01605,00100,A
194,A500010,01605,00300,TISSUE TYPING LABORATORY
194,A500010,01606,00000,LABORATORY REVENUE RECHARGES
194,A500010,01606,00100,A
194,A500010,01606,00300,RESEARCH AND REFERENCE 61603
194,A500010,01607,00000,LABORATORY REVENUE RECHARGES
194,A500010,01607,00100,A
194,A500010,01607,00300,RESEARCH
194,A500010,01608,00000,LABORATORY REVENUE RECHARGES
194,A500010,01608,00100,A
194,A500010,01608,00300,ADMINISTRATIVE & GENERAL
194,A500010,01609,00000,REMOVE INTERDEPARTMENTAL SUPPORT
194,A500010,01609,00100,A
194,A500010,01609,00300,RESEARCH
194,A51000A,00100,00100,Y
194,A51000B,00100,00200,ADMINISTRATIVE & GENERAL
194,A51000B,00100,00300,UNIVERSITY OVERHEAD
194,A51000C,00100,00100,G
194,A51000C,00100,00200,UCLA
194,A51000C,00100,00400,UCLA
194,A51000C,00100,00600,UNIVERSITY
194,A60000C,00500,00100,N
194,B10000*,00100,00200,CAP BLDG
194,B10000*,00100,00300,CAP COSTS
194,B10000*,00100,00400,EMPLOYEE
194,B10000*,00100,00500,MEDICAL
194,B10000*,00100,00800,ORGAN
194,B10000*,00100,01000,ADMIN &
194,B10000*,00200,00200,OP PLANT &
194,B10000*,00200,00300,MOVABLE
194,B10000*,00200,00400,BENEFITS
194,B10000*,00200,00500,SUPPLIES
194,B10000*,00200,00800,ACQUISITN
194,B10000*,00200,01000,GENERAL
194,B10000*,00300,00200,HOUSEKEEP
194,B10000*,00300,00300,EQUIPMENT
194,B10000*,00300,00800,COSTS
194,B10000*,00400,00200,SQUARE
194,B10000*,00400,00300,DOLLAR
194,B10000*,00400,00400,ADJUST
194,B10000*,00400,00500,COSTED
194,B10000*,00400,00600,UNDEFINED
194,B10000*,00400,00800,NUMBER
194,B10000*,00400,01000,ACCUM
194,B10000*,00500,00200,FEET
194,B10000*,00500,00300,VALUE
194,B10000*,00500,00400,SALARIES
194,B10000*,00500,00500,REQUISIT
194,B10000*,00500,00800,ORGANS
194,B10000*,00500,01000,COSTS
194,B10000*,00600,00200,1
194,B10000*,00600,00300,2
194,B10000*,00600,00400,3
194,B10000*,00600,00500,3
194,B10000*,00600,00800,3
194,B10000*,00600,01000,3
194,B100000,00000,01000,X
194,E100002,00300,00000,ADD IN A-5 ADJUSTMENTS
194,S000000,00100,00100,X
194,S000000,00400,00100,1
194,S000000,00500,00100,11/29/2021
194,S000000,00600,00100,10001
194,S000000,00700,00100,N
194,S000000,00800,00100,N
194,S000000,01000,00100,4
194,S000001,00100,00100,UCLA IMMUNOGENETICS LAB
194,S000001,00100,00200,05HL03
194,S000001,00101,00100,1000 VETERAN AVENUE
194,S000001,00102,00100,LOS ANGELES
194,S000001,00102,00200,CA
194,S000001,00102,00300,90024
194,S000001,00300,00100,07/01/2020
194,S000001,00300,00200,06/30/2021
194,S000001,00400,00100,10
194,S000001,00400,00300,2
194,S000001,00400,00400,04/01/1978
194,S000001,00401,00300,1
194,S000002,00100,00200,Y
194,S000002,00300,00100,CHIEF ADMINISTRATIVE OFFICER
194,S000002,00400,00100,11/22/2021
194,S100001,00700,00100,N
194,S100001,00810,00000,OTHER
194,S100002,00400,00100,SERA STORAGE
194,S100002,00401,00100,SINGLE ANTIGEN ANTIBODY ID CLASS I &
194,S100002,00402,00100,FLOW PRA + ID CLASS I  ROUTINE CPT#8
194,S100002,00403,00100,FLOW PRA + ID CLASS II  ROUTINE CPT#
194,S100002,00404,00100,HLA - A  B  C  DRB1  DRB345 DQB1  DQ
194,S100002,00405,00100,T&B CELL FLOW CROSSMATCH WITH PRONAS
194,S100002,00406,00100,AT1R
194,S100002,00407,00100,STAT TEST SET-UP FEE-XMS
194,S100002,00408,00100,MICA ANTIBODY (CPT. #86807)
194,S100002,00409,00100,ENDOTHELIAL CELL CROSSMATCH
194,S100002,00410,00100,T & B CELL CYTOTOXIC CROSSMATCH CPT#
194,S100002,00411,00100,DECEASED CROSSMATCH  ADDITIONAL
194,S100002,00412,00100,DECEASED TYPING & CROSSMATCHES  LOCA
194,S100002,00413,00100,T & B-CELL FLOW CROSSMATCH CPT#86825
194,S100002,00414,00100,CELL STORAGE
194,S100002,00415,00100,DECEASED TYPING &  CROSSMATCHES  IMP
194,S100002,00416,00100,SINGLE ANTIGEN ID  C1Q  CLASS I CPT8
194,S100002,00417,00100,SINGLE ANTIGEN ID  CII CIQ (CPT#8818
194,S100002,00418,00100,DECEASED DONOR PARTIAL - WORKUP
194,S100002,00419,00100,SINGLE ANTIGEN ID  TITRATION  CLASS
194,S100002,00420,00100,HLA-C (INTERMEDIATE RESOLUTION)
194,S100002,00421,00100,SINGLE ANTIGEN ID CI TRITRATION (CPT
194,S100002,00422,00100,HLA-DPB1(INTERMEDIATE RESOLUTION.)
194,S100002,00423,00100,HLA - DPA CLASS I - INTERMEDIATE RES
194,S100002,00424,00100,STAT TEST SET-UP FEE-SABS
194,S100002,00425,00100,HLA-DQA1 (INTERMEDIATE RESOLUTION)
194,S100002,00426,00100,MICA GENOTYPING
194,S100002,00427,00100,SERUM STORAGE AND PROCESSING FEE - B
194,S100002,00428,00100,CYTOTOXIC ANTIBODIES (PRA + SPECIFIC
194,S100002,00429,00100,HLA-DRB1 (HIGH RESOLUTION)
194,S100002,00430,00100,DRB1  DQB1  DRB345  A  B  C  DP BONE
194,S100002,00431,00100,HLA-DQB1 (HIGH RESOLUTION)
194,S100002,00432,00100,HLA-DRB1 DQB1 (INTERMEDIATE RESOLUTI
194,S100002,00433,00100,CUSTOM SERVICE CHARGE
194,S100002,00434,00100,CELIAC DISEASE - ASSOCIATED HLA TYPI
194,S100002,00435,00100,HLA - B5801
194,S100002,00436,00100,HLA-AB DRB1 CONFIRMATORY TYPING INTE
194,S100002,00437,00100,KIR GENOTYPE
194,S100002,00438,00100,STAT TEST SET-UP FEE-HLA TYPING
194,S100002,00439,00100,HR PATIENT TYPING - HLA - A B C  DRB
194,S100002,00440,00100,ASP DONOR PREDICTION (CPT#86807)
194,S100002,00441,00100,HLA-A  (HIGH RESOLUTION)
194,S100002,00442,00100,HLA-A B C (INTERMEDIATE RESOLUTION)
194,S100002,00443,00100,HLA-B27
194,S100002,00444,00100,HLA-DPB1 (HIGH RESOLUTION)
194,S100002,00445,00100,ENGRAFTMENT ANALYSIS: POST TRANSPLAN
194,S100002,00446,00100,ENGRAFTMENT: PRE-TRANSPLANT COMPARAT
194,S100002,00447,00100,HLA-A (INTERMEDIATE RESOLUTION)
194,S100002,00448,00100,HLA-B5701 ABACAVIR HYPERSENSITIVITY
194,S100002,00449,00100,HLA-DQA1  (HIGH RESOLUTION)
194,S100002,00450,00100,HLA-DQB1 (INTERMEDIATE RESOLUTION)
194,S100002,00451,00100,HLA-DRB3/4/5 (HIGH RESOLUTION)
194,S100002,00452,00100,SINGLE ANTIGEN ANTIBODY ID  CLASS I
194,S100002,00453,00100,CLINICAL MISCELLANEOUS TEST
194,S100002,00454,00100,SINGLE ANTIGEN ANTIBODY ID  CLASS II
194,S100003,00100,00100,MEDICAL DIRECTOR
194,S100003,00100,00300,MEDICAL DIRECTOR
194,S100003,00100,00500,LAB DIRECTOR
194,S100003,00101,00100,EXEC. DIRECTOR
194,S100003,00101,00300,PROCUREMENT COORDINATOR
194,S100003,00101,00500,TECHNICIANS
194,S100003,00102,00100,CLERICAL
194,S100003,00102,00300,PRESERVATION TECHNICIANS
194,S100003,00102,00500,TISSUE TYPING TECH.
194,S100003,00103,00100,OTHER
194,S100003,00103,00300,OTHER
194,S100003,00103,00500,OTHER
194,S200000,00100,00100,N
194,S200000,00200,00100,N
194,S200000,00300,00100,Y
194,S200000,00400,00100,N
194,S200000,00500,00100,N
194,S200000,00600,00300,DIRECTOR - CLIENT SERVICES
194,S200000,00700,00100,TOYON ASSOCIATES
221,A000000,00100,00000,0100CAPITAL COSTS-BLDG & FIXT
221,A000000,00200,00000,0200CAPITAL COSTS-MVBLE EQUIPMENT
221,A000000,00300,00000,0300EMPLOYEE BENEFITS
221,A000000,00400,00000,0400ADMINISTRATIVE & GENERAL
221,A000000,00500,00000,0500OPERATION AND MAINTENANCE OF PLANT
221,A000000,00600,00000,0600HOUSEKEEPING
221,A000000,00700,00000,0700MEDICAL SUPPLIES
221,A000000,00800,00000,0800OTHER OVERHEAD
221,A000000,00900,00000,0900PROCUREMENT COORDINATORS
221,A000000,01000,00000,1000PROFESSIONAL EDUCATION
221,A000000,01100,00000,1100PUBLIC EDUCATION
221,A000000,01200,00000,1200OTHER ACQUISITION
221,A000000,01300,00000,1300KIDNEY ACQUISITIONS
221,A000000,01400,00000,1400TISSUE TYPING LABORATORY
221,A000000,01500,00000,1500LIVER ACQUISITIONS
221,A000000,01600,00000,1600HEART ACQUISITIONS
221,A000000,01700,00000,1700PANCREAS ACQUISITIONS
221,A000000,01800,00000,1800LUNG ACQUISITIONS
221,A000000,01900,00000,1900OTHER ACQUISITIONS
221,A000000,02100,00000,2100RESEARCH
221,A000000,02200,00000,2200BLOOD BANK
221,A000000,02300,00000,2300LABORATORY-NON-TISSUE TYPING
221,A000000,02400,00000,2400DIALYSIS UNITS
221,A000000,02500,00000,2500OTHER NON-REIMBURSABLE
221,A100000,01700,00000,DONOR FAMILY SERVICES
221,A100000,01800,00000,HUMAN RESOURCES
221,A100000,01900,00000,QUALITY IMPRPOVEMENT
221,A100000,01901,00000,TRANING & DEVELOPMENT
221,A100000,01902,00000,BUSINESS MEETINGS
221,A100000,01903,00000,DUES
221,A100000,01904,00000,MEDICAL RECORDS STORAGE
221,A100000,01905,00000,POSTAGE
221,A100000,01906,00000,PRINTING & PHOTOCOPIES
221,A100000,01907,00000,PROFESSIONAL FEES
221,A100000,01908,00000,RECRUITING
221,A100000,01909,00000,BUILDING REPARIS & MAINTENANCE
221,A100000,01910,00000,DEPRECIATION
221,A20H000,00900,00000,HOSPITAL CASE RATES
221,A20H000,02100,00000,PERFUSION
221,A20H000,02101,00000,HEART OFFER ADMINISTRATION
221,A20H000,02102,00000,FUNERAL HOME
221,A20K000,00900,00000,HOSPITAL CASE RATES
221,A20K000,02100,00000,PERFUSION
221,A20K000,02101,00000,KIDNEY PUMPING
221,A20K000,02102,00000,FUNERAL HOME
221,A20L000,00900,00000,HOSPITAL CASE RATES
221,A20L000,02100,00000,LIVER PUMPING
221,A20L000,02101,00000,FUNERAL HOME
221,A20L000,02102,00000,PERFUSION
221,A20P000,00900,00000,HOSPITAL CASE RATES
221,A20P000,02100,00000,PERFUSION
221,A20P000,02101,00000,FUNERAL HOME
221,A20U000,00900,00000,HOSPITAL CASE RATES
221,A20U000,02100,00000,PERFUSION
221,A400010,00100,00000,RECLASSIFICATIONS
221,A400010,00100,00100,A
221,A400010,00100,00200,CAPITAL COSTS-BLDG & FIXT
221,A400010,00100,00500,ADMINISTRATIVE & GENERAL
221,A400010,00200,00000,RECLASSIFICATIONS
221,A400010,00200,00100,A
221,A400010,00200,00200,CAPITAL COSTS-BLDG & FIXT
221,A400010,00200,00500,ADMINISTRATIVE & GENERAL
221,A400010,00300,00000,RECLASSIFICATIONS
221,A400010,00300,00100,A
221,A400010,00300,00200,CAPITAL COSTS-BLDG & FIXT
221,A400010,00300,00500,ADMINISTRATIVE & GENERAL
221,A400010,00400,00000,RECLASSIFICATIONS
221,A400010,00400,00100,A
221,A400010,00400,00200,CAPITAL COSTS-BLDG & FIXT
221,A400010,00400,00500,ADMINISTRATIVE & GENERAL
221,A400010,00500,00000,RECLASSIFICATIONS
221,A400010,00500,00100,A
221,A400010,00500,00200,CAPITAL COSTS-BLDG & FIXT
221,A400010,00500,00500,ADMINISTRATIVE & GENERAL
221,A400010,00600,00000,RECLASSIFICATIONS
221,A400010,00600,00100,A
221,A400010,00600,00200,OTHER NON-REIMBURSABLE
221,A400010,00600,00500,ADMINISTRATIVE & GENERAL
221,A400010,00700,00000,RECLASSIFICATIONS
221,A400010,00700,00100,A
221,A400010,00700,00200,OTHER NON-REIMBURSABLE
221,A400010,00700,00500,PROCUREMENT COORDINATORS
221,A500010,00200,00100,B
221,A500010,00200,00300,PROCUREMENT COORDINATORS
221,A500010,00500,00100,B
221,A500010,00700,00100,B
221,A500010,00700,00300,CAPITAL COSTS-BLDG & FIXT
221,A500010,00800,00100,B
221,A500010,00800,00300,PROCUREMENT COORDINATORS
221,A500010,00900,00100,B
221,A500010,00900,00300,PUBLIC EDUCATION
221,A500010,01000,00100,B
221,A500010,01000,00300,PROFESSIONAL EDUCATION
221,A500010,01500,00000,CONTRIBUTIONS FOR THE DONOR MONUMENT
221,A500010,01500,00100,B
221,A500010,01500,00300,ADMINISTRATIVE & GENERAL
221,A500010,01600,00000,TISSUE DRIVE OUT INCOME
221,A500010,01600,00100,B
221,A500010,01600,00300,OTHER NON-REIMBURSABLE
221,A500010,01601,00000,TISSUE FOCUS GRANT
221,A500010,01601,00100,B
221,A500010,01601,00300,OTHER NON-REIMBURSABLE
221,A500010,01602,00000,ORGAN SERVICES
221,A500010,01602,00100,B
221,A500010,01602,00300,PROCUREMENT COORDINATORS
221,A500010,01603,00000,AOPO DUES
221,A500010,01603,00100,A
221,A500010,01603,00300,ADMINISTRATIVE & GENERAL
221,A500010,01604,00000,KIDNEY SURGEON FEES NOT ALLOWED
221,A500010,01604,00100,A
221,A500010,01604,00300,KIDNEY ACQUISITIONS
221,A500010,01605,00000,DONOR TRANSFER EXPENSES
221,A500010,01605,00100,A
221,A500010,01605,00300,KIDNEY ACQUISITIONS
221,A51000A,00100,00100,N
221,A60000A,00700,00000,FURNITURE
221,A60000A,00701,00000,OFFICE EQUIPMENT
221,A60000A,00702,00000,SOFTWARE
221,A60000A,00703,00000,COMPUTER EQUIPMENT
221,A60000A,00704,00000,LEASEHOLD IMPROVEMENTS
221,A60000A,00705,00000,MEDICAL EQUIPMENT
221,A60000A,00706,00000,BUILDING IMPROVEMENTS
221,A60000A,00707,00000,TENANT IMPROVEMENTS
221,A60000B,00800,00000,FURNITURE
221,A60000B,00801,00000,OFFICE EQUIPMENT
221,A60000B,00802,00000,SOFTWARE
221,A60000B,00803,00000,COMPUTER EQUIPMENT
221,A60000B,00804,00000,LEASEHOLD IMPROVEMENTS
221,A60000B,00805,00000,MEDICAL EQIUPMENT
221,A60000B,00806,00000,BUILDING IMPROVEMENTS
221,A60000B,00807,00000,TENANT IMPROVEMENTS.
221,A60000C,00500,00100,N
221,B10000*,00100,00200,CAP BLDG
221,B10000*,00100,00300,CAP COSTS
221,B10000*,00100,00400,EMPLOYEE
221,B10000*,00100,00500,MEDICAL
221,B10000*,00100,00800,ORGAN
221,B10000*,00100,01000,ADMIN &
221,B10000*,00200,00200,OP PLANT &
221,B10000*,00200,00300,MOVABLE
221,B10000*,00200,00400,BENEFITS
221,B10000*,00200,00500,SUPPLIES
221,B10000*,00200,00800,ACQUISITN
221,B10000*,00200,01000,GENERAL
221,B10000*,00300,00200,HOUSEKEEP
221,B10000*,00300,00300,EQUIPMENT
221,B10000*,00300,00800,COSTS
221,B10000*,00400,00200,SQUARE
221,B10000*,00400,00300,DOLLAR
221,B10000*,00400,00400,ADJUST
221,B10000*,00400,00500,COSTED
221,B10000*,00400,00600,NUMBER
221,B10000*,00400,00800,NUMBER
221,B10000*,00400,01000,ACCUM
221,B10000*,00500,00200,FEET
221,B10000*,00500,00300,VALUE
221,B10000*,00500,00400,SALARIES
221,B10000*,00500,00500,REQUISIT
221,B10000*,00500,00600,ORGANS
221,B10000*,00500,00800,ORGANS
221,B10000*,00500,01000,COSTS
221,B10000*,00600,00200,1
221,B10000*,00600,00300,2
221,B10000*,00600,00400,3
221,B10000*,00600,00500,3
221,B10000*,00600,00800,3
221,B10000*,00600,01000,3
221,B100000,00000,01000,X
221,E000000,00900,00000,OTHER CURRENT ASSETS
221,E000000,02600,00000,OTHER FIXED ASSETS
221,E000000,03900,00000,CUSTOMER DEPOSIT & DEFERRED REVENUE
221,E000000,04100,00000,TENANT SECURITY DEPOSITS
221,E200000,02000,00000,INCOME FOR RESEACH ONLY ORGANS
221,E200000,02100,00000,TISSUE REVENUE
221,E200000,02200,00000,TISSUE DRIVE OUT REVENUE
221,E200000,02300,00000,OTHER INCOME
221,S000000,00100,00100,X
221,S000000,00400,00100,1
221,S000000,00500,00100,01/18/2022
221,S000000,00600,00100,10001
221,S000000,00700,00100,N
221,S000000,00800,00100,N
221,S000000,01000,00100,4
221,S000001,00100,00100,DONORCONNECT
221,S000001,00100,00200,46P001
221,S000001,00101,00100,6065 SOUTH FASHION BLVD #125
221,S000001,00102,00100,MURRAY
221,S000001,00102,00200,UT
221,S000001,00102,00300,84107
221,S000001,00300,00100,07/01/2020
221,S000001,00300,00200,06/30/2021
221,S000001,00400,00100,8
221,S000001,00400,00300,1
221,S000001,00400,00400,11/21/1987
221,S000001,00401,00300,1
221,S000002,00300,00100,CHIEF FINANCIAL OFFICER
221,S100001,00700,00100,N
221,S100001,00810,00000,LUNG
221,S100001,00811,00000,AORTA & DTA
221,S100001,00812,00000,FEMORAL VEIN
221,S100001,00813,00000,SAPHONUS VEIN
221,S100001,00814,00000,SPINE  OTHER  & RESEARCH
221,S100003,00100,00100,MEDICAL DIRECTOR
221,S100003,00100,00300,MEDICAL DIRECTOR
221,S100003,00100,00500,LAB DIRECTOR
221,S100003,00101,00100,EXEC. DIRECTOR
221,S100003,00101,00300,PROCUREMENT COORDINATOR
221,S100003,00101,00500,TECHNICIANS
221,S100003,00102,00100,CLERICAL
221,S100003,00102,00300,PRESERVATION TECHNICIANS
221,S100003,00102,00500,TISSUE TYPING TECH.
221,S100003,00103,00100,OTHER
221,S100003,00103,00300,OTHER
221,S100003,00103,00500,OTHER
221,S200000,00100,00100,N
221,S200000,00200,00100,N
221,S200000,00300,00100,N
221,S200000,00400,00100,Y
221,S200000,00400,00200,A
221,S200000,00400,00300,12/08/2021
221,S200000,00500,00100,N
221,S200000,00600,00300,CFO
221,S200000,00700,00100,DONORCONNECT
253,A000000,00100,00000,0100CAPITAL COSTS-BLDG & FIXT
253,A000000,00200,00000,0200CAPITAL COSTS-MVBLE EQUIPMENT
253,A000000,00300,00000,0300EMPLOYEE BENEFITS
253,A000000,00400,00000,0400ADMINISTRATIVE & GENERAL
253,A000000,00500,00000,0500OPERATION AND MAINTENANCE OF PLANT
253,A000000,00600,00000,0600HOUSEKEEPING
253,A000000,00700,00000,0700MEDICAL SUPPLIES
253,A000000,00800,00000,0800OTHER OVERHEAD
253,A000000,00900,00000,0900PROCUREMENT COORDINATORS
253,A000000,01000,00000,1000PROFESSIONAL EDUCATION
253,A000000,01100,00000,1100PUBLIC EDUCATION
253,A000000,01200,00000,1200OTHER ACQUISITION
253,A000000,01300,00000,1300KIDNEY ACQUISITIONS
253,A000000,01400,00000,1400TISSUE TYPING LABORATORY
253,A000000,01500,00000,1500LIVER ACQUISITIONS
253,A000000,01600,00000,1600HEART ACQUISITIONS
253,A000000,01700,00000,1700PANCREAS ACQUISITIONS
253,A000000,01800,00000,1800LUNG ACQUISITIONS
253,A000000,01900,00000,1900OTHER ACQUISITIONS
253,A000000,02100,00000,2100RESEARCH
253,A000000,02200,00000,2200BLOOD BANK
253,A000000,02300,00000,2300LABORATORY-NON-TISSUE TYPING
253,A000000,02400,00000,2400DIALYSIS UNITS
253,A000000,02500,00000,2500OTHER NON-REIMBURSABLE
253,A100000,01700,00000,OTHER ADMIN AND GENERAL
253,A300000,00600,00000,OTHER TISSUE TYPING COST
253,A500010,00100,00100,B
253,A500010,00100,00300,OTHER NON-REIMBURSABLE
253,A500010,01000,00100,B
253,A500010,01000,00300,ADMINISTRATIVE & GENERAL
253,A500010,01500,00000,MISCELLANEOUS INCOME
253,A500010,01500,00100,B
253,A500010,01500,00300,OTHER NON-REIMBURSABLE
253,A500010,01600,00000,HOME OFFICE WORKERS COMPENSATION
253,A500010,01600,00100,A
253,A500010,01600,00300,EMPLOYEE BENEFITS
253,A51000A,00100,00100,Y
253,A51000B,00100,00200,CAPITAL COSTS-BLDG & FIXT
253,A51000B,00200,00200,ADMINISTRATIVE & GENERAL
253,A51000B,00300,00200,OPERATION AND MAINTENANCE OF PLANT
253,A51000C,00100,00100,B
253,A51000C,00100,00200,MAINEHEALTH
253,A51000C,00100,00400,CORPORATE OFFICE
253,A60000A,00700,00000,LEASHOLD IMPROVMENTS
253,B10000*,00100,00200,CAP BLDG
253,B10000*,00100,00300,CAP COSTS
253,B10000*,00100,00400,EMPLOYEE
253,B10000*,00100,00500,MEDICAL
253,B10000*,00100,00800,ORGAN
253,B10000*,00100,01000,ADMIN &
253,B10000*,00200,00200,OP PLANT &
253,B10000*,00200,00300,MOVABLE
253,B10000*,00200,00400,BENEFITS
253,B10000*,00200,00500,SUPPLIES
253,B10000*,00200,00800,ACQUISITN
253,B10000*,00200,01000,GENERAL
253,B10000*,00300,00200,HOUSEKEEP
253,B10000*,00300,00300,EQUIPMENT
253,B10000*,00300,00800,COSTS
253,B10000*,00400,00200,SQUARE
253,B10000*,00400,00300,DOLLAR
253,B10000*,00400,00400,ADJUST
253,B10000*,00400,00500,COSTED
253,B10000*,00400,00800,NUMBER
253,B10000*,00400,01000,ACCUM
253,B10000*,00500,00200,FEET
253,B10000*,00500,00300,VALUE
253,B10000*,00500,00400,SALARIES
253,B10000*,00500,00500,REQUISIT
253,B10000*,00500,00800,ORGANS
253,B10000*,00500,01000,COSTS
253,B10000*,00600,00200,1
253,B10000*,00600,00300,2
253,B10000*,00600,00400,3
253,B10000*,00600,00500,3
253,B10000*,00600,00800,3
253,B10000*,00600,01000,3
253,B100000,00000,01000,X
253,E000000,00900,00000,OTHER CURRENT
253,E000000,02600,00000,OTHER FIXED ASSETS
253,E000000,03100,00000,OTHER LONG TERM ASSETS
253,E000000,03900,00000,DUE TO AFF-MH SEHR
253,E000000,04100,00000,DEFFERED REVENUE
253,E000000,04600,00000,DUE TO OTHER FUNDS
253,E100001,00700,00000,OTHER PATIENT SERVICE FEES
253,E200000,01500,00000,OOI
253,E200000,01600,00000,CHANGE IN FAIR VALUE OF INVESTMENT
253,E200000,02600,00000,EQUITY TRANSFER FROM (TO) AFFILIATES
253,S000000,00100,00100,X
253,S000000,00400,00100,2
253,S000000,00500,00100,05/03/2021
253,S000000,00600,00100,10001
253,S000000,00700,00100,N
253,S000000,00800,00100,N
253,S000000,00900,00100,04/15/2022
253,S000000,01000,00100,4
253,S000001,00100,00100,NORDX
253,S000001,00100,00200,20HL02
253,S000001,00101,00100,301A US ROUTE ONE
253,S000001,00102,00100,SCARBOROUGH
253,S000001,00102,00200,ME
253,S000001,00102,00300,04074
253,S000001,00300,00100,10/01/2019
253,S000001,00300,00200,09/30/2020
253,S000001,00400,00100,2
253,S000001,00400,00300,2
253,S000001,00400,00400,10/01/1997
253,S000001,00401,00300,2
253,S100001,00700,00100,N
253,S100001,00810,00000,OTHER
253,S100002,00400,00100,ABC (CLASS I)
253,S100002,00401,00100,CLASS I DNA
253,S100002,00402,00100,DR (CLASS II)
253,S100002,00403,00100,CLASS II DNA
253,S100002,00404,00100,ABO
253,S100002,00405,00100,AUTO XM (CDC)
253,S100002,00406,00100,PTXM
253,S100002,00407,00100,FCXM
253,S100002,00408,00100,AUTO FCXM
253,S100002,00409,00100,WBC I
253,S100002,00410,00100,WBC II
253,S100002,00411,00100,AB ID I
253,S100002,00412,00100,AB ID II
253,S100002,00413,00100,STAT
253,S100003,00100,00100,MEDICAL DIRECTOR
253,S100003,00100,00300,MEDICAL DIRECTOR
253,S100003,00100,00500,LAB DIRECTOR
253,S100003,00101,00100,EXEC. DIRECTOR
253,S100003,00101,00300,PROCUREMENT COORDINATOR
253,S100003,00101,00500,TECHNICIANS
253,S100003,00102,00100,CLERICAL
253,S100003,00102,00300,PRESERVATION TECHNICIANS
253,S100003,00102,00500,TISSUE TYPING TECH.
253,S100003,00103,00100,OTHER
253,S100003,00103,00300,OTHER
253,S100003,00103,00500,OTHER
253,S200000,00100,00100,N
253,S200000,00200,00100,N
253,S200000,00300,00100,Y
253,S200000,00400,00100,Y
253,S200000,00400,00200,A
253,S200000,00400,00300,02/04/2021
253,S200000,00500,00100,N
253,S200000,00600,00300,REIMBURSEMENT ANALYST
253,S200000,00700,00100,MAINEHEALTH
255,A000000,00100,00000,0100CAPITAL COSTS-BLDG & FIXT
255,A000000,00200,00000,0200CAPITAL COSTS-MVBLE EQUIPMENT
255,A000000,00300,00000,0300EMPLOYEE BENEFITS
255,A000000,00400,00000,0400ADMINISTRATIVE & GENERAL
255,A000000,00500,00000,0500OPERATION AND MAINTENANCE OF PLANT
255,A000000,00600,00000,0600HOUSEKEEPING
255,A000000,00700,00000,0700MEDICAL SUPPLIES
255,A000000,00800,00000,0800OTHER OVERHEAD
255,A000000,00900,00000,0900PROCUREMENT COORDINATORS
255,A000000,01000,00000,1000PROFESSIONAL EDUCATION
255,A000000,01100,00000,1100PUBLIC EDUCATION
255,A000000,01200,00000,1200OTHER ACQUISITION
255,A000000,01300,00000,1300KIDNEY ACQUISITIONS
255,A000000,01400,00000,1400TISSUE TYPING LABORATORY
255,A000000,01500,00000,1500LIVER ACQUISITIONS
255,A000000,01600,00000,1600HEART ACQUISITIONS
255,A000000,01700,00000,1700PANCREAS ACQUISITIONS
255,A000000,01800,00000,1800LUNG ACQUISITIONS
255,A000000,01900,00000,1900OTHER ACQUISITIONS
255,A000000,02100,00000,2100RESEARCH
255,A000000,02200,00000,2200BLOOD BANK
255,A000000,02300,00000,2300LABORATORY-NON-TISSUE TYPING
255,A000000,02400,00000,2400DIALYSIS UNITS
255,A000000,02500,00000,2500OTHER NON-REIMBURSABLE
255,A100000,01700,00000,QUALITY ASSURANCE
255,A100000,01800,00000,EMPLOYEE RECRUITMENT
255,A100000,01900,00000,OTHER EXPENSES-INDIRECT
255,A20H000,00900,00000,OTHER EXPENSES-INDIRECT
255,A20K000,00900,00000,OTHER EXPENSES-INDIRECT
255,A20L000,00900,00000,OTHER EXPENSES-INDIRECT
255,A20O000,00900,00000,OTHER EXPENSES-INDIRECT
255,A20P000,00900,00000,OTHER EXPENSES-INDIRECT
255,A20U000,00900,00000,OTHER EXPENSES-INDIRECT
255,A400010,00100,00000,TISSUE ALLOCATION
255,A400010,00100,00100,A
255,A400010,00100,00200,OTHER NON-REIMBURSABLE
255,A400010,00100,00500,PROCUREMENT COORDINATORS
255,A400010,00200,00000,TISSUE ALLOCATION
255,A400010,00200,00100,A
255,A400010,00200,00200,OTHER NON-REIMBURSABLE
255,A400010,00200,00500,PROFESSIONAL EDUCATION
255,A400010,00300,00000,TISSUE ALLOCATION
255,A400010,00300,00100,A
255,A400010,00300,00200,OTHER NON-REIMBURSABLE
255,A400010,00300,00500,PUBLIC EDUCATION
255,A500010,00800,00100,B
255,A500010,00800,00300,PROCUREMENT COORDINATORS
255,A500010,01500,00000,OVERHEAD ALLOCATION
255,A500010,01500,00100,A
255,A500010,01500,00300,ADMINISTRATIVE & GENERAL
255,A500010,01600,00000,CHARITABLE CONTRIBUTIONS
255,A500010,01600,00100,A
255,A500010,01600,00300,ADMINISTRATIVE & GENERAL
255,A51000A,00100,00100,N
255,A51000C,00100,00100,A
255,A51000C,00100,00200,DCI DONOR SERVICES
255,A51000C,00100,00400,DIAYSIS CLINIC INC
255,A51000C,00100,00600,INDEPENDENT DIALYSIS
255,A60000C,00500,00100,N
255,B10000*,00100,00200,CAP BLDG
255,B10000*,00100,00300,CAP COSTS
255,B10000*,00100,00400,EMPLOYEE
255,B10000*,00100,00500,MEDICAL
255,B10000*,00100,00800,ORGAN
255,B10000*,00100,01000,ADMIN &
255,B10000*,00200,00200,OP PLANT &
255,B10000*,00200,00300,MOVABLE
255,B10000*,00200,00400,BENEFITS
255,B10000*,00200,00500,SUPPLIES
255,B10000*,00200,00800,ACQUISITN
255,B10000*,00200,01000,GENERAL
255,B10000*,00300,00200,HOUSEKEEP
255,B10000*,00300,00300,EQUIPMENT
255,B10000*,00300,00800,COSTS
255,B10000*,00400,00200,SQUARE
255,B10000*,00400,00300,DOLLAR
255,B10000*,00400,00400,ADJUST
255,B10000*,00400,00500,COSTED
255,B10000*,00400,00800,NUMBER
255,B10000*,00400,01000,ACCUM
255,B10000*,00500,00200,FEET
255,B10000*,00500,00300,VALUE
255,B10000*,00500,00400,SALARIES
255,B10000*,00500,00500,REQUISIT
255,B10000*,00500,00800,ORGANS
255,B10000*,00500,01000,COSTS
255,B10000*,00600,00200,1
255,B10000*,00600,00300,2
255,B10000*,00600,00400,3
255,B10000*,00600,00500,3
255,B10000*,00600,00800,3
255,B10000*,00600,01000,3
255,B100000,00000,01000,X
255,E000000,00900,00000,OTHER CURRENT ASSETS
255,E000000,02600,00000,OTHER FIXED ASSETS
255,E000000,03900,00000,INTERCOMPANY PAYABLES
255,E000000,04100,00000,OTHER CURRENT LIABILITIES
255,E100001,00800,00000,OTHER ORGAN RELATED FEES
255,E100001,00900,00000,TISSUE RECOVERY REVENUE
255,E100002,00300,00000,DISALLOWABLES
255,E100002,00400,00000,INVENTORY VARIANCE
255,E100002,00500,00000,BAD DEBT
255,E100002,00501,00000,COST REPORT ESTIMATE
255,E100002,00800,00000,PURCHASE DISCOUNTS
255,S000000,00100,00100,X
255,S000000,00400,00100,2
255,S000000,00500,00100,03/01/2021
255,S000000,00600,00100,10001
255,S000000,00700,00100,N
255,S000000,00800,00100,N
255,S000000,00900,00100,04/15/2022
255,S000000,01000,00100,4
255,S000001,00100,00100,NEW MEXICO DONOR SERVICES
255,S000001,00100,00200,32P001
255,S000001,00101,00100,1609 UNIVERSITY BLVD NE
255,S000001,00102,00100,ALBUQUERQUE
255,S000001,00102,00200,NM
255,S000001,00102,00300,87102
255,S000001,00300,00100,10/01/2019
255,S000001,00300,00200,09/30/2020
255,S000001,00400,00100,6
255,S000001,00400,00300,1
255,S000001,00400,00400,10/01/1992
255,S000001,00401,00300,1
255,S000002,00100,00200,Y
255,S000002,00300,00100,CFO
255,S000002,00400,00100,02/25/2021
255,S100001,00700,00100,N
255,S100001,00810,00000,SMALL BOWEL
255,S100003,00100,00100,MEDICAL DIRECTOR
255,S100003,00100,00300,MEDICAL DIRECTOR
255,S100003,00100,00500,LAB DIRECTOR
255,S100003,00101,00100,EXEC. DIRECTOR
255,S100003,00101,00300,PROCUREMENT COORDINATOR
255,S100003,00101,00500,TECHNICIANS
255,S100003,00102,00100,CLERICAL
255,S100003,00102,00300,PRESERVATION TECHNICIANS
255,S100003,00102,00500,TISSUE TYPING TECH.
255,S100003,00103,00100,OTHER
255,S100003,00103,00300,OTHER
255,S100003,00103,00500,OTHER
255,S200000,00100,00100,N
255,S200000,00200,00100,N
255,S200000,00300,00100,N
255,S200000,00400,00100,Y
255,S200000,00400,00200,A
255,S200000,00500,00100,N
255,S200000,00600,00300,CFO
255,S200000,00700,00100,DCI DONOR SERVICES  INC
256,A000000,00100,00000,0100CAPITAL COSTS-BLDG & FIXT
256,A000000,00200,00000,0200CAPITAL COSTS-MVBLE EQUIPMENT
256,A000000,00300,00000,0300EMPLOYEE BENEFITS
256,A000000,00400,00000,0400ADMINISTRATIVE & GENERAL
256,A000000,00500,00000,0500OPERATION AND MAINTENANCE OF PLANT
256,A000000,00600,00000,0600HOUSEKEEPING
256,A000000,00700,00000,0700MEDICAL SUPPLIES
256,A000000,00800,00000,0800OTHER OVERHEAD
256,A000000,00900,00000,0900PROCUREMENT COORDINATORS
256,A000000,01000,00000,1000PROFESSIONAL EDUCATION
256,A000000,01100,00000,1100PUBLIC EDUCATION
256,A000000,01300,00000,1300KIDNEY ACQUISITIONS
256,A000000,01400,00000,1400TISSUE TYPING LABORATORY
256,A000000,01500,00000,1500LIVER ACQUISITIONS
256,A000000,01600,00000,1600HEART ACQUISITIONS
256,A000000,01700,00000,1700PANCREAS ACQUISITIONS
256,A000000,01800,00000,1800LUNG ACQUISITIONS
256,A000000,01900,00000,1900OTHER ACQUISITIONS
256,A000000,02100,00000,2100RESEARCH
256,A000000,02200,00000,2200BLOOD BANK
256,A000000,02300,00000,2300LABORATORY-NON-TISSUE TYPING
256,A000000,02400,00000,2400DIALYSIS UNITS
256,A100000,01900,00000,ADMIN LEASE EXPENSE
256,A100000,01901,00000,DUES AND SUBSCRIPTIONS
256,A100000,01902,00000,ADMIN MISC
256,A300000,00600,00000,REAGENTS AND SUPPLIES
256,A300000,00700,00000,LAB EQUIPMENT LEASE
256,A300000,00800,00000,LAB EQUIPMENT EXPENSE
256,A300000,00900,00000,PROFICIENCY TESTING
256,A300000,00901,00000,SPECIMEN TRANSPORT
256,A300000,00902,00000,CONTINUING EDUCATION
256,A300000,00903,00000,MISCELLANEOUS LAB
256,A300000,00904,00000,GENERAL LIABILITY
256,A51000A,00100,00100,N
256,B10000*,00100,00200,CAP BLDG
256,B10000*,00100,00300,CAP COSTS
256,B10000*,00100,00400,EMPLOYEE
256,B10000*,00100,00500,MEDICAL
256,B10000*,00100,00800,ORGAN
256,B10000*,00100,01000,ADMIN &
256,B10000*,00200,00200,OP PLANT &
256,B10000*,00200,00300,MOVABLE
256,B10000*,00200,00400,BENEFITS
256,B10000*,00200,00500,SUPPLIES
256,B10000*,00200,00800,ACQUISITN
256,B10000*,00200,01000,GENERAL
256,B10000*,00300,00200,HOUSEKEEP
256,B10000*,00300,00300,EQUIPMENT
256,B10000*,00300,00800,COSTS
256,B10000*,00400,00200,SQUARE
256,B10000*,00400,00300,DOLLAR
256,B10000*,00400,00400,ADJUST
256,B10000*,00400,00500,COSTED
256,B10000*,00400,00800,NUMBER
256,B10000*,00400,01000,ACCUM
256,B10000*,00500,00200,FEET
256,B10000*,00500,00300,VALUE
256,B10000*,00500,00400,SALARIES
256,B10000*,00500,00500,REQUISIT
256,B10000*,00500,00800,ORGANS
256,B10000*,00500,01000,COSTS
256,B10000*,00600,00200,1
256,B10000*,00600,00300,2
256,B10000*,00600,00400,3
256,B10000*,00600,00500,3
256,B10000*,00600,00800,3
256,B10000*,00600,01000,3
256,B100000,00000,01000,X
256,E200000,02200,00000,DUE FROM MEDICARE
256,S000000,00100,00100,X
256,S000000,00400,00100,2
256,S000000,00500,00100,04/22/2021
256,S000000,00600,00100,10001
256,S000000,00700,00100,N
256,S000000,00800,00100,N
256,S000000,00900,00100,04/15/2022
256,S000000,01000,00100,4
256,S000001,00100,00100,THE ROGOSIN INSTITUTE IGT
256,S000001,00100,00200,33HL04
256,S000001,00101,00100,430 E 71ST STREET
256,S000001,00102,00100,NEW YORK
256,S000001,00102,00200,NY
256,S000001,00102,00300,10021
256,S000001,00300,00100,01/01/2020
256,S000001,00300,00200,12/31/2020
256,S000001,00400,00100,6
256,S000001,00400,00300,2
256,S000001,00400,00400,04/10/1995
256,S000001,00401,00300,2
256,S000002,00300,00100,CHIEF  DPT OR TRANSPLANT MEDICINE
256,S100001,00700,00100,N
256,S100001,00810,00000,OTHER
256,S100002,00401,00100,HLA-ABC-DRDQ
256,S100002,00402,00100,HLA-ABC
256,S100002,00403,00100,HLA-DRDQ
256,S100002,00404,00100,CDC-XM
256,S100002,00405,00100,LD FLOW XM
256,S100002,00406,00100,LUMX PAN PRA CI
256,S100002,00407,00100,LUMX PAN PRA CII
256,S100002,00408,00100,LUMX S AG BD CI
256,S100002,00409,00100,LUMX S AG BD CII
256,S100002,00410,00100,PROCESS
256,S100002,00411,00100,ABO
256,S100002,00412,00100,E FLOW XM
256,S100002,00413,00100,CONFIRMATORY TYPING
256,S100002,00414,00100,SPECIAL HANDLING CHARGE
256,S100002,00415,00100,STAT LUMN S AG BD CI
256,S100002,00416,00100,STAT LUMN S AG BD CII
256,S100002,00417,00100,HLA-ABC-DRDQ-STAT
256,S100002,00418,00100,HLA LOW RES ALLEL
256,S100002,00419,00100,HLA HIGH RES ALLEL
256,S100002,00420,00100,MODIFIED LUMINEX
256,S100002,00421,00100,ABO A-1 SUB TYPE
256,S100002,00422,00100,EXPEDITED TEST
256,S100002,00423,00100,CAD DONOR
256,S100002,00424,00100,DECEASED DONOR FLOW
256,S100002,00425,00100,CDC-XM
256,S100002,00426,00100,LUMX PAN PRA CI
256,S100002,00427,00100,LUMX PAN PRA CII
256,S100002,00428,00100,LUMX S AG BD CI
256,S100002,00429,00100,LUMX S AG BD CII
256,S100002,00430,00100,PROCESS
256,S100002,00431,00100,CDC T-CELL XM
256,S100002,00432,00100,VXM WITH LSAB
256,S100002,00433,00100,VXM
256,S100002,00434,00100,VXM WITH LSAB
256,S100003,00100,00100,MEDICAL DIRECTOR
256,S100003,00100,00300,MEDICAL DIRECTOR
256,S100003,00100,00500,LAB DIRECTOR
256,S100003,00101,00100,EXEC. DIRECTOR
256,S100003,00101,00300,PROCUREMENT COORDINATOR
256,S100003,00101,00500,TECHNICIANS
256,S100003,00102,00100,CLERICAL
256,S100003,00102,00300,PRESERVATION TECHNICIANS
256,S100003,00102,00500,TISSUE TYPING TECH.
256,S100003,00103,00100,OTHER
256,S100003,00103,00300,OTHER
256,S100003,00103,00500,OTHER
256,S200000,00100,00100,N
256,S200000,00200,00100,N
256,S200000,00300,00100,N
256,S200000,00400,00100,N
256,S200000,00500,00100,N
256,S200000,00600,00300,ADMINISTRATIVE DIRECTOR
256,S200000,00700,00100,THE ROGOSIN INSTITUTE
257,A000000,00100,00000,0100CAPITAL COSTS-BLDG & FIXT
257,A000000,00200,00000,0200CAPITAL COSTS-MVBLE EQUIPMENT
257,A000000,00300,00000,0300EMPLOYEE BENEFITS
257,A000000,00400,00000,0400ADMINISTRATIVE & GENERAL
257,A000000,00500,00000,0500OPERATION AND MAINTENANCE OF PLANT
257,A000000,00600,00000,0600HOUSEKEEPING
257,A000000,00700,00000,0700MEDICAL SUPPLIES
257,A000000,00800,00000,0800OTHER OVERHEAD
257,A000000,00900,00000,0900PROCUREMENT COORDINATORS
257,A000000,01000,00000,1000PROFESSIONAL EDUCATION
257,A000000,01100,00000,1100PUBLIC EDUCATION
257,A000000,01200,00000,1200DONOR REFERRAL CALLS
257,A000000,01201,00000,1201OTHER ACQUISITION
257,A000000,01300,00000,1300KIDNEY ACQUISITIONS
257,A000000,01400,00000,1400TISSUE TYPING LABORATORY
257,A000000,01500,00000,1500LIVER ACQUISITIONS
257,A000000,01600,00000,1600HEART ACQUISITIONS
257,A000000,01700,00000,1700PANCREAS ACQUISITIONS
257,A000000,01800,00000,1800LUNG ACQUISITIONS
257,A000000,01900,00000,1900SMALL BOWELS
257,A000000,01901,00000,1901OTHER ACQUISITIONS
257,A000000,02100,00000,2100RESEARCH
257,A000000,02200,00000,2200BLOOD BANK
257,A000000,02300,00000,2300LABORATORY-NON-TISSUE TYPING
257,A000000,02400,00000,2400DIALYSIS UNITS
257,A000000,02500,00000,2500OTHER NON-REIMBURSABLE
257,A100000,01700,00000,CONTRACT LABOR
257,A100000,01800,00000,DUES & SUBCRIPTIONS
257,A100000,01900,00000,POSTAGE & FREIGHT
257,A100000,01901,00000,MISC EXPENSE
257,A20H000,00900,00000,RADIOLOGY
257,A20H000,02100,00000,MISC ORGAN COSTS
257,A20K000,00900,00000,RADIOLOGY
257,A20K000,02100,00000,MISC ORGAN COSTS
257,A20L000,00900,00000,RADIOLOGY
257,A20L000,02100,00000,MISC ORGAN COSTS
257,A20O000,00900,00000,RADIOLOGY
257,A20O000,02100,00000,MISC ORGAN COST
257,A20P000,00900,00000,RADIOLOGY
257,A20P000,02100,00000,MISC ORGAN COSTS
257,A20U000,00900,00000,RADIOLOGY
257,A20U000,02100,00000,MISC ORGAN COSTS
257,A400010,00100,00000,OFFICE SPACE LEASES
257,A400010,00100,00100,A
257,A400010,00100,00200,CAPITAL COSTS-BLDG & FIXT
257,A400010,00100,00500,ADMINISTRATIVE & GENERAL
257,A400010,00200,00000,EQUIMENT LEASES
257,A400010,00200,00100,B
257,A400010,00200,00200,CAPITAL COSTS-MVBLE EQUIPMENT
257,A400010,00200,00500,ADMINISTRATIVE & GENERAL
257,A400010,00300,00000,INSURANCE RECLASS
257,A400010,00300,00100,C
257,A400010,00300,00200,CAPITAL COSTS-MVBLE EQUIPMENT
257,A400010,00300,00500,ADMINISTRATIVE & GENERAL
257,A400010,00400,00000,DONOR REFERRAL CALLS
257,A400010,00400,00100,D
257,A400010,00400,00200,DONOR REFERRAL CALLS
257,A400010,00400,00500,ADMINISTRATIVE & GENERAL
257,A400010,00500,00000,BUILDING DEPR
257,A400010,00500,00100,E
257,A400010,00500,00200,CAPITAL COSTS-BLDG & FIXT
257,A400010,00500,00500,CAPITAL COSTS-MVBLE EQUIPMENT
257,A500010,00800,00100,B
257,A500010,00800,00300,PROCUREMENT COORDINATORS
257,A500010,01500,00000,INTEREST INCOME
257,A500010,01500,00100,B
257,A500010,01500,00300,CAPITAL COSTS-BLDG & FIXT
257,A500010,01600,00000,LOBBYING EXPENSE
257,A500010,01600,00100,A
257,A500010,01600,00300,ADMINISTRATIVE & GENERAL
257,A51000A,00100,00100,N
257,A60000A,00700,00000,CIP
257,A60000C,00500,00100,N
257,B10000*,00100,00200,CAP BLDG
257,B10000*,00100,00300,CAP COSTS
257,B10000*,00100,00400,EMPLOYEE
257,B10000*,00100,00500,MEDICAL
257,B10000*,00100,00800,ORGAN
257,B10000*,00100,01000,ADMIN &
257,B10000*,00200,00200,OP PLANT &
257,B10000*,00200,00300,MOVABLE
257,B10000*,00200,00400,BENEFITS
257,B10000*,00200,00500,SUPPLIES
257,B10000*,00200,00800,ACQUISITN
257,B10000*,00200,01000,GENERAL
257,B10000*,00300,00200,HOUSEKEEP
257,B10000*,00300,00300,EQUIPMENT
257,B10000*,00300,00800,COSTS
257,B10000*,00400,00200,SQUARE
257,B10000*,00400,00300,DOLLAR
257,B10000*,00400,00400,ADJUST
257,B10000*,00400,00500,COSTED
257,B10000*,00400,00800,NUMBER
257,B10000*,00400,01000,ACCUM
257,B10000*,00500,00200,FEET
257,B10000*,00500,00300,VALUE
257,B10000*,00500,00400,SALARIES
257,B10000*,00500,00500,REQUISIT
257,B10000*,00500,00800,ORGANS
257,B10000*,00500,01000,COSTS
257,B10000*,00600,00200,1
257,B10000*,00600,00300,2
257,B10000*,00600,00400,3
257,B10000*,00600,00500,3
257,B10000*,00600,00800,3
257,B10000*,00600,01000,3
257,B100000,00000,01000,X
257,E000000,00900,00000,OTHER CURRENT ASSETS
257,E000000,02600,00000,CIP
257,E000000,03900,00000,DUE TO MEDICARE
257,E000000,04100,00000,ACCRUED EXPENSES
257,E000000,04600,00000,LOAN CLOSING FEES
257,E000000,04700,00000,PPP LOAN PAYABLE - LONG TERM
257,E100001,00700,00000,MEDICARE ADJUSTMENT
257,E100001,00800,00000,SURGEON FEE REVENUE
257,E100002,00300,00000,MEDICARE CONTRACTUAL
257,E100002,00800,00000,ROUNDING
257,E200000,02600,00000,INVESTMENT LOSS
257,S000000,00100,00100,X
257,S000000,00400,00100,2
257,S000000,00500,00100,05/03/2021
257,S000000,00600,00100,10001
257,S000000,00700,00100,N
257,S000000,00800,00100,N
257,S000000,00900,00100,04/15/2022
257,S000000,01000,00100,4
257,S000001,00100,00100,TEXAS ORGAN SHARING ALLIANCE
257,S000001,00100,00200,45P004
257,S000001,00101,00100,8122 DATAPOINT DRIVE  SUITE 200
257,S000001,00102,00100,SAN ANTONIO
257,S000001,00102,00200,TX
257,S000001,00102,00300,78229
257,S000001,00300,00100,01/01/2020
257,S000001,00300,00200,12/31/2020
257,S000001,00400,00100,6
257,S000001,00400,00300,1
257,S000001,00400,00400,04/10/1979
257,S000001,00401,00300,1
257,S000002,00100,00200,Y
257,S000002,00300,00100,SR VP & COO
257,S000002,00400,00100,04/29/2021
257,S100001,00700,00100,N
257,S100001,00810,00000,SMALL BOWELS
257,S100003,00100,00100,MEDICAL DIRECTOR
257,S100003,00100,00300,MEDICAL DIRECTOR
257,S100003,00100,00500,LAB DIRECTOR
257,S100003,00101,00100,EXEC. DIRECTOR
257,S100003,00101,00300,PROCUREMENT COORDINATOR
257,S100003,00101,00500,TECHNICIANS
257,S100003,00102,00100,CLERICAL
257,S100003,00102,00300,PRESERVATION TECHNICIANS
257,S100003,00102,00500,TISSUE TYPING TECH.
257,S100003,00103,00100,OTHER
257,S100003,00103,00300,OTHER
257,S100003,00103,00500,OTHER
257,S200000,00100,00100,N
257,S200000,00200,00100,N
257,S200000,00300,00100,N
257,S200000,00400,00100,Y
257,S200000,00400,00200,A
257,S200000,00500,00100,N
257,S200000,00600,00300,SENIOR VP & COO
257,S200000,00700,00100,TOSA
282,A000000,00100,00000,0100CAPITAL COSTS-BLDG & FIXT
282,A000000,00200,00000,0200CAPITAL COSTS-MVBLE EQUIPMENT
282,A000000,00300,00000,0300EMPLOYEE BENEFITS
282,A000000,00400,00000,0400ADMINISTRATIVE & GENERAL
282,A000000,00500,00000,0500OPERATION AND MAINTENANCE OF PLANT
282,A000000,00600,00000,0600HOUSEKEEPING
282,A000000,00700,00000,0700MEDICAL SUPPLIES
282,A000000,00800,00000,0800OTHER OVERHEAD
282,A000000,00900,00000,0900PROCUREMENT COORDINATORS
282,A000000,01000,00000,1000PROFESSIONAL EDUCATION
282,A000000,01100,00000,1100PUBLIC EDUCATION
282,A000000,01200,00000,1200OTHER ACQUISITION
282,A000000,01300,00000,1300KIDNEY ACQUISITIONS
282,A000000,01400,00000,1400TISSUE TYPING LABORATORY
282,A000000,01500,00000,1500LIVER ACQUISITIONS
282,A000000,01600,00000,1600HEART ACQUISITIONS
282,A000000,01700,00000,1700PANCREAS ACQUISITIONS
282,A000000,01800,00000,1800LUNG ACQUISITIONS
282,A000000,01900,00000,1900BOWEL ACQUISITIONS
282,A000000,01901,00000,1901OTHER ACQUISITIONS
282,A000000,02100,00000,2100RESEARCH
282,A000000,02200,00000,2200BLOOD BANK
282,A000000,02300,00000,2300LABORATORY-NON-TISSUE TYPING
282,A000000,02400,00000,2400DIALYSIS UNITS
282,A000000,02500,00000,2501TISSUE RECOVERY
282,A000000,02501,00000,2500OTHER NON-REIMBURSABLE
282,A100000,01700,00000,DUES AND MEMBERSHIPS
282,A100000,01800,00000,DEPRECIATION
282,A20H000,00900,00000,HOSPITAL FEES
282,A20H000,02100,00000,RECOVERY SUPPLIES
282,A20K000,00900,00000,HOSPITAL FEES
282,A20K000,02100,00000,RECOVERY SUPPLIES
282,A20L000,00900,00000,HOSPITAL FEES
282,A20L000,02100,00000,RECOVERY SUPPLIES
282,A20O000,00900,00000,HOSPITAL FEES
282,A20P000,00900,00000,HOSPITAL FEES
282,A20P000,02100,00000,RECOVERY SUPPLIES
282,A20U000,00900,00000,HOSPITAL FEES
282,A20U000,02100,00000,RECOVERY SUPPLIES
282,A400010,00100,00000,RECLASSIFICATIONS
282,A400010,00100,00100,A
282,A400010,00100,00200,TISSUE RECOVERY
282,A400010,00100,00500,PROCUREMENT COORDINATORS
282,A400010,00200,00000,RECLASSIFICATIONS
282,A400010,00200,00100,A
282,A400010,00200,00200,TISSUE RECOVERY
282,A400010,00200,00500,PROFESSIONAL EDUCATION
282,A400010,00300,00000,RECLASSIFICATIONS
282,A400010,00300,00100,A
282,A400010,00300,00200,TISSUE RECOVERY
282,A400010,00300,00500,PUBLIC EDUCATION
282,A400010,00400,00000,RECLASSIFICATIONS
282,A400010,00400,00100,A
282,A400010,00400,00200,KIDNEY ACQUISITIONS
282,A400010,00400,00500,PROCUREMENT COORDINATORS
282,A400010,00500,00000,RECLASSIFICATIONS
282,A400010,00500,00100,A
282,A400010,00500,00200,LIVER ACQUISITIONS
282,A400010,00500,00500,PROCUREMENT COORDINATORS
282,A500010,00800,00100,A
282,A500010,00800,00300,PROCUREMENT COORDINATORS
282,A500010,01500,00000,LOBBYING
282,A500010,01500,00100,B
282,A500010,01500,00300,ADMINISTRATIVE & GENERAL
282,A51000A,00100,00100,Y
282,A51000B,00100,00200,ADMINISTRATIVE & GENERAL
282,A51000B,00100,00300,POOLED HOME OFFICE COSTS
282,A51000B,00200,00200,PROCUREMENT COORDINATORS
282,A51000B,00200,00300,DIRECT OPO COSTS
282,A51000B,00300,00200,PROCUREMENT COORDINATORS
282,A51000B,00300,00300,FUNCTIONAL HOME OFFICE COSTS
282,A51000B,00400,00200,PROFESSIONAL EDUCATION
282,A51000B,00400,00300,DIRECT OPO COSTS
282,A51000B,00401,00200,PUBLIC EDUCATION
282,A51000B,00401,00300,FUNCTIONAL HOME OFFICE COSTS
282,A51000B,00402,00200,KIDNEY ACQUISITIONS
282,A51000B,00402,00300,FUNCTIONAL HOME OFFICE COSTS
282,A51000B,00403,00200,LIVER ACQUISITIONS
282,A51000B,00403,00300,FUNCTIONAL HOME OFFICE COSTS
282,A51000B,00404,00200,HEART ACQUISITIONS
282,A51000B,00404,00300,FUNCTIONAL HOME OFFICE COSTS
282,A51000B,00405,00200,PANCREAS ACQUISITIONS
282,A51000B,00405,00300,FUNCTIONAL HOME OFFICE COSTS
282,A51000B,00406,00200,LUNG ACQUISITIONS
282,A51000B,00406,00300,FUNCTIONAL HOME OFFICE COSTS
282,A51000B,00407,00200,MEDICAL SUPPLIES
282,A51000B,00407,00300,FUNCTIONAL HOME OFFICE COSTS
282,A51000B,00408,00200,TISSUE RECOVERY
282,A51000B,00408,00300,FUNCTIONAL HOME OFFICE COSTS
282,A51000C,00100,00100,B
282,A51000C,00100,00200,NEW ENGLAND DONOR SERVICES  INC.
282,A51000C,00100,00400,NEW ENGLAND DONOR SERVICES  INC.
282,A51000C,00100,00600,PARENT COMPANY
282,A60000A,00700,00000,LEASEHOLD IMPROVEMENTS
282,A60000B,00800,00000,LEASEHOLD IMPROVEMENTS
282,A60000C,00500,00100,N
282,B10000*,00100,00200,CAP BLDG
282,B10000*,00100,00300,CAP COSTS
282,B10000*,00100,00400,EMPLOYEE
282,B10000*,00100,00500,MEDICAL
282,B10000*,00100,00800,ORGAN
282,B10000*,00100,01000,ADMIN &
282,B10000*,00200,00200,OP PLANT &
282,B10000*,00200,00300,MOVABLE
282,B10000*,00200,00400,BENEFITS
282,B10000*,00200,00500,SUPPLIES
282,B10000*,00200,00800,ACQUISITN
282,B10000*,00200,01000,GENERAL
282,B10000*,00300,00200,HOUSEKEEP
282,B10000*,00300,00300,EQUIPMENT
282,B10000*,00300,00800,COSTS
282,B10000*,00400,00200,SQUARE
282,B10000*,00400,00300,DOLLAR
282,B10000*,00400,00400,ADJUST
282,B10000*,00400,00500,COSTED
282,B10000*,00400,00800,NUMBER
282,B10000*,00400,01000,ACCUM
282,B10000*,00500,00200,FEET
282,B10000*,00500,00300,VALUE
282,B10000*,00500,00400,SALARIES
282,B10000*,00500,00500,REQUISIT
282,B10000*,00500,00800,ORGANS
282,B10000*,00500,01000,COSTS
282,B10000*,00600,00200,1
282,B10000*,00600,00300,2
282,B10000*,00600,00400,3
282,B10000*,00600,00500,3
282,B10000*,00600,00800,3
282,B10000*,00600,01000,3
282,B100000,00000,01000,X
282,E000000,00900,00000,DUE FROM CMS
282,E000000,02600,00000,OTHER FIXED ASSETS
282,E000000,03100,00000,DUE FROM RELATED ORGANIZATIONS
282,E000000,03900,00000,ACCRUED EXPENSES
282,E100001,00700,00000,DONATIONS
282,E100001,00800,00000,INTEREST INCOME
282,E200000,01500,00000,MEDICARE ADJUSTMENTS
282,S000000,00100,00100,X
282,S000000,00400,00100,2
282,S000000,00500,00100,05/18/2021
282,S000000,00600,00100,10001
282,S000000,00700,00100,N
282,S000000,00800,00100,N
282,S000000,00900,00100,06/01/2022
282,S000000,01000,00100,4
282,S000001,00100,00100,LIFECHOICE DONOR SERVICES
282,S000001,00100,00200,07P001
282,S000001,00101,00100,340 WEST NEWBERRY ROAD  SUITE A
282,S000001,00102,00100,BLOOMFIELD
282,S000001,00102,00200,CT
282,S000001,00102,00300,06002
282,S000001,00300,00100,01/01/2020
282,S000001,00300,00200,12/31/2020
282,S000001,00400,00100,6
282,S000001,00400,00300,1
282,S000001,00400,00400,03/01/2002
282,S000001,00401,00300,1
282,S000002,00300,00100,SVP & CFO
282,S100001,00700,00100,N
282,S100001,00810,00000,BOWEL
282,S100003,00100,00100,MEDICAL DIRECTOR
282,S100003,00100,00300,MEDICAL DIRECTOR
282,S100003,00100,00500,LAB DIRECTOR
282,S100003,00101,00100,EXEC. DIRECTOR
282,S100003,00101,00300,PROCUREMENT COORDINATOR
282,S100003,00101,00500,TECHNICIANS
282,S100003,00102,00100,CLERICAL
282,S100003,00102,00300,PRESERVATION TECHNICIANS
282,S100003,00102,00500,TISSUE TYPING TECH.
282,S100003,00103,00100,OTHER
282,S100003,00103,00300,OTHER
282,S100003,00103,00500,OTHER
282,S200000,00100,00100,N
282,S200000,00200,00100,Y
282,S200000,00200,00200,01/01/2021
282,S200000,00200,00300,V
282,S200000,00300,00100,Y
282,S200000,00400,00100,Y
282,S200000,00400,00200,A
282,S200000,00400,00300,05/17/2021
282,S200000,00500,00100,Y
282,S200000,00600,00300,SVP & CFO
282,S200000,00700,00100,NEW ENGLAND DONOR SERVICES  INC.
315,A000000,00100,00000,0100CAPITAL COSTS-BLDG & FIXT
315,A000000,00200,00000,0200CAPITAL COSTS-MVBLE EQUIPMENT
315,A000000,00300,00000,0300EMPLOYEE BENEFITS
315,A000000,00400,00000,0400ADMINISTRATIVE & GENERAL
315,A000000,00500,00000,0500OPERATION AND MAINTENANCE OF PLANT
315,A000000,00600,00000,0600HOUSEKEEPING
315,A000000,00700,00000,0700MEDICAL SUPPLIES
315,A000000,00800,00000,0800OTHER OVERHEAD
315,A000000,00900,00000,0900PROCUREMENT COORDINATORS
315,A000000,01000,00000,1000PROFESSIONAL EDUCATION
315,A000000,01100,00000,1100PUBLIC EDUCATION
315,A000000,01200,00000,1200OTHER ACQUISITION
315,A000000,01300,00000,1300KIDNEY ACQUISITIONS
315,A000000,01400,00000,1400TISSUE TYPING LABORATORY
315,A000000,01500,00000,1500LIVER ACQUISITIONS
315,A000000,01600,00000,1600HEART ACQUISITIONS
315,A000000,01700,00000,1700PANCREAS ACQUISITIONS
315,A000000,01800,00000,1800LUNG ACQUISITIONS
315,A000000,01900,00000,1900OTHER ACQUISITIONS
315,A000000,02100,00000,2100RESEARCH
315,A000000,02200,00000,2200BLOOD BANK
315,A000000,02300,00000,2300LABORATORY-NON-TISSUE TYPING
315,A000000,02400,00000,2400DIALYSIS UNITS
315,A000000,02500,00000,2500OTHER NON-REIMBURSABLE
315,A100000,01700,00000,QUALITY ASSURANCE
315,A100000,01800,00000,EMPLOYEE RECRUITMENT
315,A100000,01900,00000,OTHER EXPENSES-INDIRECT
315,A20H000,00900,00000,OTHER HOSPITAL COSTS
315,A20K000,00900,00000,OTHER HOSPITAL COSTS
315,A20L000,00900,00000,OTHER HOSPITAL COSTS
315,A20O000,00900,00000,OTHER HOSPITAL COSTS
315,A20P000,00900,00000,OTHER HOSPITAL COSTS
315,A20U000,00900,00000,OTHER HOSPITAL COSTS
315,A400010,00100,00000,TISSUE ALLOCATION
315,A400010,00100,00100,A
315,A400010,00100,00200,OTHER NON-REIMBURSABLE
315,A400010,00100,00500,PROCUREMENT COORDINATORS
315,A400010,00200,00000,TISSUE ALLOCATION
315,A400010,00200,00100,A
315,A400010,00200,00200,OTHER NON-REIMBURSABLE
315,A400010,00200,00500,PROFESSIONAL EDUCATION
315,A400010,00300,00000,TISSUE ALLOCATION
315,A400010,00300,00100,A
315,A400010,00300,00200,OTHER NON-REIMBURSABLE
315,A400010,00300,00500,PUBLIC EDUCATION
315,A400010,00400,00000,RECLASS FACILITY RENT
315,A400010,00400,00100,B
315,A400010,00400,00200,CAPITAL COSTS-BLDG & FIXT
315,A400010,00400,00500,ADMINISTRATIVE & GENERAL
315,A500010,00800,00100,B
315,A500010,00800,00300,PROCUREMENT COORDINATORS
315,A500010,01500,00000,OVERHEAD ALLOCATION
315,A500010,01500,00100,A
315,A500010,01500,00300,ADMINISTRATIVE & GENERAL
315,A51000A,00100,00100,N
315,A60000A,00700,00000,CONSTRUCTION IN PROGRESS
315,A60000C,00500,00100,N
315,B10000*,00100,00200,CAP BLDG
315,B10000*,00100,00300,CAP COSTS
315,B10000*,00100,00400,EMPLOYEE
315,B10000*,00100,00500,MEDICAL
315,B10000*,00100,00800,ORGAN
315,B10000*,00100,01000,ADMIN &
315,B10000*,00200,00200,OP PLANT &
315,B10000*,00200,00300,MOVABLE
315,B10000*,00200,00400,BENEFITS
315,B10000*,00200,00500,SUPPLIES
315,B10000*,00200,00800,ACQUISITN
315,B10000*,00200,01000,GENERAL
315,B10000*,00300,00200,HOUSEKEEP
315,B10000*,00300,00300,EQUIPMENT
315,B10000*,00300,00800,COSTS
315,B10000*,00400,00200,SQUARE
315,B10000*,00400,00300,DOLLAR
315,B10000*,00400,00400,ADJUST
315,B10000*,00400,00500,COSTED
315,B10000*,00400,00800,NUMBER
315,B10000*,00400,01000,ACCUM
315,B10000*,00500,00200,FEET
315,B10000*,00500,00300,VALUE
315,B10000*,00500,00400,SALARIES
315,B10000*,00500,00500,REQUISIT
315,B10000*,00500,00800,ORGANS
315,B10000*,00500,01000,COSTS
315,B10000*,00600,00200,1
315,B10000*,00600,00300,2
315,B10000*,00600,00400,3
315,B10000*,00600,00500,3
315,B10000*,00600,00800,3
315,B10000*,00600,01000,3
315,B100000,00000,01000,X
315,E000000,00900,00000,OTHER CURRENT ASSETS
315,E000000,02600,00000,OTHER FIXED ASSETS
315,E000000,03900,00000,INTERCOMPANY PAYABLES
315,E000000,04100,00000,OTHER CURRENT LIABILITIES
315,E100001,00900,00000,TISSUE RECOVERY REVENUE
315,E100002,00300,00000,DISALLOWABLES
315,E100002,00400,00000,INVENTORY VARIANCE
315,E100002,00500,00000,BAD DEBT
315,E100002,00501,00000,COST REPORT ESTIMATE
315,E100002,00800,00000,PURCHASE DISCOUNTS
315,E100002,00900,00000,RENTAL INCOME
315,S000000,00100,00100,X
315,S000000,00400,00100,2
315,S000000,00500,00100,03/01/2021
315,S000000,00600,00100,10001
315,S000000,00700,00100,N
315,S000000,00800,00100,N
315,S000000,00900,00100,06/14/2022
315,S000000,01000,00100,4
315,S000001,00100,00100,SIERRA DONOR SERVICES
315,S000001,00100,00200,05P004
315,S000001,00101,00100,3940 INDUSTRIAL BLVD
315,S000001,00102,00100,WEST SACRAMENTO
315,S000001,00102,00200,CA
315,S000001,00102,00300,95691
315,S000001,00300,00100,10/01/2019
315,S000001,00300,00200,09/30/2020
315,S000001,00400,00100,6
315,S000001,00400,00300,1
315,S000001,00400,00400,10/01/1990
315,S000001,00401,00300,1
315,S000002,00100,00200,Y
315,S000002,00300,00100,CFO
315,S000002,00400,00100,02/25/2021
315,S100001,00700,00100,N
315,S100001,00810,00000,SMALL BOWEL
315,S100003,00100,00100,MEDICAL DIRECTOR
315,S100003,00100,00300,MEDICAL DIRECTOR
315,S100003,00100,00500,LAB DIRECTOR
315,S100003,00101,00100,EXEC. DIRECTOR
315,S100003,00101,00300,PROCUREMENT COORDINATOR
315,S100003,00101,00500,TECHNICIANS
315,S100003,00102,00100,CLERICAL
315,S100003,00102,00300,PRESERVATION TECHNICIANS
315,S100003,00102,00500,TISSUE TYPING TECH.
315,S100003,00103,00100,OTHER
315,S100003,00103,00300,OTHER
315,S100003,00103,00500,OTHER
315,S200000,00100,00100,N
315,S200000,00200,00100,N
315,S200000,00300,00100,N
315,S200000,00400,00100,Y
315,S200000,00400,00200,A
315,S200000,00500,00100,N
315,S200000,00600,00300,CFO
315,S200000,00700,00100,DCI DONOR SERVICES  INC.
322,A000000,00100,00000,0100CAPITAL COSTS-BLDG & FIXT
322,A000000,00200,00000,0200CAPITAL COSTS-MVBLE EQUIPMENT
322,A000000,00300,00000,0300EMPLOYEE BENEFITS
322,A000000,00400,00000,0400ADMINISTRATIVE & GENERAL
322,A000000,00500,00000,0500OPERATION AND MAINTENANCE OF PLANT
322,A000000,00600,00000,0600HOUSEKEEPING
322,A000000,00700,00000,0700MEDICAL SUPPLIES
322,A000000,00800,00000,0800OTHER OVERHEAD
322,A000000,00900,00000,0900PROCUREMENT COORDINATORS
322,A000000,01000,00000,1000PROFESSIONAL EDUCATION
322,A000000,01100,00000,1100PUBLIC EDUCATION
322,A000000,01200,00000,1200OTHER ACQUISITION
322,A000000,01300,00000,1300KIDNEY ACQUISITIONS
322,A000000,01400,00000,1400TISSUE TYPING LABORATORY
322,A000000,01500,00000,1500LIVER ACQUISITIONS
322,A000000,01600,00000,1600HEART ACQUISITIONS
322,A000000,01700,00000,1700PANCREAS ACQUISITIONS
322,A000000,01800,00000,1800LUNG ACQUISITIONS
322,A000000,01900,00000,1900OTHER ACQUISITIONS
322,A000000,02100,00000,2100RESEARCH
322,A000000,02200,00000,2200BLOOD BANK
322,A000000,02300,00000,2300LABORATORY-NON-TISSUE TYPING
322,A000000,02400,00000,2400DIALYSIS UNITS
322,A000000,02500,00000,2500OTHER NON-REIMBURSABLE
322,A51000A,00100,00100,N
322,S000000,00100,00100,X
322,S000000,00400,00100,2
322,S000000,00500,00100,06/09/2022
322,S000000,00600,00100,10001
322,S000000,00700,00100,Y
322,S000000,00800,00100,N
322,S000000,00900,00100,07/08/2022
322,S000000,01000,00100,4
322,S000001,00100,00100,APPLIED IMMUNOGENETICS LABORATORY
322,S000001,00100,00200,21HL02
322,S000001,00101,00100,3700 MICHELLE WAY
322,S000001,00102,00100,BALTIMORE
322,S000001,00102,00200,MD
322,S000001,00102,00300,21208-1742
322,S000001,00300,00100,11/20/2019
322,S000001,00300,00200,12/31/2019
322,S000001,00400,00100,4
322,S000001,00400,00300,1
322,S000001,00400,00400,11/20/2019
322,S000001,00401,00300,1
322,S100001,00700,00100,N
322,S100001,00810,00000,OTHER
322,S100003,00100,00100,MEDICAL DIRECTOR
322,S100003,00100,00300,MEDICAL DIRECTOR
322,S100003,00100,00500,LAB DIRECTOR
322,S100003,00101,00100,EXEC. DIRECTOR
322,S100003,00101,00300,PROCUREMENT COORDINATOR
322,S100003,00101,00500,TECHNICIANS
322,S100003,00102,00100,CLERICAL
322,S100003,00102,00300,PRESERVATION TECHNICIANS
322,S100003,00102,00500,TISSUE TYPING TECH.
322,S100003,00103,00100,OTHER
322,S100003,00103,00300,OTHER
322,S100003,00103,00500,OTHER
322,S200000,00100,00100,N
322,S200000,00200,00100,N
322,S200000,00300,00100,N
322,S200000,00400,00100,N
322,S200000,00500,00100,N
324,A000000,00100,00000,0100CAPITAL COSTS-BLDG & FIXT
324,A000000,00200,00000,0200CAPITAL COSTS-MVBLE EQUIPMENT
324,A000000,00300,00000,0300EMPLOYEE BENEFITS
324,A000000,00400,00000,0400ADMINISTRATIVE & GENERAL
324,A000000,00500,00000,0500OPERATION AND MAINTENANCE OF PLANT
324,A000000,00600,00000,0600HOUSEKEEPING
324,A000000,00700,00000,0700MEDICAL SUPPLIES
324,A000000,00800,00000,0800OTHER OVERHEAD
324,A000000,00900,00000,0900PROCUREMENT COORDINATORS
324,A000000,01000,00000,1000PROFESSIONAL EDUCATION
324,A000000,01100,00000,1100PUBLIC EDUCATION
324,A000000,01200,00000,1200OTHER ACQUISITION
324,A000000,01300,00000,1300KIDNEY ACQUISITIONS
324,A000000,01400,00000,1400TISSUE TYPING LABORATORY
324,A000000,01500,00000,1500LIVER ACQUISITIONS
324,A000000,01600,00000,1600HEART ACQUISITIONS
324,A000000,01700,00000,1700PANCREAS ACQUISITIONS
324,A000000,01800,00000,1800LUNG ACQUISITIONS
324,A000000,01900,00000,1900OTHER ACQUISITIONS
324,A000000,02100,00000,2100RESEARCH
324,A000000,02200,00000,2200BLOOD BANK
324,A000000,02300,00000,2300LABORATORY-NON-TISSUE TYPING
324,A000000,02400,00000,2400DIALYSIS UNITS
324,A000000,02500,00000,2500OTHER NON-REIMBURSABLE
324,A51000A,00100,00100,N
324,S000000,00100,00100,X
324,S000000,00400,00100,2
324,S000000,00500,00100,06/09/2022
324,S000000,00600,00100,10001
324,S000000,00700,00100,N
324,S000000,00800,00100,N
324,S000000,00900,00100,07/08/2022
324,S000000,01000,00100,4
324,S000001,00100,00100,APPLIED IMMUNOGENETICS LABORATORY
324,S000001,00100,00200,21HL02
324,S000001,00101,00100,3700 MICHELLE WAY
324,S000001,00102,00100,BALTIMORE
324,S000001,00102,00200,MD
324,S000001,00102,00300,21208-1742
324,S000001,00300,00100,01/01/2020
324,S000001,00300,00200,12/31/2020
324,S000001,00400,00100,4
324,S000001,00400,00300,1
324,S000001,00400,00400,11/20/2019
324,S000001,00401,00300,1
324,S100001,00700,00100,N
324,S100001,00810,00000,OTHER
324,S100003,00100,00100,MEDICAL DIRECTOR
324,S100003,00100,00300,MEDICAL DIRECTOR
324,S100003,00100,00500,LAB DIRECTOR
324,S100003,00101,00100,EXEC. DIRECTOR
324,S100003,00101,00300,PROCUREMENT COORDINATOR
324,S100003,00101,00500,TECHNICIANS
324,S100003,00102,00100,CLERICAL
324,S100003,00102,00300,PRESERVATION TECHNICIANS
324,S100003,00102,00500,TISSUE TYPING TECH.
324,S100003,00103,00100,OTHER
324,S100003,00103,00300,OTHER
324,S100003,00103,00500,OTHER
324,S200000,00100,00100,N
324,S200000,00200,00100,N
324,S200000,00300,00100,N
324,S200000,00400,00100,N
324,S200000,00500,00100,N
328,A000000,00100,00000,0100CAPITAL COSTS-BLDG & FIXT
328,A000000,00200,00000,0200CAPITAL COSTS-MVBLE EQUIPMENT
328,A000000,00300,00000,0300EMPLOYEE BENEFITS
328,A000000,00400,00000,0400ADMINISTRATIVE & GENERAL
328,A000000,00500,00000,0500OPERATION AND MAINTENANCE OF PLANT
328,A000000,00600,00000,0600HOUSEKEEPING
328,A000000,00700,00000,0700MEDICAL SUPPLIES
328,A000000,00800,00000,0800OTHER OVERHEAD
328,A000000,00900,00000,0900PROCUREMENT COORDINATORS
328,A000000,01000,00000,1000PROFESSIONAL EDUCATION
328,A000000,01100,00000,1100PUBLIC EDUCATION
328,A000000,01200,00000,1200OTHER ACQUISITION
328,A000000,01300,00000,1300KIDNEY ACQUISITIONS
328,A000000,01400,00000,1400TISSUE TYPING LABORATORY
328,A000000,01500,00000,1500LIVER ACQUISITIONS
328,A000000,01600,00000,1600HEART ACQUISITIONS
328,A000000,01700,00000,1700PANCREAS ACQUISITIONS
328,A000000,01800,00000,1800LUNG ACQUISITIONS
328,A000000,01900,00000,1900OTHER ACQUISITIONS
328,A000000,02100,00000,2100RESEARCH
328,A000000,02200,00000,2200BLOOD BANK
328,A000000,02300,00000,2300LABORATORY-NON-TISSUE TYPING
328,A000000,02400,00000,2400DIALYSIS UNITS
328,A000000,02500,00000,2500OTHER NON-REIMBURSABLE
328,A100000,01700,00000,REPAIRS & MAINTENANCE
328,A100000,01800,00000,VEHICLES
328,A100000,01900,00000,DEVELOPMENT
328,A100000,01901,00000,FUNDRAISING
328,A100000,01902,00000,SERVICE CHARGES
328,A100000,01903,00000,PROECESS IMPROVEMENT
328,A100000,01904,00000,CENTRAL OFFICE
328,A100000,01905,00000,PROFESSIONAL SERVICES
328,A100000,01906,00000,ADMINISTRATION
328,A100000,01908,00000,OTHER
328,A300000,00600,00000,SUPPLIES
328,A300000,00700,00000,CELL PHONE
328,A300000,00800,00000,PURCHASED SERVICES
328,A300000,00900,00000,DUES/SUBSCRIPTIONS
328,A300000,01000,00000,TRAVEL/MEETINGS
328,A300000,01001,00000,INSURANCE
328,A300000,01002,00000,OTHER EXPENSES
328,A500010,01300,00100,A
328,A500010,01300,00300,CAPITAL COSTS-BLDG & FIXT
328,A51000A,00100,00100,Y
328,A51000B,00100,00200,TISSUE TYPING LABORATORY
328,A51000B,00100,00300,HOME OFFICE
328,A51000B,00200,00200,TISSUE TYPING LABORATORY
328,A51000B,00200,00300,HOME OFFICE
328,A51000B,00300,00200,TISSUE TYPING LABORATORY
328,A51000B,00300,00300,OCCUPANCY
328,A51000B,00400,00200,BLOOD BANK
328,A51000B,00400,00300,OCCUPANCY
328,A51000C,00100,00100,B
328,A51000C,00100,00400,VITALANT
328,A51000C,00100,00600,NON-PROFIT CORPORATION
328,A60000A,00700,00000,LEASEHOLD IMPROVEMENTS
328,A60000B,00800,00000,OTHER
328,A60000C,00500,00100,N
328,B10000*,00100,00200,CAP BLDG
328,B10000*,00100,00300,CAP COSTS
328,B10000*,00100,00400,EMPLOYEE
328,B10000*,00100,00500,MEDICAL
328,B10000*,00100,00800,ORGAN
328,B10000*,00100,01000,ADMIN &
328,B10000*,00200,00200,OP PLANT &
328,B10000*,00200,00300,MOVABLE
328,B10000*,00200,00400,BENEFITS
328,B10000*,00200,00500,SUPPLIES
328,B10000*,00200,00800,ACQUISITN
328,B10000*,00200,01000,GENERAL
328,B10000*,00300,00200,HOUSEKEEP
328,B10000*,00300,00300,EQUIPMENT
328,B10000*,00300,00800,COSTS
328,B10000*,00400,00200,SQUARE
328,B10000*,00400,00300,DOLLAR
328,B10000*,00400,00400,ADJUST
328,B10000*,00400,00500,COSTED
328,B10000*,00400,00800,NUMBER
328,B10000*,00400,01000,ACCUM
328,B10000*,00500,00200,FEET
328,B10000*,00500,00300,VALUE
328,B10000*,00500,00400,SALARIES
328,B10000*,00500,00500,REQUISIT
328,B10000*,00500,00800,ORGANS
328,B10000*,00500,01000,COSTS
328,B10000*,00600,00200,1
328,B10000*,00600,00300,2
328,B10000*,00600,00400,3
328,B10000*,00600,00500,3
328,B10000*,00600,00800,3
328,B10000*,00600,01000,3
328,B100000,00000,01000,X
328,E000000,00900,00000,RESTRICTED CASH
328,E000000,02600,00000,PROPERTY & EQUIPMENT - NET
328,E000000,03100,00000,OTHER
328,E000000,03900,00000,RETIREMENT PLAN LIABILITY
328,E000000,04100,00000,OTHER CURRENT ACCRUED EXPENSES
328,E000000,04600,00000,OTHER LONG TERM LIABILITIES
328,E000000,04700,00000,ACCRUED PENSION & DEFERRED COMPENSAT
328,E000000,04800,00000,ACCRUED POST RETIREMENT HEALTH BENEF
328,E100001,00700,00000,NMDP
328,E200000,01500,00000,MISCELLANEOUS
328,E200000,01600,00000,INTEREST INCOME
328,S000000,00100,00100,X
328,S000000,00400,00100,2
328,S000000,00500,00100,07/28/2021
328,S000000,00600,00100,10001
328,S000000,00700,00100,N
328,S000000,00800,00100,N
328,S000000,00900,00100,08/23/2022
328,S000000,01000,00100,4
328,S000001,00100,00100,VITALANT
328,S000001,00100,00200,05HL04
328,S000001,00101,00100,10536 PETER A MCCUEN BLVD
328,S000001,00102,00100,MATHER
328,S000001,00102,00200,CA
328,S000001,00102,00300,95655
328,S000001,00300,00100,01/01/2020
328,S000001,00300,00200,12/31/2020
328,S000001,00400,00100,2
328,S000001,00400,00300,2
328,S000001,00400,00400,01/01/1986
328,S000001,00401,00300,1
328,S100001,00700,00100,N
328,S100001,00810,00000,OTHER
328,S100002,00400,00100,AB LS CLASS I
328,S100002,00401,00100,AB LS CLASS II
328,S100002,00402,00100,AB SCN CLASS I ONLY
328,S100002,00403,00100,AB SCN CLASS II ONLY
328,S100002,00404,00100,AB SCN I+II
328,S100002,00405,00100,ADS TREATMENT
328,S100002,00406,00100,BUCCAL SWAB EXTRACTION
328,S100002,00407,00100,FXM-AUTO
328,S100002,00408,00100,FXM-CAD FINAL
328,S100002,00409,00100,FXM-CAD FINAL
328,S100002,00410,00100,HL HLA FLOW CROSSMATCH
328,S100002,00411,00100,HL HLA A B C DR DQ DP IR
328,S100002,00412,00100,HL DECEASED DONOR WORKUP FEE
328,S100002,00413,00100,PRE CAD TESTING FEE
328,S100002,00414,00100,HIGHRESOLUTIONDNAHLAA
328,S100002,00415,00100,HIRES HLA-B
328,S100002,00416,00100,HIRES HLA-C
328,S100002,00417,00100,HIRES HLA-DR
328,S100002,00418,00100,HIRES HLA-DQ
328,S100002,00419,00100,HIRES HLA-DP
328,S100002,00420,00100,DTT TREATMENT
328,S100002,00421,00100,RT-PCR CLASS I
328,S100002,00422,00100,RT-PCR CLASS II
328,S100002,00423,00100,RT-PCR COMB
328,S100002,00424,00100,RT-PCR STAT TRAY
328,S100002,00425,00100,SERUMPROCESSING
328,S100002,00426,00100,SERUM PROCESSING
328,S100002,00430,00100,SMF COURIER
328,S100002,00431,00100,SO 1ST KIT
328,S100002,00432,00100,SO 2ND CLOT
328,S100002,00433,00100,SO ADDITIONAL ACD
328,S100002,00434,00100,SO DONOR
328,S100002,00435,00100,SO DONOR ACD
328,S100002,00436,00100,SO DONOR SWABS
328,S100002,00437,00100,SO REACTIVATION CLOT
328,S100002,00438,00100,SO UNACCEPTABLE CLOT
328,S100002,00439,00100,VXM
328,S100003,00100,00100,MEDICAL DIRECTOR
328,S100003,00100,00300,MEDICAL DIRECTOR
328,S100003,00100,00500,LAB DIRECTOR
328,S100003,00101,00100,EXEC. DIRECTOR
328,S100003,00101,00300,PROCUREMENT COORDINATOR
328,S100003,00101,00500,TECHNICIANS
328,S100003,00102,00100,CLERICAL
328,S100003,00102,00300,PRESERVATION TECHNICIANS
328,S100003,00102,00500,TISSUE TYPING TECH.
328,S100003,00103,00100,OTHER
328,S100003,00103,00300,OTHER
328,S100003,00103,00500,OTHER
328,S200000,00100,00100,N
328,S200000,00200,00100,N
328,S200000,00300,00100,Y
328,S200000,00400,00100,Y
328,S200000,00400,00200,A
328,S200000,00500,00100,Y
329,A000000,00100,00000,0100CAPITAL COSTS-BLDG & FIXT
329,A000000,00200,00000,0200CAPITAL COSTS-MVBLE EQUIPMENT
329,A000000,00300,00000,0300EMPLOYEE BENEFITS
329,A000000,00400,00000,0400ADMINISTRATIVE & GENERAL
329,A000000,00500,00000,0500OPERATION AND MAINTENANCE OF PLANT
329,A000000,00600,00000,0600HOUSEKEEPING
329,A000000,00700,00000,0700MEDICAL SUPPLIES
329,A000000,00800,00000,0800OTHER OVERHEAD
329,A000000,00900,00000,0900PROCUREMENT COORDINATORS
329,A000000,01000,00000,1000PROFESSIONAL EDUCATION
329,A000000,01100,00000,1100PUBLIC EDUCATION
329,A000000,01200,00000,1200OTHER ACQUISITION
329,A000000,01300,00000,1300KIDNEY ACQUISITIONS
329,A000000,01400,00000,1400TISSUE TYPING LABORATORY
329,A000000,01500,00000,1500LIVER ACQUISITIONS
329,A000000,01600,00000,1600HEART ACQUISITIONS
329,A000000,01700,00000,1700PANCREAS ACQUISITIONS
329,A000000,01800,00000,1800LUNG ACQUISITIONS
329,A000000,01900,00000,1900OTHER ACQUISITIONS
329,A000000,02100,00000,2100RESEARCH
329,A000000,02200,00000,2200BLOOD BANK
329,A000000,02300,00000,2300LABORATORY-NON-TISSUE TYPING
329,A000000,02400,00000,2400DIALYSIS UNITS
329,A000000,02500,00000,2500OTHER NON-REIMBURSABLE
329,A300000,00600,00000,LABORATORY SUPPLIES
329,A300000,00700,00000,MINOR MEDICAL EQUIPMENT
329,A300000,00800,00000,FREIGHT IN
329,A300000,00900,00000,OTHER DIRECT EXPENSES
329,A300000,01000,00000,OTHER INDIRECT EXPENSES
329,A500010,01500,00000,HOME OFFICE COSTS
329,A500010,01500,00100,A
329,A500010,01500,00300,TISSUE TYPING LABORATORY
329,A51000A,00100,00100,Y
329,A51000B,00100,00200,TISSUE TYPING LABORATORY
329,A51000B,00100,00300,CORPORATE ALLOCATION-IT
329,A51000B,00200,00200,TISSUE TYPING LABORATORY
329,A51000B,00200,00300,IT SERVICE PROVIDER EXPENSE-DCI
329,A51000B,00300,00200,TISSUE TYPING LABORATORY
329,A51000B,00300,00300,FACILITY RENT
329,A51000B,00400,00200,TISSUE TYPING LABORATORY
329,A51000B,00400,00300,CORPORATE OVERHEAD ALLOCATION
329,A51000C,00100,00100,B
329,A51000C,00100,00200,DCI LABORATORY
329,A51000C,00100,00400,DIALYSIS CLINIC INC
329,A51000C,00100,00600,INDEPENDENT DIALYSIS
329,A60000A,00700,00000,COMPUTER EQUIPMENT
329,A60000B,00800,00000,COMPUTER EQUIPMENT
329,A60000C,00500,00100,N
329,B10000*,00100,00200,CAP BLDG
329,B10000*,00100,00300,CAP COSTS
329,B10000*,00100,00400,EMPLOYEE
329,B10000*,00100,00500,MEDICAL
329,B10000*,00100,00800,ORGAN
329,B10000*,00100,01000,ADMIN &
329,B10000*,00200,00200,OP PLANT &
329,B10000*,00200,00300,MOVABLE
329,B10000*,00200,00400,BENEFITS
329,B10000*,00200,00500,SUPPLIES
329,B10000*,00200,00800,ACQUISITN
329,B10000*,00200,01000,GENERAL
329,B10000*,00300,00200,HOUSEKEEP
329,B10000*,00300,00300,EQUIPMENT
329,B10000*,00300,00800,COSTS
329,B10000*,00400,00200,SQUARE
329,B10000*,00400,00300,DOLLAR
329,B10000*,00400,00400,ADJUST
329,B10000*,00400,00500,COSTED
329,B10000*,00400,00800,NUMBER
329,B10000*,00400,01000,ACCUM
329,B10000*,00500,00200,FEET
329,B10000*,00500,00300,VALUE
329,B10000*,00500,00400,SALARIES
329,B10000*,00500,00500,REQUISIT
329,B10000*,00500,00800,ORGANS
329,B10000*,00500,01000,COSTS
329,B10000*,00600,00200,1
329,B10000*,00600,00300,2
329,B10000*,00600,00400,3
329,B10000*,00600,00500,3
329,B10000*,00600,00800,3
329,B10000*,00600,01000,3
329,B100000,00000,01000,X
329,E000000,00900,00000,OTHER CURRENT ASSETS
329,E000000,02600,00000,OTHER FIXED ASSETS
329,E000000,04100,00000,OTHER CURRENT LIABILITIES
329,E100002,00300,00000,COST REPORT ESTIMATE
329,S000000,00100,00100,X
329,S000000,00400,00100,2
329,S000000,00500,00100,02/26/2021
329,S000000,00600,00100,10001
329,S000000,00700,00100,N
329,S000000,00800,00100,N
329,S000000,00900,00100,08/23/2022
329,S000000,01000,00100,4
329,S000001,00100,00100,DCI LABORATORY
329,S000001,00100,00200,44HL01
329,S000001,00101,00100,1616 HAYES STREET
329,S000001,00102,00100,NASHVILLE
329,S000001,00102,00200,TN
329,S000001,00102,00300,37203
329,S000001,00300,00100,10/01/2019
329,S000001,00300,00200,09/30/2020
329,S000001,00400,00100,6
329,S000001,00400,00300,2
329,S000001,00400,00400,10/01/1978
329,S000001,00401,00300,1
329,S100001,00700,00100,N
329,S100001,00810,00000,OTHER
329,S100002,00400,00100,ABO TYPING
329,S100002,00401,00100,HLA CLASS I TYPING  ONE ALLELE OR AL
329,S100002,00402,00100,T CELL CROSSMATCH - CYTOTOXIC/AHG
329,S100002,00403,00100,FLOW CYTOMETRY CROSSMATCH (T AND B C
329,S100002,00404,00100,HLA CLASS I ANTIBODY SCREEN - FLOW C
329,S100002,00405,00100,HLA CLASS II ANTIBODY SCREEN - FLOW
329,S100002,00406,00100,HLA CLASS I AND CLASS II ANTIBODY SC
329,S100002,00407,00100,DECEASED DONOR WORKUP - LOCAL
329,S100002,00408,00100,SERUM ARCHIVE
329,S100002,00409,00100,A1 TITER (SENDOUT)
329,S100002,00410,00100,FLOW CYTOMETRY AUTO-CROSSMATCH (T AN
329,S100002,00411,00100,HLA CLASS I ANTIBODY ID WITH C1Q BIN
329,S100002,00412,00100,HLA CLASS II ANTIBODY ID WITH C1Q BI
329,S100002,00413,00100,DNA EXTRACT AND HOLD
329,S100002,00414,00100,HLA-DPB1 TYPING
329,S100002,00415,00100,DECEASED DONOR WORK-UP IMPORT
329,S100002,00416,00100,HLA CLASS I AND CLASS II ANTIBODY SC
329,S100002,00417,00100,T CELL CROSSMATCH - CYTOOXIC/AHG (NO
329,S100002,00418,00100,FLOW CYTOMETRY CROSSMATCH (T AND B C
329,S100002,00419,00100,T CEL CYTOTOXIC CROSSMATCH (CHARGE T
329,S100002,00420,00100,FLOW CYTOMETRY CROSSMATCH - T AND B
329,S100002,00421,00100,ABO REVERSE TYPING ONLY
329,S100002,00422,00100,HLA CLASS I ANTIBODY ID - LUMINEX SI
329,S100002,00423,00100,HLA CLASS II ANTIBODY ID - LUMINEX S
329,S100002,00424,00100,FLOW CROSSMATCH WITH TITERS
329,S100002,00425,00100,T AND B CELL CYTOTOXIC CROSSMATCH
329,S100002,00426,00100,A1 TITER (NO DONOR)
329,S100002,00427,00100,HLA CLASS I ANTIBODY ID - LUMINEX SI
329,S100002,00428,00100,HLA CLASS II ANTIBODY ID - LUMINEX S
329,S100002,00429,00100,HLA COMP TYPING:HR(HLA-A B C DR DRB3
329,S100003,00100,00100,MEDICAL DIRECTOR
329,S100003,00100,00300,MEDICAL DIRECTOR
329,S100003,00100,00500,LAB DIRECTOR
329,S100003,00101,00100,EXEC. DIRECTOR
329,S100003,00101,00300,PROCUREMENT COORDINATOR
329,S100003,00101,00500,TECHNICIANS
329,S100003,00102,00100,CLERICAL
329,S100003,00102,00300,PRESERVATION TECHNICIANS
329,S100003,00102,00500,TISSUE TYPING TECH.
329,S100003,00103,00100,OTHER
329,S100003,00103,00300,OTHER
329,S100003,00103,00500,OTHER
329,S200000,00100,00100,N
329,S200000,00200,00100,N
329,S200000,00300,00100,Y
329,S200000,00400,00100,Y
329,S200000,00400,00200,A
329,S200000,00500,00100,N
329,S200000,00600,00300,LABORATORY DIRECTOR
329,S200000,00700,00100,DIALYSIS CLINIC INC
334,A000000,00100,00000,0100CAPITAL COSTS-BLDG & FIXT
334,A000000,00200,00000,0200CAPITAL COSTS-MVBLE EQUIPMENT
334,A000000,00300,00000,0300EMPLOYEE BENEFITS
334,A000000,00400,00000,0400ADMINISTRATIVE & GENERAL
334,A000000,00500,00000,0500OPERATION AND MAINTENANCE OF PLANT
334,A000000,00600,00000,0600HOUSEKEEPING
334,A000000,00700,00000,0700MEDICAL SUPPLIES
334,A000000,00800,00000,0800OTHER OVERHEAD
334,A000000,00900,00000,0900PROCUREMENT COORDINATORS
334,A000000,01000,00000,1000PROFESSIONAL EDUCATION
334,A000000,01100,00000,1100PUBLIC EDUCATION
334,A000000,01200,00000,1200OTHER ACQUISITION
334,A000000,01300,00000,1300KIDNEY ACQUISITIONS
334,A000000,01400,00000,1400TISSUE TYPING LABORATORY
334,A000000,01500,00000,1500LIVER ACQUISITIONS
334,A000000,01600,00000,1600HEART ACQUISITIONS
334,A000000,01700,00000,1700PANCREAS ACQUISITIONS
334,A000000,01800,00000,1800LUNG ACQUISITIONS
334,A000000,01900,00000,1900SMALL BOWELS
334,A000000,01901,00000,1901ISLETT CELLS
334,A000000,01902,00000,1902HEART VALVE ACQUISITIONS
334,A000000,01903,00000,1903HEART/LUNG ACQUISITIONS
334,A000000,02100,00000,2100RESEARCH
334,A000000,02200,00000,2200BLOOD BANK
334,A000000,02300,00000,2300LABORATORY-NON-TISSUE TYPING
334,A000000,02400,00000,2400DIALYSIS UNITS
334,A000000,02500,00000,2500TISSUE RECOVERY
334,A000000,02501,00000,2501RECOVERY FACILITY - LOWRY
334,A000000,02502,00000,2502FOUNDATION
334,A000000,02503,00000,2503SPRUCE PROPERTY MANAGEMENT
334,A100000,01700,00000,EMPLOYEE BENEFITS
334,A100000,01800,00000,PAYROLL TAXES
334,A100000,01900,00000,HIRING EXPENSE
334,A100000,01901,00000,REPAIRS / MAINTENANCE / LEASES
334,A100000,01902,00000,TEMPORARY SERVICES
334,A100000,01903,00000,DEPRECIATION
334,A100000,01904,00000,DUES & SUBSCRIPTIONS
334,A100000,01905,00000,CONSULTING FEES
334,A100000,01906,00000,UTILITIES
334,A100000,01907,00000,CONTRACT LABOR
334,A100000,01908,00000,GRANTMAKING
334,A20H000,02100,00000,OTHER COSTS
334,A20H000,02101,00000,RADIOLOGY
334,A20H000,02102,00000,CARDIOLOGY
334,A20K000,02100,00000,OTHER COSTS
334,A20K000,02101,00000,RADIOLOGY
334,A20K000,02102,00000,CARDIOLOGY
334,A20L000,00900,00000,OTHER EXCISION HOSPITAL COSTS
334,A20L000,02100,00000,OTHER COSTS
334,A20L000,02101,00000,RADIOLOGY
334,A20L000,02102,00000,CARDIOLOGY
334,A20O000,02100,00000,OTHER COSTS
334,A20O000,02101,00000,RADIOLOGY
334,A20O000,02102,00000,CARDIOLOGY
334,A20P000,00900,00000,OTHER EXCISION HOSPITAL COSTS
334,A20P000,02100,00000,OTHER COSTS
334,A20P000,02101,00000,RADIOLOGY
334,A20P000,02102,00000,CARDIOLOGY
334,A20U000,02100,00000,OTHER COSTS
334,A20U000,02101,00000,RADIOLOGY
334,A20U000,02102,00000,CARDIOLOGY
334,A400010,00100,00000,RECOVERY CENTER
334,A400010,00100,00100,A
334,A400010,00100,00200,TISSUE RECOVERY
334,A400010,00100,00500,RECOVERY FACILITY - LOWRY
334,A400010,00200,00000,RECOVERY CENTER
334,A400010,00200,00100,A
334,A400010,00200,00200,PROCUREMENT COORDINATORS
334,A400010,00300,00000,RECOVERY CENTER
334,A400010,00300,00100,A
334,A400010,00300,00200,ADMINISTRATIVE & GENERAL
334,A400010,00400,00000,REPAIRS
334,A400010,00400,00100,C
334,A400010,00400,00200,OPERATION AND MAINTENANCE OF PLANT
334,A400010,00400,00500,ADMINISTRATIVE & GENERAL
334,A400010,00500,00000,REPAIRS
334,A400010,00500,00100,C
334,A400010,00500,00500,PROCUREMENT COORDINATORS
334,A400010,00600,00000,REPAIRS
334,A400010,00600,00100,C
334,A400010,00600,00500,PUBLIC EDUCATION
334,A400010,00700,00000,REPAIRS
334,A400010,00700,00100,C
334,A400010,00700,00500,TISSUE RECOVERY
334,A400010,00800,00000,CAPITAL COSTS
334,A400010,00800,00100,D
334,A400010,00800,00200,CAPITAL COSTS-BLDG & FIXT
334,A400010,00800,00500,ADMINISTRATIVE & GENERAL
334,A400010,00900,00000,CAPITAL COSTS
334,A400010,00900,00100,D
334,A400010,00900,00200,CAPITAL COSTS-MVBLE EQUIPMENT
334,A400010,00900,00500,PROCUREMENT COORDINATORS
334,A400010,01000,00000,CAPITAL COSTS
334,A400010,01000,00100,D
334,A400010,01000,00500,TISSUE RECOVERY
334,A400010,01100,00000,CAPITAL COSTS
334,A400010,01100,00100,D
334,A400010,01100,00500,RECOVERY FACILITY - LOWRY
334,A400010,01200,00000,ADMIN ASSISTANT
334,A400010,01200,00100,G
334,A400010,01200,00200,PROCUREMENT COORDINATORS
334,A400010,01200,00500,ADMINISTRATIVE & GENERAL
334,A400010,01300,00000,SALES & USE TAX
334,A400010,01300,00100,H
334,A400010,01300,00200,PROCUREMENT COORDINATORS
334,A400010,01300,00500,ADMINISTRATIVE & GENERAL
334,A400010,01400,00000,SALES & USE TAX
334,A400010,01400,00100,H
334,A400010,01400,00200,TISSUE RECOVERY
334,A400010,01500,00000,TISSUE RECOVERY OVERHEAD
334,A400010,01500,00100,I
334,A400010,01500,00200,TISSUE RECOVERY
334,A400010,01500,00500,PROCUREMENT COORDINATORS
334,A400010,01600,00000,TISSUE RECOVERY OVERHEAD
334,A400010,01600,00100,I
334,A400010,01600,00500,PROFESSIONAL EDUCATION
334,A400010,01700,00000,TISSUE RECOVERY OVERHEAD
334,A400010,01700,00100,I
334,A400010,01700,00500,PUBLIC EDUCATION
334,A400010,01800,00000,200 SPRUCE
334,A400010,01800,00100,J
334,A400010,01800,00200,CAPITAL COSTS-BLDG & FIXT
334,A400010,01800,00500,SPRUCE PROPERTY MANAGEMENT
334,A500010,00800,00100,B
334,A500010,00800,00300,PROCUREMENT COORDINATORS
334,A500010,01200,00100,B
334,A500010,01200,00300,SPRUCE PROPERTY MANAGEMENT
334,A500010,01500,00000,STAFF EXPENSE
334,A500010,01500,00100,A
334,A500010,01500,00300,ADMINISTRATIVE & GENERAL
334,A500010,01501,00000,CONTRIBUTION EXPENSE
334,A500010,01501,00100,A
334,A500010,01501,00300,ADMINISTRATIVE & GENERAL
334,A500010,01502,00000,NON REIMB. MEDICARE COSTS
334,A500010,01502,00100,A
334,A500010,01502,00300,ADMINISTRATIVE & GENERAL
334,A500010,01503,00000,LOBBYING EXPENSE
334,A500010,01503,00100,A
334,A500010,01503,00300,ADMINISTRATIVE & GENERAL
334,A500010,01504,00000,LOBBYING EXPENSE - AOPO
334,A500010,01504,00100,A
334,A500010,01504,00300,ADMINISTRATIVE & GENERAL
334,A500010,01505,00000,NON REIMB. MEDICARE COSTS
334,A500010,01505,00100,A
334,A500010,01505,00300,PROCUREMENT COORDINATORS
334,A500010,01506,00000,NON REIMB. MEDICARE COSTS
334,A500010,01506,00100,A
334,A500010,01506,00300,PROFESSIONAL EDUCATION
334,A500010,01508,00000,NON REIMB. MEDICARE COSTS
334,A500010,01508,00100,A
334,A500010,01508,00300,TISSUE RECOVERY
334,A500010,01509,00000,SPONSORSHIPS
334,A500010,01509,00100,A
334,A500010,01509,00300,PUBLIC EDUCATION
334,A500010,01510,00000,DONOR DASH EXPENSES
334,A500010,01510,00100,A
334,A500010,01510,00300,PUBLIC EDUCATION
334,A500010,01511,00000,OFFSET DLO; TRANSPLANTE SCIENCE EXP
334,A500010,01511,00100,A
334,A500010,01511,00300,PUBLIC EDUCATION
334,A500010,01512,00000,MISC INCOME
334,A500010,01512,00100,B
334,A500010,01512,00300,ADMINISTRATIVE & GENERAL
334,A500010,01513,00000,RELATED PARTY COST ADJUSTMENT
334,A500010,01513,00100,A
334,A500010,01513,00300,CAPITAL COSTS-BLDG & FIXT
334,A500010,01514,00000,RELATED PARTY COST ADJUSTMENT
334,A500010,01514,00100,A
334,A500010,01514,00300,SPRUCE PROPERTY MANAGEMENT
334,A500010,01600,00000,OFFSET LIVING DONOR EXCHANGE PROGRAM
334,A500010,01600,00100,B
334,A500010,01600,00300,PROCUREMENT COORDINATORS
334,A51000A,00100,00100,N
334,A60000C,00500,00100,N
334,B10000*,00100,00200,CAP BLDG
334,B10000*,00100,00300,CAP COSTS
334,B10000*,00100,00400,EMPLOYEE
334,B10000*,00100,00500,MEDICAL
334,B10000*,00100,00800,ORGAN
334,B10000*,00100,01000,ADMIN &
334,B10000*,00200,00200,OP PLANT &
334,B10000*,00200,00300,MOVABLE
334,B10000*,00200,00400,BENEFITS
334,B10000*,00200,00500,SUPPLIES
334,B10000*,00200,00800,ACQUISITN
334,B10000*,00200,01000,GENERAL
334,B10000*,00300,00200,HOUSEKEEP
334,B10000*,00300,00300,EQUIPMENT
334,B10000*,00300,00800,COSTS
334,B10000*,00400,00200,SQUARE
334,B10000*,00400,00300,SQUARE
334,B10000*,00400,00400,ADJUST
334,B10000*,00400,00500,COSTED
334,B10000*,00400,00800,NUMBER
334,B10000*,00400,01000,ACCUM
334,B10000*,00500,00200,FEET
334,B10000*,00500,00300,FEET
334,B10000*,00500,00400,SALARIES
334,B10000*,00500,00500,REQUISIT
334,B10000*,00500,00800,ORGANS
334,B10000*,00500,01000,COSTS
334,B10000*,00600,00200,1
334,B10000*,00600,00300,2
334,B10000*,00600,00400,3
334,B10000*,00600,00500,3
334,B10000*,00600,00800,3
334,B10000*,00600,01000,3
334,B100000,00000,01000,X
334,E000000,00900,00000,OTHER CURRENT ASSETS
334,E000000,02600,00000,OTHER FIXED ASSETS
334,E000000,03100,00000,INTEREST IN NET ASSETS OF AFFILIATES
334,E000000,03900,00000,OTHER LIABILITIES
334,E100001,00700,00000,TISSURE RECOVERY FEES
334,E200000,01500,00000,CAM INCOME
334,E200000,01900,00000,REVENUE RECOGNITION ADJUSTMENT
334,E200000,02000,00000,OTHER INCOME
334,E200000,02100,00000,RESTR CONTRIBUTIONS ORGAN/TISSUE
334,E200000,02200,00000,LIVING DONOR EXCHANGE INCOME
334,E200000,02300,00000,ASSET DISPOSAL
334,E200000,02600,00000,CHANGE IN NET ASSETS OF AFFILIATE
334,S000000,00100,00100,X
334,S000000,00400,00100,2
334,S000000,00500,00100,04/29/2021
334,S000000,00600,00100,10001
334,S000000,00700,00100,N
334,S000000,00800,00100,N
334,S000000,00900,00100,10/07/2022
334,S000000,01000,00100,4
334,S000001,00100,00100,DONOR ALLIANCE
334,S000001,00100,00200,06P001
334,S000001,00101,00100,200 SPRUCE ST  SUITE 200
334,S000001,00102,00100,DENVER
334,S000001,00102,00200,CO
334,S000001,00102,00300,80230
334,S000001,00300,00100,01/01/2020
334,S000001,00300,00200,12/31/2020
334,S000001,00400,00100,6
334,S000001,00400,00300,1
334,S000001,00400,00400,11/07/1985
334,S000001,00401,00300,1
334,S100001,00700,00100,N
334,S100001,00810,00000,VERTEBRAE/CRDIO TISSUE
334,S100001,00811,00000,SMALL BOWEL
334,S100003,00100,00100,MEDICAL DIRECTOR
334,S100003,00100,00300,MEDICAL DIRECTOR
334,S100003,00100,00500,LAB DIRECTOR
334,S100003,00101,00100,EXEC. DIRECTOR
334,S100003,00101,00300,PROCUREMENT COORDINATOR
334,S100003,00101,00500,TECHNICIANS
334,S100003,00102,00100,CLERICAL
334,S100003,00102,00300,PRESERVATION TECHNICIANS
334,S100003,00102,00500,TISSUE TYPING TECH.
334,S100003,00103,00100,OTHER ADMIN
334,S100003,00103,00300,TISSUE EMPLOYEES
334,S100003,00103,00500,OTHER
334,S200000,00100,00100,N
334,S200000,00200,00100,N
334,S200000,00300,00100,N
334,S200000,00400,00100,Y
334,S200000,00400,00200,A
334,S200000,00500,00100,N
334,S200000,00600,00300,PARTNER
334,S200000,00700,00100,PLANTE & MORAN  PLLC
337,A000000,00100,00000,0100CAPITAL COSTS-BLDG & FIXT
337,A000000,00200,00000,0200CAPITAL COSTS-MVBLE EQUIPMENT
337,A000000,00300,00000,0300EMPLOYEE BENEFITS
337,A000000,00400,00000,0400ADMINISTRATIVE & GENERAL
337,A000000,00500,00000,0500OPERATION AND MAINTENANCE OF PLANT
337,A000000,00600,00000,0600HOUSEKEEPING
337,A000000,00700,00000,0700MEDICAL SUPPLIES
337,A000000,00800,00000,0800OTHER OVERHEAD
337,A000000,00900,00000,0900PROCUREMENT COORDINATORS
337,A000000,01000,00000,1000PROFESSIONAL EDUCATION
337,A000000,01100,00000,1100PUBLIC EDUCATION
337,A000000,01200,00000,1200AUTO AND VAN
337,A000000,01201,00000,1201ORGAN PRESERVATION
337,A000000,01300,00000,1300KIDNEY ACQUISITIONS
337,A000000,01400,00000,1400TISSUE TYPING LABORATORY
337,A000000,01500,00000,1500LIVER ACQUISITIONS
337,A000000,01600,00000,1600HEART ACQUISITIONS
337,A000000,01700,00000,1700PANCREAS ACQUISITIONS
337,A000000,01800,00000,1800LUNG ACQUISITIONS
337,A000000,01900,00000,1900DOUBLE LUNG
337,A000000,01901,00000,1901INTESTINE
337,A000000,01902,00000,1902HEART LUNG
337,A000000,01903,00000,1903OTHER ACQUISITIONS
337,A000000,02100,00000,2100RESEARCH
337,A000000,02200,00000,2200BLOOD BANK
337,A000000,02300,00000,2300LABORATORY-NON-TISSUE TYPING
337,A000000,02400,00000,2400DIALYSIS UNITS
337,A000000,02500,00000,2500TISSUE RECOVERY
337,A100000,01700,00000,UTILITIES
337,A100000,01800,00000,AUTO AND VANS
337,A100000,01900,00000,OFFICE MAINTENANCE
337,A100000,01901,00000,CALL CENTER
337,A20H000,00900,00000,BLOOD PRODUCTS
337,A20H000,02100,00000,ORGAN RECOVERY FEE
337,A20K000,00900,00000,BLOOD PRODUCTS
337,A20K000,02100,00000,ORGAN RECOVERY FEE
337,A20L000,00900,00000,BLOOD PRODUCTS
337,A20L000,02100,00000,ORGAN RECOVERY FEE
337,A20O000,00900,00000,BLOOD PRODUCTS
337,A20O000,02100,00000,ORGAN RECOVERY FEE
337,A20O001,00900,00000,BLOOD PRODUCTS
337,A20O001,02100,00000,ORGAN RECOVERY FEE
337,A20O002,02100,00000,ORGAN RECOVERY FEE
337,A20P000,00900,00000,BLOOD PRODUCTS
337,A20P000,02100,00000,ORGAN RECOVERY FEE
337,A20U000,00900,00000,BLOOD PRODUCTS
337,A20U000,02100,00000,ORGAN RECOVERY FEE
337,A400010,00100,00000,RECLASSIFICATIONS
337,A400010,00100,00100,A
337,A400010,00100,00200,CAPITAL COSTS-BLDG & FIXT
337,A400010,00100,00500,ADMINISTRATIVE & GENERAL
337,A400010,00200,00000,RECLASSIFICATIONS
337,A400010,00200,00100,A
337,A400010,00200,00200,CAPITAL COSTS-MVBLE EQUIPMENT
337,A400010,00200,00500,ADMINISTRATIVE & GENERAL
337,A400010,00300,00000,RECLASSIFICATIONS
337,A400010,00300,00100,A
337,A400010,00300,00200,AUTO AND VAN
337,A400010,00300,00500,ADMINISTRATIVE & GENERAL
337,A400010,00400,00000,RECLASSIFICATIONS
337,A400010,00400,00100,A
337,A400010,00400,00200,OPERATION AND MAINTENANCE OF PLANT
337,A400010,00400,00500,ADMINISTRATIVE & GENERAL
337,A400010,00500,00000,RECLASSIFICATIONS
337,A400010,00500,00100,A
337,A400010,00500,00200,CAPITAL COSTS-MVBLE EQUIPMENT
337,A400010,00500,00500,ADMINISTRATIVE & GENERAL
337,A400010,00600,00000,RECLASSIFICATIONS
337,A400010,00600,00100,A
337,A400010,00600,00200,CAPITAL COSTS-MVBLE EQUIPMENT
337,A400010,00600,00500,ADMINISTRATIVE & GENERAL
337,A400010,00700,00000,RECLASSIFICATIONS
337,A400010,00700,00100,A
337,A400010,00700,00200,TISSUE RECOVERY
337,A400010,00700,00500,PUBLIC EDUCATION
337,A500010,00800,00100,B
337,A500010,00800,00300,PROCUREMENT COORDINATORS
337,A500010,01200,00100,A
337,A500010,01200,00300,ADMINISTRATIVE & GENERAL
337,A500010,01500,00000,AOPO LOBBYING EXPENSE
337,A500010,01500,00100,A
337,A500010,01500,00300,ADMINISTRATIVE & GENERAL
337,A500010,01600,00000,NON-ALLOWABLE PUBLIC & PROFESSIONAL
337,A500010,01600,00100,A
337,A500010,01600,00300,PROFESSIONAL EDUCATION
337,A500010,01601,00000,NON-LOH STAFF
337,A500010,01601,00100,A
337,A500010,01601,00300,ADMINISTRATIVE & GENERAL
337,A500010,01602,00000,ALCOHOL RELATED PURCHASES
337,A500010,01602,00100,A
337,A500010,01602,00300,ADMINISTRATIVE & GENERAL
337,A51000A,00100,00100,Y
337,A51000B,00100,00200,ADMINISTRATIVE & GENERAL
337,A51000B,00100,00300,UAHSF CENTRAL ADMIN
337,A51000C,00100,00100,B
337,A51000C,00100,00200,UAHSF
337,A51000C,00100,00400,UAHSF
337,A51000C,00100,00600,FOUNDATION
337,A60000C,00500,00100,N
337,B10000*,00100,00200,CAP BLDG
337,B10000*,00100,00300,CAP COSTS
337,B10000*,00100,00400,EMPLOYEE
337,B10000*,00100,00500,MEDICAL
337,B10000*,00100,00800,ORGAN
337,B10000*,00100,01000,ADMIN &
337,B10000*,00200,00200,OP PLANT &
337,B10000*,00200,00300,MOVABLE
337,B10000*,00200,00400,BENEFITS
337,B10000*,00200,00500,SUPPLIES
337,B10000*,00200,00800,ACQUISITN
337,B10000*,00200,01000,GENERAL
337,B10000*,00300,00200,HOUSEKEEP
337,B10000*,00300,00300,EQUIPMENT
337,B10000*,00300,00800,COSTS
337,B10000*,00400,00200,SQUARE
337,B10000*,00400,00300,DOLLAR
337,B10000*,00400,00400,ADJUST
337,B10000*,00400,00500,COSTED
337,B10000*,00400,00800,NUMBER
337,B10000*,00400,01000,ACCUM
337,B10000*,00500,00200,FEET
337,B10000*,00500,00300,VALUE
337,B10000*,00500,00400,SALARIES
337,B10000*,00500,00500,REQUISIT
337,B10000*,00500,00800,ORGANS
337,B10000*,00500,01000,COSTS
337,B10000*,00600,00200,1
337,B10000*,00600,00300,2
337,B10000*,00600,00400,3
337,B10000*,00600,00500,3
337,B10000*,00600,00800,3
337,B10000*,00600,01000,3
337,B100000,00000,01000,X
337,E000000,00900,00000,OTHER CURRENT ASSETS
337,E000000,02600,00000,OTHER FIXED ASSETS
337,S000000,00100,00100,X
337,S000000,00400,00100,2
337,S000000,00500,00100,05/21/2021
337,S000000,00600,00100,10001
337,S000000,00700,00100,N
337,S000000,00800,00100,N
337,S000000,00900,00100,11/04/2022
337,S000000,01000,00100,4
337,S000001,00100,00100,LEGACY OF HOPE
337,S000001,00100,00200,01P001
337,S000001,00101,00100,500 22ND STREET SOUTH
337,S000001,00102,00100,BIRMINGHAM
337,S000001,00102,00200,AL
337,S000001,00102,00300,35233
337,S000001,00300,00100,10/01/2019
337,S000001,00300,00200,09/30/2020
337,S000001,00400,00100,7
337,S000001,00400,00300,1
337,S000001,00400,00400,01/01/1979
337,S000001,00401,00300,1
337,S100001,00700,00100,N
337,S100001,00810,00000,DOUBLE LUNG
337,S100001,00811,00000,INTESTINE
337,S100001,00812,00000,RESEARCH
337,S100003,00100,00100,MEDICAL DIRECTOR
337,S100003,00100,00300,MEDICAL DIRECTOR
337,S100003,00100,00500,LAB DIRECTOR
337,S100003,00101,00100,EXEC. DIRECTOR
337,S100003,00101,00300,PROCUREMENT COORDINATOR
337,S100003,00101,00500,TECHNICIANS
337,S100003,00102,00100,CLERICAL
337,S100003,00102,00300,PRESERVATION TECHNICIANS
337,S100003,00102,00500,TISSUE TYPING TECH.
337,S100003,00103,00100,OTHER
337,S100003,00103,00300,OTHER
337,S100003,00103,00500,OTHER
337,S200000,00100,00100,N
337,S200000,00200,00100,N
337,S200000,00300,00100,Y
337,S200000,00400,00100,N
337,S200000,00500,00100,N
337,S200000,00600,00300,ACCOUNTANT
337,S200000,00700,00100,UNIV OF ALA HEALTH SERVICES FDN
338,A000000,00100,00000,0100CAPITAL COSTS-BLDG & FIXT
338,A000000,00200,00000,0200CAPITAL COSTS-MVBLE EQUIPMENT
338,A000000,00300,00000,0300EMPLOYEE BENEFITS
338,A000000,00400,00000,0400ADMINISTRATIVE & GENERAL
338,A000000,00500,00000,0500OPERATION AND MAINTENANCE OF PLANT
338,A000000,00600,00000,0600HOUSEKEEPING
338,A000000,00700,00000,0700MEDICAL SUPPLIES
338,A000000,00800,00000,0800OTHER OVERHEAD
338,A000000,00900,00000,0900PROCUREMENT COORDINATORS
338,A000000,01000,00000,1000PROFESSIONAL EDUCATION
338,A000000,01100,00000,1100PUBLIC EDUCATION
338,A000000,01200,00000,1200OTHER ACQUISITION
338,A000000,01300,00000,1300KIDNEY ACQUISITIONS
338,A000000,01400,00000,1400TISSUE TYPING LABORATORY
338,A000000,01500,00000,1500LIVER ACQUISITIONS
338,A000000,01600,00000,1600HEART ACQUISITIONS
338,A000000,01700,00000,1700PANCREAS ACQUISITIONS
338,A000000,01800,00000,1800LUNG ACQUISITIONS
338,A000000,01900,00000,1900BOWEL
338,A000000,01901,00000,1901VCA
338,A000000,01902,00000,1903OTHER ACQUISITIONS
338,A000000,02100,00000,2100RESEARCH
338,A000000,02200,00000,2200BLOOD BANK
338,A000000,02300,00000,2300LABORATORY-NON-TISSUE TYPING
338,A000000,02400,00000,2400DIALYSIS UNITS
338,A000000,02500,00000,2500TISSUE RECOVERY
338,A100000,01700,00000,DUES AND MEMBERSHIPS
338,A20H000,00900,00000,HOSPITAL FEES
338,A20H000,02100,00000,RECOVERY SUPPLIES
338,A20K000,00900,00000,HOSPITAL FEES
338,A20K000,02100,00000,RECOVERY SUPPLIES
338,A20L000,00900,00000,HOSPITAL FEES
338,A20L000,02100,00000,RECOVERY SUPPLIES
338,A20O000,00900,00000,HOSPITAL FEES
338,A20O001,00900,00000,HOSPITAL FEES
338,A20P000,00900,00000,HOSPITAL FEES
338,A20P000,02100,00000,RECOVERY SUPPLIES
338,A20U000,00900,00000,HOSPITAL FEES
338,A20U000,02100,00000,RECOVERY SUPPLIES
338,A400010,00100,00000,RECLASSIFICATIONS
338,A400010,00100,00100,A
338,A400010,00100,00200,TISSUE RECOVERY
338,A400010,00100,00500,PROCUREMENT COORDINATORS
338,A400010,00200,00000,RECLASSIFICATIONS
338,A400010,00200,00100,A
338,A400010,00200,00200,TISSUE RECOVERY
338,A400010,00200,00500,PROFESSIONAL EDUCATION
338,A400010,00300,00000,RECLASSIFICATIONS
338,A400010,00300,00100,A
338,A400010,00300,00200,TISSUE RECOVERY
338,A400010,00300,00500,PUBLIC EDUCATION
338,A400010,00400,00000,RECLASSIFICATIONS
338,A400010,00400,00100,A
338,A400010,00400,00200,ADMINISTRATIVE & GENERAL
338,A400010,00400,00500,CAPITAL COSTS-BLDG & FIXT
338,A400010,00500,00000,RECLASSIFICATIONS
338,A400010,00500,00100,A
338,A400010,00500,00200,ADMINISTRATIVE & GENERAL
338,A400010,00500,00500,CAPITAL COSTS-MVBLE EQUIPMENT
338,A400010,00600,00000,RECLASSIFICATIONS
338,A400010,00600,00100,A
338,A400010,00600,00200,KIDNEY ACQUISITIONS
338,A400010,00600,00500,PROCUREMENT COORDINATORS
338,A400010,00700,00000,RECLASSIFICATIONS
338,A400010,00700,00100,A
338,A400010,00700,00200,LIVER ACQUISITIONS
338,A400010,00700,00500,PROCUREMENT COORDINATORS
338,A500010,00700,00100,B
338,A500010,00700,00300,CAPITAL COSTS-BLDG & FIXT
338,A500010,00800,00100,B
338,A500010,00800,00300,PROCUREMENT COORDINATORS
338,A500010,01400,00100,A
338,A500010,01400,00300,CAPITAL COSTS-MVBLE EQUIPMENT
338,A500010,01500,00000,LOBBYING FROM DUES
338,A500010,01500,00100,A
338,A500010,01500,00300,ADMINISTRATIVE & GENERAL
338,A51000A,00100,00100,Y
338,A51000B,00100,00200,ADMINISTRATIVE & GENERAL
338,A51000B,00100,00300,POOLED HOME OFFICE COSTS
338,A51000B,00200,00200,OPERATION AND MAINTENANCE OF PLANT
338,A51000B,00200,00300,POOLED HOME OFFICE COSTS
338,A51000B,00300,00200,PROCUREMENT COORDINATORS
338,A51000B,00300,00300,DIRECT OPO COSTS
338,A51000B,00400,00200,PROCUREMENT COORDINATORS
338,A51000B,00400,00300,FUNCTIONAL HOME OFFICE COSTS
338,A51000B,00401,00200,PROFESSIONAL EDUCATION
338,A51000B,00401,00300,DIRECT OPO COSTS
338,A51000B,00402,00200,PUBLIC EDUCATION
338,A51000B,00402,00300,FUNCTIONAL HOME OFFICE COSTS
338,A51000B,00403,00200,KIDNEY ACQUISITIONS
338,A51000B,00403,00300,FUNCTIONAL HOME OFFICE COSTS
338,A51000B,00404,00200,LIVER ACQUISITIONS
338,A51000B,00404,00300,FUNCTIONAL HOME OFFICE COSTS
338,A51000B,00405,00200,HEART ACQUISITIONS
338,A51000B,00405,00300,FUNCTIONAL HOME OFFICE COSTS
338,A51000B,00406,00200,PANCREAS ACQUISITIONS
338,A51000B,00406,00300,FUNCTIONAL HOME OFFICE COSTS
338,A51000B,00407,00200,LUNG ACQUISITIONS
338,A51000B,00407,00300,FUNCTIONAL HOME OFFICE COSTS
338,A51000B,00408,00200,MEDICAL SUPPLIES
338,A51000B,00408,00300,FUNCTIONAL HOME OFFICE COSTS
338,A51000B,00409,00200,TISSUE RECOVERY
338,A51000B,00409,00300,FUNCTIONAL HOME OFFICE COSTS
338,A51000C,00100,00100,B
338,A51000C,00100,00200,NEW ENGLAND DONOR SERVICES  INC.
338,A51000C,00100,00400,NEW ENGLAND DONOR SERVICES  INC.
338,A51000C,00100,00600,PARENT COMPANY
338,A60000A,00700,00000,LEASEHOLD IMPROVEMENTS
338,A60000B,00800,00000,LEASEHOLD IMPROVEMENTS
338,A60000C,00500,00100,N
338,B10000*,00100,00200,CAP BLDG
338,B10000*,00100,00300,CAP COSTS
338,B10000*,00100,00400,EMPLOYEE
338,B10000*,00100,00500,MEDICAL
338,B10000*,00100,00800,ORGAN
338,B10000*,00100,01000,ADMIN &
338,B10000*,00200,00200,OP PLANT &
338,B10000*,00200,00300,MOVABLE
338,B10000*,00200,00400,BENEFITS
338,B10000*,00200,00500,SUPPLIES
338,B10000*,00200,00800,ACQUISITN
338,B10000*,00200,01000,GENERAL
338,B10000*,00300,00200,HOUSEKEEP
338,B10000*,00300,00300,EQUIPMENT
338,B10000*,00300,00800,COSTS
338,B10000*,00400,00200,SQUARE
338,B10000*,00400,00300,DOLLAR
338,B10000*,00400,00400,ADJUST
338,B10000*,00400,00500,COSTED
338,B10000*,00400,00800,NUMBER
338,B10000*,00400,01000,ACCUM
338,B10000*,00500,00200,FEET
338,B10000*,00500,00300,VALUE
338,B10000*,00500,00400,SALARIES
338,B10000*,00500,00500,REQUISIT
338,B10000*,00500,00800,ORGANS
338,B10000*,00500,01000,COSTS
338,B10000*,00600,00200,1
338,B10000*,00600,00300,2
338,B10000*,00600,00400,3
338,B10000*,00600,00500,3
338,B10000*,00600,00800,3
338,B10000*,00600,01000,3
338,B100000,00000,01000,X
338,E000000,00900,00000,DUE FROM CMS
338,E000000,02600,00000,OTHER FIXED ASSETS
338,E000000,03100,00000,DUE FROM AFFILIATED ORGANIZATIONS
338,E000000,04100,00000,ACCRUED EXPENSES
338,E200000,01500,00000,OTHER REVENUE
338,E200000,01600,00000,MEDICARE ADJUSTMENT
338,S000000,00100,00100,X
338,S000000,00400,00100,2
338,S000000,00500,00100,05/18/2021
338,S000000,00600,00100,10001
338,S000000,00700,00100,N
338,S000000,00800,00100,N
338,S000000,00900,00100,11/04/2022
338,S000000,01000,00100,4
338,S000001,00100,00100,NEW ENGLAND ORGAN BANK  INC.
338,S000001,00100,00200,22P001
338,S000001,00101,00100,60 FIRST AVENUE
338,S000001,00102,00100,WALTHAM
338,S000001,00102,00200,MA
338,S000001,00102,00300,02451
338,S000001,00300,00100,01/01/2020
338,S000001,00300,00200,12/31/2020
338,S000001,00400,00100,6
338,S000001,00400,00300,1
338,S000001,00400,00400,07/01/2004
338,S000001,00401,00300,1
338,S100001,00700,00100,N
338,S100001,00810,00000,BOWEL
338,S100001,00811,00000,VCA
338,S100003,00100,00100,MEDICAL DIRECTOR
338,S100003,00100,00300,MEDICAL DIRECTOR
338,S100003,00100,00500,LAB DIRECTOR
338,S100003,00101,00100,EXEC. DIRECTOR
338,S100003,00101,00300,PROCUREMENT COORDINATOR
338,S100003,00101,00500,TECHNICIANS
338,S100003,00102,00100,CLERICAL
338,S100003,00102,00300,PRESERVATION TECHNICIANS
338,S100003,00102,00500,TISSUE TYPING TECH.
338,S100003,00103,00100,OTHER
338,S100003,00103,00300,OTHER
338,S100003,00103,00500,OTHER
338,S200000,00100,00100,N
338,S200000,00200,00100,N
338,S200000,00300,00100,Y
338,S200000,00400,00100,Y
338,S200000,00400,00200,A
338,S200000,00400,00300,05/17/2021
338,S200000,00500,00100,Y
338,S200000,00600,00300,SVP & CFO
338,S200000,00700,00100,NEW ENGLAND DONOR SERVICES  INC.
339,A000000,00100,00000,0100CAPITAL COSTS-BLDG & FIXT
339,A000000,00200,00000,0200CAPITAL COSTS-MVBLE EQUIPMENT
339,A000000,00300,00000,0300EMPLOYEE BENEFITS
339,A000000,00400,00000,0400ADMINISTRATIVE & GENERAL
339,A000000,00500,00000,0500OPERATION AND MAINTENANCE OF PLANT
339,A000000,00600,00000,0600HOUSEKEEPING
339,A000000,00700,00000,0700MEDICAL SUPPLIES
339,A000000,00800,00000,0800OTHER OVERHEAD
339,A000000,00900,00000,0900PROCUREMENT COORDINATORS
339,A000000,01000,00000,1000PROFESSIONAL EDUCATION
339,A000000,01100,00000,1100PUBLIC EDUCATION
339,A000000,01300,00000,1300KIDNEY ACQUISITIONS
339,A000000,01400,00000,1400TISSUE TYPING LABORATORY
339,A000000,01500,00000,1500LIVER ACQUISITIONS
339,A000000,01600,00000,1600HEART ACQUISITIONS
339,A000000,01700,00000,1700PANCREAS ACQUISITIONS
339,A000000,01800,00000,1800LUNG ACQUISITIONS
339,A000000,01900,00000,1900CLUSTER            (WKST A2 6 L 23
339,A000000,01902,00000,1902HEART/LUNGS      S 3
339,A000000,02100,00000,2100RESEARCH
339,A000000,02200,00000,2200BLOOD BANK
339,A000000,02300,00000,2300LABORATORY-NON-TISSUE TYPING
339,A000000,02400,00000,2400DIALYSIS UNITS
339,A000000,02500,00000,250025
339,A100000,01700,00000,INFORMATION SYSTEMS PROFESSIONALS
339,A100000,01800,00000,POSTAGE & SHIPPING
339,A100000,01900,00000,RECRUITING
339,A100000,01901,00000,DUES & SUBSCRIPTIONS
339,A100000,01902,00000,MILEAGE REIMBURSEMENT
339,A100000,01903,00000,AUTO LEASE & EXPENSE
339,A100000,01904,00000,OTHER
339,A100000,01905,00000,SMALL EQUIP & FURNITURE
339,A100000,01906,00000,TEMPORARY HELP
339,A100000,01907,00000,PENSION ADJUSTMENT
339,A20H000,00900,00000,OTHER HOSPITAL COST
339,A20H000,02100,00000,MEDICAL SUPPLIES IN OFFICE / TXC
339,A20H000,02101,00000,PROVIDER AUDIT FEES
339,A20H000,02102,00000,COST REPORT ADJUSTED TRANSPORTATION
339,A20K000,00900,00000,OTHER HOSPITAL COST
339,A20K000,02100,00000,MEDICAL SUPPLIES IN OFFICE / TXC
339,A20K000,02101,00000,PROVIDER AUDIT FEES
339,A20K000,02102,00000,COST REPORT ADJUSTED TRANSPORTATION
339,A20L000,00900,00000,OTHER HOSPITAL COST
339,A20L000,02100,00000,MEDICAL SUPPLIES IN OFFICE / TXC
339,A20L000,02101,00000,PROVIDER AUDIT FEES
339,A20L000,02102,00000,COST REPORT ADJUSTED TRANSPORTATION
339,A20O000,00900,00000,OTHER HOSPITAL COSTS
339,A20O000,02100,00000,MEDICAL SUPPLIES IN OFFICE / TXC
339,A20O000,02101,00000,PROVIDER AUDIT FEES
339,A20O000,02102,00000,COST REPORT ADJUSTED TRANSPORTATION
339,A20O001,02100,00000,MEDICAL SUPPLIES IN OFFICE/ TXC
339,A20O001,02101,00000,PROVIDER AUDIT FEES
339,A20O002,00900,00000,OTHER HOSPITAL COSTS
339,A20O002,02100,00000,MEDICAL SUPPLIES IN OFFICE/TXC
339,A20O002,02101,00000,PROVIDER AUDIT FEES
339,A20O002,02102,00000,COST REPORT ADJUSTED TRANSPORTATION
339,A20O003,02100,00000,COST REPORT ADJUSTED SURGEON FEE
339,A20O003,02101,00000,COST REPORT ADJUSTED TRANSPORTATION
339,A20P000,00900,00000,OTHER HOSPITAL COST
339,A20P000,02100,00000,MEDICAL SUPPLIES IN OFFICE / TXC
339,A20P000,02101,00000,PROVIDER AUDIT FEES
339,A20P000,02102,00000,COST REPORT ADJUSTED TRANSPORTATION
339,A20U000,00900,00000,OTHER HOSPITAL COST
339,A20U000,02100,00000,MEDICAL SUPPLIES IN OFFICE / TXC
339,A20U000,02101,00000,PROVIDER AUDIT FEES
339,A20U000,02102,00000,COST REPORT ADJUSTED TRANSPORTATION
339,A500010,00500,00100,B
339,A500010,00500,00300,PROCUREMENT COORDINATORS
339,A500010,01500,00000,15   CTS AGREEMENT
339,A500010,01500,00100,B
339,A500010,01500,00300,PUBLIC EDUCATION
339,A500010,01501,00000,NON REIMB SURGEON FEE
339,A500010,01501,00100,B
339,A500010,01501,00300,KIDNEY ACQUISITIONS
339,A500010,01600,00000,NON-REIMB ADMIN & GEN (LOBBYING COST
339,A500010,01600,00100,B
339,A500010,01600,00300,ADMINISTRATIVE & GENERAL
339,A500010,01601,00000,NON-REIMB - TXC
339,A500010,01601,00100,B
339,A500010,01601,00300,PROCUREMENT COORDINATORS
339,A500010,01602,00000,NON- REIMB ADMIN & GEN
339,A500010,01602,00100,B
339,A500010,01602,00300,ADMINISTRATIVE & GENERAL
339,A500010,01603,00000,NON-REIMB - PUBLIC EDUC
339,A500010,01603,00100,B
339,A500010,01603,00300,PUBLIC EDUCATION
339,A51000A,00100,00100,Y
339,A51000B,00100,00200,PROCUREMENT COORDINATORS
339,A51000B,00100,00300,ORGAN ACQUISTION
339,A51000C,00100,00100,B
339,A51000C,00100,00400,MIAMI VALLEY HOSPITAL
339,A51000C,00100,00600,HOSPITAL
339,A51000C,00200,00100,B
339,A51000C,00200,00400,KIDNEY FOUNDATION OF NWO
339,A51000C,00200,00600,FOUNDATION
339,A60000C,00500,00100,N
339,B10000*,00100,00200,CAP BLDG
339,B10000*,00100,00300,CAP COSTS
339,B10000*,00100,00400,EMPLOYEE
339,B10000*,00100,00500,MEDICAL
339,B10000*,00100,00800,ORGAN
339,B10000*,00100,01000,ADMIN &
339,B10000*,00200,00200,OP PLANT &
339,B10000*,00200,00300,MOVABLE
339,B10000*,00200,00400,BENEFITS
339,B10000*,00200,00500,SUPPLIES
339,B10000*,00200,00800,ACQUISITN
339,B10000*,00200,01000,GENERAL
339,B10000*,00300,00200,HOUSEKEEP
339,B10000*,00300,00300,EQUIPMENT
339,B10000*,00300,00800,COSTS
339,B10000*,00400,00200,SQUARE
339,B10000*,00400,00300,DOLLAR
339,B10000*,00400,00400,ADJUST
339,B10000*,00400,00500,COSTED
339,B10000*,00400,00800,NUMBER
339,B10000*,00400,01000,ACCUM
339,B10000*,00500,00200,FEET
339,B10000*,00500,00300,VALUE
339,B10000*,00500,00400,SALARIES
339,B10000*,00500,00500,REQUISIT
339,B10000*,00500,00800,ORGANS
339,B10000*,00500,01000,COSTS
339,B10000*,00600,00200,1
339,B10000*,00600,00300,2
339,B10000*,00600,00400,3
339,B10000*,00600,00500,3
339,B10000*,00600,00800,3
339,B10000*,00600,01000,3
339,B100000,00000,01000,X
339,E000000,00900,00000,PREPAID DEPOSITS
339,E000000,02600,00000,OTHER FIXED ASSETS
339,E100001,00700,00000,TISSUE CONSENT  RESEARCH  HEART VAL
339,E100001,00800,00000,PROFESSIONAL SEMINAR FEES
339,E200000,02200,00000,CTS AGREEMENT
339,E200000,02300,00000,PPP LOAN FORGIVENESS
339,E200000,02600,00000,EDUCATIONAL GRANTS
339,E200000,02700,00000,GAIN/ LOSS ON FIXED ASSET
339,S000000,00100,00100,X
339,S000000,00400,00100,2
339,S000000,00500,00100,05/20/2021
339,S000000,00600,00100,10001
339,S000000,00700,00100,N
339,S000000,00800,00100,N
339,S000000,00900,00100,11/04/2022
339,S000000,01000,00100,4
339,S000001,00100,00100,LIFE CONNECTION OF OHIO
339,S000001,00100,00200,36P001
339,S000001,00101,00100,3661 BRIARFIELD BLVD  STE 105
339,S000001,00102,00100,MAUMEE
339,S000001,00102,00200,OH
339,S000001,00102,00300,43537
339,S000001,00300,00100,01/01/2020
339,S000001,00300,00200,12/31/2020
339,S000001,00400,00100,8
339,S000001,00400,00300,1
339,S000001,00400,00400,10/01/1978
339,S000001,00401,00300,1
339,S000002,00100,00200,Y
339,S000002,00300,00100,DIRECTOR OF FINANCE
339,S000002,00400,00100,05/14/2021
339,S100001,00700,00100,N
339,S100001,00810,00000,TISSUE CONSENT FEE
339,S100001,00811,00000,RESEARCH
339,S100001,00812,00000,HEART VALVES
339,S100001,00813,00000,CLUSTER
339,S100001,00814,00000,SM. INTESTINE
339,S100001,00815,00000,AORTA
339,S100003,00100,00100,MEDICAL DIRECTOR
339,S100003,00100,00300,MEDICAL DIRECTOR
339,S100003,00100,00500,LAB DIRECTOR
339,S100003,00101,00100,EXEC. DIRECTOR
339,S100003,00101,00300,PROCUREMENT COORDINATOR
339,S100003,00101,00500,TECHNICIANS
339,S100003,00102,00100,CLERICAL
339,S100003,00102,00300,PRESERVATION TECHNICIANS
339,S100003,00102,00500,TISSUE TYPING TECH.
339,S100003,00103,00100,CLERICAL
339,S100003,00103,00300,OTHER
339,S100003,00103,00500,OTHER
339,S200000,00100,00100,N
339,S200000,00200,00100,N
339,S200000,00300,00100,Y
339,S200000,00400,00100,Y
339,S200000,00400,00200,A
339,S200000,00400,00300,04/30/2021
339,S200000,00500,00100,N
339,S200000,00600,00300,DIR. OF FINANCE
339,S200000,00700,00100,LIFE CONNECTION OF OHIO
341,A000000,00100,00000,0100CAPITAL COSTS-BLDG & FIXT
341,A000000,00200,00000,0200CAPITAL COSTS-MVBLE EQUIPMENT
341,A000000,00300,00000,0300EMPLOYEE BENEFITS
341,A000000,00400,00000,0400ADMINISTRATIVE & GENERAL
341,A000000,00500,00000,0500OPERATION AND MAINTENANCE OF PLANT
341,A000000,00600,00000,0600HOUSEKEEPING
341,A000000,00700,00000,0700MEDICAL SUPPLIES
341,A000000,00800,00000,0800OTHER OVERHEAD
341,A000000,00900,00000,0900PROCUREMENT COORDINATORS
341,A000000,01000,00000,1000PROFESSIONAL EDUCATION
341,A000000,01100,00000,1100PUBLIC EDUCATION
341,A000000,01200,00000,1200OTHER ACQUISITION
341,A000000,01300,00000,1300KIDNEY ACQUISITIONS
341,A000000,01400,00000,1400TISSUE TYPING LABORATORY
341,A000000,01500,00000,1500LIVER ACQUISITIONS
341,A000000,01600,00000,1600HEART ACQUISITIONS
341,A000000,01700,00000,1700PANCREAS ACQUISITIONS
341,A000000,01800,00000,1800LUNG ACQUISITIONS
341,A000000,01900,00000,1900OTHER ACQUISITIONS
341,A000000,02100,00000,2100RESEARCH
341,A000000,02200,00000,2200BLOOD BANK
341,A000000,02300,00000,2300LABORATORY-NON-TISSUE TYPING
341,A000000,02400,00000,2400DIALYSIS UNITS
341,A000000,02500,00000,2500OTHER NON-REIMBURSABLE
341,A000000,02501,00000,2501OTHER NON-REIMBURSABLE
341,A100000,01700,00000,EQUIPMENT MAINTENANCE
341,A100000,01800,00000,CONSULTING FEES
341,A100000,01900,00000,OTHER ADMINISTRATIVE EXPENSES
341,A100000,01901,00000,CONTRACTED OFFICE SERVICES
341,A100000,01902,00000,EQUIPMENT RENTAL
341,A100000,01903,00000,MINOR EQUIPMENT
341,A100000,01904,00000,LICENSURE  MEMBERSHIP & SUBSCRIPTION
341,A100000,01905,00000,GIFTS  AWARDS & HONORARIUMS
341,A100000,01906,00000,SPONSORSHIPS & CONTRIBUTIONS
341,A100000,01907,00000,FEES FOR SERVICES
341,A100000,01908,00000,AMORTIZATION BOND ISSUANCE COSTS
341,A100000,01909,00000,POSTAGE & SHIPPING
341,A100000,01910,00000,BANK FEES
341,A20K000,02100,00000,OTHER SURGEON FEES
341,A20L000,02100,00000,OTHER SURGEON FEES
341,A20U000,02100,00000,OTHER SURGEON FEES
341,A300000,00600,00000,MEDICAL SUPLIES
341,A300000,00700,00000,EMPLOYEE MEALS TRAVEL  ENTERTAINMENT
341,A300000,00800,00000,POSTAGE & SHIPPING
341,A300000,00900,00000,LICENSURE  MEMBERSHIP & SUBSCRIPTION
341,A300000,01000,00000,JANITORIAL & MAINTENANCE
341,A300000,01001,00000,TELEPHONE
341,A300000,01002,00000,EQUIPMENT RENTAL
341,A300000,01003,00000,I.T. LICENSING/SOFTWARE FEES
341,A300000,01004,00000,OFFICE SUPPLIES
341,A300000,01005,00000,PROFESSIONAL FEES & CONSULTING
341,A300000,01006,00000,MINOR EQUIPMENT
341,A300000,01007,00000,GIFTS  AWARDS  & HONORARIUMS
341,A300000,01008,00000,OTHER FEES
341,A400010,00100,00000,TISSUE RECLASS
341,A400010,00100,00100,B
341,A400010,00100,00200,OTHER NON-REIMBURSABLE
341,A400010,00100,00500,PROFESSIONAL EDUCATION
341,A400010,00200,00000,TISSUE RECLASS
341,A400010,00200,00100,B
341,A400010,00200,00200,OTHER NON-REIMBURSABLE
341,A400010,00200,00500,PUBLIC EDUCATION
341,A400010,00300,00000,TISSUE RECLASS
341,A400010,00300,00100,B
341,A400010,00300,00200,OTHER NON-REIMBURSABLE
341,A400010,00300,00500,PROCUREMENT COORDINATORS
341,A400010,00400,00000,CALL CENTER
341,A400010,00400,00100,C
341,A400010,00400,00200,OTHER NON-REIMBURSABLE
341,A400010,00400,00500,OTHER ACQUISITION
341,A400010,00500,00000,CALL CENTER
341,A400010,00500,00100,C
341,A400010,00500,00200,ADMINISTRATIVE & GENERAL
341,A400010,00600,00000,CALL CENTER
341,A400010,00600,00100,C
341,A400010,00600,00200,PROCUREMENT COORDINATORS
341,A400010,00700,00000,AVIATION RECLASS
341,A400010,00700,00100,D
341,A400010,00700,00200,ADMINISTRATIVE & GENERAL
341,A400010,00700,00500,KIDNEY ACQUISITIONS
341,A400010,00800,00000,AVIATION RECLASS
341,A400010,00800,00100,D
341,A400010,00800,00200,LIVER ACQUISITIONS
341,A400010,00900,00000,AVIATION RECLASS
341,A400010,00900,00100,D
341,A400010,00900,00200,HEART ACQUISITIONS
341,A400010,01000,00000,AVIATION RECLASS
341,A400010,01000,00100,D
341,A400010,01000,00200,PANCREAS ACQUISITIONS
341,A400010,01100,00000,AVIATION RECLASS
341,A400010,01100,00100,D
341,A400010,01100,00200,OTHER ACQUISITIONS
341,A400010,01200,00000,BUILDING RECLAS
341,A400010,01200,00100,E
341,A400010,01200,00200,CAPITAL COSTS-BLDG & FIXT
341,A400010,01200,00500,OTHER NON-REIMBURSABLE
341,A400010,01300,00000,BUILDING RECLAS
341,A400010,01300,00100,E
341,A400010,01300,00200,CAPITAL COSTS-MVBLE EQUIPMENT
341,A400010,01400,00000,BUILDING RECLAS
341,A400010,01400,00100,E
341,A400010,01400,00200,OPERATION AND MAINTENANCE OF PLANT
341,A400010,01500,00000,ADMIN RECLASS
341,A400010,01500,00100,F
341,A400010,01500,00200,ADMINISTRATIVE & GENERAL
341,A400010,01500,00500,CAPITAL COSTS-BLDG & FIXT
341,A400010,01600,00000,ADMIN RECLASS
341,A400010,01600,00100,F
341,A400010,01600,00200,ADMINISTRATIVE & GENERAL
341,A400010,01600,00500,CAPITAL COSTS-MVBLE EQUIPMENT
341,A400010,01700,00000,ADMIN RECLASS
341,A400010,01700,00100,F
341,A400010,01700,00200,ADMINISTRATIVE & GENERAL
341,A400010,01700,00500,OPERATION AND MAINTENANCE OF PLANT
341,A500010,00800,00100,B
341,A500010,00800,00300,PROCUREMENT COORDINATORS
341,A500010,01500,00000,BUILDING
341,A500010,01500,00100,A
341,A500010,01500,00300,OTHER NON-REIMBURSABLE
341,A500010,01600,00000,NON-ALLOWABLE EXPENSES- PROC COORD
341,A500010,01600,00100,A
341,A500010,01600,00300,PROCUREMENT COORDINATORS
341,A500010,01601,00000,NON-ALLOWABLE EXPENSES-PROF EDUC
341,A500010,01601,00100,A
341,A500010,01601,00300,PROFESSIONAL EDUCATION
341,A500010,01603,00000,NON-ALLOWABLE EXPENSES-A&G
341,A500010,01603,00100,A
341,A500010,01603,00300,ADMINISTRATIVE & GENERAL
341,A500010,01604,00000,KIDNEY FUEL ADJUSTMENT
341,A500010,01604,00100,A
341,A500010,01604,00300,KIDNEY ACQUISITIONS
341,A500010,01605,00000,LOBBYING EXPENSES
341,A500010,01605,00100,A
341,A500010,01605,00300,ADMINISTRATIVE & GENERAL
341,A500010,01606,00000,NON-ALLOWABLE EXPENSES KIDNEY
341,A500010,01606,00100,A
341,A500010,01606,00300,KIDNEY ACQUISITIONS
341,A500010,01607,00000,NON-ALLOWABLE EXPENSES HEART
341,A500010,01607,00100,A
341,A500010,01607,00300,HEART ACQUISITIONS
341,A500010,01608,00000,NON-ALLOWABLE EXPENSES LIVER
341,A500010,01608,00100,A
341,A500010,01608,00300,LIVER ACQUISITIONS
341,A500010,01609,00000,NON-ALLOWABLE EXPENSES LUNGS
341,A500010,01609,00100,A
341,A500010,01609,00300,LUNG ACQUISITIONS
341,A500010,01610,00000,NON-ALLOWABLE EXPENSES PANCREAS
341,A500010,01610,00100,A
341,A500010,01610,00300,PANCREAS ACQUISITIONS
341,A51000A,00100,00100,Y
341,A51000B,00100,00200,ADMINISTRATIVE & GENERAL
341,A51000B,00100,00300,FEES FOR SERVICES
341,A51000C,00100,00100,C
341,A51000C,00100,00200,MIDWEST TRANSPLANT NETWORK
341,A51000C,00100,00400,GREEN RIBBON LEGACY
341,A51000C,00100,00600,INVESTMENT SUBSIDIARY
341,A60000A,00700,00000,TRADEMARK & BRANDING
341,A60000C,00500,00100,N
341,B10000*,00100,00200,CAP BLDG
341,B10000*,00100,00300,CAP COSTS
341,B10000*,00100,00400,EMPLOYEE
341,B10000*,00100,00500,MEDICAL
341,B10000*,00100,00800,ORGAN
341,B10000*,00100,01000,ADMIN &
341,B10000*,00200,00200,OP PLANT &
341,B10000*,00200,00300,MOVABLE
341,B10000*,00200,00400,BENEFITS
341,B10000*,00200,00500,SUPPLIES
341,B10000*,00200,00800,ACQUISITN
341,B10000*,00200,01000,GENERAL
341,B10000*,00300,00200,HOUSEKEEP
341,B10000*,00300,00300,EQUIPMENT
341,B10000*,00300,00800,COSTS
341,B10000*,00400,00200,SQUARE
341,B10000*,00400,00300,DOLLAR
341,B10000*,00400,00400,ADJUST
341,B10000*,00400,00500,COSTED
341,B10000*,00400,00800,NUMBER
341,B10000*,00400,01000,ACCUM
341,B10000*,00500,00200,FEET
341,B10000*,00500,00300,VALUE
341,B10000*,00500,00400,SALARIES
341,B10000*,00500,00500,REQUISIT
341,B10000*,00500,00800,ORGANS
341,B10000*,00500,01000,COSTS
341,B10000*,00600,00200,1
341,B10000*,00600,00300,2
341,B10000*,00600,00400,3
341,B10000*,00600,00500,3
341,B10000*,00600,00800,3
341,B10000*,00600,01000,3
341,B100000,00000,01000,X
341,E000000,00900,00000,OTHER CURRENT ASSETS
341,E000000,02600,00000,CIP
341,E000000,03100,00000,TRADEMARK AND BRANDING
341,E000000,03900,00000,TENANT DEPOSITS
341,E000000,04600,00000,AIRPLANE LEASE VALUATION RESERVE
341,E100001,00700,00000,COMMUNICATIONS CENTER
341,E100002,00800,00000,INVESTMENT FEES
341,S000000,00100,00100,X
341,S000000,00400,00100,5
341,S000000,00500,00100,11/02/2022
341,S000000,00600,00100,10001
341,S000000,00700,00100,N
341,S000000,00800,00100,N
341,S000000,01000,00100,4
341,S000001,00100,00100,MIDWEST TRANSPLANT NETWORK
341,S000001,00100,00200,17P001
341,S000001,00101,00100,1900 W. 47TH PLACE
341,S000001,00102,00100,WESTWOOD
341,S000001,00102,00200,KS
341,S000001,00102,00300,66205
341,S000001,00200,00100,MIDWEST TRANSPLANT NETWORK
341,S000001,00200,00200,17HL01
341,S000001,00201,00100,1900 W. 47TH PLACE
341,S000001,00202,00100,WESTWOOD
341,S000001,00202,00200,KS
341,S000001,00202,00300,66205
341,S000001,00300,00100,01/01/2020
341,S000001,00300,00200,12/31/2020
341,S000001,00400,00100,6
341,S000001,00400,00300,1
341,S000001,00400,00400,10/01/1978
341,S000001,00401,00100,6
341,S000001,00401,00300,2
341,S000001,00401,00400,10/01/1978
341,S000002,00100,00200,Y
341,S000002,00300,00100,CFO
341,S000002,00400,00100,11/01/2022
341,S100001,00700,00100,N
341,S100001,00810,00000,OTHER
341,S100002,00400,00100,STR-ENGRAFTMENT
341,S100002,00401,00100,ABO
341,S100002,00402,00100,FLOW CROSSMATCH T-CELL
341,S100002,00403,00100,ABO ANTI TITER
341,S100002,00404,00100,LUMINEX CLASS I SINGLE ANTIGEN
341,S100002,00405,00100,LUMINEX CLASS I ANTIBODY
341,S100002,00406,00100,CIQ CLASS I SINGLE ANTIGEN ID
341,S100002,00407,00100,LUMINEX CLASS II SINGLE ANTIGEN
341,S100002,00408,00100,CIQ CLASS II SINGLE ANTIGEN
341,S100002,00409,00100,MOLECULAR HLA CLASS I
341,S100002,00410,00100,HLA-DR/DQ/DP ALLELE
341,S100002,00411,00100,NAT VIRAL DETECTION
341,S100002,00412,00100,ANTIBODIES TO HIV-1/HIV-2
341,S100002,00413,00100,ANTIBODIES TO HEPATITIS B CORE
341,S100002,00414,00100,HEPATITIS B SURFACE ANTIGEN
341,S100002,00415,00100,ANTIBODY TO HEPATITIS C VIRUS
341,S100002,00416,00100,ANTIBODIES TO CMV
341,S100002,00417,00100,RAPID PLASMA REAGIN
341,S100002,00418,00100,EPSTEIN-BARR VIRUS
341,S100002,00419,00100,STAT FEE
341,S100002,00420,00100,WEST NILE VIRUS
341,S100002,00421,00100,TOXOPLASMA IGG EIA
341,S100002,00422,00100,HLA TESTS - DECEASED DONORS
341,S100003,00100,00100,MEDICAL DIRECTOR
341,S100003,00100,00300,MEDICAL DIRECTOR
341,S100003,00100,00500,LAB DIRECTOR
341,S100003,00101,00100,EXEC. DIRECTOR
341,S100003,00101,00300,PROCUREMENT COORDINATOR
341,S100003,00101,00500,TECHNICIANS
341,S100003,00102,00100,CLERICAL
341,S100003,00102,00300,PRESERVATION TECHNICIANS
341,S100003,00102,00500,TISSUE TYPING TECH.
341,S100003,00103,00100,OTHER
341,S100003,00103,00300,OTHER
341,S100003,00103,00500,OTHER
341,S200000,00100,00100,N
341,S200000,00200,00100,N
341,S200000,00300,00100,Y
341,S200000,00400,00100,Y
341,S200000,00400,00200,A
341,S200000,00400,00300,04/02/2021
341,S200000,00500,00100,N
341,S200000,00600,00300,CFO
341,S200000,00700,00100,MIDWEST TRANSPLANT NETWORK
342,A000000,00100,00000,0100CAPITAL COSTS-BLDG & FIXT
342,A000000,00200,00000,0200CAPITAL COSTS-MVBLE EQUIPMENT
342,A000000,00300,00000,0300EMPLOYEE BENEFITS
342,A000000,00400,00000,0400ADMINISTRATIVE & GENERAL
342,A000000,00500,00000,0500OPERATION AND MAINTENANCE OF PLANT
342,A000000,00600,00000,0600HOUSEKEEPING
342,A000000,00700,00000,0700MEDICAL SUPPLIES
342,A000000,00800,00000,0800OTHER OVERHEAD
342,A000000,00900,00000,0900PROCUREMENT COORDINATORS
342,A000000,01000,00000,1000PROFESSIONAL EDUCATION
342,A000000,01100,00000,1100PUBLIC EDUCATION
342,A000000,01200,00000,1200OTHER ACQUISITION
342,A000000,01300,00000,1300KIDNEY ACQUISITIONS
342,A000000,01400,00000,1400TISSUE TYPING LABORATORY
342,A000000,01500,00000,1500LIVER ACQUISITIONS
342,A000000,01600,00000,1600HEART ACQUISITIONS
342,A000000,01700,00000,1700PANCREAS ACQUISITIONS
342,A000000,01800,00000,1800LUNG ACQUISITIONS
342,A000000,01900,00000,1900INTESTINE ACQUISITIONS
342,A000000,01901,00000,1901VCA AQUISITIONS
342,A000000,01902,00000,1902HEART/LUNG ACQUISITIONS
342,A000000,02100,00000,2100RESEARCH
342,A000000,02200,00000,2200BLOOD BANK
342,A000000,02300,00000,2300LABORATORY-NON-TISSUE TYPING
342,A000000,02400,00000,2400DIALYSIS UNITS
342,A000000,02500,00000,2501TISSUE COSTS
342,A100000,01700,00000,EMPLOYMENT RECRUITING
342,A100000,01800,00000,FOOD
342,A100000,01900,00000,FREIGHT & SHIPPING
342,A100000,01901,00000,ROUNDING
342,A100000,01902,00000,PRINTING & BINDING
342,A100000,01903,00000,DUES & SUBSCRIPTIONS
342,A100000,01904,00000,POSTAGE
342,A100000,01905,00000,EQUIPMENT ($5 000)
342,A100000,01906,00000,PROFESSIONAL FEES - OTHER
342,A100000,01907,00000,PROFESSIONAL FEES - FUNERAL HOMES
342,A100000,01908,00000,PROFESSIONAL FEES - HOSPITAL AUDIT
342,A100000,01909,00000,ORGANIZATIONAL DEVELOPMENT
342,A100000,01910,00000,COLLABORATIVE & OTHER EXPENSES
342,A100000,01911,00000,OVERAGES & SHORTAGES
342,A20H000,00900,00000,CONSULTATION
342,A20H000,00901,00000,SCREENING
342,A20H000,02100,00000,HOSPITAL - BASE CASE RATE
342,A20H000,02101,00000,HOSPITAL - CASE RATE ORGAN FEE
342,A20H000,02102,00000,HOSPITAL - CASE RATE POTENTIAL FEE
342,A20H000,02103,00000,HOSPITAL - CASE RATE STOP LOSS
342,A20H000,02104,00000,TRANSPORTATION - DONOR
342,A20H000,02105,00000,ACCRUED HOSPITAL CHARGES
342,A20K000,00900,00000,CONSULTATION
342,A20K000,00901,00000,SCREENING
342,A20K000,02100,00000,HOSPITAL - BASE CASE RATE
342,A20K000,02101,00000,HOSPITAL - CASE RATE ORGAN FEE
342,A20K000,02102,00000,HOSPITAL - CASE RATE POTENTIAL FEE
342,A20K000,02103,00000,HOSPITAL - CASE RATE STOP LOSS
342,A20K000,02104,00000,ACCRUED HOSPITAL CHARGES
342,A20K000,02105,00000,TRANSPORTATION - DONOR
342,A20L000,00900,00000,CONSULTATION
342,A20L000,00901,00000,SCREENING
342,A20L000,02100,00000,HOSPITAL - BASE CASE RATE
342,A20L000,02101,00000,HOSPITAL - CASE RATE ORGAN FEE
342,A20L000,02102,00000,HOSPITAL - CASE RATE POTENTIAL FEE
342,A20L000,02103,00000,HOSPITAL - CASE RATE STOP LOSS
342,A20L000,02104,00000,TRANSPORTATION - DONOR
342,A20L000,02105,00000,ACCRUED HOSPITAL CHARGES
342,A20O000,00900,00000,CONSULTATION
342,A20O000,00901,00000,SCREENING
342,A20O000,02100,00000,HOSPITAL - CASE RATE ORGAN FEE
342,A20O002,00900,00000,SCREENING
342,A20O002,02100,00000,HOSPITAL - CASE RATE ORGAN FEE
342,A20O002,02101,00000,TRANSPORTATION - DONOR
342,A20P000,00900,00000,CONSULTATION
342,A20P000,00901,00000,SCREENING
342,A20P000,02100,00000,HOSPITAL - BASE CASE RATE
342,A20P000,02101,00000,HOSPITAL - CASE RATE ORGAN FEE
342,A20P000,02102,00000,HOSPITAL - CASE RATE STOP LOSS
342,A20P000,02103,00000,ACCRUED HOSPITAL CHARGES
342,A20P000,02104,00000,TRANSPORTATION - DONOR
342,A20U000,00900,00000,CONSULTATION
342,A20U000,00901,00000,SCREENING
342,A20U000,02100,00000,HOSPITAL - BASE CASE RATE
342,A20U000,02101,00000,HOSPITAL - CASE RATE ORGAN FEE
342,A20U000,02102,00000,HOSPITAL - CASE RATE STOP LOSS
342,A20U000,02103,00000,TRANSPORTATION - DONOR
342,A20U000,02104,00000,ACCRUED HOSPITAL CHARGES
342,A400010,00100,00000,RECLASSIFICATIONS
342,A400010,00100,00100,A
342,A400010,00100,00200,KIDNEY ACQUISITIONS
342,A400010,00100,00500,MEDICAL SUPPLIES
342,A400010,00200,00000,RECLASSIFICATIONS
342,A400010,00200,00100,A
342,A400010,00200,00200,TISSUE COSTS
342,A400010,00200,00500,PROCUREMENT COORDINATORS
342,A400010,00300,00000,RECLASSIFICATIONS
342,A400010,00300,00100,A
342,A400010,00300,00200,TISSUE COSTS
342,A400010,00300,00500,MEDICAL SUPPLIES
342,A500010,00800,00100,B
342,A500010,00800,00300,ADMINISTRATIVE & GENERAL
342,A500010,01500,00000,PROFESSIONAL FEES - FUNERAL HOMES
342,A500010,01500,00100,A
342,A500010,01500,00300,ADMINISTRATIVE & GENERAL
342,A500010,01600,00000,LOBBY EXP PORTION OF AOPO DUES
342,A500010,01600,00100,B
342,A500010,01600,00300,ADMINISTRATIVE & GENERAL
342,A500010,01601,00000,COLLABORATIVE & NONREIMBURSABLE EXP
342,A500010,01601,00100,A
342,A500010,01601,00300,ADMINISTRATIVE & GENERAL
342,A500010,01602,00000,DONOR FOLLOW-UP
342,A500010,01602,00100,A
342,A500010,01602,00300,PROCUREMENT COORDINATORS
342,A500010,01603,00000,FLYOUT REVENUE OFFSET
342,A500010,01603,00100,B
342,A500010,01603,00300,PROCUREMENT COORDINATORS
342,A500010,01604,00000,KIDNEY SURGEON FEE
342,A500010,01604,00100,B
342,A500010,01604,00300,KIDNEY ACQUISITIONS
342,A500010,01605,00000,DONOR TRANSPORTATION - KIDNEY
342,A500010,01605,00100,A
342,A500010,01605,00300,KIDNEY ACQUISITIONS
342,A500010,01606,00000,DONOR TRANSPORTATION - LIVER
342,A500010,01606,00100,A
342,A500010,01606,00300,LIVER ACQUISITIONS
342,A500010,01607,00000,DONOR TRANSPORTATION - HEART
342,A500010,01607,00100,A
342,A500010,01607,00300,HEART ACQUISITIONS
342,A500010,01608,00000,DONOR TRANSPORTATION - LUNG
342,A500010,01608,00100,A
342,A500010,01608,00300,LUNG ACQUISITIONS
342,A500010,01609,00000,DONOR TRANSPORTATION - PANCREAS
342,A500010,01609,00100,A
342,A500010,01609,00300,PANCREAS ACQUISITIONS
342,A500010,01610,00000,DONOR TRANSPORTATION - HEART/LUNG
342,A500010,01610,00100,A
342,A500010,01610,00300,HEART/LUNG ACQUISITIONS
342,A51000A,00100,00100,N
342,B10000*,00100,00200,CAP BLDG
342,B10000*,00100,00300,CAP COSTS
342,B10000*,00100,00400,EMPLOYEE
342,B10000*,00100,00500,MEDICAL
342,B10000*,00100,00800,ORGAN
342,B10000*,00100,01000,ADMIN &
342,B10000*,00200,00200,OP PLANT &
342,B10000*,00200,00300,MOVABLE
342,B10000*,00200,00400,BENEFITS
342,B10000*,00200,00500,SUPPLIES
342,B10000*,00200,00800,ACQUISITN
342,B10000*,00200,01000,GENERAL
342,B10000*,00300,00200,HOUSEKEEP
342,B10000*,00300,00300,EQUIPMENT
342,B10000*,00300,00800,COSTS
342,B10000*,00400,00200,SQUARE
342,B10000*,00400,00300,DOLLAR
342,B10000*,00400,00400,ADJUST
342,B10000*,00400,00500,COSTED
342,B10000*,00400,00800,NUMBER
342,B10000*,00400,01000,ACCUM
342,B10000*,00500,00200,FEET
342,B10000*,00500,00300,VALUE
342,B10000*,00500,00400,SALARIES
342,B10000*,00500,00500,REQUISIT
342,B10000*,00500,00800,ORGANS
342,B10000*,00500,01000,COSTS
342,B10000*,00600,00200,1
342,B10000*,00600,00300,2
342,B10000*,00600,00400,3
342,B10000*,00600,00500,3
342,B10000*,00600,00800,3
342,B10000*,00600,01000,3
342,B100000,00000,01000,X
342,E000000,00900,00000,CURRENT ASSETS
342,E000000,02600,00000,CONSTRUCTION IN PROGRESS
342,E000000,03900,00000,OTHER CURRENT LIABILITIES
342,E000000,04100,00000,DUE TO MEDICARE
342,E100001,00700,00000,TISSUE REVENUE
342,E100001,00800,00000,FLYOUT REVENUE
342,E100001,00900,00000,HEART VALVE REVENUE
342,E100001,00901,00000,OTHER SERVICES
342,E200000,02600,00000,CURRENT YEAR SETTLEMENT
342,S000000,00100,00100,X
342,S000000,00400,00100,2
342,S000000,00500,00100,05/17/2021
342,S000000,00600,00100,10001
342,S000000,00700,00100,N
342,S000000,00800,00100,N
342,S000000,00900,00100,11/10/2022
342,S000000,01000,00100,4
342,S000001,00100,00100,CAROLINA DONOR SERVICES
342,S000001,00100,00200,34P001
342,S000001,00101,00100,909 E. ARLINGTON BLVD.
342,S000001,00102,00100,GREENVILLE
342,S000001,00102,00200,NC
342,S000001,00102,00300,27858
342,S000001,00300,00100,07/01/2020
342,S000001,00300,00200,12/31/2020
342,S000001,00400,00100,11
342,S000001,00400,00300,1
342,S000001,00400,00400,07/01/1985
342,S000001,00401,00300,1
342,S000002,00300,00100,CFO
342,S100001,00700,00100,N
342,S100001,00810,00000,INTESTINE
342,S100003,00100,00100,MEDICAL DIRECTOR
342,S100003,00100,00300,MEDICAL DIRECTOR
342,S100003,00100,00500,LAB DIRECTOR
342,S100003,00101,00100,EXEC. DIRECTOR
342,S100003,00101,00300,PROCUREMENT COORDINATOR
342,S100003,00101,00500,TECHNICIANS
342,S100003,00102,00100,CLERICAL
342,S100003,00102,00300,PRESERVATION TECHNICIANS
342,S100003,00102,00500,TISSUE TYPING TECH.
342,S100003,00103,00100,OTHER
342,S100003,00103,00300,OTHER
342,S100003,00103,00500,OTHER
342,S200000,00100,00100,N
342,S200000,00200,00100,N
342,S200000,00300,00100,N
342,S200000,00400,00100,Y
342,S200000,00400,00200,A
342,S200000,00500,00100,N
342,S200000,00600,00300,MANAGER OF FINANCIAL OPERATIONS
342,S200000,00700,00100,CAROLINA DONOR SERVICES
343,A000000,00100,00000,0100CAPITAL COSTS-BLDG & FIXT
343,A000000,00200,00000,0200CAPITAL COSTS-MVBLE EQUIPMENT
343,A000000,00300,00000,0300EMPLOYEE BENEFITS
343,A000000,00400,00000,0400ADMINISTRATIVE & GENERAL
343,A000000,00500,00000,0500OPERATION AND MAINTENANCE OF PLANT
343,A000000,00600,00000,0600HOUSEKEEPING
343,A000000,00700,00000,0700MEDICAL SUPPLIES
343,A000000,00800,00000,0800OTHER OVERHEAD
343,A000000,00900,00000,0900PROCUREMENT COORDINATORS
343,A000000,01000,00000,1000PROFESSIONAL EDUCATION
343,A000000,01100,00000,1100PUBLIC EDUCATION
343,A000000,01200,00000,1200OTHER ACQUISITION
343,A000000,01300,00000,1300KIDNEY ACQUISITIONS
343,A000000,01400,00000,1400TISSUE TYPING LABORATORY
343,A000000,01500,00000,1500LIVER ACQUISITIONS
343,A000000,01600,00000,1600HEART ACQUISITIONS
343,A000000,01700,00000,1700PANCREAS ACQUISITIONS
343,A000000,01800,00000,1800LUNG ACQUISITIONS
343,A000000,01900,00000,1900OTHER ACQUISITIONS
343,A000000,02100,00000,2100RESEARCH
343,A000000,02200,00000,2200BLOOD BANK
343,A000000,02300,00000,2300LABORATORY-NON-TISSUE TYPING
343,A000000,02400,00000,2400DIALYSIS UNITS
343,A000000,02500,00000,2500OTHER NON-REIMBURSABLE
343,A100000,01700,00000,LICENSES & PERMITS
343,A100000,01800,00000,REPAIRS AND MAINTENANCE
343,A100000,01900,00000,DONOR EDUCATION AND RECRUITMENT
343,A100000,01901,00000,DUES AND SUBSCRIPTIONS
343,A100000,01902,00000,PROFESSIONAL SERVICES
343,A100000,01903,00000,REBATES & ADJUSTMENTS
343,A100000,01904,00000,POSTAGE AND MAILING
343,A100000,01905,00000,PRINTING AND ENGRAVING
343,A100000,01906,00000,DELIVERY SERVICES
343,A100000,01907,00000,ADVERTISING
343,A100000,01908,00000,EMPLOYEE RECOGNITION
343,A100000,01909,00000,MISC
343,A100000,01910,00000,BAD DEBT
343,A100000,01911,00000,G/L ON DISPOSITION OF FA
343,A100000,01912,00000,TEMPORARY LABOR
343,A100000,01913,00000,SECURITY SERVICES
343,A100000,01914,00000,INCENTIVE FEES
343,A100000,01915,00000,OTHER
343,A100000,01916,00000,DOCUMENT STORAGE
343,A100000,01917,00000,CORP ALLOCATION
343,A100000,01918,00000,CONTRIBUTIONS
343,A300000,00600,00000,PAYROLL TAXES
343,A300000,00700,00000,SUPPLIES
343,A300000,00800,00000,REPAIRS AND MAINTENANCE
343,A300000,00900,00000,INSURANCE
343,A300000,01000,00000,TRAVEL AND ENTERTAINMENT
343,A300000,01001,00000,DONOR EDUCATION AND RECRUITMENT
343,A300000,01002,00000,DUES AND SUBSCRIPTIONS
343,A300000,01003,00000,PROFESSIONAL SERVICES
343,A300000,01004,00000,TEMPORARY SERVICES
343,A300000,01005,00000,OUTSIDE LABORATORY SERVICES
343,A300000,01006,00000,FREIGHT-IN
343,A300000,01007,00000,POSTAGE/MAILING
343,A300000,01008,00000,PRINTING/ENGRAVING
343,A300000,01009,00000,EMPLOYEE TRAINING AND EDUCATION
343,A300000,01010,00000,DELIVERY SERVICES
343,A300000,01011,00000,EMPLOYEE RECOGNITION
343,A300000,01012,00000,INTERDEPARTMENTAL CHARGES
343,A300000,01013,00000,ADVERTISING
343,A400010,00100,00000,EXECUTIVE SALARY RECLASS
343,A400010,00100,00100,A
343,A400010,00100,00200,TISSUE TYPING LABORATORY
343,A400010,00100,00500,ADMINISTRATIVE & GENERAL
343,A400010,00200,00000,EXECUTIVE SALARY RECLASS
343,A400010,00200,00100,A
343,A400010,00200,00200,BLOOD BANK
343,A400010,00300,00000,EXECUTIVE SALARY RECLASS
343,A400010,00300,00100,A
343,A400010,00300,00200,LABORATORY-NON-TISSUE TYPING
343,A500010,01500,00000,MISC INCOME
343,A500010,01500,00100,B
343,A500010,01500,00300,ADMINISTRATIVE & GENERAL
343,A500010,01501,00000,INVESTMENT BANK FEES
343,A500010,01501,00100,A
343,A500010,01501,00300,ADMINISTRATIVE & GENERAL
343,A500010,01502,00000,BAD DEBTS
343,A500010,01502,00100,A
343,A500010,01502,00300,ADMINISTRATIVE & GENERAL
343,A500010,01503,00000,G/L ON DISPOSITION OF FA
343,A500010,01503,00100,A
343,A500010,01503,00300,ADMINISTRATIVE & GENERAL
343,A500010,01504,00000,CONTRIBUTIONS
343,A500010,01504,00100,A
343,A500010,01504,00300,ADMINISTRATIVE & GENERAL
343,A51000A,00100,00100,Y
343,A51000B,00100,00200,CAPITAL COSTS-BLDG & FIXT
343,A51000B,00100,00300,CORP SERVICES
343,A51000B,00200,00200,ADMINISTRATIVE & GENERAL
343,A51000B,00200,00300,CORP SERVICES
343,A51000C,00100,00100,B
343,A51000C,00100,00400,VERSITI
343,A51000C,00100,00600,TRANSFUSION SERVICES
343,A51000C,00200,00000,AFFILIATE
343,A51000C,00200,00100,G
343,A51000C,00200,00200,VERSITI WISCONSIN
343,A51000C,00200,00600,BLOOD CENTER
343,A51000C,00300,00000,AFFILIATE
343,A51000C,00300,00100,G
343,A51000C,00300,00200,VERSITI ILLINOIS
343,A51000C,00300,00600,BLOOD CENTER
343,A51000C,00400,00000,AFFILIATE
343,A51000C,00400,00100,G
343,A51000C,00400,00200,VERSITI MICHIGAN
343,A51000C,00400,00600,BLOOD CENTER
343,A51000C,10000,00200,AFFILIATE
343,A60000A,00700,00000,OTHER: CONSTRUCTION IN PROGRESS
343,A60000B,00800,00000,CONSTRUCTION IN PROGRESS
343,A60000C,00500,00100,N
343,B10000*,00100,00200,CAP BLDG
343,B10000*,00100,00300,CAP COSTS
343,B10000*,00100,00400,EMPLOYEE
343,B10000*,00100,00500,MEDICAL
343,B10000*,00100,00800,ORGAN
343,B10000*,00100,01000,ADMIN &
343,B10000*,00200,00200,OP PLANT &
343,B10000*,00200,00300,MOVABLE
343,B10000*,00200,00400,BENEFITS
343,B10000*,00200,00500,SUPPLIES
343,B10000*,00200,00800,ACQUISITN
343,B10000*,00200,01000,GENERAL
343,B10000*,00300,00200,HOUSEKEEP
343,B10000*,00300,00300,EQUIPMENT
343,B10000*,00300,00800,COSTS
343,B10000*,00400,00200,SQUARE
343,B10000*,00400,00300,SQUARE
343,B10000*,00400,00400,ADJUST
343,B10000*,00400,00500,COSTED
343,B10000*,00400,00800,NUMBER
343,B10000*,00400,01000,ACCUM
343,B10000*,00500,00200,FEET
343,B10000*,00500,00300,FEET
343,B10000*,00500,00400,SALARIES
343,B10000*,00500,00500,REQUISIT
343,B10000*,00500,00800,ORGANS
343,B10000*,00500,01000,COSTS
343,B10000*,00600,00200,1
343,B10000*,00600,00300,2
343,B10000*,00600,00400,3
343,B10000*,00600,00500,3
343,B10000*,00600,00800,3
343,B10000*,00600,01000,3
343,B100000,00000,01000,X
343,E000000,00900,00000,CURRENT ASSETS  OTHER
343,E000000,02600,00000,FIXED ASSETS  OTHER
343,E000000,03900,00000,ACCRUED VACATION BENEFITS
343,E000000,04100,00000,OTHER ACCRUED EXPENSES
343,E000000,04600,00000,RETIREMENT PLAN OBLIGATIONS
343,E000000,04700,00000,OTHER LONG TERM LIABILITIES
343,E100001,00700,00000,CONTRIBUTIONS
343,E100001,00800,00000,MEDICAL SERVICES
343,E100001,00900,00000,OTHER
343,E100002,00300,00000,MINOR VARIANCE TO FS
343,E200000,01500,00000,GAIN ON SALE OF FIXED ASSETS
343,E200000,02000,00000,NET ASSETS RELEASED FROM RESTRICTION
343,E200000,02100,00000,ROUNDING
343,E200000,02200,00000,MISCELLANEOUS INCOME
343,E200000,02300,00000,CHANGE IN PERM RESTRICT NET ASSETS
343,E200000,02600,00000,NET LOSS FROM INVESTMENTS
343,E200000,02700,00000,MISCELLANEOUS EXPENSE
343,S000000,00100,00100,X
343,S000000,00400,00100,2
343,S000000,00500,00100,06/08/2021
343,S000000,00600,00100,10001
343,S000000,00700,00100,N
343,S000000,00800,00100,N
343,S000000,00900,00100,11/14/2022
343,S000000,01000,00100,4
343,S000001,00100,00100,VERSITI INDIANA  INC
343,S000001,00100,00200,15HL01
343,S000001,00101,00100,3450 N MERIDIAN ST
343,S000001,00101,00200,88273
343,S000001,00102,00100,INDIANAPOLIS
343,S000001,00102,00200,IN
343,S000001,00102,00300,46208
343,S000001,00300,00100,01/01/2020
343,S000001,00300,00200,12/31/2020
343,S000001,00400,00100,6
343,S000001,00400,00300,2
343,S000001,00400,00400,01/01/1997
343,S000001,00401,00300,1
343,S000002,00100,00200,Y
343,S000002,00300,00100,CHIEF FINANCIAL OFFICER
343,S000002,00400,00100,06/03/2021
343,S100001,00700,00100,N
343,S100001,00810,00000,OTHER
343,S100002,00401,00100,DD - FINAL CROSSMATCH
343,S100002,00402,00100,FLOW CYTOMETRY CROSSMATCH
343,S100002,00403,00100,PATIENT - HLA CLASS I TYPING (A  B
343,S100002,00404,00100,PATIENT - COMBINED CLASS I AND II
343,S100002,00405,00100,LD - HLA CLASS I AND II TYPING
343,S100002,00406,00100,LD - HLA CLASS II TYPING
343,S100002,00407,00100,DD - HLA CLASS I & II TYPING
343,S100002,00408,00100,SERUM HANDLING/TRANSPORTATION
343,S100002,00409,00100,PRA - HLA CLASS I AB (FLOWPRA)
343,S100002,00410,00100,PRA - HLA CLASS II AB (FLOWPRA)
343,S100002,00411,00100,ABO TYPING
343,S100002,00412,00100,PRA/ID - HLA CLASS I AB (LUMINEX)
343,S100002,00413,00100,PRA/ID - HLA CLASS II AB (LUMINEX)
343,S100002,00414,00100,SINGLE ANTIGEN BEAD - HLA CLASS I AB
343,S100002,00415,00100,SINGLE ANTIGEN BEAD - HLA CLASS II A
343,S100002,00416,00100,LSMIX - TRALI SCREENING
343,S100002,00417,00100,PLATELET TYPE
343,S100002,00418,00100,PAK 12 ELISA ANTIBODY SCREEN
343,S100002,00419,00100,PTT (PARATHYROID CRYOPRESERVATION)
343,S100002,00420,00100,PATERNITY TESTING
343,S100002,00421,00100,DQA1/DQB1 TYPING
343,S100002,00422,00100,STAT FEE
343,S100002,00423,00100,LIVING DONOR A1 SUBTYPE
343,S100002,00424,00100,APHERESIS PLT DONOR TYPING (NO CHARG
343,S100002,00425,00100,ANTIGEN NEG PLATELETS
343,S100002,00426,00100,DSA - POST TRANSPLANT MONITORING CLA
343,S100002,00427,00100,DSA - POST TRANSPLANT MONITORING CLA
343,S100002,00428,00100,TRALI REACTION INVESTIGATION
343,S100002,00429,00100,LSMIX - TRALI SCREENING
343,S100002,00430,00100,PTT (PARATHYROID TISSUE RELEASE)
343,S100002,00431,00100,SPRCA CROSSMATCH (PLATELET CROSSMATC
343,S100002,00432,00100,ANNUAL STORAGE FEE - SPERM BANK
343,S100002,00433,00100,HLA-DPB1 HIGH RESOLUTION TYPING (BCW
343,S100002,00434,00100,HIGH RESOLUTION C TYPING (BCW)
343,S100002,00435,00100,NAIT TEST MATERNAL SAMPLE WITH PATER
343,S100003,00100,00100,MEDICAL DIRECTOR
343,S100003,00100,00300,MEDICAL DIRECTOR
343,S100003,00100,00500,LAB DIRECTOR
343,S100003,00101,00100,EXEC. DIRECTOR
343,S100003,00101,00300,PROCUREMENT COORDINATOR
343,S100003,00101,00500,TECHNICIANS
343,S100003,00102,00100,CLERICAL
343,S100003,00102,00300,PRESERVATION TECHNICIANS
343,S100003,00102,00500,TISSUE TYPING TECH.
343,S100003,00103,00100,OTHER
343,S100003,00103,00300,OTHER
343,S100003,00103,00500,OTHER
343,S200000,00100,00100,N
343,S200000,00200,00100,N
343,S200000,00300,00100,Y
343,S200000,00400,00100,Y
343,S200000,00400,00200,A
343,S200000,00500,00100,N
343,S200000,00600,00300,DIRECTOR  ACCOUNTING & OPERATIONS
343,S200000,00700,00100,VERSITI INDIANA
344,A000000,00100,00000,0100CAPITAL COSTS-BLDG & FIXT
344,A000000,00200,00000,0200CAPITAL COSTS-MVBLE EQUIPMENT
344,A000000,00300,00000,0300EMPLOYEE BENEFITS
344,A000000,00400,00000,0400ADMINISTRATIVE & GENERAL
344,A000000,00500,00000,0500OPERATION AND MAINTENANCE OF PLANT
344,A000000,00600,00000,0600HOUSEKEEPING
344,A000000,00700,00000,0700MEDICAL SUPPLIES
344,A000000,00800,00000,0800OTHER OVERHEAD
344,A000000,00900,00000,0900PROCUREMENT COORDINATORS
344,A000000,01000,00000,1000PROFESSIONAL EDUCATION
344,A000000,01100,00000,1100PUBLIC EDUCATION
344,A000000,01300,00000,1300KIDNEY ACQUISITIONS
344,A000000,01400,00000,1400TISSUE TYPING LABORATORY
344,A000000,01500,00000,1500LIVER ACQUISITIONS
344,A000000,01600,00000,1600HEART ACQUISITIONS
344,A000000,01700,00000,1700PANCREAS ACQUISITIONS
344,A000000,01800,00000,1800LUNG ACQUISITIONS
344,A000000,01900,00000,1900INTESTINE        S 2
344,A000000,02100,00000,2100RESEARCH
344,A000000,02200,00000,2200BLOOD BANK
344,A000000,02300,00000,2300LABORATORY-NON-TISSUE TYPING
344,A000000,02400,00000,2400DIALYSIS UNITS
344,A000000,02500,00000,2500TISSUE
344,A100000,01700,00000,OUTSIDE CONSULTANTS
344,A100000,01800,00000,MISC
344,A100000,01900,00000,FUNDRAISING
344,A20H000,00900,00000,DONOR HOSPITAL OTHER
344,A20K000,00900,00000,DONOR HOSPITAL OTHER
344,A20K000,02100,00000,INTENSIVIST EXPS
344,A20L000,00900,00000,DONOR HOSPITAL OTHER
344,A20L000,02100,00000,INTENSIVIST EXP
344,A20O000,00900,00000,DONOR HOSPITAL OTHER
344,A20O000,02100,00000,INTENSIVIST EXP
344,A20P000,00900,00000,DONOR HOSPITAL OTHER
344,A20P000,02100,00000,INTENSIVIST EXP
344,A20U000,00900,00000,DONOR HOSPITAL OTHER
344,A20U000,02100,00000,INTENSIVIST EXP
344,A400010,00100,00000,TISSUE OVERHEAD RECLASS
344,A400010,00100,00100,A
344,A400010,00100,00200,TISSUE
344,A400010,00100,00500,PROCUREMENT COORDINATORS
344,A400010,00200,00000,TISSUE OVERHEAD RECLASS
344,A400010,00200,00100,A
344,A400010,00200,00500,PROFESSIONAL EDUCATION
344,A400010,00300,00000,TISSUE OVERHEAD RECLASS
344,A400010,00300,00100,A
344,A400010,00300,00500,PUBLIC EDUCATION
344,A500010,00800,00100,B
344,A500010,00800,00300,PROCUREMENT COORDINATORS
344,A500010,00900,00100,A
344,A500010,00900,00300,PROFESSIONAL EDUCATION
344,A500010,01200,00100,B
344,A500010,01200,00300,CAPITAL COSTS-BLDG & FIXT
344,A500010,01300,00100,A
344,A500010,01300,00300,CAPITAL COSTS-BLDG & FIXT
344,A500010,01500,00000,EYEBANKS
344,A500010,01500,00100,B
344,A500010,01500,00300,PROCUREMENT COORDINATORS
344,A500010,01600,00000,LOBBYING
344,A500010,01600,00100,A
344,A500010,01600,00300,ADMINISTRATIVE & GENERAL
344,A500010,01601,00000,SPONORSHIPS/DONATIONS
344,A500010,01601,00100,A
344,A500010,01601,00300,ADMINISTRATIVE & GENERAL
344,A500010,01602,00000,DONOR RECOGNITION MEMORIAL
344,A500010,01602,00100,A
344,A500010,01602,00300,PUBLIC EDUCATION
344,A51000A,00100,00100,N
344,A60000A,00700,00000,CAPITAL LEASE
344,A60000A,00701,00000,SOFTWARE DEVELOPMENT
344,A60000A,00702,00000,CIP
344,A60000B,00800,00000,CAPITAL LEASE
344,A60000B,00801,00000,SOFTWARE DEVELOPMENT
344,A60000B,00802,00000,CIP
344,A60000C,00500,00100,N
344,B10000*,00100,00200,CAP BLDG
344,B10000*,00100,00300,CAP COSTS
344,B10000*,00100,00400,EMPLOYEE
344,B10000*,00100,00500,MEDICAL
344,B10000*,00100,00800,ORGAN
344,B10000*,00100,01000,ADMIN &
344,B10000*,00200,00200,OP PLANT &
344,B10000*,00200,00300,MOVABLE
344,B10000*,00200,00400,BENEFITS
344,B10000*,00200,00500,SUPPLIES
344,B10000*,00200,00800,ACQUISITN
344,B10000*,00200,01000,GENERAL
344,B10000*,00300,00200,HOUSEKEEP
344,B10000*,00300,00300,EQUIPMENT
344,B10000*,00300,00800,COSTS
344,B10000*,00400,00200,SQUARE
344,B10000*,00400,00300,DOLLAR
344,B10000*,00400,00400,ADJUST
344,B10000*,00400,00500,COSTED
344,B10000*,00400,00800,NUMBER
344,B10000*,00400,01000,ACCUM
344,B10000*,00500,00200,FEET
344,B10000*,00500,00300,VALUE
344,B10000*,00500,00400,SALARIES
344,B10000*,00500,00500,REQUISIT
344,B10000*,00500,00800,ORGANS
344,B10000*,00500,01000,COSTS
344,B10000*,00600,00200,1
344,B10000*,00600,00300,2
344,B10000*,00600,00400,3
344,B10000*,00600,00500,3
344,B10000*,00600,00800,3
344,B10000*,00600,01000,3
344,B100000,00000,01000,X
344,E000000,00900,00000,OTHER CURRENT ASSETS
344,E000000,02600,00000,OTHER FIXED ASSETS
344,S000000,00100,00100,X
344,S000000,00400,00100,2
344,S000000,00500,00100,05/25/2021
344,S000000,00600,00100,10001
344,S000000,00700,00100,N
344,S000000,00800,00100,N
344,S000000,00900,00100,11/14/2022
344,S000000,01000,00100,4
344,S000001,00100,00100,KENTUCKY ORGAN DONOR AFFILIATES  IN
344,S000001,00100,00200,18P001
344,S000001,00101,00100,10160 LINN STATION ROAD
344,S000001,00102,00100,LOUISVILLE
344,S000001,00102,00200,KY
344,S000001,00102,00300,40223
344,S000001,00300,00100,01/01/2020
344,S000001,00300,00200,12/31/2020
344,S000001,00400,00100,6
344,S000001,00400,00300,1
344,S000001,00400,00400,07/01/1987
344,S000001,00401,00300,1
344,S000002,00100,00200,Y
344,S000002,00300,00100,VP & CFO
344,S000002,00400,00100,05/19/2021
344,S100001,00700,00100,N
344,S100001,00810,00000,INTESTINE
344,S100001,00811,00000,VEIN
344,S100001,00812,00000,COSTAL CARTILAGE
344,S100001,00813,00000,VIVIGEN
344,S100003,00100,00100,MEDICAL DIRECTOR
344,S100003,00100,00300,MEDICAL DIRECTOR
344,S100003,00100,00500,LAB DIRECTOR
344,S100003,00101,00100,EXEC. DIRECTOR
344,S100003,00101,00300,PROCUREMENT COORDINATOR
344,S100003,00101,00500,TECHNICIANS
344,S100003,00102,00100,CLERICAL
344,S100003,00102,00300,PRESERVATION TECHNICIANS
344,S100003,00102,00500,TISSUE TYPING TECH.
344,S100003,00103,00100,OTHER
344,S100003,00103,00300,OTHER
344,S100003,00103,00500,OTHER
344,S200000,00100,00100,N
344,S200000,00200,00100,N
344,S200000,00300,00100,N
344,S200000,00400,00100,Y
344,S200000,00400,00200,A
344,S200000,00400,00300,06/10/2021
344,S200000,00500,00100,Y
344,S200000,00600,00300,VP & CFO
344,S200000,00700,00100,KODA
345,A000000,00100,00000,0100CAPITAL COSTS-BLDG & FIXT
345,A000000,00200,00000,0200CAPITAL COSTS-MVBLE EQUIPMENT
345,A000000,00300,00000,0300EMPLOYEE BENEFITS
345,A000000,00400,00000,0400ADMINISTRATIVE & GENERAL
345,A000000,00500,00000,0500OPERATION AND MAINTENANCE OF PLANT
345,A000000,00600,00000,0600HOUSEKEEPING
345,A000000,00700,00000,0700MEDICAL SUPPLIES
345,A000000,00800,00000,0800OTHER OVERHEAD
345,A000000,00900,00000,0900PROCUREMENT COORDINATORS
345,A000000,01000,00000,1000PROFESSIONAL EDUCATION
345,A000000,01100,00000,1100PUBLIC EDUCATION
345,A000000,01300,00000,1300KIDNEY ACQUISITIONS
345,A000000,01400,00000,1400TISSUE TYPING LABORATORY
345,A000000,01500,00000,1500LIVER ACQUISITIONS
345,A000000,01600,00000,1600HEART ACQUISITIONS
345,A000000,01700,00000,1700PANCREAS ACQUISITIONS
345,A000000,01800,00000,1800LUNG ACQUISITIONS
345,A000000,01900,00000,1900VCA/INTESTINE    S
345,A000000,02100,00000,2100RESEARCH
345,A000000,02200,00000,2200BLOOD BANK
345,A000000,02300,00000,2300LABORATORY-NON-TISSUE TYPING
345,A000000,02400,00000,2400DIALYSIS UNITS
345,A000000,02500,00000,2500TISSUE
345,A000000,02501,00000,2501SKIN PROCESSING
345,A100000,01700,00000,POSTAGE
345,A100000,01800,00000,EDUCATION
345,A100000,01900,00000,GAIN/LOSS ON ASSETS
345,A100000,01901,00000,ADVISORY/BANK/LATE FEES
345,A20H000,00900,00000,OTHER HOSPITAL
345,A20K000,00900,00000,OTHER HOSPITAL
345,A20K000,00901,00000,PERFUSION COSTS
345,A20L000,00900,00000,OTHER HOSPITAL
345,A20O000,00900,00000,OTHER HOSPITAL
345,A20P000,00900,00000,OTHER HOSPITAL
345,A20U000,00900,00000,OTHER HOSPITAL
345,A400010,00100,00000,RECLASSIFICATIONS
345,A400010,00100,00100,A
345,A400010,00100,00200,CAPITAL COSTS-BLDG & FIXT
345,A400010,00100,00500,ADMINISTRATIVE & GENERAL
345,A400010,00200,00000,RECLASSIFICATIONS
345,A400010,00200,00100,A
345,A400010,00200,00200,TISSUE
345,A400010,00200,00500,PROCUREMENT COORDINATORS
345,A400010,00300,00000,RECLASSIFICATIONS
345,A400010,00300,00100,A
345,A400010,00300,00200,TISSUE
345,A400010,00300,00500,PUBLIC EDUCATION
345,A400010,00400,00000,RECLASSIFICATIONS
345,A400010,00400,00100,A
345,A400010,00400,00200,TISSUE
345,A400010,00400,00500,PROFESSIONAL EDUCATION
345,A400010,00500,00000,RECLASSIFICATIONS
345,A400010,00500,00100,A
345,A400010,00500,00200,OPERATION AND MAINTENANCE OF PLANT
345,A400010,00500,00500,PROCUREMENT COORDINATORS
345,A400010,00600,00000,RECLASSIFICATIONS
345,A400010,00600,00100,A
345,A400010,00600,00200,KIDNEY ACQUISITIONS
345,A400010,00600,00500,SKIN PROCESSING
345,A400010,00700,00000,RECLASSIFICATIONS
345,A400010,00700,00100,A
345,A400010,00700,00200,PROCUREMENT COORDINATORS
345,A400010,00700,00500,SKIN PROCESSING
345,A500010,00700,00100,B
345,A500010,00700,00300,ADMINISTRATIVE & GENERAL
345,A500010,01500,00000,DONATIONS
345,A500010,01500,00100,A
345,A500010,01500,00300,ADMINISTRATIVE & GENERAL
345,A500010,01501,00000,RESEARCH ORGAN REVENUE
345,A500010,01501,00100,B
345,A500010,01501,00300,PROCUREMENT COORDINATORS
345,A500010,01503,00000,LOBBYING AOPO
345,A500010,01503,00100,A
345,A500010,01503,00300,ADMINISTRATIVE & GENERAL
345,A500010,01504,00000,LATE FEES
345,A500010,01504,00100,A
345,A500010,01504,00300,ADMINISTRATIVE & GENERAL
345,A500010,01600,00000,SURG FEES OVER $1 250 PER DONOR
345,A500010,01600,00100,A
345,A500010,01600,00300,KIDNEY ACQUISITIONS
345,A500010,01601,00000,LIVING DONOR COSTS
345,A500010,01601,00100,A
345,A500010,01601,00300,PROCUREMENT COORDINATORS
345,A500010,01602,00000,NONALLOWABLE EXP
345,A500010,01602,00100,A
345,A500010,01602,00300,ADMINISTRATIVE & GENERAL
345,A500010,01603,00000,NONALLOWABLE EXP
345,A500010,01603,00100,A
345,A500010,01603,00300,PROCUREMENT COORDINATORS
345,A500010,01604,00000,NONALLOWABLE EXP
345,A500010,01604,00100,A
345,A500010,01604,00300,PUBLIC EDUCATION
345,A500010,01605,00000,DLMD ACCTING
345,A500010,01605,00100,A
345,A500010,01605,00300,ADMINISTRATIVE & GENERAL
345,A500010,01606,00000,GAIN / (LOSS) ON ASSETS
345,A500010,01606,00100,B
345,A500010,01606,00300,ADMINISTRATIVE & GENERAL
345,A500010,01608,00000,ONLINE STORE
345,A500010,01608,00100,B
345,A500010,01608,00300,PUBLIC EDUCATION
345,A51000A,00100,00100,N
345,A60000C,00500,00100,N
345,B10000*,00100,00200,CAP BLDG
345,B10000*,00100,00300,CAP COSTS
345,B10000*,00100,00400,EMPLOYEE
345,B10000*,00100,00500,MEDICAL
345,B10000*,00100,00800,ORGAN
345,B10000*,00100,01000,ADMIN &
345,B10000*,00200,00200,OP PLANT &
345,B10000*,00200,00300,MOVABLE
345,B10000*,00200,00400,BENEFITS
345,B10000*,00200,00500,SUPPLIES
345,B10000*,00200,00800,ACQUISITN
345,B10000*,00200,01000,GENERAL
345,B10000*,00300,00200,HOUSEKEEP
345,B10000*,00300,00300,EQUIPMENT
345,B10000*,00300,00800,COSTS
345,B10000*,00400,00200,SQUARE
345,B10000*,00400,00300,DOLLAR
345,B10000*,00400,00400,ADJUST
345,B10000*,00400,00500,COSTED
345,B10000*,00400,00800,NUMBER
345,B10000*,00400,01000,ACCUM
345,B10000*,00500,00200,FEET
345,B10000*,00500,00300,VALUE
345,B10000*,00500,00400,SALARIES
345,B10000*,00500,00500,REQUISIT
345,B10000*,00500,00800,ORGANS
345,B10000*,00500,01000,COSTS
345,B10000*,00600,00200,1
345,B10000*,00600,00300,2
345,B10000*,00600,00400,3
345,B10000*,00600,00500,3
345,B10000*,00600,00800,3
345,B10000*,00600,01000,3
345,B100000,00000,01000,X
345,E000000,00900,00000,OTHER CURRENT ASSETS
345,E000000,02600,00000,OTHER FIXED ASSETS
345,E000000,03100,00000,DEFERRED COMP/RESTRICTED CASH
345,E000000,03900,00000,ACCRUED EXPENSES
345,E000000,04600,00000,DEFERRED COMPENSATION
345,E100001,00700,00000,BONE
345,E100001,00800,00000,SKIN
345,E100001,00900,00000,CORNEA/HV/VEINS
345,E200000,01500,00000,DONATIONS
345,E200000,01600,00000,CALL CENTER REVENUE
345,E200000,01700,00000,MISC
345,S000000,00100,00100,X
345,S000000,00400,00100,2
345,S000000,00500,00100,06/03/2021
345,S000000,00600,00100,10001
345,S000000,00700,00100,N
345,S000000,00800,00100,N
345,S000000,00900,00100,11/14/2022
345,S000000,01000,00100,4
345,S000001,00100,00100,THE LIVING LEGACY FOUNDATION
345,S000001,00100,00200,21P001
345,S000001,00101,00100,1730 TWIN SPRINGS ROAD  SUITE 200
345,S000001,00102,00100,BALTIMORE
345,S000001,00102,00200,MD
345,S000001,00102,00300,21227
345,S000001,00300,00100,01/01/2020
345,S000001,00300,00200,12/31/2020
345,S000001,00400,00100,8
345,S000001,00400,00300,1
345,S000001,00400,00400,01/01/2013
345,S000001,00401,00300,1
345,S000002,00100,00200,Y
345,S000002,00300,00100,CHIEF FINANCIAL OFFICER
345,S000002,00400,00100,06/02/2021
345,S100001,00700,00100,N
345,S100001,00810,00000,VCA
345,S100001,00811,00000,INTESTINES
345,S100001,00812,00000,VEIN/NERVES
345,S100003,00100,00100,MEDICAL DIRECTOR
345,S100003,00100,00300,MEDICAL DIRECTOR
345,S100003,00100,00500,LAB DIRECTOR
345,S100003,00101,00100,EXEC. DIRECTOR
345,S100003,00101,00300,PROCUREMENT COORDINATOR
345,S100003,00101,00500,TECHNICIANS
345,S100003,00102,00100,CLERICAL
345,S100003,00102,00300,PRESERVATION TECHNICIANS
345,S100003,00102,00500,TISSUE TYPING TECH.
345,S100003,00103,00100,OTHER
345,S100003,00103,00300,OTHER
345,S100003,00103,00500,OTHER
345,S200000,00100,00100,N
345,S200000,00200,00100,N
345,S200000,00300,00100,N
345,S200000,00400,00100,Y
345,S200000,00400,00200,A
345,S200000,00500,00100,Y
345,S200000,00600,00300,5-28-2021
345,S200000,00700,00100,THE LLF
346,A000000,00100,00000,0100CAPITAL COSTS-BLDG & FIXT
346,A000000,00200,00000,0200CAPITAL COSTS-MVBLE EQUIPMENT
346,A000000,00300,00000,0300EMPLOYEE BENEFITS
346,A000000,00400,00000,0400ADMINISTRATIVE & GENERAL
346,A000000,00500,00000,0500OPERATION AND MAINTENANCE OF PLANT
346,A000000,00600,00000,0600HOUSEKEEPING
346,A000000,00700,00000,0700MEDICAL SUPPLIES
346,A000000,00900,00000,0900PROCUREMENT COORDINATORS
346,A000000,01000,00000,1000PROFESSIONAL EDUCATION
346,A000000,01100,00000,1100PUBLIC EDUCATION
346,A000000,01300,00000,1300KIDNEY ACQUISITIONS
346,A000000,01400,00000,1400TISSUE TYPING LABORATORY
346,A000000,01500,00000,1500LIVER ACQUISITIONS
346,A000000,01600,00000,1600HEART ACQUISITIONS
346,A000000,01700,00000,1700PANCREAS ACQUISITIONS
346,A000000,01800,00000,1800LUNG ACQUISITIONS
346,A000000,01900,00000,1900SM BOWEL
346,A000000,01901,00000,1901HEART\LUNG
346,A000000,02100,00000,2100RESEARCH
346,A000000,02200,00000,2200BLOOD BANK
346,A000000,02300,00000,2300LABORATORY-NON-TISSUE TYPING
346,A000000,02400,00000,2400DIALYSIS UNITS
346,A000000,02500,00000,2500TISSUE
346,A000000,02501,00000,2501CFL
346,A000000,02502,00000,2502DMV
346,A000000,02503,00000,2503FOUNDATION
346,A100000,01700,00000,AUTO
346,A100000,01800,00000,OTHER
346,A100000,01900,00000,REPAIRS AND MAINTENANCE
346,A100000,01901,00000,FOUNDATION OVERHEAD RECLASS
346,A100000,01902,00000,BAD DEBT EXPENSE
346,A100000,01903,00000,INTERCOMPANY EXPENSE
346,A100000,01904,00000,MANAGEMENT SERVICES
346,A20H000,00900,00000,OTHER HOSPITAL OR
346,A20H000,00901,00000,EVAL COSTS
346,A20H000,00902,00000,EKG
346,A20H000,02100,00000,SEROLOGY RADIOLOGY OTHER
346,A20H000,02101,00000,BIOPSY
346,A20H000,02102,00000,CONSULTS
346,A20H000,02103,00000,ECHOS
346,A20H000,02104,00000,CARDIAC CATH
346,A20K000,00900,00000,OTHER HOSPITAL OR
346,A20K000,00901,00000,EVAL COSTS
346,A20K000,02100,00000,SEROLOGIES  RADIOLOGY OTHER
346,A20K000,02101,00000,BIOPSIES
346,A20K000,02102,00000,CONSULTS
346,A20L000,00900,00000,OTHER HOSPITAL OR
346,A20L000,00901,00000,EVAL COSTS
346,A20L000,02100,00000,SEROLOGIES RADIOLOGY OTHER
346,A20L000,02101,00000,BIOPSIES
346,A20L000,02102,00000,CONSULT
346,A20O000,00900,00000,OTHER HOSPITAL OR
346,A20O000,00901,00000,EVAL COSTS
346,A20O000,02100,00000,SEROLOGY RADIOLOGY OTHER
346,A20O000,02101,00000,BIOPSY
346,A20O000,02102,00000,CONSULTS
346,A20P000,00900,00000,OTHER HOSPITAL OR
346,A20P000,00901,00000,EVAL COSTS
346,A20P000,02100,00000,SEROLOGY RADIOLOGY OTHER
346,A20P000,02101,00000,BIOPSY
346,A20P000,02102,00000,CONSULTS
346,A20U000,00900,00000,OTHER HOSPITAL OR
346,A20U000,00901,00000,EVAL COSTS
346,A20U000,02100,00000,SEROLOGY RADIOLOGY OTHER
346,A20U000,02101,00000,BIOPSY
346,A20U000,02102,00000,CONSULTS
346,A300000,00600,00000,SUPPLIES
346,A300000,00700,00000,OFFICE SUPPLIES
346,A300000,00800,00000,TELEPHONE
346,A300000,00900,00000,MEETINGS AND MILEAGE
346,A300000,01000,00000,DUES AND CONT ED
346,A300000,01001,00000,REPAIRS AND MAINTENANCE
346,A300000,01002,00000,DEPRECIATION
346,A300000,01003,00000,DATA PROCESSING
346,A300000,01004,00000,MISC LAB EXPENSES
346,A400010,00100,00000,TELEPHONE EXPENSES
346,A400010,00100,00100,A
346,A400010,00100,00200,PROCUREMENT COORDINATORS
346,A400010,00100,00500,ADMINISTRATIVE & GENERAL
346,A400010,00200,00000,TELEPHONE EXPENSES
346,A400010,00200,00100,A
346,A400010,00200,00200,TISSUE TYPING LABORATORY
346,A400010,00300,00000,TELEPHONE EXPENSES
346,A400010,00300,00100,A
346,A400010,00300,00200,TISSUE
346,A400010,00400,00000,LEASEHOLD IMPROVE RECLASS
346,A400010,00400,00100,B
346,A400010,00400,00200,CAPITAL COSTS-BLDG & FIXT
346,A400010,00400,00500,CAPITAL COSTS-MVBLE EQUIPMENT
346,A400010,00500,00000,TISSUE ALLOCATION
346,A400010,00500,00100,C
346,A400010,00500,00200,TISSUE
346,A400010,00500,00500,PROCUREMENT COORDINATORS
346,A400010,00600,00000,TISSUE ALLOCATION
346,A400010,00600,00100,C
346,A400010,00600,00500,PROFESSIONAL EDUCATION
346,A400010,00700,00000,TISSUE ALLOCATION
346,A400010,00700,00100,C
346,A400010,00700,00500,PUBLIC EDUCATION
346,A400010,00800,00000,A&G OCCUPANCY RECLASS
346,A400010,00800,00100,D
346,A400010,00800,00200,ADMINISTRATIVE & GENERAL
346,A400010,00800,00500,CAPITAL COSTS-BLDG & FIXT
346,A400010,00900,00000,A&G OCCUPANCY RECLASS
346,A400010,00900,00100,D
346,A400010,00900,00500,CAPITAL COSTS-MVBLE EQUIPMENT
346,A400010,01000,00000,FOUNDATION OVERHEAD EXP RECLASS
346,A400010,01000,00100,F
346,A400010,01000,00200,ADMINISTRATIVE & GENERAL
346,A400010,01000,00500,FOUNDATION
346,A400010,01100,00000,FOUNDATION INVESTMENT FEES
346,A400010,01100,00100,G
346,A400010,01100,00200,ADMINISTRATIVE & GENERAL
346,A400010,01100,00500,FOUNDATION
346,A500010,00800,00100,B
346,A500010,00800,00300,PROCUREMENT COORDINATORS
346,A500010,01600,00000,NONREIMBURSABLE EXPENSE - ADMIN
346,A500010,01600,00100,A
346,A500010,01600,00300,ADMINISTRATIVE & GENERAL
346,A500010,01601,00000,NONREIMBURSABLE EXPENSE PROC COORD
346,A500010,01601,00100,A
346,A500010,01601,00300,PROCUREMENT COORDINATORS
346,A500010,01602,00000,NONREIMBURSABLE EXPENSE DPD
346,A500010,01602,00100,A
346,A500010,01602,00300,PROFESSIONAL EDUCATION
346,A500010,01603,00000,NONREIMBURSABLE EXPENSE - CORP COMM
346,A500010,01603,00100,A
346,A500010,01603,00300,PUBLIC EDUCATION
346,A500010,01604,00000,NONREIMBURSABLE EXPENSE - KIDNEY
346,A500010,01604,00100,A
346,A500010,01604,00300,KIDNEY ACQUISITIONS
346,A500010,01605,00000,NONREIMBURSABLE EXPENSE - DEPRECIATI
346,A500010,01605,00100,A
346,A500010,01605,00300,CAPITAL COSTS-MVBLE EQUIPMENT
346,A500010,01606,00000,LOBBYING OFFSET
346,A500010,01606,00100,A
346,A500010,01606,00300,PROCUREMENT COORDINATORS
346,A500010,01608,00000,LIFE INSURANCE UNREALIZED GAIN\LOSS
346,A500010,01608,00100,A
346,A500010,01608,00300,EMPLOYEE BENEFITS
346,A500010,01609,00000,INTEREST OFFSET
346,A500010,01609,00100,B
346,A500010,01609,00300,CAPITAL COSTS-BLDG & FIXT
346,A500010,01610,00000,ALLOWABLE INVESTMENT FEES
346,A500010,01610,00100,A
346,A500010,01610,00300,ADMINISTRATIVE & GENERAL
346,A500010,01611,00000,HP III BUILDING LEASED SPACE OFFSET
346,A500010,01611,00100,A
346,A500010,01611,00300,CAPITAL COSTS-BLDG & FIXT
346,A500010,01612,00000,BAD DEBT EXPENSE
346,A500010,01612,00100,A
346,A500010,01612,00300,ADMINISTRATIVE & GENERAL
346,A500010,01613,00000,KIDNEY TRANSPORTATION REVENUE
346,A500010,01613,00100,B
346,A500010,01613,00300,KIDNEY ACQUISITIONS
346,A500010,01614,00000,RESEARCH
346,A500010,01614,00100,A
346,A500010,01614,00300,PROCUREMENT COORDINATORS
346,A51000A,00100,00100,Y
346,A51000B,00100,00200,CFL
346,A51000B,00100,00300,CFL
346,A51000B,00200,00200,FOUNDATION
346,A51000B,00200,00300,FOUNDATION
346,A51000B,00300,00200,CAPITAL COSTS-BLDG & FIXT
346,A51000B,00300,00300,HPIII BLDG
346,A51000B,00400,00200,ADMINISTRATIVE & GENERAL
346,A51000B,00400,00300,LIFE LOGISTICS
346,A51000B,00401,00200,KIDNEY ACQUISITIONS
346,A51000B,00401,00300,LIFE LOGISTICS
346,A51000B,00402,00200,LIVER ACQUISITIONS
346,A51000B,00402,00300,LIFE LOGISTICS
346,A51000B,00403,00200,HEART ACQUISITIONS
346,A51000B,00403,00300,LIFE LOGISTICS
346,A51000B,00404,00200,PANCREAS ACQUISITIONS
346,A51000B,00404,00300,LIFE LOGISTICS
346,A51000B,00405,00200,LUNG ACQUISITIONS
346,A51000B,00405,00300,LIFE LOGISTICS
346,A51000B,00406,00200,SM BOWEL
346,A51000B,00406,00300,LIFE LOGISTICS
346,A51000B,00407,00200,HEART\LUNG
346,A51000B,00407,00300,LIFE LOGISTICS
346,A51000B,00408,00200,TISSUE
346,A51000B,00408,00300,LIFE LOGISTICS
346,A51000C,00100,00100,C
346,A51000C,00100,00400,LIFE LOGISTICS LLC
346,A51000C,00100,00600,AIR TRANSPORT
346,A51000C,00200,00100,C
346,A51000C,00200,00400,HIGHLANDS PLAZA THREE LLC
346,A51000C,00200,00600,PROPERTY MGMT
346,A51000C,00300,00100,C
346,A51000C,00300,00400,DONATE LIFE FOUNDATION
346,A51000C,00300,00600,FOUNDATION
346,A60000A,00700,00000,DF MEMORIAL
346,A60000A,00701,00000,CENTER FOR LIFE
346,A60000A,00702,00000,CIP
346,A60000A,00703,00000,LAB
346,A60000A,00704,00000,LIFE LOGISTICS
346,A60000A,00705,00000,LEASHOLD IMPROVEMENTS STL
346,A60000B,00800,00000,DF MEMORIAL
346,A60000B,00801,00000,CENTER FOR LIFE
346,A60000B,00803,00000,LAB
346,A60000B,00804,00000,LIFE LOGISTICS
346,A60000B,00805,00000,LEASEHOLD IMPROVEMENTS STL
346,A60000C,00500,00100,N
346,B10000*,00100,00200,CAP BLDG
346,B10000*,00100,00300,CAP COSTS
346,B10000*,00100,00400,EMPLOYEE
346,B10000*,00100,00500,MEDICAL
346,B10000*,00100,00800,ORGAN
346,B10000*,00100,01000,ADMIN &
346,B10000*,00200,00200,OP PLANT &
346,B10000*,00200,00300,MOVABLE
346,B10000*,00200,00400,BENEFITS
346,B10000*,00200,00500,SUPPLIES
346,B10000*,00200,00800,ACQUISITN
346,B10000*,00200,01000,GENERAL
346,B10000*,00300,00200,HOUSEKEEP
346,B10000*,00300,00300,EQUIPMENT
346,B10000*,00300,00800,COSTS
346,B10000*,00400,00200,SQUARE
346,B10000*,00400,00300,DOLLAR
346,B10000*,00400,00400,ADJUST
346,B10000*,00400,00500,COSTED
346,B10000*,00400,00800,NUMBER
346,B10000*,00400,01000,ACCUM
346,B10000*,00500,00200,FEET
346,B10000*,00500,00300,VALUE
346,B10000*,00500,00400,SALARIES
346,B10000*,00500,00500,REQUISIT
346,B10000*,00500,00800,ORGANS
346,B10000*,00500,01000,COSTS
346,B10000*,00600,00200,1
346,B10000*,00600,00300,2
346,B10000*,00600,00400,3
346,B10000*,00600,00500,3
346,B10000*,00600,00800,3
346,B10000*,00600,01000,3
346,B100000,00000,01000,X
346,E000000,00900,00000,CURRENT ASSETS - OTHER
346,E000000,02600,00000,OTHER FIXED ASSETS
346,E000000,03100,00000,OTHER ASSETS
346,E000000,03900,00000,DUE TO MEDICARE
346,E000000,04600,00000,DEFFERED COMP
346,E000000,04700,00000,OTHER NONCURRENT LIABILITIES
346,E100001,00700,00000,INVESTMENT GAINS
346,E100001,00800,00000,DONATIONS
346,E100001,00900,00000,RENT
346,E100001,00901,00000,OTHER
346,E100002,00300,00000,POST AUDIT AJE TRANSFERS
346,E100002,00400,00000,POST AUDIT AJE LAB REV\EXP
346,E100002,00500,00000,INVESTMENT FEES
346,E100002,00501,00000,ROUNDING
346,E100002,00800,00000,LAB EXPENSES
346,E100002,00900,00000,HP III RXP
346,E100002,01000,00000,FOUNDATION
346,E100002,01001,00000,ROUNDING
346,E200000,02000,00000,UNREALIZED GAIN\LOSS  ON INVESTMENTS
346,E200000,02100,00000,EARNINGS FROM RELATED ORGANIZATION
346,E200000,02600,00000,LOSS FROM RELATED ORGANIZATION
346,E200000,02700,00000,CONTRIBUTIONS TO RELATED ORG
346,S000000,00100,00100,X
346,S000000,00400,00100,2
346,S000000,00500,00100,06/07/2021
346,S000000,00600,00100,10001
346,S000000,00700,00100,N
346,S000000,00800,00100,N
346,S000000,00900,00100,11/14/2022
346,S000000,01000,00100,4
346,S000001,00100,00100,MID-AMERICA TRANSPLANT SERVICES
346,S000001,00100,00200,26P002
346,S000001,00101,00100,1110 HIGHLANDS PLAZA DR E  STE 100
346,S000001,00102,00100,SAINT LOUIS
346,S000001,00102,00200,MO
346,S000001,00102,00300,63110
346,S000001,00200,00100,MID-AMERICA TRANSPLANT SERVICES
346,S000001,00200,00200,26HL06
346,S000001,00201,00100,1110 HIGHLANDS PLAZA DR E  STE 100
346,S000001,00202,00100,SAINT LOUIS
346,S000001,00202,00200,MO
346,S000001,00202,00300,63110
346,S000001,00300,00100,01/01/2020
346,S000001,00300,00200,12/31/2020
346,S000001,00400,00100,8
346,S000001,00400,00300,1
346,S000001,00400,00400,04/01/1988
346,S000001,00401,00300,1
346,S000002,00100,00200,Y
346,S000002,00300,00100,CHIEF FINANCIAL OFFICER
346,S000002,00400,00100,06/03/2021
346,S100001,00700,00100,N
346,S100001,00810,00000,SM BOWEL
346,S100001,00811,00000,VEIN\OTHER
346,S100002,00400,00100,HLA
346,S100003,00100,00100,MEDICAL DIRECTOR
346,S100003,00100,00300,MEDICAL DIRECTOR
346,S100003,00100,00500,LAB DIRECTOR
346,S100003,00101,00100,EXEC. DIRECTOR
346,S100003,00101,00300,PROCUREMENT COORDINATOR
346,S100003,00101,00500,TECHNICIANS
346,S100003,00102,00100,CLERICAL
346,S100003,00102,00300,PRESERVATION TECHNICIANS
346,S100003,00102,00500,TISSUE TYPING TECH.
346,S100003,00103,00100,OTHER
346,S100003,00103,00300,OTHER
346,S100003,00103,00500,OTHER
346,S200000,00100,00100,N
346,S200000,00200,00100,N
346,S200000,00300,00100,Y
346,S200000,00400,00100,Y
346,S200000,00400,00200,A
346,S200000,00500,00100,Y
346,S200000,00600,00300,DIRECTOR OF ACCOUNTING &  FINANCE
346,S200000,00700,00100,MIDAMERICA TRANSPLANT
347,A000000,00100,00000,0100CAPITAL COSTS-BLDG & FIXT
347,A000000,00200,00000,0200CAPITAL COSTS-MVBLE EQUIPMENT
347,A000000,00300,00000,0300EMPLOYEE BENEFITS
347,A000000,00400,00000,0400ADMINISTRATIVE & GENERAL
347,A000000,00500,00000,0500OPERATION AND MAINTENANCE OF PLANT
347,A000000,00600,00000,0600HOUSEKEEPING
347,A000000,00700,00000,0700MEDICAL SUPPLIES
347,A000000,00800,00000,0800OTHER OVERHEAD
347,A000000,00900,00000,0900PROCUREMENT COORDINATORS
347,A000000,01000,00000,1000PROFESSIONAL EDUCATION
347,A000000,01100,00000,1100PUBLIC EDUCATION
347,A000000,01300,00000,1300KIDNEY ACQUISITIONS
347,A000000,01400,00000,1400TISSUE TYPING LABORATORY
347,A000000,01500,00000,1500LIVER ACQUISITIONS
347,A000000,01600,00000,1600HEART ACQUISITIONS
347,A000000,01700,00000,1700PANCREAS ACQUISITIONS
347,A000000,01800,00000,1800LUNG ACQUISITIONS
347,A000000,01900,00000,1900OTHER ACQUISITIONS
347,A000000,02100,00000,2100RESEARCH
347,A000000,02200,00000,2200BLOOD BANK
347,A000000,02300,00000,2300LABORATORY-NON-TISSUE TYPING
347,A000000,02400,00000,2400DIALYSIS UNITS
347,A100000,01700,00000,OUALITY COMPLIANCE
347,A100000,01800,00000,SUPPORT SERVICES
347,A100000,01900,00000,SPECIMEN MANAGEMENT
347,A100000,01901,00000,CLIENT SERVICES
347,A100000,01902,00000,FACILITIES ADMIN
347,A100000,01903,00000,FACILITIES BLDG
347,A100000,01904,00000,LOGISTICS
347,A300000,00600,00000,REAGENTS AND SUPPLIES
347,A300000,00700,00000,DEPRECIATION
347,A300000,00800,00000,MISCELLANEOUS OPERATIONS
347,A300000,00900,00000,OTHER EXPENSES
347,A500010,00900,00100,A
347,A500010,00900,00300,ADMINISTRATIVE & GENERAL
347,A500010,01500,00000,GROSS RECEIPTS TAX - NMIL
347,A500010,01500,00100,A
347,A500010,01500,00300,TISSUE TYPING LABORATORY
347,A500010,01501,00000,GROSS RECEIPTS TAX OTHER LAB
347,A500010,01501,00100,A
347,A500010,01501,00300,LABORATORY-NON-TISSUE TYPING
347,A500010,01502,00000,MISCELLANEOUS INCOME
347,A500010,01502,00100,B
347,A500010,01502,00300,ADMINISTRATIVE & GENERAL
347,A500010,01503,00000,LOSS ON SALE OF ASSETS
347,A500010,01503,00100,A
347,A500010,01503,00300,LABORATORY-NON-TISSUE TYPING
347,A500010,01504,00000,COLLECTION EXPENSE
347,A500010,01504,00100,A
347,A500010,01504,00300,ADMINISTRATIVE & GENERAL
347,A500010,01600,00000,PROMOTIONAL EXPENSE
347,A500010,01600,00100,A
347,A500010,01600,00300,ADMINISTRATIVE & GENERAL
347,A500010,01601,00000,CONTRIBUTION EXPENSE
347,A500010,01601,00100,A
347,A500010,01601,00300,ADMINISTRATIVE & GENERAL
347,A500010,01602,00000,PENALTIES AND FINES
347,A500010,01602,00100,A
347,A500010,01602,00300,ADMINISTRATIVE & GENERAL
347,A500010,01603,00000,LOBBYING EXPENSE
347,A500010,01603,00100,A
347,A500010,01603,00300,ADMINISTRATIVE & GENERAL
347,A500010,01604,00000,MISCELLANEOUS EXPENSE
347,A500010,01604,00100,A
347,A500010,01604,00300,LABORATORY-NON-TISSUE TYPING
347,A500010,01605,00000,COMMUNITY SERVICE
347,A500010,01605,00100,A
347,A500010,01605,00300,ADMINISTRATIVE & GENERAL
347,A500010,01606,00000,LEASE INCOME
347,A500010,01606,00100,B
347,A500010,01606,00300,ADMINISTRATIVE & GENERAL
347,A500010,01607,00000,OTHER SERVICE INCOME
347,A500010,01607,00100,B
347,A500010,01607,00300,LABORATORY-NON-TISSUE TYPING
347,A500010,01608,00000,SPECIALTY LAB BASE- TTL
347,A500010,01608,00100,A
347,A500010,01608,00300,TISSUE TYPING LABORATORY
347,A500010,01609,00000,SPECIALTY LAB BASE - NON TTL
347,A500010,01609,00100,A
347,A500010,01609,00300,LABORATORY-NON-TISSUE TYPING
347,A500010,01610,00000,WOODWARD BUILDING BASE - TTL
347,A500010,01610,00100,A
347,A500010,01610,00300,TISSUE TYPING LABORATORY
347,A500010,01611,00000,WOODWARD BUILDING BASE - NON TTL
347,A500010,01611,00100,A
347,A500010,01611,00300,LABORATORY-NON-TISSUE TYPING
347,A500010,01612,00000,WOODWARD BUILDING BASE - ADMIN & GEN
347,A500010,01612,00100,A
347,A500010,01612,00300,ADMINISTRATIVE & GENERAL
347,A51000A,00100,00100,N
347,B10000*,00100,00200,CAP BLDG
347,B10000*,00100,00300,CAP COSTS
347,B10000*,00100,00400,EMPLOYEE
347,B10000*,00100,00500,MEDICAL
347,B10000*,00100,00800,ORGAN
347,B10000*,00100,01000,ADMIN &
347,B10000*,00200,00200,OP PLANT &
347,B10000*,00200,00300,MOVABLE
347,B10000*,00200,00400,BENEFITS
347,B10000*,00200,00500,SUPPLIES
347,B10000*,00200,00800,ACQUISITN
347,B10000*,00200,01000,GENERAL
347,B10000*,00300,00200,HOUSEKEEP
347,B10000*,00300,00300,EQUIPMENT
347,B10000*,00300,00800,COSTS
347,B10000*,00400,00200,SQUARE
347,B10000*,00400,00300,DOLLAR
347,B10000*,00400,00400,ADJUST
347,B10000*,00400,00500,COSTED
347,B10000*,00400,00800,NUMBER
347,B10000*,00400,01000,ACCUM
347,B10000*,00500,00200,FEET
347,B10000*,00500,00300,VALUE
347,B10000*,00500,00400,SALARIES
347,B10000*,00500,00500,REQUISIT
347,B10000*,00500,00800,ORGANS
347,B10000*,00500,01000,COSTS
347,B10000*,00600,00200,1
347,B10000*,00600,00300,2
347,B10000*,00600,00400,3
347,B10000*,00600,00500,3
347,B10000*,00600,00800,3
347,B10000*,00600,01000,3
347,B100000,00000,01000,X
347,E200000,01500,00000,OTHER SERVICES INCOME
347,E200000,01600,00000,LAB MANAGEMENT FEES
347,E200000,01800,00000,RECORD RESEARCH INCOME
347,E200000,01900,00000,MISCELLANEOUS INCOME
347,E200000,02000,00000,GAIN ON SALE OF ASSETS
347,E200000,02100,00000,DUE FROM MEDICARE
347,S000000,00100,00100,X
347,S000000,00400,00100,2
347,S000000,00500,00100,06/01/2021
347,S000000,00600,00100,10001
347,S000000,00700,00100,N
347,S000000,00800,00100,N
347,S000000,00900,00100,11/14/2022
347,S000000,01000,00100,4
347,S000001,00100,00100,NEW MEXICO IMMUNOGENETICS LABORATOR
347,S000001,00100,00200,32HL01
347,S000001,00101,00100,1001 WOODWARD PLACE NE
347,S000001,00102,00100,ALBUQURQUE
347,S000001,00102,00200,NM
347,S000001,00102,00300,87102
347,S000001,00300,00100,01/01/2020
347,S000001,00300,00200,12/31/2020
347,S000001,00400,00100,2
347,S000001,00400,00300,2
347,S000001,00400,00400,01/01/2018
347,S000001,00401,00300,1
347,S000002,00300,00100,CHIEF FINANCIAL OFFICER
347,S100001,00700,00100,N
347,S100001,00810,00000,OTHER
347,S100002,00401,00100,PRA FEE FOR SERUM PROCESSING
347,S100002,00402,00100,PRA FEE FOR SERUM PROCESSING
347,S100002,00403,00100,PRA FEE FOR SERUM PROCESSING
347,S100002,00404,00100,HLA ABC CLASS I
347,S100002,00405,00100,HLA ABDR CLASS I  II
347,S100002,00406,00100,CADAV PRELIM CROSSMATCH BY FLOW
347,S100002,00407,00100,PRELIMINARY/FINAL FLOW CROSSMATCH
347,S100002,00408,00100,AUTO CROSSMATCH BY FLOW
347,S100002,00409,00100,CADAVERIC HLA TYPING BY DNA
347,S100002,00410,00100,CADAVERIC HLA TYPING BY DNA
347,S100002,00411,00100,HLA PRETXP AB SCREEN
347,S100002,00412,00100,LUMINEX SGL AG CL I
347,S100002,00413,00100,LUMINEX SGL AG CL II
347,S100002,00414,00100,C I SINGLE LOCUS
347,S100002,00415,00100,C II SINGLE LOCUS
347,S100002,00416,00100,PRELIM VIRTUAL XM
347,S100002,00417,00100,FLOW CROSSMATCH STAT
347,S100003,00100,00100,MEDICAL DIRECTOR
347,S100003,00100,00300,MEDICAL DIRECTOR
347,S100003,00100,00500,LAB DIRECTOR
347,S100003,00101,00100,EXEC. DIRECTOR
347,S100003,00101,00300,PROCUREMENT COORDINATOR
347,S100003,00101,00500,TECHNICIANS
347,S100003,00102,00100,CLERICAL
347,S100003,00102,00300,PRESERVATION TECHNICIANS
347,S100003,00102,00500,TISSUE TYPING TECH.
347,S100003,00103,00100,OTHER
347,S100003,00103,00300,OTHER
347,S100003,00103,00500,OTHER
347,S200000,00100,00100,N
347,S200000,00200,00100,N
347,S200000,00300,00100,N
347,S200000,00400,00100,Y
347,S200000,00400,00200,A
347,S200000,00500,00100,N
347,S200000,00600,00300,FIXED ASSET ACCOUNTANT
347,S200000,00700,00100,TRICORE
348,A000000,00100,00000,0100CAPITAL COSTS-BLDG & FIXT
348,A000000,00200,00000,0200CAPITAL COSTS-MVBLE EQUIPMENT
348,A000000,00300,00000,0300EMPLOYEE BENEFITS
348,A000000,00400,00000,0400ADMINISTRATIVE & GENERAL
348,A000000,00500,00000,0500OPERATION AND MAINTENANCE OF PLANT
348,A000000,00600,00000,0600HOUSEKEEPING
348,A000000,00700,00000,0700MEDICAL SUPPLIES
348,A000000,00800,00000,0800OTHER OVERHEAD
348,A000000,00900,00000,0900PROCUREMENT COORDINATORS
348,A000000,01000,00000,1000PROFESSIONAL EDUCATION
348,A000000,01100,00000,1100PUBLIC EDUCATION
348,A000000,01200,00000,1200OTHER ACQUISITION
348,A000000,01300,00000,1300KIDNEY ACQUISITIONS
348,A000000,01400,00000,1400TISSUE TYPING LABORATORY
348,A000000,01500,00000,1500LIVER ACQUISITIONS
348,A000000,01600,00000,1600HEART ACQUISITIONS
348,A000000,01700,00000,1700PANCREAS ACQUISITIONS
348,A000000,01800,00000,1800LUNG ACQUISITIONS
348,A000000,01900,00000,1900OTHER ACQUISITIONS
348,A000000,02100,00000,2100RESEARCH
348,A000000,02200,00000,2200BLOOD BANK
348,A000000,02300,00000,2300LABORATORY-NON-TISSUE TYPING
348,A000000,02400,00000,2400DIALYSIS UNITS
348,A000000,02500,00000,2500OTHER NON-REIMBURSABLE
348,A100000,01700,00000,LICENSES AND FEES
348,A100000,01800,00000,INDIRECT COSTS
348,A100000,01900,00000,JOB POSTING
348,A300000,00600,00000,REAGENTS AND LAB SUPPLIES
348,A300000,00700,00000,NON-CAPITAL EQUIPMENT
348,A500010,01500,00000,TEST INCOME
348,A500010,01500,00100,B
348,A500010,01500,00300,TISSUE TYPING LABORATORY
348,A500010,01600,00000,OVERHEAD ADJUSTMENT PER PRIOR YEAR
348,A500010,01600,00100,A
348,A500010,01600,00300,ADMINISTRATIVE & GENERAL
348,A51000A,00100,00100,N
348,A60000C,00500,00100,N
348,B10000*,00100,00200,CAP BLDG
348,B10000*,00100,00300,CAP COSTS
348,B10000*,00100,00400,EMPLOYEE
348,B10000*,00100,00500,MEDICAL
348,B10000*,00100,00800,ORGAN
348,B10000*,00100,01000,ADMIN &
348,B10000*,00200,00200,OP PLANT &
348,B10000*,00200,00300,MOVABLE
348,B10000*,00200,00400,BENEFITS
348,B10000*,00200,00500,SUPPLIES
348,B10000*,00200,00800,ACQUISITN
348,B10000*,00200,01000,GENERAL
348,B10000*,00300,00200,HOUSEKEEP
348,B10000*,00300,00300,EQUIPMENT
348,B10000*,00300,00800,COSTS
348,B10000*,00400,00200,SQUARE
348,B10000*,00400,00300,DOLLAR
348,B10000*,00400,00400,ADJUST
348,B10000*,00400,00500,COSTED
348,B10000*,00400,00800,NUMBER
348,B10000*,00400,01000,ACCUM
348,B10000*,00500,00200,FEET
348,B10000*,00500,00300,VALUE
348,B10000*,00500,00400,SALARIES
348,B10000*,00500,00500,REQUISIT
348,B10000*,00500,00800,ORGANS
348,B10000*,00500,01000,COSTS
348,B10000*,00600,00200,1
348,B10000*,00600,00300,2
348,B10000*,00600,00400,3
348,B10000*,00600,00500,3
348,B10000*,00600,00800,3
348,B10000*,00600,01000,3
348,B100000,00000,01000,X
348,S000000,00100,00100,X
348,S000000,00400,00100,2
348,S000000,00500,00100,05/26/2021
348,S000000,00600,00100,10001
348,S000000,00700,00100,N
348,S000000,00800,00100,N
348,S000000,00900,00100,11/14/2022
348,S000000,01000,00100,4
348,S000001,00100,00100,ALBANY MED COLLEGE TRANSPLANT IMMUNO
348,S000001,00100,00200,33HL05
348,S000001,00101,00100,47 NEW SCOTLAND AVE
348,S000001,00101,00200,MAIL CODE 122
348,S000001,00102,00100,ALBANY
348,S000001,00102,00200,NY
348,S000001,00102,00300,12208
348,S000001,00300,00100,01/01/2020
348,S000001,00300,00200,12/31/2020
348,S000001,00400,00100,6
348,S000001,00400,00300,2
348,S000001,00400,00400,02/26/1986
348,S000001,00401,00300,1
348,S000002,00100,00200,Y
348,S000002,00300,00100,LABORATORY DIRECTOR
348,S000002,00400,00100,05/26/2021
348,S100001,00700,00100,N
348,S100001,00810,00000,OTHER
348,S100002,00400,00100,LUMINEX CLASS I&II AB SCREEN
348,S100002,00401,00100,LUMINEX SINGLE AG CLASS I AB ID
348,S100002,00402,00100,LUMINEX SINGLE AG CLASS II AB ID
348,S100002,00403,00100,B-CELL X-MATCH  RELATED 1ST
348,S100002,00404,00100,B-CELL X-MATCH  CADAVER 1ST
348,S100002,00405,00100,T-CELL X-MATCH  RELATED  1ST XM
348,S100002,00406,00100,T-CELL X-MATCH  CADAVER  1ST
348,S100002,00407,00100,FLOW X-MATCH  DECEASED
348,S100002,00408,00100,FLOW X-MATCH  LIVING DONOR
348,S100002,00409,00100,FLOW X-MATCH  LIVING DONOR  ADD SERA
348,S100002,00410,00100,FLOW X-MATCH  DECEASED  ADD SERA
348,S100002,00411,00100,HLA TYPING  SEROLOGY  CADAVER DONOR
348,S100002,00412,00100,DR TYPING  SEROLOGY  CADAVER DONOR
348,S100002,00413,00100,DNA CAD DONOR HLA-A B C DR DQ
348,S100002,00414,00100,DNA LIVE DONOR HLA-A B C DR DQ
348,S100002,00415,00100,DNA PATIENT HLA-A B C DR DQ
348,S100003,00100,00100,MEDICAL DIRECTOR
348,S100003,00100,00300,MEDICAL DIRECTOR
348,S100003,00100,00500,LAB DIRECTOR
348,S100003,00101,00100,EXEC. DIRECTOR
348,S100003,00101,00300,PROCUREMENT COORDINATOR
348,S100003,00101,00500,TECHNICIANS
348,S100003,00102,00100,CLERICAL
348,S100003,00102,00300,PRESERVATION TECHNICIANS
348,S100003,00102,00500,TISSUE TYPING TECH.
348,S100003,00103,00100,OTHER
348,S100003,00103,00300,OTHER
348,S100003,00103,00500,OTHER
348,S200000,00100,00100,N
348,S200000,00200,00100,N
348,S200000,00300,00100,N
348,S200000,00400,00100,N
348,S200000,00500,00100,N
348,S200000,00600,00300,LAB DIRECTOR
348,S200000,00700,00100,ALBANY MEDICAL COLLEGE
349,A000000,00100,00000,0100CAPITAL COSTS-BLDG & FIXT
349,A000000,00200,00000,0200CAPITAL COSTS-MVBLE EQUIPMENT
349,A000000,00300,00000,0300EMPLOYEE BENEFITS
349,A000000,00400,00000,0400ADMINISTRATIVE & GENERAL
349,A000000,00500,00000,0500OPERATION AND MAINTENANCE OF PLANT
349,A000000,00600,00000,0600HOUSEKEEPING
349,A000000,00700,00000,0700MEDICAL SUPPLIES
349,A000000,00800,00000,0800OTHER OVERHEAD
349,A000000,00900,00000,0900PROCUREMENT COORDINATORS
349,A000000,01000,00000,1000PROFESSIONAL EDUCATION
349,A000000,01100,00000,1100PUBLIC EDUCATION
349,A000000,01200,00000,1200ORGAN ACQUISITION OVERHEAD
349,A000000,01300,00000,1300KIDNEY ACQUISITIONS
349,A000000,01400,00000,1400TISSUE TYPING LABORATORY
349,A000000,01500,00000,1500LIVER ACQUISITIONS
349,A000000,01600,00000,1600HEART ACQUISITIONS
349,A000000,01700,00000,1700PANCREAS ACQUISITIONS
349,A000000,01800,00000,1800LUNG ACQUISITIONS
349,A000000,01900,00000,1900INTESTINE        S
349,A000000,02100,00000,2100RESEARCH
349,A000000,02200,00000,2200BLOOD BANK
349,A000000,02300,00000,2300LABORATORY-NON-TISSUE TYPING
349,A000000,02400,00000,2400DIALYSIS UNITS
349,A000000,02500,00000,2500TISSUE
349,A000000,02501,00000,250125.01 FOUNDATION COSTS CENTER
349,A100000,01700,00000,TRANSPORTATION/AUTO EXPENSES
349,A100000,01800,00000,EMPLOYEE RECRUITMENT
349,A100000,01900,00000,APPLICATION/OTHER FEES
349,A100000,01901,00000,BOARD OF DIRECTORS
349,A100000,01902,00000,EQUIPMENT LEASE
349,A100000,01903,00000,DEPRECIATION EXPENSE
349,A100000,01904,00000,WEBSITE/SOFTWARE/LICENSES
349,A100000,01906,00000,LOSS ON LEASEHOLD ABANDONMENT
349,A100000,01907,00000,LOSS ON FURNITURE & FIXTURE ABANDONM
349,A20H000,02100,00000,TISSUE TYPING EXPENSE
349,A20H000,02101,00000,HEART  PRESERVATION
349,A20H000,02102,00000,TRANSPORTATION HEART/LUNG
349,A20H000,02103,00000,HEART FLY OUT COST
349,A20K000,00900,00000,KIDNEY EXCHANGE
349,A20K000,02100,00000,KIDNEY BIOPSY NEEDLES
349,A20K000,02101,00000,KIDNEY PUMPING COST
349,A20K000,02102,00000,TRANSPORTATION KIDNEY PUMPS
349,A20K000,02103,00000,OUTSIDE LABS KIDNEY BIOPSY
349,A20K000,02104,00000,OUTSIDE LAB TRANSPORTATION KIDNEY B
349,A20K000,02105,00000,TISSUE TYPING TRANSPORTATION
349,A20K000,02106,00000,IMPORT KIDNEY PUMPING SERVICE
349,A20K000,02107,00000,LABS-HLA DONOR TESTING
349,A20K000,02108,00000,LIVEONNY EMPLOYEE SURGEON
349,A20K000,02109,00000,ROUNDING
349,A20L000,02100,00000,LIVEONNY SURGEON EMPLOYEE
349,A20L000,02101,00000,LIVER BIOPSY NEEDLES
349,A20L000,02102,00000,OUTSIDE LAB LIVER BIOPOSIES
349,A20L000,02103,00000,LIVER BIOSPY TRANSPORTATION
349,A20L000,02104,00000,LIVER ACTIVASE
349,A20L000,02105,00000,ORDC BIOPSY GRANT EXPENSE
349,A20L000,02106,00000,TRANSPORATION IMPORT KIDNEY
349,A20O000,02100,00000,PRESERVATION FLYOUT SERVICE
349,A20O000,02101,00000,LIVER ACTIVASE
349,A20O000,02102,00000,ORDC BIOPSY GRANT EXPENSE
349,A20O000,02103,00000,TRANSPORATION IMPORT KIDNEY
349,A20O001,02100,00000,LIVER ACTIVASE
349,A20O001,02101,00000,ORDC BIOPSY GRANT EXPENSE
349,A20O001,02102,00000,TRANSPORATION IMPORT KIDNEY
349,A20O002,02100,00000,LIVER ACTIVASE
349,A20O002,02101,00000,ORDC BIOPSY GRANT EXPENSE
349,A20O002,02102,00000,TRANSPORATION IMPORT KIDNEY
349,A20O003,02100,00000,LIVER ACTIVASE
349,A20O003,02101,00000,ORDC BIOPSY GRANT EXPENSE
349,A20O003,02102,00000,TRANSPORATION IMPORT KIDNEY
349,A20P000,02100,00000,LIVEONNY SURGEON EMPLOYEE
349,A20P000,02101,00000,TRANSPORTATION TISSUE TYPING
349,A20U000,02100,00000,LUNG FLYOUTPRESERVATION SERVICE
349,A20U000,02101,00000,TRANSPORTATION HEART LUNG
349,A20U000,02102,00000,LUNG FLYOUT COST
349,A20U000,02103,00000,TRANSPORATION IMPORT KIDNEY
349,A400010,00100,00000,RECLASS RENT & ELECTRIC
349,A400010,00100,00100,A
349,A400010,00100,00200,CAPITAL COSTS-BLDG & FIXT
349,A400010,00100,00500,ADMINISTRATIVE & GENERAL
349,A400010,00200,00000,OPERATION & MAINTENANCE
349,A400010,00200,00100,B
349,A400010,00200,00200,CAPITAL COSTS-BLDG & FIXT
349,A400010,00200,00500,OPERATION AND MAINTENANCE OF PLANT
349,A400010,00300,00000,RECLASS MOVABLE EQUIPMENT
349,A400010,00300,00100,C
349,A400010,00300,00200,CAPITAL COSTS-MVBLE EQUIPMENT
349,A400010,00300,00500,ADMINISTRATIVE & GENERAL
349,A400010,00400,00000,ALLOCATE COST TO TISSUE FOR O/H
349,A400010,00400,00100,D
349,A400010,00400,00200,TISSUE
349,A400010,00400,00500,ORGAN ACQUISITION OVERHEAD
349,A400010,00500,00000,AMT EXCLUDED FROM TISSUE O/H ALLOCA
349,A400010,00500,00100,E
349,A400010,00500,00200,ORGAN ACQUISITION OVERHEAD
349,A400010,00500,00500,ORGAN ACQUISITION OVERHEAD
349,A400010,00600,00000,RECLASS PRESERVATION COST
349,A400010,00600,00100,F
349,A400010,00600,00200,KIDNEY ACQUISITIONS
349,A400010,00700,00000,RECLASS PRESERVATION COST
349,A400010,00700,00100,F
349,A400010,00700,00200,LIVER ACQUISITIONS
349,A400010,00800,00000,RECLASS PRESERVATION COST
349,A400010,00800,00100,F
349,A400010,00800,00200,HEART ACQUISITIONS
349,A400010,00900,00000,RECLASS PRESERVATION COST
349,A400010,00900,00100,F
349,A400010,00900,00200,PANCREAS ACQUISITIONS
349,A400010,01000,00000,RECLASS PRESERVATION COST
349,A400010,01000,00100,F
349,A400010,01000,00200,LUNG ACQUISITIONS
349,A400010,01000,00500,PROCUREMENT COORDINATORS
349,A400010,01100,00000,RECLASS PRESERVATION COST
349,A400010,01100,00100,F
349,A400010,01100,00200,INTESTINE        S
349,A400010,01100,00500,ORGAN ACQUISITION OVERHEAD
349,A400010,01200,00000,ALLOCATE CAPITAL COSTS TO TISSUE
349,A400010,01200,00100,H
349,A400010,01200,00200,TISSUE
349,A400010,01200,00500,CAPITAL COSTS-BLDG & FIXT
349,A400010,01300,00000,ALLOCATE CAPITAL COSTS TO TISSUE
349,A400010,01300,00100,H
349,A400010,01300,00200,ADMINISTRATIVE & GENERAL
349,A400010,01300,00500,CAPITAL COSTS-MVBLE EQUIPMENT
349,A400010,01400,00000,ALLOCATE CAPITAL COSTS TO TISSUE
349,A400010,01400,00100,H
349,A400010,01400,00200,25.01 FOUNDATION COSTS CENTER
349,A500010,00800,00100,B
349,A500010,00800,00300,PROCUREMENT COORDINATORS
349,A500010,01200,00100,A
349,A500010,01200,00300,ADMINISTRATIVE & GENERAL
349,A500010,01300,00100,A
349,A500010,01300,00300,ADMINISTRATIVE & GENERAL
349,A500010,01400,00100,A
349,A500010,01400,00300,ADMINISTRATIVE & GENERAL
349,A500010,01500,00000,IMPORT KIDNEY PUMPING REVENUE
349,A500010,01500,00100,B
349,A500010,01500,00300,KIDNEY ACQUISITIONS
349,A500010,01501,00000,AOPO LOBBYING ALLOCATION
349,A500010,01501,00100,A
349,A500010,01501,00300,ADMINISTRATIVE & GENERAL
349,A500010,01502,00000,AUDIT ADJUSTMENT
349,A500010,01502,00100,A
349,A500010,01502,00300,ADMINISTRATIVE & GENERAL
349,A500010,01600,00000,KIDNEY EXCHANGE REVENUE
349,A500010,01600,00100,B
349,A500010,01600,00300,KIDNEY ACQUISITIONS
349,A500010,01601,00000,PROMOTIONAL ITEM-NOT REIMBURSABLE
349,A500010,01601,00100,B
349,A500010,01601,00300,PUBLIC EDUCATION
349,A500010,01602,00000,ORGAN DONOR TRANSPORTATION
349,A500010,01602,00100,B
349,A500010,01602,00300,PROCUREMENT COORDINATORS
349,A500010,01603,00000,HEART FLY OUT COST OFFSET
349,A500010,01603,00100,A
349,A500010,01603,00300,HEART ACQUISITIONS
349,A500010,01604,00000,LUNG FLYOUT COST OFFSET
349,A500010,01604,00100,A
349,A500010,01604,00300,LUNG ACQUISITIONS
349,A51000A,00100,00100,N
349,A60000A,00700,00000,LEASEHOLD IMPROVEMENTS
349,A60000A,00701,00000,PROCUREMENT EQUIPMENT
349,A60000B,00800,00000,8    LEASEHOLD IMPROVEMENTS
349,A60000C,00500,00100,N
349,B10000*,00100,00200,CAP BLDG
349,B10000*,00100,00300,CAP COSTS
349,B10000*,00100,00400,EMPLOYEE
349,B10000*,00100,00500,MEDICAL
349,B10000*,00100,00800,ORGAN
349,B10000*,00100,01000,ADMIN &
349,B10000*,00200,00200,OP PLANT &
349,B10000*,00200,00300,MOVABLE
349,B10000*,00200,00400,BENEFITS
349,B10000*,00200,00500,SUPPLIES
349,B10000*,00200,00800,ACQUISITN
349,B10000*,00200,01000,GENERAL
349,B10000*,00300,00200,HOUSEKEEP
349,B10000*,00300,00300,EQUIPMENT
349,B10000*,00300,00800,COSTS
349,B10000*,00400,00200,SQUARE
349,B10000*,00400,00300,DOLLAR
349,B10000*,00400,00400,ADJUST
349,B10000*,00400,00500,COSTED
349,B10000*,00400,00800,NUMBER
349,B10000*,00400,01000,ACCUM
349,B10000*,00500,00200,FEET
349,B10000*,00500,00300,VALUE
349,B10000*,00500,00400,SALARIES
349,B10000*,00500,00500,REQUISIT
349,B10000*,00500,00800,ORGANS
349,B10000*,00500,01000,COSTS
349,B10000*,00600,00200,1
349,B10000*,00600,00300,2
349,B10000*,00600,00400,3
349,B10000*,00600,00500,3
349,B10000*,00600,00800,3
349,B10000*,00600,01000,3
349,B100000,00000,01000,X
349,E000000,00900,00000,OTHER CURRENT ASSETS
349,E000000,02600,00000,OTHER FIXED ASSETS
349,E000000,03100,00000,DEFERRED COMPENSATION 457B
349,E000000,03900,00000,ACCRUED EXPENSES
349,E000000,04100,00000,DUE TO MEDICARE
349,E000000,04600,00000,NOTE PAYABLE
349,E000000,04800,00000,DEFERRED COMPENSATION 457B
349,E100001,00700,00000,RESEARCH & GRANTS
349,E100001,00800,00000,IMPORT ORGAN PRESERVATION SERVI
349,E100001,00900,00000,TISSUE REVENUE
349,E100001,00901,00000,MANAGEMENT FEE
349,E100001,00902,00000,OTHER INCOME
349,E100001,00903,00000,PROGRAM SERVICES
349,E100002,00300,00000,ROUNDING
349,E100002,00800,00000,FOUNDATION COST CENTER
349,E200000,01500,00000,ROUNDING
349,E200000,02704,00000,RENT EXP ADDED TO REVENUE
349,S000000,00100,00100,X
349,S000000,00400,00100,2
349,S000000,00500,00100,05/28/2021
349,S000000,00600,00100,10001
349,S000000,00700,00100,N
349,S000000,00800,00100,N
349,S000000,00900,00100,11/14/2022
349,S000000,01000,00100,4
349,S000001,00100,00100,LIVEONNY  INC.
349,S000001,00100,00200,33P003
349,S000001,00101,00100,750 THIRD AVENUE  13TH FLOOR
349,S000001,00102,00100,NEW YORK
349,S000001,00102,00200,NY
349,S000001,00102,00300,10017
349,S000001,00300,00100,01/01/2020
349,S000001,00300,00200,12/31/2020
349,S000001,00400,00100,6
349,S000001,00400,00300,1
349,S000001,00400,00400,04/01/1979
349,S000001,00401,00300,1
349,S000002,00100,00200,Y
349,S000002,00300,00100,CFO
349,S000002,00400,00100,05/28/2021
349,S100001,00700,00100,N
349,S100001,00810,00000,INTESTINE
349,S100001,00811,00000,KID-PUMP-IMP
349,S100001,00812,00000,KIDNEY EXCHAN
349,S100001,00813,00000,RESEARCH/OTHE
349,S100001,00814,00000,FLYOUTS
349,S100001,00815,00000,DTA
349,S100001,00816,00000,SAPHENOUS
349,S100001,00817,00000,AORTOILLIAC
349,S100001,00818,00000,FEMORAL
349,S100003,00100,00100,MEDICAL DIRECTOR
349,S100003,00100,00300,MEDICAL DIRECTOR
349,S100003,00100,00500,LAB DIRECTOR
349,S100003,00101,00100,EXEC. DIRECTOR
349,S100003,00101,00300,PROCUREMENT COORDINATOR
349,S100003,00101,00500,TECHNICIANS
349,S100003,00102,00100,CLERICAL
349,S100003,00102,00300,PRESERVATION TECHNICIANS
349,S100003,00102,00500,TISSUE TYPING TECH.
349,S100003,00103,00100,OTHER
349,S100003,00103,00300,DONOR CENTER
349,S100003,00103,00500,OTHER
349,S100003,00104,00100,TRAINING & ED
349,S100003,00104,00300,TISSUE
349,S100003,00105,00300,PI & DATA
349,S100003,00106,00300,HOSPITAL SERVICES
349,S100003,00107,00300,COMMUNITY
349,S100003,00108,00300,FAMILY SERVICES
349,S200000,00100,00100,N
349,S200000,00200,00100,N
349,S200000,00300,00100,N
349,S200000,00400,00100,Y
349,S200000,00400,00200,A
349,S200000,00500,00100,N
349,S200000,00600,00300,DIR FINANCE
349,S200000,00700,00100,LIVEONNY
350,A000000,00100,00000,0100CAPITAL COSTS-BLDG & FIXT
350,A000000,00200,00000,0200CAPITAL COSTS-MVBLE EQUIPMENT
350,A000000,00300,00000,0300EMPLOYEE BENEFITS
350,A000000,00400,00000,0400ADMINISTRATIVE & GENERAL
350,A000000,00500,00000,0500OPERATION AND MAINTENANCE OF PLANT
350,A000000,00600,00000,0600HOUSEKEEPING
350,A000000,00700,00000,0700MEDICAL SUPPLIES
350,A000000,00800,00000,0800OTHER OVERHEAD
350,A000000,00900,00000,0900PROCUREMENT COORDINATORS
350,A000000,01000,00000,1000PROFESSIONAL EDUCATION
350,A000000,01100,00000,1100PUBLIC EDUCATION
350,A000000,01200,00000,1200OTHER ACQUISITION
350,A000000,01300,00000,1300KIDNEY ACQUISITIONS
350,A000000,01400,00000,1400TISSUE TYPING LABORATORY
350,A000000,01500,00000,1500LIVER ACQUISITIONS
350,A000000,01600,00000,1600HEART ACQUISITIONS
350,A000000,01700,00000,1700PANCREAS ACQUISITIONS
350,A000000,01800,00000,1800LUNG ACQUISITIONS
350,A000000,01900,00000,1900OTHER ACQUISITIONS
350,A000000,02100,00000,2100RESEARCH
350,A000000,02200,00000,2200BLOOD BANK
350,A000000,02300,00000,2300LABORATORY-NON-TISSUE TYPING
350,A000000,02400,00000,2400DIALYSIS UNITS
350,A000000,02500,00000,2500OTHER NON-REIMBURSABLE
350,A300000,00600,00000,LAB SUPPLIES
350,A300000,00601,00000,PURCHASED SERVICES
350,A300000,00602,00000,RELATED PARTY OVERHEAD BILLINGS
350,A300000,00603,00000,PURCHASED SERVICES
350,A300000,00604,00000,MEDICAL DIRECTOR
350,A300000,00605,00000,BAD DEBT
350,A300000,00606,00000,OFFICE SUPPLIES
350,A300000,00700,00000,FREIGHT
350,A500010,01500,00000,BAD DEBT
350,A500010,01500,00100,A
350,A500010,01500,00300,TISSUE TYPING LABORATORY
350,A51000A,00100,00100,Y
350,A51000B,00100,00200,TISSUE TYPING LABORATORY
350,A51000B,00100,00300,SANFORD BISMARCK
350,A51000C,00100,00100,C
350,A51000C,00100,00200,SANFORD BISMARCK
350,A51000C,00100,00400,SANFORD HEALTH
350,B10000*,00100,00200,CAP BLDG
350,B10000*,00100,00300,CAP COSTS
350,B10000*,00100,00400,EMPLOYEE
350,B10000*,00100,00500,MEDICAL
350,B10000*,00100,00800,ORGAN
350,B10000*,00100,01000,ADMIN &
350,B10000*,00200,00200,OP PLANT &
350,B10000*,00200,00300,MOVABLE
350,B10000*,00200,00400,BENEFITS
350,B10000*,00200,00500,SUPPLIES
350,B10000*,00200,00800,ACQUISITN
350,B10000*,00200,01000,GENERAL
350,B10000*,00300,00200,HOUSEKEEP
350,B10000*,00300,00300,EQUIPMENT
350,B10000*,00300,00800,COSTS
350,B10000*,00400,00200,SQUARE
350,B10000*,00400,00300,DOLLAR
350,B10000*,00400,00400,ADJUST
350,B10000*,00400,00500,COSTED
350,B10000*,00400,00800,NUMBER
350,B10000*,00400,01000,ACCUM
350,B10000*,00500,00200,FEET
350,B10000*,00500,00300,VALUE
350,B10000*,00500,00400,SALARIES
350,B10000*,00500,00500,REQUISIT
350,B10000*,00500,00800,ORGANS
350,B10000*,00500,01000,COSTS
350,B10000*,00600,00200,1
350,B10000*,00600,00300,2
350,B10000*,00600,00400,3
350,B10000*,00600,00500,3
350,B10000*,00600,00800,3
350,B10000*,00600,01000,3
350,B100000,00000,01000,X
350,S000000,00100,00100,X
350,S000000,00400,00100,2
350,S000000,00500,00100,06/10/2021
350,S000000,00600,00100,10001
350,S000000,00700,00100,N
350,S000000,00800,00100,N
350,S000000,00900,00100,11/14/2022
350,S000000,01000,00100,4
350,S000001,00100,00100,SANFORD WEST HISTOCOMPABILITY LAB
350,S000001,00100,00200,35HL01
350,S000001,00101,00100,300 NORTH 7TH STREET
350,S000001,00102,00100,BISMARCK
350,S000001,00102,00200,ND
350,S000001,00102,00300,58501
350,S000001,00200,00100,SANFORD WEST HISTOCOMPABILITY LAB
350,S000001,00200,00200,35HL01
350,S000001,00201,00100,300 NORTH 7TH STREET
350,S000001,00202,00100,BISMARCK
350,S000001,00202,00200,ND
350,S000001,00202,00300,58501
350,S000001,00300,00100,01/01/2020
350,S000001,00300,00200,12/31/2020
350,S000001,00400,00100,6
350,S000001,00400,00300,2
350,S000001,00400,00400,01/01/1990
350,S000001,00401,00300,1
350,S000002,00100,00200,Y
350,S000002,00300,00100,VICE PRESIDENT  FINANCE
350,S000002,00400,00100,05/27/2021
350,S100001,00700,00100,N
350,S100001,00810,00000,OTHER
350,S100002,00400,00100,ABO ANTI-A TITER
350,S100002,00401,00100,A  B  C TYPING (MOLECULAR)
350,S100002,00402,00100,DR  DQ TYPING (MOLECULAR)
350,S100002,00403,00100,DP TYPING (MOLECULAR)
350,S100002,00404,00100,DQA1 TYPING (MOLECULAR)
350,S100002,00405,00100,AUTO  AHG
350,S100002,00406,00100,ALLO  AHG
350,S100002,00407,00100,AUTO B
350,S100002,00408,00100,ALLO B
350,S100002,00409,00100,FLOW CYTOMETRY- T & B CELL
350,S100002,00410,00100,SINGLE AG CLASS I LUMINEX
350,S100002,00411,00100,SINGLE AG CLASS II LUMINEX
350,S100002,00412,00100,HLA-A  B  C  DR  DQA  DQB  DP TYPING
350,S100003,00100,00100,MEDICAL DIRECTOR
350,S100003,00100,00300,MEDICAL DIRECTOR
350,S100003,00100,00500,LAB DIRECTOR
350,S100003,00101,00100,EXEC. DIRECTOR
350,S100003,00101,00300,PROCUREMENT COORDINATOR
350,S100003,00101,00500,TECHNICIANS
350,S100003,00102,00100,CLERICAL
350,S100003,00102,00300,PRESERVATION TECHNICIANS
350,S100003,00102,00500,TISSUE TYPING TECH.
350,S100003,00103,00100,OTHER
350,S100003,00103,00300,OTHER
350,S100003,00103,00500,OTHER
350,S200000,00100,00100,N
350,S200000,00200,00100,N
350,S200000,00300,00100,Y
350,S200000,00400,00100,N
350,S200000,00500,00100,N
350,S200000,00600,00300,REIMBURSEMENT MANAGER
350,S200000,00700,00100,SANFORD BISMARCK
351,A000000,00100,00000,0100CAPITAL COSTS-BLDG & FIXT
351,A000000,00200,00000,0200CAPITAL COSTS-MVBLE EQUIPMENT
351,A000000,00300,00000,0300EMPLOYEE BENEFITS
351,A000000,00400,00000,0400ADMINISTRATIVE & GENERAL
351,A000000,00500,00000,0500OPERATION AND MAINTENANCE OF PLANT
351,A000000,00600,00000,0600HOUSEKEEPING
351,A000000,00700,00000,0700MEDICAL SUPPLIES
351,A000000,00800,00000,0800OTHER OVERHEAD
351,A000000,00900,00000,0900PROCUREMENT COORDINATORS
351,A000000,01000,00000,1000PROFESSIONAL EDUCATION
351,A000000,01100,00000,1100PUBLIC EDUCATION
351,A000000,01200,00000,1200BEREAVEMENT SERVICES
351,A000000,01201,00000,1201CMFE SERVICES
351,A000000,01202,00000,1202QUALITY SYSTEMS
351,A000000,01203,00000,1203DONOR REFERRAL SERVICES
351,A000000,01204,00000,1204ORGAN PRESERVATION SERVICES
351,A000000,01205,00000,1205OTHER ACQUISITION
351,A000000,01206,00000,1206MEDICAL SUPPORT SERVICES
351,A000000,01207,00000,1207TRANSPORTATION SERVICES
351,A000000,01300,00000,1300KIDNEY ACQUISITIONS
351,A000000,01400,00000,1400TISSUE TYPING LABORATORY
351,A000000,01500,00000,1500LIVER ACQUISITIONS
351,A000000,01600,00000,1600HEART ACQUISITIONS
351,A000000,01700,00000,1700PANCREAS ACQUISITIONS
351,A000000,01800,00000,1800LUNG ACQUISITIONS
351,A000000,01900,00000,1900INTESTINE ACQUISITIONS
351,A000000,01901,00000,1901VCA ACQUISITIONS
351,A000000,02100,00000,2100RESEARCH
351,A000000,02200,00000,2200BLOOD BANK
351,A000000,02300,00000,2300LABORATORY-NON-TISSUE TYPING
351,A000000,02400,00000,2400DIALYSIS UNITS
351,A000000,02500,00000,2500TISSUE SERVICES
351,A000000,02501,00000,2501DEVELOPMENT SERVICES
351,A20H000,00900,00000,OTHER EXCISION HOSPITAL COST
351,A20H000,02100,00000,OTHER ACQUISITION COSTS
351,A20K000,00900,00000,OTHER EXCISION HOSPITAL COST
351,A20K000,02100,00000,OTHER ACQUISITION COSTS
351,A20L000,00900,00000,OTHER EXCISION HOSPITAL COST
351,A20L000,02100,00000,OTHER ACQUISITION COSTS
351,A20O000,00900,00000,OTHER EXCISION HOSPITAL COST
351,A20O000,02100,00000,OTHER ACQUISITION COSTS
351,A20O001,00900,00000,OTHER EXCISION HOSPITAL COST
351,A20O001,02100,00000,OTHER ACQUISITION COSTS
351,A20P000,00900,00000,OTHER EXCISION HOSPITAL COST
351,A20P000,02100,00000,OTHER ACQUISITION COSTS
351,A20U000,00900,00000,OTHER EXCISION HOSPITAL COST
351,A20U000,02100,00000,OTHER ACQUISITION COSTS
351,A400010,00100,00000,RECLASSIFICATIONS
351,A400010,00100,00100,A
351,A400010,00100,00200,TISSUE SERVICES
351,A400010,00100,00500,PROCUREMENT COORDINATORS
351,A400010,00200,00000,RECLASSIFICATIONS
351,A400010,00200,00100,A
351,A400010,00200,00200,TISSUE SERVICES
351,A400010,00200,00500,PROFESSIONAL EDUCATION
351,A400010,00300,00000,RECLASSIFICATIONS
351,A400010,00300,00100,A
351,A400010,00300,00200,TISSUE SERVICES
351,A400010,00300,00500,PUBLIC EDUCATION
351,A400010,00400,00000,RECLASSIFICATIONS
351,A400010,00400,00100,A
351,A400010,00400,00200,TISSUE SERVICES
351,A400010,00400,00500,BEREAVEMENT SERVICES
351,A400010,00500,00000,RECLASSIFICATIONS
351,A400010,00500,00100,A
351,A400010,00500,00200,TISSUE SERVICES
351,A400010,00500,00500,CMFE SERVICES
351,A400010,00600,00000,RECLASSIFICATIONS
351,A400010,00600,00100,A
351,A400010,00600,00200,TISSUE SERVICES
351,A400010,00600,00500,QUALITY SYSTEMS
351,A400010,00700,00000,RECLASSIFICATIONS
351,A400010,00700,00100,A
351,A400010,00700,00200,TISSUE SERVICES
351,A400010,00700,00500,DONOR REFERRAL SERVICES
351,A400010,00800,00000,RECLASSIFICATIONS
351,A400010,00800,00100,A
351,A400010,00800,00200,TISSUE SERVICES
351,A400010,00800,00500,ORGAN PRESERVATION SERVICES
351,A400010,00900,00000,RECLASSIFICATIONS
351,A400010,00900,00100,A
351,A400010,00900,00200,TISSUE SERVICES
351,A400010,00900,00500,MEDICAL SUPPORT SERVICES
351,A400010,01000,00000,RECLASSIFICATIONS
351,A400010,01000,00100,A
351,A400010,01000,00200,TISSUE SERVICES
351,A400010,01000,00500,TRANSPORTATION SERVICES
351,A400010,01100,00000,RECLASSIFICATIONS
351,A400010,01100,00100,A
351,A400010,01100,00200,PROCUREMENT COORDINATORS
351,A400010,01100,00500,ADMINISTRATIVE & GENERAL
351,A400010,01200,00000,RECLASSIFICATIONS
351,A400010,01200,00100,A
351,A400010,01200,00200,PROFESSIONAL EDUCATION
351,A400010,01200,00500,ADMINISTRATIVE & GENERAL
351,A400010,01300,00000,RECLASSIFICATIONS
351,A400010,01300,00100,A
351,A400010,01300,00200,PUBLIC EDUCATION
351,A400010,01300,00500,ADMINISTRATIVE & GENERAL
351,A400010,01400,00000,RECLASSIFICATIONS
351,A400010,01400,00100,A
351,A400010,01400,00200,BEREAVEMENT SERVICES
351,A400010,01400,00500,ADMINISTRATIVE & GENERAL
351,A400010,01500,00000,RECLASSIFICATIONS
351,A400010,01500,00100,A
351,A400010,01500,00200,CMFE SERVICES
351,A400010,01500,00500,ADMINISTRATIVE & GENERAL
351,A400010,01600,00000,RECLASSIFICATIONS
351,A400010,01600,00100,A
351,A400010,01600,00200,QUALITY SYSTEMS
351,A400010,01600,00500,ADMINISTRATIVE & GENERAL
351,A400010,01700,00000,RECLASSIFICATIONS
351,A400010,01700,00100,A
351,A400010,01700,00200,DONOR REFERRAL SERVICES
351,A400010,01700,00500,ADMINISTRATIVE & GENERAL
351,A400010,01800,00000,RECLASSIFICATIONS
351,A400010,01800,00100,A
351,A400010,01800,00200,ORGAN PRESERVATION SERVICES
351,A400010,01800,00500,ADMINISTRATIVE & GENERAL
351,A400010,01900,00000,RECLASSIFICATIONS
351,A400010,01900,00100,A
351,A400010,01900,00200,MEDICAL SUPPORT SERVICES
351,A400010,01900,00500,ADMINISTRATIVE & GENERAL
351,A400010,02000,00000,RECLASSIFICATIONS
351,A400010,02000,00100,A
351,A400010,02000,00200,TRANSPORTATION SERVICES
351,A400010,02000,00500,ADMINISTRATIVE & GENERAL
351,A400010,02100,00000,RECLASSIFICATIONS
351,A400010,02100,00100,A
351,A400010,02100,00200,TISSUE SERVICES
351,A400010,02100,00500,ADMINISTRATIVE & GENERAL
351,A400010,02200,00000,RECLASSIFICATIONS
351,A400010,02200,00100,A
351,A400010,02200,00200,TISSUE SERVICES
351,A400010,02200,00500,ADMINISTRATIVE & GENERAL
351,A500010,00700,00100,A
351,A500010,00700,00300,ADMINISTRATIVE & GENERAL
351,A500010,01200,00100,A
351,A500010,01200,00300,ADMINISTRATIVE & GENERAL
351,A500010,01500,00000,CALL CENTER INCOME
351,A500010,01500,00100,A
351,A500010,01500,00300,DONOR REFERRAL SERVICES
351,A500010,01600,00000,LOBBYING COST
351,A500010,01600,00100,A
351,A500010,01600,00300,ADMINISTRATIVE & GENERAL
351,A500010,01601,00000,NON-ALLOWABLE EXPENSES
351,A500010,01601,00100,A
351,A500010,01601,00300,ADMINISTRATIVE & GENERAL
351,A500010,01602,00000,SPONSORSHIPS
351,A500010,01602,00100,A
351,A500010,01602,00300,ADMINISTRATIVE & GENERAL
351,A500010,01603,00000,PROFESSIONAL SERVICE-REINHARDT
351,A500010,01603,00100,A
351,A500010,01603,00300,PROFESSIONAL EDUCATION
351,A51000A,00100,00100,N
351,A60000A,00700,00000,BUILDING IMPROVEMENTS
351,A60000A,00701,00000,SOFTWARE
351,A60000A,00702,00000,FURNITURE
351,A60000A,00703,00000,DEFERRED FINANCING
351,A60000B,00800,00000,SOFTWARE
351,A60000B,00801,00000,FURNITURE
351,A60000B,00802,00000,DEFERRED FINANCING
351,B10000*,00100,00200,CAP BLDG
351,B10000*,00100,00300,CAP COSTS
351,B10000*,00100,00400,EMPLOYEE
351,B10000*,00100,00500,MEDICAL
351,B10000*,00100,00800,ORGAN
351,B10000*,00100,01000,ADMIN &
351,B10000*,00200,00200,OP PLANT &
351,B10000*,00200,00300,MOVABLE
351,B10000*,00200,00400,BENEFITS
351,B10000*,00200,00500,SUPPLIES
351,B10000*,00200,00800,ACQUISITN
351,B10000*,00200,01000,GENERAL
351,B10000*,00300,00200,HOUSEKEEP
351,B10000*,00300,00300,EQUIPMENT
351,B10000*,00300,00800,COSTS
351,B10000*,00400,00200,SQUARE
351,B10000*,00400,00300,DOLLAR
351,B10000*,00400,00400,ADJUST
351,B10000*,00400,00500,COSTED
351,B10000*,00400,00800,NUMBER
351,B10000*,00400,01000,ACCUM
351,B10000*,00500,00200,FEET
351,B10000*,00500,00300,VALUE
351,B10000*,00500,00400,SALARIES
351,B10000*,00500,00500,REQUISIT
351,B10000*,00500,00800,ORGANS
351,B10000*,00500,01000,COSTS
351,B10000*,00600,00200,1
351,B10000*,00600,00300,2
351,B10000*,00600,00400,3
351,B10000*,00600,00500,3
351,B10000*,00600,00800,3
351,B10000*,00600,01000,3
351,B100000,00000,01000,X
351,E000000,00900,00000,OTHER CURRENT ASSETS
351,E000000,02600,00000,OTHER FIXED ASSETS NOT LABELED ABOVE
351,E000000,04600,00000,CHANGE IN VALUE INTEREST RATE SWAP
351,E200000,02000,00000,OTHER INCOME
351,E200000,02100,00000,TISSUE INCOME
351,S000000,00100,00100,X
351,S000000,00400,00100,2
351,S000000,00500,00100,05/28/2021
351,S000000,00600,00100,10001
351,S000000,00700,00100,N
351,S000000,00800,00100,N
351,S000000,00900,00100,11/14/2022
351,S000000,01000,00100,4
351,S000001,00100,00100,LIFEBANC
351,S000001,00100,00200,36P002
351,S000001,00101,00100,4775 RICHMOND ROAD
351,S000001,00102,00100,CLEVELAND
351,S000001,00102,00200,OH
351,S000001,00102,00300,44128
351,S000001,00300,00100,01/01/2020
351,S000001,00300,00200,12/31/2020
351,S000001,00400,00100,6
351,S000001,00400,00300,1
351,S000001,00400,00400,08/01/1986
351,S000001,00401,00300,1
351,S000002,00100,00200,Y
351,S000002,00300,00100,DIRECTOR OF FINANCE
351,S000002,00400,00100,05/27/2021
351,S100001,00700,00100,N
351,S100001,00810,00000,OTHER TISSUES
351,S100001,00811,00000,INTESTINE
351,S100001,00812,00000,VCA
351,S100003,00100,00100,MEDICAL DIRECTOR
351,S100003,00100,00300,MEDICAL DIRECTOR
351,S100003,00100,00500,LAB DIRECTOR
351,S100003,00101,00100,EXEC. DIRECTOR
351,S100003,00101,00300,PROCUREMENT COORDINATOR
351,S100003,00101,00500,TECHNICIANS
351,S100003,00102,00100,CLERICAL
351,S100003,00102,00300,PRESERVATION TECHNICIANS
351,S100003,00102,00500,TISSUE TYPING TECH.
351,S100003,00103,00100,OTHER
351,S100003,00103,00300,OTHER
351,S100003,00103,00500,OTHER
351,S200000,00100,00100,N
351,S200000,00200,00100,N
351,S200000,00300,00100,N
351,S200000,00400,00100,Y
351,S200000,00400,00200,A
351,S200000,00400,00300,06/14/2021
351,S200000,00500,00100,N
351,S200000,00600,00300,DIRECTOR OF FINANCE
351,S200000,00700,00100,LIFEBANC
352,A000000,00100,00000,0100CAPITAL COSTS-BLDG & FIXT
352,A000000,00200,00000,0200CAPITAL COSTS-MVBLE EQUIPMENT
352,A000000,00300,00000,0300EMPLOYEE BENEFITS
352,A000000,00400,00000,0400ADMINISTRATIVE & GENERAL
352,A000000,00500,00000,0500OPERATION AND MAINTENANCE OF PLANT
352,A000000,00600,00000,0600HOUSEKEEPING
352,A000000,00700,00000,0700MEDICAL SUPPLIES
352,A000000,00800,00000,0800OTHER OVERHEAD
352,A000000,00900,00000,0900PROCUREMENT COORDINATORS
352,A000000,01000,00000,1000PROFESSIONAL EDUCATION
352,A000000,01100,00000,1100PUBLIC EDUCATION
352,A000000,01200,00000,1200REFERRAL CENTER
352,A000000,01300,00000,1300KIDNEY ACQUISITIONS
352,A000000,01400,00000,1400TISSUE TYPING LABORATORY
352,A000000,01500,00000,1500LIVER ACQUISITIONS
352,A000000,01600,00000,1600HEART ACQUISITIONS
352,A000000,01700,00000,1700PANCREAS ACQUISITIONS
352,A000000,01800,00000,1800LUNG ACQUISITIONS
352,A000000,01900,00000,1900SMALL BOWEL
352,A000000,02100,00000,2100RESEARCH
352,A000000,02200,00000,2200BLOOD BANK
352,A000000,02300,00000,2300LABORATORY-NON-TISSUE TYPING
352,A000000,02400,00000,2400DIALYSIS UNITS
352,A000000,02500,00000,2500TISSUE
352,A000000,02501,00000,2501MEMORIAL
352,A100000,01700,00000,OTHER
352,A100000,01800,00000,NONREIMBURSEABLE
352,A100000,01900,00000,CONSULTING
352,A100000,01901,00000,PURCHASED SERVICES
352,A100000,01902,00000,DUES/SUBSCRIPTIONS
352,A100000,01903,00000,SPECIALITY ITEMS
352,A20H000,00900,00000,OTHER HOSPITAL EXCISION COSTS
352,A20H000,00901,00000,DONOR HOSPITAL CHARGES ACCRUAL
352,A20H000,02100,00000,OTHER PROFESSIONAL FEES
352,A20K000,00900,00000,OTHER HOSPITAL EXCISION COSTS
352,A20K000,00901,00000,DONOR HOSPITAL CHARGES ACCRUAL
352,A20K000,02100,00000,OTHER PROFESSIONAL FEES
352,A20L000,00900,00000,OTHER HOSPITAL EXCISION COSTS
352,A20L000,00901,00000,DONOR HOSPITAL CHARGES ACCRUAL
352,A20L000,02100,00000,OTHER PROFESSIONAL FEES
352,A20P000,00900,00000,OTHER HOSPITAL EXCISION COSTS
352,A20P000,00901,00000,DONOR HOSPITAL CHARGES ACCRUAL
352,A20P000,02100,00000,OTHER PROFESSIONAL FEES
352,A20U000,00900,00000,OTHER HOSPITAL EXCISION COSTS
352,A20U000,00901,00000,DONOR HOSPITAL CHARGES ACCRUAL
352,A20U000,02100,00000,OTHER PROFESSIONAL FEES
352,A400010,00100,00000,RECLASSIFICATIONS
352,A400010,00100,00100,A
352,A400010,00100,00200,TISSUE
352,A400010,00100,00500,PROCUREMENT COORDINATORS
352,A400010,00200,00000,RECLASSIFICATIONS
352,A400010,00200,00100,A
352,A400010,00200,00200,TISSUE
352,A400010,00200,00500,PROFESSIONAL EDUCATION
352,A400010,00300,00000,RECLASSIFICATIONS
352,A400010,00300,00100,A
352,A400010,00300,00200,TISSUE
352,A400010,00300,00500,PUBLIC EDUCATION
352,A400010,00400,00000,RECLASSIFICATIONS
352,A400010,00400,00100,A
352,A400010,00400,00200,TISSUE
352,A400010,00400,00500,REFERRAL CENTER
352,A400010,00500,00000,RECLASSIFICATIONS
352,A400010,00500,00100,A
352,A400010,00500,00200,ADMINISTRATIVE & GENERAL
352,A400010,00500,00500,EMPLOYEE BENEFITS
352,A500010,00700,00100,B
352,A500010,00700,00300,CAPITAL COSTS-BLDG & FIXT
352,A500010,00800,00100,B
352,A500010,00800,00300,PROCUREMENT COORDINATORS
352,A500010,01500,00000,IMPORT REVENUE
352,A500010,01500,00100,B
352,A500010,01500,00300,PROCUREMENT COORDINATORS
352,A500010,01501,00000,OTHER ORGAN
352,A500010,01501,00100,B
352,A500010,01501,00300,PROCUREMENT COORDINATORS
352,A500010,01502,00000,LOBBYING
352,A500010,01502,00100,A
352,A500010,01502,00300,ADMINISTRATIVE & GENERAL
352,A500010,01503,00000,CALL CENTER FEES
352,A500010,01503,00100,B
352,A500010,01503,00300,REFERRAL CENTER
352,A500010,01504,00000,PPP (PAYCHECK PROTECTION PROG) LOAN
352,A500010,01504,00100,A
352,A500010,01504,00300,CAPITAL COSTS-BLDG & FIXT
352,A500010,01505,00000,PPP (PAYCHECK PROTECTION PROG) LOAN
352,A500010,01505,00100,A
352,A500010,01505,00300,CAPITAL COSTS-MVBLE EQUIPMENT
352,A500010,01506,00000,PPP (PAYCHECK PROTECTION PROG) LOAN
352,A500010,01506,00100,A
352,A500010,01506,00300,EMPLOYEE BENEFITS
352,A500010,01507,00000,PPP (PAYCHECK PROTECTION PROG) LOAN
352,A500010,01507,00100,A
352,A500010,01507,00300,ADMINISTRATIVE & GENERAL
352,A500010,01508,00000,PPP (PAYCHECK PROTECTION PROG) LOAN
352,A500010,01508,00100,A
352,A500010,01508,00300,PROCUREMENT COORDINATORS
352,A500010,01509,00000,PPP (PAYCHECK PROTECTION PROG) LOAN
352,A500010,01509,00100,A
352,A500010,01509,00300,PROFESSIONAL EDUCATION
352,A500010,01510,00000,PPP (PAYCHECK PROTECTION PROG) LOAN
352,A500010,01510,00100,A
352,A500010,01510,00300,PUBLIC EDUCATION
352,A500010,01511,00000,PPP (PAYCHECK PROTECTION PROG) LOAN
352,A500010,01511,00100,A
352,A500010,01511,00300,REFERRAL CENTER
352,A500010,01512,00000,PPP (PAYCHECK PROTECTION PROG) LOAN
352,A500010,01512,00100,A
352,A500010,01512,00300,TISSUE
352,A500010,01600,00000,NONREIMBURSEABLE EXPENSES
352,A500010,01600,00100,A
352,A500010,01600,00300,ADMINISTRATIVE & GENERAL
352,A51000A,00100,00100,N
352,A60000A,00700,00000,PROJECTS IN PROGRESS
352,A60000C,00500,00100,N
352,B10000*,00100,00200,CAP BLDG
352,B10000*,00100,00300,CAP COSTS
352,B10000*,00100,00400,EMPLOYEE
352,B10000*,00100,00500,MEDICAL
352,B10000*,00100,00800,ORGAN
352,B10000*,00100,01000,ADMIN &
352,B10000*,00200,00200,OP PLANT &
352,B10000*,00200,00300,MOVABLE
352,B10000*,00200,00400,BENEFITS
352,B10000*,00200,00500,SUPPLIES
352,B10000*,00200,00800,ACQUISITN
352,B10000*,00200,01000,GENERAL
352,B10000*,00300,00200,HOUSEKEEP
352,B10000*,00300,00300,EQUIPMENT
352,B10000*,00300,00800,COSTS
352,B10000*,00400,00200,SQUARE
352,B10000*,00400,00300,DOLLAR
352,B10000*,00400,00400,ADJUST
352,B10000*,00400,00500,COSTED
352,B10000*,00400,00800,NUMBER
352,B10000*,00400,01000,ACCUM
352,B10000*,00500,00200,FEET
352,B10000*,00500,00300,VALUE
352,B10000*,00500,00400,SALARIES
352,B10000*,00500,00500,REQUISIT
352,B10000*,00500,00800,ORGANS
352,B10000*,00500,01000,COSTS
352,B10000*,00600,00200,1
352,B10000*,00600,00300,2
352,B10000*,00600,00400,3
352,B10000*,00600,00500,3
352,B10000*,00600,00800,3
352,B10000*,00600,01000,3
352,B100000,00000,01000,X
352,E000000,00900,00000,MEDICARE RECEIVABLE
352,E000000,02600,00000,OTHER FIXED ASSETS
352,E000000,03100,00000,INVESTMENT IN SUPPORTING ORG
352,E000000,04600,00000,DEFERRED LEASE INCENTIVE
352,E000000,04700,00000,DEFERRED COMPENSATION
352,E100001,00700,00000,TISSUE REVENUE
352,E100001,00800,00000,RESEARCH REVENUE
352,E100001,00900,00000,MEDICARE RECEIVABLE FROM PRIOR YEARS
352,E100001,00901,00000,MEDICARE RECEIVABLE 2020 ESTIMATE
352,E200000,02000,00000,LIFECENTER MEMORIAL
352,E200000,02100,00000,OTHER MISC INCOME
352,E200000,02200,00000,COMM CENTER INCOME
352,E200000,02300,00000,LEASE INCOME
352,S000000,00100,00100,X
352,S000000,00400,00100,2
352,S000000,00500,00100,06/08/2021
352,S000000,00600,00100,10001
352,S000000,00700,00100,N
352,S000000,00800,00100,N
352,S000000,00900,00100,11/14/2022
352,S000000,01000,00100,4
352,S000001,00100,00100,LIFECENTER ORGAN DONOR NETWORK
352,S000001,00100,00200,36P003
352,S000001,00101,00100,615 ELSINORE PLACE  SUITE 400
352,S000001,00102,00100,CINCINNATI
352,S000001,00102,00200,OH
352,S000001,00102,00300,45202
352,S000001,00300,00100,01/01/2020
352,S000001,00300,00200,12/31/2020
352,S000001,00400,00100,2
352,S000001,00400,00300,1
352,S000001,00400,00400,05/06/1983
352,S000001,00401,00100,6
352,S000001,00401,00300,1
352,S000002,00100,00200,Y
352,S000002,00300,00100,FINANCE & ACCOUNTING MANAGER
352,S000002,00400,00100,05/26/2021
352,S100001,00700,00100,N
352,S100001,00810,00000,OTHER - VEINS
352,S100003,00100,00100,MEDICAL DIRECTOR
352,S100003,00100,00300,MEDICAL DIRECTOR
352,S100003,00100,00500,LAB DIRECTOR
352,S100003,00101,00100,EXEC. DIRECTOR
352,S100003,00101,00300,PROCUREMENT COORDINATOR
352,S100003,00101,00500,TECHNICIANS
352,S100003,00102,00100,CLERICAL
352,S100003,00102,00300,PRESERVATION TECHNICIANS
352,S100003,00102,00500,TISSUE TYPING TECH.
352,S100003,00103,00100,OTHER
352,S100003,00103,00300,OTHER
352,S100003,00103,00500,OTHER
352,S200000,00100,00100,N
352,S200000,00200,00100,N
352,S200000,00300,00100,N
352,S200000,00400,00100,Y
352,S200000,00400,00200,A
352,S200000,00500,00100,N
352,S200000,00600,00300,FINANCE & ACCOUNTING MANAGER
352,S200000,00700,00100,LIFECENTER ORGAN DONOR NETWORK
353,A000000,00100,00000,0100CAPITAL COSTS-BLDG & FIXT
353,A000000,00200,00000,0200CAPITAL COSTS-MVBLE EQUIPMENT
353,A000000,00300,00000,0300EMPLOYEE BENEFITS
353,A000000,00400,00000,0400ADMINISTRATIVE & GENERAL
353,A000000,00500,00000,0500OPERATION AND MAINTENANCE OF PLANT
353,A000000,00600,00000,0600HOUSEKEEPING
353,A000000,00700,00000,0700MEDICAL SUPPLIES
353,A000000,00800,00000,0800OTHER OVERHEAD
353,A000000,00900,00000,0900PROCUREMENT COORDINATORS
353,A000000,01000,00000,1000PROFESSIONAL EDUCATION
353,A000000,01100,00000,1100PUBLIC EDUCATION
353,A000000,01200,00000,1200REFERRAL CENTER
353,A000000,01300,00000,1300KIDNEY ACQUISITIONS
353,A000000,01400,00000,1400TISSUE TYPING LABORATORY
353,A000000,01500,00000,1500LIVER ACQUISITIONS
353,A000000,01600,00000,1600HEART ACQUISITIONS
353,A000000,01700,00000,1700PANCREAS ACQUISITIONS
353,A000000,01800,00000,1800LUNG ACQUISITIONS
353,A000000,01900,00000,1900OTHER ACQUISITIONS
353,A000000,02100,00000,2100RESEARCH
353,A000000,02200,00000,2200BLOOD BANK
353,A000000,02300,00000,2300LABORATORY-NON-TISSUE TYPING
353,A000000,02400,00000,2400DIALYSIS UNITS
353,A000000,02500,00000,2500TISSUE
353,A000000,02501,00000,2501PLACENTA ACQUISITION
353,A100000,01700,00000,OTHER ADMIN AND GENERAL
353,A100000,01800,00000,BANK/INVEST FEES
353,A100000,01900,00000,CONSULTING FEES
353,A100000,01901,00000,DUES/SUBSCRIPTIONS
353,A100000,01902,00000,POSTAGE/SHIPPING
353,A20H000,00900,00000,OTHER HOSPITAL EXCISION COSTS
353,A20H000,00901,00000,DONOR HOSPITAL CHARGES ACCRUAL
353,A20H000,02100,00000,OTHER ACQUISITION COSTS MISC
353,A20H000,02101,00000,OTHER PROFESSIONAL FEES
353,A20K000,00900,00000,OTHER HOSPITAL EXCISION COSTS
353,A20K000,00901,00000,DONOR HOSPITAL ACCRUAL
353,A20K000,02100,00000,OTHER PROFESSIONAL FEES
353,A20K000,02101,00000,OTHER ACQUISITION
353,A20L000,00900,00000,OTHER HOSPITAL EXCISION COSTS
353,A20L000,00901,00000,DONOR HOSPITAL CHARGES ACCRUAL
353,A20L000,02100,00000,OTHER ACQUISITION COSTS MISC
353,A20L000,02101,00000,OTHER PROFESSIONAL FEES
353,A20O000,00900,00000,OTHER HOSPITAL EXCISION COSTS
353,A20O000,00901,00000,DONOR HOSPITAL CHARGES ACCRUAL
353,A20O000,02100,00000,OTHER ACQUISITION CHARGES
353,A20P000,00900,00000,OTHER HOSPITAL EXCISION COSTS
353,A20P000,00901,00000,DONOR HOSPITAL CHARGES ACCRUAL
353,A20P000,02100,00000,OTHER PROFESSIONAL FEES
353,A20P000,02101,00000,OTHER ACQUISITION COSTS MISC
353,A20U000,00900,00000,DONOR HOSPITAL EXCISION COSTS
353,A20U000,00901,00000,DONOR HOSPITAL CHARGES ACCRUAL
353,A20U000,02100,00000,OTHER ACQUISITION COSTS MISC
353,A20U000,02101,00000,OTHER PROFESSIONAL FEES
353,A400010,00100,00000,RECLASSIFICATIONS
353,A400010,00100,00100,A
353,A400010,00100,00200,TISSUE
353,A400010,00100,00500,PROCUREMENT COORDINATORS
353,A400010,00200,00000,RECLASSIFICATIONS
353,A400010,00200,00100,A
353,A400010,00200,00200,TISSUE
353,A400010,00200,00500,PROFESSIONAL EDUCATION
353,A400010,00300,00000,RECLASSIFICATIONS
353,A400010,00300,00100,A
353,A400010,00300,00200,TISSUE
353,A400010,00300,00500,PUBLIC EDUCATION
353,A400010,00400,00000,RECLASSIFICATIONS
353,A400010,00400,00100,A
353,A400010,00400,00200,TISSUE
353,A400010,00400,00500,REFERRAL CENTER
353,A400010,00500,00000,EMPLOYEE BENEFITS
353,A400010,00500,00100,B
353,A400010,00500,00200,ADMINISTRATIVE & GENERAL
353,A400010,00500,00500,EMPLOYEE BENEFITS
353,A500010,00800,00100,A
353,A500010,00800,00300,PROCUREMENT COORDINATORS
353,A500010,01500,00000,DIRECTED CONTRIBUTIONS
353,A500010,01500,00100,B
353,A500010,01500,00300,PUBLIC EDUCATION
353,A500010,01600,00000,LOBBYING FEES
353,A500010,01600,00100,A
353,A500010,01600,00300,ADMINISTRATIVE & GENERAL
353,A500010,01601,00000,NONREIMBURSEABLE
353,A500010,01601,00100,A
353,A500010,01601,00300,ADMINISTRATIVE & GENERAL
353,A51000A,00100,00100,N
353,A60000A,00700,00000,LEASEHOLD IMPROVEMENTS
353,A60000A,00701,00000,PROJECTS IN PROGRESS
353,A60000B,00800,00000,LEASEHOLD IMPROVEMENTS
353,A60000C,00500,00100,N
353,B10000*,00100,00200,CAP BLDG
353,B10000*,00100,00300,CAP COSTS
353,B10000*,00100,00400,EMPLOYEE
353,B10000*,00100,00500,MEDICAL
353,B10000*,00100,00800,ORGAN
353,B10000*,00100,01000,ADMIN &
353,B10000*,00200,00200,OP PLANT &
353,B10000*,00200,00300,MOVABLE
353,B10000*,00200,00400,BENEFITS
353,B10000*,00200,00500,SUPPLIES
353,B10000*,00200,00800,ACQUISITN
353,B10000*,00200,01000,GENERAL
353,B10000*,00300,00200,HOUSEKEEP
353,B10000*,00300,00300,EQUIPMENT
353,B10000*,00300,00800,COSTS
353,B10000*,00400,00200,SQUARE
353,B10000*,00400,00300,SQUARE
353,B10000*,00400,00400,ADJUST
353,B10000*,00400,00500,COSTED
353,B10000*,00400,00800,NUMBER
353,B10000*,00400,01000,ACCUM
353,B10000*,00500,00200,FEET
353,B10000*,00500,00300,FEET
353,B10000*,00500,00400,SALARIES
353,B10000*,00500,00500,REQUISIT
353,B10000*,00500,00800,ORGANS
353,B10000*,00500,01000,COSTS
353,B10000*,00600,00200,1
353,B10000*,00600,00300,2
353,B10000*,00600,00400,3
353,B10000*,00600,00500,3
353,B10000*,00600,00800,3
353,B10000*,00600,01000,3
353,B100000,00000,01000,X
353,E000000,00900,00000,ESTIMATED MEDICARE RECIEVABLE
353,E000000,02600,00000,PROJECTS IN PROGRESS
353,E000000,03100,00000,INV IN SUPP ORG
353,E000000,03900,00000,ACCRUED EXPENSES
353,E000000,04100,00000,DEFERRED COMP
353,E000000,04600,00000,INTREST RATE SWAP LIABILITY
353,E100001,00700,00000,TISSUE REVENUE
353,E100001,00800,00000,RESEARCH REVENUE
353,E100001,00900,00000,MEDICARE RECEIVABLE ESTIMATE
353,E100001,00901,00000,PLACENTA ACQUISITION
353,E200000,02000,00000,MISCELLANEOUS
353,E200000,02100,00000,GAIN ON INVESTMENTS
353,E200000,02200,00000,INCREASE IN TEMP RESTRICTED ASSETS
353,E200000,02600,00000,LOSS ON INVEST IN SUPPORT ORG
353,S000000,00100,00100,X
353,S000000,00400,00100,2
353,S000000,00500,00100,05/27/2021
353,S000000,00600,00100,10001
353,S000000,00700,00100,N
353,S000000,00800,00100,N
353,S000000,00900,00100,11/14/2022
353,S000000,01000,00100,4
353,S000001,00100,00100,LIFELINE OF OHIO ORGAN PROCUREMENT
353,S000001,00100,00200,36P005
353,S000001,00101,00100,770 KINNEAR ROAD
353,S000001,00102,00100,COLUMBUS
353,S000001,00102,00200,OH
353,S000001,00102,00300,43212
353,S000001,00300,00100,01/01/2020
353,S000001,00300,00200,12/31/2020
353,S000001,00400,00100,2
353,S000001,00400,00300,1
353,S000001,00400,00400,10/01/1984
353,S000001,00401,00100,6
353,S000001,00401,00300,1
353,S100001,00700,00100,N
353,S100001,00810,00000,SMALL BOWEL
353,S100001,00811,00000,VEINS
353,S100001,00812,00000,PLACENTA
353,S100003,00100,00100,MEDICAL DIRECTOR
353,S100003,00100,00300,MEDICAL DIRECTOR
353,S100003,00100,00500,LAB DIRECTOR
353,S100003,00101,00100,EXEC. DIRECTOR
353,S100003,00101,00300,PROCUREMENT COORDINATOR
353,S100003,00101,00500,TECHNICIANS
353,S100003,00102,00100,CLERICAL
353,S100003,00102,00300,PRESERVATION TECHNICIANS
353,S100003,00102,00500,TISSUE TYPING TECH.
353,S100003,00103,00100,OTHER
353,S100003,00103,00300,OTHER
353,S100003,00103,00500,OTHER
353,S200000,00100,00100,N
353,S200000,00200,00100,N
353,S200000,00300,00100,N
353,S200000,00400,00100,Y
353,S200000,00400,00200,A
353,S200000,00500,00100,Y
353,S200000,00600,00300,CHIEF FINANCIAL OFFICER
353,S200000,00700,00100,LIFELINE OF OHIO
354,A000000,00100,00000,0100CAPITAL COSTS-BLDG & FIXT
354,A000000,00200,00000,0200CAPITAL COSTS-MVBLE EQUIPMENT
354,A000000,00300,00000,0300EMPLOYEE BENEFITS
354,A000000,00400,00000,0400ADMINISTRATIVE & GENERAL
354,A000000,00500,00000,0500OPERATION AND MAINTENANCE OF PLANT
354,A000000,00600,00000,0600HOUSEKEEPING
354,A000000,00700,00000,0700MEDICAL SUPPLIES
354,A000000,00800,00000,0800OTHER OVERHEAD
354,A000000,00900,00000,0900PROCUREMENT COORDINATORS
354,A000000,01000,00000,1000PROFESSIONAL EDUCATION
354,A000000,01100,00000,1100PUBLIC EDUCATION
354,A000000,01200,00000,1200CALL CENTER
354,A000000,01201,00000,120112.01 OTHER ACQUISITION COSTS
354,A000000,01300,00000,1300KIDNEY ACQUISITIONS
354,A000000,01400,00000,1400TISSUE TYPING LABORATORY
354,A000000,01500,00000,1500LIVER ACQUISITIONS
354,A000000,01600,00000,1600HEART ACQUISITIONS
354,A000000,01700,00000,1700PANCREAS ACQUISITIONS
354,A000000,01800,00000,1800LUNG ACQUISITIONS
354,A000000,01900,00000,1900SMALL BOWEL      S
354,A000000,01902,00000,1902HEART/LUNG       S 3
354,A000000,02100,00000,2100RESEARCH
354,A000000,02200,00000,2200BLOOD BANK
354,A000000,02300,00000,2300LABORATORY-NON-TISSUE TYPING
354,A000000,02400,00000,2400DIALYSIS UNITS
354,A000000,02500,00000,2500TISSUE RECOVERY
354,A100000,01900,00000,COMPUTER EQUIP & SOFTWARE
354,A100000,01901,00000,BANK SVC CHARGES
354,A100000,01902,00000,LATE FEES & MISCELLANEOUS CHARGES
354,A100000,01903,00000,POSTAGE & SHIPPING
354,A100000,01904,00000,DUES & SUBSCRIPTIONS
354,A100000,01905,00000,LOBBYING EXPENSE
354,A100000,01906,00000,CONSULTING
354,A100000,01907,00000,LEASED VEHICLE EXPENSES
354,A100000,01908,00000,MILEAGE & PARKING
354,A100000,01909,00000,DEPRECIATION & AMORTIZATION
354,A100000,01910,00000,BOARD OF DIRECTORS
354,A100000,01911,00000,UNIFORMS
354,A100000,01912,00000,MINOR OFFICE EQUIPMENT
354,A100000,01913,00000,MISCELLANEOUS
354,A100000,01914,00000,PRINTING COSTS
354,A100000,01915,00000,TEMPORARY OFFICE HELP
354,A100000,01916,00000,EMPLOYEE INSURANCE
354,A100000,01917,00000,PAYROLL TAXES
354,A100000,01918,00000,OTHER EMPLOYEE BENEFITS
354,A20H000,00900,00000,BLOOD SUPPLIES
354,A20H000,00901,00000,PATHOLOGY
354,A20H000,00902,00000,OTHER EXCISION COSTS
354,A20H000,00903,00000,DONOR HOSPITAL ACCRUALS
354,A20H000,02100,00000,SEROLOGY & MICROBIOLOGY
354,A20H000,02101,00000,LAB SUPPLIES
354,A20H000,02102,00000,AMBR BILLING
354,A20H000,02103,00000,OTHER PROFESSIONAL FEES
354,A20H000,02104,00000,OTHER ACQUISITION COSTS
354,A20K000,00900,00000,BLOOD SUPPLIES
354,A20K000,00901,00000,PATHOLOGY
354,A20K000,00902,00000,OTHER EXCISION COSTS
354,A20K000,00903,00000,DONOR HOSPITAL ACCRUALS
354,A20K000,02100,00000,SEROLOGY & MICROBIOLOGY
354,A20K000,02101,00000,LAB SUPPLIES
354,A20K000,02102,00000,AMBR BILLING
354,A20K000,02103,00000,OTHER PROFESSIONAL FEES
354,A20K000,02104,00000,OTHER ACQUISITION COSTS
354,A20L000,00900,00000,BLOOD SUPPLIES
354,A20L000,00901,00000,PATHOLOGY
354,A20L000,00902,00000,OTHER EXCISION COSTS
354,A20L000,00903,00000,DONOR HOSPITAL ACCRUALS
354,A20L000,02100,00000,SEROLOGY & MICROBIOLOGY
354,A20L000,02101,00000,LAB SUPPLIES
354,A20L000,02102,00000,AMBR BILLING
354,A20L000,02103,00000,OTHER PROFESSIONAL FEES
354,A20L000,02104,00000,OTHER ACQUISITION COSTS
354,A20O000,00900,00000,BLOOD SUPPLIES
354,A20O000,00901,00000,PATHOLOGY
354,A20O000,00902,00000,OTHER EXCISION COSTS
354,A20O000,00903,00000,DONOR HOSPITAL ACCRUALS
354,A20O000,02100,00000,SEROLOGY & MICROBIOLOGY
354,A20O000,02101,00000,LAB SUPPLIES
354,A20O000,02102,00000,AMBR BILLING
354,A20O000,02103,00000,OTHER PROFESSIONAL FEES
354,A20O001,00900,00000,BLOOD SUPPLIES
354,A20O001,00901,00000,PATHOLOGY
354,A20O001,00902,00000,OTHER EXCISION COSTS
354,A20O001,00903,00000,DONOR HOSPITAL ACCRUALS
354,A20O001,02100,00000,SEROLOGY & MICROBIOLOGY
354,A20O001,02101,00000,LAB SUPPLIES
354,A20O001,02102,00000,AMBR BILLING
354,A20O001,02103,00000,OTHER PROFESSIONAL FEES
354,A20O001,02104,00000,OTHER ACQUISITION COSTS
354,A20O002,00900,00000,BLOOD SUPPLIES
354,A20O002,00901,00000,PATHOLOGY
354,A20O002,00902,00000,OTHER EXCISION COSTS
354,A20O002,00903,00000,DONOR HOSPITAL ACCRUALS
354,A20O002,02100,00000,SEROLOGY & MICROBIOLOGY
354,A20O002,02101,00000,LAB SUPPLIES
354,A20O002,02102,00000,AMBR BILLING
354,A20O002,02103,00000,OTHER PROFESSIONAL FEES
354,A20P000,00900,00000,BLOOD SUPPLIES
354,A20P000,00901,00000,PATHOLOGY
354,A20P000,00902,00000,OTHER EXCISION COSTS
354,A20P000,00903,00000,DONOR HOSPITAL ACCRUALS
354,A20P000,02100,00000,SEROLOGY & MICROBIOLOGY
354,A20P000,02101,00000,LAB SUPPLIES
354,A20P000,02102,00000,AMRB BILLING
354,A20P000,02103,00000,OTHER PROFESSIONAL FEES
354,A20P000,02104,00000,OTHER ACQUISITION COSTS
354,A20U000,00900,00000,BLOOD SUPPLIES
354,A20U000,00901,00000,PATHOLOGY
354,A20U000,00902,00000,OTHER EXCISION COSTS
354,A20U000,00903,00000,DONOR HOSPITAL ACCRUALS
354,A20U000,02100,00000,SEROLOGY & MICROBIOLOGY
354,A20U000,02101,00000,LAB SUPPLIES
354,A20U000,02102,00000,AMBR BILLING
354,A20U000,02103,00000,OTHER PROFESSIONAL FEES
354,A20U000,02104,00000,OTHER ACQUISITION COSTS
354,A400010,00100,00000,RECLASSIFICATIONS
354,A400010,00100,00100,A
354,A400010,00100,00200,TISSUE RECOVERY
354,A400010,00100,00500,PROCUREMENT COORDINATORS
354,A400010,00200,00000,RECLASSIFICATIONS
354,A400010,00200,00100,A
354,A400010,00200,00200,ADMINISTRATIVE & GENERAL
354,A400010,00200,00500,EMPLOYEE BENEFITS
354,A400010,00300,00000,RECLASSIFICATIONS
354,A400010,00300,00100,A
354,A400010,00300,00200,PROCUREMENT COORDINATORS
354,A400010,00400,00000,RECLASSIFICATIONS
354,A400010,00400,00100,A
354,A400010,00400,00200,PROFESSIONAL EDUCATION
354,A400010,00500,00000,RECLASSIFICATIONS
354,A400010,00500,00100,A
354,A400010,00500,00200,PUBLIC EDUCATION
354,A400010,00600,00000,RECLASSIFICATIONS
354,A400010,00600,00100,A
354,A400010,00600,00200,CALL CENTER
354,A400010,00700,00000,RECLASSIFICATIONS
354,A400010,00700,00100,A
354,A400010,00700,00200,TISSUE RECOVERY
354,A400010,00800,00000,RECLASSIFICATIONS
354,A400010,00800,00100,A
354,A400010,00800,00200,CAPITAL COSTS-MVBLE EQUIPMENT
354,A400010,00800,00500,ADMINISTRATIVE & GENERAL
354,A400010,00900,00000,RECLASSIFICATIONS
354,A400010,00900,00100,A
354,A400010,00900,00200,TISSUE RECOVERY
354,A400010,00900,00500,PROCUREMENT COORDINATORS
354,A400010,01000,00000,RECLASSIFICATIONS
354,A400010,01000,00100,A
354,A400010,01000,00200,TISSUE RECOVERY
354,A400010,01000,00500,PROCUREMENT COORDINATORS
354,A500010,00200,00300,ADMINISTRATIVE & GENERAL
354,A500010,00800,00100,B
354,A500010,00800,00300,PROCUREMENT COORDINATORS
354,A500010,01200,00100,A
354,A500010,01200,00300,ADMINISTRATIVE & GENERAL
354,A500010,01500,00000,BANK INCENTIVE
354,A500010,01500,00100,A
354,A500010,01500,00300,ADMINISTRATIVE & GENERAL
354,A500010,01600,00000,MISC INCOME
354,A500010,01600,00100,A
354,A500010,01600,00300,TISSUE RECOVERY
354,A500010,01601,00000,INCOME FROM SPECIAL EVENTS
354,A500010,01601,00100,A
354,A500010,01601,00300,PUBLIC EDUCATION
354,A500010,01602,00000,LOBBYING FEES
354,A500010,01602,00100,B
354,A500010,01602,00300,12.01 OTHER ACQUISITION COSTS
354,A500010,01603,00000,REBATES AND REFUNDS
354,A500010,01603,00100,A
354,A500010,01603,00300,PROCUREMENT COORDINATORS
354,A51000A,00100,00100,N
354,A60000A,00700,00000,LEASEHOLD IMPROVEMENT
354,A60000B,00800,00000,LEASEHOLD IMPROVEMENT
354,A60000C,00500,00100,N
354,B10000*,00100,00200,CAP BLDG
354,B10000*,00100,00300,CAP COSTS
354,B10000*,00100,00400,EMPLOYEE
354,B10000*,00100,00500,MEDICAL
354,B10000*,00100,00800,ORGAN
354,B10000*,00100,01000,ADMIN &
354,B10000*,00200,00200,OP PLANT &
354,B10000*,00200,00300,MOVABLE
354,B10000*,00200,00400,BENEFITS
354,B10000*,00200,00500,SUPPLIES
354,B10000*,00200,00800,ACQUISITN
354,B10000*,00200,01000,GENERAL
354,B10000*,00300,00200,HOUSEKEEP
354,B10000*,00300,00300,EQUIPMENT
354,B10000*,00300,00800,COSTS
354,B10000*,00400,00200,SQUARE
354,B10000*,00400,00300,SQUARE
354,B10000*,00400,00400,ADJUST
354,B10000*,00400,00500,COSTED
354,B10000*,00400,00800,NUMBER
354,B10000*,00400,01000,ACCUM
354,B10000*,00500,00200,FEET
354,B10000*,00500,00300,FEET
354,B10000*,00500,00400,SALARIES
354,B10000*,00500,00500,REQUISIT
354,B10000*,00500,00800,ORGANS
354,B10000*,00500,01000,COSTS
354,B10000*,00600,00200,1
354,B10000*,00600,00300,2
354,B10000*,00600,00400,3
354,B10000*,00600,00500,3
354,B10000*,00600,00800,3
354,B10000*,00600,01000,3
354,B100000,00000,01000,X
354,E000000,00900,00000,OTHER CURRENT ASSETS
354,E000000,02600,00000,CONSTRUCTION IN PROGRESS
354,E000000,03100,00000,UNAMORITIZED LOAN COSTS
354,E000000,03900,00000,DEFERRED RENT
354,E100001,00900,00000,TISSUE REVENUES
354,E200000,01500,00000,SPECIAL EVENT REVENUES
354,E200000,01600,00000,MISCELLANEOUS INCOME
354,E200000,01700,00000,BAD DEBT RECOVERY
354,E200000,02000,00000,GAIN ON SALE OF ASSET
354,E200000,02100,00000,UNREALIZED GAIN ON INVESTMENTS
354,E200000,02600,00000,NON ALLOWABLE EXPENSES
354,S000000,00100,00100,X
354,S000000,00400,00100,2
354,S000000,00500,00100,06/23/2021
354,S000000,00600,00100,10001
354,S000000,00700,00100,N
354,S000000,00800,00100,N
354,S000000,00900,00100,11/14/2022
354,S000000,01000,00100,4
354,S000001,00100,00100,WE ARE SHARING HOPE SC
354,S000001,00100,00200,42P001
354,S000001,00101,00100,3950 FABER PLACE DRIVE
354,S000001,00101,00200,SUITE 400
354,S000001,00102,00100,CHARLESTON
354,S000001,00102,00200,SC
354,S000001,00102,00300,29405
354,S000001,00300,00100,01/01/2020
354,S000001,00300,00200,12/31/2020
354,S000001,00400,00100,6
354,S000001,00400,00300,1
354,S000001,00400,00400,05/10/1984
354,S000001,00401,00300,1
354,S000002,00100,00200,Y
354,S000002,00300,00100,CFO
354,S000002,00400,00100,06/22/2021
354,S100001,00700,00100,N
354,S100001,00810,00000,CV
354,S100001,00811,00000,SMALL BOWEL
354,S100001,00812,00000,TISSUE RESEARCH
354,S100003,00100,00100,MEDICAL DIRECTOR
354,S100003,00100,00300,MEDICAL DIRECTOR
354,S100003,00100,00500,LAB DIRECTOR
354,S100003,00101,00100,EXEC. DIRECTOR
354,S100003,00101,00300,PROCUREMENT COORDINATOR
354,S100003,00101,00500,TECHNICIANS
354,S100003,00102,00100,CLERICAL
354,S100003,00102,00300,PRESERVATION TECHNICIANS
354,S100003,00102,00500,TISSUE TYPING TECH.
354,S100003,00103,00100,OTHER
354,S100003,00103,00300,OTHER
354,S100003,00103,00500,OTHER
354,S200000,00100,00100,N
354,S200000,00200,00100,N
354,S200000,00300,00100,N
354,S200000,00400,00100,Y
354,S200000,00400,00200,A
354,S200000,00400,00300,05/31/2021
354,S200000,00500,00100,N
354,S200000,00600,00300,CFO
354,S200000,00700,00100,WE ARE SHARING HOPE SC
355,A000000,00100,00000,0100CAPITAL COSTS-BLDG & FIXT
355,A000000,00200,00000,0200CAPITAL COSTS-MVBLE EQUIPMENT
355,A000000,00300,00000,0300EMPLOYEE BENEFITS
355,A000000,00400,00000,0400ADMINISTRATIVE & GENERAL
355,A000000,00500,00000,0500OPERATION AND MAINTENANCE OF PLANT
355,A000000,00600,00000,0600HOUSEKEEPING
355,A000000,00700,00000,0700MEDICAL SUPPLIES
355,A000000,00800,00000,0800OTHER OVERHEAD
355,A000000,00900,00000,0900PROCUREMENT COORDINATORS
355,A000000,01000,00000,1000PROFESSIONAL EDUCATION
355,A000000,01100,00000,1100PUBLIC EDUCATION
355,A000000,01200,00000,1200OTHER ACQUISITION
355,A000000,01300,00000,1300KIDNEY ACQUISITIONS
355,A000000,01400,00000,1400TISSUE TYPING LABORATORY
355,A000000,01500,00000,1500LIVER ACQUISITIONS
355,A000000,01600,00000,1600HEART ACQUISITIONS
355,A000000,01700,00000,1700PANCREAS ACQUISITIONS
355,A000000,01800,00000,1800LUNG ACQUISITIONS
355,A000000,01900,00000,1900OTHER ACQUISITIONS
355,A000000,01901,00000,1901OTHER ACQUISITIONS
355,A000000,02100,00000,2100RESEARCH
355,A000000,02200,00000,2200BLOOD BANK
355,A000000,02300,00000,2300LABORATORY-NON-TISSUE TYPING
355,A000000,02400,00000,2400DIALYSIS UNITS
355,A000000,02500,00000,2500OTHER NON-REIMBURSABLE
355,A100000,01700,00000,PAYROLL TAXES & BENEFITS
355,A100000,01800,00000,CONTRACT SERVICES
355,A100000,01900,00000,DEPRECIATION
355,A100000,01901,00000,OCCUPANCY & MAINTENANCE
355,A100000,01902,00000,OTHER EXPENSES
355,A20H000,00900,00000,HOSPITAL CHARGES
355,A20H000,02100,00000,MEDICAL SUPPLIES
355,A20H000,02101,00000,RECOVERY FEES & OTHER COSTS
355,A20K000,00900,00000,HOSPITAL CHARGES
355,A20K000,02100,00000,MEDICAL SUPPLIES
355,A20K000,02101,00000,RECOVERY FEES & OTHER COSTS
355,A20L000,00900,00000,HOSPITAL CHARGES
355,A20L000,02100,00000,MEDICAL SUPPLIES
355,A20L000,02101,00000,RECOVERY FEES & OTHER COSTS
355,A20O000,00900,00000,HOSPITAL CHARGES
355,A20O000,02100,00000,MEDICAL SUPPLIES
355,A20O000,02101,00000,RECOVERY FEES & OTHER COSTS
355,A20P000,00900,00000,HOSPITAL CHARGES
355,A20P000,02100,00000,MEDICAL SUPPLIES
355,A20P000,02101,00000,RECOVERY FEES & OTHER COSTS
355,A20U000,00900,00000,HOSPITAL CHARGES
355,A20U000,02100,00000,MEDICAL SUPPLIES
355,A20U000,02101,00000,RECOVERY FEES & OTHER COSTS
355,A400010,00100,00000,RECLASSIFICATIONS
355,A400010,00100,00100,A
355,A400010,00100,00200,CAPITAL COSTS-BLDG & FIXT
355,A400010,00100,00500,ADMINISTRATIVE & GENERAL
355,A400010,00200,00000,RECLASSIFICATIONS
355,A400010,00200,00100,A
355,A400010,00200,00200,CAPITAL COSTS-MVBLE EQUIPMENT
355,A400010,00200,00500,ADMINISTRATIVE & GENERAL
355,A400010,00300,00000,RECLASSIFICATIONS
355,A400010,00300,00100,A
355,A400010,00300,00200,OPERATION AND MAINTENANCE OF PLANT
355,A400010,00300,00500,ADMINISTRATIVE & GENERAL
355,A400010,00400,00000,RECLASSIFICATIONS
355,A400010,00400,00100,A
355,A400010,00400,00200,OTHER NON-REIMBURSABLE
355,A400010,00400,00500,PROFESSIONAL EDUCATION
355,A400010,00500,00000,RECLASSIFICATIONS
355,A400010,00500,00100,A
355,A400010,00500,00200,OTHER NON-REIMBURSABLE
355,A400010,00500,00500,PUBLIC EDUCATION
355,A400010,00600,00000,RECLASSIFICATIONS
355,A400010,00600,00100,A
355,A400010,00600,00200,OTHER NON-REIMBURSABLE
355,A400010,00600,00500,PROCUREMENT COORDINATORS
355,A500010,00800,00100,B
355,A500010,00800,00300,PROCUREMENT COORDINATORS
355,A500010,01500,00000,SCHOLARSHIPS
355,A500010,01500,00100,A
355,A500010,01500,00300,PUBLIC EDUCATION
355,A500010,01501,00000,LOBBYING
355,A500010,01501,00100,A
355,A500010,01501,00300,ADMINISTRATIVE & GENERAL
355,A500010,01502,00000,ALCOHOL
355,A500010,01502,00100,A
355,A500010,01502,00300,ADMINISTRATIVE & GENERAL
355,A500010,01503,00000,OTHER G&A NON-REIMBURSABLE
355,A500010,01503,00100,A
355,A500010,01503,00300,ADMINISTRATIVE & GENERAL
355,A51000A,00100,00100,N
355,A60000C,00500,00100,N
355,B10000*,00100,00200,CAP BLDG
355,B10000*,00100,00300,CAP COSTS
355,B10000*,00100,00400,EMPLOYEE
355,B10000*,00100,00500,MEDICAL
355,B10000*,00100,00800,ORGAN
355,B10000*,00100,01000,ADMIN &
355,B10000*,00200,00200,OP PLANT &
355,B10000*,00200,00300,MOVABLE
355,B10000*,00200,00400,BENEFITS
355,B10000*,00200,00500,SUPPLIES
355,B10000*,00200,00800,ACQUISITN
355,B10000*,00200,01000,GENERAL
355,B10000*,00300,00200,HOUSEKEEP
355,B10000*,00300,00300,EQUIPMENT
355,B10000*,00300,00800,COSTS
355,B10000*,00400,00200,SQUARE
355,B10000*,00400,00300,DOLLAR
355,B10000*,00400,00400,ADJUST
355,B10000*,00400,00500,COSTED
355,B10000*,00400,00800,NUMBER
355,B10000*,00400,01000,ACCUM
355,B10000*,00500,00200,FEET
355,B10000*,00500,00300,VALUE
355,B10000*,00500,00400,SALARIES
355,B10000*,00500,00500,REQUISIT
355,B10000*,00500,00800,ORGANS
355,B10000*,00500,01000,COSTS
355,B10000*,00600,00200,1
355,B10000*,00600,00300,2
355,B10000*,00600,00400,3
355,B10000*,00600,00500,3
355,B10000*,00600,00800,3
355,B10000*,00600,01000,3
355,B100000,00000,01000,X
355,E000000,00900,00000,OTHER CURRENT ASSETS
355,E000000,02600,00000,OTHER FIXED ASSETS
355,E000000,03900,00000,BENEFITS PAYABLE
355,E000000,04600,00000,DEFERRED RENT
355,E100001,00700,00000,TISSUE PROCUREMENT REVENUE
355,E100001,00800,00000,OTHER PROCUREMENT REVENUE
355,E200000,02000,00000,OTHER - BANK INTEREST INCOME
355,S000000,00100,00100,X
355,S000000,00400,00100,2
355,S000000,00500,00100,06/01/2021
355,S000000,00600,00100,10001
355,S000000,00700,00100,N
355,S000000,00800,00100,N
355,S000000,00900,00100,11/14/2022
355,S000000,01000,00100,4
355,S000001,00100,00100,WASHINGTON REGIONAL TRANSPLANT COMMU
355,S000001,00100,00200,49P003
355,S000001,00101,00100,3190 FAIRVIEW PARK DRIVE  SUITE 700
355,S000001,00102,00100,FALLS CHURCH
355,S000001,00102,00200,VA
355,S000001,00102,00300,22042
355,S000001,00300,00100,01/01/2020
355,S000001,00300,00200,12/31/2020
355,S000001,00400,00100,6
355,S000001,00400,00300,1
355,S000001,00400,00400,09/01/1987
355,S000001,00401,00300,1
355,S000002,00300,00100,703-641-0100
355,S100001,00700,00100,N
355,S100001,00810,00000,OTHER TISSUE
355,S100003,00100,00100,MEDICAL DIRECTOR
355,S100003,00100,00300,MEDICAL DIRECTOR
355,S100003,00100,00500,LAB DIRECTOR
355,S100003,00101,00100,EXEC. DIRECTOR
355,S100003,00101,00300,PROCUREMENT COORDINATOR
355,S100003,00101,00500,TECHNICIANS
355,S100003,00102,00100,CLERICAL
355,S100003,00102,00300,PRESERVATION TECHNICIANS
355,S100003,00102,00500,TISSUE TYPING TECH.
355,S100003,00103,00100,PUBLIC ED
355,S100003,00103,00300,PROFESSIONAL ED
355,S100003,00103,00500,OTHER
355,S100003,00104,00100,OTHER
355,S200000,00100,00100,N
355,S200000,00200,00100,N
355,S200000,00300,00100,N
355,S200000,00400,00100,Y
355,S200000,00400,00200,A
355,S200000,00500,00100,N
355,S200000,00600,00300,CFO
355,S200000,00700,00100,WRTC
359,A000000,00100,00000,0100CAPITAL COSTS-BLDG & FIXT
359,A000000,00200,00000,0200CAPITAL COSTS-MVBLE EQUIPMENT
359,A000000,00300,00000,0300EMPLOYEE BENEFITS
359,A000000,00400,00000,0400ADMINISTRATIVE & GENERAL
359,A000000,00500,00000,0500OPERATION AND MAINTENANCE OF PLANT
359,A000000,00600,00000,0600HOUSEKEEPING
359,A000000,00700,00000,0700MEDICAL SUPPLIES
359,A000000,00800,00000,0800OTHER OVERHEAD
359,A000000,00900,00000,0900PROCUREMENT COORDINATORS
359,A000000,01000,00000,1000PROFESSIONAL EDUCATION
359,A000000,01100,00000,1100PUBLIC EDUCATION
359,A000000,01200,00000,1200OTHER ACQUISITION
359,A000000,01201,00000,1201NO GO COSTS
359,A000000,01300,00000,1300KIDNEY ACQUISITIONS
359,A000000,01400,00000,1400TISSUE TYPING LABORATORY
359,A000000,01500,00000,1500LIVER ACQUISITIONS
359,A000000,01600,00000,1600HEART ACQUISITIONS
359,A000000,01700,00000,1700PANCREAS ACQUISITIONS
359,A000000,01800,00000,1800LUNG ACQUISITIONS
359,A000000,01900,00000,1900INTESTINE
359,A000000,01901,00000,1901VCA
359,A000000,02100,00000,2100RESEARCH
359,A000000,02200,00000,2200BLOOD BANK
359,A000000,02300,00000,2300LABORATORY-NON-TISSUE TYPING
359,A000000,02400,00000,2400DIALYSIS UNITS
359,A000000,02500,00000,2500OTHER NON-REIMBURSABLE
359,A000000,02501,00000,2501TISSUE PROCUREMENT
359,A000000,02502,00000,2502IOPO FOUNDATION
359,A000000,02503,00000,2503ARC RENTAL SPACE
359,A100000,01700,00000,QUALITY
359,A100000,01800,00000,OTHER
359,A20H000,00900,00000,ALL OTHER EXCISION HOSPITAL
359,A20H000,02100,00000,ALL OTHER ACQUISITION COSTS
359,A20K000,00900,00000,ADDITIONAL EXCISION COSTS
359,A20K000,02100,00000,OTHER ACQUISITION COST
359,A20L000,00900,00000,ALL OTHER EXCISION HOSPITAL
359,A20L000,02100,00000,ALL OTHER ACQUISITION COSTS
359,A20O000,00900,00000,ALL OTHER EXCISION HOSPITAL
359,A20O000,02100,00000,ALL OTHER ACQUISITION COSTS
359,A20P000,00900,00000,ALL OTHER EXCISION HOSPITAL
359,A20P000,02100,00000,ALL OTHER ACQUISITION COSTS
359,A20U000,00900,00000,ALL OTHER EXCISION HOSPITAL
359,A20U000,02100,00000,ALL OTHER ACQUISITION COSTS
359,A400010,00100,00000,MEDICAL DIRECTOR
359,A400010,00100,00100,A
359,A400010,00100,00200,PROCUREMENT COORDINATORS
359,A400010,00100,00500,ADMINISTRATIVE & GENERAL
359,A400010,00200,00000,ADMIN & GENERAL EE BENEFIT COSTS
359,A400010,00200,00100,B
359,A400010,00200,00200,ADMINISTRATIVE & GENERAL
359,A400010,00200,00500,EMPLOYEE BENEFITS
359,A400010,00300,00000,TISSUE OVERHEAD ALLOCATION
359,A400010,00300,00100,C
359,A400010,00300,00200,TISSUE PROCUREMENT
359,A400010,00300,00500,PUBLIC EDUCATION
359,A400010,00400,00000,TISSUE OVERHEAD ALLOCATION
359,A400010,00400,00100,C
359,A400010,00400,00500,OTHER ACQUISITION
359,A400010,00500,00000,DONATION COORDINATOR TISSUE TIME REC
359,A400010,00500,00100,D
359,A400010,00500,00200,TISSUE PROCUREMENT
359,A400010,00500,00500,PROCUREMENT COORDINATORS
359,A400010,00600,00000,ADMIN & GENERAL OCCUPANCY COST
359,A400010,00600,00100,E
359,A400010,00600,00200,ADMINISTRATIVE & GENERAL
359,A400010,00600,00500,CAPITAL COSTS-BLDG & FIXT
359,A400010,00700,00000,ADMIN & GENERAL OCCUPANCY COST
359,A400010,00700,00100,E
359,A400010,00700,00500,CAPITAL COSTS-MVBLE EQUIPMENT
359,A400010,00800,00000,ADMIN & GENERAL OCCUPANCY COST
359,A400010,00800,00100,E
359,A400010,00800,00500,OPERATION AND MAINTENANCE OF PLANT
359,A400010,00900,00000,VITAL LINK SALARY RECLASS
359,A400010,00900,00100,F
359,A400010,00900,00200,PROCUREMENT COORDINATORS
359,A400010,00900,00500,TISSUE PROCUREMENT
359,A400010,01000,00000,ARC LEASED SPACE DEPR RECLASS
359,A400010,01000,00100,G
359,A400010,01000,00200,ARC RENTAL SPACE
359,A400010,01000,00500,CAPITAL COSTS-BLDG & FIXT
359,A400010,01100,00000,ARC LEASED SPACE DEPR RECLASS
359,A400010,01100,00100,G
359,A400010,01100,00500,ADMINISTRATIVE & GENERAL
359,A400010,01200,00000,ARC LEASED SPACE DEPR RECLASS
359,A400010,01200,00100,G
359,A400010,01200,00500,OPERATION AND MAINTENANCE OF PLANT
359,A400010,01300,00000,MOVEABLE EQUIPMENT DEPR RECLASS
359,A400010,01300,00100,H
359,A400010,01300,00200,CAPITAL COSTS-MVBLE EQUIPMENT
359,A400010,01300,00500,CAPITAL COSTS-BLDG & FIXT
359,A400010,01400,00000,MOVEABLE EQUIPMENT DEPR RECLASS
359,A400010,01400,00100,H
359,A400010,01400,00200,ADMINISTRATIVE & GENERAL
359,A400010,01500,00000,MINOR CAPITAL COST RECLASS
359,A400010,01500,00100,J
359,A400010,01500,00200,ADMINISTRATIVE & GENERAL
359,A400010,01500,00500,CAPITAL COSTS-MVBLE EQUIPMENT
359,A400010,01600,00000,SUPPLY CHAIN RECLASS
359,A400010,01600,00100,K
359,A400010,01600,00200,TISSUE PROCUREMENT
359,A400010,01600,00500,PROCUREMENT COORDINATORS
359,A400010,01700,00000,3750 BLDG LEASED SPACE RECLASS
359,A400010,01700,00100,L
359,A400010,01700,00200,ARC RENTAL SPACE
359,A400010,01700,00500,CAPITAL COSTS-BLDG & FIXT
359,A400010,01800,00000,3750 BLDG LEASED SPACE RECLASS
359,A400010,01800,00100,L
359,A400010,01800,00500,OPERATION AND MAINTENANCE OF PLANT
359,A500010,00200,00100,B
359,A500010,00200,00300,ADMINISTRATIVE & GENERAL
359,A500010,00800,00100,B
359,A500010,00800,00300,PROCUREMENT COORDINATORS
359,A500010,01100,00100,B
359,A500010,01100,00300,TISSUE PROCUREMENT
359,A500010,01200,00100,B
359,A500010,01200,00300,CAPITAL COSTS-BLDG & FIXT
359,A500010,01500,00000,AOPO LOBBYING
359,A500010,01500,00100,A
359,A500010,01500,00300,ADMINISTRATIVE & GENERAL
359,A500010,01601,00000,MEDICARE NON REIMBURSIBLE
359,A500010,01601,00100,A
359,A500010,01601,00300,PROCUREMENT COORDINATORS
359,A500010,01602,00000,VITAL LINK CALL CENTER REFERRAL REV
359,A500010,01602,00100,B
359,A500010,01602,00300,TISSUE PROCUREMENT
359,A500010,01603,00000,LIVING KIDNEY REIMBURSEMENT
359,A500010,01603,00100,B
359,A500010,01603,00300,PROCUREMENT COORDINATORS
359,A500010,01604,00000,FUNERAL HOME CHARGES - TISSUE
359,A500010,01604,00100,A
359,A500010,01604,00300,TISSUE PROCUREMENT
359,A500010,01611,00000,COURIER SERVICE REVENUE
359,A500010,01611,00100,B
359,A500010,01611,00300,PROCUREMENT COORDINATORS
359,A500010,01612,00000,FOUNDATION IN-KIND REVENUE
359,A500010,01612,00100,B
359,A500010,01612,00300,IOPO FOUNDATION
359,A500010,01620,00000,DLI MGMT FEE REVENUE
359,A500010,01620,00100,B
359,A500010,01620,00300,PUBLIC EDUCATION
359,A500010,01621,00000,TO REMOVE D2SL EXPENSE FROM COST RP
359,A500010,01621,00100,A
359,A500010,01621,00300,PUBLIC EDUCATION
359,A500010,01622,00000,TO REMOVE PAID MEDIA MC EXPENSE
359,A500010,01622,00100,A
359,A500010,01622,00300,PUBLIC EDUCATION
359,A51000A,00100,00100,Y
359,A51000B,00100,00200,PROCUREMENT COORDINATORS
359,A51000B,00100,00300,NLW TRANS EXPENSE
359,A51000B,00200,00200,KIDNEY ACQUISITIONS
359,A51000B,00200,00300,NLW TRANS EXPENSE
359,A51000B,00300,00200,LIVER ACQUISITIONS
359,A51000B,00300,00300,NLW TRANS EXPENSE
359,A51000B,00400,00200,HEART ACQUISITIONS
359,A51000B,00400,00300,NLW TRANS EXPENSE
359,A51000B,00401,00200,PANCREAS ACQUISITIONS
359,A51000B,00401,00300,NLW TRANS EXPENSE
359,A51000B,00402,00200,LUNG ACQUISITIONS
359,A51000B,00402,00300,NLW TRANS EXPENSE
359,A51000B,00403,00200,INTESTINE
359,A51000B,00403,00300,NLW TRANS EXPENSE
359,A51000C,00100,00100,C
359,A51000C,00100,00400,NLW  INC
359,A51000C,00100,00600,AIR TRANSPORTATION
359,A51000C,00200,00100,C
359,A51000C,00200,00400,INDIANA DONOR NETWORK FOUNDATION
359,A51000C,00200,00600,FOUNDATION
359,A60000A,00700,00000,BUILDING IMPROVEMENTS
359,A60000A,00701,00000,FIXED ASSET HOLDING
359,A60000A,00702,00000,AIRPLANE
359,A60000B,00800,00000,FIXED ASSET HOLDING
359,A60000B,00801,00000,AIRPLANE
359,A60000C,00500,00100,Y
359,B10000*,00100,00200,CAP BLDG
359,B10000*,00100,00300,CAP COSTS
359,B10000*,00100,00400,EMPLOYEE
359,B10000*,00100,00500,MEDICAL
359,B10000*,00100,00800,ORGAN
359,B10000*,00100,01000,ADMIN &
359,B10000*,00200,00200,OP PLANT &
359,B10000*,00200,00300,MOVABLE
359,B10000*,00200,00400,BENEFITS
359,B10000*,00200,00500,SUPPLIES
359,B10000*,00200,00800,ACQUISITN
359,B10000*,00200,01000,GENERAL
359,B10000*,00300,00200,HOUSEKEEP
359,B10000*,00300,00300,EQUIPMENT
359,B10000*,00300,00800,COSTS
359,B10000*,00400,00200,SQUARE
359,B10000*,00400,00300,DOLLAR
359,B10000*,00400,00400,ADJUST
359,B10000*,00400,00500,COSTED
359,B10000*,00400,00800,NUMBER
359,B10000*,00400,01000,ACCUM
359,B10000*,00500,00200,FEET
359,B10000*,00500,00300,VALUE
359,B10000*,00500,00400,SALARIES
359,B10000*,00500,00500,REQUISIT
359,B10000*,00500,00800,ORGANS
359,B10000*,00500,01000,COSTS
359,B10000*,00600,00200,1
359,B10000*,00600,00300,2
359,B10000*,00600,00400,3
359,B10000*,00600,00500,3
359,B10000*,00600,00800,3
359,B10000*,00600,01000,3
359,B100000,00000,01000,X
359,E000000,00900,00000,DUE FROM THIRD PARTY
359,E000000,02600,00000,ADDITIONAL FIXED ASSETS
359,E000000,03900,00000,THIRD-PARTY SETTLEMENT
359,E000000,04100,00000,OTHER
359,E000000,04600,00000,LONG TERM DEBT
359,E100001,00700,00000,PROCUREMENT REVENUE
359,E100001,00800,00000,AIR AND GROUND TRANSPORTATION
359,E100001,00900,00000,OTHER
359,E100002,00300,00000,TXJET
359,E100002,00400,00000,FOUNDATION DISTRIB
359,E100002,00500,00000,AFTERCARE REV
359,E100002,00800,00000,INTERCOMPANY ELIMINATIONS
359,E200000,01500,00000,REALIZED & UNREALIZED GAIN ON INVEST
359,E200000,02600,00000,REALIZED & UNREALIZED LOSS ON INVEST
359,E200000,02700,00000,ROUNDING
359,S000000,00100,00100,X
359,S000000,00400,00100,2
359,S000000,00500,00100,05/24/2021
359,S000000,00600,00100,10001
359,S000000,00700,00100,N
359,S000000,00800,00100,N
359,S000000,00900,00100,11/16/2022
359,S000000,01000,00100,4
359,S000001,00100,00100,INDIANA ORGAN PROCUREMENT ORG
359,S000001,00100,00200,15P001
359,S000001,00101,00100,3760 GUION ROAD
359,S000001,00102,00100,INDIANAPOLIS
359,S000001,00102,00200,IN
359,S000001,00102,00300,46222
359,S000001,00300,00100,01/01/2020
359,S000001,00300,00200,12/31/2020
359,S000001,00400,00100,6
359,S000001,00400,00300,1
359,S000001,00400,00400,04/01/1988
359,S000001,00401,00300,1
359,S000002,00100,00200,Y
359,S000002,00300,00100,CHIEF EXECUTIVE OFFICER
359,S000002,00400,00100,05/19/2021
359,S100001,00700,00100,N
359,S100001,00810,00000,OTHER\VEIN
359,S100001,00811,00000,INTESTINE
359,S100001,00812,00000,VCA
359,S100003,00100,00100,MEDICAL DIRECTOR
359,S100003,00100,00300,MEDICAL DIRECTOR
359,S100003,00100,00500,LAB DIRECTOR
359,S100003,00101,00100,EXEC. DIRECTOR
359,S100003,00101,00300,PROCUREMENT COORDINATOR
359,S100003,00101,00500,TECHNICIANS
359,S100003,00102,00100,CLERICAL
359,S100003,00102,00300,PRESERVATION TECHNICIANS
359,S100003,00102,00500,TISSUE TYPING TECH.
359,S100003,00103,00100,OTHER
359,S100003,00103,00300,OTHER
359,S100003,00103,00500,OTHER
359,S200000,00100,00100,N
359,S200000,00200,00100,N
359,S200000,00300,00100,Y
359,S200000,00400,00100,Y
359,S200000,00400,00200,A
359,S200000,00500,00100,Y
359,S200000,00600,00300,VICE PRESIDENT  FINANCE & ADMINISTRA
359,S200000,00700,00100,INDIANA DONOR NETWORK
362,A000000,00100,00000,0100CAPITAL COSTS-BLDG & FIXT
362,A000000,00200,00000,0200CAPITAL COSTS-MVBLE EQUIPMENT
362,A000000,00300,00000,0300EMPLOYEE BENEFITS
362,A000000,00400,00000,0400ADMINISTRATIVE & GENERAL
362,A000000,00500,00000,0500OPERATION AND MAINTENANCE OF PLANT
362,A000000,00600,00000,0600HOUSEKEEPING
362,A000000,00700,00000,0700MEDICAL SUPPLIES
362,A000000,00800,00000,0800OTHER OVERHEAD
362,A000000,00900,00000,0900PROCUREMENT COORDINATORS
362,A000000,01000,00000,1000PROFESSIONAL EDUCATION
362,A000000,01100,00000,1100PUBLIC EDUCATION
362,A000000,01200,00000,1200OTHER ACQUISITION
362,A000000,01300,00000,1300KIDNEY ACQUISITIONS
362,A000000,01400,00000,1400TISSUE TYPING LABORATORY
362,A000000,01500,00000,1500LIVER ACQUISITIONS
362,A000000,01600,00000,1600HEART ACQUISITIONS
362,A000000,01700,00000,1700PANCREAS ACQUISITIONS
362,A000000,01800,00000,1800LUNG ACQUISITIONS
362,A000000,01900,00000,1900HEART/LUNG ACQUISITIONS
362,A000000,01901,00000,1901SMALL BOWEL
362,A000000,01902,00000,1902PANCREAS FOR ISLETS
362,A000000,02100,00000,2100RESEARCH
362,A000000,02200,00000,2200BLOOD BANK
362,A000000,02300,00000,2300LABORATORY-NON-TISSUE TYPING
362,A000000,02400,00000,2400DIALYSIS UNITS
362,A000000,02500,00000,2500TISSUE
362,A100000,01700,00000,OTHER CONSULTING EXPENSES
362,A100000,01800,00000,FACILITY EXPENSES
362,A100000,01900,00000,OFFICE SUPPLIES
362,A100000,01901,00000,CLINICAL SUPPLIES
362,A100000,01902,00000,OTHER OPERATING EXPENSES
362,A20H000,00900,00000,OTHER EXCISION HOSPITAL COSTS
362,A20H000,00901,00000,CARDIAC CATH COST
362,A20H000,00902,00000,X-RAY COST
362,A20H000,02100,00000,HOSPITAL
362,A20H000,02101,00000,BIOPSY
362,A20H000,02102,00000,MTF FAMILY CONSENTS
362,A20H000,02103,00000,OTHER CLINICAL EXPENSE
362,A20H000,02104,00000,OTHER PHYSICIAN CHARGES
362,A20H000,02105,00000,RECOVERY SITE FEE
362,A20H000,02106,00000,SEROLOGY TESTING
362,A20H000,02107,00000,OTHER DONOR MAINTENANCE EXPENSE
362,A20K000,00900,00000,OTHER EXCISION HOSPITAL COSTS
362,A20K000,00901,00000,CARDIAC CATH COST
362,A20K000,00902,00000,X-RAY COST
362,A20K000,02100,00000,HOSPITAL
362,A20K000,02101,00000,BIOPSY
362,A20K000,02102,00000,MTF FAMILY CONSENTS
362,A20K000,02103,00000,OTHER CLINICAL EXPENSE
362,A20K000,02104,00000,OTHER PHYSICIAN CHARGES
362,A20K000,02105,00000,RECOVERY SITE FEE
362,A20K000,02106,00000,SEROLOGY TESTING
362,A20K000,02107,00000,OTHER DONOR MAINTENANCE EXPENSE
362,A20L000,00900,00000,OTHER EXCISION HOSPITAL COSTS
362,A20L000,00901,00000,CARDIAC CATH COST
362,A20L000,00902,00000,X-RAY COST
362,A20L000,02100,00000,HOSPITAL
362,A20L000,02101,00000,BIOPSY
362,A20L000,02102,00000,MTF FAMILY CONSENTS
362,A20L000,02103,00000,OTHER CLINICAL EXPENSE
362,A20L000,02104,00000,OTHER PHYSICIAN CHARGES
362,A20L000,02105,00000,RECOVERY SITE FEE
362,A20L000,02106,00000,SEROLOGY TESTING
362,A20L000,02107,00000,OTHER DONOR MAINTENANCE EXPENSE
362,A20O000,00900,00000,OTHER EXCISION HOSPITAL COSTS
362,A20O000,00901,00000,CARDIAC CATH COST
362,A20O000,00902,00000,X-RAY COST
362,A20O000,02100,00000,HOSPITAL
362,A20O000,02101,00000,BIOPSY
362,A20O000,02102,00000,MTF FAMILY CONSENTS
362,A20O000,02103,00000,OTHER CLINICAL EXPENSE
362,A20O000,02104,00000,OTHER PHYSICIAN CHARGES
362,A20O000,02105,00000,RECOVERY SITE FEE
362,A20O000,02106,00000,SEROLOGY TESTING
362,A20O000,02107,00000,OTHER DONOR MAINTENANCE EXPENSE
362,A20O000,02108,00000,DONOR CELL STORAGE
362,A20O001,00900,00000,OTHER EXCISION HOSPITAL COSTS
362,A20O001,00901,00000,CARDIAC CATH COST
362,A20O001,00902,00000,X-RAY COST
362,A20O001,02100,00000,HOSPITAL
362,A20O001,02101,00000,BIOPSY
362,A20O001,02102,00000,MTF FAMILY CONSENTS
362,A20O001,02103,00000,OTHER CLINICAL EXPENSE
362,A20O001,02104,00000,OTHER PHYSICIAN CHARGES
362,A20O001,02105,00000,RECOVERY SITE FEE
362,A20O001,02106,00000,SEROLOGY TESTING
362,A20O001,02107,00000,OTHER DONOR MAINTENANCE EXPENSE
362,A20O002,00900,00000,OTHER EXCISION HOSPITAL COSTS
362,A20O002,00901,00000,CARDIAC CATH COST
362,A20O002,00902,00000,X-RAY COST
362,A20O002,02100,00000,HOSPITAL
362,A20O002,02101,00000,BIOPSY
362,A20O002,02102,00000,MTF FAMILY CONSENTS
362,A20O002,02103,00000,OTHER CLINICAL EXPENSE
362,A20O002,02104,00000,OTHER PHYSICIAN CHARGES
362,A20O002,02105,00000,RECOVERY SITE FEE
362,A20O002,02106,00000,SEROLOGY TESTING
362,A20O002,02107,00000,OTHER DONOR MAINTENANCE EXPENSE
362,A20P000,00900,00000,OTHER EXCISION HOSPITAL COSTS
362,A20P000,00901,00000,CARDIAC CATH COST
362,A20P000,00902,00000,X-RAY COST
362,A20P000,02100,00000,HOSPITAL
362,A20P000,02101,00000,BIOPSY
362,A20P000,02102,00000,MTF FAMILY CONSENTS
362,A20P000,02103,00000,OTHER CLINICAL EXPENSE
362,A20P000,02104,00000,OTHER PHYSICIAN CHARGES
362,A20P000,02105,00000,RECOVERY SITE FEE
362,A20P000,02106,00000,SEROLOGY TESTING
362,A20P000,02107,00000,OTHER DONOR MAINTENANCE EXPENSE
362,A20U000,00900,00000,OTHER EXCISION HOSPITAL COSTS
362,A20U000,00901,00000,CARDIAC CATH COST
362,A20U000,00902,00000,X-RAY COST
362,A20U000,02100,00000,HOSPITAL
362,A20U000,02101,00000,BIOPSY
362,A20U000,02102,00000,MTF FAMILY CONSENTS
362,A20U000,02103,00000,OTHER CLINICAL EXPENSE
362,A20U000,02104,00000,OTHER PHYSICIAN CHARGES
362,A20U000,02105,00000,RECOVERY SITE FEE
362,A20U000,02106,00000,SEROLOGY TESTING
362,A20U000,02107,00000,OTHER DONOR MAINTENANCE EXPENSE
362,A400010,00100,00000,TISSUE OVERHEAD ALLOCATION
362,A400010,00100,00100,A
362,A400010,00100,00200,TISSUE
362,A400010,00100,00500,PROCUREMENT COORDINATORS
362,A400010,00200,00000,TISSUE OVERHEAD ALLOCATION
362,A400010,00200,00100,A
362,A400010,00200,00500,PROFESSIONAL EDUCATION
362,A400010,00300,00000,A&G OCCUPANCY COST RECLASS
362,A400010,00300,00100,B
362,A400010,00300,00200,ADMINISTRATIVE & GENERAL
362,A400010,00300,00500,CAPITAL COSTS-BLDG & FIXT
362,A400010,00400,00000,A&G OCCUPANCY COST RECLASS
362,A400010,00400,00100,B
362,A400010,00400,00500,CAPITAL COSTS-MVBLE EQUIPMENT
362,A400010,00500,00000,403B PENSION EXPENSE RECLASS
362,A400010,00500,00100,D
362,A400010,00500,00200,ADMINISTRATIVE & GENERAL
362,A400010,00500,00500,EMPLOYEE BENEFITS
362,A400010,00600,00000,403B PENSION EXPENSE RECLASS
362,A400010,00600,00100,D
362,A400010,00600,00200,PROCUREMENT COORDINATORS
362,A400010,00700,00000,403B PENSION EXPENSE RECLASS
362,A400010,00700,00100,D
362,A400010,00700,00200,PROFESSIONAL EDUCATION
362,A400010,00800,00000,403B PENSION EXPENSE RECLASS
362,A400010,00800,00100,D
362,A400010,00800,00200,TISSUE
362,A400010,00900,00000,DEPRECIATION RECLASS
362,A400010,00900,00100,E
362,A400010,00900,00200,PROCUREMENT COORDINATORS
362,A400010,00900,00500,CAPITAL COSTS-MVBLE EQUIPMENT
362,A400010,01000,00000,DEPRECIATION RECLASS
362,A400010,01000,00100,E
362,A400010,01000,00200,TISSUE
362,A400010,01100,00000,LEASEHOLD DEPRECIATION
362,A400010,01100,00100,F
362,A400010,01100,00200,PROCUREMENT COORDINATORS
362,A400010,01100,00500,CAPITAL COSTS-MVBLE EQUIPMENT
362,A400010,01200,00000,LEASEHOLD DEPRECIATION
362,A400010,01200,00100,F
362,A400010,01200,00200,TISSUE
362,A500010,00800,00100,B
362,A500010,00800,00300,PROCUREMENT COORDINATORS
362,A500010,01504,00000,NON-ALLOWABLE SURGEON FEES - KIDNEY
362,A500010,01504,00100,A
362,A500010,01504,00300,KIDNEY ACQUISITIONS
362,A500010,01507,00000,BANK & INVESTMENT FEES
362,A500010,01507,00100,A
362,A500010,01507,00300,ADMINISTRATIVE & GENERAL
362,A500010,01508,00000,BANK FEES
362,A500010,01508,00100,A
362,A500010,01508,00300,ADMINISTRATIVE & GENERAL
362,A500010,01509,00000,LOBBYING OFFSET
362,A500010,01509,00100,A
362,A500010,01509,00300,ADMINISTRATIVE & GENERAL
362,A500010,01510,00000,SIGHTLIFE CALL CENTER REV
362,A500010,01510,00100,B
362,A500010,01510,00300,ADMINISTRATIVE & GENERAL
362,A500010,01511,00000,SIERRA DONOR CALL CENTER REV
362,A500010,01511,00100,B
362,A500010,01511,00300,ADMINISTRATIVE & GENERAL
362,A500010,01512,00000,SEMINAR REVENUE
362,A500010,01512,00100,B
362,A500010,01512,00300,PROFESSIONAL EDUCATION
362,A500010,01513,00000,PAIRED KIDNEY EXCHANGE REV
362,A500010,01513,00100,B
362,A500010,01513,00300,PROCUREMENT COORDINATORS
362,A500010,01514,00000,ANABIOS CALL CENTER REV
362,A500010,01514,00100,B
362,A500010,01514,00300,ADMINISTRATIVE & GENERAL
362,A51000A,00100,00100,N
362,A60000A,00700,00000,LEASEHOLD IMPROVEMENTS
362,A60000B,00800,00000,LEASEHOLD IMPROVEMENTS
362,A60000C,00500,00100,N
362,B10000*,00100,00200,CAP BLDG
362,B10000*,00100,00300,CAP COSTS
362,B10000*,00100,00400,EMPLOYEE
362,B10000*,00100,00500,MEDICAL
362,B10000*,00100,00800,ORGAN
362,B10000*,00100,01000,ADMIN &
362,B10000*,00200,00200,OP PLANT &
362,B10000*,00200,00300,MOVABLE
362,B10000*,00200,00400,BENEFITS
362,B10000*,00200,00500,SUPPLIES
362,B10000*,00200,00800,ACQUISITN
362,B10000*,00200,01000,GENERAL
362,B10000*,00300,00200,HOUSEKEEP
362,B10000*,00300,00300,EQUIPMENT
362,B10000*,00300,00800,COSTS
362,B10000*,00400,00200,SQUARE
362,B10000*,00400,00300,DOLLAR
362,B10000*,00400,00400,ADJUST
362,B10000*,00400,00500,COSTED
362,B10000*,00400,00800,NUMBER
362,B10000*,00400,01000,ACCUM
362,B10000*,00500,00200,FEET
362,B10000*,00500,00300,VALUE
362,B10000*,00500,00400,SALARIES
362,B10000*,00500,00500,REQUISIT
362,B10000*,00500,00800,ORGANS
362,B10000*,00500,01000,COSTS
362,B10000*,00600,00200,1
362,B10000*,00600,00300,2
362,B10000*,00600,00400,3
362,B10000*,00600,00500,3
362,B10000*,00600,00800,3
362,B10000*,00600,01000,3
362,B100000,00000,01000,X
362,E000000,00900,00000,MEDICARE SETTLEMENT RECIEVABLE
362,E000000,02600,00000,OTHER FIXED ASSETS
362,E000000,03100,00000,OTHER ASSETS
362,E000000,03900,00000,ACCRUAL FOR ORGAN RETREVIAL SERVICES
362,E000000,04100,00000,LOAN PAYABLE (PPP)
362,E000000,04600,00000,DEFERRED LEASE PAYABLE
362,E000000,04700,00000,OTHER ACCRUED LIABILITIES
362,E100001,00700,00000,TISSUE REVENUE
362,E100001,00800,00000,ORGAN RESEARCH REVENUE
362,E100001,00900,00000,MEDICARE CONTRACTUAL ADJUSTMENT
362,E100002,00800,00000,SALARY ADJUSTMENTS
362,E100002,00900,00000,OTHER EXPENSE
362,E200000,01500,00000,NET ASSETS RELEASED FROM RESTRICTION
362,E200000,02000,00000,OTHER INCOME & EXPENSE
362,E200000,02200,00000,CHANGE IN TEMP RESTRICTED ASSETS
362,E200000,02300,00000,OTHER REVENUE
362,S000000,00100,00100,X
362,S000000,00400,00100,2
362,S000000,00500,00100,06/24/2021
362,S000000,00600,00100,10001
362,S000000,00700,00100,N
362,S000000,00800,00100,N
362,S000000,00900,00100,11/21/2022
362,S000000,01000,00100,4
362,S000001,00100,00100,DONOR NETWORK WEST
362,S000001,00100,00200,05P005
362,S000001,00101,00100,12667 ALCOSTA BLVD. SUITE 500
362,S000001,00102,00100,SAN RAMON
362,S000001,00102,00200,CA
362,S000001,00102,00300,94583
362,S000001,00300,00100,01/01/2020
362,S000001,00300,00200,12/31/2020
362,S000001,00400,00100,6
362,S000001,00400,00300,1
362,S000001,00400,00400,11/01/1987
362,S000001,00401,00300,1
362,S000002,00100,00200,Y
362,S000002,00300,00100,CHIEF FINANCIAL OFFICER
362,S000002,00400,00100,06/22/2021
362,S100001,00700,00100,N
362,S100001,00810,00000,SMALL BOWEL
362,S100001,00811,00000,VERTEBRAL SEG
362,S100001,00812,00000,OTHER/VEIN
362,S100003,00100,00100,MEDICAL DIRECTOR
362,S100003,00100,00300,MEDICAL DIRECTOR
362,S100003,00100,00500,LAB DIRECTOR
362,S100003,00101,00100,EXEC. DIRECTOR
362,S100003,00101,00300,PROCUREMENT COORDINATOR
362,S100003,00101,00500,TECHNICIANS
362,S100003,00102,00100,CLERICAL
362,S100003,00102,00300,PRESERVATION TECHNICIANS
362,S100003,00102,00500,TISSUE TYPING TECH.
362,S100003,00103,00100,OTHER
362,S100003,00103,00300,OTHER
362,S100003,00103,00500,OTHER
362,S200000,00100,00100,N
362,S200000,00200,00100,N
362,S200000,00300,00100,N
362,S200000,00400,00100,Y
362,S200000,00400,00200,A
362,S200000,00500,00100,N
362,S200000,00600,00300,CONTROLLER
362,S200000,00700,00100,DONOR NETWORK WEST
363,A000000,00100,00000,0100CAPITAL COSTS-BLDG & FIXT
363,A000000,00200,00000,0200CAPITAL COSTS-MVBLE EQUIPMENT
363,A000000,00300,00000,0300EMPLOYEE BENEFITS
363,A000000,00400,00000,0400ADMINISTRATIVE & GENERAL
363,A000000,00500,00000,0500OPERATION AND MAINTENANCE OF PLANT
363,A000000,00600,00000,0600HOUSEKEEPING
363,A000000,00700,00000,0700MEDICAL SUPPLIES
363,A000000,00800,00000,0800OTHER OVERHEAD
363,A000000,00900,00000,0900PROCUREMENT COORDINATORS
363,A000000,01000,00000,1000PROFESSIONAL EDUCATION
363,A000000,01100,00000,1100PUBLIC EDUCATION
363,A000000,01200,00000,1200OTHER ACQUISITION
363,A000000,01300,00000,1300KIDNEY ACQUISITIONS
363,A000000,01400,00000,1400TISSUE TYPING LABORATORY
363,A000000,01500,00000,1500LIVER ACQUISITIONS
363,A000000,01600,00000,1600HEART ACQUISITIONS
363,A000000,01700,00000,1700PANCREAS ACQUISITIONS
363,A000000,01800,00000,1800LUNG ACQUISITIONS
363,A000000,01900,00000,1900INTESTINE ACQUISITIONS
363,A000000,02100,00000,2100RESEARCH
363,A000000,02200,00000,2200BLOOD BANK
363,A000000,02300,00000,2300LABORATORY-NON-TISSUE TYPING
363,A000000,02400,00000,2400DIALYSIS UNITS
363,A000000,02500,00000,2500TISSUE
363,A000000,02501,00000,2501GOLF ALLOCATION
363,A000000,02502,00000,2502UNUSED SPACE
363,A100000,01700,00000,POSTAGE
363,A100000,01800,00000,PAYROLL PROCESSING
363,A100000,01900,00000,BOND AMORTIZATION
363,A100000,01901,00000,MISCELLANEOUS EXPENSES
363,A20H000,00900,00000,XRAY FEES
363,A20K000,02100,00000,OTHER COSTS
363,A300000,00600,00000,PRINTING AND OFFICE SUPPLIES
363,A300000,00700,00000,OPERATING SUPPLIES
363,A300000,00800,00000,MEETING AND TRAVEL
363,A300000,00900,00000,CONSULTANTS
363,A300000,00901,00000,DEPRECIATION
363,A300000,01000,00000,EQUIPMENT RENTAL
363,A400010,00100,00000,TISSUE OVERHEAD RECLASS
363,A400010,00100,00100,A
363,A400010,00100,00200,TISSUE
363,A400010,00100,00500,PROCUREMENT COORDINATORS
363,A400010,00200,00000,A&G OCCUPANCY RECLASS
363,A400010,00200,00100,B
363,A400010,00200,00200,ADMINISTRATIVE & GENERAL
363,A400010,00200,00500,CAPITAL COSTS-BLDG & FIXT
363,A400010,00300,00000,A&G OCCUPANCY RECLASS
363,A400010,00300,00100,B
363,A400010,00300,00500,OPERATION AND MAINTENANCE OF PLANT
363,A500010,00800,00100,A
363,A500010,00800,00300,PROCUREMENT COORDINATORS
363,A500010,01200,00100,A
363,A500010,01200,00300,ADMINISTRATIVE & GENERAL
363,A500010,01500,00000,LOBBYING EXPENSES
363,A500010,01500,00100,A
363,A500010,01500,00300,ADMINISTRATIVE & GENERAL
363,A500010,01506,00000,GOLF ALLOCATION
363,A500010,01506,00100,A
363,A500010,01506,00300,GOLF ALLOCATION
363,A500010,01507,00000,OFFSET TISSUE LOST CHARGES
363,A500010,01507,00100,A
363,A500010,01507,00300,TISSUE
363,A500010,01600,00000,UNALLOWABLE PROFESSIONAL EDUC EXPENS
363,A500010,01600,00100,A
363,A500010,01600,00300,PROFESSIONAL EDUCATION
363,A500010,01601,00000,UNALLOWABLE PUBLIC EDUC EXPENSES
363,A500010,01601,00100,A
363,A500010,01601,00300,PUBLIC EDUCATION
363,A500010,01602,00000,UNALLOWABLE ADMIN EXPENSES
363,A500010,01602,00100,A
363,A500010,01602,00300,ADMINISTRATIVE & GENERAL
363,A500010,01603,00000,UNALLOWABLE TRANSPORTATION
363,A500010,01603,00100,A
363,A500010,01603,00300,PROCUREMENT COORDINATORS
363,A500010,01604,00000,UNALLOWABLE LAB EXPENSES
363,A500010,01604,00100,A
363,A500010,01604,00300,TISSUE TYPING LABORATORY
363,A500010,01605,00000,KIDNEY LIVING RELATED REVENUE
363,A500010,01605,00100,A
363,A500010,01605,00300,KIDNEY ACQUISITIONS
363,A500010,01606,00000,UNALLOWABLE COORD EXPENSES
363,A500010,01606,00100,A
363,A500010,01606,00300,PROCUREMENT COORDINATORS
363,A51000A,00100,00100,N
363,A60000A,00700,00000,OFFICE EQUIPMENT
363,A60000A,00701,00000,LEASEHOLD IMPROVEMENTS
363,A60000A,00702,00000,FIXED ASSET HOLDING ACCOUNT
363,A60000B,00800,00000,OFFICE EQUIPMENT
363,A60000B,00801,00000,LEASEHOLD IMPROVEMENTS
363,A60000C,00500,00100,N
363,B10000*,00100,00200,CAP BLDG
363,B10000*,00100,00300,CAP COSTS
363,B10000*,00100,00400,EMPLOYEE
363,B10000*,00100,00500,MEDICAL
363,B10000*,00100,00800,ORGAN
363,B10000*,00100,01000,ADMIN &
363,B10000*,00200,00200,OP PLANT &
363,B10000*,00200,00300,MOVABLE
363,B10000*,00200,00400,BENEFITS
363,B10000*,00200,00500,SUPPLIES
363,B10000*,00200,00800,ACQUISITN
363,B10000*,00200,01000,GENERAL
363,B10000*,00300,00200,HOUSEKEEP
363,B10000*,00300,00300,EQUIPMENT
363,B10000*,00300,00800,COSTS
363,B10000*,00400,00200,SQUARE
363,B10000*,00400,00300,DOLLAR
363,B10000*,00400,00400,ADJUST
363,B10000*,00400,00500,COSTED
363,B10000*,00400,00800,NUMBER
363,B10000*,00400,01000,ACCUM
363,B10000*,00500,00200,FEET
363,B10000*,00500,00300,VALUE
363,B10000*,00500,00400,SALARIES
363,B10000*,00500,00500,REQUISIT
363,B10000*,00500,00800,ORGANS
363,B10000*,00500,01000,COSTS
363,B10000*,00600,00200,1
363,B10000*,00600,00300,2
363,B10000*,00600,00400,3
363,B10000*,00600,00500,3
363,B10000*,00600,00800,3
363,B10000*,00600,01000,3
363,B100000,00000,01000,X
363,E000000,00900,00000,FLEXIBLE ANNUITY
363,E000000,02600,00000,FIXED ASSET CLEARING ACCOUNT
363,E000000,03900,00000,MEDICARE PAYABLE
363,E000000,04100,00000,FLEXIBLE ANNUITY
363,E100001,00700,00000,TISSUE REVENUE
363,E100001,00800,00000,INTERMEDIARY REIMBURSEMENT
363,E200000,02600,00000,INTEMEDIARY PAYMENT DUE
363,S000000,00100,00100,X
363,S000000,00400,00100,2
363,S000000,00500,00100,04/14/2022
363,S000000,00600,00100,10001
363,S000000,00700,00100,N
363,S000000,00800,00100,N
363,S000000,00900,00100,11/21/2022
363,S000000,01000,00100,4
363,S000001,00100,00100,ORGAN PROCUREMENT AGENCY OF MICHIGAN
363,S000001,00100,00200,23P001
363,S000001,00101,00100,3861 RESEARCH PARK DRIVE
363,S000001,00102,00100,ANN ARBOR
363,S000001,00102,00200,MI
363,S000001,00102,00300,48108
363,S000001,00200,00100,ORGAN PROCUREMENT AGENCY OF MICHIGAN
363,S000001,00200,00200,23HL03
363,S000001,00201,00100,3861 RESEARCH PARK DRIVE
363,S000001,00202,00100,ANN ARBOR
363,S000001,00202,00200,MI
363,S000001,00202,00300,48108
363,S000001,00300,00100,01/01/2020
363,S000001,00300,00200,12/31/2020
363,S000001,00400,00100,6
363,S000001,00400,00300,1
363,S000001,00400,00400,01/01/1979
363,S000001,00401,00100,6
363,S000001,00401,00300,2
363,S000001,00401,00400,01/01/1979
363,S000002,00100,00200,Y
363,S000002,00300,00100,CEO
363,S000002,00400,00100,04/13/2022
363,S100001,00700,00100,Y
363,S100001,00810,00000,INTESTINE
363,S100001,00811,00000,OTHER TISSUE
363,S100002,00400,00100,ABO DECEASED
363,S100002,00401,00100,CMV IGG DECEASED
363,S100002,00402,00100,HEART FLOW XM DECEASED
363,S100002,00403,00100,INTESTINE FLOW XM DECEASED
363,S100002,00404,00100,EBV PANEL DECEASED
363,S100002,00405,00100,LIVER FLOW XM DECEASED
363,S100002,00406,00100,LUNG FLOW XM DECEASED
363,S100002,00407,00100,NAT TESTING DECEASED
363,S100002,00408,00100,PANC XM DECEASED
363,S100002,00409,00100,RENAL ONLY XM DECEASED
363,S100002,00410,00100,RENAL W PANC XM DECEASED
363,S100002,00411,00100,SAMPLE STORAGE FEE DECEASED
363,S100002,00412,00100,INFECTIOUS DISEASE VIRAL MARKER DECE
363,S100002,00413,00100,MOLECULAR SSP CLASS I AND II HLA TE
363,S100002,00414,00100,MOLECULAR SSP CLASS I AND II LIVING
363,S100002,00415,00100,GLYCOSYLATED HGB DECEASED
363,S100002,00417,00100,FEE FOR STAT TESTING FRIDAY-SUNDAY
363,S100002,00418,00100,FEE FOR STAT TESTING SUNDAY-FRIDAY
363,S100002,00419,00100,INFECTIOUS DISEASE VIRAL MARKER LIVI
363,S100002,00420,00100,ABO GROUPING LIVING
363,S100002,00421,00100,LUMINEX FLOW MIRCROARRAY AB ID LIVIN
363,S100002,00422,00100,LUMINEX FLOW SINGLE AG I/II LIVING
363,S100002,00423,00100,FEE FOR NAT TESTING LIVING
363,S100002,00424,00100,FEE FOR STAT TESTING SUNDAY-FRIDAY
363,S100002,00425,00100,FLOW CROSSMATCH LIVING
363,S100002,00426,00100,LIVING FLOW XM ADDITIONAL SERA
363,S100002,00427,00100,FEE FOR STAT TESTING FIRDAY-SUNDAY
363,S100002,00428,00100,SAMPLE STORAGE FEE LIVING
363,S100003,00100,00100,MEDICAL DIRECTOR
363,S100003,00100,00300,MEDICAL DIRECTOR
363,S100003,00100,00500,LAB DIRECTOR
363,S100003,00101,00100,EXEC. DIRECTOR
363,S100003,00101,00300,PROCUREMENT COORDINATOR
363,S100003,00101,00500,TECHNICIANS
363,S100003,00102,00100,CLERICAL
363,S100003,00102,00300,PRESERVATION TECHNICIANS
363,S100003,00102,00500,TISSUE TYPING TECH.
363,S100003,00103,00100,OTHER
363,S100003,00103,00300,OTHER
363,S100003,00103,00500,OTHER
363,S200000,00100,00100,N
363,S200000,00200,00100,N
363,S200000,00300,00100,N
363,S200000,00400,00100,Y
363,S200000,00400,00200,A
363,S200000,00500,00100,Y
363,S200000,00600,00300,DIRECTOR OF ADMINISTRATION
363,S200000,00700,00100,GIFT OF LIFE MICHIGAN
364,A000000,00100,00000,0100CAPITAL COSTS-BLDG & FIXT
364,A000000,00200,00000,0200CAPITAL COSTS-MVBLE EQUIPMENT
364,A000000,00300,00000,0300EMPLOYEE BENEFITS
364,A000000,00400,00000,0400ADMINISTRATIVE & GENERAL
364,A000000,00500,00000,0500OPERATION AND MAINTENANCE OF PLANT
364,A000000,00600,00000,0600HOUSEKEEPING
364,A000000,00700,00000,0700MEDICAL SUPPLIES
364,A000000,00800,00000,0800OTHER OVERHEAD
364,A000000,00900,00000,0900PROCUREMENT COORDINATORS
364,A000000,01000,00000,1000PROFESSIONAL EDUCATION
364,A000000,01100,00000,1100PUBLIC EDUCATION
364,A000000,01300,00000,1300KIDNEY ACQUISITIONS
364,A000000,01400,00000,1400TISSUE TYPING LABORATORY
364,A000000,01500,00000,1500LIVER ACQUISITIONS
364,A000000,01600,00000,1600HEART ACQUISITIONS
364,A000000,01700,00000,1700PANCREAS ACQUISITIONS
364,A000000,01800,00000,1800LUNG ACQUISITIONS
364,A000000,01900,00000,1900SMALL BOWEL      S
364,A000000,02100,00000,2100RESEARCH
364,A000000,02200,00000,2200BLOOD BANK
364,A000000,02300,00000,2300LABORATORY-NON-TISSUE TYPING
364,A000000,02400,00000,2400DIALYSIS UNITS
364,A000000,02500,00000,2500OTHER NON-REIMBURSABLE
364,A100000,01700,00000,CONTRACT SVC
364,A100000,01800,00000,OTHER
364,A100000,01900,00000,NONALLOWABLE
364,A20H000,00900,00000,OTHER EXCISION HOSPITAL
364,A20H000,00901,00000,CARDIOLOGY
364,A20H000,00902,00000,RADIOLOGY
364,A20H000,00903,00000,MEDICAL SUPPLIES SPECIFIC
364,A20H000,00904,00000,OTHER LAB FEES
364,A20H000,02100,00000,OTHER ACQUISITION FEE
364,A20K000,00900,00000,OTHER EXCISION HOSPITAL
364,A20K000,00901,00000,CARDIOLOGY
364,A20K000,00902,00000,RADIOLOGY
364,A20K000,00903,00000,MEDICAL SUPPLIES SPECIFIC
364,A20K000,00904,00000,OTHER LAB FEES
364,A20K000,02100,00000,OTHER ACQUISITION FEE
364,A20L000,00900,00000,OTHER EXCISION HOSPITAL
364,A20L000,00901,00000,CARDIOLOGY
364,A20L000,00902,00000,RADIOLOGY
364,A20L000,00903,00000,MEDICAL SUPPLIES SPECIFIC
364,A20L000,00904,00000,OTHER LAB FEES
364,A20L000,02100,00000,OTHER ACQUISITION FEE
364,A20O000,00900,00000,CARDIOLOGY
364,A20O000,00901,00000,RADIOLOGY
364,A20O000,00902,00000,MEDICAL SUPPLIES SPECIFIC
364,A20O000,00903,00000,OTHER LAB FEES
364,A20O000,02100,00000,OTHER ACQUISITION FEE
364,A20P000,00900,00000,CARDIOLOGY
364,A20P000,00901,00000,RADIOLOGY
364,A20P000,00902,00000,MEDICAL SUPPLIES SPECIFIC
364,A20P000,00903,00000,OTHER LAB FEES
364,A20P000,02100,00000,OTHER ACQUISITION FEE
364,A20U000,00900,00000,OTHER EXCISION HOSPITAL
364,A20U000,00901,00000,CARDIOLOGY
364,A20U000,00902,00000,RADIOLOGY
364,A20U000,00903,00000,MEDICAL SUPPLIES SPECIFIC
364,A20U000,00904,00000,OTHER LAB FEES
364,A20U000,02100,00000,OTHER ACQUISITION FEE
364,A400010,00100,00000,RECLASSIFICATIONS
364,A400010,00100,00100,A
364,A400010,00100,00200,OTHER NON-REIMBURSABLE
364,A400010,00100,00500,PROCUREMENT COORDINATORS
364,A500010,01500,00000,NONALLOWABLE EXPENSES
364,A500010,01500,00100,A
364,A500010,01500,00300,ADMINISTRATIVE & GENERAL
364,A500010,01600,00000,TRANSPORTATION HEART
364,A500010,01600,00100,A
364,A500010,01600,00300,HEART ACQUISITIONS
364,A51000A,00100,00100,N
364,A60000B,00800,00000,FURNITURE & FIXTURES
364,A60000B,00801,00000,MEDICAL EQUIPMENT
364,A60000B,00802,00000,COMPUTER EQUIPMENT
364,A60000B,00803,00000,COMPUTER SOFTWARE
364,A60000B,00804,00000,LEASEHOLD IMPROVEMENTS
364,A60000B,00805,00000,BUILDING
364,A60000C,00500,00100,N
364,B10000*,00100,00200,CAP BLDG
364,B10000*,00100,00300,CAP COSTS
364,B10000*,00100,00400,EMPLOYEE
364,B10000*,00100,00500,MEDICAL
364,B10000*,00100,00800,ORGAN
364,B10000*,00100,01000,ADMIN &
364,B10000*,00200,00200,OP PLANT &
364,B10000*,00200,00300,MOVABLE
364,B10000*,00200,00400,BENEFITS
364,B10000*,00200,00500,SUPPLIES
364,B10000*,00200,00800,ACQUISITN
364,B10000*,00200,01000,GENERAL
364,B10000*,00300,00200,HOUSEKEEP
364,B10000*,00300,00300,EQUIPMENT
364,B10000*,00300,00800,COSTS
364,B10000*,00400,00200,SQUARE
364,B10000*,00400,00300,DOLLAR
364,B10000*,00400,00400,ADJUST
364,B10000*,00400,00500,COSTED
364,B10000*,00400,00800,NUMBER
364,B10000*,00400,01000,ACCUM
364,B10000*,00500,00200,FEET
364,B10000*,00500,00300,VALUE
364,B10000*,00500,00400,SALARIES
364,B10000*,00500,00500,REQUISIT
364,B10000*,00500,00800,ORGANS
364,B10000*,00500,01000,COSTS
364,B10000*,00600,00200,1
364,B10000*,00600,00300,2
364,B10000*,00600,00400,3
364,B10000*,00600,00500,3
364,B10000*,00600,00800,3
364,B10000*,00600,01000,3
364,B100000,00000,01000,X
364,E000000,00900,00000,OTHER CURRENT ASSETS
364,E000000,02600,00000,OTHER FIXED ASSETS
364,E100001,00900,00000,TISSUE REVENUE
364,E200000,01500,00000,UNREALIZED ON INVESTMENTS
364,E200000,01600,00000,REIMBURSEMENT FROM MEDICARE
364,E200000,01700,00000,OTHER INCOME
364,E200000,01800,00000,RESTRICTED INCOME
364,S000000,00100,00100,X
364,S000000,00400,00100,2
364,S000000,00500,00100,06/18/2021
364,S000000,00600,00100,10001
364,S000000,00700,00100,N
364,S000000,00800,00100,N
364,S000000,00900,00100,11/21/2022
364,S000000,01000,00100,4
364,S000001,00100,00100,MISSISSIPPI ORGAN RECOVERY AGENCY
364,S000001,00100,00200,25P001
364,S000001,00101,00100,4400 LAKELAND DRIVE
364,S000001,00102,00100,FLOWOOD
364,S000001,00102,00200,MS
364,S000001,00102,00300,39232
364,S000001,00300,00100,01/01/2020
364,S000001,00300,00200,12/31/2020
364,S000001,00400,00100,8
364,S000001,00400,00300,1
364,S000001,00400,00400,07/01/1994
364,S000001,00401,00300,1
364,S100001,00700,00100,N
364,S100001,00810,00000,OTHER - SMALL BOWEL
364,S100003,00100,00100,MEDICAL DIRECTOR
364,S100003,00100,00300,MEDICAL DIRECTOR
364,S100003,00100,00500,LAB DIRECTOR
364,S100003,00101,00100,EXEC. DIRECTOR
364,S100003,00101,00300,PROCUREMENT COORDINATOR
364,S100003,00101,00500,TECHNICIANS
364,S100003,00102,00100,CLERICAL
364,S100003,00102,00300,PRESERVATION TECHNICIANS
364,S100003,00102,00500,TISSUE TYPING TECH.
364,S100003,00103,00100,OTHER
364,S100003,00103,00300,OTHER
364,S100003,00103,00500,OTHER
364,S200000,00100,00100,N
364,S200000,00200,00100,N
364,S200000,00300,00100,N
364,S200000,00400,00100,Y
364,S200000,00400,00200,A
364,S200000,00500,00100,N
364,S200000,00600,00300,DIRECTOR OF FINANCE
364,S200000,00700,00100,MISSISSIPPI ORGAN RECOVERY AGENCY
365,A000000,00100,00000,0100CAPITAL COSTS-BLDG & FIXT
365,A000000,00200,00000,0200CAPITAL COSTS-MVBLE EQUIPMENT
365,A000000,00300,00000,0300EMPLOYEE BENEFITS
365,A000000,00400,00000,0400ADMINISTRATIVE & GENERAL
365,A000000,00500,00000,0500OPERATION AND MAINTENANCE OF PLANT
365,A000000,00600,00000,0600HOUSEKEEPING
365,A000000,00700,00000,0700MEDICAL SUPPLIES
365,A000000,00800,00000,0800OTHER OVERHEAD
365,A000000,00900,00000,0900PROCUREMENT COORDINATORS
365,A000000,01000,00000,1000PROFESSIONAL EDUCATION
365,A000000,01100,00000,1100PUBLIC EDUCATION
365,A000000,01200,00000,1200OTHER ACQUISITION
365,A000000,01300,00000,1300KIDNEY ACQUISITIONS
365,A000000,01400,00000,1400TISSUE TYPING LABORATORY
365,A000000,01500,00000,1500LIVER ACQUISITIONS
365,A000000,01600,00000,1600HEART ACQUISITIONS
365,A000000,01700,00000,1700PANCREAS ACQUISITIONS
365,A000000,01800,00000,1800LUNG ACQUISITIONS
365,A000000,01900,00000,1900OTHER ACQUISITIONS
365,A000000,02100,00000,2100RESEARCH
365,A000000,02200,00000,2200BLOOD BANK
365,A000000,02300,00000,2300LABORATORY-NON-TISSUE TYPING
365,A000000,02400,00000,2400DIALYSIS UNITS
365,A000000,02500,00000,2500OTHER NON-REIMBURSABLE
365,A100000,01700,00000,FINANCE DEPARTMENT
365,A100000,01800,00000,HUMAN RESOURCES
365,A100000,01900,00000,QUALITY SYSTEMS
365,A100000,01903,00000,BANK CHARGES
365,A100000,01904,00000,ADP CHARGES
365,A100000,01905,00000,DUES AND SUBSCRIPTIONS
365,A100000,01906,00000,REPAIRS  MAINTENANCE AND LEASES
365,A100000,01907,00000,EXPENSED ASSETS
365,A100000,01908,00000,STATLINE ANSWERING SERVICE
365,A100000,01910,00000,NON-REIMBURSABLE
365,A100000,01911,00000,PERSONAL EXPENSE
365,A100000,01912,00000,CONTRACT SERVICES
365,A20H000,00900,00000,OTHER HOSPITAL COSTS
365,A20H000,00901,00000,CARDIOLOGY
365,A20H000,00902,00000,RADIOLOGY
365,A20H000,02100,00000,OTHER HEART COSTS
365,A20H000,02101,00000,HEART CATHETER
365,A20H000,02102,00000,VENUS CATHETER
365,A20H000,02103,00000,ECHOS
365,A20H000,02104,00000,EKGS
365,A20H000,02105,00000,CHEST XRAY
365,A20H000,02106,00000,SEROLOGY
365,A20H000,02107,00000,PATHOLOGY AND BIOPSY
365,A20K000,00900,00000,OTHER HOSPITAL COSTS
365,A20K000,00901,00000,RADIOLOGY
365,A20K000,00902,00000,CARDIOLOGY
365,A20K000,02100,00000,VENS CATHETER
365,A20K000,02101,00000,CHEST XRAY
365,A20K000,02102,00000,SEROLOGY
365,A20K000,02103,00000,PATHGOLOGY AND BIOPSY
365,A20K000,02104,00000,KIDNEY PERFUSION
365,A20L000,00900,00000,OTHER HOSPITAL COSTS
365,A20L000,00901,00000,CARDIOLOGY
365,A20L000,00902,00000,RADIOLOGY
365,A20L000,02100,00000,OTHER LIVER COSTS
365,A20L000,02101,00000,HEART CATHETER
365,A20L000,02102,00000,VENUS CATHETER
365,A20L000,02103,00000,CHEST XRAY
365,A20L000,02104,00000,SEROLOGY
365,A20L000,02105,00000,PATHOLOGY AND BIOPSY
365,A20O000,00900,00000,RADIOLOGY
365,A20O000,02100,00000,OTHER SMALL INTESTINE COSTS
365,A20P000,00900,00000,OTHER HOSPITAL COSTS
365,A20P000,00901,00000,RADIOLOGY
365,A20P000,02100,00000,SEROLOGY
365,A20P000,02101,00000,VENUS CATHETER
365,A20P000,02102,00000,CHEST XRAY
365,A20U000,00900,00000,OTHER HOSPITAL COSTS
365,A20U000,00901,00000,RADIOLOGY
365,A20U000,00902,00000,EEG
365,A20U000,02100,00000,OTHER LUNG COSTS
365,A300000,00600,00000,CONTRACT TECHS
365,A300000,00700,00000,GROUP INSURANCE
365,A300000,00800,00000,SEP CONTRIBUTION
365,A300000,00900,00000,TRAVEL  MEETINGS AND SEMINARS
365,A300000,00901,00000,FICA/MEDICARE TAX
365,A300000,00902,00000,TN UNEMPLOYMENT TAX
365,A300000,00903,00000,CONTRACT SERVICES
365,A300000,00904,00000,COMMUNICATION SERVICES
365,A300000,00905,00000,OFFICE EXPENSE
365,A300000,00906,00000,DISPOSABLE SUPPLIES
365,A300000,00907,00000,DUES  MEMBERSHIPS AND SUBSCRIPTIONS
365,A300000,00908,00000,REPAIRS  MAINTENANCE AND LEASES
365,A300000,00909,00000,OTHER EXPENSES
365,A300000,00910,00000,LAB DIRECTOR
365,A400010,00100,00000,RECLASSIFICATIONS
365,A400010,00100,00100,A
365,A400010,00100,00200,OTHER NON-REIMBURSABLE
365,A400010,00100,00500,PROFESSIONAL EDUCATION
365,A400010,00200,00000,RECLASSIFICATIONS
365,A400010,00200,00100,A
365,A400010,00200,00200,OTHER NON-REIMBURSABLE
365,A400010,00200,00500,PUBLIC EDUCATION
365,A400010,00300,00000,RECLASSIFICATIONS
365,A400010,00300,00100,A
365,A400010,00300,00200,OTHER NON-REIMBURSABLE
365,A400010,00300,00500,PROCUREMENT COORDINATORS
365,A500010,01500,00000,LOBBYING EXPENSE
365,A500010,01500,00100,A
365,A500010,01500,00300,ADMINISTRATIVE & GENERAL
365,A500010,01600,00000,RESEARCH INCOME
365,A500010,01600,00100,B
365,A500010,01600,00300,PROCUREMENT COORDINATORS
365,A500010,01601,00000,MISCELLANEOUS INCOME
365,A500010,01601,00100,B
365,A500010,01601,00300,ADMINISTRATIVE & GENERAL
365,A500010,01602,00000,NON-REIMBURSABLE EXPENSES
365,A500010,01602,00100,A
365,A500010,01602,00300,ADMINISTRATIVE & GENERAL
365,A500010,01603,00000,INTEREST EXPENSE
365,A500010,01603,00100,A
365,A500010,01603,00300,ADMINISTRATIVE & GENERAL
365,A51000A,00100,00100,N
365,A60000A,00700,00000,LEASEHOLD IMPROVEMENTS
365,A60000A,00701,00000,TISSUE RECOVERY EQUIPMENT
365,A60000A,00702,00000,KIDNEY PRESERVATION FURN & FIXT
365,A60000A,00703,00000,HLA LAB FURN & FIXT567819
365,A60000A,00704,00000,OFFICE FURN & FIXT
365,A60000A,00705,00000,COMPUTER HARDWARE
365,A60000A,00706,00000,COMPUTER SOFTWARE
365,A60000B,00800,00000,LEASEHOLD IMPROVEMENTS
365,A60000B,00801,00000,TISSUE RECOVERY EQUIPMENT
365,A60000B,00802,00000,KIDNEY PRESERVATION FURN & FIXT
365,A60000B,00803,00000,HLA LAB FURN & FIXT
365,A60000B,00804,00000,OFFICE FURN & FIXT
365,A60000B,00805,00000,COMPUTER HARDWARE
365,A60000B,00806,00000,COMPUTER SOFTWARE
365,B10000*,00100,00200,CAP BLDG
365,B10000*,00100,00300,CAP COSTS
365,B10000*,00100,00400,EMPLOYEE
365,B10000*,00100,00500,MEDICAL
365,B10000*,00100,00800,ORGAN
365,B10000*,00100,01000,ADMIN &
365,B10000*,00200,00200,OP PLANT &
365,B10000*,00200,00300,MOVABLE
365,B10000*,00200,00400,BENEFITS
365,B10000*,00200,00500,SUPPLIES
365,B10000*,00200,00800,ACQUISITN
365,B10000*,00200,01000,GENERAL
365,B10000*,00300,00200,HOUSEKEEP
365,B10000*,00300,00300,EQUIPMENT
365,B10000*,00300,00800,COSTS
365,B10000*,00400,00200,SQUARE
365,B10000*,00400,00300,DOLLAR
365,B10000*,00400,00400,ADJUST
365,B10000*,00400,00500,COSTED
365,B10000*,00400,00800,NUMBER
365,B10000*,00400,01000,ACCUM
365,B10000*,00500,00200,FEET
365,B10000*,00500,00300,VALUE
365,B10000*,00500,00400,SALARIES
365,B10000*,00500,00500,REQUISIT
365,B10000*,00500,00800,ORGANS
365,B10000*,00500,01000,COSTS
365,B10000*,00600,00200,1
365,B10000*,00600,00300,2
365,B10000*,00600,00400,3
365,B10000*,00600,00500,3
365,B10000*,00600,00800,3
365,B10000*,00600,01000,3
365,B100000,00000,01000,X
365,E000000,00900,00000,OTHER CURRENT ASSETS
365,E000000,02600,00000,ALL FIXED ASSETS
365,E000000,03900,00000,SEP DEFERRED RENT WITHHOLDINGS
365,E000000,04600,00000,CAPITAL LEASE
365,E000000,04700,00000,SBA LOAN
365,E100001,00700,00000,TISSUE PROCUREMENT
365,E100001,00800,00000,RESEARCH REVENUE
365,E100001,00900,00000,MEDICARE
365,E200000,01500,00000,COUNTY GRANTS
365,E200000,01600,00000,DONATIONS
365,E200000,01700,00000,MISCELLANEOUS
365,E200000,01800,00000,UNREALIZED GAIN(LOSS) ON SALE
365,S000000,00100,00100,X
365,S000000,00400,00100,2
365,S000000,00500,00100,05/27/2022
365,S000000,00600,00100,10001
365,S000000,00700,00100,N
365,S000000,00800,00100,N
365,S000000,00900,00100,11/21/2022
365,S000000,01000,00100,4
365,S000001,00100,00100,MID-SOUTH TRANSPLANT FOUNDATION  INC
365,S000001,00100,00200,44P003
365,S000001,00101,00100,8001 CENTERVIEW PKWY  STE 302
365,S000001,00102,00100,CORDOVA
365,S000001,00102,00200,TN
365,S000001,00102,00300,38018
365,S000001,00200,00100,MID-SOUTH TRANSPLANT FOUNDATION  INC
365,S000001,00200,00200,44HL02
365,S000001,00201,00100,8001 CENTERVIEW PKWY  STE 302
365,S000001,00202,00100,CORDOVA
365,S000001,00202,00200,TN
365,S000001,00202,00300,38018
365,S000001,00300,00100,01/01/2020
365,S000001,00300,00200,12/31/2020
365,S000001,00400,00100,6
365,S000001,00400,00300,1
365,S000001,00400,00400,04/01/1976
365,S000001,00401,00100,6
365,S000001,00401,00300,2
365,S000001,00401,00400,01/01/1979
365,S000002,00300,00100,EXECUTIVE DIRECTOR
365,S100001,00700,00100,N
365,S100001,00810,00000,SMALL BOWEL
365,S100001,00811,00000,VEIN
365,S100001,00812,00000,HEART IMPORTS
365,S100002,00400,00100,CLASS 1 & 2 QPCR TYPING KIDNEY
365,S100002,00401,00100,LUMINEX CLASS 1 PRA/AB ID KIDNEY
365,S100002,00402,00100,LUMINEX CLASS 2 PRA/AB ID KIDNEY
365,S100002,00403,00100,LUMINEX CLASS 1 HIGH DEF KIDNEY
365,S100002,00404,00100,LUMINEX CLASS 2 HIGH DEF KIDNEY
365,S100002,00405,00100,LUMINEX CLASS 1 HIGH DEF - C3D KIDNE
365,S100002,00406,00100,LUMINEX CLASS 2 HIGH DEF - C3D KIDNE
365,S100002,00407,00100,FLOW T-CELL IGG CROSSMATCH KIDNEY
365,S100002,00408,00100,FLOW B-CELL IGG CROSSMATCH KIDNEY
365,S100002,00409,00100,LOCAL DONOR TYPING
365,S100002,00410,00100,CELL PROCESSING & FREEZING-APOLLO
365,S100002,00411,00100,DNA EXTRACTION-APOLLO
365,S100002,00412,00100,FACILITATION-APOLLO
365,S100002,00413,00100,STAT TESTING FEE
365,S100002,00414,00100,SERUM PROCESS & ARCHIVE W/NO TESTING
365,S100003,00100,00100,MEDICAL DIRECTOR
365,S100003,00100,00300,MEDICAL DIRECTOR
365,S100003,00100,00500,LAB DIRECTOR
365,S100003,00101,00100,EXEC. DIRECTOR
365,S100003,00101,00300,PROCUREMENT COORDINATOR
365,S100003,00101,00500,TECHNICIANS
365,S100003,00102,00100,CLERICAL
365,S100003,00102,00300,PRESERVATION TECHNICIANS
365,S100003,00102,00500,TISSUE TYPING TECH.
365,S100003,00103,00100,OTHER
365,S100003,00103,00300,OTHER
365,S100003,00103,00500,OTHER
365,S200000,00100,00100,N
365,S200000,00200,00100,N
365,S200000,00300,00100,N
365,S200000,00400,00100,Y
365,S200000,00400,00200,C
365,S200000,00400,00300,05/04/2021
365,S200000,00500,00100,N
365,S200000,00600,00300,MGR FINANCE
365,S200000,00700,00100,MID-SOUTH TRANSPLANT FOUNDATION
368,A000000,00100,00000,0100CAPITAL COSTS-BLDG & FIXT
368,A000000,00200,00000,0200CAPITAL COSTS-MVBLE EQUIPMENT
368,A000000,00300,00000,0300EMPLOYEE BENEFITS
368,A000000,00400,00000,0400ADMINISTRATIVE & GENERAL
368,A000000,00500,00000,0500OPERATION AND MAINTENANCE OF PLANT
368,A000000,00600,00000,0600HOUSEKEEPING
368,A000000,00700,00000,0700MEDICAL SUPPLIES
368,A000000,00800,00000,0800OTHER OVERHEAD
368,A000000,00900,00000,0900PROCUREMENT COORDINATORS
368,A000000,01000,00000,1000PROFESSIONAL EDUCATION
368,A000000,01100,00000,1100PUBLIC EDUCATION
368,A000000,01200,00000,1200OTHER ACQUISITION
368,A000000,01300,00000,1300KIDNEY ACQUISITIONS
368,A000000,01400,00000,1400TISSUE TYPING LABORATORY
368,A000000,01500,00000,1500LIVER ACQUISITIONS
368,A000000,01600,00000,1600HEART ACQUISITIONS
368,A000000,01700,00000,1700PANCREAS ACQUISITIONS
368,A000000,01800,00000,1800LUNG ACQUISITIONS
368,A000000,01900,00000,1900OTHER ACQUISITIONS
368,A000000,02100,00000,2100RESEARCH
368,A000000,02200,00000,2200BLOOD BANK
368,A000000,02300,00000,2300LABORATORY-NON-TISSUE TYPING
368,A000000,02400,00000,2400DIALYSIS UNITS
368,A100000,01700,00000,BENEFITS
368,A100000,01800,00000,DEPRECIATION
368,A100000,01900,00000,PROFESSIONAL FEES
368,A100000,01901,00000,BUILDING EXPENSE
368,A100000,01902,00000,TELEPHONE
368,A100000,01903,00000,UTILITIES
368,A100000,01904,00000,NON-REIMBURSABLE COSTS
368,A300000,00600,00000,SALARIES
368,A300000,00700,00000,DEPRECIATION
368,A300000,00800,00000,ADMIN & GENERAL
368,A300000,00900,00000,BENEFITS
368,A300000,01000,00000,DISPOSAL SERVICE
368,A300000,01001,00000,UTILITIES
368,A300000,01002,00000,SUPPLIES
368,A400010,00100,00000,BUILDING COSTS
368,A400010,00100,00100,A
368,A400010,00100,00200,CAPITAL COSTS-BLDG & FIXT
368,A400010,00100,00500,ADMINISTRATIVE & GENERAL
368,A400010,00200,00000,UTILITIES
368,A400010,00200,00100,B
368,A400010,00200,00200,OPERATION AND MAINTENANCE OF PLANT
368,A400010,00200,00500,ADMINISTRATIVE & GENERAL
368,A51000A,00100,00100,Y
368,A51000B,00100,00200,ADMINISTRATIVE & GENERAL
368,A51000B,00100,00300,VRL ADMIN COSTS
368,A51000C,00100,00100,B
368,A51000C,00100,00400,EUROFINS VRL  INC.
368,A51000C,00100,00600,BIO-ANALYTICAL TESTING
368,A60000A,00700,00000,FIXED ASSET CLEARING
368,A60000C,00500,00100,N
368,B10000*,00100,00200,CAP BLDG
368,B10000*,00100,00300,CAP COSTS
368,B10000*,00100,00400,EMPLOYEE
368,B10000*,00100,00500,MEDICAL
368,B10000*,00100,00800,ORGAN
368,B10000*,00100,01000,ADMIN &
368,B10000*,00200,00200,OP PLANT &
368,B10000*,00200,00300,MOVABLE
368,B10000*,00200,00400,BENEFITS
368,B10000*,00200,00500,SUPPLIES
368,B10000*,00200,00800,ACQUISITN
368,B10000*,00200,01000,GENERAL
368,B10000*,00300,00200,HOUSEKEEP
368,B10000*,00300,00300,EQUIPMENT
368,B10000*,00300,00800,COSTS
368,B10000*,00400,00200,SQUARE
368,B10000*,00400,00300,DOLLAR
368,B10000*,00400,00400,ADJUST
368,B10000*,00400,00500,COSTED
368,B10000*,00400,00600,ACCUMULATE
368,B10000*,00400,00800,NUMBER
368,B10000*,00400,01000,ACCUM
368,B10000*,00500,00200,FEET
368,B10000*,00500,00300,VALUE
368,B10000*,00500,00400,SALARIES
368,B10000*,00500,00500,REQUISIT
368,B10000*,00500,00600,D COST
368,B10000*,00500,00800,ORGANS
368,B10000*,00500,01000,COSTS
368,B10000*,00600,00200,1
368,B10000*,00600,00300,2
368,B10000*,00600,00400,3
368,B10000*,00600,00500,3
368,B10000*,00600,00800,3
368,B10000*,00600,01000,3
368,B100000,00000,01000,X
368,E000000,00900,00000,OTHER CURRENT ASSETS
368,E000000,02600,00000,OTHER FIXED ASSETS
368,E000000,03100,00000,OTHER ASSETS
368,E000000,03900,00000,ACCRUED EXPENSES
368,E000000,04100,00000,DEFERRED INCOME TAX - NON CURRENT
368,E000000,04600,00000,DEFERRED LEASE LIABILITY
368,E000000,04700,00000,DEFERRED COMPENSATION PAYABLE
368,E000000,04800,00000,DEFERRED INCOME TAXES PAY\(REC)
368,E100001,00700,00000,NET REVENUE
368,E100001,00800,00000,INTERCOMPANY SALES
368,E100001,00900,00000,SALES - OTHER ADMIN
368,E100002,00300,00000,ADDL EXPENSES FOR AFFILIATE LABS
368,E200000,01500,00000,MISC INCOME
368,E200000,02300,00000,ROUNDING
368,E200000,02600,00000,INTEREST EXP
368,E200000,02700,00000,INCOME TAX EXP
368,S000000,00100,00100,X
368,S000000,00400,00100,2
368,S000000,00500,00100,07/27/2021
368,S000000,00600,00100,10001
368,S000000,00700,00100,N
368,S000000,00800,00100,N
368,S000000,00900,00100,12/02/2022
368,S000000,01000,00100,4
368,S000001,00100,00100,EUROFINS VRL LOS ANGELES LLC
368,S000001,00100,00200,05HL08
368,S000001,00101,00100,2100 WEST THIRD STREET  SUITE 301
368,S000001,00102,00100,LOS ANGELES
368,S000001,00102,00200,CA
368,S000001,00102,00300,90057
368,S000001,00300,00100,01/01/2020
368,S000001,00300,00200,12/31/2020
368,S000001,00400,00100,2
368,S000001,00400,00300,2
368,S000001,00400,00400,07/08/2004
368,S000001,00401,00300,1
368,S000002,00100,00200,Y
368,S000002,00300,00100,DIRECTOR OF FINANCE
368,S000002,00400,00100,07/21/2021
368,S100001,00700,00100,N
368,S100001,00810,00000,OTHER
368,S100002,00400,00100,CLASS I-SINGLE ANTIGEN BEAD SPECIFIC
368,S100002,00401,00100,CLASS II-SINGLE ANTIGEN BEAD SPECIFI
368,S100002,00402,00100,COMPLETE HLA LOCI TYPING
368,S100002,00403,00100,CROSSMATCH  DTT
368,S100002,00404,00100,CROSSMATCH  PRONASE
368,S100002,00405,00100,DECEASED DONOR ADDITIONAL CROSSMATCH
368,S100002,00406,00100,DECEASED DONOR PARTIAL WORK-UP-LOCAL
368,S100002,00407,00100,HLA - CROSSMATCH  FLOW CYTOMETRY
368,S100002,00408,00100,HLA - CROSSMATCH  LYMPHOCYTOTOXICITY
368,S100002,00409,00100,HLA - PRA - FLOW
368,S100002,00410,00100,HLA - SERUM PROCESSING AND STORAGE
368,S100002,00411,00100,HLA - STAT TESTING
368,S100002,00412,00100,HLA A TYPING  DNA CLASS I
368,S100002,00413,00100,HLA B TYPING  DNA CLASS I
368,S100002,00414,00100,HLA C TYPING  DNA CLASS I
368,S100002,00415,00100,HLA DECEASED DONOR COMPLETE WU IMPOR
368,S100002,00416,00100,HLA DECEASED DONOR COMPLETE WU LOCAL
368,S100002,00417,00100,HLA TYPING  DNA CLASS II
368,S100002,00418,00100,HLA TYPING  DNA CLASS II DPA
368,S100002,00419,00100,HLA TYPING  DNA CLASS II DPB
368,S100002,00420,00100,HLA TYPING  DNA CLASS II DQA
368,S100002,00421,00100,NKR CRYOGENIC VIAL SHIPMENT
368,S100002,00422,00100,NKR DONOR PROCESSING
368,S100002,00423,00100,SERUM  FUTURE CROSSMATCH PROC & STOR
368,S100003,00100,00100,MEDICAL DIRECTOR
368,S100003,00100,00300,MEDICAL DIRECTOR
368,S100003,00100,00500,LAB DIRECTOR
368,S100003,00101,00100,EXEC. DIRECTOR
368,S100003,00101,00300,PROCUREMENT COORDINATOR
368,S100003,00101,00500,TECHNICIANS
368,S100003,00102,00100,CLERICAL
368,S100003,00102,00300,PRESERVATION TECHNICIANS
368,S100003,00102,00500,TISSUE TYPING TECH.
368,S100003,00103,00100,OTHER
368,S100003,00103,00300,OTHER
368,S100003,00103,00500,OTHER
368,S200000,00100,00100,N
368,S200000,00200,00100,N
368,S200000,00300,00100,Y
368,S200000,00400,00100,Y
368,S200000,00400,00200,A
368,S200000,00500,00100,Y
368,S200000,00600,00300,CONTROLLER
368,S200000,00700,00100,VRL EUROFINS
370,A000000,00100,00000,0100CAPITAL COSTS-BLDG & FIXT
370,A000000,00200,00000,0200CAPITAL COSTS-MVBLE EQUIPMENT
370,A000000,00300,00000,0300EMPLOYEE BENEFITS
370,A000000,00400,00000,0400ADMINISTRATIVE & GENERAL
370,A000000,00500,00000,0500OPERATION AND MAINTENANCE OF PLANT
370,A000000,00600,00000,0600HOUSEKEEPING
370,A000000,00700,00000,0700MEDICAL SUPPLIES
370,A000000,00800,00000,0800OTHER OVERHEAD
370,A000000,00900,00000,0900PROCUREMENT COORDINATORS
370,A000000,01000,00000,1000PROFESSIONAL EDUCATION
370,A000000,01100,00000,1100PUBLIC EDUCATION
370,A000000,01200,00000,1200OTHER ACQUISITION
370,A000000,01300,00000,1300KIDNEY ACQUISITIONS
370,A000000,01400,00000,1400TISSUE TYPING LABORATORY
370,A000000,01500,00000,1500LIVER ACQUISITIONS
370,A000000,01600,00000,1600HEART ACQUISITIONS
370,A000000,01700,00000,1700PANCREAS ACQUISITIONS
370,A000000,01800,00000,1800LUNG ACQUISITIONS
370,A000000,01900,00000,1900OTHER ACQUISITIONS
370,A000000,02100,00000,2100RESEARCH
370,A000000,02200,00000,2200BLOOD BANK
370,A000000,02300,00000,2300LABORATORY-NON-TISSUE TYPING
370,A000000,02400,00000,2400DIALYSIS UNITS
370,A000000,02500,00000,2500OTHER AFFILIATE LABS
370,A100000,01800,00000,CONTRIBUTIONS
370,A100000,01900,00000,OTHER
370,A100000,01901,00000,NON-REIMBURSABLE EXPENSES
370,A300000,00600,00000,TRAINING/EDUCATION TRANSPLANT
370,A300000,00700,00000,OTHER TISSUE TYPING SUPPLIES
370,A300000,00800,00000,OTHER TISSUE TYPING COSTS
370,A400010,00100,00000,DENVER ADMIN ONLY
370,A400010,00100,00100,B
370,A400010,00100,00200,TISSUE TYPING LABORATORY
370,A400010,00100,00500,ADMINISTRATIVE & GENERAL
370,A400010,00200,00000,DENVER ADMIN ONLY
370,A400010,00200,00100,B
370,A400010,00200,00200,LABORATORY-NON-TISSUE TYPING
370,A500010,01500,00000,NONALLOWABLE EXPENSE
370,A500010,01500,00100,A
370,A500010,01500,00300,ADMINISTRATIVE & GENERAL
370,A500010,01601,00000,FY 2018 SAN RAMON START UP COSTS
370,A500010,01601,00100,A
370,A500010,01601,00300,OTHER AFFILIATE LABS
370,A51000A,00100,00100,Y
370,A51000B,00100,00200,ADMINISTRATIVE & GENERAL
370,A51000B,00100,00300,VRL ADMIN COSTS
370,A51000C,00100,00100,B
370,A51000C,00100,00400,EUROFINS VRL  INC
370,A51000C,00100,00600,BIO-ANALYTICAL TESTING
370,A60000A,00700,00000,FIXED ASSET CLEARING
370,A60000C,00500,00100,N
370,B10000*,00100,00200,CAP BLDG
370,B10000*,00100,00300,CAP COSTS
370,B10000*,00100,00400,EMPLOYEE
370,B10000*,00100,00500,MEDICAL
370,B10000*,00100,00800,ORGAN
370,B10000*,00100,01000,ADMIN &
370,B10000*,00200,00200,OP PLANT &
370,B10000*,00200,00300,MOVABLE
370,B10000*,00200,00400,BENEFITS
370,B10000*,00200,00500,SUPPLIES
370,B10000*,00200,00800,ACQUISITN
370,B10000*,00200,01000,GENERAL
370,B10000*,00300,00200,HOUSEKEEP
370,B10000*,00300,00300,EQUIPMENT
370,B10000*,00300,00800,COSTS
370,B10000*,00400,00200,SQUARE
370,B10000*,00400,00300,DOLLAR
370,B10000*,00400,00400,ADJUST
370,B10000*,00400,00500,COSTED
370,B10000*,00400,00600,ACCUMULATE
370,B10000*,00400,00800,NUMBER
370,B10000*,00400,01000,ACCUM
370,B10000*,00500,00200,FEET
370,B10000*,00500,00300,VALUE
370,B10000*,00500,00400,SALARIES
370,B10000*,00500,00500,REQUISIT
370,B10000*,00500,00600,D COST
370,B10000*,00500,00800,ORGANS
370,B10000*,00500,01000,COSTS
370,B10000*,00600,00200,1
370,B10000*,00600,00300,2
370,B10000*,00600,00400,3
370,B10000*,00600,00500,3
370,B10000*,00600,00800,3
370,B10000*,00600,01000,3
370,B100000,00000,01000,X
370,E000000,00900,00000,DUE TO\FROM MEDICARE
370,E000000,02600,00000,OTHER FIXED ASSETS
370,E000000,03100,00000,OTHER ASSETS
370,E000000,03900,00000,ACCRUED EXPENSES
370,E000000,04100,00000,OTHER CURRENT LIABILITIES
370,E000000,04800,00000,DEFERRED INCOME TAXES PAY\(REC)
370,E100001,00700,00000,NET REVENUE
370,E100002,00300,00000,ADDL EXPENSES FOR AFFILIATE LABS
370,E200000,02300,00000,ROUNDING
370,E200000,02600,00000,INTEREST EXP
370,E200000,02700,00000,INCOME TAX EXP
370,S000000,00100,00100,X
370,S000000,00400,00100,2
370,S000000,00500,00100,07/27/2021
370,S000000,00600,00100,10001
370,S000000,00700,00100,N
370,S000000,00800,00100,N
370,S000000,00900,00100,12/02/2022
370,S000000,01000,00100,4
370,S000001,00100,00100,LABS  INC.
370,S000001,00100,00200,06HL05
370,S000001,00101,00100,6933-B SOUTH REVERE PARKWAY
370,S000001,00102,00100,CENTENNIAL
370,S000001,00102,00200,CO
370,S000001,00102,00300,80112
370,S000001,00300,00100,01/01/2020
370,S000001,00300,00200,12/31/2020
370,S000001,00400,00100,2
370,S000001,00400,00300,2
370,S000001,00400,00400,12/01/2007
370,S000001,00401,00300,1
370,S000002,00100,00200,Y
370,S000002,00300,00100,DIRECTOR OF FINANCE
370,S000002,00400,00100,07/21/2021
370,S100001,00700,00100,N
370,S100001,00810,00000,OTHER
370,S100002,00400,00100,37856D: DIALYSIS KIT
370,S100002,00401,00100,T0014: ABO & RH BLOOD TYPE
370,S100002,00402,00100,T0049: HEMOGLOBIN A1C
370,S100002,00403,00100,T0118: CROSSMATCH: FLOW CYTOMETRY
370,S100002,00404,00100,T0137: HTLV-I & HTLV-II ANTIBODY
370,S100002,00405,00100,T0161: HLA ANTIBODY SCREEN
370,S100002,00406,00100,T0170: HLA CLASS I SINGLE ANTIGEN
370,S100002,00407,00100,T0171: HLA CLASS II SINGLE ANTIGEN
370,S100002,00408,00100,T0178: CROSSMATCH:FLOW CYTOMETRY
370,S100002,00409,00100,T0182: HLA-DRB1 LOW RESOLUTION
370,S100002,00410,00100,T0184: HLA-A B LOW RESOLUTION
370,S100002,00411,00100,T1401: ABO/RH
370,S100002,00412,00100,T1403: ABO/RH
370,S100002,00413,00100,T1405: ABO/RH
370,S100002,00414,00100,T1803: ABO & RH
370,S100002,00415,00100,T1806: ABO A1 SUBTYPE-MICRO TYPING
370,S100002,00416,00100,T1807: ABO A1 SUBTYPING
370,S100002,00417,00100,T1816: ABO A1 SUBTYPE
370,S100002,00418,00100,T1817: ABO A1 SUBTYPING
370,S100002,00419,00100,T2749: HBA1C
370,S100002,00420,00100,T2770: ULTRIO HIV/HBV/HCV
370,S100002,00421,00100,T3546: HTLV I/II AB - AVIOQ
370,S100002,00422,00100,T3739: ULTRIO STAT HIV/HCV/HBV
370,S100002,00423,00100,T3826: IDM PROFILE # 329
370,S100002,00424,00100,T5003: HLA-DP
370,S100002,00425,00100,T5005: HLA-CW
370,S100002,00426,00100,T5006: HLA - DRB3 4 5 LOW-INTERMEDIA
370,S100002,00427,00100,T5007: HLA DQA1
370,S100002,00428,00100,T5013: HLA-A B C DR DQ DP
370,S100002,00429,00100,T5014: HLA-DQB1
370,S100002,00430,00100,T7112: PROCESSING & STORAGE FEE: SER
370,S100002,00431,00100,T7113: PROCESSING & STORAGE FEE: SER
370,S100002,00432,00100,T7119: PROCESSING & STORAGE FEE: LYM
370,S100002,00433,00100,T9994: STAT FLOW CROSSMATCH CHARGE
370,S100002,00434,00100,T9997: INFECTIOUS DISEASE STAT CHARG
370,S100002,00435,00100,T9998: STAT HLA TYPING CHARGE
370,S100003,00100,00100,MEDICAL DIRECTOR
370,S100003,00100,00300,MEDICAL DIRECTOR
370,S100003,00100,00500,LAB DIRECTOR
370,S100003,00101,00100,EXEC. DIRECTOR
370,S100003,00101,00300,PROCUREMENT COORDINATOR
370,S100003,00101,00500,TECHNICIANS
370,S100003,00102,00100,CLERICAL
370,S100003,00102,00300,PRESERVATION TECHNICIANS
370,S100003,00102,00500,TISSUE TYPING TECH.
370,S100003,00103,00100,OTHER
370,S100003,00103,00300,OTHER
370,S100003,00103,00500,OTHER
370,S200000,00100,00100,N
370,S200000,00200,00100,N
370,S200000,00300,00100,Y
370,S200000,00400,00100,Y
370,S200000,00400,00200,A
370,S200000,00500,00100,Y
370,S200000,00600,00300,CONTROLLER
370,S200000,00700,00100,VRL EUROFINS
371,A000000,00100,00000,0100CAPITAL COSTS-BLDG & FIXT
371,A000000,00200,00000,0200CAPITAL COSTS-MVBLE EQUIPMENT
371,A000000,00300,00000,0300EMPLOYEE BENEFITS
371,A000000,00400,00000,0400ADMINISTRATIVE & GENERAL
371,A000000,00500,00000,0500OPERATION AND MAINTENANCE OF PLANT
371,A000000,00600,00000,0600HOUSEKEEPING
371,A000000,00700,00000,0700MEDICAL SUPPLIES
371,A000000,00800,00000,0800OTHER OVERHEAD
371,A000000,00900,00000,0900PROCUREMENT COORDINATORS
371,A000000,01000,00000,1000PROFESSIONAL EDUCATION
371,A000000,01100,00000,1100PUBLIC EDUCATION
371,A000000,01200,00000,1200OTHER ACQUISITION
371,A000000,01300,00000,1300KIDNEY ACQUISITIONS
371,A000000,01400,00000,1400TISSUE TYPING LABORATORY
371,A000000,01500,00000,1500LIVER ACQUISITIONS
371,A000000,01600,00000,1600HEART ACQUISITIONS
371,A000000,01700,00000,1700PANCREAS ACQUISITIONS
371,A000000,01800,00000,1800LUNG ACQUISITIONS
371,A000000,01900,00000,1900INTESTINE ACQUISITIONS
371,A000000,02100,00000,2100RESEARCH
371,A000000,02200,00000,2200BLOOD BANK
371,A000000,02300,00000,2300LABORATORY-NON-TISSUE TYPING
371,A000000,02400,00000,2400DIALYSIS UNITS
371,A000000,02500,00000,2500TISSUE
371,A100000,01700,00000,COMPUTERS AND RELATED EQUIPMENT
371,A100000,01800,00000,OFFICE EQUIPMENT
371,A100000,01900,00000,DUES AND SUBSCRIPTIONS
371,A100000,01901,00000,CONTRACT SERVICES
371,A100000,01902,00000,QUALITY ASSURANCE
371,A100000,01903,00000,MOVING AND STORAGE EXPENSE
371,A100000,01904,00000,PAYROLL COSTS
371,A100000,01905,00000,NON IDN EXPENSES
371,A100000,01906,00000,OTHER EXPENSE
371,A100000,01907,00000,FUNDRAISING
371,A100000,01908,00000,RECRUITING
371,A100000,01909,00000,EMPLOYMENT EXPENSE
371,A100000,01910,00000,NON-REIMBURSABLE EXPENSE
371,A20H000,00900,00000,CASE RATES
371,A20H000,02100,00000,OTHER ACQUISITION COSTS
371,A20K000,00900,00000,CASE RATES
371,A20K000,02100,00000,KIDNEY PUMP EXPENSE
371,A20L000,00900,00000,CASE RATES
371,A20L000,02100,00000,OTHER ACQUISITION COSTS
371,A20O000,00900,00000,CASE RATES
371,A20O000,02100,00000,OTHER DONOR COSTS
371,A20O000,02101,00000,OTHER COSTS
371,A20P000,00900,00000,CASE RATES
371,A20P000,02100,00000,OTHER ACQUISITION COSTS
371,A20U000,00900,00000,CASE RATES
371,A20U000,02100,00000,OTHER ACQUISITION COSTS
371,A400010,00100,00000,BENEFIT RECLASS
371,A400010,00100,00100,A
371,A400010,00100,00200,ADMINISTRATIVE & GENERAL
371,A400010,00100,00500,EMPLOYEE BENEFITS
371,A400010,00200,00000,RENT
371,A400010,00200,00100,B
371,A400010,00200,00200,CAPITAL COSTS-MVBLE EQUIPMENT
371,A400010,00200,00500,ADMINISTRATIVE & GENERAL
371,A400010,00300,00000,TISSUE ALLOCATION
371,A400010,00300,00100,C
371,A400010,00300,00200,TISSUE
371,A400010,00300,00500,PROCUREMENT COORDINATORS
371,A400010,00400,00000,TISSUE ALLOCATION
371,A400010,00400,00100,C
371,A400010,00400,00500,PROFESSIONAL EDUCATION
371,A400010,00500,00000,TISSUE ALLOCATION
371,A400010,00500,00100,C
371,A400010,00500,00500,PUBLIC EDUCATION
371,A400010,00600,00000,A&G OCCUPANCY COST RECLASS
371,A400010,00600,00100,D
371,A400010,00600,00200,ADMINISTRATIVE & GENERAL
371,A400010,00600,00500,CAPITAL COSTS-BLDG & FIXT
371,A400010,00700,00000,A&G OCCUPANCY COST RECLASS
371,A400010,00700,00100,D
371,A400010,00700,00500,CAPITAL COSTS-MVBLE EQUIPMENT
371,A400010,00800,00000,A&G OCCUPANCY COST RECLASS
371,A400010,00800,00100,D
371,A400010,00800,00500,OPERATION AND MAINTENANCE OF PLANT
371,A400010,00900,00000,A&G OCCUPANCY COST RECLASS
371,A400010,00900,00100,D
371,A400010,00900,00500,HOUSEKEEPING
371,A400010,01000,00000,SPS
371,A400010,01000,00100,E
371,A400010,01000,00200,KIDNEY ACQUISITIONS
371,A400010,01000,00500,MEDICAL SUPPLIES
371,A400010,01100,00000,SPS
371,A400010,01100,00100,E
371,A400010,01100,00200,LIVER ACQUISITIONS
371,A400010,01200,00000,SPS
371,A400010,01200,00100,E
371,A400010,01200,00200,PANCREAS ACQUISITIONS
371,A500010,00200,00100,B
371,A500010,00200,00300,ADMINISTRATIVE & GENERAL
371,A500010,00700,00100,B
371,A500010,00700,00300,CAPITAL COSTS-BLDG & FIXT
371,A500010,00800,00100,B
371,A500010,00800,00300,PROCUREMENT COORDINATORS
371,A500010,01200,00100,B
371,A500010,01200,00300,CAPITAL COSTS-BLDG & FIXT
371,A500010,01500,00000,LOBBYING
371,A500010,01500,00100,A
371,A500010,01500,00300,ADMINISTRATIVE & GENERAL
371,A500010,01501,00000,LOBBYING PORTION OF AOPO DUES
371,A500010,01501,00100,A
371,A500010,01501,00300,ADMINISTRATIVE & GENERAL
371,A500010,01600,00000,EXPENSES FOR NON-IDN EMPLOYEES
371,A500010,01600,00100,A
371,A500010,01600,00300,PROFESSIONAL EDUCATION
371,A500010,01601,00000,FUNDRAISING COSTS
371,A500010,01601,00100,A
371,A500010,01601,00300,ADMINISTRATIVE & GENERAL
371,A500010,01602,00000,UW EXTERNAL IMPORT SERVICE
371,A500010,01602,00100,B
371,A500010,01602,00300,PROCUREMENT COORDINATORS
371,A500010,01608,00000,COMM CTR REFERRAL CALL REIMBURSEMENT
371,A500010,01608,00100,B
371,A500010,01608,00300,PROCUREMENT COORDINATORS
371,A500010,01611,00000,CEU REVENUE
371,A500010,01611,00100,B
371,A500010,01611,00300,TISSUE
371,A500010,01615,00000,MISC REVENUE
371,A500010,01615,00100,B
371,A500010,01615,00300,ADMINISTRATIVE & GENERAL
371,A500010,01616,00000,LIVER IMPORT EXPENSE GROSS UP
371,A500010,01616,00100,A
371,A500010,01616,00300,LIVER ACQUISITIONS
371,A500010,01617,00000,HEART IMPORT EXPENSE GROSS UP
371,A500010,01617,00100,A
371,A500010,01617,00300,HEART ACQUISITIONS
371,A500010,01618,00000,PANCREAS IMPORT EXPENSE GROSS UP
371,A500010,01618,00100,A
371,A500010,01618,00300,PANCREAS ACQUISITIONS
371,A500010,01619,00000,LUNG(S) IMPORT EXPENSE GROSS UP
371,A500010,01619,00100,A
371,A500010,01619,00300,LUNG ACQUISITIONS
371,A500010,01624,00000,MISC REVENUE = KPR
371,A500010,01624,00100,B
371,A500010,01624,00300,KIDNEY ACQUISITIONS
371,A500010,01628,00000,SEROLOGY\NANO COOLER REBATES
371,A500010,01628,00100,B
371,A500010,01628,00300,TISSUE
371,A500010,01629,00000,EMBALMING PATHOLOGY REVENUE
371,A500010,01629,00100,B
371,A500010,01629,00300,TISSUE
371,A500010,01630,00000,IDLE SPACE
371,A500010,01630,00100,A
371,A500010,01630,00300,CAPITAL COSTS-BLDG & FIXT
371,A500010,01631,00000,IDLE SPACE
371,A500010,01631,00100,A
371,A500010,01631,00300,OPERATION AND MAINTENANCE OF PLANT
371,A51000A,00100,00100,N
371,A60000A,00700,00000,SOFTWARE
371,A60000A,00701,00000,LEASEHOLD IMPROVEMENTS
371,A60000A,00702,00000,EQUIPMENT
371,A60000A,00703,00000,MEDICAL WORK ROOM EQUIPMENT
371,A60000A,00704,00000,FURNITURE
371,A60000A,00705,00000,BUILDING IMPROVEMENTS
371,A60000B,00800,00000,SOFTWARE
371,A60000B,00801,00000,LEASEHOLD IMPROVEMENTS
371,A60000B,00802,00000,EQUIPMENT
371,A60000B,00803,00000,MEDICAL WORK ROOM EQUIPMENT
371,A60000B,00804,00000,FURNITURE
371,A60000C,00500,00100,N
371,B10000*,00100,00200,CAP BLDG
371,B10000*,00100,00300,CAP COSTS
371,B10000*,00100,00400,EMPLOYEE
371,B10000*,00100,00500,MEDICAL
371,B10000*,00100,00800,ORGAN
371,B10000*,00100,01000,ADMIN &
371,B10000*,00200,00200,OP PLANT &
371,B10000*,00200,00300,MOVABLE
371,B10000*,00200,00400,BENEFITS
371,B10000*,00200,00500,SUPPLIES
371,B10000*,00200,00800,ACQUISITN
371,B10000*,00200,01000,GENERAL
371,B10000*,00300,00200,HOUSEKEEP
371,B10000*,00300,00300,EQUIPMENT
371,B10000*,00300,00800,COSTS
371,B10000*,00400,00200,SQUARE
371,B10000*,00400,00300,DOLLAR
371,B10000*,00400,00400,ADJUST
371,B10000*,00400,00500,COSTED
371,B10000*,00400,00800,NUMBER
371,B10000*,00400,01000,ACCUM
371,B10000*,00500,00200,FEET
371,B10000*,00500,00300,VALUE
371,B10000*,00500,00400,SALARIES
371,B10000*,00500,00500,REQUISIT
371,B10000*,00500,00800,ORGANS
371,B10000*,00500,01000,COSTS
371,B10000*,00600,00200,1
371,B10000*,00600,00300,2
371,B10000*,00600,00400,3
371,B10000*,00600,00500,3
371,B10000*,00600,00800,3
371,B10000*,00600,01000,3
371,B100000,00000,01000,X
371,E000000,00900,00000,OTHER CURRENT ASSETS
371,E000000,02600,00000,OTHER FIXED ASSETS
371,E000000,03100,00000,INTEREST IN ALLOSOURCE
371,E000000,03900,00000,ACCRUED EXPENSES
371,E000000,04100,00000,CURRENT MATURITIES OF LONG TERM DEBT
371,E000000,04600,00000,UNAMORTIZED DEBT ISSUANCE COSTS
371,E100001,00800,00000,ORGAN PROCUREMENT REVENUE
371,E100001,00900,00000,TISSUE PROCUREMENT REVENUE
371,E100002,00800,00000,FUNDRAISING EXPENSES
371,E100002,00900,00000,INTEREST EXPENSE
371,E100002,01000,00000,FUNDRAISING DIRECT BENENFIT
371,E200000,01500,00000,MISC INCOME
371,E200000,01600,00000,RENT INCOME
371,E200000,01700,00000,GRANT REVENUE
371,E200000,01800,00000,CHANGE IN INTEREST FROM INVSTMT ALLO
371,E200000,01900,00000,SPECIAL EVENTS REVENUE
371,E200000,02100,00000,NET ASSETS RELEASED FROM RESTRICTION
371,E200000,02200,00000,RESTRICT CONTRIBUTIONS\GRANTS
371,E200000,02600,00000,CHNAGE IN NET ASSETS OF ALLOSOURCE
371,E200000,02700,00000,FUNDRAISING EXPENSE
371,E200000,02701,00000,INTEREST EXPENSE
371,E200000,02702,00000,LOSS ON DISPOSAL OF ASSETS
371,S000000,00100,00100,X
371,S000000,00400,00100,2
371,S000000,00500,00100,06/28/2021
371,S000000,00600,00100,10001
371,S000000,00700,00100,N
371,S000000,00800,00100,N
371,S000000,00900,00100,12/02/2022
371,S000000,01000,00100,4
371,S000001,00100,00100,IOWA DONOR NETWORK
371,S000001,00100,00200,16P001
371,S000001,00101,00100,550 MADISON AVENUE N
371,S000001,00102,00100,NORTH LIBERTY
371,S000001,00102,00200,IA
371,S000001,00102,00300,52317
371,S000001,00300,00100,01/01/2020
371,S000001,00300,00200,12/31/2020
371,S000001,00400,00100,6
371,S000001,00400,00300,1
371,S000001,00400,00400,03/01/1994
371,S000001,00401,00300,1
371,S000002,00100,00200,Y
371,S000002,00300,00100,CEO
371,S000002,00400,00100,06/25/2021
371,S100001,00700,00100,N
371,S100001,00810,00000,INTESTINE
371,S100001,00811,00000,VEIN
371,S100001,00812,00000,OTHER TISSUE
371,S100003,00100,00100,MEDICAL DIRECTOR
371,S100003,00100,00300,MEDICAL DIRECTOR
371,S100003,00100,00500,LAB DIRECTOR
371,S100003,00101,00100,EXEC. DIRECTOR
371,S100003,00101,00300,PROCUREMENT COORDINATOR
371,S100003,00101,00500,TECHNICIANS
371,S100003,00102,00100,CLERICAL
371,S100003,00102,00300,PRESERVATION TECHNICIANS
371,S100003,00102,00500,TISSUE TYPING TECH.
371,S100003,00103,00100,OTHER
371,S100003,00103,00300,OTHER
371,S100003,00103,00500,OTHER
371,S200000,00100,00100,N
371,S200000,00200,00100,N
371,S200000,00300,00100,N
371,S200000,00400,00100,Y
371,S200000,00400,00200,A
371,S200000,00500,00100,Y
371,S200000,00600,00300,CONTROLLER
371,S200000,00700,00100,IOWA DONOR NETWORK
373,A000000,00100,00000,0100CAPITAL COSTS-BLDG & FIXT
373,A000000,00200,00000,0200CAPITAL COSTS-MVBLE EQUIPMENT
373,A000000,00300,00000,0300EMPLOYEE BENEFITS
373,A000000,00400,00000,0400ADMINISTRATIVE & GENERAL
373,A000000,00500,00000,0500OPERATION AND MAINTENANCE OF PLANT
373,A000000,00600,00000,0600HOUSEKEEPING
373,A000000,00700,00000,0700MEDICAL SUPPLIES
373,A000000,00800,00000,0800OTHER OVERHEAD
373,A000000,00900,00000,0900PROCUREMENT COORDINATORS
373,A000000,01000,00000,1000PROFESSIONAL EDUCATION
373,A000000,01100,00000,1100PUBLIC EDUCATION
373,A000000,01200,00000,1200OTHER ACQUISITION
373,A000000,01300,00000,1300KIDNEY ACQUISITIONS
373,A000000,01400,00000,1400TISSUE TYPING LABORATORY
373,A000000,01500,00000,1500LIVER ACQUISITIONS
373,A000000,01600,00000,1600HEART ACQUISITIONS
373,A000000,01700,00000,1700PANCREAS ACQUISITIONS
373,A000000,01800,00000,1800LUNG ACQUISITIONS
373,A000000,01900,00000,1900INTESTINE
373,A000000,02100,00000,2100RESEARCH
373,A000000,02200,00000,2200BLOOD BANK
373,A000000,02300,00000,2300LABORATORY-NON-TISSUE TYPING
373,A000000,02400,00000,2400DIALYSIS UNITS
373,A000000,02500,00000,2500OTHER NON-REIMBURSABLE
373,A100000,01700,00000,PROFESSIONAL CONSULTING FEES  DUES
373,A100000,01800,00000,INDIRECT CIST ALLOCATION
373,A20H000,00900,00000,ANR DONOR COSTS
373,A20K000,00900,00000,ANR DONOR COSTS
373,A20L000,00900,00000,ANR DONOR COSTS
373,A20P000,00900,00000,ANR DONOR COSTS
373,A20U000,00900,00000,ANR DONOR COSTS
373,A400010,00100,00000,BUILDING RENT
373,A400010,00100,00100,A
373,A400010,00100,00200,CAPITAL COSTS-BLDG & FIXT
373,A400010,00100,00500,ADMINISTRATIVE & GENERAL
373,A400010,00200,00000,LEASED VEHICLES
373,A400010,00200,00100,B
373,A400010,00200,00200,CAPITAL COSTS-MVBLE EQUIPMENT
373,A400010,00200,00500,ADMINISTRATIVE & GENERAL
373,A400010,00300,00000,PROF ED AND PUBLIC ED COSTS
373,A400010,00300,00100,C
373,A400010,00300,00200,PROFESSIONAL EDUCATION
373,A400010,00300,00500,ADMINISTRATIVE & GENERAL
373,A400010,00400,00000,PROF ED AND PUBLIC ED COSTS
373,A400010,00400,00100,C
373,A400010,00400,00200,PUBLIC EDUCATION
373,A400010,00500,00000,CLINICAL CONSULTING FEES
373,A400010,00500,00100,D
373,A400010,00500,00200,PROCUREMENT COORDINATORS
373,A400010,00500,00500,ADMINISTRATIVE & GENERAL
373,A500010,00700,00100,B
373,A500010,00700,00300,CAPITAL COSTS-BLDG & FIXT
373,A500010,00800,00100,B
373,A500010,00800,00300,PROCUREMENT COORDINATORS
373,A500010,00900,00100,B
373,A500010,00900,00300,ADMINISTRATIVE & GENERAL
373,A500010,01500,00000,NON-ALLOWABLE COST
373,A500010,01500,00100,A
373,A500010,01500,00300,ADMINISTRATIVE & GENERAL
373,A500010,01600,00000,AOPO LOBBYING
373,A500010,01600,00100,A
373,A500010,01600,00300,ADMINISTRATIVE & GENERAL
373,A500010,01601,00000,CL  DFS & HD SERVICES REVENUE
373,A500010,01601,00100,B
373,A500010,01601,00300,PROCUREMENT COORDINATORS
373,A500010,01602,00000,CL ADMIN SERVICES REVENUE
373,A500010,01602,00100,B
373,A500010,01602,00300,ADMINISTRATIVE & GENERAL
373,A500010,01603,00000,EXCESS SURGEON FEES
373,A500010,01603,00100,A
373,A500010,01603,00300,KIDNEY ACQUISITIONS
373,A51000A,00100,00100,Y
373,A51000B,00100,00200,ADMINISTRATIVE & GENERAL
373,A51000B,00100,00300,INDIRECT COST
373,A51000C,00100,00100,B
373,A51000C,00100,00400,ALBANY MEDICAL COLLEGE
373,A51000C,00100,00600,MEDICAL SCHOOL
373,A60000A,00700,00000,CAPITAL LEASE
373,A60000B,00800,00000,CAPITAL LEASE
373,A60000C,00500,00100,N
373,B10000*,00100,00200,CAP BLDG
373,B10000*,00100,00300,CAP COSTS
373,B10000*,00100,00400,EMPLOYEE
373,B10000*,00100,00500,MEDICAL
373,B10000*,00100,00800,ORGAN
373,B10000*,00100,01000,ADMIN &
373,B10000*,00200,00200,OP PLANT &
373,B10000*,00200,00300,MOVABLE
373,B10000*,00200,00400,BENEFITS
373,B10000*,00200,00500,SUPPLIES
373,B10000*,00200,00800,ACQUISITN
373,B10000*,00200,01000,GENERAL
373,B10000*,00300,00200,HOUSEKEEP
373,B10000*,00300,00300,EQUIPMENT
373,B10000*,00300,00800,COSTS
373,B10000*,00400,00200,SQUARE
373,B10000*,00400,00300,DOLLAR
373,B10000*,00400,00400,ADJUST
373,B10000*,00400,00500,COSTED
373,B10000*,00400,00600,NUMBER
373,B10000*,00400,00800,NUMBER
373,B10000*,00400,01000,ACCUM
373,B10000*,00500,00200,FEET
373,B10000*,00500,00300,VALUE
373,B10000*,00500,00400,SALARIES
373,B10000*,00500,00500,REQUISIT
373,B10000*,00500,00600,ORGANS
373,B10000*,00500,00800,ORGANS
373,B10000*,00500,01000,COSTS
373,B10000*,00600,00200,1
373,B10000*,00600,00300,2
373,B10000*,00600,00400,3
373,B10000*,00600,00500,3
373,B10000*,00600,00800,3
373,B10000*,00600,01000,3
373,B100000,00000,01000,X
373,S000000,00100,00100,X
373,S000000,00400,00100,2
373,S000000,00500,00100,07/15/2021
373,S000000,00600,00100,10001
373,S000000,00700,00100,N
373,S000000,00800,00100,N
373,S000000,00900,00100,12/02/2022
373,S000000,01000,00100,4
373,S000001,00100,00100,CENTER FOR DONATION AND TRANSPLANT
373,S000001,00100,00200,33P004
373,S000001,00101,00100,218 GREAT OAKS BLVD
373,S000001,00102,00100,ALBANY
373,S000001,00102,00200,NY
373,S000001,00102,00300,12203
373,S000001,00300,00100,01/01/2020
373,S000001,00300,00200,12/31/2020
373,S000001,00400,00100,6
373,S000001,00400,00300,1
373,S000001,00400,00400,01/01/1980
373,S000001,00401,00300,1
373,S000002,00100,00200,Y
373,S000002,00300,00100,DIRECTOR OF FINANCE
373,S000002,00400,00100,07/15/2021
373,S100001,00700,00100,N
373,S100001,00810,00000,LARGE INTESTINE
373,S100003,00100,00100,MEDICAL DIRECTOR
373,S100003,00100,00300,MEDICAL DIRECTOR
373,S100003,00100,00500,LAB DIRECTOR
373,S100003,00101,00100,EXEC. DIRECTOR
373,S100003,00101,00300,PROCUREMENT COORDINATOR
373,S100003,00101,00500,TECHNICIANS
373,S100003,00102,00100,CLERICAL
373,S100003,00102,00300,PRESERVATION TECHNICIANS
373,S100003,00102,00500,TISSUE TYPING TECH.
373,S100003,00103,00100,OTHER
373,S100003,00103,00300,OTHER
373,S100003,00103,00500,OTHER
373,S200000,00100,00100,N
373,S200000,00200,00100,N
373,S200000,00300,00100,Y
373,S200000,00400,00100,Y
373,S200000,00400,00200,A
373,S200000,00500,00100,Y
373,S200000,00600,00300,EXECUTIVE DIRECTOR
373,S200000,00700,00100,CENTER FOR DONATION & TRANSPLANT
374,A000000,00100,00000,0100CAPITAL COSTS-BLDG & FIXT
374,A000000,00200,00000,0200CAPITAL COSTS-MVBLE EQUIPMENT
374,A000000,00300,00000,0300EMPLOYEE BENEFITS
374,A000000,00400,00000,0400ADMINISTRATIVE & GENERAL
374,A000000,00500,00000,0500OPERATION AND MAINTENANCE OF PLANT
374,A000000,00600,00000,0600HOUSEKEEPING
374,A000000,00700,00000,0700MEDICAL SUPPLIES
374,A000000,00800,00000,0800OTHER OVERHEAD
374,A000000,00900,00000,0900PROCUREMENT COORDINATORS
374,A000000,01000,00000,1000PROFESSIONAL EDUCATION
374,A000000,01100,00000,1100PUBLIC EDUCATION
374,A000000,01200,00000,1200OTHER ACQUISITION
374,A000000,01300,00000,1300KIDNEY ACQUISITIONS
374,A000000,01400,00000,1400TISSUE TYPING LABORATORY
374,A000000,01500,00000,1500LIVER ACQUISITIONS
374,A000000,01600,00000,1600HEART ACQUISITIONS
374,A000000,01700,00000,1700PANCREAS ACQUISITIONS
374,A000000,01800,00000,1800LUNG ACQUISITIONS
374,A000000,01900,00000,1900OTHER ACQUISITIONS
374,A000000,02100,00000,2100RESEARCH
374,A000000,02200,00000,2200BLOOD BANK
374,A000000,02300,00000,2300LABORATORY-NON-TISSUE TYPING
374,A000000,02400,00000,2400DIALYSIS UNITS
374,A000000,02500,00000,2500OTHER NON-REIMBURSABLE
374,A300000,00600,00000,FREIGHT
374,A300000,00700,00000,PURCHASED SERVICE
374,A500010,01600,00000,OTHER OPERATING REVENUE
374,A500010,01600,00100,B
374,A500010,01600,00300,ADMINISTRATIVE & GENERAL
374,A51000A,00100,00100,Y
374,A51000B,00100,00200,ADMINISTRATIVE & GENERAL
374,A51000B,00100,00300,ADMINISTRATIVE
374,A51000C,00100,00100,B
374,A51000C,00100,00400,SANFORD
374,A51000C,00100,00600,HOME OFFICE
374,A60000C,00500,00100,N
374,B10000*,00100,00200,CAP BLDG
374,B10000*,00100,00300,CAP COSTS
374,B10000*,00100,00400,EMPLOYEE
374,B10000*,00100,00500,MEDICAL
374,B10000*,00100,00800,ORGAN
374,B10000*,00100,01000,ADMIN &
374,B10000*,00200,00200,OP PLANT &
374,B10000*,00200,00300,MOVABLE
374,B10000*,00200,00400,BENEFITS
374,B10000*,00200,00500,SUPPLIES
374,B10000*,00200,00800,ACQUISITN
374,B10000*,00200,01000,GENERAL
374,B10000*,00300,00200,HOUSEKEEP
374,B10000*,00300,00300,EQUIPMENT
374,B10000*,00300,00800,COSTS
374,B10000*,00400,00200,SQUARE
374,B10000*,00400,00300,DOLLAR
374,B10000*,00400,00400,ADJUST
374,B10000*,00400,00500,COSTED
374,B10000*,00400,00800,NUMBER
374,B10000*,00400,01000,ACCUM
374,B10000*,00500,00200,FEET
374,B10000*,00500,00300,VALUE
374,B10000*,00500,00400,SALARIES
374,B10000*,00500,00500,REQUISIT
374,B10000*,00500,00800,ORGANS
374,B10000*,00500,01000,COSTS
374,B10000*,00600,00200,1
374,B10000*,00600,00300,2
374,B10000*,00600,00400,3
374,B10000*,00600,00500,3
374,B10000*,00600,00800,3
374,B10000*,00600,01000,3
374,B100000,00000,01000,X
374,E000000,00900,00000,OTHER CURRENT ASSETS
374,E000000,02600,00000,OTHER FIXED ASSETS
374,E200000,02000,00000,OTHER OPERATING REVENUE
374,E200000,02100,00000,GAIN/LOSS ON SALE OF FIXED ASSETS
374,S000000,00100,00100,X
374,S000000,00400,00100,2
374,S000000,00500,00100,07/21/2021
374,S000000,00600,00100,10001
374,S000000,00700,00100,N
374,S000000,00800,00100,N
374,S000000,00900,00100,12/02/2022
374,S000000,01000,00100,4
374,S000001,00100,00100,SANFORD HISTOCOMPATABILITY LAB
374,S000001,00100,00200,35HL02
374,S000001,00101,00100,737 BROADWAY
374,S000001,00102,00100,FARGO
374,S000001,00102,00200,ND
374,S000001,00102,00300,58122
374,S000001,00300,00100,01/01/2020
374,S000001,00300,00200,12/31/2020
374,S000001,00400,00100,6
374,S000001,00400,00300,2
374,S000001,00400,00400,11/27/2000
374,S000001,00401,00300,1
374,S000002,00100,00200,Y
374,S000002,00300,00100,VICE PRESIDENT  FINANCE
374,S000002,00400,00100,07/19/2021
374,S100001,00700,00100,N
374,S100001,00810,00000,OTHER
374,S100002,00400,00100,HLA B27 TYPING
374,S100002,00401,00100,HLA-A B C TYPING
374,S100002,00402,00100,HLA CLASS I MOLECULAR TYPING
374,S100002,00403,00100,HLA CLASS II MOLECULAR TYPING
374,S100002,00404,00100,HLA DR  DQ SINGLE LOCUS TYPING
374,S100002,00405,00100,HLA CLASS II DP TYPING
374,S100002,00406,00100,FLOW CROSSMATCH ALLO OR AUTO ONLY
374,S100002,00407,00100,FLOW CROSSMATCH ALL + AUTO
374,S100002,00408,00100,SINGLE ANTIGEN CLASS 1
374,S100002,00409,00100,SINGLE ANTIGEN CLASS II
374,S100003,00100,00100,MEDICAL DIRECTOR
374,S100003,00100,00300,MEDICAL DIRECTOR
374,S100003,00100,00500,LAB DIRECTOR
374,S100003,00101,00100,EXEC. DIRECTOR
374,S100003,00101,00300,PROCUREMENT COORDINATOR
374,S100003,00101,00500,TECHNICIANS
374,S100003,00102,00100,CLERICAL
374,S100003,00102,00300,PRESERVATION TECHNICIANS
374,S100003,00102,00500,TISSUE TYPING TECH.
374,S100003,00103,00100,OTHER
374,S100003,00103,00300,OTHER
374,S100003,00103,00500,OTHER
374,S200000,00100,00100,N
374,S200000,00200,00100,N
374,S200000,00300,00100,Y
374,S200000,00400,00100,Y
374,S200000,00400,00200,A
374,S200000,00500,00100,N
374,S200000,00600,00300,DIRECTOR OF REIMBURSEMENT
374,S200000,00700,00100,SANFORD
375,A000000,00100,00000,0100CAPITAL COSTS-BLDG & FIXT
375,A000000,00200,00000,0200CAPITAL COSTS-MVBLE EQUIPMENT
375,A000000,00300,00000,0300EMPLOYEE BENEFITS
375,A000000,00400,00000,0400ADMINISTRATIVE & GENERAL
375,A000000,00500,00000,0500OPERATION AND MAINTENANCE OF PLANT
375,A000000,00600,00000,0600HOUSEKEEPING
375,A000000,00700,00000,0700MEDICAL SUPPLIES
375,A000000,00800,00000,0800OTHER OVERHEAD
375,A000000,00900,00000,0900PROCUREMENT COORDINATORS
375,A000000,01000,00000,1000PROFESSIONAL EDUCATION
375,A000000,01100,00000,1100PUBLIC EDUCATION
375,A000000,01200,00000,1200OTHER ACQUISITION
375,A000000,01300,00000,1300KIDNEY ACQUISITIONS
375,A000000,01400,00000,1400TISSUE TYPING LABORATORY
375,A000000,01500,00000,1500LIVER ACQUISITIONS
375,A000000,01700,00000,1700PANCREAS ACQUISITIONS
375,A000000,01800,00000,1800LUNG ACQUISITIONS
375,A000000,01900,00000,1900OTHER ACQUISITIONS 2
375,A000000,01901,00000,1901OTHER ACQUISITIONS 3
375,A000000,01902,00000,1902OTHER ACQUISITIONS 4
375,A000000,01903,00000,1903OTHER ACQUISITIONS 4
375,A000000,02100,00000,2100RESEARCH
375,A000000,02200,00000,2200BLOOD BANK
375,A000000,02300,00000,2300LABORATORY-NON-TISSUE TYPING
375,A000000,02400,00000,2400DIALYSIS UNITS
375,A000000,02500,00000,2500OTHER NON-REIMBURSABLE
375,A100000,01700,00000,TECHNICAL STAFF
375,A100000,01800,00000,OTHER OUTSIDE SERVICES
375,A100000,01900,00000,FACILITY COSTS
375,A100000,01901,00000,OTHER PEOPLE COSTS
375,A100000,01902,00000,OTHER FINANCIAL EXPENSE
375,A20O000,02100,00000,OTHER ACQUISITIONS 1
375,A20O001,02100,00000,OTHER ACQUISITIONS 2
375,A20O002,02100,00000,OTHER ACQUISITIONS 3
375,A20O003,02100,00000,OTHER ACQUISITIONS 4
375,A300000,00600,00000,TECH ASSISTANTS
375,A300000,00700,00000,LAB SUPPLIES
375,A300000,00900,00000,EQUIPMENT COSTS
375,A300000,01000,00000,FREIGHT
375,A300000,01001,00000,TELEPHONE
375,A300000,01002,00000,LICENSES/FEES
375,A300000,01003,00000,OTHER PEOPLE COSTS
375,A300000,01004,00000,LIABILITY INSURANCE
375,A300000,01005,00000,OTHER OUTSIDE SERVICES
375,A300000,01006,00000,BOOKS AND SUBSCRIPTIONS
375,A300000,01007,00000,ELECTRCITY
375,A400010,00100,00000,RENT
375,A400010,00100,00100,A
375,A400010,00100,00200,CAPITAL COSTS-BLDG & FIXT
375,A400010,00100,00500,ADMINISTRATIVE & GENERAL
375,A400010,00200,00000,DEPRECIATION
375,A400010,00200,00100,B
375,A400010,00200,00200,CAPITAL COSTS-BLDG & FIXT
375,A400010,00200,00500,ADMINISTRATIVE & GENERAL
375,A500010,00100,00100,A
375,A500010,00100,00300,TISSUE TYPING LABORATORY
375,A500010,01200,00100,B
375,A500010,01200,00300,ADMINISTRATIVE & GENERAL
375,A500010,01500,00000,SE DISCOUNTS
375,A500010,01500,00100,A
375,A500010,01500,00300,ADMINISTRATIVE & GENERAL
375,A500010,01501,00000,ATED EXPENSE
375,A500010,01501,00100,A
375,A500010,01501,00300,ADMINISTRATIVE & GENERAL
375,A500010,01502,00000,NTS CLIN LAB
375,A500010,01502,00100,A
375,A500010,01502,00300,LABORATORY-NON-TISSUE TYPING
375,A51000A,00100,00100,N
375,A60000C,00500,00100,N
375,B10000*,00100,00200,CAP BLDG
375,B10000*,00100,00300,CAP COSTS
375,B10000*,00100,00400,EMPLOYEE
375,B10000*,00100,00500,MEDICAL
375,B10000*,00100,00800,ORGAN
375,B10000*,00100,01000,ADMIN &
375,B10000*,00200,00200,OP PLANT &
375,B10000*,00200,00300,MOVABLE
375,B10000*,00200,00400,BENEFITS
375,B10000*,00200,00500,SUPPLIES
375,B10000*,00200,00800,ACQUISITN
375,B10000*,00200,01000,GENERAL
375,B10000*,00300,00200,HOUSEKEEP
375,B10000*,00300,00300,EQUIPMENT
375,B10000*,00300,00800,COSTS
375,B10000*,00400,00200,SQUARE
375,B10000*,00400,00300,DOLLAR
375,B10000*,00400,00400,ADJUST
375,B10000*,00400,00500,COSTED
375,B10000*,00400,00800,NUMBER
375,B10000*,00400,01000,ACCUM
375,B10000*,00500,00200,FEET
375,B10000*,00500,00300,VALUE
375,B10000*,00500,00400,SALARIES
375,B10000*,00500,00500,REQUISIT
375,B10000*,00500,00800,ORGANS
375,B10000*,00500,01000,COSTS
375,B10000*,00600,00200,1
375,B10000*,00600,00300,2
375,B10000*,00600,00400,3
375,B10000*,00600,00500,3
375,B10000*,00600,00800,3
375,B10000*,00600,01000,3
375,B100000,00000,01000,X
375,E000000,00900,00000,ROUNDING
375,E000000,02600,00000,OTHER FIXED ASSETS
375,E000000,04100,00000,OTHER FEES/TAXES PAYABLE
375,E000000,04600,00000,ROUNDING
375,E200000,02000,00000,ROUNDING
375,S000000,00100,00100,X
375,S000000,00400,00100,2
375,S000000,00500,00100,06/23/2021
375,S000000,00600,00100,10001
375,S000000,00700,00100,N
375,S000000,00800,00100,N
375,S000000,00900,00100,12/02/2022
375,S000000,01000,00100,4
375,S000001,00100,00100,SOUTHWEST IMMUNODIAGNOSTICS  INC.
375,S000001,00100,00200,45HL04
375,S000001,00101,00100,8122 DATAPOINT #912
375,S000001,00102,00100,SAN ANTONIO
375,S000001,00102,00200,TX
375,S000001,00102,00300,78229
375,S000001,00300,00100,01/01/2020
375,S000001,00300,00200,12/31/2020
375,S000001,00400,00100,2
375,S000001,00400,00300,2
375,S000001,00400,00400,02/07/1985
375,S000001,00401,00300,1
375,S000002,00100,00200,Y
375,S000002,00300,00100,DIRECTOR OF ACCOUNTING
375,S000002,00400,00100,05/18/2021
375,S100001,00700,00100,N
375,S100001,00810,00000,OTHER
375,S100002,00400,00100,HLA-DRB3  4  5 (LOW RESOLUTION)
375,S100002,00401,00100,BLOOD TYPING  ABO ONLY
375,S100002,00402,00100,AUTOCROSSMATCH
375,S100002,00403,00100,HLA-B DNA (LOW RESOLUTION)
375,S100002,00404,00100,HLA-DR: DNA SSP
375,S100002,00405,00100,HLA-DD: SSP CLASS I
375,S100002,00406,00100,HLA-DD: DNA CLASS II
375,S100002,00407,00100,ABO ISOAGGLUTIN ANTIBODY TITER
375,S100002,00408,00100,FLOW CROSSMATCH
375,S100002,00409,00100,FLOW CROSSMATCH (STAT)
375,S100002,00410,00100,ANTIBODY SCREEN BY FLOW
375,S100002,00411,00100,ANTIBODY SPECIFICITY CLASS I
375,S100002,00412,00100,ANTIBODY SPECIFICITY CLASS II
375,S100002,00413,00100,ABO ISOAGGLUTIN ANTIBODY TITER (STAT
375,S100002,00414,00100,HLA-A  B  C DNA (LOW RESOLUTION)
375,S100002,00415,00100,HLA-C DNA (LOW RESOLUTION)
375,S100002,00416,00100,AHG-ABO TITER
375,S100002,00417,00100,HLA-DP TYPING
375,S100002,00418,00100,FLOW CROSSMATCH W/ TITER
375,S100002,00419,00100,ANTIBODY SPECIFICITY CLASS I (STAT)
375,S100002,00420,00100,ANTIBODY SPECIFICITY CLASS II (STAT)
375,S100002,00421,00100,CELL ISOLATION AND FREEZE
375,S100002,00422,00100,ABO MOLECULAR
375,S100002,00423,00100,BLOOD TYPING  ABO ONLY (TOSA)
375,S100002,00424,00100,HLA-DD: SSP CLASS I
375,S100002,00425,00100,HLA-DD: DNA CLASS II
375,S100002,00426,00100,HLA-DD: DP TYPING
375,S100002,00427,00100,ABO BLOOD GROUP: MOLECULAR
375,S100003,00100,00100,MEDICAL DIRECTOR
375,S100003,00100,00300,MEDICAL DIRECTOR
375,S100003,00100,00500,LAB DIRECTOR
375,S100003,00101,00100,EXEC. DIRECTOR
375,S100003,00101,00300,PROCUREMENT COORDINATOR
375,S100003,00101,00500,TECHNICIANS
375,S100003,00102,00100,CLERICAL
375,S100003,00102,00300,PRESERVATION TECHNICIANS
375,S100003,00102,00500,TISSUE TYPING TECH.
375,S100003,00103,00100,OTHER
375,S100003,00103,00300,OTHER
375,S100003,00103,00500,OTHER
375,S200000,00100,00100,N
375,S200000,00200,00100,N
375,S200000,00300,00100,N
375,S200000,00400,00100,Y
375,S200000,00400,00200,C
375,S200000,00500,00100,N
375,S200000,00600,00300,DIRECTOR OF ACCOUNTING
375,S200000,00700,00100,SOUTHWEST IMMUNODIAGNOSTICS  INC.
376,A000000,00100,00000,0100CAPITAL COSTS-BLDG & FIXT
376,A000000,00200,00000,0200CAPITAL COSTS-MVBLE EQUIPMENT
376,A000000,00300,00000,0300EMPLOYEE BENEFITS
376,A000000,00400,00000,0400ADMINISTRATIVE & GENERAL
376,A000000,00500,00000,0500OPERATION AND MAINTENANCE OF PLANT
376,A000000,00600,00000,0600HOUSEKEEPING
376,A000000,00700,00000,0700MEDICAL SUPPLIES
376,A000000,00800,00000,0800OTHER OVERHEAD
376,A000000,00900,00000,0900PROCUREMENT COORDINATORS
376,A000000,01000,00000,1000PROFESSIONAL EDUCATION
376,A000000,01100,00000,1100PUBLIC EDUCATION
376,A000000,01200,00000,1200OTHER ACQUISITION
376,A000000,01300,00000,1300KIDNEY ACQUISITIONS
376,A000000,01400,00000,1400TISSUE TYPING LABORATORY
376,A000000,01500,00000,1500LIVER ACQUISITIONS
376,A000000,01700,00000,1700PANCREAS ACQUISITIONS
376,A000000,01800,00000,1800LUNG ACQUISITIONS
376,A000000,01900,00000,1900OTHER ACQUISITIONS
376,A000000,02100,00000,2100RESEARCH
376,A000000,02200,00000,2200BLOOD BANK
376,A000000,02300,00000,2300LABORATORY-NON-TISSUE TYPING
376,A000000,02400,00000,2400DIALYSIS UNITS
376,A000000,02500,00000,2500OTHER NON-REIMBURSABLE
376,A100000,01700,00000,ADVERTISING
376,A100000,01800,00000,NON-ALLOWABLE EXPENSE
376,A100000,01900,00000,AUTO EXPENSE
376,A100000,01901,00000,DUES & SUBSCRIPTIONS
376,A300000,00600,00000,LAB SUPPLIES
376,A300000,00700,00000,LAB FEES
376,A300000,00800,00000,LAB COAT CLEANING
376,A300000,00900,00000,LAB EQUIPMENT LEASE
376,A400010,00100,00000,RECLASSIFICATIONS
376,A400010,00100,00100,A
376,A400010,00100,00200,TISSUE TYPING LABORATORY
376,A400010,00100,00500,CAPITAL COSTS-BLDG & FIXT
376,A400010,00200,00000,RECLASSIFICATIONS
376,A400010,00200,00100,A
376,A400010,00200,00500,CAPITAL COSTS-MVBLE EQUIPMENT
376,A400010,00300,00000,RECLASSIFICATIONS
376,A400010,00300,00100,A
376,A400010,00300,00500,EMPLOYEE BENEFITS
376,A500010,01500,00000,NON-ALLOWABLE EXPENSE
376,A500010,01500,00100,A
376,A500010,01500,00300,ADMINISTRATIVE & GENERAL
376,A500010,01501,00000,AUTO EXPENSE - 20% PERSONAL USAGE
376,A500010,01501,00100,A
376,A500010,01501,00300,ADMINISTRATIVE & GENERAL
376,A51000A,00100,00100,Y
376,A51000B,00100,00200,TISSUE TYPING LABORATORY
376,A51000B,00100,00300,LAB CONTRACT SERVICE
376,A51000C,00100,00100,B
376,A51000C,00100,00200,AFZAL NIKAEIN MD
376,A51000C,00100,00400,TMS  INC MOLECULAR LABORATORY
376,A51000C,00100,00600,MOLECULAR LAB
376,B10000*,00100,00200,CAP BLDG
376,B10000*,00100,00300,CAP COSTS
376,B10000*,00100,00400,EMPLOYEE
376,B10000*,00100,00500,MEDICAL
376,B10000*,00100,00800,ORGAN
376,B10000*,00100,01000,ADMIN &
376,B10000*,00200,00200,OP PLANT &
376,B10000*,00200,00300,MOVABLE
376,B10000*,00200,00400,BENEFITS
376,B10000*,00200,00500,SUPPLIES
376,B10000*,00200,00800,ACQUISITN
376,B10000*,00200,01000,GENERAL
376,B10000*,00300,00200,HOUSEKEEP
376,B10000*,00300,00300,EQUIPMENT
376,B10000*,00300,00800,COSTS
376,B10000*,00400,00200,SQUARE
376,B10000*,00400,00300,DOLLAR
376,B10000*,00400,00400,ADJUST
376,B10000*,00400,00500,COSTED
376,B10000*,00400,00800,NUMBER
376,B10000*,00400,01000,ACCUM
376,B10000*,00500,00200,FEET
376,B10000*,00500,00300,VALUE
376,B10000*,00500,00400,SALARIES
376,B10000*,00500,00500,REQUISIT
376,B10000*,00500,00800,ORGANS
376,B10000*,00500,01000,COSTS
376,B10000*,00600,00200,1
376,B10000*,00600,00300,2
376,B10000*,00600,00400,3
376,B10000*,00600,00500,3
376,B10000*,00600,00800,3
376,B10000*,00600,01000,3
376,B100000,00000,01000,X
376,E000000,00900,00000,OTHER CURRENT ASSETS
376,E000000,02600,00000,OTHER FIXED ASSETS
376,E000000,04600,00000,CAPITAL LEASE PAYABLE
376,E200000,01500,00000,PHE FUNDING INCOME
376,S000000,00100,00100,X
376,S000000,00400,00100,2
376,S000000,00500,00100,07/20/2021
376,S000000,00600,00100,10001
376,S000000,00700,00100,N
376,S000000,00800,00100,N
376,S000000,00900,00100,12/02/2022
376,S000000,01000,00100,4
376,S000001,00100,00100,TEXAS MEDICAL SPECIALTY  INC.
376,S000001,00100,00200,45HL12
376,S000001,00101,00100,7777 FOREST LANE  SUITE C-768
376,S000001,00102,00100,DALLAS
376,S000001,00102,00200,TX
376,S000001,00102,00300,75230
376,S000001,00300,00100,01/01/2020
376,S000001,00300,00200,12/31/2020
376,S000001,00400,00100,2
376,S000001,00400,00300,2
376,S000001,00400,00400,04/01/1999
376,S000001,00401,00300,1
376,S000002,00300,00100,PRESIDENT/DIRECTOR
376,S100001,00700,00100,N
376,S100001,00810,00000,OTHER
376,S100002,00400,00100,DECEASED DONOR HLA TYPING
376,S100002,00401,00100,CROSSMATCH  AUTO T
376,S100002,00402,00100,CROSSMATCH  AUTO B
376,S100002,00403,00100,CROSSMATCH  AHG AUTO
376,S100002,00404,00100,CROSSMATCH  AUTO T FLOW
376,S100002,00405,00100,CROSSMATCH  AUTO B FLOW
376,S100002,00406,00100,CROSSMATCH  AHG ALLO
376,S100002,00407,00100,CROSSMATCH  FLOW T ALLO
376,S100002,00408,00100,CROSSMATCH  FLOW B ALLO
376,S100002,00409,00100,PRA  HLA SCREENING CLASS 1 & 2
376,S100002,00410,00100,PRA  HLA ANTIBODY ID CLASS I
376,S100002,00411,00100,PRA  HLA ANTIBODY ID CLASS II
376,S100002,00412,00100,HLA -A & B & C MOLECULAR
376,S100002,00413,00100,HLA-DR  DQ  DP MOLECULAR
376,S100003,00100,00100,MEDICAL DIRECTOR
376,S100003,00100,00300,MEDICAL DIRECTOR
376,S100003,00100,00500,LAB DIRECTOR
376,S100003,00101,00100,EXEC. DIRECTOR
376,S100003,00101,00300,PROCUREMENT COORDINATOR
376,S100003,00101,00500,TECHNICIANS
376,S100003,00102,00100,CLERICAL
376,S100003,00102,00300,PRESERVATION TECHNICIANS
376,S100003,00102,00500,TISSUE TYPING TECH.
376,S100003,00103,00100,OTHER
376,S100003,00103,00300,OTHER
376,S100003,00103,00500,OTHER
376,S200000,00100,00100,N
376,S200000,00200,00100,N
376,S200000,00300,00100,Y
376,S200000,00400,00100,N
376,S200000,00500,00100,Y
376,S200000,00600,00300,DIRECTOR
376,S200000,00700,00100,SALTMARSH  CLEAVELAND & GUND
384,A000000,00100,00000,0100CAPITAL COSTS-BLDG & FIXT
384,A000000,00200,00000,0200CAPITAL COSTS-MVBLE EQUIPMENT
384,A000000,00300,00000,0300EMPLOYEE BENEFITS
384,A000000,00400,00000,0400ADMINISTRATIVE & GENERAL
384,A000000,00500,00000,0500OPERATION AND MAINTENANCE OF PLANT
384,A000000,00600,00000,0600HOUSEKEEPING
384,A000000,00700,00000,0700MEDICAL SUPPLIES
384,A000000,00800,00000,0800OTHER OVERHEAD
384,A000000,00900,00000,0900PROCUREMENT COORDINATORS
384,A000000,01000,00000,1000PROFESSIONAL EDUCATION
384,A000000,01100,00000,1100PUBLIC EDUCATION
384,A000000,01200,00000,1200OTHER ACQUISITION
384,A000000,01300,00000,1300KIDNEY ACQUISITIONS
384,A000000,01400,00000,1400TISSUE TYPING LABORATORY
384,A000000,01500,00000,1500LIVER ACQUISITIONS
384,A000000,01600,00000,1600HEART ACQUISITIONS
384,A000000,01700,00000,1700PANCREAS ACQUISITIONS
384,A000000,01800,00000,1800LUNG ACQUISITIONS
384,A000000,01900,00000,1900OTHER ACQUISITIONS
384,A000000,02100,00000,2100RESEARCH
384,A000000,02200,00000,2200BLOOD BANK
384,A000000,02300,00000,2300LABORATORY-NON-TISSUE TYPING
384,A000000,02400,00000,2400DIALYSIS UNITS
384,A000000,02500,00000,2500FOUNDATION
384,A000000,02501,00000,2501BONE & TISSUE
384,A100000,01700,00000,POSTAGE
384,A100000,01800,00000,BOOKS & SUBSCRIPTIONS
384,A100000,01901,00000,EQUIP MAINT & REPAIRS
384,A100000,01902,00000,COMPUTER SUPPORT
384,A100000,01903,00000,AUTO EXPENSE
384,A100000,01904,00000,DUES & EXPENSE
384,A100000,01906,00000,CONSULTANT
384,A100000,01907,00000,RECRUITMENT EXPENSE
384,A100000,01908,00000,QUALITY OF WORK LIFE
384,A100000,01909,00000,PRINTING
384,A100000,01910,00000,BANKCHARGES
384,A100000,01911,00000,INTEREST
384,A100000,01912,00000,PART TIME PERSONNEL
384,A20H000,02100,00000,TRANSPORTATION SURGEONS
384,A20K000,02100,00000,TRANSPORTATION SURGEONS
384,A20K000,02101,00000,BIOPSY OH
384,A20L000,00900,00000,OTHER
384,A20L000,02100,00000,TRANSPORTATION SURGEONS
384,A20O000,00900,00000,OTHER
384,A20P000,02100,00000,TRANSPORTATION SURGEONS
384,A20U000,02100,00000,TRANSPORTATIONSURGEONS
384,A300000,00600,00000,OTHER TISUE TYPING COST
384,A300000,00700,00000,BLOOD BANK REAGENTS
384,A300000,00800,00000,HLA REAGENTS
384,A300000,00900,00000,AMORTIZATION OF LAB SOFTWARE
384,A400010,00100,00000,TISSUE OVERHEAD RECLASS
384,A400010,00100,00100,A
384,A400010,00100,00200,BONE & TISSUE
384,A400010,00100,00500,PROCUREMENT COORDINATORS
384,A400010,00200,00000,INTESTINE COSTS
384,A400010,00200,00100,B
384,A400010,00200,00200,OTHER ACQUISITIONS
384,A400010,00200,00500,LIVER ACQUISITIONS
384,A500010,00800,00100,B
384,A500010,00800,00300,OTHER ACQUISITION
384,A500010,01604,00000,MOLECULAR LAB
384,A500010,01604,00100,A
384,A500010,01604,00300,CAPITAL COSTS-BLDG & FIXT
384,A500010,01605,00000,OTHER INCOME
384,A500010,01605,00100,B
384,A500010,01605,00300,ADMINISTRATIVE & GENERAL
384,A500010,01606,00000,BAD DEBT - TISSUE
384,A500010,01606,00100,A
384,A500010,01606,00300,BONE & TISSUE
384,A500010,01607,00000,LEGISLATIVE LOBBYING
384,A500010,01607,00100,A
384,A500010,01607,00300,ADMINISTRATIVE & GENERAL
384,A51000A,00100,00100,Y
384,A51000B,00100,00200,FOUNDATION
384,A51000B,00100,00300,FOUNDATION COSTS
384,A51000C,00100,00100,C
384,A51000C,00100,00400,SHARING NETWORK FOUNDATION
384,A51000C,00100,00600,FOUNDATION
384,A60000A,00700,00000,LEASEHOLD IMPROVEMENTS
384,A60000B,00800,00000,LEASEHOLDIMPROVEMENT
384,A60000C,00500,00100,N
384,B10000*,00100,00200,CAP BLDG
384,B10000*,00100,00300,CAP COSTS
384,B10000*,00100,00400,EMPLOYEE
384,B10000*,00100,00500,MEDICAL
384,B10000*,00100,00800,ORGAN
384,B10000*,00100,01000,ADMIN &
384,B10000*,00200,00200,OP PLANT &
384,B10000*,00200,00300,MOVABLE
384,B10000*,00200,00400,BENEFITS
384,B10000*,00200,00500,SUPPLIES
384,B10000*,00200,00800,ACQUISITN
384,B10000*,00200,01000,GENERAL
384,B10000*,00300,00200,HOUSEKEEP
384,B10000*,00300,00300,EQUIPMENT
384,B10000*,00300,00800,COSTS
384,B10000*,00400,00200,SQUARE
384,B10000*,00400,00300,DOLLAR
384,B10000*,00400,00400,ADJUST
384,B10000*,00400,00500,COSTED
384,B10000*,00400,00800,NUMBER
384,B10000*,00400,01000,ACCUM
384,B10000*,00500,00200,FEET
384,B10000*,00500,00300,VALUE
384,B10000*,00500,00400,SALARIES
384,B10000*,00500,00500,REQUISIT
384,B10000*,00500,00800,ORGANS
384,B10000*,00500,01000,COSTS
384,B10000*,00600,00200,1
384,B10000*,00600,00300,2
384,B10000*,00600,00400,3
384,B10000*,00600,00500,3
384,B10000*,00600,00800,3
384,B10000*,00600,01000,3
384,B100000,00000,01000,X
384,E000000,00900,00000,INTERCOMPANY
384,E000000,02600,00000,OTHER FIXED ASSETS
384,E000000,03100,00000,SOFTWARE
384,E000000,03900,00000,MEDICARE SETTLEMENT
384,E000000,04100,00000,CURRENT PORTION OF LONG TERM DEBT
384,E000000,04600,00000,DEFERRED COMPENSATION
384,E000000,04700,00000,LONG TERM DEBT
384,E000000,04800,00000,DEFERRED RENT
384,E100001,00700,00000,EST MEDICARE SETTLEMENT
384,E100001,00800,00000,OTHE PROCUREMENT REVENUE
384,E100002,00300,00000,PAYROLL REIMBURSEMENTS
384,E100002,00400,00000,MOLECULAR LAB
384,E100002,00500,00000,NONREIMBURSABLE COSTS
384,E100002,00501,00000,INTEREST EXPENSE
384,E100002,00800,00000,SHARING NETWORK FOUNDATION EXPENSE
384,E100002,00900,00000,INVESTMENT EXPENSES
384,E200000,01500,00000,GRANTS FROM SHARING NETWORK FOUNDATI
384,E200000,01600,00000,LICENSE PLATE GRANTS
384,E200000,01700,00000,OTHER REVENUE
384,E200000,01800,00000,MISCELLANEOUS INCOME
384,E200000,01900,00000,INTEREST INCOME
384,E200000,02000,00000,INSURANCE SETTLEMENT
384,E200000,02100,00000,PAYROLL REIMBURSEMENTS
384,E200000,02200,00000,GAIN ON DISPOSAL OF PROPERTY
384,E200000,02600,00000,FUNERAL DIRECTOR PREP CHARGE
384,E200000,02700,00000,MOLECULAR RESEARCH LAB
384,E200000,02701,00000,GAIN/LOSS FROM INVESTMENTS
384,E200000,02702,00000,MISC EXPENSE
384,S000000,00100,00100,X
384,S000000,00400,00100,2
384,S000000,00500,00100,07/27/2021
384,S000000,00600,00100,10001
384,S000000,00700,00100,N
384,S000000,00800,00100,N
384,S000000,00900,00100,12/21/2022
384,S000000,01000,00100,4
384,S000001,00100,00100,NEW JERSEY ORGAN & TISSUE SHARING NE
384,S000001,00100,00200,31P001
384,S000001,00101,00100,691 CENTRAL AVENUE
384,S000001,00102,00100,NEW PROVIDENCE
384,S000001,00102,00200,NJ
384,S000001,00102,00300,07974
384,S000001,00200,00100,NEW JERSEY ORGAN & TISSUE SHARING NE
384,S000001,00200,00200,31HL01
384,S000001,00201,00100,691 CENTRAL AVENUE
384,S000001,00202,00100,NEW PROVIDENCE
384,S000001,00202,00200,NJ
384,S000001,00202,00300,07974
384,S000001,00300,00100,01/01/2020
384,S000001,00300,00200,12/31/2020
384,S000001,00400,00100,6
384,S000001,00400,00300,1
384,S000001,00400,00400,01/01/1984
384,S000001,00401,00300,2
384,S000001,00401,00400,01/01/1984
384,S000002,00100,00200,Y
384,S000002,00300,00100,DIRECTOR OF FINANCE
384,S000002,00400,00100,07/26/2021
384,S100001,00700,00100,N
384,S100001,00810,00000,INTESTINE
384,S100002,00400,00100,ABO TITER
384,S100002,00401,00100,ABO TYPE
384,S100002,00402,00100,ABSORB LUMINEX SINGLE ANTIGEN BEAD C
384,S100002,00403,00100,ABSORB LUMINEX SINGLE ANTIGEN BEAD C
384,S100002,00404,00100,AUTOCROSSMATCH  T AND B CELLS  (FLOW
384,S100002,00405,00100,AUTOCROSSMATCH  T AND B CELLS  (FLOW
384,S100002,00406,00100,AUTOCROSSMATCH  T AND B CELLS  AHG O
384,S100002,00407,00100,DNA REFLEX TESTING
384,S100002,00408,00100,DNA CLASS I  HIGH RESOLUTION (SEND O
384,S100002,00409,00100,DNA CLASS II  HIGH RESOLUTION (SEND
384,S100002,00410,00100,DP-DNA HLA CLASS II TYPING
384,S100002,00411,00100,DQA - DNA HLA CLASS II TYPING
384,S100002,00412,00100,FINAL MAJOR CROSSMATCH  CLASS I AND
384,S100002,00414,00100,FINAL MAJOR CROSSMATCH  T AND B CELL
384,S100002,00415,00100,FLOW NON PRONASE T CELL AUTO CROSSMA
384,S100002,00416,00100,FLOW NON PRONASE T CELL MAJOR CROSSM
384,S100002,00417,00100,FLOW NON PRONASE T CELL MAJOR CROSSM
384,S100002,00418,00100,FLOW NON PRONASE T CELL MAJOR CROSSM
384,S100002,00419,00100,HLA ANTIBODY SCREENING  CLASS I (FLO
384,S100002,00420,00100,HLA ANTIBODY SCREENING  CLASS II (FL
384,S100002,00421,00100,HLA CLASS I LSPRA
384,S100002,00422,00100,HLA CLASS I TYPING  SEROLOGICAL OR D
384,S100002,00423,00100,HLA CLASS II LSPRA
384,S100002,00424,00100,HLA CLASS II TYPING  SEROLOGICAL OR
384,S100002,00425,00100,LRD OR IMPORT MAJOR X-MATCH  T AND B
384,S100002,00426,00100,LSPRA CLASS -I- ADSORB
384,S100002,00427,00100,LSPRA CLASS -II- ADSORB
384,S100002,00428,00100,LUMINEX SINGLE ANTIGEN BEAD C-I
384,S100002,00429,00100,LUMINEX SINGLE ANTIGEN BEAD C-II
384,S100002,00430,00100,LYMPHOCYTE CRYOPRESERVATION PROTOCOL
384,S100002,00431,00100,OFF HOURS STAT FEE
384,S100002,00432,00100,RBC ANTIBODY ID
384,S100002,00433,00100,RBC ANTIBODY SCREENING
384,S100002,00434,00100,RENAL ABSORB FLOW PRA I
384,S100002,00435,00100,RENAL ABSORB FLOW PRA II
384,S100002,00436,00100,RH TYPE
384,S100002,00437,00100,SAMPLE HANDLING CHARGES
384,S100002,00438,00100,VIRTUAL CROSSMATCH PREDICTIVE ALGORI
384,S100003,00100,00100,MEDICAL DIRECTOR
384,S100003,00100,00300,MEDICAL DIRECTOR
384,S100003,00100,00500,LAB DIRECTOR
384,S100003,00101,00100,EXEC. DIRECTOR
384,S100003,00101,00300,PROCUREMENT COORDINATOR
384,S100003,00101,00500,TECHNICIANS
384,S100003,00102,00100,CLERICAL
384,S100003,00102,00300,PRESERVATION TECHNICIANS
384,S100003,00102,00500,TISSUE TYPING TECH.
384,S100003,00103,00100,OTHER
384,S100003,00103,00300,OTHER
384,S100003,00103,00500,OTHER
384,S200000,00100,00100,N
384,S200000,00200,00100,N
384,S200000,00300,00100,Y
384,S200000,00400,00100,Y
384,S200000,00400,00200,A
384,S200000,00500,00100,Y
384,S200000,00600,00300,DIRECTOR OF FINANCE
384,S200000,00700,00100,NJ SHARING NETWORK
385,A000000,00100,00000,0100CAPITAL COSTS-BLDG & FIXT
385,A000000,00200,00000,0200CAPITAL COSTS-MVBLE EQUIPMENT
385,A000000,00300,00000,0300EMPLOYEE BENEFITS
385,A000000,00400,00000,0400ADMINISTRATIVE & GENERAL
385,A000000,00500,00000,0500OPERATION AND MAINTENANCE OF PLANT
385,A000000,00600,00000,0600HOUSEKEEPING
385,A000000,00700,00000,0700MEDICAL SUPPLIES
385,A000000,00800,00000,0800OTHER OVERHEAD
385,A000000,00900,00000,0900PROCUREMENT COORDINATORS
385,A000000,01000,00000,1000PROFESSIONAL EDUCATION
385,A000000,01100,00000,1100PUBLIC EDUCATION
385,A000000,01200,00000,1200DONOR RESOURCE CENTER
385,A000000,01300,00000,1300KIDNEY ACQUISITIONS
385,A000000,01400,00000,1400TISSUE TYPING LABORATORY
385,A000000,01500,00000,1500LIVER ACQUISITIONS
385,A000000,01600,00000,1600HEART ACQUISITIONS
385,A000000,01700,00000,1700PANCREAS ACQUISITIONS
385,A000000,01800,00000,1800LUNG ACQUISITIONS
385,A000000,01900,00000,1900HEART / LUNG
385,A000000,01901,00000,1901SMALL BOWEL & OTHER
385,A000000,01902,00000,1903TISSUE DIRECTS
385,A000000,01904,00000,1904OTHER ACQUISITIONS
385,A000000,02100,00000,2100RESEARCH
385,A000000,02200,00000,2200BLOOD BANK
385,A000000,02300,00000,2300LABORATORY-NON-TISSUE TYPING
385,A000000,02400,00000,2400DIALYSIS UNITS
385,A000000,02500,00000,2500OTHER NON-REIMBURSABLE - TISSUE
385,A100000,01700,00000,UTILITIES
385,A100000,01800,00000,OTHER PROFESSIONAL SERVICES
385,A100000,01900,00000,TOTAL OTHER OPERATING EXPENSES
385,A20H000,00900,00000,OTHER EXCISION HOSPITAL
385,A20H000,00901,00000,CASE RATES
385,A20H000,00902,00000,SEROLOGY
385,A20H000,00903,00000,MED UNSUITABLE / POTENTIAL DONOR
385,A20H000,02100,00000,OTHER ACQUISITION COSTS
385,A20H000,02101,00000,CONSULTING
385,A20H000,02102,00000,CARDIOLOGY
385,A20H000,02103,00000,RESEARCH ORGAN - SURG & OTHER
385,A20K000,00900,00000,OTHER EXCISION HOSPITAL
385,A20K000,00901,00000,CASE RATES
385,A20K000,00902,00000,SEROLOGY
385,A20K000,00903,00000,MED UNSUITABLE / POTENTIAL DONOR
385,A20K000,02100,00000,OTHER ACQUISITION COSTS
385,A20K000,02101,00000,CONSULTING
385,A20K000,02102,00000,BIOPSY
385,A20K000,02103,00000,RESEARCH ORGANS - SUR. FEES & OTHER
385,A20L000,00900,00000,OTHER EXCISION HOSPITAL
385,A20L000,00901,00000,CASE RATES
385,A20L000,00902,00000,SEROLOGY
385,A20L000,00903,00000,MED UNSUITABLE / POTENTIAL DONOR
385,A20L000,02100,00000,OTHER ACQUISITION COSTS
385,A20L000,02101,00000,CONSULTING
385,A20L000,02102,00000,BIOPSY
385,A20L000,02103,00000,RESEARCH ORGANS - SURGEON & OTHER
385,A20O000,00900,00000,CASE RATES
385,A20O000,00901,00000,SEROLOGY
385,A20O000,00902,00000,CARDIOLOGY - HEART CATH
385,A20O000,02100,00000,CONSULTING
385,A20O000,02101,00000,CARDIOLOGY
385,A20O001,00900,00000,OTHER EXCISION HOSPITAL
385,A20O001,00901,00000,CASE RATES
385,A20O001,00902,00000,SERIOLOGY
385,A20O001,00903,00000,MED UNSUITABLE / POTENTIAL DONOR
385,A20O001,02100,00000,CONSULTING
385,A20O001,02101,00000,RESEARCH ORGANS - SURG & OTHER COSTS
385,A20O002,00900,00000,TISSUE FLAT RATES
385,A20O002,00901,00000,SEROLOGY
385,A20O002,00902,00000,MED UNSUITABLE / POTENTIAL DONOR
385,A20O002,02100,00000,CONSULTING
385,A20O002,02101,00000,ROUNDING DIFF
385,A20P000,00900,00000,OTHER EXCISION HOSPITAL
385,A20P000,00901,00000,CASE RATES
385,A20P000,00902,00000,SEROLOGY
385,A20P000,00903,00000,MEDICALLY UNSUITABLE
385,A20P000,02100,00000,CONSULTING
385,A20P000,02101,00000,RESEARCH - SURG FEE & OTHER
385,A20U000,00900,00000,OTHER EXCISION HOSPITAL
385,A20U000,00901,00000,CASE RATES
385,A20U000,00902,00000,SEROLOGY
385,A20U000,00903,00000,HOSP - MEDICALLY UNSUITABLE
385,A20U000,02100,00000,CONSULTING & CARDIOLOGY
385,A20U000,02101,00000,RESEARCH ORGAN - SURG FEE & OTHER
385,A400010,00100,00000,RECLASS TISSUE DIRECTS
385,A400010,00100,00100,A
385,A400010,00100,00200,OTHER NON-REIMBURSABLE - TISSUE
385,A400010,00100,00500,TISSUE DIRECTS
385,A400010,00200,00000,RECLASS LEASE COSTS
385,A400010,00200,00100,B
385,A400010,00200,00200,CAPITAL COSTS-BLDG & FIXT
385,A400010,00200,00500,PROCUREMENT COORDINATORS
385,A400010,00300,00000,RECLASS LEASE COSTS
385,A400010,00300,00100,B
385,A400010,00300,00200,CAPITAL COSTS-BLDG & FIXT
385,A400010,00300,00500,OTHER NON-REIMBURSABLE - TISSUE
385,A400010,00400,00000,RECLASS LEASE COSTS
385,A400010,00400,00100,B
385,A400010,00400,00200,CAPITAL COSTS-BLDG & FIXT
385,A400010,00400,00500,PUBLIC EDUCATION
385,A400010,00500,00000,RECLASS LEASE COSTS
385,A400010,00500,00100,B
385,A400010,00500,00200,CAPITAL COSTS-BLDG & FIXT
385,A400010,00500,00500,ADMINISTRATIVE & GENERAL
385,A400010,00600,00000,RECLASS LEASE COSTS
385,A400010,00600,00100,B
385,A400010,00600,00200,CAPITAL COSTS-BLDG & FIXT
385,A400010,00600,00500,PROFESSIONAL EDUCATION
385,A400010,00700,00000,RECLASS TISSUE EQUIV COSTS
385,A400010,00700,00100,F
385,A400010,00700,00200,OTHER NON-REIMBURSABLE - TISSUE
385,A400010,00700,00500,PUBLIC EDUCATION
385,A400010,00800,00000,RECLASS TISSUE EQUIV COSTS
385,A400010,00800,00100,F
385,A400010,00800,00500,PROFESSIONAL EDUCATION
385,A400010,00900,00000,RECLASS TISSUE EQUIV COSTS
385,A400010,00900,00100,F
385,A400010,00900,00500,DONOR RESOURCE CENTER
385,A400010,01000,00000,RECLASS KIDNEY PUMP VEHICLES
385,A400010,01000,00100,G
385,A400010,01000,00200,KIDNEY ACQUISITIONS
385,A400010,01000,00500,CAPITAL COSTS-MVBLE EQUIPMENT
385,A400010,01100,00000,SQ FOOTAGE A&G
385,A400010,01100,00100,H
385,A400010,01100,00200,ADMINISTRATIVE & GENERAL
385,A400010,01100,00500,CAPITAL COSTS-BLDG & FIXT
385,A400010,01200,00000,SQ FOOTAGE A&G
385,A400010,01200,00100,H
385,A400010,01200,00200,ADMINISTRATIVE & GENERAL
385,A400010,01200,00500,CAPITAL COSTS-MVBLE EQUIPMENT
385,A400010,01300,00000,TISSUE VEHICLE DEPRECIATION RECLASS
385,A400010,01300,00100,I
385,A400010,01300,00200,OTHER NON-REIMBURSABLE - TISSUE
385,A400010,01300,00500,CAPITAL COSTS-MVBLE EQUIPMENT
385,A400010,01400,00000,RECOVERY SURGEON  RECLASS FROM A&G
385,A400010,01400,00100,J
385,A400010,01400,00200,KIDNEY ACQUISITIONS
385,A400010,01400,00500,ADMINISTRATIVE & GENERAL
385,A400010,01500,00000,RECOVERY SURGEON  RECLASS FROM A&G
385,A400010,01500,00100,J
385,A400010,01500,00200,LIVER ACQUISITIONS
385,A400010,01600,00000,RECOVERY SURGEON  RECLASS FROM A&G
385,A400010,01600,00100,J
385,A400010,01600,00200,PANCREAS ACQUISITIONS
385,A400010,01700,00000,RECOVERY SURGEON  RECLASS FROM A&G
385,A400010,01700,00100,J
385,A400010,01700,00200,HEART ACQUISITIONS
385,A400010,01800,00000,RECOVERY SURGEON  RECLASS FROM A&G
385,A400010,01800,00100,J
385,A400010,01800,00200,LUNG ACQUISITIONS
385,A400010,01900,00000,RECOVERY SURGEON  RECLASS FROM A&G
385,A400010,01900,00100,J
385,A400010,01900,00200,SMALL BOWEL & OTHER
385,A500010,00800,00100,B
385,A500010,00800,00300,PROCUREMENT COORDINATORS
385,A500010,01000,00100,B
385,A500010,01000,00300,PUBLIC EDUCATION
385,A500010,01200,00100,A
385,A500010,01500,00000,REFERRAL INCOME
385,A500010,01500,00100,B
385,A500010,01500,00300,DONOR RESOURCE CENTER
385,A500010,01600,00000,NON-ALLOWABLE - GEN & ADMIN
385,A500010,01600,00100,A
385,A500010,01600,00300,ADMINISTRATIVE & GENERAL
385,A500010,01601,00000,NON-ALLOWABLE - PUBLIC
385,A500010,01601,00100,A
385,A500010,01601,00300,PUBLIC EDUCATION
385,A500010,01602,00000,NON-ALLOWABLE - ORGAN PROCUREMENT
385,A500010,01602,00100,A
385,A500010,01602,00300,PROCUREMENT COORDINATORS
385,A500010,01603,00000,NON-ALLOWABLE - PROFESSIONAL
385,A500010,01603,00100,A
385,A500010,01603,00300,PROFESSIONAL EDUCATION
385,A500010,01604,00000,TRANSPORT DONOR TO TMH
385,A500010,01604,00100,A
385,A500010,01604,00300,KIDNEY ACQUISITIONS
385,A500010,01605,00000,TRANSPORT DONOR TO TMH
385,A500010,01605,00100,A
385,A500010,01605,00300,LIVER ACQUISITIONS
385,A500010,01606,00000,DEPRECIATION - CAPITALIZED INTEREST
385,A500010,01606,00100,A
385,A500010,01606,00300,CAPITAL COSTS-BLDG & FIXT
385,A500010,01607,00000,TRANSPORT DONOR TO TMH
385,A500010,01607,00100,A
385,A500010,01607,00300,HEART ACQUISITIONS
385,A500010,01608,00000,TRANSPORT DONOR TO TMH
385,A500010,01608,00100,A
385,A500010,01608,00300,LUNG ACQUISITIONS
385,A500010,01609,00000,TRANSPORT DONOR TO TMH
385,A500010,01609,00100,A
385,A500010,01609,00300,PANCREAS ACQUISITIONS
385,A500010,01610,00000,NON-ALLOWABLE - TISSUE
385,A500010,01610,00100,A
385,A500010,01610,00300,OTHER NON-REIMBURSABLE - TISSUE
385,A500010,01611,00000,AOPO DUES - LOBBYING PORTION
385,A500010,01611,00100,A
385,A500010,01611,00300,ADMINISTRATIVE & GENERAL
385,A51000A,00100,00100,N
385,A60000A,00700,00000,LEASEHOLD IMPROVEMENTS
385,A60000A,00701,00000,MEDICAL EQUIPMENT
385,A60000A,00702,00000,FURNITURE
385,A60000A,00703,00000,PHONE SYSTEM
385,A60000A,00704,00000,OFFICE EQUIPMENT
385,A60000A,00705,00000,CIP - NEW BUILDING & PHONE SYSTEM
385,A60000B,00800,00000,LEASEHOLD IMPROVEMENTS
385,A60000B,00801,00000,FURNITURE
385,A60000B,00802,00000,MEDICAL & OFFICE EQUIPMENT
385,A60000B,00803,00000,PHONE SYSTEM
385,A60000C,00500,00100,N
385,B10000*,00100,00200,CAP BLDG
385,B10000*,00100,00300,CAP COSTS
385,B10000*,00100,00400,EMPLOYEE
385,B10000*,00100,00500,MEDICAL
385,B10000*,00100,00800,ORGAN
385,B10000*,00100,01000,ADMIN &
385,B10000*,00200,00200,OP PLANT &
385,B10000*,00200,00300,MOVABLE
385,B10000*,00200,00400,BENEFITS
385,B10000*,00200,00500,SUPPLIES
385,B10000*,00200,00800,ACQUISITN
385,B10000*,00200,01000,GENERAL
385,B10000*,00300,00200,HOUSEKEEP
385,B10000*,00300,00300,EQUIPMENT
385,B10000*,00300,00800,COSTS
385,B10000*,00400,00200,SQUARE
385,B10000*,00400,00300,DOLLAR
385,B10000*,00400,00400,ADJUST
385,B10000*,00400,00500,COSTED
385,B10000*,00400,00800,NUMBER
385,B10000*,00400,01000,ACCUM
385,B10000*,00500,00200,FEET
385,B10000*,00500,00300,VALUE
385,B10000*,00500,00400,SALARIES
385,B10000*,00500,00500,REQUISIT
385,B10000*,00500,00800,ORGANS
385,B10000*,00500,01000,COSTS
385,B10000*,00600,00200,1
385,B10000*,00600,00300,2
385,B10000*,00600,00400,3
385,B10000*,00600,00500,3
385,B10000*,00600,00800,3
385,B10000*,00600,01000,3
385,B100000,00000,01000,X
385,E000000,00900,00000,DUE FROM MEDICARE
385,E000000,02600,00000,CIP - BUILDING
385,E000000,03900,00000,DEFERRED LEASE COSTS
385,E100001,00700,00000,RESEARCH INCOME
385,E100001,00800,00000,REFERRAL INCOME
385,E100001,00900,00000,TISSUE REVENUE
385,E200000,02100,00000,CHANGE IN MARKET VALUE OF INVESTMENT
385,E200000,02200,00000,DONATIONS
385,E200000,02300,00000,SEMINAR FEES
385,E200000,02301,00000,OTHER - ROUNDING DIFFERENCE
385,E200000,02600,00000,LOSS ON DISPOSAL OF ASSETS
385,E200000,02700,00000,INTEREST EXPENSE
385,S000000,00100,00100,X
385,S000000,00400,00100,2
385,S000000,00500,00100,07/29/2021
385,S000000,00600,00100,10001
385,S000000,00700,00100,N
385,S000000,00800,00100,N
385,S000000,00900,00100,12/21/2022
385,S000000,01000,00100,4
385,S000001,00100,00100,LIFEGIFT
385,S000001,00100,00200,45P003
385,S000001,00101,00100,2510 WESTRIDGE STREET
385,S000001,00102,00100,HOUSTON
385,S000001,00102,00200,TX
385,S000001,00102,00300,77054
385,S000001,00300,00100,01/01/2020
385,S000001,00300,00200,12/31/2020
385,S000001,00400,00100,6
385,S000001,00400,00300,1
385,S000001,00400,00400,10/01/1987
385,S000001,00401,00300,1
385,S000002,00100,00200,Y
385,S000002,00300,00100,SR. EXECUTIVE VICE PRESIDENT / CFO
385,S000002,00400,00100,07/27/2021
385,S100001,00700,00100,N
385,S100001,00810,00000,LIVER SEGMENT
385,S100001,00811,00000,OTHER TISSUES
385,S100001,00812,00000,SMALL BOWEL
385,S100003,00100,00100,MEDICAL DIRECTOR
385,S100003,00100,00300,MEDICAL DIRECTOR
385,S100003,00100,00500,LAB DIRECTOR
385,S100003,00101,00100,EXEC. DIRECTOR
385,S100003,00101,00300,PROCUREMENT COORDINATOR
385,S100003,00101,00500,TECHNICIANS
385,S100003,00102,00100,CLERICAL
385,S100003,00102,00300,PRESERVATION TECHNICIANS
385,S100003,00102,00500,TISSUE TYPING TECH.
385,S100003,00103,00100,MANAGERS
385,S100003,00103,00300,DONOR RESOURCE CENTER
385,S100003,00103,00500,OTHER
385,S200000,00100,00100,N
385,S200000,00200,00100,N
385,S200000,00300,00100,N
385,S200000,00400,00100,Y
385,S200000,00400,00200,A
385,S200000,00400,00300,12/31/2020
385,S200000,00500,00100,N
385,S200000,00600,00300,SR EXEC VP & CFO
385,S200000,00700,00100,LIFEGIFT
386,A000000,00100,00000,0100CAPITAL COSTS-BLDG & FIXT
386,A000000,00200,00000,0200CAPITAL COSTS-MVBLE EQUIPMENT
386,A000000,00300,00000,0300EMPLOYEE BENEFITS
386,A000000,00400,00000,0400ADMINISTRATIVE & GENERAL
386,A000000,00500,00000,0500OPERATION AND MAINTENANCE OF PLANT
386,A000000,00600,00000,0600HOUSEKEEPING
386,A000000,00700,00000,0700MEDICAL SUPPLIES
386,A000000,00800,00000,0800OTHER OVERHEAD
386,A000000,00900,00000,0900PROCUREMENT COORDINATORS
386,A000000,01000,00000,1000PROFESSIONAL EDUCATION
386,A000000,01100,00000,1100PUBLIC EDUCATION
386,A000000,01200,00000,1200OTHER ACQUISITION
386,A000000,01300,00000,1300KIDNEY ACQUISITIONS
386,A000000,01400,00000,1400TISSUE TYPING LABORATORY
386,A000000,01500,00000,1500LIVER ACQUISITIONS
386,A000000,01600,00000,1600HEART ACQUISITIONS
386,A000000,01700,00000,1700PANCREAS ACQUISITIONS
386,A000000,01800,00000,1800LUNG ACQUISITIONS
386,A000000,01900,00000,1900OTHER ACQUISITIONS
386,A000000,02100,00000,2100RESEARCH
386,A000000,02200,00000,2200BLOOD BANK
386,A000000,02300,00000,2300LABORATORY-NON-TISSUE TYPING
386,A000000,02400,00000,2400DIALYSIS UNITS
386,A000000,02500,00000,2500TISSUE RELATED COSTS- LIFENET HEALTH
386,A000000,02501,00000,2501TISSUE RELATED COSTS- FTS
386,A000000,02502,00000,2502TISSUE RELATED COSTS- SWAI
386,A000000,02503,00000,2503TISSUE RELATED COSTS- LDMF
386,A000000,02504,00000,2504TISSUE RELATED COSTS- LNH CANADA
386,A000000,02505,00000,2505TISSUE RELATED COSTS- IRM
386,A000000,02506,00000,2506TISSUE RELATED COSTS- LNH NW
386,A000000,02507,00000,2507TISSUE RELATED COSTS- LIFENET EUROPE
386,A100000,01700,00000,OTHER ADMIN & GENERAL
386,A20H000,00900,00000,OTHER EXCISION RELATED
386,A20H000,00901,00000,HOSPITAL CHARGES - CASE RATE FEES
386,A20K000,00900,00000,OTHER EXCISION RELATED
386,A20K000,00901,00000,HOSPITAL CHARGES - CASE RATE FEES
386,A20L000,00900,00000,OTHER EXCISION RELATED
386,A20L000,00901,00000,HOSPITAL CHARGES - CASE RATE FEES
386,A20O000,00900,00000,OTHER EXCISION RELATED
386,A20O000,00901,00000,HOSPITAL CHARGES - CASE RATE FEES
386,A20P000,00900,00000,OTHER EXCISION RELATED
386,A20P000,00901,00000,HOSPITAL CHARGES - CASE RATE FEES
386,A20U000,00900,00000,OTHER EXCISION RELATED
386,A20U000,00901,00000,HOSPITAL CHARGES - CASE RATE FEES
386,A400010,00100,00000,RECLASSIFICATIONS
386,A400010,00100,00100,A
386,A400010,00100,00200,TISSUE RELATED COSTS- LIFENET HEALTH
386,A400010,00100,00500,PROCUREMENT COORDINATORS
386,A400010,00200,00000,RECLASSIFICATIONS
386,A400010,00200,00100,A
386,A400010,00200,00200,TISSUE RELATED COSTS- LIFENET HEALTH
386,A400010,00200,00500,PROFESSIONAL EDUCATION
386,A400010,00300,00000,RECLASSIFICATIONS
386,A400010,00300,00100,A
386,A400010,00300,00200,TISSUE RELATED COSTS- LIFENET HEALTH
386,A400010,00300,00500,PUBLIC EDUCATION
386,A400010,00400,00000,RECLASSIFICATIONS
386,A400010,00400,00100,A
386,A400010,00400,00200,TISSUE RELATED COSTS- LIFENET HEALTH
386,A400010,00400,00500,OTHER ACQUISITION
386,A500010,00800,00300,PROCUREMENT COORDINATORS
386,A500010,01500,00000,BAD DEBT EXPENSE
386,A500010,01500,00100,A
386,A500010,01500,00300,ADMINISTRATIVE & GENERAL
386,A500010,01600,00000,DONOR CENTER REVENUE
386,A500010,01600,00100,A
386,A500010,01600,00300,OTHER ACQUISITION
386,A500010,01601,00000,LOBBYING EXPENSE
386,A500010,01601,00100,A
386,A500010,01601,00300,PROCUREMENT COORDINATORS
386,A500010,01602,00000,CONTRIBUTIONS
386,A500010,01602,00100,A
386,A500010,01602,00300,ADMINISTRATIVE & GENERAL
386,A500010,01603,00000,LOSS ON ASSET DISPOSAL
386,A500010,01603,00100,A
386,A500010,01603,00300,ADMINISTRATIVE & GENERAL
386,A500010,01604,00000,LIVING KIDNEY REVENUE
386,A500010,01604,00100,B
386,A500010,01604,00300,PROCUREMENT COORDINATORS
386,A500010,01605,00000,UNREALIZED GAIN ON INVESTMENTS
386,A500010,01605,00100,A
386,A500010,01605,00300,ADMINISTRATIVE & GENERAL
386,A500010,01607,00000,G&A EXPENSE
386,A500010,01607,00100,A
386,A500010,01607,00300,ADMINISTRATIVE & GENERAL
386,A500010,01608,00000,ORGAN OVERHEAD EXPENSE
386,A500010,01608,00100,A
386,A500010,01608,00300,PROCUREMENT COORDINATORS
386,A500010,01609,00000,ORGAN OVERHEAD EXPENSE
386,A500010,01609,00100,A
386,A500010,01609,00300,PROFESSIONAL EDUCATION
386,A500010,01610,00000,ORGAN OVERHEAD EXPENSE
386,A500010,01610,00100,A
386,A500010,01610,00300,PUBLIC EDUCATION
386,A500010,01611,00000,ORGAN OVERHEAD EXPENSE
386,A500010,01611,00100,A
386,A500010,01611,00300,OTHER ACQUISITION
386,A51000A,00100,00100,N
386,A60000A,00700,00000,CONSTRUCTION-IN-PROGRESS
386,A60000C,00500,00100,N
386,B10000*,00100,00200,CAP BLDG
386,B10000*,00100,00300,CAP COSTS
386,B10000*,00100,00400,EMPLOYEE
386,B10000*,00100,00500,MEDICAL
386,B10000*,00100,00800,ORGAN
386,B10000*,00100,01000,ADMIN &
386,B10000*,00200,00200,OP PLANT &
386,B10000*,00200,00300,MOVABLE
386,B10000*,00200,00400,BENEFITS
386,B10000*,00200,00500,SUPPLIES
386,B10000*,00200,00800,ACQUISITN
386,B10000*,00200,01000,GENERAL
386,B10000*,00300,00200,HOUSEKEEP
386,B10000*,00300,00300,EQUIPMENT
386,B10000*,00300,00800,COSTS
386,B10000*,00400,00200,SQUARE
386,B10000*,00400,00300,DOLLAR
386,B10000*,00400,00400,ADJUST
386,B10000*,00400,00500,COSTED
386,B10000*,00400,00800,NUMBER
386,B10000*,00400,01000,ACCUM
386,B10000*,00500,00200,FEET
386,B10000*,00500,00300,VALUE
386,B10000*,00500,00400,SALARIES
386,B10000*,00500,00500,REQUISIT
386,B10000*,00500,00800,ORGANS
386,B10000*,00500,01000,COSTS
386,B10000*,00600,00200,1
386,B10000*,00600,00300,2
386,B10000*,00600,00400,3
386,B10000*,00600,00500,3
386,B10000*,00600,00800,3
386,B10000*,00600,01000,3
386,B100000,00000,01000,X
386,E000000,00900,00000,OTHER CURRENT ASSETS
386,E000000,02600,00000,CONSTRUCTION IN PROGRESS
386,E000000,03100,00000,OTHER ASSETS
386,E000000,04600,00000,DEFERRED INCOME
386,E000000,04700,00000,OTHER LONG TERM LIABILITIES
386,E100002,00800,00000,ELIMINATION ENTRY FOR CONSOLIDATION
386,E200000,01500,00000,TISSUE BANK REVENUE
386,E200000,01600,00000,DONOR CENTER REVENUE
386,E200000,01700,00000,OTHER INCOME
386,E200000,01800,00000,MEDICARE
386,S000000,00100,00100,X
386,S000000,00400,00100,2
386,S000000,00500,00100,09/29/2021
386,S000000,00600,00100,10001
386,S000000,00700,00100,N
386,S000000,00800,00100,N
386,S000000,00900,00100,12/21/2022
386,S000000,01000,00100,4
386,S000001,00100,00100,LIFENET HEALTH
386,S000001,00100,00200,49P001
386,S000001,00101,00100,1864 CONCERT DRIVE
386,S000001,00102,00100,VIRGINIA BEACH
386,S000001,00102,00200,VA
386,S000001,00102,00300,23453
386,S000001,00300,00100,01/01/2020
386,S000001,00300,00200,12/31/2020
386,S000001,00400,00100,8
386,S000001,00400,00300,1
386,S000001,00400,00400,10/01/1987
386,S000001,00401,00300,1
386,S000002,00100,00200,Y
386,S000002,00300,00100,CFO
386,S000002,00400,00100,09/29/2021
386,S100001,00700,00100,N
386,S100001,00810,00000,INTESTINE
386,S100003,00100,00100,MEDICAL DIRECTOR
386,S100003,00100,00300,MEDICAL DIRECTOR
386,S100003,00100,00500,LAB DIRECTOR
386,S100003,00101,00100,EXEC. DIRECTOR
386,S100003,00101,00300,PROCUREMENT COORDINATOR
386,S100003,00101,00500,TECHNICIANS
386,S100003,00102,00100,CLERICAL
386,S100003,00102,00300,PRESERVATION TECHNICIANS
386,S100003,00102,00500,TISSUE TYPING TECH.
386,S100003,00103,00100,OTHER
386,S100003,00103,00300,OTHER
386,S100003,00103,00500,OTHER
386,S200000,00100,00100,N
386,S200000,00200,00100,N
386,S200000,00300,00100,N
386,S200000,00400,00100,Y
386,S200000,00400,00200,A
386,S200000,00500,00100,N
386,S200000,00600,00300,SR STAFF ACCOUNTANT
386,S200000,00700,00100,LIFENET HEALTH
387,A000000,00100,00000,0100CAPITAL COSTS-BLDG & FIXT
387,A000000,00200,00000,0200CAPITAL COSTS-MVBLE EQUIPMENT
387,A000000,00300,00000,0300EMPLOYEE BENEFITS
387,A000000,00400,00000,0400ADMINISTRATIVE & GENERAL
387,A000000,00500,00000,0500OPERATION AND MAINTENANCE OF PLANT
387,A000000,00600,00000,0600HOUSEKEEPING
387,A000000,00700,00000,0700MEDICAL SUPPLIES
387,A000000,00800,00000,0800OTHER OVERHEAD
387,A000000,00900,00000,0900PROCUREMENT COORDINATORS
387,A000000,01000,00000,1000PROFESSIONAL EDUCATION
387,A000000,01100,00000,1100PUBLIC EDUCATION
387,A000000,01200,00000,1200OTHER ACQUISITION
387,A000000,01300,00000,1300KIDNEY ACQUISITIONS
387,A000000,01400,00000,1400TISSUE TYPING LABORATORY
387,A000000,01500,00000,1500LIVER ACQUISITIONS
387,A000000,01600,00000,1600HEART ACQUISITIONS
387,A000000,01700,00000,1700PANCREAS ACQUISITIONS
387,A000000,01800,00000,1800LUNG ACQUISITIONS
387,A000000,01900,00000,1900OTHER ACQUISITIONS
387,A000000,02100,00000,2100RESEARCH
387,A000000,02200,00000,2200BLOOD BANK
387,A000000,02300,00000,2300LABORATORY-NON-TISSUE TYPING
387,A000000,02400,00000,2400DIALYSIS UNITS
387,A000000,02500,00000,2500TISSUE
387,A000000,02501,00000,2501EYE UNIT
387,A100000,01700,00000,VEHICLE EXPENSE
387,A100000,01800,00000,OFFICE MEETING EXPENSE
387,A100000,01900,00000,INVESTMENT FEES
387,A100000,01901,00000,PRINTING AND POSTAGE
387,A20H000,00900,00000,CASE RATE - CANNOT SEPARATE
387,A20K000,00900,00000,CASE RATE - CANNOT SEPARATE
387,A20L000,00900,00000,CASR RATE - CANNOT SEPARATE
387,A20O000,00900,00000,CASE RATE CANNOT SEPARATE
387,A20O001,00900,00000,CASE RATE CANNOT SEPARATE
387,A20P000,00900,00000,CASE RATE - CANNOT SEPARATE
387,A20U000,00900,00000,CASE RATE - CANNOT SEPARATE
387,A400010,00100,00000,RECLASSIFICATIONS
387,A400010,00100,00100,A
387,A400010,00100,00200,KIDNEY ACQUISITIONS
387,A400010,00100,00500,LABORATORY-NON-TISSUE TYPING
387,A400010,00200,00000,RECLASSIFICATIONS
387,A400010,00200,00100,A
387,A400010,00200,00200,HEART ACQUISITIONS
387,A400010,00200,00500,LABORATORY-NON-TISSUE TYPING
387,A400010,00300,00000,RECLASSIFICATIONS
387,A400010,00300,00100,A
387,A400010,00300,00200,LIVER ACQUISITIONS
387,A400010,00300,00500,LABORATORY-NON-TISSUE TYPING
387,A400010,00400,00000,RECLASSIFICATIONS
387,A400010,00400,00100,A
387,A400010,00400,00200,PANCREAS ACQUISITIONS
387,A400010,00400,00500,LABORATORY-NON-TISSUE TYPING
387,A400010,00500,00000,RECLASSIFICATIONS
387,A400010,00500,00100,A
387,A400010,00500,00200,TISSUE
387,A400010,00500,00500,LABORATORY-NON-TISSUE TYPING
387,A400010,00600,00000,RECLASSIFICATIONS
387,A400010,00600,00100,A
387,A400010,00600,00200,EYE UNIT
387,A400010,00600,00500,LABORATORY-NON-TISSUE TYPING
387,A400010,00700,00000,RECLASSIFICATIONS
387,A400010,00700,00100,A
387,A400010,00700,00200,LUNG ACQUISITIONS
387,A400010,00700,00500,LABORATORY-NON-TISSUE TYPING
387,A400010,00800,00000,RECLASSIFICATIONS
387,A400010,00800,00100,A
387,A400010,00800,00200,LABORATORY-NON-TISSUE TYPING
387,A400010,00800,00500,CAPITAL COSTS-BLDG & FIXT
387,A400010,00900,00000,RECLASSIFICATIONS
387,A400010,00900,00100,A
387,A400010,00900,00200,EYE UNIT
387,A400010,00900,00500,CAPITAL COSTS-BLDG & FIXT
387,A400010,01000,00000,RECLASSIFICATIONS
387,A400010,01000,00100,A
387,A400010,01000,00200,TISSUE
387,A400010,01000,00500,PROCUREMENT COORDINATORS
387,A500010,00800,00100,B
387,A500010,00800,00300,LIVER ACQUISITIONS
387,A500010,01200,00100,A
387,A500010,01200,00300,ADMINISTRATIVE & GENERAL
387,A500010,01500,00000,LOBBYING
387,A500010,01500,00100,A
387,A500010,01500,00300,ADMINISTRATIVE & GENERAL
387,A500010,01501,00000,DISALLOWED EXPENSES
387,A500010,01501,00100,A
387,A500010,01501,00300,PROCUREMENT COORDINATORS
387,A500010,01502,00000,IINVESTMENT FEES
387,A500010,01502,00100,A
387,A500010,01502,00300,ADMINISTRATIVE & GENERAL
387,A500010,01503,00000,ORGANS FOR RESEARCH
387,A500010,01503,00100,B
387,A500010,01503,00300,KIDNEY ACQUISITIONS
387,A500010,01504,00000,ORGANS FOR RESEARCH
387,A500010,01504,00100,B
387,A500010,01504,00300,HEART ACQUISITIONS
387,A500010,01505,00000,ORGANS FOR RESEARCH
387,A500010,01505,00100,B
387,A500010,01505,00300,PANCREAS ACQUISITIONS
387,A500010,01506,00000,ORGANS FOR RESEARCH
387,A500010,01506,00100,B
387,A500010,01506,00300,LUNG ACQUISITIONS
387,A500010,01507,00000,ORGANS FOR RESEARCH
387,A500010,01507,00100,B
387,A500010,01507,00300,OTHER ACQUISITIONS
387,A500010,01508,00000,FUNERAL HOME EXPENSES
387,A500010,01508,00100,A
387,A500010,01508,00300,PROFESSIONAL EDUCATION
387,A500010,01601,00000,TO REMOVE ALL INVESTMENT FEE EXPENSE
387,A500010,01601,00100,A
387,A500010,01601,00300,ADMINISTRATIVE & GENERAL
387,A500010,01602,00000,TO REMOVE UNALLOWABLE EXPENSE ADMIN
387,A500010,01602,00100,A
387,A500010,01602,00300,ADMINISTRATIVE & GENERAL
387,A51000A,00100,00100,N
387,A60000A,00700,00000,OFFICE EQUIPMENT
387,A60000A,00701,00000,ORGANIZATIONAL COSTS
387,A60000B,00800,00000,OFFICE EQUIPMENT
387,A60000B,00801,00000,ORGANIZATIONAL COSTS
387,A60000C,00500,00100,N
387,B10000*,00100,00200,CAP BLDG
387,B10000*,00100,00300,CAP COSTS
387,B10000*,00100,00400,EMPLOYEE
387,B10000*,00100,00500,MEDICAL
387,B10000*,00100,00800,ORGAN
387,B10000*,00100,01000,ADMIN &
387,B10000*,00200,00200,OP PLANT &
387,B10000*,00200,00300,MOVABLE
387,B10000*,00200,00400,BENEFITS
387,B10000*,00200,00500,SUPPLIES
387,B10000*,00200,00800,ACQUISITN
387,B10000*,00200,01000,GENERAL
387,B10000*,00300,00200,HOUSEKEEP
387,B10000*,00300,00300,EQUIPMENT
387,B10000*,00300,00800,COSTS
387,B10000*,00400,00200,SQUARE
387,B10000*,00400,00300,DOLLAR
387,B10000*,00400,00400,ADJUST
387,B10000*,00400,00500,COSTED
387,B10000*,00400,00800,NUMBER
387,B10000*,00400,01000,ACCUM
387,B10000*,00500,00200,FEET
387,B10000*,00500,00300,VALUE
387,B10000*,00500,00400,SALARIES
387,B10000*,00500,00500,REQUISIT
387,B10000*,00500,00800,ORGANS
387,B10000*,00500,01000,COSTS
387,B10000*,00600,00200,1
387,B10000*,00600,00300,2
387,B10000*,00600,00400,3
387,B10000*,00600,00500,3
387,B10000*,00600,00800,3
387,B10000*,00600,01000,3
387,B100000,00000,01000,X
387,E000000,00900,00000,OTHER CURRENT ASSETS
387,E000000,02600,00000,ORGANIZATIONAL COSTS
387,E100001,00700,00000,MAEDICARE OVERPAYMENT
387,E200000,02000,00000,GAIN ON SALE OF INVESTMENTS
387,E200000,02100,00000,GAIN ON SALE OF EQUIPMENT
387,E200000,02200,00000,UNREALIZED GAIN ON INVESTMETNTS
387,E200000,02300,00000,MISCELLANEOUS INCOME
387,E200000,02600,00000,INVESTMENT MANAGEMENT FEES
387,E200000,02700,00000,OTHER EXPENSES
387,S000000,00100,00100,X
387,S000000,00400,00100,2
387,S000000,00500,00100,07/30/2021
387,S000000,00600,00100,10001
387,S000000,00700,00100,N
387,S000000,00800,00100,N
387,S000000,00900,00100,12/22/2022
387,S000000,01000,00100,4
387,S000001,00100,00100,CENTER FOR ORGAN RECOVERY AND EDUCAT
387,S000001,00100,00200,39P002
387,S000001,00101,00100,204 SIGMA DRIVE
387,S000001,00102,00100,PITTSBURGH
387,S000001,00102,00200,PA
387,S000001,00102,00300,15238
387,S000001,00300,00100,01/01/2020
387,S000001,00300,00200,12/31/2020
387,S000001,00400,00100,6
387,S000001,00400,00300,1
387,S000001,00400,00400,12/01/1977
387,S000001,00401,00300,1
387,S000002,00100,00200,Y
387,S000002,00300,00100,CFO
387,S000002,00400,00100,07/28/2021
387,S100001,00700,00100,N
387,S100001,00810,00000,MULTIVISCERAL
387,S100003,00100,00100,MEDICAL DIRECTOR
387,S100003,00100,00300,MEDICAL DIRECTOR
387,S100003,00100,00500,LAB DIRECTOR
387,S100003,00101,00100,EXEC. DIRECTOR
387,S100003,00101,00300,PROCUREMENT COORDINATOR
387,S100003,00101,00500,TECHNICIANS
387,S100003,00102,00100,CLERICAL
387,S100003,00102,00300,PRESERVATION TECHNICIANS
387,S100003,00102,00500,TISSUE TYPING TECH.
387,S100003,00103,00100,OTHER
387,S100003,00103,00300,OTHER
387,S100003,00103,00500,OTHER
387,S200000,00100,00100,N
387,S200000,00200,00100,N
387,S200000,00300,00100,N
387,S200000,00400,00100,N
387,S200000,00500,00100,N
387,S200000,00600,00300,CFO
387,S200000,00700,00100,CENTER FOR ORGAN RECOVERYAND EDUCATI
389,A000000,00100,00000,0100CAPITAL COSTS-BLDG & FIXT
389,A000000,00200,00000,0200CAPITAL COSTS-MVBLE EQUIPMENT
389,A000000,00300,00000,0300EMPLOYEE BENEFITS
389,A000000,00400,00000,0400ADMINISTRATIVE & GENERAL
389,A000000,00500,00000,0500OPERATION AND MAINTENANCE OF PLANT
389,A000000,00600,00000,0600HOUSEKEEPING
389,A000000,00700,00000,0700MEDICAL SUPPLIES
389,A000000,00800,00000,0800OTHER OVERHEAD
389,A000000,00900,00000,0900PROCUREMENT COORDINATORS
389,A000000,01000,00000,1000PROFESSIONAL EDUCATION
389,A000000,01100,00000,1100PUBLIC EDUCATION
389,A000000,01200,00000,1200CALL CENTER
389,A000000,01300,00000,1300KIDNEY ACQUISITIONS
389,A000000,01400,00000,1400TISSUE TYPING LABORATORY
389,A000000,01500,00000,1500LIVER ACQUISITIONS
389,A000000,01600,00000,1600HEART ACQUISITIONS
389,A000000,01700,00000,1700PANCREAS ACQUISITIONS
389,A000000,01800,00000,1800LUNG ACQUISITIONS
389,A000000,01900,00000,1900INTESTINE          (WKST A2 6 L 23
389,A000000,02100,00000,2100RESEARCH
389,A000000,02200,00000,2200BLOOD BANK
389,A000000,02300,00000,2300LABORATORY-NON-TISSUE TYPING
389,A000000,02400,00000,2400DIALYSIS UNITS
389,A000000,02500,00000,2500TISSUE
389,A100000,01700,00000,MEMBERSHIP DUES
389,A100000,01800,00000,MISCELLANEOUS ADMINISTRATIVE
389,A100000,01900,00000,PENSION CONTRIBUTIONS
389,A20H000,00900,00000,ACCRUED EXPENSES
389,A20K000,00900,00000,ACCRUED EXPENSES
389,A20L000,00900,00000,ACCRUED EXPENSES
389,A20O000,00900,00000,ACCRUED EXPENSES
389,A20O000,02100,00000,TISSUE INDIRECT COST
389,A20O000,02101,00000,TISSUE ADMINISTRATIVE & GENERAL
389,A20O000,02102,00000,OTHER TISSUE ACQ. COSTS-PURCH BONE
389,A20P000,00900,00000,ACCRUED EXPENSES
389,A20U000,00900,00000,ACCRUED EXPENSES
389,A400010,00100,00000,RE-ALLOCATE RENT EXPENSE
389,A400010,00100,00100,A
389,A400010,00100,00200,CAPITAL COSTS-BLDG & FIXT
389,A400010,00100,00500,ADMINISTRATIVE & GENERAL
389,A400010,00200,00000,RECLASS EMPLOYEE GROUP INSURANCE
389,A400010,00200,00100,B
389,A400010,00200,00200,EMPLOYEE BENEFITS
389,A400010,00200,00500,ADMINISTRATIVE & GENERAL
389,A400010,00300,00000,RECLASS PAYROLL TAX - ORGAN
389,A400010,00300,00100,D
389,A400010,00300,00200,EMPLOYEE BENEFITS
389,A400010,00300,00500,PROCUREMENT COORDINATORS
389,A400010,00400,00000,RECLASS PAYROLL TAX - TISSUE
389,A400010,00400,00100,E
389,A400010,00400,00200,EMPLOYEE BENEFITS
389,A400010,00400,00500,TISSUE
389,A400010,00500,00000,RECLASS EQUIPMENT RENTAL
389,A400010,00500,00100,G
389,A400010,00500,00200,ADMINISTRATIVE & GENERAL
389,A400010,00500,00500,CAPITAL COSTS-MVBLE EQUIPMENT
389,A400010,00600,00000,TISSUE ALLOCATION
389,A400010,00600,00100,H
389,A400010,00600,00200,TISSUE
389,A400010,00600,00500,PROCUREMENT COORDINATORS
389,A400010,00700,00000,TISSUE ALLOCATION
389,A400010,00700,00100,H
389,A400010,00700,00500,PUBLIC EDUCATION
389,A400010,00800,00000,TISSUE ALLOCATION
389,A400010,00800,00100,H
389,A400010,00800,00500,PROFESSIONAL EDUCATION
389,A400010,00900,00000,CALL CENTER ALLOCATION
389,A400010,00900,00100,I
389,A400010,00900,00200,TISSUE
389,A400010,00900,00500,CALL CENTER
389,A500010,00800,00100,A
389,A500010,00800,00300,PROCUREMENT COORDINATORS
389,A500010,01500,00000,UES-LOBBYING
389,A500010,01500,00100,A
389,A500010,01500,00300,PROCUREMENT COORDINATORS
389,A500010,01600,00000,DONOR FAMILY PICNIC
389,A500010,01600,00100,A
389,A500010,01600,00300,PUBLIC EDUCATION
389,A500010,01601,00000,FUNDRAISING
389,A500010,01601,00100,B
389,A500010,01601,00300,PUBLIC EDUCATION
389,A500010,01602,00000,DONOR TRANSPORT COSTS - KIDNEY
389,A500010,01602,00100,A
389,A500010,01602,00300,KIDNEY ACQUISITIONS
389,A500010,01603,00000,DONOR TRANSPORT COSTS - LIVER
389,A500010,01603,00100,A
389,A500010,01603,00300,LIVER ACQUISITIONS
389,A500010,01604,00000,DONOR TRANSPORT COSTS - LUNG
389,A500010,01604,00100,A
389,A500010,01604,00300,LUNG ACQUISITIONS
389,A500010,01605,00000,DONOR TRANSPORT COSTS - HEART
389,A500010,01605,00100,A
389,A500010,01605,00300,HEART ACQUISITIONS
389,A500010,01606,00000,DONOR TRANSPORT COSTS - PANCREAS
389,A500010,01606,00100,A
389,A500010,01606,00300,PANCREAS ACQUISITIONS
389,A500010,01607,00000,DONOR TRANSPORT COSTS - INTESTINE
389,A500010,01607,00100,A
389,A500010,01607,00300,INTESTINE          (WKST A2 6 L 23
389,A51000A,00100,00100,N
389,A60000A,00700,00000,LEASEHOLD IMPROVEMENTS
389,A60000A,00701,00000,CIP
389,A60000B,00800,00000,LEASEHOLD IMPROVEMENTS
389,A60000C,00500,00100,N
389,B10000*,00100,00200,CAP BLDG
389,B10000*,00100,00300,CAP COSTS
389,B10000*,00100,00400,EMPLOYEE
389,B10000*,00100,00500,MEDICAL
389,B10000*,00100,00800,ORGAN
389,B10000*,00100,01000,ADMIN &
389,B10000*,00200,00200,OP PLANT &
389,B10000*,00200,00300,MOVABLE
389,B10000*,00200,00400,BENEFITS
389,B10000*,00200,00500,SUPPLIES
389,B10000*,00200,00800,ACQUISITN
389,B10000*,00200,01000,GENERAL
389,B10000*,00300,00200,HOUSEKEEP
389,B10000*,00300,00300,EQUIPMENT
389,B10000*,00300,00800,COSTS
389,B10000*,00400,00200,SQUARE SQ.
389,B10000*,00400,00300,DOLLAR
389,B10000*,00400,00400,ADJUST
389,B10000*,00400,00500,COSTED REQ
389,B10000*,00400,00800,NO. OF ORG
389,B10000*,00400,01000,ACCUM
389,B10000*,00500,00200,FT.)
389,B10000*,00500,00300,VALUE
389,B10000*,00500,00400,SALARIES
389,B10000*,00500,00500,UIS
389,B10000*,00500,00800,ANS
389,B10000*,00500,01000,COSTS
389,B10000*,00600,00200,1
389,B10000*,00600,00300,2
389,B10000*,00600,00400,3
389,B10000*,00600,00500,3
389,B10000*,00600,00800,3
389,B10000*,00600,01000,3
389,B100000,00000,01000,X
389,E000000,00900,00000,OTHER CURRENT ASSETS
389,E000000,02600,00000,CONSTRUCTION IN PROGRESS
389,E200000,01500,00000,FUNDRAISING
389,E200000,01600,00000,MISCELLANEOUS
389,E200000,01700,00000,RECEIVED FROM CMS
389,S000000,00100,00100,X
389,S000000,00400,00100,2
389,S000000,00500,00100,07/28/2021
389,S000000,00600,00100,10001
389,S000000,00700,00100,N
389,S000000,00800,00100,N
389,S000000,00900,00100,01/24/2023
389,S000000,01000,00100,4
389,S000001,00100,00100,LOUISIANA ORGAN PROCUREMENT AGENCY
389,S000001,00100,00200,19P001
389,S000001,00101,00100,68190 HWY 190 SERVICE ROAD
389,S000001,00102,00100,COVINGTON
389,S000001,00102,00200,LA
389,S000001,00102,00300,70433
389,S000001,00300,00100,01/01/2020
389,S000001,00300,00200,12/31/2020
389,S000001,00400,00100,6
389,S000001,00400,00300,1
389,S000001,00400,00400,11/27/1987
389,S000001,00401,00300,1
389,S000002,00300,00100,COO
389,S100001,00700,00100,N
389,S100001,00810,00000,INTESTINE
389,S100001,00811,00000,SAPH VEINS
389,S100003,00100,00100,MEDICAL DIRECTOR
389,S100003,00100,00300,MEDICAL DIRECTOR
389,S100003,00100,00500,LAB DIRECTOR
389,S100003,00101,00100,EXEC. DIRECTOR
389,S100003,00101,00300,PROCUREMENT COORDINATOR
389,S100003,00101,00500,TECHNICIANS
389,S100003,00102,00100,CLERICAL
389,S100003,00102,00300,PRESERVATION TECHNICIANS
389,S100003,00102,00500,TISSUE TYPING TECH.
389,S100003,00103,00100,OTHER
389,S100003,00103,00300,OTHER
389,S100003,00103,00500,OTHER
389,S200000,00100,00100,N
389,S200000,00200,00100,N
389,S200000,00300,00100,N
389,S200000,00400,00100,Y
389,S200000,00400,00200,A
389,S200000,00500,00100,N
389,S200000,00600,00300,COO
389,S200000,00700,00100,LOUISIANA ORGAN PROCUREMENT AGENCY
390,A000000,00100,00000,0100CAPITAL COSTS-BLDG & FIXT
390,A000000,00200,00000,0200CAPITAL COSTS-MVBLE EQUIPMENT
390,A000000,00300,00000,0300EMPLOYEE BENEFITS
390,A000000,00400,00000,0400ADMINISTRATIVE & GENERAL
390,A000000,00500,00000,0500OPERATION AND MAINTENANCE OF PLANT
390,A000000,00600,00000,0600HOUSEKEEPING
390,A000000,00700,00000,0700MEDICAL SUPPLIES
390,A000000,00800,00000,0800OTHER OVERHEAD
390,A000000,00900,00000,0900PROCUREMENT COORDINATORS
390,A000000,01000,00000,1000PROFESSIONAL EDUCATION
390,A000000,01100,00000,1100PUBLIC EDUCATION
390,A000000,01200,00000,1200OTHER ACQUISITION
390,A000000,01300,00000,1300KIDNEY ACQUISITIONS
390,A000000,01400,00000,1400TISSUE TYPING LABORATORY
390,A000000,01500,00000,1500LIVER ACQUISITIONS
390,A000000,01600,00000,1600HEART ACQUISITIONS
390,A000000,01700,00000,1700PANCREAS ACQUISITIONS
390,A000000,01800,00000,1800LUNG ACQUISITIONS
390,A000000,01900,00000,1900OTHER ACQUISITIONS
390,A000000,02100,00000,2100RESEARCH
390,A000000,02200,00000,2200BLOOD BANK
390,A000000,02300,00000,2300LABORATORY-NON-TISSUE TYPING
390,A000000,02400,00000,2400DIALYSIS UNITS
390,A000000,02500,00000,2500OTHER NON-REIMBURSABLE
390,A100000,01700,00000,REPAIRS AND MAINTENANCE
390,A100000,01800,00000,SAFETY
390,A100000,01900,00000,DEVELOPMENT
390,A100000,01901,00000,FUNDRAISING
390,A100000,01902,00000,SERVICE CHARGES
390,A100000,01903,00000,PROECESS IMPROVEMENT
390,A100000,01904,00000,CENTRAL OFFICE
390,A100000,01905,00000,PROFESSIONAL SERVICES
390,A100000,01906,00000,ADMINISTRATION
390,A100000,01908,00000,OTHER
390,A300000,00600,00000,SUPPLIES
390,A300000,00700,00000,CELL PHONE
390,A300000,00800,00000,PURCHASED SERVICES
390,A300000,00900,00000,DUES/SUBS
390,A300000,01000,00000,TRAVEL/MEETINGS
390,A300000,01001,00000,INSURANCE
390,A300000,01002,00000,OTHER EXPENSE
390,A500010,01300,00100,A
390,A500010,01300,00300,CAPITAL COSTS-BLDG & FIXT
390,A51000A,00100,00100,Y
390,A51000B,00100,00200,TISSUE TYPING LABORATORY
390,A51000B,00100,00300,HOME OFFICE
390,A51000B,00200,00200,TISSUE TYPING LABORATORY
390,A51000B,00200,00300,HOME OFFICE
390,A51000B,00300,00200,TISSUE TYPING LABORATORY
390,A51000B,00300,00300,OCCUPANCY
390,A51000B,00400,00200,BLOOD BANK
390,A51000B,00400,00300,OCCUPANCY
390,A51000C,00100,00100,B
390,A51000C,00100,00400,VITALANT
390,A51000C,00100,00600,NON-PROFIT CORPORATION
390,A60000A,00700,00000,LEASEHOLD IMPROVEMENTS
390,A60000B,00800,00000,OTHER
390,A60000C,00500,00100,N
390,B10000*,00100,00200,CAP BLDG
390,B10000*,00100,00300,CAP COSTS
390,B10000*,00100,00400,EMPLOYEE
390,B10000*,00100,00500,MEDICAL
390,B10000*,00100,00800,ORGAN
390,B10000*,00100,01000,ADMIN &
390,B10000*,00200,00200,OP PLANT &
390,B10000*,00200,00300,MOVABLE
390,B10000*,00200,00400,BENEFITS
390,B10000*,00200,00500,SUPPLIES
390,B10000*,00200,00800,ACQUISITN
390,B10000*,00200,01000,GENERAL
390,B10000*,00300,00200,HOUSEKEEP
390,B10000*,00300,00300,EQUIPMENT
390,B10000*,00300,00800,COSTS
390,B10000*,00400,00200,SQUARE
390,B10000*,00400,00300,DOLLAR
390,B10000*,00400,00400,ADJUST
390,B10000*,00400,00500,COSTED
390,B10000*,00400,00800,NUMBER
390,B10000*,00400,01000,ACCUM
390,B10000*,00500,00200,FEET
390,B10000*,00500,00300,VALUE
390,B10000*,00500,00400,SALARIES
390,B10000*,00500,00500,REQUISIT
390,B10000*,00500,00800,ORGANS
390,B10000*,00500,01000,COSTS
390,B10000*,00600,00200,1
390,B10000*,00600,00300,2
390,B10000*,00600,00400,3
390,B10000*,00600,00500,3
390,B10000*,00600,00800,3
390,B10000*,00600,01000,3
390,B100000,00000,01000,X
390,E000000,00900,00000,RESTRICTED CASH
390,E000000,02600,00000,PROPERTY & EQUIPMENT - NET
390,E000000,03100,00000,OTHER
390,E000000,03900,00000,RETIREMENT PLAN LIABILITY
390,E000000,04100,00000,OTHER CURRENT ACCRUED EXPENSES
390,E000000,04600,00000,OTHER LONG TERM LIABILITIES
390,E000000,04700,00000,ACCRUED PENSION & DEFERRED COMPENSAT
390,E000000,04800,00000,ACCRUED POST RETIREMENT HEALTH BENEF
390,E100001,00700,00000,NMDP
390,E200000,01500,00000,MISCELLANEOUS
390,E200000,01600,00000,INTEREST INCOME
390,S000000,00100,00100,X
390,S000000,00400,00100,2
390,S000000,00500,00100,07/29/2021
390,S000000,00600,00100,10001
390,S000000,00700,00100,N
390,S000000,00800,00100,N
390,S000000,00900,00100,01/24/2023
390,S000000,01000,00100,4
390,S000001,00100,00100,VITALANT
390,S000001,00100,00200,50HL02
390,S000001,00101,00100,210 W CATALDO AVENUE
390,S000001,00102,00100,SPOKANE
390,S000001,00102,00200,WA
390,S000001,00102,00300,99201
390,S000001,00300,00100,01/01/2020
390,S000001,00300,00200,12/31/2020
390,S000001,00400,00100,6
390,S000001,00400,00300,2
390,S000001,00400,00400,01/01/1997
390,S000001,00401,00300,1
390,S100001,00700,00100,N
390,S100001,00810,00000,OTHER
390,S100002,00400,00100,HLA-AB TYPING
390,S100002,00401,00100,HLA-DR TYPING
390,S100002,00402,00100,DECEASED DONOR PRELIMINARY AB & DR
390,S100002,00403,00100,CONFIRMATORY AB & DR CAD
390,S100002,00404,00100,ALTRUISTIC DONOR WORKUP
390,S100002,00405,00100,ABORH
390,S100002,00406,00100,ANTIBODY SCREEN
390,S100002,00407,00100,DIRECT/INDIRECT COOMBS
390,S100002,00408,00100,HLA-DPA TYPING
390,S100002,00409,00100,HLA-DPB1 TYPING
390,S100002,00410,00100,HLA-DQA TYPING
390,S100002,00411,00100,FLOWPRAI
390,S100002,00412,00100,FLOW/LUMINEX ANTIBODY ID
390,S100002,00413,00100,ANTI-A TITER
390,S100002,00414,00100,FLOW XM
390,S100002,00415,00100,OUTSIDE PURCHASE FEE
390,S100002,00416,00100,CALL BACK FEE
390,S100002,00417,00100,SAMPLE COLLECTION KIT
390,S100002,00418,00100,SPECIMEN PROCESSING/STORAGE
390,S100002,00419,00100,ANTIBODY ID DSA SUMMARY
390,S100002,00420,00100,MICA TYPING
390,S100002,00421,00100,MOLECULAR HLA-ABC TYPING
390,S100002,00422,00100,B-27 TYPING
390,S100002,00423,00100,AT1R ANTIBODY
390,S100003,00100,00100,MEDICAL DIRECTOR
390,S100003,00100,00300,MEDICAL DIRECTOR
390,S100003,00100,00500,LAB DIRECTOR
390,S100003,00101,00100,EXEC. DIRECTOR
390,S100003,00101,00300,PROCUREMENT COORDINATOR
390,S100003,00101,00500,TECHNICIANS
390,S100003,00102,00100,CLERICAL
390,S100003,00102,00300,PRESERVATION TECHNICIANS
390,S100003,00102,00500,TISSUE TYPING TECH.
390,S100003,00103,00100,OTHER
390,S100003,00103,00300,OTHER
390,S100003,00103,00500,OTHER
390,S200000,00100,00100,N
390,S200000,00200,00100,N
390,S200000,00300,00100,Y
390,S200000,00400,00100,Y
390,S200000,00400,00200,A
390,S200000,00500,00100,Y
391,A000000,00100,00000,0100CAPITAL COSTS-BLDG & FIXT
391,A000000,00200,00000,0200CAPITAL COSTS-MVBLE EQUIPMENT
391,A000000,00300,00000,0300EMPLOYEE BENEFITS
391,A000000,00400,00000,0400ADMINISTRATIVE & GENERAL
391,A000000,00500,00000,0500OPERATION AND MAINTENANCE OF PLANT
391,A000000,00600,00000,0600HOUSEKEEPING
391,A000000,00700,00000,0700MEDICAL SUPPLIES
391,A000000,00800,00000,0800LAB ADMIN
391,A000000,00801,00000,0801HISTO ADMIN
391,A000000,00802,00000,0802OTHER OVERHEAD
391,A000000,00803,00000,0803ORGAN ADMIN
391,A000000,00900,00000,0900PROCUREMENT COORDINATORS
391,A000000,01000,00000,1000PROFESSIONAL EDUCATION
391,A000000,01100,00000,1100PUBLIC EDUCATION
391,A000000,01200,00000,1200OTHER ACQUISITION
391,A000000,01300,00000,1300KIDNEY ACQUISITIONS
391,A000000,01400,00000,1400TISSUE TYPING LABORATORY
391,A000000,01500,00000,1500LIVER ACQUISITIONS
391,A000000,01600,00000,1600HEART ACQUISITIONS
391,A000000,01700,00000,1700PANCREAS ACQUISITIONS
391,A000000,01800,00000,1800LUNG ACQUISITIONS
391,A000000,01900,00000,1900INTESTINE ACQUISITONS
391,A000000,02100,00000,2100RESEARCH
391,A000000,02200,00000,2200BLOOD BANK
391,A000000,02300,00000,2300LABORATORY-NON-TISSUE TYPING
391,A000000,02400,00000,2400DIALYSIS UNITS
391,A000000,02500,00000,2500TISSUE ACQUISITIONS
391,A000000,02501,00000,2501THERAPEUTIC PRODUCTS
391,A000000,02502,00000,2502RESEARCH FOUNDATION
391,A100000,01700,00000,OTHER ADMIN & GENERAL
391,A100000,01800,00000,SUPPLY CHAIN
391,A100000,01900,00000,SAFETY / QUALITY ASSURANCE
391,A100000,01901,00000,CONTRIBUTION TO REASEARCH / OTHER
391,A20H000,00900,00000,RADIOLOGY
391,A20H000,00901,00000,CARDIOLOGY
391,A20H000,00902,00000,OTHER HOSPITAL CHARGES
391,A20K000,00900,00000,RADIOLOGY
391,A20K000,00901,00000,CARDIOLOGY
391,A20K000,00902,00000,OTHER HOSPITAL CHARGES
391,A20K000,02100,00000,DEPRECIATION
391,A20K000,02101,00000,SOFTWARE SUPPORT
391,A20K000,02102,00000,OTHER
391,A20L000,00900,00000,RADIOLOGY
391,A20L000,00901,00000,CARDIOLOGY
391,A20L000,00902,00000,OTHER HOSPITAL CHARGES
391,A20L000,02100,00000,OTHER PURCHASED SERVICES
391,A20O000,00900,00000,RADIOLOGY
391,A20P000,00900,00000,RADIOLOGY
391,A20P000,00901,00000,CARDIOLOGY
391,A20P000,00902,00000,OTHER HOSPITAL CHARGES
391,A20U000,00900,00000,RADIOLOGY
391,A20U000,00901,00000,OTHER HOSPITAL CHARGES
391,A20U000,02100,00000,OTHER - PURCHASED SERVICES
391,A300000,00600,00000,OTHER TISSUE TYPING COSTS
391,A400010,00100,00000,RECLASS COST OF ABO RH TEST
391,A400010,00100,00100,A
391,A400010,00100,00200,TISSUE TYPING LABORATORY
391,A400010,00100,00500,LABORATORY-NON-TISSUE TYPING
391,A400010,00200,00000,RECLASS COST OF ABO ANTIBODY TITER
391,A400010,00200,00100,B
391,A400010,00200,00200,TISSUE TYPING LABORATORY
391,A400010,00200,00500,LABORATORY-NON-TISSUE TYPING
391,A400010,00300,00000,RECLASS HISTO ADMIN COST CENTER
391,A400010,00300,00100,C
391,A400010,00300,00200,TISSUE TYPING LABORATORY
391,A400010,00300,00500,HISTO ADMIN
391,A400010,00400,00000,RECLASS HISTO ADMIN COST CENTER
391,A400010,00400,00100,C
391,A400010,00400,00200,LABORATORY-NON-TISSUE TYPING
391,A400010,00400,00500,HISTO ADMIN
391,A400010,00500,00000,RECLASS HISTO DIRECTOR SALARY
391,A400010,00500,00100,D
391,A400010,00500,00200,TISSUE TYPING LABORATORY
391,A400010,00500,00500,LAB ADMIN
391,A400010,00600,00000,RECLASS HISTO DIRECTOR SALARY
391,A400010,00600,00100,D
391,A400010,00600,00200,LABORATORY-NON-TISSUE TYPING
391,A400010,00600,00500,LAB ADMIN
391,A400010,00700,00000,ALLOCATE SQ FT FOR WAREHOUSE RENT
391,A400010,00700,00100,E
391,A400010,00700,00200,PROCUREMENT COORDINATORS
391,A400010,00700,00500,ADMINISTRATIVE & GENERAL
391,A400010,00800,00000,ALLOCATE SQ FT FOR WAREHOUSE RENT
391,A400010,00800,00100,E
391,A400010,00800,00200,TISSUE ACQUISITIONS
391,A400010,00900,00000,RECLASS MED DIRECTOR SALARIES TO A&G
391,A400010,00900,00100,F
391,A400010,00900,00200,ADMINISTRATIVE & GENERAL
391,A400010,00900,00500,BLOOD BANK
391,A400010,01000,00000,PROPOSE TISSUE ALLOCATION
391,A400010,01000,00100,G
391,A400010,01000,00200,TISSUE ACQUISITIONS
391,A400010,01000,00500,PROCUREMENT COORDINATORS
391,A400010,01100,00000,RECLASS KIDNEY SUPPLIES
391,A400010,01100,00100,H
391,A400010,01100,00200,KIDNEY ACQUISITIONS
391,A400010,01100,00500,PROCUREMENT COORDINATORS
391,A400010,01200,00000,RECLASS MSI EXPENSES
391,A400010,01200,00100,I
391,A400010,01200,00200,BLOOD BANK
391,A400010,01200,00500,LABORATORY-NON-TISSUE TYPING
391,A500010,00700,00100,B
391,A500010,00700,00300,ADMINISTRATIVE & GENERAL
391,A500010,00800,00100,B
391,A500010,00800,00300,PROCUREMENT COORDINATORS
391,A500010,00900,00100,A
391,A500010,00900,00300,ADMINISTRATIVE & GENERAL
391,A500010,01000,00100,B
391,A500010,01000,00300,ADMINISTRATIVE & GENERAL
391,A500010,01200,00100,B
391,A500010,01502,00000,ORGANS SOLD FOR RESEARCH - HEART
391,A500010,01502,00100,B
391,A500010,01502,00300,PROCUREMENT COORDINATORS
391,A500010,01503,00000,ORGANS SOLD FOR RESEARCH - LUNG
391,A500010,01503,00100,B
391,A500010,01503,00300,PROCUREMENT COORDINATORS
391,A500010,01504,00000,ORGANS SOLD FOR RESEARCH - INTESTINE
391,A500010,01504,00100,B
391,A500010,01504,00300,PROCUREMENT COORDINATORS
391,A500010,01505,00000,MARKETING - MARKET RESEARCH
391,A500010,01505,00100,A
391,A500010,01505,00300,ADMINISTRATIVE & GENERAL
391,A500010,01506,00000,BLOOD DONOR COSTS - BLOOD BANK
391,A500010,01506,00100,A
391,A500010,01506,00300,BLOOD BANK
391,A500010,01512,00000,BAD DEBT
391,A500010,01512,00100,A
391,A500010,01512,00300,TISSUE TYPING LABORATORY
391,A500010,01513,00000,BAD DEBT
391,A500010,01513,00100,A
391,A500010,01513,00300,LABORATORY-NON-TISSUE TYPING
391,A500010,01514,00000,BAD DEBT
391,A500010,01514,00100,A
391,A500010,01514,00300,RESEARCH
391,A500010,01515,00000,MARKETING - HR
391,A500010,01515,00100,A
391,A500010,01515,00300,EMPLOYEE BENEFITS
391,A500010,01516,00000,MARKETING - DONOR PROGRAMS
391,A500010,01516,00100,A
391,A500010,01516,00300,BLOOD BANK
391,A500010,01519,00000,BAD DEBT
391,A500010,01519,00100,A
391,A500010,01519,00300,BLOOD BANK
391,A500010,01522,00000,CONTRIBUTIONS
391,A500010,01522,00100,A
391,A500010,01522,00300,ORGAN ADMIN
391,A500010,01523,00000,CONTRIBUTIONS TO RESEARCH / OTHER
391,A500010,01523,00100,A
391,A500010,01523,00300,ADMINISTRATIVE & GENERAL
391,A500010,01524,00000,AOPO LOBBYING EXPENSE
391,A500010,01524,00100,A
391,A500010,01524,00300,PROCUREMENT COORDINATORS
391,A500010,01525,00000,FUNERAL HOME EXPENSE
391,A500010,01525,00100,A
391,A500010,01525,00300,PROCUREMENT COORDINATORS
391,A500010,01526,00000,FLOWERS
391,A500010,01526,00100,A
391,A500010,01526,00300,RESEARCH
391,A500010,01527,00000,COMMUNITY EVENTS
391,A500010,01527,00100,A
391,A500010,01527,00300,BLOOD BANK
391,A500010,01531,00000,SPONSORSHIPS
391,A500010,01531,00100,A
391,A500010,01531,00300,ORGAN ADMIN
391,A500010,01533,00000,ENTERTAINMENT - RESEARCH
391,A500010,01533,00100,A
391,A500010,01533,00300,RESEARCH
391,A500010,01534,00000,ENTERTAINMENT - BLOOD BANK
391,A500010,01534,00100,A
391,A500010,01534,00300,BLOOD BANK
391,A500010,01535,00000,DONOR COSTS
391,A500010,01535,00100,A
391,A500010,01535,00300,LABORATORY-NON-TISSUE TYPING
391,A500010,01536,00000,EMPLOYEE EVENTS
391,A500010,01536,00100,A
391,A500010,01536,00300,EMPLOYEE BENEFITS
391,A500010,01537,00000,CABLE TV - BLOOD BANK
391,A500010,01537,00100,A
391,A500010,01537,00300,BLOOD BANK
391,A500010,01544,00000,ENTERTAINMENT EXPENSE
391,A500010,01544,00100,A
391,A500010,01544,00300,ADMINISTRATIVE & GENERAL
391,A500010,01545,00000,ENTERTAINMENT EXPENSE
391,A500010,01545,00100,A
391,A500010,01545,00300,LAB ADMIN
391,A500010,01546,00000,ENTERTAINMENT EXPENSE
391,A500010,01546,00100,A
391,A500010,01546,00300,EMPLOYEE BENEFITS
391,A500010,01547,00000,ENTERTAINMENT EXPENSE
391,A500010,01547,00100,A
391,A500010,01547,00300,ORGAN ADMIN
391,A500010,01548,00000,ENTERTAINMENT EXPENSE
391,A500010,01548,00100,A
391,A500010,01548,00300,PROCUREMENT COORDINATORS
391,A500010,01549,00000,ENTERTAINMENT EXPENSE
391,A500010,01549,00100,A
391,A500010,01549,00300,LABORATORY-NON-TISSUE TYPING
391,A500010,01550,00000,ENTERTAINMENT EXPENSE
391,A500010,01550,00100,A
391,A500010,01550,00300,TISSUE ACQUISITIONS
391,A500010,01551,00000,FUNERAL HOME EXPENSE
391,A500010,01551,00100,A
391,A500010,01551,00300,ORGAN ADMIN
391,A500010,01552,00000,ADVERTISING - BRANDING
391,A500010,01552,00100,A
391,A500010,01552,00300,ORGAN ADMIN
391,A500010,01553,00000,MEDIA DRIVES
391,A500010,01553,00100,A
391,A500010,01553,00300,BLOOD BANK
391,A500010,01554,00000,COMMUNITY EVENTS
391,A500010,01554,00100,A
391,A500010,01554,00300,ORGAN ADMIN
391,A500010,01555,00000,ENTERTAINMENT - OTHER
391,A500010,01555,00100,A
391,A500010,01555,00300,THERAPEUTIC PRODUCTS
391,A500010,01557,00000,INVESTMENT FEES
391,A500010,01557,00100,A
391,A500010,01557,00300,ADMINISTRATIVE & GENERAL
391,A500010,01558,00000,SPONSORSHIPS - DERIVATIVES
391,A500010,01558,00100,A
391,A500010,01558,00300,THERAPEUTIC PRODUCTS
391,A500010,01559,00000,LOBBYING COSTS - NMDP
391,A500010,01559,00100,A
391,A500010,01559,00300,BLOOD BANK
391,A500010,01560,00000,FUNERAL HOME EXPENSE
391,A500010,01560,00100,A
391,A500010,01560,00300,TISSUE TYPING LABORATORY
391,A500010,01561,00000,DONOR COSTS
391,A500010,01561,00100,A
391,A500010,01561,00300,LABORATORY-NON-TISSUE TYPING
391,A500010,01562,00000,DUES & MEMBERSHIPS
391,A500010,01562,00100,A
391,A500010,01562,00300,ADMINISTRATIVE & GENERAL
391,A500010,01563,00000,DONOR RECOGNITION
391,A500010,01563,00100,A
391,A500010,01563,00300,BLOOD BANK
391,A500010,01565,00000,ADJUST HISTO/OPO ELIM ENTRIES FOR CO
391,A500010,01565,00100,A
391,A500010,01565,00300,TISSUE TYPING LABORATORY
391,A500010,01566,00000,SPONSOR DEVELOPMENT
391,A500010,01566,00100,A
391,A500010,01566,00300,BLOOD BANK
391,A500010,01567,00000,FLOWERS
391,A500010,01567,00100,A
391,A500010,01567,00300,ADMINISTRATIVE & GENERAL
391,A500010,01568,00000,FLOWERS
391,A500010,01568,00100,A
391,A500010,01568,00300,BLOOD BANK
391,A500010,01570,00000,FUNERAL HOME EXPENSE
391,A500010,01570,00100,A
391,A500010,01570,00300,TISSUE ACQUISITIONS
391,A500010,01571,00000,MARKETING - COMMUNITY EVENTS
391,A500010,01571,00100,A
391,A500010,01571,00300,ADMINISTRATIVE & GENERAL
391,A500010,01572,00000,MARKETING - CABLE TV
391,A500010,01572,00100,A
391,A500010,01572,00300,ADMINISTRATIVE & GENERAL
391,A500010,01573,00000,MARKETING - BRANDING
391,A500010,01573,00100,A
391,A500010,01573,00300,ADMINISTRATIVE & GENERAL
391,A500010,01574,00000,RESEARCH - BRANDING
391,A500010,01574,00100,A
391,A500010,01574,00300,RESEARCH
391,A500010,01575,00000,SPONSORSHIPS - BLOOD BANK
391,A500010,01575,00100,A
391,A500010,01575,00300,BLOOD BANK
391,A500010,01576,00000,MARKET RESEARCH - PHARMACY
391,A500010,01576,00100,A
391,A500010,01576,00300,THERAPEUTIC PRODUCTS
391,A500010,01577,00000,MARKET RESEACH - FINANCE
391,A500010,01577,00100,A
391,A500010,01577,00300,ADMINISTRATIVE & GENERAL
391,A500010,01579,00000,ENTERTAINMENT EXPENSE
391,A500010,01579,00100,A
391,A500010,01579,00300,OPERATION AND MAINTENANCE OF PLANT
391,A500010,01580,00000,COMMUNITY EVENTS
391,A500010,01580,00100,A
391,A500010,01580,00300,BLOOD BANK
391,A500010,01581,00000,COMMUNITY EVENTS
391,A500010,01581,00100,A
391,A500010,01581,00300,ADMINISTRATIVE & GENERAL
391,A500010,01582,00000,COMMUNITY EVENTS
391,A500010,01582,00100,A
391,A500010,01582,00300,RESEARCH
391,A500010,01583,00000,COMMUNITY OUTREACH
391,A500010,01583,00100,A
391,A500010,01583,00300,THERAPEUTIC PRODUCTS
391,A500010,01584,00000,COMMUNITY OUTREACH
391,A500010,01584,00100,A
391,A500010,01584,00300,ORGAN ADMIN
391,A500010,01585,00000,DONOR RECOGNITION
391,A500010,01585,00100,A
391,A500010,01585,00300,ORGAN ADMIN
391,A500010,01586,00000,DONOR RECOGNITION
391,A500010,01586,00100,A
391,A500010,01586,00300,PROCUREMENT COORDINATORS
391,A500010,01587,00000,DONOR RECOGNITION
391,A500010,01587,00100,A
391,A500010,01587,00300,TISSUE ACQUISITIONS
391,A500010,01588,00000,DONOR RECOGNITION
391,A500010,01588,00100,A
391,A500010,01588,00300,ADMINISTRATIVE & GENERAL
391,A500010,01589,00000,DONOR RECOGNITION
391,A500010,01589,00100,A
391,A500010,01589,00300,ADMINISTRATIVE & GENERAL
391,A500010,01590,00000,DONOR RECOGNITION
391,A500010,01590,00100,A
391,A500010,01590,00300,EMPLOYEE BENEFITS
391,A500010,01591,00000,DUES & MEMBERSHIPS
391,A500010,01591,00100,A
391,A500010,01591,00300,THERAPEUTIC PRODUCTS
391,A500010,01592,00000,DUES & MEMBERSHIPS
391,A500010,01592,00100,A
391,A500010,01592,00300,LAB ADMIN
391,A500010,01593,00000,DUES & MEMBERSHIPS
391,A500010,01593,00100,A
391,A500010,01593,00300,TISSUE TYPING LABORATORY
391,A500010,01594,00000,DUES & MEMBERSHIPS
391,A500010,01594,00100,A
391,A500010,01594,00300,LABORATORY-NON-TISSUE TYPING
391,A500010,01595,00000,DUES & MEMBERSHIPS
391,A500010,01595,00100,A
391,A500010,01595,00300,ORGAN ADMIN
391,A500010,01596,00000,DUES & MEMBERSHIPS
391,A500010,01596,00100,A
391,A500010,01596,00300,PROCUREMENT COORDINATORS
391,A500010,01597,00000,DUES & MEMBERSHIPS
391,A500010,01597,00100,A
391,A500010,01597,00300,TISSUE ACQUISITIONS
391,A500010,01598,00000,DUES & MEMBERSHIPS
391,A500010,01598,00100,A
391,A500010,01598,00300,EMPLOYEE BENEFITS
391,A500010,01599,00000,DUES & MEMBERSHIPS
391,A500010,01599,00100,A
391,A500010,01599,00300,OPERATION AND MAINTENANCE OF PLANT
391,A500010,01600,00000,DUES & MEMBERSHIPS
391,A500010,01600,00100,A
391,A500010,01600,00300,BLOOD BANK
391,A500010,01601,00000,ADJUST OH FOR RESEARCH FOUND SUPPORT
391,A500010,01601,00100,A
391,A500010,01601,00300,ADMINISTRATIVE & GENERAL
391,A500010,01602,00000,DUES & MEMBERSHIPS
391,A500010,01602,00100,A
391,A500010,01602,00300,RESEARCH
391,A500010,01603,00000,EMPLOYEE EVENTS
391,A500010,01603,00100,A
391,A500010,01603,00300,ADMINISTRATIVE & GENERAL
391,A500010,01604,00000,BCRF EXPENSES
391,A500010,01604,00100,A
391,A500010,01604,00300,RESEARCH FOUNDATION
391,A500010,01605,00000,FLOWERS
391,A500010,01605,00100,A
391,A500010,01605,00300,EMPLOYEE BENEFITS
391,A500010,01606,00000,FLOWERS
391,A500010,01606,00100,A
391,A500010,01606,00300,ADMINISTRATIVE & GENERAL
391,A500010,01607,00000,FUND RAISING EVENTS
391,A500010,01607,00100,A
391,A500010,01607,00300,RESEARCH
391,A500010,01608,00000,MEDIA DRIVES
391,A500010,01608,00100,A
391,A500010,01608,00300,ADMINISTRATIVE & GENERAL
391,A500010,01609,00000,ADVERTISING - BRANDING
391,A500010,01609,00100,A
391,A500010,01609,00300,BLOOD BANK
391,A51000A,00100,00100,Y
391,A51000B,00100,00200,CAPITAL COSTS-BLDG & FIXT
391,A51000B,00100,00300,CORPORATE SERVICES
391,A51000B,00200,00200,ADMINISTRATIVE & GENERAL
391,A51000B,00200,00300,CORPORATE SERVICES
391,A51000C,00100,00100,G
391,A51000C,00100,00400,VERSITI ILLINOIS  INC
391,A51000C,00100,00600,BLOOD CENTER
391,A51000C,00200,00100,G
391,A51000C,00200,00400,VERSITI MICHIGAN  INC.
391,A51000C,00200,00600,BLOOD CENTER
391,A51000C,00300,00100,G
391,A51000C,00300,00400,VERSITI INDIANA  INC.
391,A51000C,00300,00600,BLOOD CENTER
391,A51000C,00400,00100,B
391,A51000C,00400,00400,VERSITI  INC.
391,A51000C,00400,00600,TRANFUSION SOLUTIONS
391,A60000A,00700,00000,PARKING LOT
391,A60000A,00701,00000,LEASEHOLD IMPROVEMENTS
391,A60000A,00702,00000,BUILDING IMPROVEMENTS
391,A60000A,00703,00000,SOFTWARE DEVELOPMENT
391,A60000A,00704,00000,CIP
391,A60000B,00800,00000,PARKING LOT
391,A60000B,00801,00000,LEASEHOLD IMPROVEMENTS
391,A60000B,00802,00000,SOFTWARE DEVELOPMENT
391,A60000C,00500,00100,N
391,B10000*,00100,00200,CAP BLDG
391,B10000*,00100,00300,CAP COSTS
391,B10000*,00100,00400,EMPLOYEE
391,B10000*,00100,00500,MEDICAL
391,B10000*,00100,00800,ORGAN
391,B10000*,00100,01000,ADMIN &
391,B10000*,00200,00200,OP PLANT &
391,B10000*,00200,00300,MOVABLE
391,B10000*,00200,00400,BENEFITS
391,B10000*,00200,00500,SUPPLIES
391,B10000*,00200,00800,ACQUISITN
391,B10000*,00200,01000,GENERAL
391,B10000*,00300,00200,HOUSEKEEP
391,B10000*,00300,00300,EQUIPMENT
391,B10000*,00300,00800,COSTS
391,B10000*,00400,00200,SQUARE
391,B10000*,00400,00300,DOLLAR
391,B10000*,00400,00400,ADJUST
391,B10000*,00400,00500,COSTED
391,B10000*,00400,00600,LAB COSTS
391,B10000*,00400,00800,NUMBER
391,B10000*,00400,01000,ACCUM
391,B10000*,00500,00200,FEET
391,B10000*,00500,00300,VALUE
391,B10000*,00500,00400,SALARIES
391,B10000*,00500,00500,REQUISIT
391,B10000*,00500,00600,ONLY
391,B10000*,00500,00800,ORGANS
391,B10000*,00500,01000,COSTS
391,B10000*,00600,00200,1
391,B10000*,00600,00300,2
391,B10000*,00600,00400,3
391,B10000*,00600,00500,3
391,B10000*,00600,00800,3
391,B10000*,00600,01000,3
391,B100000,00000,01000,X
391,E000000,00900,00000,OTHER CURRENT ASSETS
391,E000000,02600,00000,OTHER ASSETS & CIP
391,E000000,03100,00000,NOTES RECEIVABLE & OTHER ASSETS
391,E000000,03900,00000,ACCRUED EXPENSES
391,E000000,04600,00000,LONG TERM RETIREMENT PLAN OBLIGATION
391,E000000,04700,00000,LONG TERM INCENTIVE PLAN
391,E100001,00700,00000,RESEARCH
391,E100001,00800,00000,MEDICAL SERVICES
391,E200000,01500,00000,INTEREST AND DIVIDENDS
391,E200000,02600,00000,ADDL PENSION GAIN (LOSS)
391,E200000,02700,00000,UNREALIZED GAINS/ LOSSES INVESTMENTS
391,E200000,02701,00000,OTHER EXPENSES (CENETRON / SALUS)
391,S000000,00100,00100,X
391,S000000,00400,00100,2
391,S000000,00500,00100,06/27/2022
391,S000000,00600,00100,10001
391,S000000,00700,00100,N
391,S000000,00800,00100,N
391,S000000,00900,00100,01/27/2023
391,S000000,01000,00100,4
391,S000001,00100,00100,VERSITI WISCONSIN  INC.
391,S000001,00100,00200,52P002
391,S000001,00101,00100,638 N. 18TH STREET
391,S000001,00101,00200,PO BOX 2178
391,S000001,00102,00100,MILWAUKEE
391,S000001,00102,00200,WI
391,S000001,00102,00300,53201
391,S000001,00200,00100,VERSITI WISCONSIN  INC.
391,S000001,00200,00200,52HL01
391,S000001,00201,00100,638 N. 18TH STREET
391,S000001,00201,00200,PO BOX 2178
391,S000001,00202,00100,MILWAUKEE
391,S000001,00202,00200,WI
391,S000001,00202,00300,53201
391,S000001,00300,00100,01/01/2020
391,S000001,00300,00200,12/31/2020
391,S000001,00400,00100,6
391,S000001,00400,00300,1
391,S000001,00400,00400,12/31/2006
391,S000001,00401,00100,6
391,S000001,00401,00300,2
391,S000001,00401,00400,12/31/2006
391,S000002,00100,00200,Y
391,S000002,00300,00100,CHIEF FINANCIAL OFFICER
391,S000002,00400,00100,06/20/2022
391,S100001,00700,00100,N
391,S100001,00810,00000,INTESTINE
391,S100001,00811,00000,OTHER TISSUE
391,S100002,00400,00100,TRANSPLANT EVALUATION PANEL
391,S100002,00401,00100,DECEASED DONOR EVALUATION PANEL
391,S100002,00402,00100,HLA SHIPPED IN KIDNEY
391,S100002,00403,00100,HLA-A LOW RESOLUTION
391,S100002,00404,00100,HLA-B LOW RESOLUTION
391,S100002,00405,00100,ABO ANTIBODY TITER
391,S100002,00406,00100,HLA-C LOW RESOLUTION
391,S100002,00407,00100,HLA-ABC LOW RESOLUTION
391,S100002,00408,00100,HLA DPB1 LOW RESOLUTION TYPING
391,S100002,00409,00100,CROSSMATCH FLOW CYTOMETRIC
391,S100002,00410,00100,HLA ANTIBODY DETECTION
391,S100002,00411,00100,HLA ANTIBODY DETECTION-SOLID PHASE
391,S100002,00412,00100,HLA CLASS II ANTIBODY HIGH RESOLUTIO
391,S100002,00413,00100,HLA CLASS I ANTIBODY HIGH RESOLUTION
391,S100002,00414,00100,HLA-DRB1&DQB1/DQA1 LOW RESOLUTION
391,S100002,00415,00100,HLA-DRB3 B4 B5 LOW RESOLUTION
391,S100002,00416,00100,HLA DQB1/DQA1 LOW RESOLUTION
391,S100002,00417,00100,ABO & RH TRANSPLANT
391,S100002,00418,00100,HLA DRB1 LOW RESOLUTION TYPING
391,S100003,00100,00100,MEDICAL DIRECTOR
391,S100003,00100,00300,MEDICAL DIRECTOR
391,S100003,00100,00500,LAB DIRECTOR
391,S100003,00101,00100,EXEC. DIRECTOR
391,S100003,00101,00300,PROCUREMENT COORDINATOR
391,S100003,00101,00500,TECHNICIANS
391,S100003,00102,00100,CLERICAL
391,S100003,00102,00300,PRESERVATION TECHNICIANS
391,S100003,00102,00500,TISSUE TYPING TECH.
391,S100003,00103,00100,OTHER
391,S100003,00103,00300,OTHER
391,S100003,00103,00500,OTHER
391,S200000,00100,00100,N
391,S200000,00200,00100,N
391,S200000,00300,00100,Y
391,S200000,00400,00100,Y
391,S200000,00400,00200,A
391,S200000,00500,00100,Y
391,S200000,00600,00300,DIRECTOR - ACCOUNTING
391,S200000,00700,00100,VERSITI WISCONSIN  INC.
394,A000000,00100,00000,0100CAPITAL COSTS-BLDG & FIXT
394,A000000,00200,00000,0200CAPITAL COSTS-MVBLE EQUIPMENT
394,A000000,00300,00000,0300EMPLOYEE BENEFITS
394,A000000,00400,00000,0400ADMINISTRATIVE & GENERAL
394,A000000,00500,00000,0500OPERATION AND MAINTENANCE OF PLANT
394,A000000,00600,00000,0600HOUSEKEEPING
394,A000000,00700,00000,0700MEDICAL SUPPLIES
394,A000000,00800,00000,0800OTHER OVERHEAD
394,A000000,00900,00000,0900PROCUREMENT COORDINATORS
394,A000000,01000,00000,1000PROFESSIONAL EDUCATION
394,A000000,01100,00000,1100PUBLIC EDUCATION
394,A000000,01200,00000,1200OTHER ACQUISITION
394,A000000,01300,00000,1300KIDNEY ACQUISITIONS
394,A000000,01400,00000,1400TISSUE TYPING LABORATORY
394,A000000,01500,00000,1500LIVER ACQUISITIONS
394,A000000,01600,00000,1600HEART ACQUISITIONS
394,A000000,01700,00000,1700PANCREAS ACQUISITIONS
394,A000000,01800,00000,1800LUNG ACQUISITIONS
394,A000000,01900,00000,1900OTHER ACQUISITIONS
394,A000000,02100,00000,2100RESEARCH
394,A000000,02200,00000,2200BLOOD BANK
394,A000000,02300,00000,2300LABORATORY-NON-TISSUE TYPING
394,A000000,02400,00000,2400DIALYSIS UNITS
394,A000000,02500,00000,2500OTHER NON-REIMBURSABLE
394,A100000,01700,00000,QUALITY
394,A100000,01800,00000,LOBBYING
394,A100000,01900,00000,EMPLOYEE RECRUITMENT
394,A100000,01901,00000,OTHER EXPENSES-INDIRECT
394,A20H000,00900,00000,OTHER HOSPITAL COSTS
394,A20K000,00900,00000,OTHER HOSPITAL COSTS
394,A20L000,00900,00000,OTHER HOSPITAL COSTS
394,A20O000,00900,00000,OTHER HOSPITAL COSTS
394,A20P000,00900,00000,OTHER HOSPITAL COSTS
394,A20U000,00900,00000,OTHER HOSPITAL COSTS
394,A400010,00100,00000,TISSUE ALLOCATION
394,A400010,00100,00100,A
394,A400010,00100,00200,OTHER NON-REIMBURSABLE
394,A400010,00100,00500,PROCUREMENT COORDINATORS
394,A400010,00200,00000,TISSUE ALLOCATION
394,A400010,00200,00100,A
394,A400010,00200,00200,OTHER NON-REIMBURSABLE
394,A400010,00200,00500,PROFESSIONAL EDUCATION
394,A400010,00300,00000,TISSUE ALLOCATION
394,A400010,00300,00100,A
394,A400010,00300,00200,OTHER NON-REIMBURSABLE
394,A400010,00300,00500,PUBLIC EDUCATION
394,A400010,00400,00000,RECLASS FACILITY RENT
394,A400010,00400,00100,B
394,A400010,00400,00200,CAPITAL COSTS-BLDG & FIXT
394,A400010,00400,00500,ADMINISTRATIVE & GENERAL
394,A500010,01500,00000,OVERHEAD ALLOCATION
394,A500010,01500,00100,A
394,A500010,01500,00300,ADMINISTRATIVE & GENERAL
394,A500010,01501,00000,CHARITABLE CONTRIBUTIONS
394,A500010,01501,00100,A
394,A500010,01501,00300,ADMINISTRATIVE & GENERAL
394,A500010,01502,00000,FUNERAL HOME FEES
394,A500010,01502,00100,A
394,A500010,01502,00300,KIDNEY ACQUISITIONS
394,A500010,01600,00000,LOBBYING
394,A500010,01600,00100,A
394,A500010,01600,00300,ADMINISTRATIVE & GENERAL
394,A51000A,00100,00100,Y
394,A51000B,00100,00200,CAPITAL COSTS-BLDG & FIXT
394,A51000B,00100,00300,FACILITY RENT
394,A51000C,00100,00100,A
394,A51000C,00100,00200,DCI DONOR SERVICES INC
394,A51000C,00100,00400,DIALYSIS CLINIC INC
394,A51000C,00100,00600,INDEPENDENT DIALYSIS
394,A60000A,00700,00000,CONSTRUCTION IN PROGRESS
394,A60000C,00500,00100,N
394,B10000*,00100,00200,CAP BLDG
394,B10000*,00100,00300,CAP COSTS
394,B10000*,00100,00400,EMPLOYEE
394,B10000*,00100,00500,MEDICAL
394,B10000*,00100,00800,ORGAN
394,B10000*,00100,01000,ADMIN &
394,B10000*,00200,00200,OP PLANT &
394,B10000*,00200,00300,MOVABLE
394,B10000*,00200,00400,BENEFITS
394,B10000*,00200,00500,SUPPLIES
394,B10000*,00200,00800,ACQUISITN
394,B10000*,00200,01000,GENERAL
394,B10000*,00300,00200,HOUSEKEEP
394,B10000*,00300,00300,EQUIPMENT
394,B10000*,00300,00800,COSTS
394,B10000*,00400,00200,SQUARE
394,B10000*,00400,00300,SQUARE
394,B10000*,00400,00400,ADJUST
394,B10000*,00400,00500,COSTED
394,B10000*,00400,00800,NUMBER
394,B10000*,00400,01000,ACCUM
394,B10000*,00500,00200,FEET
394,B10000*,00500,00300,FEET
394,B10000*,00500,00400,SALARIES
394,B10000*,00500,00500,REQUISIT
394,B10000*,00500,00800,ORGANS
394,B10000*,00500,01000,COSTS
394,B10000*,00600,00200,1
394,B10000*,00600,00300,2
394,B10000*,00600,00400,3
394,B10000*,00600,00500,3
394,B10000*,00600,00800,3
394,B10000*,00600,01000,3
394,B100000,00000,01000,X
394,E000000,00900,00000,OTHER CURRENT ASSETS
394,E000000,02600,00000,CONSTRUCTION IN PROGRESS
394,E000000,03900,00000,INTERCOMPANY PAYABLES
394,E000000,04100,00000,OTHER CURRENT LIABILITIES
394,E100001,00800,00000,IMPORT KIDNEY PUMPING FEES
394,E100001,00900,00000,TISSUE RECOVERY
394,E100002,00300,00000,DISALLOWABLES
394,E100002,00400,00000,INVENTORY VARIANCE
394,E100002,00500,00000,RESEARCH & DEVELOPMENT
394,E100002,00501,00000,BAD DEBT
394,E100002,00800,00000,PURCHASE DISCOUNT
394,E100002,00900,00000,COST REPORT ESTIMATE
394,S000000,00100,00100,X
394,S000000,00400,00100,2
394,S000000,00500,00100,03/01/2021
394,S000000,00600,00100,10001
394,S000000,00700,00100,N
394,S000000,00800,00100,N
394,S000000,00900,00100,02/03/2023
394,S000000,01000,00100,4
394,S000001,00100,00100,TENNESSEE DONOR SERVICES
394,S000001,00100,00200,44P001
394,S000001,00101,00100,566 MAINSTREAM DRIVE  SUITE 300
394,S000001,00102,00100,NASHVILLE
394,S000001,00102,00200,TN
394,S000001,00102,00300,37228
394,S000001,00300,00100,10/01/2019
394,S000001,00300,00200,09/30/2020
394,S000001,00400,00100,6
394,S000001,00400,00300,1
394,S000001,00400,00400,10/01/1990
394,S000001,00401,00300,1
394,S000002,00100,00200,Y
394,S000002,00300,00100,CFO
394,S000002,00400,00100,02/25/2021
394,S100001,00700,00100,N
394,S100001,00810,00000,SMALL BOWEL
394,S100003,00100,00100,MEDICAL DIRECTOR
394,S100003,00100,00300,MEDICAL DIRECTOR
394,S100003,00100,00500,LAB DIRECTOR
394,S100003,00101,00100,EXEC. DIRECTOR
394,S100003,00101,00300,PROCUREMENT COORDINATOR
394,S100003,00101,00500,TECHNICIANS
394,S100003,00102,00100,CLERICAL
394,S100003,00102,00300,PRESERVATION TECHNICIANS
394,S100003,00102,00500,TISSUE TYPING TECH.
394,S100003,00103,00100,OTHER
394,S100003,00103,00300,OTHER
394,S100003,00103,00500,OTHER
394,S200000,00100,00100,N
394,S200000,00200,00100,N
394,S200000,00300,00100,Y
394,S200000,00400,00100,Y
394,S200000,00400,00200,A
394,S200000,00500,00100,N
394,S200000,00600,00300,CFO
394,S200000,00700,00100,DCI DONOR SERVICES  INC.
396,A000000,00100,00000,0100CAPITAL COSTS-BLDG & FIXT
396,A000000,00200,00000,0200CAPITAL COSTS-MVBLE EQUIPMENT
396,A000000,00300,00000,0300EMPLOYEE BENEFITS
396,A000000,00400,00000,0400ADMINISTRATIVE & GENERAL
396,A000000,00500,00000,0500OPERATION AND MAINTENANCE OF PLANT
396,A000000,00600,00000,0600HOUSEKEEPING
396,A000000,00700,00000,0700MEDICAL SUPPLIES
396,A000000,00800,00000,0800OTHER OVERHEAD
396,A000000,00900,00000,0900PROCUREMENT COORDINATORS
396,A000000,01000,00000,1000PROFESSIONAL EDUCATION
396,A000000,01100,00000,1100PUBLIC EDUCATION
396,A000000,01300,00000,1300KIDNEY ACQUISITIONS
396,A000000,01400,00000,1400TISSUE TYPING LABORATORY
396,A000000,01500,00000,1500LIVER ACQUISITIONS
396,A000000,01600,00000,1600HEART ACQUISITIONS
396,A000000,01700,00000,1700PANCREAS ACQUISITIONS
396,A000000,01800,00000,1800LUNG ACQUISITIONS
396,A000000,01900,00000,1900OTHER ACQUISITIONS
396,A000000,02100,00000,2100RESEARCH
396,A000000,02200,00000,2200BLOOD BANK
396,A000000,02300,00000,2300LABORATORY-NON-TISSUE TYPING
396,A000000,02400,00000,2400DIALYSIS UNITS
396,A100000,01700,00000,PAYROLL TAXES
396,A100000,01900,00000,POSTAGE
396,A100000,01901,00000,PARKING
396,A300000,00600,00000,PAYROLL TAXES
396,A300000,00700,00000,LAB SUPPLIES AND REAGENTS
396,A300000,00800,00000,COURIER SERVICES
396,A300000,00900,00000,PURCHASED SERVICES
396,A300000,01000,00000,LEASED EQUIP.
396,A300000,01001,00000,WASTE DISPOSAL
396,A400010,00100,00000,RECLASSIFICATIONS
396,A400010,00100,00100,A
396,A400010,00100,00200,CAPITAL COSTS-BLDG & FIXT
396,A400010,00100,00500,ADMINISTRATIVE & GENERAL
396,A400010,00200,00000,RECLASSIFICATIONS
396,A400010,00200,00100,A
396,A400010,00200,00200,CAPITAL COSTS-MVBLE EQUIPMENT
396,A400010,00200,00500,TISSUE TYPING LABORATORY
396,A400010,00300,00000,RECLASSIFICATIONS
396,A400010,00300,00100,A
396,A400010,00300,00200,CAPITAL COSTS-BLDG & FIXT
396,A400010,00300,00500,ADMINISTRATIVE & GENERAL
396,A400010,00400,00000,RECLASSIFICATIONS
396,A400010,00400,00100,A
396,A400010,00400,00200,ADMINISTRATIVE & GENERAL
396,A400010,00400,00500,TISSUE TYPING LABORATORY
396,A500010,01500,00000,OWNER COMPENSATION
396,A500010,01500,00100,A
396,A500010,01500,00300,ADMINISTRATIVE & GENERAL
396,A500010,01501,00000,OWNER COMPENSATION
396,A500010,01501,00100,A
396,A500010,01501,00300,TISSUE TYPING LABORATORY
396,A500010,01502,00000,OWNER RELATIVE COMP
396,A500010,01502,00100,A
396,A500010,01502,00300,EMPLOYEE BENEFITS
396,A500010,01503,00000,OWNER RELATIVE COMP
396,A500010,01503,00100,A
396,A500010,01503,00300,ADMINISTRATIVE & GENERAL
396,A51000A,00100,00100,N
396,A60000A,00700,00000,CONTRUCTION IN PROGRESS
396,A60000B,00800,00000,CONTRUCTION IN PROGRESS
396,A60000C,00500,00100,N
396,B10000*,00100,00200,CAP BLDG
396,B10000*,00100,00300,CAP COSTS
396,B10000*,00100,00400,EMPLOYEE
396,B10000*,00100,00500,MEDICAL
396,B10000*,00100,00800,ORGAN
396,B10000*,00100,01000,ADMIN &
396,B10000*,00200,00200,OP PLANT &
396,B10000*,00200,00300,MOVABLE
396,B10000*,00200,00400,BENEFITS
396,B10000*,00200,00500,SUPPLIES
396,B10000*,00200,00800,ACQUISITN
396,B10000*,00200,01000,GENERAL
396,B10000*,00300,00200,HOUSEKEEP
396,B10000*,00300,00300,EQUIPMENT
396,B10000*,00300,00800,COSTS
396,B10000*,00400,00200,SQUARE
396,B10000*,00400,00300,DOLLAR
396,B10000*,00400,00400,ADJUST
396,B10000*,00400,00500,COSTED
396,B10000*,00400,00800,NUMBER
396,B10000*,00400,01000,ACCUM
396,B10000*,00500,00200,FEET
396,B10000*,00500,00300,VALUE
396,B10000*,00500,00400,SALARIES
396,B10000*,00500,00500,REQUISIT
396,B10000*,00500,00800,ORGANS
396,B10000*,00500,01000,COSTS
396,B10000*,00600,00200,1
396,B10000*,00600,00300,2
396,B10000*,00600,00400,3
396,B10000*,00600,00500,3
396,B10000*,00600,00800,3
396,B10000*,00600,01000,3
396,B100000,00000,01000,X
396,E000000,00900,00000,OTHER CURRENT ASSETS
396,E000000,02600,00000,OTHER FIXED ASSETS
396,E000000,03900,00000,401K LIAB
396,E000000,04100,00000,SBA (PPP) LOAN
396,S000000,00100,00100,X
396,S000000,00400,00100,2
396,S000000,00500,00100,06/10/2021
396,S000000,00600,00100,10001
396,S000000,00700,00100,N
396,S000000,00800,00100,N
396,S000000,00900,00100,02/09/2023
396,S000000,01000,00100,4
396,S000001,00100,00100,METIC TRANSPLANTATION LABORATORY
396,S000001,00100,00200,05HL05
396,S000001,00101,00100,5370 ALHAMBRA AVENUE
396,S000001,00102,00100,LOS ANGELES
396,S000001,00102,00200,CA
396,S000001,00102,00300,90032
396,S000001,00300,00100,01/01/2020
396,S000001,00300,00200,12/31/2020
396,S000001,00400,00100,2
396,S000001,00400,00300,2
396,S000001,00400,00400,10/01/1984
396,S000001,00401,00300,1
396,S000002,00100,00200,Y
396,S000002,00300,00100,CONTROLLER
396,S000002,00400,00100,06/02/2021
396,S100001,00700,00100,N
396,S100001,00810,00000,OTHER
396,S100002,00400,00100,SINGLE ANTIGEN ANTIBODY SPC CLASS I
396,S100002,00401,00100,SINGLE ANTIGNE ANTIBODY SPC CLASS II
396,S100002,00402,00100,SERUM PROCESSING
396,S100002,00403,00100,ON CALL STAT
396,S100002,00404,00100,ANTIBODY REANALYSIS & PROCESSING
396,S100002,00405,00100,PROASE CX
396,S100002,00406,00100,HLA CLASS I
396,S100002,00407,00100,HLA CLASS II
396,S100002,00408,00100,DNA CLASS I A
396,S100002,00409,00100,DNA CLASS I B
396,S100002,00410,00100,DNA CLASS I C
396,S100002,00411,00100,FLOW PRA
396,S100002,00412,00100,T& B CRSSMATCH
396,S100002,00413,00100,FACS X-MATCH
396,S100002,00414,00100,HLA DQA1 DNA TYPING
396,S100002,00415,00100,HLA DQB1 DNA TYPING
396,S100002,00416,00100,HLA DPB1 DNA TYPING
396,S100002,00417,00100,HLA DPA1 DNA TYPING
396,S100002,00418,00100,HLA DRB1 DNA TYPING
396,S100002,00419,00100,HLA DRB3/DRB4/DRB5
396,S100002,00420,00100,HLA DRB/DQB1 DNA TYPING 9CLASS II)
396,S100003,00100,00100,MEDICAL DIRECTOR
396,S100003,00100,00300,MEDICAL DIRECTOR
396,S100003,00100,00500,LAB DIRECTOR
396,S100003,00101,00100,EXEC. DIRECTOR
396,S100003,00101,00300,PROCUREMENT COORDINATOR
396,S100003,00101,00500,TECHNICIANS
396,S100003,00102,00100,CLERICAL
396,S100003,00102,00300,PRESERVATION TECHNICIANS
396,S100003,00102,00500,TISSUE TYPING TECH.
396,S100003,00103,00100,OTHER
396,S100003,00103,00300,OTHER
396,S100003,00103,00500,OTHER
396,S200000,00100,00100,N
396,S200000,00200,00100,N
396,S200000,00300,00100,N
396,S200000,00400,00100,N
396,S200000,00500,00100,N
396,S200000,00600,00300,CONSULTANT
396,S200000,00700,00100,E & L CONSULTING
398,A000000,00100,00000,0100CAPITAL COSTS-BLDG & FIXT
398,A000000,00200,00000,0200CAPITAL COSTS-MVBLE EQUIPMENT
398,A000000,00300,00000,0300EMPLOYEE BENEFITS
398,A000000,00400,00000,0400ADMINISTRATIVE & GENERAL
398,A000000,00500,00000,0500OPERATION AND MAINTENANCE OF PLANT
398,A000000,00600,00000,0600HOUSEKEEPING
398,A000000,00700,00000,0700MEDICAL SUPPLIES
398,A000000,00800,00000,0800OTHER OVERHEAD
398,A000000,00900,00000,0900PROCUREMENT COORDINATORS
398,A000000,01000,00000,1000PROFESSIONAL EDUCATION
398,A000000,01100,00000,1100PUBLIC EDUCATION
398,A000000,01200,00000,1200DONOR REFERRAL CENTER
398,A000000,01300,00000,1300KIDNEY ACQUISITIONS
398,A000000,01400,00000,1400TISSUE TYPING LABORATORY
398,A000000,01500,00000,1500LIVER ACQUISITIONS
398,A000000,01600,00000,1600HEART ACQUISITIONS
398,A000000,01700,00000,1700PANCREAS ACQUISITIONS
398,A000000,01800,00000,1800LUNG ACQUISITIONS
398,A000000,01900,00000,1900HEART/LUNG
398,A000000,01901,00000,1901SMALL BOWEL
398,A000000,01902,00000,1902VCA
398,A000000,02100,00000,2100RESEARCH
398,A000000,02200,00000,2200BLOOD BANK
398,A000000,02300,00000,2300LABORATORY-NON-TISSUE TYPING
398,A000000,02400,00000,2400DIALYSIS UNITS
398,A000000,02500,00000,2500TISSUE
398,A000000,02501,00000,2501FOUNDATION
398,A100000,01700,00000,EMPLOYEE BENEFITS
398,A100000,01800,00000,PAYROLL TAXES
398,A100000,01900,00000,EMPLOYMENT EXPENSE
398,A100000,01901,00000,DUES & SUBS
398,A100000,01902,00000,CONTRACT SERVICES
398,A100000,01904,00000,OTHER
398,A20H000,00900,00000,OTHER EXCISION HOSPITAL HEART
398,A20H000,02100,00000,MEDICAL SUPPLIES
398,A20H000,02101,00000,LAB FEES
398,A20H000,02102,00000,OTHER ACQUISITION COSTS
398,A20H000,02103,00000,ALLOCATED DEPT COSTS
398,A20K000,00900,00000,OTHER EXCISION HOSPITAL KIDNEY
398,A20K000,02100,00000,MEDICAL SUPPLIES
398,A20K000,02101,00000,LAB FEES
398,A20K000,02102,00000,OTHER ACQUISITION COSTS
398,A20K000,02103,00000,ALLOCATED DEPT COSTS
398,A20L000,00900,00000,OTHER EXCISION HOSPITAL LIVER
398,A20L000,02100,00000,MEDICAL SUPPLIES
398,A20L000,02101,00000,LAB FEES
398,A20L000,02102,00000,OTHER ACQUISITION COSTS
398,A20L000,02103,00000,ALLOCATED DEPT COSTS
398,A20O000,00900,00000,OTHER EXCISION HOSPITAL HEART/LUNG
398,A20O000,02100,00000,MEDICAL SUPPLIES
398,A20O000,02101,00000,LAB FEES
398,A20O000,02102,00000,OTHER ACQUISITION COSTS
398,A20O000,02103,00000,ALLOCATED DEPT COSTS
398,A20O001,00900,00000,HOSPITAL RELATED COSTS SMALL BOWEL
398,A20O001,02100,00000,MEDICAL SUPPLIES
398,A20O001,02101,00000,LAB FEES
398,A20O001,02102,00000,OTHE ACQUISITION COSTS
398,A20O001,02103,00000,ALLOCATED DEPT COSTS
398,A20O002,02100,00000,MEDICAL SUPPLIES
398,A20P000,00900,00000,OTHER EXCISION HOSPITAL PANCREAS
398,A20P000,02100,00000,MEDICAL SUPPLIES
398,A20P000,02101,00000,LAB FEES
398,A20P000,02102,00000,OTHER ACQUISITION COSTS
398,A20P000,02103,00000,ALLOCATED DEPT COSTS
398,A20U000,00900,00000,OTHER EXCISION HOSPITAL LUNG
398,A20U000,02100,00000,MEDICAL SUPPLIES
398,A20U000,02101,00000,LAB FEES
398,A20U000,02102,00000,OTHER ACQUISITION COSTS
398,A20U000,02103,00000,ALLOCATED DEPT COSTS
398,A400010,00100,00000,RECOVERY SURGEON RECLASS
398,A400010,00100,00100,A
398,A400010,00100,00200,KIDNEY ACQUISITIONS
398,A400010,00100,00500,PROCUREMENT COORDINATORS
398,A400010,00200,00000,RECOVERY SURGEON RECLASS
398,A400010,00200,00100,A
398,A400010,00200,00200,LIVER ACQUISITIONS
398,A400010,00300,00000,RECOVERY SURGEON RECLASS
398,A400010,00300,00100,A
398,A400010,00300,00200,HEART ACQUISITIONS
398,A400010,00400,00000,RECOVERY SURGEON RECLASS
398,A400010,00400,00100,A
398,A400010,00400,00200,PANCREAS ACQUISITIONS
398,A400010,00500,00000,RECOVERY SURGEON RECLASS
398,A400010,00500,00100,A
398,A400010,00500,00200,LUNG ACQUISITIONS
398,A400010,00600,00000,RECOVERY SURGEON RECLASS
398,A400010,00600,00100,A
398,A400010,00600,00200,SMALL BOWEL
398,A400010,00700,00000,CAPITAL RELATED COSTS
398,A400010,00700,00100,B
398,A400010,00700,00200,CAPITAL COSTS-MVBLE EQUIPMENT
398,A400010,00700,00500,ADMINISTRATIVE & GENERAL
398,A400010,00800,00000,OCCUPANCY COSTS
398,A400010,00800,00100,C
398,A400010,00800,00200,OPERATION AND MAINTENANCE OF PLANT
398,A400010,00800,00500,ADMINISTRATIVE & GENERAL
398,A400010,00900,00000,TISSUE OVERHEAD
398,A400010,00900,00100,D
398,A400010,00900,00200,TISSUE
398,A400010,00900,00500,PROFESSIONAL EDUCATION
398,A400010,01000,00000,TISSUE OVERHEAD
398,A400010,01000,00100,D
398,A400010,01000,00500,PUBLIC EDUCATION
398,A400010,01100,00000,TISSUE OVERHEAD
398,A400010,01100,00100,D
398,A400010,01100,00500,DONOR REFERRAL CENTER
398,A400010,01200,00000,A&G OCCUPANCY RECLASS
398,A400010,01200,00100,E
398,A400010,01200,00200,ADMINISTRATIVE & GENERAL
398,A400010,01200,00500,CAPITAL COSTS-MVBLE EQUIPMENT
398,A400010,01300,00000,A&G OCCUPANCY RECLASS
398,A400010,01300,00100,E
398,A400010,01300,00500,OPERATION AND MAINTENANCE OF PLANT
398,A400010,01400,00000,KIDNEY PUMP ROOM OCCUPANCY COST
398,A400010,01400,00100,F
398,A400010,01400,00200,KIDNEY ACQUISITIONS
398,A400010,01400,00500,CAPITAL COSTS-MVBLE EQUIPMENT
398,A400010,01500,00000,KIDNEY PUMP ROOM OCCUPANCY COST
398,A400010,01500,00100,F
398,A400010,01500,00500,OPERATION AND MAINTENANCE OF PLANT
398,A400010,01600,00000,RECLASS FUNERAL HOME EXPENSES
398,A400010,01600,00100,G
398,A400010,01600,00200,ADMINISTRATIVE & GENERAL
398,A400010,01600,00500,TISSUE
398,A500010,00200,00100,B
398,A500010,00200,00300,ADMINISTRATIVE & GENERAL
398,A500010,00800,00100,B
398,A500010,00800,00300,PROCUREMENT COORDINATORS
398,A500010,01200,00100,B
398,A500010,01200,00300,ADMINISTRATIVE & GENERAL
398,A500010,01500,00000,AOPO LOBBYING
398,A500010,01500,00100,A
398,A500010,01500,00300,ADMINISTRATIVE & GENERAL
398,A500010,01501,00000,NON-REIMBURSIBLE COSTS TISSUE
398,A500010,01501,00100,A
398,A500010,01501,00300,TISSUE
398,A500010,01502,00000,NON-REIMBURSIBLE COSTS ORGAN
398,A500010,01502,00100,A
398,A500010,01502,00300,PROCUREMENT COORDINATORS
398,A500010,01503,00000,NON REIMBURSIBLE COSTS PROFESSIONAL
398,A500010,01503,00100,A
398,A500010,01503,00300,PROFESSIONAL EDUCATION
398,A500010,01504,00000,NON REIMBURSIBLE COSTS PUBLIC EDU
398,A500010,01504,00100,A
398,A500010,01504,00300,PUBLIC EDUCATION
398,A500010,01505,00000,NON REIMBURSIBLE COSTS ADMIN
398,A500010,01505,00100,A
398,A500010,01505,00300,ADMINISTRATIVE & GENERAL
398,A500010,01506,00000,NON REIMBURSIBLE COSTS LAB
398,A500010,01506,00100,A
398,A500010,01506,00300,LABORATORY-NON-TISSUE TYPING
398,A500010,01507,00000,OTHER INCOME - ORGAN
398,A500010,01507,00100,B
398,A500010,01507,00300,PROCUREMENT COORDINATORS
398,A500010,01508,00000,JOHN HOPKINS RESEARCH
398,A500010,01508,00100,A
398,A500010,01508,00300,PROCUREMENT COORDINATORS
398,A500010,01509,00000,SURGEON FEE REVENUE
398,A500010,01509,00100,B
398,A500010,01509,00300,PROCUREMENT COORDINATORS
398,A500010,01512,00000,KIDNEY SUPPLY REBATE
398,A500010,01512,00100,B
398,A500010,01512,00300,KIDNEY ACQUISITIONS
398,A500010,01600,00000,CALL CENTER REVENUE
398,A500010,01600,00100,B
398,A500010,01600,00300,DONOR REFERRAL CENTER
398,A51000A,00100,00100,Y
398,A51000B,00100,00200,FOUNDATION
398,A51000B,00100,00300,FOUNDATION
398,A51000C,00100,00100,C
398,A51000C,00100,00400,OUTLIVE YOURSELF FOUNDATION
398,A51000C,00100,00600,FOUNDATION
398,A60000A,00701,00000,FURNITURE & FIXTURES
398,A60000A,00702,00000,MEDICAL EQUIPMENT
398,A60000A,00703,00000,COMPUTER EQUIPMENT
398,A60000A,00704,00000,SOFTWARE
398,A60000B,00801,00000,FURNITURE & FIXTURES
398,A60000B,00802,00000,MEDICAL EQUIPMENT
398,A60000B,00803,00000,COMPUTER EQUIPMENT
398,A60000B,00804,00000,COMPUTER SOFTWARE
398,A60000C,00500,00100,N
398,B10000*,00100,00200,CAP BLDG
398,B10000*,00100,00300,CAP COSTS
398,B10000*,00100,00400,EMPLOYEE
398,B10000*,00100,00500,MEDICAL
398,B10000*,00100,00800,ORGAN
398,B10000*,00100,01000,ADMIN &
398,B10000*,00200,00200,OP PLANT &
398,B10000*,00200,00300,MOVABLE
398,B10000*,00200,00400,BENEFITS
398,B10000*,00200,00500,SUPPLIES
398,B10000*,00200,00800,ACQUISITN
398,B10000*,00200,01000,GENERAL
398,B10000*,00300,00200,HOUSEKEEP
398,B10000*,00300,00300,EQUIPMENT
398,B10000*,00300,00800,COSTS
398,B10000*,00400,00200,SQUARE
398,B10000*,00400,00300,DOLLAR
398,B10000*,00400,00400,ADJUST
398,B10000*,00400,00500,COSTED
398,B10000*,00400,00800,NUMBER
398,B10000*,00400,01000,ACCUM
398,B10000*,00500,00200,FEET
398,B10000*,00500,00300,VALUE
398,B10000*,00500,00400,SALARIES
398,B10000*,00500,00500,REQUISIT
398,B10000*,00500,00800,ORGANS
398,B10000*,00500,01000,COSTS
398,B10000*,00600,00200,1
398,B10000*,00600,00300,2
398,B10000*,00600,00400,3
398,B10000*,00600,00500,3
398,B10000*,00600,00800,3
398,B10000*,00600,01000,3
398,B100000,00000,01000,X
398,E000000,00900,00000,MEDICARE AR
398,E000000,02600,00000,GAIN/LOSS FIXED ASSETS
398,E000000,03100,00000,DUE FROM RELATED PARTY
398,E000000,03900,00000,DUE TO MEDICARE
398,E000000,04100,00000,ACCURED EXPENSES
398,E000000,04600,00000,LINE OF CREDIT
398,E000000,04700,00000,INTEREST RATE SWAP
398,E100002,00300,00000,ROUNDING
398,E100002,00800,00000,ROUNDING
398,E100002,00900,00000,INTEREST EXP
398,E100002,01000,00000,DEPR
398,E100002,01001,00000,BANK FEES
398,E100002,01002,00000,FOUNDATION
398,E200000,01900,00000,TRANSFER FROM RELATED PARTY
398,E200000,02000,00000,NET UNREALIZED GAINS ON INVESTMENTS
398,E200000,02100,00000,OTHER
398,E200000,02200,00000,RENTAL INCOME
398,E200000,02300,00000,NET ASSETS RELEASED FROM RESTRICTION
398,E200000,02301,00000,REALIZED GAIN ON INVESTMENTS  NET
398,E200000,02600,00000,NET CHANGE IN UNREALIZED LOSSES
398,E200000,02700,00000,UNREALIZED LOSS ON INT RATE SWAP
398,S000000,00100,00100,X
398,S000000,00400,00100,2
398,S000000,00500,00100,12/08/2022
398,S000000,00600,00100,10001
398,S000000,00700,00100,N
398,S000000,00800,00100,N
398,S000000,00900,00100,02/09/2023
398,S000000,01000,00100,4
398,S000001,00100,00100,SOUTHWEST TRANSPLANT ALLIANCE
398,S000001,00100,00200,45P002
398,S000001,00101,00100,5489 BLAIR ROAD
398,S000001,00102,00100,DALLAS
398,S000001,00102,00200,TX
398,S000001,00102,00300,75231
398,S000001,00300,00100,01/01/2020
398,S000001,00300,00200,12/31/2020
398,S000001,00400,00100,6
398,S000001,00400,00300,1
398,S000001,00400,00400,03/31/1998
398,S000001,00401,00300,1
398,S000002,00100,00200,Y
398,S000002,00300,00100,CHIEF FINANCIAL OFFICER
398,S000002,00400,00100,12/06/2022
398,S100001,00700,00100,N
398,S100001,00810,00000,SM BOWEL
398,S100001,00811,00000,VCA
398,S100003,00100,00100,MEDICAL DIRECTOR
398,S100003,00100,00300,MEDICAL DIRECTOR
398,S100003,00100,00500,LAB DIRECTOR
398,S100003,00101,00100,EXEC. DIRECTOR
398,S100003,00101,00300,PROCUREMENT COORDINATOR
398,S100003,00101,00500,TECHNICIANS
398,S100003,00102,00100,CLERICAL
398,S100003,00102,00300,PRESERVATION TECHNICIANS
398,S100003,00102,00500,TISSUE TYPING TECH.
398,S100003,00103,00100,OTHER
398,S100003,00103,00300,OTHER
398,S100003,00103,00500,OTHER
398,S200000,00100,00100,N
398,S200000,00200,00100,N
398,S200000,00300,00100,Y
398,S200000,00400,00100,Y
398,S200000,00400,00200,A
398,S200000,00500,00100,Y
398,S200000,00600,00300,CFO
398,S200000,00700,00100,SOUTHWEST TRANSPLANT ALLIANCE
399,A000000,00100,00000,0100CAPITAL COSTS-BLDG & FIXT
399,A000000,00200,00000,0200CAPITAL COSTS-MVBLE EQUIPMENT
399,A000000,00300,00000,0300EMPLOYEE BENEFITS
399,A000000,00400,00000,0400ADMINISTRATIVE & GENERAL
399,A000000,00500,00000,0500OPERATION AND MAINTENANCE OF PLANT
399,A000000,00600,00000,0600HOUSEKEEPING
399,A000000,00700,00000,0700MEDICAL SUPPLIES
399,A000000,00800,00000,0800OTHER OVERHEAD
399,A000000,00900,00000,0900PROCUREMENT COORDINATORS
399,A000000,01000,00000,1000PROFESSIONAL EDUCATION
399,A000000,01100,00000,1100PUBLIC EDUCATION
399,A000000,01300,00000,1300KIDNEY ACQUISITIONS
399,A000000,01400,00000,1400TISSUE TYPING LABORATORY
399,A000000,01500,00000,1500LIVER ACQUISITIONS
399,A000000,01600,00000,1600HEART ACQUISITIONS
399,A000000,01700,00000,1700PANCREAS ACQUISITIONS
399,A000000,01800,00000,1800LUNG ACQUISITIONS
399,A000000,01900,00000,1900SMALL BOWEL
399,A000000,02100,00000,2100RESEARCH
399,A000000,02200,00000,2200BLOOD BANK
399,A000000,02300,00000,2300LABORATORY-NON-TISSUE TYPING
399,A000000,02400,00000,2400DIALYSIS UNITS
399,A000000,02501,00000,250125.01 TISSUE/EYE
399,A000000,02502,00000,250225.02 BIRTH TISSUE
399,A100000,01700,00000,SUBSCRIPTIONS/DUES/LICENSES
399,A100000,01800,00000,POSTAGE
399,A100000,01900,00000,CONSULTING
399,A100000,01901,00000,SHIPPING & DELIVERY
399,A100000,01902,00000,AUTO MAINTENANCE
399,A20H000,00900,00000,CASE RATES
399,A20H000,02100,00000,PROCUREMENT/PRESERVATION SUPPLIES
399,A20H000,02101,00000,SEROLOGY  ABO TESTS
399,A20K000,00900,00000,CASE RATES
399,A20K000,02100,00000,PROCUREMENT/PRESERVATION SUPPLIES
399,A20K000,02101,00000,SEROLOGY  ABO TESTS
399,A20L000,00900,00000,CASE RATES
399,A20L000,02100,00000,PROCUREMENT/PRESERVATION SUPPLIES
399,A20L000,02101,00000,SEROLOGY  ABO TESTS
399,A20O000,00900,00000,CASE RATES
399,A20O000,02100,00000,PROCUREMENT/PRESERVATION SUPPLIES
399,A20O000,02101,00000,SEROLOGY  ABO TESTS
399,A20P000,00900,00000,CASE RATES
399,A20P000,02100,00000,PROCUREMENT/PRESERVATION SUPPLIES
399,A20P000,02101,00000,SEROLOGY  ABO TESTS
399,A20U000,00900,00000,CASE RATES
399,A20U000,02100,00000,PROCUREMENT/PRESERVATION SUPPLIES
399,A20U000,02101,00000,SEROLOGY  ABO TESTS
399,A300000,00600,00000,SEE ATTACHED G/L SCHEDULE
399,A400010,00100,00000,RECLASSIFICATIONS
399,A400010,00100,00100,A
399,A400010,00100,00200,CAPITAL COSTS-MVBLE EQUIPMENT
399,A400010,00100,00500,ADMINISTRATIVE & GENERAL
399,A400010,00200,00000,RECLASSIFICATIONS
399,A400010,00200,00100,A
399,A400010,00200,00200,CAPITAL COSTS-BLDG & FIXT
399,A400010,00200,00500,ADMINISTRATIVE & GENERAL
399,A400010,00300,00000,RECLASSIFICATIONS
399,A400010,00300,00100,A
399,A400010,00300,00200,OPERATION AND MAINTENANCE OF PLANT
399,A400010,00300,00500,ADMINISTRATIVE & GENERAL
399,A400010,00400,00000,RECLASSIFICATIONS
399,A400010,00400,00100,A
399,A400010,00400,00200,CAPITAL COSTS-MVBLE EQUIPMENT
399,A400010,00400,00500,ADMINISTRATIVE & GENERAL
399,A400010,00500,00000,RECLASSIFICATIONS
399,A400010,00500,00100,A
399,A400010,00500,00200,25.01 TISSUE/EYE
399,A400010,00500,00500,PROFESSIONAL EDUCATION
399,A400010,00600,00000,RECLASSIFICATIONS
399,A400010,00600,00100,A
399,A400010,00600,00200,25.01 TISSUE/EYE
399,A400010,00600,00500,PUBLIC EDUCATION
399,A400010,00700,00000,RECLASSIFICATIONS
399,A400010,00700,00100,A
399,A400010,00700,00200,25.01 TISSUE/EYE
399,A400010,00700,00500,PROCUREMENT COORDINATORS
399,A500010,00800,00100,A
399,A500010,00800,00300,PROCUREMENT COORDINATORS
399,A500010,00900,00100,A
399,A500010,01200,00100,A
399,A500010,01200,00300,ADMINISTRATIVE & GENERAL
399,A500010,01500,00000,CONTRIBUTIONS
399,A500010,01500,00100,A
399,A500010,01500,00300,ADMINISTRATIVE & GENERAL
399,A500010,01501,00000,NON-REIMBURSABLE PUBLIC EDUCATION
399,A500010,01501,00100,A
399,A500010,01501,00300,PUBLIC EDUCATION
399,A500010,01502,00000,NON-REIMBURSABLE PROF EDUCATION
399,A500010,01502,00100,A
399,A500010,01502,00300,PROFESSIONAL EDUCATION
399,A500010,01503,00000,NON-REIMBURSABLE ORGAN
399,A500010,01503,00100,A
399,A500010,01503,00300,PROCUREMENT COORDINATORS
399,A500010,01504,00000,NON-REIMBURSABLE ADMIN
399,A500010,01504,00100,A
399,A500010,01504,00300,ADMINISTRATIVE & GENERAL
399,A500010,01505,00000,NON-REIMBURSABLE HLA
399,A500010,01505,00100,A
399,A500010,01505,00300,TISSUE TYPING LABORATORY
399,A500010,01600,00000,PORTION OF AOPO DUES LOBBYING
399,A500010,01600,00100,A
399,A500010,01600,00300,PROCUREMENT COORDINATORS
399,A51000A,00100,00100,N
399,A60000A,00700,00000,BUILDING IMPROVEMENTS
399,A60000A,00701,00000,CONSTRUCTION IN PROGRESS
399,A60000A,00702,00000,BUILDING AVAILABLE FOR SALE
399,A60000C,00500,00100,N
399,B10000*,00100,00200,CAP BLDG
399,B10000*,00100,00300,CAP COSTS
399,B10000*,00100,00400,EMPLOYEE
399,B10000*,00100,00500,MEDICAL
399,B10000*,00100,00800,ORGAN
399,B10000*,00100,01000,ADMIN &
399,B10000*,00200,00200,OP PLANT &
399,B10000*,00200,00300,MOVABLE
399,B10000*,00200,00400,BENEFITS
399,B10000*,00200,00500,SUPPLIES
399,B10000*,00200,00800,ACQUISITN
399,B10000*,00200,01000,GENERAL
399,B10000*,00300,00200,HOUSEKEEP
399,B10000*,00300,00300,EQUIPMENT
399,B10000*,00300,00800,COSTS
399,B10000*,00400,00200,SQUARE
399,B10000*,00400,00300,SQUARE
399,B10000*,00400,00400,ADJUST
399,B10000*,00400,00500,COSTED
399,B10000*,00400,00800,NUMBER
399,B10000*,00400,01000,ACCUM
399,B10000*,00500,00200,FEET
399,B10000*,00500,00300,FEET
399,B10000*,00500,00400,SALARIES
399,B10000*,00500,00500,REQUISIT
399,B10000*,00500,00800,ORGANS
399,B10000*,00500,01000,COSTS
399,B10000*,00600,00200,1
399,B10000*,00600,00300,2
399,B10000*,00600,00400,3
399,B10000*,00600,00500,3
399,B10000*,00600,00800,3
399,B10000*,00600,01000,3
399,B100000,00000,01000,X
399,E000000,00900,00000,MEDICARE RECEIVABLE
399,E000000,02600,00000,COOLIDGE AVAILABLE FOR SALE
399,E000000,03900,00000,CURRENT MATURITY OF BOND PAYABLE
399,E000000,04100,00000,OTHER CURRENT LIABILITIES
399,E000000,04600,00000,BONDS PAYABLE
399,E000000,04700,00000,DEFERRED COMPENSATON
399,E100001,00700,00000,TISSUE PROCUREMENT
399,E100001,00800,00000,OCULAR PROCUREMENT
399,E100001,00900,00000,BIRTH TISSUE ACQUISITION
399,E200000,02000,00000,LOSS ON DISPOSAL OF ASSETS
399,E200000,02100,00000,MEDICARE INCOME - HLA
399,E200000,02200,00000,MEDICARE INCOME - KIDNEY
399,S000000,00100,00100,X
399,S000000,00400,00100,2
399,S000000,00500,00100,08/02/2021
399,S000000,00600,00100,10001
399,S000000,00700,00100,N
399,S000000,00800,00100,N
399,S000000,00900,00100,02/10/2023
399,S000000,01000,00100,4
399,S000001,00100,00100,DONOR NETWORK OF ARIZONA
399,S000001,00100,00200,03P001
399,S000001,00101,00100,201 W COOLIDGE
399,S000001,00102,00100,PHOENIX
399,S000001,00102,00200,AZ
399,S000001,00102,00300,85013
399,S000001,00200,00100,DONOR NETWORK OF ARIZONA
399,S000001,00200,00200,03HL03
399,S000001,00201,00100,201 W COOLIDGE
399,S000001,00202,00100,PHOENIX
399,S000001,00202,00200,AZ
399,S000001,00202,00300,85013
399,S000001,00300,00100,01/01/2020
399,S000001,00300,00200,12/31/2020
399,S000001,00400,00100,6
399,S000001,00400,00300,1
399,S000001,00400,00400,09/01/1992
399,S000001,00401,00100,6
399,S000001,00401,00300,2
399,S000001,00401,00400,09/01/1992
399,S000002,00100,00200,Y
399,S000002,00300,00100,SR. VICE PRESIDENT & CFO
399,S000002,00400,00100,07/29/2021
399,S100001,00700,00100,N
399,S100001,00810,00000,SMALL BOWEL
399,S100001,00811,00000,VEINS
399,S100001,00812,00000,AORTA & AORTOILLIIAC
399,S100001,00813,00000,ALL OTHER
399,S100002,00400,00100,PHENOTYPE  HLA-AB&DR DQ
399,S100002,00401,00100,ABO TYPING
399,S100002,00402,00100,STAT FEE
399,S100002,00403,00100,CONFIRM HLA CALSS II TYPING BY DNA
399,S100002,00404,00100,FLOW CYTOMETRY T-CELL CROSSMATCH
399,S100002,00405,00100,FLOW CYTOMETRY B-CELL CROSSMATCH
399,S100002,00406,00100,FLOW CYTOMETRY T-AUTOCROSSMATCH
399,S100002,00407,00100,FLOW CYTOMETRY B-AUTOCROSSMATCH
399,S100002,00408,00100,NON-LIVING DONOR WORKUP  SPEC RECIP
399,S100002,00409,00100,NON-LIVING DONOR WORKUP  NON SPEC
399,S100002,00410,00100,FLOW CYTOMETRY T-CELL XMATCH  NLD ST
399,S100002,00411,00100,FLOW CYTOMETRY B-CELL XMATCH  NLD ST
399,S100002,00412,00100,COMPREHENSIVE HLA ANTIBODY EVAL
399,S100002,00413,00100,HLA ANTIBODY SCREEN
399,S100002,00414,00100,SHIPPING FEE
399,S100002,00415,00100,HLA ANTIBODY FLOW ANALYSIS  CLASS I
399,S100002,00416,00100,HLA ANTIBODY FLOW ANALYSIS  CLASS II
399,S100002,00417,00100,SERUM PROCESSING/STORAGE
399,S100003,00100,00100,MEDICAL DIRECTOR
399,S100003,00100,00300,MEDICAL DIRECTOR
399,S100003,00100,00500,LAB DIRECTOR
399,S100003,00101,00100,EXEC. DIRECTOR
399,S100003,00101,00300,PROCUREMENT COORDINATOR
399,S100003,00101,00500,TECHNICIANS
399,S100003,00102,00100,CLERICAL
399,S100003,00102,00300,PRESERVATION TECHNICIANS
399,S100003,00102,00500,TISSUE TYPING TECH.
399,S100003,00103,00100,OTHER
399,S100003,00103,00300,OTHER
399,S100003,00103,00500,OTHER
399,S200000,00100,00100,N
399,S200000,00200,00100,N
399,S200000,00300,00100,N
399,S200000,00400,00100,Y
399,S200000,00400,00200,A
399,S200000,00500,00100,Y
399,S200000,00600,00300,DIRECTOR OF FINANCE
399,S200000,00700,00100,DONOR NETWORK OF ARIZONA
401,A000000,00100,00000,0100CAPITAL COSTS-BLDG & FIXT
401,A000000,00200,00000,0200CAPITAL COSTS-MVBLE EQUIPMENT
401,A000000,00300,00000,0300EMPLOYEE BENEFITS
401,A000000,00400,00000,0400ADMINISTRATIVE & GENERAL
401,A000000,00500,00000,0500OPERATION AND MAINTENANCE OF PLANT
401,A000000,00600,00000,0600HOUSEKEEPING
401,A000000,00700,00000,0700MEDICAL SUPPLIES
401,A000000,00800,00000,0800OTHER OVERHEAD
401,A000000,00900,00000,0900PROCUREMENT COORDINATORS
401,A000000,01000,00000,1000PROFESSIONAL EDUCATION
401,A000000,01100,00000,1100PUBLIC EDUCATION
401,A000000,01200,00000,1200OTHER ACQUISITION
401,A000000,01300,00000,1300KIDNEY ACQUISITIONS
401,A000000,01400,00000,1400TISSUE TYPING LABORATORY
401,A000000,01500,00000,1500LIVER ACQUISITIONS
401,A000000,01600,00000,1600HEART ACQUISITIONS
401,A000000,01700,00000,1700PANCREAS ACQUISITIONS
401,A000000,01800,00000,1800LUNG ACQUISITIONS
401,A000000,01900,00000,1900OTHER ACQUISITIONS
401,A000000,02100,00000,2100RESEARCH
401,A000000,02200,00000,2200BLOOD BANK
401,A000000,02300,00000,2300LABORATORY-NON-TISSUE TYPING
401,A000000,02400,00000,2400DIALYSIS UNITS
401,A000000,02500,00000,2500OTHER NON-REIMBURSABLE
401,A100000,01700,00000,A&G OTHER
401,A300000,00900,00000,CLERICAL
401,A300000,01000,00000,ADMINISTRATIVE
401,A300000,01001,00000,MEDICAL SUPPLIES
401,A500010,01200,00100,A
401,A500010,01200,00300,CAPITAL COSTS-MVBLE EQUIPMENT
401,A500010,01500,00000,OTHER INCOME
401,A500010,01500,00100,B
401,A500010,01500,00300,TISSUE TYPING LABORATORY
401,A51000A,00100,00100,Y
401,A51000B,00100,00200,ADMINISTRATIVE & GENERAL
401,A51000B,00100,00300,MANAGEMENT SVCS
401,A51000C,00100,00000,HEALTHCARE ORGANIZATION
401,A51000C,00100,00100,G
401,A51000C,00100,00200,ALLOGEN LABORATORIES
401,A51000C,00100,00400,CLEVELAND CLINIC
401,A51000C,10000,00200,HEALTHCARE ORGANIZATION
401,B10000*,00100,00200,CAP BLDG
401,B10000*,00100,00300,CAP COSTS
401,B10000*,00100,00400,EMPLOYEE
401,B10000*,00100,00500,MEDICAL
401,B10000*,00100,00800,ORGAN
401,B10000*,00100,01000,ADMIN &
401,B10000*,00200,00200,OP PLANT &
401,B10000*,00200,00300,MOVABLE
401,B10000*,00200,00400,BENEFITS
401,B10000*,00200,00500,SUPPLIES
401,B10000*,00200,00800,ACQUISITN
401,B10000*,00200,01000,GENERAL
401,B10000*,00300,00200,HOUSEKEEP
401,B10000*,00300,00300,EQUIPMENT
401,B10000*,00300,00800,COSTS
401,B10000*,00400,00200,SQUARE
401,B10000*,00400,00300,DOLLAR
401,B10000*,00400,00400,ADJUST
401,B10000*,00400,00500,COSTED
401,B10000*,00400,00800,NUMBER
401,B10000*,00400,01000,ACCUM
401,B10000*,00500,00200,FEET
401,B10000*,00500,00300,VALUE
401,B10000*,00500,00400,SALARIES
401,B10000*,00500,00500,REQUISIT
401,B10000*,00500,00800,ORGANS
401,B10000*,00500,01000,COSTS
401,B10000*,00600,00200,1
401,B10000*,00600,00300,2
401,B10000*,00600,00400,3
401,B10000*,00600,00500,3
401,B10000*,00600,00800,3
401,B10000*,00600,01000,3
401,B100000,00000,01000,X
401,E000000,00900,00000,OTHER CURRENT ASSETS
401,E000000,02600,00000,OTHER FIXED ASSETS
401,E200000,01500,00000,INTEREST INCOME
401,S000000,00100,00100,X
401,S000000,00400,00100,2
401,S000000,00500,00100,08/06/2021
401,S000000,00600,00100,10001
401,S000000,00700,00100,N
401,S000000,00800,00100,N
401,S000000,00900,00100,02/13/2023
401,S000000,01000,00100,4
401,S000001,00100,00100,CC MEDICAL SVC. INC. DBA ALLOGEN LAB
401,S000001,00100,00200,36HL07
401,S000001,00101,00100,105254 EUCLID AVENUE  C100
401,S000001,00102,00100,CLEVELAND
401,S000001,00102,00200,OH
401,S000001,00102,00300,44106
401,S000001,00300,00100,01/01/2020
401,S000001,00300,00200,12/31/2020
401,S000001,00400,00100,6
401,S000001,00400,00300,2
401,S000001,00400,00400,07/22/2011
401,S000001,00401,00300,1
401,S100001,00700,00100,N
401,S100001,00810,00000,OTHER
401,S100002,00400,00100,AB ID & VPRA ? CLASS I LUMINEX ? C1Q
401,S100002,00401,00100,AB ID & VPRA ? CLASS II LUMINEX ? C1
401,S100002,00402,00100,AB PRA FLOW
401,S100002,00403,00100,ABO TYPING (FULL)
401,S100002,00404,00100,CELLS PROCESSING AND STORAGE
401,S100002,00405,00100,HLA?A   B TYPING
401,S100002,00406,00100,HLA?A B CW DR DQ DRB345 ? RSSOP
401,S100002,00407,00100,HLA?A B CW DR DQ DRW TYPING ? DECEAS
401,S100002,00408,00100,HLA?DR  DQ  DRW TYPING
401,S100002,00409,00100,SERUM PROCESSING AND STORAGE
401,S100002,00410,00100,SPECIMEN ACQUISITION?KIT?DAILY TESTI
401,S100002,00411,00100,STAT/AFTER?HOURSREQUEST
401,S100002,00412,00100,XM B CYTOTOXIC ALLO
401,S100002,00413,00100,XM B CYTOXIC ALLO?DECEASED DONOR
401,S100002,00414,00100,XM T & B FLOW ALLO? ADDITIONAL SERUM
401,S100002,00415,00100,XM T&B FLOW ALLO ? DECEASED DONOR
401,S100002,00416,00100,XM T CYTOTOXIC ALLO
401,S100002,00417,00100,XM T CYTOTOXIC ALLO?DECEASED DONOR
401,S100002,00418,00100,XM T CYTOTOXIC AUTO
401,S100002,00419,00100,XM VIRTUAL?SINGLE INDIVIDUAL
401,S100002,00420,00100,AT1R ANTIBODY DETERMINATION (PER SAM
401,S100002,00421,00100,AT1R ANTIBODY DETERMINATION (PER SAM
401,S100002,00422,00100,CLASS II LUMINEX PHENOTYPE BEADS
401,S100002,00423,00100,CHIMERISMTESTING?STR
401,S100002,00424,00100,XM B CYTOTOXIC AUTO
401,S100002,00425,00100,BMT?HLA?A B CW DR DQ DP  DRB345 ? NG
401,S100002,00426,00100,NON?BMT?HLA?A B CW DR DQ DP  DRB345
401,S100002,00427,00100,CLASS I LUMINEX PHENOTYPE BEADS
401,S100003,00100,00100,MEDICAL DIRECTOR
401,S100003,00100,00300,MEDICAL DIRECTOR
401,S100003,00100,00500,LAB DIRECTOR
401,S100003,00101,00100,EXEC. DIRECTOR
401,S100003,00101,00300,PROCUREMENT COORDINATOR
401,S100003,00101,00500,TECHNICIANS
401,S100003,00102,00100,CLERICAL
401,S100003,00102,00300,PRESERVATION TECHNICIANS
401,S100003,00102,00500,TISSUE TYPING TECH.
401,S100003,00103,00100,OTHER
401,S100003,00103,00300,OTHER
401,S100003,00103,00500,OTHER
401,S200000,00100,00100,N
401,S200000,00200,00100,N
401,S200000,00300,00100,Y
401,S200000,00400,00100,Y
401,S200000,00400,00200,A
401,S200000,00500,00100,Y
401,S200000,00600,00300,DIRECTOR | REVENUE & REIMBURSEMENT
401,S200000,00700,00100,CLEVELAND CLINIC
403,A000000,00100,00000,0100CAPITAL COSTS-BLDG & FIXT
403,A000000,00200,00000,0200CAPITAL COSTS-MVBLE EQUIPMENT
403,A000000,00300,00000,0300EMPLOYEE BENEFITS
403,A000000,00400,00000,0400ADMINISTRATIVE & GENERAL
403,A000000,00500,00000,0500OPERATION AND MAINTENANCE OF PLANT
403,A000000,00600,00000,0600HOUSEKEEPING
403,A000000,00700,00000,0700MEDICAL SUPPLIES
403,A000000,00800,00000,0800OTHER OVERHEAD
403,A000000,00900,00000,0900PROCUREMENT COORDINATORS
403,A000000,01000,00000,1000PROFESSIONAL EDUCATION
403,A000000,01100,00000,1100PUBLIC EDUCATION
403,A000000,01200,00000,1200OTHER ACQUISITION
403,A000000,01300,00000,1300KIDNEY ACQUISITIONS
403,A000000,01400,00000,1400TISSUE TYPING LABORATORY
403,A000000,01500,00000,1500LIVER ACQUISITIONS
403,A000000,01600,00000,1600HEART ACQUISITIONS
403,A000000,01700,00000,1700PANCREAS ACQUISITIONS
403,A000000,01800,00000,1800LUNG ACQUISITIONS
403,A000000,01900,00000,1900INTESTINE ACQUISITIONS
403,A000000,02100,00000,2100RESEARCH
403,A000000,02200,00000,2200BLOOD BANK
403,A000000,02300,00000,2300LABORATORY-NON-TISSUE TYPING
403,A000000,02400,00000,2400DIALYSIS UNITS
403,A000000,02500,00000,2500FUND RAISING/ADVANCEMENT
403,A000000,02501,00000,2501EYE ACQUISITION
403,A000000,02502,00000,2502TISSUE ACQUISITION
403,A100000,01700,00000,ENDOWMENT GRANTS
403,A100000,01800,00000,OTHER A&G
403,A20H000,00900,00000,HOSPITAL COSTS
403,A20K000,00900,00000,HOSPITAL COSTS
403,A20K000,02100,00000,KIDNEY PUMPING
403,A20L000,00900,00000,HOSPITAL COSTS
403,A20P000,00900,00000,HOSPITAL COSTS
403,A20P000,02100,00000,OTHER
403,A20U000,00900,00000,HOSPITAL COSTS
403,A20U000,02100,00000,INTENSIVIST EXPENSE
403,A400010,00100,00000,TISSUE OVERHEAD - PROF\PUB ED
403,A400010,00100,00100,A
403,A400010,00100,00200,TISSUE ACQUISITION
403,A400010,00100,00500,PUBLIC EDUCATION
403,A400010,00200,00000,TISSUE OVERHEAD - PROCUREMENT
403,A400010,00200,00100,B
403,A400010,00200,00200,TISSUE ACQUISITION
403,A400010,00200,00500,PROCUREMENT COORDINATORS
403,A400010,00300,00000,CAPITAL COSTS
403,A400010,00300,00100,C
403,A400010,00300,00200,CAPITAL COSTS-BLDG & FIXT
403,A400010,00300,00500,ADMINISTRATIVE & GENERAL
403,A500010,00700,00100,B
403,A500010,00700,00300,CAPITAL COSTS-BLDG & FIXT
403,A500010,00800,00100,B
403,A500010,00800,00300,PROCUREMENT COORDINATORS
403,A500010,01200,00100,B
403,A500010,01200,00300,CAPITAL COSTS-BLDG & FIXT
403,A500010,01500,00000,MISC INCOME ADMIN
403,A500010,01500,00100,B
403,A500010,01500,00300,ADMINISTRATIVE & GENERAL
403,A500010,01501,00000,MISC INCOME BLOOD
403,A500010,01501,00100,B
403,A500010,01501,00300,BLOOD BANK
403,A500010,01503,00000,FUNERAL DIRECTOR EMBALMING
403,A500010,01503,00100,A
403,A500010,01503,00300,TISSUE ACQUISITION
403,A500010,01504,00000,TRANSPORTATION OF DONORS
403,A500010,01504,00100,A
403,A500010,01504,00300,TISSUE ACQUISITION
403,A500010,01505,00000,COMMUNICATION CTR REVENUE
403,A500010,01505,00100,B
403,A500010,01505,00300,ADMINISTRATIVE & GENERAL
403,A500010,01506,00000,LOBBYING EXPENSE
403,A500010,01506,00100,A
403,A500010,01506,00300,PROCUREMENT COORDINATORS
403,A500010,01513,00000,NON EMLOYEE MEETING
403,A500010,01513,00100,A
403,A500010,01513,00300,ADMINISTRATIVE & GENERAL
403,A500010,01514,00000,NON EMLOYEE MEETING
403,A500010,01514,00100,A
403,A500010,01514,00300,PROCUREMENT COORDINATORS
403,A500010,01515,00000,NON EMLOYEE MEETING
403,A500010,01515,00100,A
403,A500010,01515,00300,PUBLIC EDUCATION
403,A500010,01516,00000,NON EMPLOYEE MEETING
403,A500010,01516,00100,A
403,A500010,01516,00300,BLOOD BANK
403,A500010,01517,00000,NON EMPLOYEE MEETING
403,A500010,01517,00100,A
403,A500010,01517,00300,FUND RAISING/ADVANCEMENT
403,A500010,01518,00000,NON EMPLOYEE MEETING
403,A500010,01518,00100,A
403,A500010,01518,00300,TISSUE ACQUISITION
403,A500010,01520,00000,SPONSORSHIPD W/O EDUCATION
403,A500010,01520,00100,A
403,A500010,01520,00300,PUBLIC EDUCATION
403,A500010,01521,00000,SPONSORSHIPD W/O EDUCATION
403,A500010,01521,00100,A
403,A500010,01521,00300,BLOOD BANK
403,A500010,01523,00000,BAD DEBT EXPENSE
403,A500010,01523,00100,A
403,A500010,01523,00300,BLOOD BANK
403,A500010,01524,00000,EXCESS KIDNEY SURGEON FEES
403,A500010,01524,00100,A
403,A500010,01524,00300,KIDNEY ACQUISITIONS
403,A51000A,00100,00100,N
403,B10000*,00100,00200,CAP BLDG
403,B10000*,00100,00300,CAP COSTS
403,B10000*,00100,00400,EMPLOYEE
403,B10000*,00100,00500,MEDICAL
403,B10000*,00100,00800,ORGAN
403,B10000*,00100,01000,ADMIN &
403,B10000*,00200,00200,OP PLANT &
403,B10000*,00200,00300,MOVABLE
403,B10000*,00200,00400,BENEFITS
403,B10000*,00200,00500,SUPPLIES
403,B10000*,00200,00800,ACQUISITN
403,B10000*,00200,01000,GENERAL
403,B10000*,00300,00200,HOUSEKEEP
403,B10000*,00300,00300,EQUIPMENT
403,B10000*,00300,00800,COSTS
403,B10000*,00400,00200,SQUARE
403,B10000*,00400,00300,SQUARE
403,B10000*,00400,00400,ADJUST
403,B10000*,00400,00500,COSTED
403,B10000*,00400,00800,NUMBER
403,B10000*,00400,01000,ACCUM
403,B10000*,00500,00200,FEET
403,B10000*,00500,00300,FEET
403,B10000*,00500,00400,SALARIES
403,B10000*,00500,00500,REQUISIT
403,B10000*,00500,00800,ORGANS
403,B10000*,00500,01000,COSTS
403,B10000*,00600,00200,1
403,B10000*,00600,00300,2
403,B10000*,00600,00400,3
403,B10000*,00600,00500,3
403,B10000*,00600,00800,3
403,B10000*,00600,01000,3
403,B100000,00000,01000,X
403,E000000,00900,00000,OTHER CURRENT - INVESTMENTS
403,E000000,02600,00000,OTHER ASSETS
403,E000000,04600,00000,PPP LOAN
403,E000000,04700,00000,OTHER LIABILITIES
403,E100001,00700,00000,OCULAR REVENUE
403,E100001,00800,00000,TISSUE REVENUE
403,E100001,00900,00000,COMMUNICATION CENTER REVENUE
403,E100002,00800,00000,SPECIAL EVENT COSTS
403,E100002,00900,00000,CDT REVENUE SHARE
403,E200000,02000,00000,SPECIAL EVENTS
403,E200000,02100,00000,MISC INCOME
403,E200000,02200,00000,NET ASSETS RELEASED FROM RESTRICTION
403,E200000,02600,00000,ALLOSOURCE ALLOCATIONS
403,E200000,02700,00000,NET ASSETS RELEASED FROM RESTRICTION
403,S000000,00100,00100,X
403,S000000,00400,00100,2
403,S000000,00500,00100,08/02/2021
403,S000000,00600,00100,10001
403,S000000,00700,00100,N
403,S000000,00800,00100,N
403,S000000,00900,00100,02/16/2023
403,S000000,01000,00100,4
403,S000001,00100,00100,CONNECTLIFE
403,S000001,00100,00200,33P001
403,S000001,00101,00100,4444 BRYANT AND STRATTON WAY
403,S000001,00102,00100,WILLIAMSVILLE
403,S000001,00102,00200,NY
403,S000001,00102,00300,14221
403,S000001,00300,00100,01/01/2020
403,S000001,00300,00200,12/31/2020
403,S000001,00400,00100,2
403,S000001,00400,00300,1
403,S000001,00400,00400,03/01/1992
403,S000001,00401,00100,5
403,S000001,00401,00300,1
403,S000002,00100,00200,Y
403,S000002,00300,00100,COO/CFO
403,S000002,00400,00100,07/30/2021
403,S100001,00700,00100,N
403,S100001,00810,00000,INTESTINE
403,S100003,00100,00100,MEDICAL DIRECTOR
403,S100003,00100,00300,MEDICAL DIRECTOR
403,S100003,00100,00500,LAB DIRECTOR
403,S100003,00101,00100,EXEC. DIRECTOR
403,S100003,00101,00300,PROCUREMENT COORDINATOR
403,S100003,00101,00500,TECHNICIANS
403,S100003,00102,00100,CLERICAL
403,S100003,00102,00300,PRESERVATION TECHNICIANS
403,S100003,00102,00500,TISSUE TYPING TECH.
403,S100003,00103,00100,OTHER
403,S100003,00103,00300,OTHER
403,S100003,00103,00500,OTHER
403,S200000,00100,00100,N
403,S200000,00200,00100,N
403,S200000,00300,00100,N
403,S200000,00400,00100,Y
403,S200000,00400,00200,A
403,S200000,00500,00100,Y
403,S200000,00600,00300,COO\CFO
403,S200000,00700,00100,CONNECTLIFE
405,A000000,00100,00000,0100CAPITAL COSTS-BLDG & FIXT
405,A000000,00200,00000,0200CAPITAL COSTS-MVBLE EQUIPMENT
405,A000000,00300,00000,0300EMPLOYEE BENEFITS
405,A000000,00400,00000,0400ADMINISTRATIVE & GENERAL
405,A000000,00500,00000,0500OPERATION AND MAINTENANCE OF PLANT
405,A000000,00600,00000,0600HOUSEKEEPING
405,A000000,00700,00000,0700MEDICAL SUPPLIES
405,A000000,00800,00000,0800OTHER OVERHEAD
405,A000000,00900,00000,0900PROCUREMENT COORDINATORS
405,A000000,01000,00000,1000PROFESSIONAL EDUCATION
405,A000000,01100,00000,1100PUBLIC EDUCATION
405,A000000,01300,00000,1300KIDNEY ACQUISITIONS
405,A000000,01400,00000,1400TISSUE TYPING LABORATORY
405,A000000,01500,00000,1500LIVER ACQUISITIONS
405,A000000,01600,00000,1600HEART ACQUISITIONS
405,A000000,01700,00000,1700PANCREAS ACQUISITIONS
405,A000000,01800,00000,1800LUNG ACQUISITIONS
405,A000000,01900,00000,1900OTHER ACQUISITIONS
405,A000000,02100,00000,2100RESEARCH
405,A000000,02200,00000,2200BLOOD BANK
405,A000000,02300,00000,2300LABORATORY-NON-TISSUE TYPING
405,A000000,02400,00000,2400DIALYSIS UNITS
405,A000000,02500,00000,2500TISSUE
405,A000000,02501,00000,2501EYE
405,A100000,01700,00000,DEPRECIATION
405,A100000,01800,00000,POSTAGE
405,A100000,01900,00000,PROFESSIONAL FEES
405,A100000,01901,00000,OTHER ADMIN & GENERAL
405,A20H000,00900,00000,DONOR HOSPITAL OTHER
405,A20K000,00900,00000,DONOR HOSPITAL OTHER
405,A20L000,00900,00000,DONOR HOSPITAL OTHER
405,A20P000,00900,00000,DONOR HOSPITAL OTHER
405,A20U000,00900,00000,DONOR HOSPITAL OTHER
405,A400010,00100,00000,TISSUE
405,A400010,00100,00100,A
405,A400010,00100,00200,TISSUE
405,A400010,00100,00500,PROCUREMENT COORDINATORS
405,A400010,00200,00000,TISSUE
405,A400010,00200,00100,A
405,A400010,00200,00500,PROFESSIONAL EDUCATION
405,A400010,00300,00000,TISSUE
405,A400010,00300,00100,A
405,A400010,00300,00500,PUBLIC EDUCATION
405,A400010,00400,00000,TISSUE
405,A400010,00400,00100,A
405,A400010,00400,00200,TISSUE
405,A400010,00400,00500,PROCUREMENT COORDINATORS
405,A500010,00800,00100,A
405,A500010,00800,00300,PROCUREMENT COORDINATORS
405,A500010,01200,00100,A
405,A500010,01200,00300,ADMINISTRATIVE & GENERAL
405,A500010,01500,00000,LOBBYING EXPENSES
405,A500010,01500,00100,A
405,A500010,01500,00300,PROCUREMENT COORDINATORS
405,A500010,01502,00000,CASE EXPENSES NOT ALLOWED
405,A500010,01502,00100,A
405,A500010,01502,00300,PROCUREMENT COORDINATORS
405,A500010,01504,00000,INVESTMENT INCOME
405,A500010,01504,00100,B
405,A500010,01504,00300,PROCUREMENT COORDINATORS
405,A500010,01505,00000,INVESTMENT INCOME
405,A500010,01505,00100,B
405,A500010,01505,00300,PROFESSIONAL EDUCATION
405,A500010,01506,00000,INVESTMENT INCOME
405,A500010,01506,00100,B
405,A500010,01506,00300,PUBLIC EDUCATION
405,A500010,01507,00000,INVESTMENT INCOME
405,A500010,01507,00100,B
405,A500010,01507,00300,TISSUE
405,A500010,01600,00000,INVESTMENT ADVISORY FEES
405,A500010,01600,00100,A
405,A500010,01600,00300,ADMINISTRATIVE & GENERAL
405,A51000A,00100,00100,N
405,A60000C,00500,00100,N
405,B10000*,00100,00200,CAP BLDG
405,B10000*,00100,00300,CAP COSTS
405,B10000*,00100,00400,EMPLOYEE
405,B10000*,00100,00500,MEDICAL
405,B10000*,00100,00800,ORGAN
405,B10000*,00100,01000,ADMIN &
405,B10000*,00200,00200,OP PLANT &
405,B10000*,00200,00300,MOVABLE
405,B10000*,00200,00400,BENEFITS
405,B10000*,00200,00500,SUPPLIES
405,B10000*,00200,00800,ACQUISITN
405,B10000*,00200,01000,GENERAL
405,B10000*,00300,00200,HOUSEKEEP
405,B10000*,00300,00300,EQUIPMENT
405,B10000*,00300,00800,COSTS
405,B10000*,00400,00200,SQUARE
405,B10000*,00400,00300,DOLLAR
405,B10000*,00400,00400,ADJUST
405,B10000*,00400,00500,COSTED
405,B10000*,00400,00800,NUMBER
405,B10000*,00400,01000,ACCUM
405,B10000*,00500,00200,FEET
405,B10000*,00500,00300,VALUE
405,B10000*,00500,00400,SALARIES
405,B10000*,00500,00500,REQUISIT
405,B10000*,00500,00800,ORGANS
405,B10000*,00500,01000,COSTS
405,B10000*,00600,00200,1
405,B10000*,00600,00300,2
405,B10000*,00600,00400,3
405,B10000*,00600,00500,3
405,B10000*,00600,00800,3
405,B10000*,00600,01000,3
405,B100000,00000,01000,X
405,E000000,00900,00000,DUE FROM MEDICARE
405,E000000,02600,00000,OTHER FIXED ASSETS
405,E000000,03100,00000,OTHER ASSETS
405,E000000,03900,00000,DEFERRED REVENUE
405,E000000,04600,00000,DEFERRED REVENUE
405,E000000,04700,00000,DEFERRED LESASE RENT
405,E100001,00700,00000,TISSUE AND OTHER REVENUE
405,E100002,00300,00000,SERVICE CHARGE
405,E100002,00800,00000,PROVISION FOR RECEIVABLE KIDNEY
405,E200000,01500,00000,OTHER
405,S000000,00100,00100,X
405,S000000,00400,00100,2
405,S000000,00500,00100,08/05/2021
405,S000000,00600,00100,10001
405,S000000,00700,00100,N
405,S000000,00800,00100,N
405,S000000,00900,00100,02/20/2023
405,S000000,01000,00100,4
405,S000001,00100,00100,HAWAII ORGAN PROCUREMENT ORGANIZATI
405,S000001,00100,00200,12P001
405,S000001,00101,00100,405 N KUAKINI STREET  SUITE 810
405,S000001,00102,00100,HONOLULU
405,S000001,00102,00200,HI
405,S000001,00102,00300,96817
405,S000001,00300,00100,01/01/2020
405,S000001,00300,00200,12/31/2020
405,S000001,00400,00100,6
405,S000001,00400,00300,1
405,S000001,00400,00400,11/21/1987
405,S000001,00401,00300,1
405,S000002,00100,00200,Y
405,S000002,00300,00100,PRESIDENT AND CEO
405,S000002,00400,00100,08/02/2021
405,S100001,00700,00100,N
405,S100001,00810,00000,OTHER
405,S100003,00100,00100,MEDICAL DIRECTOR
405,S100003,00100,00300,MEDICAL DIRECTOR
405,S100003,00100,00500,LAB DIRECTOR
405,S100003,00101,00100,EXEC. DIRECTOR
405,S100003,00101,00300,PROCUREMENT COORDINATOR
405,S100003,00101,00500,TECHNICIANS
405,S100003,00102,00100,CLERICAL
405,S100003,00102,00300,PRESERVATION TECHNICIANS
405,S100003,00102,00500,TISSUE TYPING TECH.
405,S100003,00103,00100,OTHER
405,S100003,00103,00300,OTHER
405,S100003,00103,00500,OTHER
405,S200000,00100,00100,N
405,S200000,00200,00100,N
405,S200000,00300,00100,N
405,S200000,00400,00100,Y
405,S200000,00400,00200,A
405,S200000,00500,00100,Y
405,S200000,00600,00300,PRESIDENT & CEO
405,S200000,00700,00100,LLH
407,A000000,00100,00000,0100CAPITAL COSTS-BLDG & FIXT
407,A000000,00200,00000,0200CAPITAL COSTS-MVBLE EQUIPMENT
407,A000000,00300,00000,0300EMPLOYEE BENEFITS
407,A000000,00400,00000,0400ADMINISTRATIVE & GENERAL
407,A000000,00500,00000,0500OPERATION AND MAINTENANCE OF PLANT
407,A000000,00600,00000,0600HOUSEKEEPING
407,A000000,00700,00000,0700MEDICAL SUPPLIES
407,A000000,00800,00000,0800OTHER OVERHEAD
407,A000000,00900,00000,0900PROCUREMENT COORDINATORS
407,A000000,01000,00000,1000PROFESSIONAL EDUCATION
407,A000000,01100,00000,1100PUBLIC EDUCATION
407,A000000,01200,00000,1200NON-RECOVERIES
407,A000000,01201,00000,1201CALL CENTER
407,A000000,01300,00000,1300KIDNEY ACQUISITIONS
407,A000000,01400,00000,1400TISSUE TYPING LABORATORY
407,A000000,01500,00000,1500LIVER ACQUISITIONS
407,A000000,01600,00000,1600HEART ACQUISITIONS
407,A000000,01700,00000,1700PANCREAS ACQUISITIONS
407,A000000,01800,00000,1800LUNG ACQUISITIONS
407,A000000,01900,00000,1900SM INTESTINE
407,A000000,02100,00000,2100RESEARCH
407,A000000,02200,00000,2200BLOOD BANK
407,A000000,02300,00000,2300LABORATORY-NON-TISSUE TYPING
407,A000000,02400,00000,2400DIALYSIS UNITS
407,A000000,02500,00000,2500TISSUE
407,A100000,01700,00000,PURCHASED SERVICES
407,A100000,01800,00000,PUBLICATIONS & SUBSCRIPTIONS
407,A100000,01900,00000,MEMBERSHIPS & DUES
407,A100000,01901,00000,SHIPPING & POSTAGE
407,A100000,01902,00000,QUALITY ASSURANCE SALARIES
407,A100000,01903,00000,HUMAN RESOURCES
407,A100000,01904,00000,CONSULTING FEES
407,A100000,01905,00000,BAD DEBT PROVISION
407,A100000,01906,00000,OTHER ADMIN & GENERAL
407,A100000,01907,00000,DONATIONS & CONTRIBUTIONS
407,A100000,01908,00000,INTERNAL CALL CENTER
407,A20H000,00900,00000,OTHER
407,A20H000,02100,00000,TRANSPORTATION OF DONOR
407,A20H000,02101,00000,OTHER
407,A20H000,02102,00000,TRANSPORTATION OF TEAMS
407,A20K000,00900,00000,OTHER
407,A20K000,02100,00000,TRANSPORTATION OF DONOR
407,A20K000,02101,00000,OTHER
407,A20K000,02102,00000,TRANSPORTATION OF TEAMS
407,A20L000,00900,00000,OTHER
407,A20L000,02100,00000,TRANSPORTATION OF DONOR
407,A20L000,02101,00000,OTHER
407,A20L000,02102,00000,TRANSPORTATION OF TEAMS
407,A20O000,00900,00000,OTHER
407,A20P000,00900,00000,OTHER
407,A20P000,02100,00000,TRANSPORTATION OF DONOR
407,A20P000,02101,00000,OTHER
407,A20P000,02102,00000,TRANSPORTATION OF TEAMS
407,A20U000,00900,00000,OTHER
407,A20U000,02100,00000,TRANSPORTATION OF DONOR
407,A20U000,02101,00000,OTHER
407,A20U000,02102,00000,TRANSPORTATION OF TEAMS
407,A400010,00100,00000,EMPLOYEE BENEFITS
407,A400010,00100,00100,A
407,A400010,00100,00200,PROFESSIONAL EDUCATION
407,A400010,00100,00500,EMPLOYEE BENEFITS
407,A400010,00200,00000,EMPLOYEE BENEFITS
407,A400010,00200,00100,A
407,A400010,00200,00200,PROFESSIONAL EDUCATION
407,A400010,00300,00000,EMPLOYEE BENEFITS
407,A400010,00300,00100,A
407,A400010,00300,00200,PUBLIC EDUCATION
407,A400010,00400,00000,EMPLOYEE BENEFITS
407,A400010,00400,00100,A
407,A400010,00400,00200,ADMINISTRATIVE & GENERAL
407,A400010,00500,00000,EMPLOYEE BENEFITS
407,A400010,00500,00100,A
407,A400010,00500,00200,PROCUREMENT COORDINATORS
407,A400010,00600,00000,EMPLOYEE BENEFITS
407,A400010,00600,00100,A
407,A400010,00600,00200,TISSUE
407,A400010,00700,00000,EMPLOYEE BENEFITS
407,A400010,00700,00100,A
407,A400010,00700,00200,ADMINISTRATIVE & GENERAL
407,A400010,00800,00000,EMPLOYEE BENEFITS
407,A400010,00800,00100,A
407,A400010,00800,00200,OPERATION AND MAINTENANCE OF PLANT
407,A400010,00900,00000,TISSUE RECLASS - ORGAN
407,A400010,00900,00100,B
407,A400010,00900,00200,TISSUE
407,A400010,00900,00500,PROCUREMENT COORDINATORS
407,A400010,01000,00000,TISSUE RECLASS - PROF & PUB ED
407,A400010,01000,00100,C
407,A400010,01000,00200,TISSUE
407,A400010,01000,00500,PROFESSIONAL EDUCATION
407,A400010,01100,00000,TISSUE RECLASS - PROF & PUB ED
407,A400010,01100,00100,C
407,A400010,01100,00500,PUBLIC EDUCATION
407,A400010,01200,00000,CALL CENTER
407,A400010,01200,00100,D
407,A400010,01200,00200,TISSUE
407,A400010,01200,00500,CALL CENTER
407,A400010,01300,00000,MEDICAL DIRECTOR
407,A400010,01300,00100,E
407,A400010,01300,00200,TISSUE
407,A400010,01300,00500,ADMINISTRATIVE & GENERAL
407,A400010,01400,00000,MEDICAL DIRECTOR
407,A400010,01400,00100,E
407,A400010,01400,00200,PROCUREMENT COORDINATORS
407,A400010,01500,00000,TAXES
407,A400010,01500,00100,F
407,A400010,01500,00200,CAPITAL COSTS-BLDG & FIXT
407,A400010,01500,00500,ADMINISTRATIVE & GENERAL
407,A400010,01600,00000,TAXES
407,A400010,01600,00100,F
407,A400010,01600,00200,CAPITAL COSTS-MVBLE EQUIPMENT
407,A400010,01700,00000,INSURANCE
407,A400010,01700,00100,H
407,A400010,01700,00200,CAPITAL COSTS-BLDG & FIXT
407,A400010,01700,00500,ADMINISTRATIVE & GENERAL
407,A400010,01800,00000,INSURANCE
407,A400010,01800,00100,H
407,A400010,01800,00200,CAPITAL COSTS-MVBLE EQUIPMENT
407,A500010,00800,00100,B
407,A500010,00800,00300,PROCUREMENT COORDINATORS
407,A500010,01200,00100,A
407,A500010,01200,00300,ADMINISTRATIVE & GENERAL
407,A500010,01500,00000,LOBBYING EXPENSE
407,A500010,01500,00100,A
407,A500010,01500,00300,ADMINISTRATIVE & GENERAL
407,A500010,01501,00000,NON-EMPLOYEE MEALS
407,A500010,01501,00100,A
407,A500010,01501,00300,PROFESSIONAL EDUCATION
407,A500010,01502,00000,NON-EMPLOYEE MEALS
407,A500010,01502,00100,A
407,A500010,01502,00300,ADMINISTRATIVE & GENERAL
407,A500010,01600,00000,OTHER INCOME
407,A500010,01600,00100,A
407,A500010,01600,00300,ADMINISTRATIVE & GENERAL
407,A500010,01601,00000,BAD DEBT PROVISION
407,A500010,01601,00100,A
407,A500010,01601,00300,ADMINISTRATIVE & GENERAL
407,A500010,01602,00000,FOUNDATION BENEFITS
407,A500010,01602,00100,A
407,A500010,01602,00300,EMPLOYEE BENEFITS
407,A500010,01604,00000,NONALLOWABLE ADVERTISING
407,A500010,01604,00100,A
407,A500010,01604,00300,PUBLIC EDUCATION
407,A500010,01605,00000,NONALLOWABLE CONSULTING
407,A500010,01605,00100,A
407,A500010,01605,00300,ADMINISTRATIVE & GENERAL
407,A500010,01606,00000,NONALLOWABLE EXPENSES
407,A500010,01606,00100,A
407,A500010,01606,00300,ADMINISTRATIVE & GENERAL
407,A500010,01607,00000,NONALLOWABLE EXPENSES
407,A500010,01607,00100,A
407,A500010,01607,00300,PROFESSIONAL EDUCATION
407,A51000A,00100,00100,Y
407,A51000B,00100,00200,ADMINISTRATIVE & GENERAL
407,A51000B,00100,00300,FOUNDATION LABOR ALLOCATION
407,A51000B,00200,00200,EMPLOYEE BENEFITS
407,A51000B,00200,00300,FOUNDATION LABOR ALLOCATION
407,A51000C,00100,00100,E
407,A51000C,00100,00200,JEFF ORLOWSKI
407,A51000C,00100,00400,LIFESHARE FOUNDATION
407,A51000C,00100,00600,FOUNDATION
407,A60000A,00700,00000,BUILDING IMPROVEMENTS
407,A60000A,00701,00000,LEASEHOLD IMPROVEMENTS
407,A60000A,00702,00000,SOFTWARE
407,A60000B,00800,00000,LEASEHOLD IMPROVEMENT
407,A60000B,00801,00000,SOFTWARE
407,A60000C,00500,00100,N
407,B10000*,00100,00200,CAP BLDG
407,B10000*,00100,00300,CAP COSTS
407,B10000*,00100,00400,EMPLOYEE
407,B10000*,00100,00500,MEDICAL
407,B10000*,00100,00800,ORGAN
407,B10000*,00100,01000,ADMIN &
407,B10000*,00200,00200,OP PLANT &
407,B10000*,00200,00300,MOVABLE
407,B10000*,00200,00400,BENEFITS
407,B10000*,00200,00500,SUPPLIES
407,B10000*,00200,00800,ACQUISITN
407,B10000*,00200,01000,GENERAL
407,B10000*,00300,00200,HOUSEKEEP
407,B10000*,00300,00300,EQUIPMENT
407,B10000*,00300,00800,COSTS
407,B10000*,00400,00200,SQUARE
407,B10000*,00400,00300,DOLLAR
407,B10000*,00400,00400,ADJUST
407,B10000*,00400,00500,COSTED
407,B10000*,00400,00800,NUMBER
407,B10000*,00400,01000,ACCUM
407,B10000*,00500,00200,FEET
407,B10000*,00500,00300,VALUE
407,B10000*,00500,00400,SALARIES
407,B10000*,00500,00500,REQUISIT
407,B10000*,00500,00800,ORGANS
407,B10000*,00500,01000,COSTS
407,B10000*,00600,00200,1
407,B10000*,00600,00300,2
407,B10000*,00600,00400,3
407,B10000*,00600,00500,3
407,B10000*,00600,00800,3
407,B10000*,00600,01000,3
407,B100000,00000,01000,X
407,E000000,00900,00000,OTHER CURRENT ASSETS
407,E000000,02600,00000,SOFTWARE
407,E100001,00700,00000,TISSUE PROCUREMENT REVENUE
407,E200000,01900,00000,MEDICARE 2016 CR AUDIT ADJUSTMENT
407,E200000,02000,00000,ODEAP GRANT
407,E200000,02100,00000,LOSS ON DISPOSAL OF ASSETS
407,E200000,02200,00000,NOTES RECEIVABLE INTEREST
407,E200000,02300,00000,OTHER INCOME
407,S000000,00100,00100,X
407,S000000,00400,00100,2
407,S000000,00500,00100,06/28/2021
407,S000000,00600,00100,10001
407,S000000,00700,00100,N
407,S000000,00800,00100,N
407,S000000,00900,00100,02/24/2023
407,S000000,01000,00100,4
407,S000001,00100,00100,LIFESHARE TRANSPLANT DONOR SERVICES
407,S000001,00100,00200,37P002
407,S000001,00101,00100,4705 NW EXPRESSWAY
407,S000001,00102,00100,OKLAHOMA CITY
407,S000001,00102,00200,OK
407,S000001,00102,00300,73132
407,S000001,00300,00100,01/01/2020
407,S000001,00300,00200,12/31/2020
407,S000001,00400,00100,2
407,S000001,00400,00300,1
407,S000001,00400,00400,01/01/2017
407,S000001,00401,00300,1
407,S000002,00100,00200,Y
407,S000002,00300,00100,VP FINANCE CFO
407,S000002,00400,00100,06/25/2021
407,S100001,00700,00100,N
407,S100001,00810,00000,SMALL INTESTINE/OTHER ORGANS
407,S100001,00811,00000,VASCULAR
407,S100001,00812,00000,OTHER TISSUE
407,S100003,00100,00100,MEDICAL DIRECTOR
407,S100003,00100,00300,MEDICAL DIRECTOR
407,S100003,00100,00500,LAB DIRECTOR
407,S100003,00101,00100,EXEC. DIRECTOR
407,S100003,00101,00300,PROCUREMENT COORDINATOR
407,S100003,00101,00500,TECHNICIANS
407,S100003,00102,00100,CLERICAL
407,S100003,00102,00300,PRESERVATION TECHNICIANS
407,S100003,00102,00500,TISSUE TYPING TECH.
407,S100003,00103,00100,OTHER
407,S100003,00103,00300,OTHER
407,S100003,00103,00500,OTHER
407,S200000,00100,00100,N
407,S200000,00200,00100,N
407,S200000,00300,00100,Y
407,S200000,00400,00100,Y
407,S200000,00400,00200,A
407,S200000,00500,00100,N
407,S200000,00600,00300,VP FINANCE  CFO
407,S200000,00700,00100,LIFESHARE TRANSPLANT DONOR SERVICES
416,A000000,00100,00000,0100CAPITAL COSTS-BLDG & FIXT
416,A000000,00200,00000,0200CAPITAL COSTS-MVBLE EQUIPMENT
416,A000000,00300,00000,0300EMPLOYEE BENEFITS
416,A000000,00400,00000,0400ADMINISTRATIVE & GENERAL
416,A000000,00500,00000,0500OPERATION AND MAINTENANCE OF PLANT
416,A000000,00600,00000,0600HOUSEKEEPING
416,A000000,00700,00000,0700MEDICAL SUPPLIES
416,A000000,00800,00000,0800OTHER OVERHEAD
416,A000000,00900,00000,0900PROCUREMENT COORDINATORS
416,A000000,01000,00000,1000PROFESSIONAL EDUCATION
416,A000000,01100,00000,1100PUBLIC EDUCATION
416,A000000,01200,00000,1200OTHER ACQUISITION
416,A000000,01300,00000,1300KIDNEY ACQUISITIONS
416,A000000,01400,00000,1400TISSUE TYPING LABORATORY
416,A000000,01500,00000,1500LIVER ACQUISITIONS
416,A000000,01600,00000,1600HEART ACQUISITIONS
416,A000000,01700,00000,1700PANCREAS ACQUISITIONS
416,A000000,01800,00000,1800LUNG ACQUISITIONS
416,A000000,01900,00000,1900OTHER ACQUISITIONS
416,A000000,02100,00000,2100RESEARCH
416,A000000,02200,00000,2200BLOOD BANK
416,A000000,02300,00000,2300LABORATORY-NON-TISSUE TYPING
416,A000000,02400,00000,2400DIALYSIS UNITS
416,A000000,02500,00000,2500OTHER NON-REIMBURSABLE
416,A100000,01700,00000,DUES/MEMBERSHIPS
416,A20H000,00900,00000,OTHER EXCISION HOSPITAL COSTS
416,A20H000,02100,00000,DONOR HOSPITAL BILLS ACCRUED
416,A20K000,00900,00000,OTHER EXCISION HOSPITAL COSTS
416,A20K000,02100,00000,DONOR HOSPITAL BILLS ACCRUED
416,A20L000,00900,00000,OTHER EXCISION HOSPITAL COSTS
416,A20L000,02100,00000,DONOR HOSPITAL BILLS ACCRUED
416,A20O000,02100,00000,DONOR HOSPITAL BILLS ACCRUED
416,A20P000,00900,00000,OTHER EXCISION HOSPITAL COSTS
416,A20P000,02100,00000,DONOR HOSPITAL BILLS ACCRUED
416,A20U000,00900,00000,OTHER EXCISION HOSPITAL COSTS
416,A20U000,02100,00000,DONOR HOSPITAL BILLS ACCRUED
416,A300000,00600,00000,OFFICE SALARIES
416,A300000,00700,00000,OTHER LAB COSTS
416,A300000,00800,00000,REAGENTS AND SUPPLIES
416,A400010,00100,00000,RECLASSIFICATIONS
416,A400010,00100,00100,A
416,A400010,00100,00200,KIDNEY ACQUISITIONS
416,A400010,00100,00500,PROCUREMENT COORDINATORS
416,A400010,00200,00000,RECLASSIFICATIONS
416,A400010,00200,00100,A
416,A400010,00200,00200,LIVER ACQUISITIONS
416,A400010,00300,00000,RECLASSIFICATIONS
416,A400010,00300,00100,A
416,A400010,00300,00200,HEART ACQUISITIONS
416,A400010,00400,00000,RECLASSIFICATIONS
416,A400010,00400,00100,A
416,A400010,00400,00200,LUNG ACQUISITIONS
416,A400010,00500,00000,RECLASSIFICATIONS
416,A400010,00500,00100,A
416,A400010,00500,00200,PANCREAS ACQUISITIONS
416,A400010,00600,00000,RECLASSIFICATIONS
416,A400010,00600,00100,A
416,A400010,00600,00200,OTHER ACQUISITIONS
416,A400010,00700,00000,OPERATION OF PLANT ACCOUNTS
416,A400010,00700,00100,B
416,A400010,00700,00200,OPERATION AND MAINTENANCE OF PLANT
416,A400010,00700,00500,PROCUREMENT COORDINATORS
416,A500010,00800,00100,B
416,A500010,00800,00300,LIVER ACQUISITIONS
416,A500010,01500,00000,HEARTS SOLD FOR RESEARCH
416,A500010,01500,00100,B
416,A500010,01500,00300,HEART ACQUISITIONS
416,A500010,01501,00000,LUNGS SOLD FOR RESEARCH
416,A500010,01501,00100,B
416,A500010,01501,00300,LUNG ACQUISITIONS
416,A500010,01502,00000,PANCREAS SOLD FOR RESEARCH
416,A500010,01502,00100,B
416,A500010,01502,00300,PANCREAS ACQUISITIONS
416,A500010,01503,00000,NON-ALLOWABLE A&G
416,A500010,01503,00100,A
416,A500010,01503,00300,ADMINISTRATIVE & GENERAL
416,A500010,01504,00000,NON-ALLOWABLE TTL
416,A500010,01504,00100,A
416,A500010,01504,00300,TISSUE TYPING LABORATORY
416,A500010,01505,00000,HL EMPLOYEE BENEFITS
416,A500010,01505,00100,A
416,A500010,01505,00300,EMPLOYEE BENEFITS
416,A500010,01506,00000,TISSUE TYPING LABORATORY
416,A500010,01506,00100,A
416,A500010,01506,00300,TISSUE TYPING LABORATORY
416,A500010,01507,00000,NON-ALLOWABLE COMPENSATION
416,A500010,01507,00100,A
416,A500010,01507,00300,PROCUREMENT COORDINATORS
416,A51000A,00100,00100,Y
416,A51000B,00100,00200,CAPITAL COSTS-BLDG & FIXT
416,A51000B,00100,00300,HOME OFFICE ALLOCATION - CAPITAL BLD
416,A51000B,00200,00200,EMPLOYEE BENEFITS
416,A51000B,00200,00300,HOME OFFICE ALLOCATION - EMPLOYEE BE
416,A51000B,00300,00200,ADMINISTRATIVE & GENERAL
416,A51000B,00300,00300,HOME OFFICE ALLOCATION - A&G AND MED
416,A51000B,00400,00200,ADMINISTRATIVE & GENERAL
416,A51000B,00400,00300,HOME OFFICE ALLOCATION - UMMG SURGER
416,A51000C,00100,00000,HOME OFFICE ALLOCATION
416,A51000C,00100,00100,G
416,A51000C,00100,00400,UNIVERSITY OF MIAMI
416,A51000C,00100,00600,HOME OFFICE HF-8015
416,A51000C,10000,00200,HOME OFFICE ALLOCATION
416,A60000C,00500,00100,N
416,B10000*,00100,00200,CAP BLDG
416,B10000*,00100,00300,CAP COSTS
416,B10000*,00100,00400,EMPLOYEE
416,B10000*,00100,00500,MEDICAL
416,B10000*,00100,00800,ORGAN
416,B10000*,00100,01000,ADMIN &
416,B10000*,00200,00200,OP PLANT &
416,B10000*,00200,00300,MOVABLE
416,B10000*,00200,00400,BENEFITS
416,B10000*,00200,00500,SUPPLIES
416,B10000*,00200,00800,ACQUISITN
416,B10000*,00200,01000,GENERAL
416,B10000*,00300,00200,HOUSEKEEP
416,B10000*,00300,00300,EQUIPMENT
416,B10000*,00300,00800,COSTS
416,B10000*,00400,00200,SQUARE
416,B10000*,00400,00300,DOLLAR
416,B10000*,00400,00400,ADJUST
416,B10000*,00400,00500,COSTED
416,B10000*,00400,00800,NUMBER
416,B10000*,00400,01000,ACCUM
416,B10000*,00500,00200,FEET
416,B10000*,00500,00300,VALUE
416,B10000*,00500,00400,SALARIES
416,B10000*,00500,00500,REQUISIT
416,B10000*,00500,00800,ORGANS
416,B10000*,00500,01000,COSTS
416,B10000*,00600,00200,1
416,B10000*,00600,00300,2
416,B10000*,00600,00400,3
416,B10000*,00600,00500,3
416,B10000*,00600,00800,3
416,B10000*,00600,01000,3
416,B100000,00000,01000,X
416,E100001,00700,00000,SURGEON FEES
416,E100001,00800,00000,ADMIN FEES (KIDNEY PRESERVATION)
416,E100001,00900,00000,RESEARCH REVENUE
416,E100001,00901,00000,COST REPORT SETTLEMENT
416,S000000,00100,00100,X
416,S000000,00400,00100,2
416,S000000,00500,00100,11/02/2021
416,S000000,00600,00100,10001
416,S000000,00700,00100,N
416,S000000,00800,00100,N
416,S000000,00900,00100,03/27/2023
416,S000000,01000,00100,4
416,S000001,00100,00100,LIFE ALLIANCE ORGAN RECOVERY AGENCY
416,S000001,00100,00200,10P002
416,S000001,00101,00100,1951 NW 7TH AVE; SUITE 220
416,S000001,00102,00100,MIAMI
416,S000001,00102,00200,FL
416,S000001,00102,00300,33136
416,S000001,00200,00100,UNIVERSITY OF MIAMI - HISTO LAB
416,S000001,00200,00200,10HL02
416,S000001,00201,00100,1600 NW 10TH AVE; ROOM 8145
416,S000001,00202,00100,MIAMI
416,S000001,00202,00200,FL
416,S000001,00202,00300,33136
416,S000001,00300,00100,06/01/2020
416,S000001,00300,00200,05/31/2021
416,S000001,00400,00100,8
416,S000001,00400,00300,1
416,S000001,00400,00400,10/01/1978
416,S000001,00401,00100,8
416,S000001,00401,00300,2
416,S000001,00401,00400,10/01/1978
416,S000002,00100,00200,Y
416,S000002,00300,00100,DIRECTOR OF FINANCE  LAORA
416,S000002,00400,00100,11/01/2021
416,S100001,00700,00100,N
416,S100001,00810,00000,INTESTINE
416,S100002,00400,00100,ABO
416,S100002,00401,00100,B-25 (ALLO)
416,S100002,00402,00100,B-25 (AUTO)
416,S100002,00403,00100,B25-DTT (ALLO)
416,S100002,00404,00100,B25-DTT (AUTO)
416,S100002,00405,00100,B-FLOW XM (ALLO)
416,S100002,00406,00100,B-FLOW XM (AUTO)
416,S100002,00407,00100,CF-SO-NGS
416,S100002,00408,00100,CF-SO-SSOP
416,S100002,00409,00100,ENDO XM (ALLO)
416,S100002,00410,00100,LUMINEX SCREEN
416,S100002,00411,00100,RHO
416,S100002,00412,00100,SA CLS I & II
416,S100002,00413,00100,SO-SSOP
416,S100002,00414,00100,T-25 (ALLO)
416,S100002,00415,00100,T-25 (AUTO)
416,S100002,00416,00100,T25-DTT (ALLO)
416,S100002,00417,00100,T25-DTT (AUTO)
416,S100002,00418,00100,T-FLOW XM (ALLO)
416,S100002,00419,00100,T-FLOW XM (AUTO)
416,S100002,00420,00100,VIRTUAL XM
416,S100003,00100,00100,MEDICAL DIRECTOR
416,S100003,00100,00300,MEDICAL DIRECTOR
416,S100003,00100,00500,LAB DIRECTOR
416,S100003,00101,00100,EXEC. DIRECTOR
416,S100003,00101,00300,PROCUREMENT COORDINATOR
416,S100003,00101,00500,TECHNICIANS
416,S100003,00102,00100,CLERICAL
416,S100003,00102,00300,PRESERVATION TECHNICIANS
416,S100003,00102,00500,TISSUE TYPING TECH.
416,S100003,00103,00100,OTHER
416,S100003,00103,00300,OTHER
416,S100003,00103,00500,OTHER
416,S200000,00100,00100,N
416,S200000,00200,00100,N
416,S200000,00300,00100,Y
416,S200000,00400,00100,Y
416,S200000,00400,00200,A
416,S200000,00500,00100,Y
416,S200000,00600,00300,EXECUTIVE DIR OF REIMBURSEMENT
416,S200000,00700,00100,UNIVERSITY OF MIAMI HEALTH SYSTEM
417,A000000,00100,00000,0100CAPITAL COSTS-BLDG & FIXT
417,A000000,00200,00000,0200CAPITAL COSTS-MVBLE EQUIPMENT
417,A000000,00300,00000,0300EMPLOYEE BENEFITS
417,A000000,00400,00000,0400ADMINISTRATIVE & GENERAL
417,A000000,00500,00000,0500OPERATION AND MAINTENANCE OF PLANT
417,A000000,00600,00000,0600HOUSEKEEPING
417,A000000,00700,00000,0700MEDICAL SUPPLIES
417,A000000,00800,00000,0800OTHER OVERHEAD
417,A000000,00900,00000,0900PROCUREMENT COORDINATORS
417,A000000,01000,00000,1000PROFESSIONAL EDUCATION
417,A000000,01100,00000,1100PUBLIC EDUCATION
417,A000000,01300,00000,1300KIDNEY ACQUISITIONS
417,A000000,01400,00000,1400TISSUE TYPING LABORATORY
417,A000000,01500,00000,1500LIVER ACQUISITIONS
417,A000000,01600,00000,1600HEART ACQUISITIONS
417,A000000,01700,00000,1700PANCREAS ACQUISITIONS
417,A000000,01800,00000,1800LUNG ACQUISITIONS
417,A000000,01900,00000,1900OTHER 1            (WKST A2 6 L 23
417,A000000,02100,00000,2100RESEARCH
417,A000000,02200,00000,2200BLOOD BANK
417,A000000,02300,00000,2300LABORATORY-NON-TISSUE TYPING
417,A000000,02400,00000,2400DIALYSIS UNITS
417,A100000,01700,00000,OTHER ADMIN & GENERAL
417,A300000,00600,00000,EQUIPMENT
417,A300000,00700,00000,SUPPLIES
417,A300000,00800,00000,OTHER
417,A300000,00900,00000,DONOR TISSUE TYPING
417,A51000A,00100,00100,Y
417,A51000B,00100,00200,ADMINISTRATIVE & GENERAL
417,A51000C,00100,00100,B
417,A51000C,00100,00200,TRANSPLANT IMMUNOLOGY LAB
417,A51000C,00100,00400,LIFELINK FOUNDATION
417,A51000C,00100,00600,TISSUE TYPING
417,A60000C,00500,00100,N
417,B10000*,00100,00200,CAP BLDG
417,B10000*,00100,00300,CAP COSTS
417,B10000*,00100,00400,EMPLOYEE
417,B10000*,00100,00500,MEDICAL
417,B10000*,00100,00800,ORGAN
417,B10000*,00100,01000,ADMIN &
417,B10000*,00200,00200,OP PLANT &
417,B10000*,00200,00300,MOVABLE
417,B10000*,00200,00400,BENEFITS
417,B10000*,00200,00500,SUPPLIES
417,B10000*,00200,00800,ACQUISITN
417,B10000*,00200,01000,GENERAL
417,B10000*,00300,00200,HOUSEKEEP
417,B10000*,00300,00300,EQUIPMENT
417,B10000*,00300,00800,COSTS
417,B10000*,00400,00200,SQUARE SQ.
417,B10000*,00400,00300,DOLLAR
417,B10000*,00400,00400,ADJUST
417,B10000*,00400,00500,COSTED REQ
417,B10000*,00400,00800,NO. OF ORG
417,B10000*,00400,01000,ACCUM
417,B10000*,00500,00200,FT.)
417,B10000*,00500,00300,VALUE
417,B10000*,00500,00400,SALARIES
417,B10000*,00500,00500,UIS
417,B10000*,00500,00800,ANS
417,B10000*,00500,01000,COSTS
417,B10000*,00600,00200,1
417,B10000*,00600,00300,2
417,B10000*,00600,00400,3
417,B10000*,00600,00500,3
417,B10000*,00600,00800,3
417,B10000*,00600,01000,3
417,B100000,00000,01000,X
417,E000000,00900,00000,OTHER CURRENT ASSETS
417,E000000,02600,00000,OTHER FIXED ASSETS
417,E100002,00300,00000,HOME OFFICE
417,E200000,02600,00000,MEDICARE PAYABLE
417,S000000,00100,00100,X
417,S000000,00400,00100,2
417,S000000,00500,00100,11/18/2021
417,S000000,00600,00100,10001
417,S000000,00700,00100,N
417,S000000,00800,00100,N
417,S000000,00900,00100,04/06/2023
417,S000000,01000,00100,4
417,S000001,00100,00100,LIFELINK TRANSPLANT IMMUNOLOGY LAB
417,S000001,00100,00200,10HL01
417,S000001,00101,00100,9661 DELANEY CREEK BOULEVARD
417,S000001,00102,00100,TAMPA
417,S000001,00102,00200,FL
417,S000001,00102,00300,33619
417,S000001,00300,00100,07/01/2020
417,S000001,00300,00200,06/30/2021
417,S000001,00400,00100,6
417,S000001,00400,00300,2
417,S000001,00400,00400,10/01/1999
417,S000001,00401,00300,2
417,S000002,00100,00200,Y
417,S000002,00300,00100,SR VP/CFO
417,S000002,00400,00100,11/17/2021
417,S100001,00700,00100,N
417,S100001,00810,00000,OTHER
417,S100002,00400,00100,ABO & RH
417,S100002,00401,00100,AFTER HOURS STAT FEE
417,S100002,00402,00100,MAPS
417,S100002,00403,00100,FINAL CROSSMATCH - DECEASED DONOR
417,S100002,00404,00100,FINAL CROSSMATCH - LIVING RELATED
417,S100002,00405,00100,MOLECULAR HLA A B C DR DQ DP TYPING
417,S100002,00406,00100,HLA DECEASED DONOR TYPING-SHARED
417,S100002,00407,00100,HLA DR
417,S100002,00408,00100,PRELIMINARY EXTENSIVE CROSSMATCH
417,S100002,00409,00100,SPECIAL ANTIBODY CHARACTERIZATION I
417,S100002,00410,00100,SPECIAL ANTIBODY CHARACTERIZATIONII
417,S100002,00411,00100,INFECT DISEASE TEST INDIVID EIA ASSA
417,S100002,00412,00100,STAT FEE
417,S100002,00413,00100,C1Q CLASS II ANTIBODY IDENTIF
417,S100002,00414,00100,SUPPLEMENTAL CLASS II ANTIBODY IDEN
417,S100002,00415,00100,OUT OF COUNTRY MAILER
417,S100002,00416,00100,AT1R
417,S100002,00417,00100,CLASS I AND II ANTIBODY SCREENING
417,S100002,00418,00100,CLASS I ANITBODY-LUMINEX SIN
417,S100002,00419,00100,CLASS II ANTIBODY-LUNIMEX SI
417,S100002,00420,00100,DECEASED DONOR CELL STORAGE
417,S100002,00421,00100,HLA CLASS I/II ANTIBODY SCREENING
417,S100002,00422,00100,SERUM SAMPLE STORAGE AND PROCESSING
417,S100002,00423,00100,SUPPLEMENTAL CLASS I ANTIBODY
417,S100002,00424,00100,C1Q CLASS I ANTIBODY IDENTIF
417,S100002,00425,00100,AT 1R DILUTION
417,S100002,00426,00100,FINAL X MATCH DECEASED DONOR
417,S100002,00427,00100,FINAL X MATCH LIVING RELATED
417,S100002,00428,00100,MAILER KIT OUT OF COUNTRY
417,S100002,00429,00100,AAB
417,S100003,00100,00100,MEDICAL DIRECTOR
417,S100003,00100,00300,MEDICAL DIRECTOR
417,S100003,00100,00500,LAB DIRECTOR
417,S100003,00101,00100,EXEC. DIRECTOR
417,S100003,00101,00300,PROCUREMENT COORDINATOR
417,S100003,00101,00500,TECHNICIANS
417,S100003,00102,00100,CLERICAL
417,S100003,00102,00300,PRESERVATION TECHNICIANS
417,S100003,00102,00500,TISSUE TYPING TECH.
417,S100003,00103,00100,OTHER
417,S100003,00103,00300,OTHER
417,S100003,00103,00500,OTHER
417,S200000,00100,00100,N
417,S200000,00200,00100,N
417,S200000,00300,00100,Y
417,S200000,00400,00100,Y
417,S200000,00400,00200,A
417,S200000,00500,00100,Y
417,S200000,00600,00300,CFO
417,S200000,00700,00100,LIFELINK FOUNDATION
418,A000000,00100,00000,0100CAPITAL COSTS-BLDG & FIXT
418,A000000,00200,00000,0200CAPITAL COSTS-MVBLE EQUIPMENT
418,A000000,00300,00000,0300EMPLOYEE BENEFITS
418,A000000,00400,00000,0400ADMINISTRATIVE & GENERAL
418,A000000,00500,00000,0500OPERATION AND MAINTENANCE OF PLANT
418,A000000,00600,00000,0600HOUSEKEEPING
418,A000000,00700,00000,0700MEDICAL SUPPLIES
418,A000000,00800,00000,0800OTHER OVERHEAD
418,A000000,00900,00000,0900PROCUREMENT COORDINATORS
418,A000000,01000,00000,1000PROFESSIONAL EDUCATION
418,A000000,01100,00000,1100PUBLIC EDUCATION
418,A000000,01200,00000,1200OTHER ACQUISITION
418,A000000,01300,00000,1300KIDNEY ACQUISITIONS
418,A000000,01400,00000,1400TISSUE TYPING LABORATORY
418,A000000,01500,00000,1500LIVER ACQUISITIONS
418,A000000,01600,00000,1600HEART ACQUISITIONS
418,A000000,01700,00000,1700PANCREAS ACQUISITIONS
418,A000000,01800,00000,1800LUNG ACQUISITIONS
418,A000000,01900,00000,1900OTHER ACQUISITIONS
418,A000000,02100,00000,2100RESEARCH
418,A000000,02200,00000,2200BLOOD BANK
418,A000000,02300,00000,2300LABORATORY-NON-TISSUE TYPING
418,A000000,02400,00000,2400DIALYSIS UNITS
418,A000000,02500,00000,2500OTHER NON-REIMBURSABLE
418,A100000,01700,00000,OTHER ADMIN AND GENERAL
418,A20H000,00900,00000,OTHER EXCISION HOSPITAL-OTHER COSTS
418,A20H000,02100,00000,OTHER ACQUISITION COSTS -OTHER COSTS
418,A20K000,00900,00000,OTHER EXCISION HOSPITAL OTHER COSTS
418,A20K000,02100,00000,OTHER AQUISITION COSTS
418,A20L000,00900,00000,OTHER EXCISION HOSPITAL-OTHER COSTS
418,A20L000,02100,00000,OTHER ACQUISITION COSTS -OTHER COSTS
418,A20O000,00900,00000,OTHER EXCISION HOSPITAL-OTHER COSTS
418,A20O000,02100,00000,OTHER ACQUISITION COSTS -OTHER COSTS
418,A20P000,00900,00000,OTHER EXCISION HOSPITAL-OTHER COSTS
418,A20P000,02100,00000,OTHER ACQUISITION COSTS -OTHER COSTS
418,A20U000,00900,00000,OTHER EXCISION HOSPITAL-OTHER COSTS
418,A20U000,02100,00000,OTHER ACQUISITION COSTS-OTHER COSTS
418,A51000A,00100,00100,Y
418,A51000B,00100,00200,ADMINISTRATIVE & GENERAL
418,A51000C,00400,00000,OTHER
418,A51000C,00400,00100,G
418,A51000C,00400,00200,OTHER
418,A51000C,10000,00200,OTHER
418,B10000*,00100,00200,CAP BLDG
418,B10000*,00100,00300,CAP COSTS
418,B10000*,00100,00400,EMPLOYEE
418,B10000*,00100,00500,MEDICAL
418,B10000*,00100,00800,ORGAN
418,B10000*,00100,01000,ADMIN &
418,B10000*,00200,00200,OP PLANT &
418,B10000*,00200,00300,MOVABLE
418,B10000*,00200,00400,BENEFITS
418,B10000*,00200,00500,SUPPLIES
418,B10000*,00200,00800,ACQUISITN
418,B10000*,00200,01000,GENERAL
418,B10000*,00300,00200,HOUSEKEEP
418,B10000*,00300,00300,EQUIPMENT
418,B10000*,00300,00800,COSTS
418,B10000*,00400,00200,SQUARE
418,B10000*,00400,00300,DOLLAR
418,B10000*,00400,00400,ADJUST
418,B10000*,00400,00500,COSTED
418,B10000*,00400,00800,NUMBER
418,B10000*,00400,01000,ACCUM
418,B10000*,00500,00200,FEET
418,B10000*,00500,00300,VALUE
418,B10000*,00500,00400,SALARIES
418,B10000*,00500,00500,REQUISIT
418,B10000*,00500,00800,ORGANS
418,B10000*,00500,01000,COSTS
418,B10000*,00600,00200,1
418,B10000*,00600,00300,2
418,B10000*,00600,00400,3
418,B10000*,00600,00500,3
418,B10000*,00600,00800,3
418,B10000*,00600,01000,3
418,B100000,00000,01000,X
418,E100002,00300,00000,HOME OFFICE
418,E200000,02000,00000,OUT OF SERVICE AREA FEES
418,E200000,02100,00000,RECEVI LESS SEQUESTRATION
418,E200000,02600,00000,NON-ALLOW EXPENSES
418,E200000,02700,00000,MEDICARE PAYABLE
418,S000000,00100,00100,X
418,S000000,00400,00100,2
418,S000000,00500,00100,11/18/2021
418,S000000,00600,00100,10001
418,S000000,00700,00100,N
418,S000000,00800,00100,N
418,S000000,00900,00100,04/06/2023
418,S000000,01000,00100,4
418,S000001,00100,00100,LIFELINK OF FLORIDA
418,S000001,00100,00200,10P001
418,S000001,00101,00100,9661 DELANEY CREEK BLVD
418,S000001,00102,00100,TAMPA
418,S000001,00102,00200,FL
418,S000001,00102,00300,33619
418,S000001,00300,00100,07/01/2020
418,S000001,00300,00200,06/30/2021
418,S000001,00400,00100,6
418,S000001,00400,00300,1
418,S000001,00400,00400,10/01/1999
418,S000001,00401,00300,1
418,S000002,00100,00200,Y
418,S000002,00300,00100,CFO/ SR VP
418,S000002,00400,00100,11/17/2021
418,S100001,00700,00100,N
418,S100001,00810,00000,INTESTINE
418,S100003,00100,00100,MEDICAL DIRECTOR
418,S100003,00100,00300,MEDICAL DIRECTOR
418,S100003,00100,00500,LAB DIRECTOR
418,S100003,00101,00100,EXEC. DIRECTOR
418,S100003,00101,00300,PROCUREMENT COORDINATOR
418,S100003,00101,00500,TECHNICIANS
418,S100003,00102,00100,CLERICAL
418,S100003,00102,00300,PRESERVATION TECHNICIANS
418,S100003,00102,00500,TISSUE TYPING TECH.
418,S100003,00103,00100,OTHER
418,S100003,00103,00300,OTHER
418,S100003,00103,00500,OTHER
418,S200000,00100,00100,N
418,S200000,00200,00100,N
418,S200000,00300,00100,Y
418,S200000,00400,00100,Y
418,S200000,00400,00200,A
418,S200000,00500,00100,Y
418,S200000,00600,00300,CFO
418,S200000,00700,00100,LIFELINK FOUNDATION
419,A000000,00100,00000,0100CAPITAL COSTS-BLDG & FIXT
419,A000000,00200,00000,0200CAPITAL COSTS-MVBLE EQUIPMENT
419,A000000,00300,00000,0300EMPLOYEE BENEFITS
419,A000000,00400,00000,0400ADMINISTRATIVE & GENERAL
419,A000000,00500,00000,0500OPERATION AND MAINTENANCE OF PLANT
419,A000000,00600,00000,0600HOUSEKEEPING
419,A000000,00700,00000,0700MEDICAL SUPPLIES
419,A000000,00800,00000,0800OTHER OVERHEAD
419,A000000,00900,00000,0900PROCUREMENT COORDINATORS
419,A000000,01000,00000,1000PROFESSIONAL EDUCATION
419,A000000,01100,00000,1100PUBLIC EDUCATION
419,A000000,01300,00000,1300KIDNEY ACQUISITIONS
419,A000000,01400,00000,1400TISSUE TYPING LABORATORY
419,A000000,01500,00000,1500LIVER ACQUISITIONS
419,A000000,01600,00000,1600HEART ACQUISITIONS
419,A000000,01700,00000,1700PANCREAS ACQUISITIONS
419,A000000,01800,00000,1800LUNG ACQUISITIONS
419,A000000,01900,00000,1900OTHER 1          S 2
419,A000000,02100,00000,2100RESEARCH
419,A000000,02200,00000,2200BLOOD BANK
419,A000000,02300,00000,2300LABORATORY-NON-TISSUE TYPING
419,A000000,02400,00000,2400DIALYSIS UNITS
419,A100000,01700,00000,OTHER ADMIN & GENERAL
419,A20H000,00900,00000,OTHER EXCISION HOSPITAL-OTHER COSTS
419,A20H000,02100,00000,OTHER ACQUISITION COSTS-OTHER COSTS
419,A20K000,00900,00000,OTHER EXCISION HOSPITALOTHER COSTS
419,A20K000,02100,00000,OTHER ACQUISITION COSTS-OTHER COSTS
419,A20L000,00900,00000,OTHER EXCISION HOSPITAL-OTHER COSTS
419,A20L000,02100,00000,OTHER ACQUISITION COSTS-OTHER COSTS
419,A20O000,00900,00000,OTHER EXCISION HOSPITAL-OTHER COSTS
419,A20O000,02100,00000,OTHER ACQUISITION COSTS-OTHER COSTS
419,A20P000,00900,00000,OTHER EXCISION HOSPITALOTHER COSTS
419,A20P000,02100,00000,OTHER ACQUISITION COSTS-OTHER COSTS
419,A20U000,00900,00000,OTHER EXCISION HOSPITAL-OTHER COSTS
419,A20U000,02100,00000,OTHER ACQUISTION COSTS-OTHER COSTS
419,A51000A,00100,00100,Y
419,A51000B,00100,00200,ADMINISTRATIVE & GENERAL
419,A51000C,00100,00100,B
419,A51000C,00100,00200,LIFELINK OF GEORGIA
419,A51000C,00100,00400,LIFELINK FOUNDATION
419,A51000C,00100,00600,ORGAN PROCUREMENT
419,A60000C,00500,00100,N
419,B10000*,00100,00200,CAP BLDG
419,B10000*,00100,00300,CAP COSTS
419,B10000*,00100,00400,EMPLOYEE
419,B10000*,00100,00500,MEDICAL
419,B10000*,00100,00800,ORGAN
419,B10000*,00100,01000,ADMIN &
419,B10000*,00200,00200,OP PLANT &
419,B10000*,00200,00300,MOVABLE
419,B10000*,00200,00400,BENEFITS
419,B10000*,00200,00500,SUPPLIES
419,B10000*,00200,00800,ACQUISITN
419,B10000*,00200,01000,GENERAL
419,B10000*,00300,00200,HOUSEKEEP
419,B10000*,00300,00300,EQUIPMENT
419,B10000*,00300,00800,COSTS
419,B10000*,00400,00200,SQUARE SQ.
419,B10000*,00400,00300,DOLLAR
419,B10000*,00400,00400,ADJUST
419,B10000*,00400,00500,COSTED REQ
419,B10000*,00400,00800,NO. OF ORG
419,B10000*,00400,01000,ACCUM
419,B10000*,00500,00200,FT.)
419,B10000*,00500,00300,VALUE
419,B10000*,00500,00400,SALARIES
419,B10000*,00500,00500,UIS
419,B10000*,00500,00800,ANS
419,B10000*,00500,01000,COSTS
419,B10000*,00600,00200,1
419,B10000*,00600,00300,2
419,B10000*,00600,00400,3
419,B10000*,00600,00500,3
419,B10000*,00600,00800,3
419,B10000*,00600,01000,3
419,B100000,00000,01000,X
419,E000000,00900,00000,OTHER CURRENT ASSETS
419,E000000,02600,00000,OTHER FIXED ASSETS
419,E100002,00400,00000,HOME OFFICE
419,E200000,01500,00000,OUT OF SERVICE AREA FEES
419,E200000,02000,00000,MEDICARE RECEIVABLE NET OF SEQUEST
419,E200000,02600,00000,MEDICARE PAYABLE
419,E200000,02700,00000,NON-ALLOWABLE COSTS
419,S000000,00100,00100,X
419,S000000,00400,00100,2
419,S000000,00500,00100,11/18/2021
419,S000000,00600,00100,10001
419,S000000,00700,00100,N
419,S000000,00800,00100,N
419,S000000,00900,00100,04/06/2023
419,S000000,01000,00100,4
419,S000001,00100,00100,LIFELINK OF GEORGIA
419,S000001,00100,00200,11P002
419,S000001,00101,00100,2875 NORTHWOODS PARKWAY
419,S000001,00102,00100,NORCROSS
419,S000001,00102,00200,GA
419,S000001,00102,00300,30071
419,S000001,00300,00100,07/01/2020
419,S000001,00300,00200,06/30/2021
419,S000001,00400,00100,6
419,S000001,00400,00300,1
419,S000001,00400,00400,10/01/1999
419,S000001,00401,00300,1
419,S000002,00100,00200,Y
419,S000002,00300,00100,CFO/VP
419,S000002,00400,00100,11/17/2021
419,S100001,00700,00100,N
419,S100001,00810,00000,INTESTINE
419,S100003,00100,00100,MEDICAL DIRECTOR
419,S100003,00100,00300,MEDICAL DIRECTOR
419,S100003,00100,00500,LAB DIRECTOR
419,S100003,00101,00100,EXEC. DIRECTOR
419,S100003,00101,00300,PROCUREMENT COORDINATOR
419,S100003,00101,00500,TECHNICIANS
419,S100003,00102,00100,CLERICAL
419,S100003,00102,00300,PRESERVATION TECHNICIANS
419,S100003,00102,00500,TISSUE TYPING TECH.
419,S100003,00103,00100,OTHER
419,S100003,00103,00300,OTHER
419,S100003,00103,00500,OTHER
419,S200000,00100,00100,N
419,S200000,00200,00100,N
419,S200000,00300,00100,Y
419,S200000,00400,00100,Y
419,S200000,00400,00200,A
419,S200000,00500,00100,Y
419,S200000,00600,00300,CFO
419,S200000,00700,00100,LIFELINK FOUNDATION
422,A000000,00100,00000,0100CAPITAL COSTS-BLDG & FIXT
422,A000000,00200,00000,0200CAPITAL COSTS-MVBLE EQUIPMENT
422,A000000,00300,00000,0300EMPLOYEE BENEFITS
422,A000000,00400,00000,0400ADMINISTRATIVE & GENERAL
422,A000000,00500,00000,0500OPERATION AND MAINTENANCE OF PLANT
422,A000000,00600,00000,0600HOUSEKEEPING
422,A000000,00700,00000,0700MEDICAL SUPPLIES
422,A000000,00800,00000,0800OTHER OVERHEAD
422,A000000,00900,00000,0900PROCUREMENT COORDINATORS
422,A000000,01000,00000,1000PROFESSIONAL EDUCATION
422,A000000,01100,00000,1100PUBLIC EDUCATION
422,A000000,01300,00000,1300KIDNEY ACQUISITIONS
422,A000000,01400,00000,1400TISSUE TYPING LABORATORY
422,A000000,01500,00000,1500LIVER ACQUISITIONS
422,A000000,01600,00000,1600HEART ACQUISITIONS
422,A000000,01700,00000,1700PANCREAS ACQUISITIONS
422,A000000,01800,00000,1800LUNG ACQUISITIONS
422,A000000,01900,00000,1900OTHER 1            (WKST A2 6 L 23
422,A000000,02100,00000,2100RESEARCH
422,A000000,02200,00000,2200BLOOD BANK
422,A000000,02300,00000,2300LABORATORY-NON-TISSUE TYPING
422,A000000,02400,00000,2400DIALYSIS UNITS
422,A100000,01700,00000,OTHER ADMIN & GENERAL
422,A20H000,00900,00000,OTHER EXCISION HOSPITAL-OTHER COSTS
422,A20H000,02100,00000,OTHER ACQUISITION COSTS-OTHER COSTS
422,A20K000,00900,00000,OTHER EXCISION HOSPITAL OTHER COSTS
422,A20K000,02100,00000,OTHER ACQUISITION COSTS-OTHER COSTS
422,A20L000,00900,00000,OTHER EXCISION HOSPITAL -OTHER COSTS
422,A20L000,02100,00000,OTHER ACQUISITION COSTS-OTHER COSTS
422,A20O000,02100,00000,OTHER ACQUISITION COSTS-OTHER COSTS
422,A20P000,00900,00000,OTHER EXCISION HOSPITAL OTHER COSTS
422,A20P000,02100,00000,OTHER ACQUISTION COSTS-OTHER COSTS
422,A20U000,00900,00000,OTHER EXCISION HOSPITALOTHER COSTS
422,A20U000,02100,00000,OTHER ACQUISITION COSTS-OTHER COSTS
422,A51000A,00100,00100,Y
422,A51000B,00100,00200,ADMINISTRATIVE & GENERAL
422,A51000C,00100,00100,B
422,A51000C,00100,00200,LIFELINK OF PUERTO RICO
422,A51000C,00100,00400,LIFELINK FOUNDATION
422,A51000C,00100,00600,ORGAN PROCUREMENT
422,A60000C,00500,00100,N
422,B10000*,00100,00200,CAP BLDG
422,B10000*,00100,00300,CAP COSTS
422,B10000*,00100,00400,EMPLOYEE
422,B10000*,00100,00500,MEDICAL
422,B10000*,00100,00800,ORGAN
422,B10000*,00100,01000,ADMIN &
422,B10000*,00200,00200,OP PLANT &
422,B10000*,00200,00300,MOVABLE
422,B10000*,00200,00400,BENEFITS
422,B10000*,00200,00500,SUPPLIES
422,B10000*,00200,00800,ACQUISITN
422,B10000*,00200,01000,GENERAL
422,B10000*,00300,00200,HOUSEKEEP
422,B10000*,00300,00300,EQUIPMENT
422,B10000*,00300,00800,COSTS
422,B10000*,00400,00200,SQUARE SQ.
422,B10000*,00400,00300,DOLLAR
422,B10000*,00400,00400,ADJUST
422,B10000*,00400,00500,COSTED REQ
422,B10000*,00400,00800,NO. OF ORG
422,B10000*,00400,01000,ACCUM
422,B10000*,00500,00200,FT.)
422,B10000*,00500,00300,VALUE
422,B10000*,00500,00400,SALARIES
422,B10000*,00500,00500,UIS
422,B10000*,00500,00800,ANS
422,B10000*,00500,01000,COSTS
422,B10000*,00600,00200,1
422,B10000*,00600,00300,2
422,B10000*,00600,00400,3
422,B10000*,00600,00500,3
422,B10000*,00600,00800,3
422,B10000*,00600,01000,3
422,B100000,00000,01000,X
422,E000000,00900,00000,OTHER CURRENT ASSETS
422,E000000,02600,00000,OTHER FIXED ASSETS
422,E100002,00300,00000,HOME OFFICE
422,E200000,01500,00000,OUT OF SERVICE AREA FEES
422,E200000,01600,00000,MEDICARE RECIEVABLE
422,E200000,02600,00000,NON-ALLOWABLE EXPENSES
422,E200000,02700,00000,MEDICARE PAYABLE
422,S000000,00100,00100,X
422,S000000,00400,00100,2
422,S000000,00500,00100,11/18/2021
422,S000000,00600,00100,10001
422,S000000,00700,00100,N
422,S000000,00800,00100,N
422,S000000,00900,00100,04/06/2023
422,S000000,01000,00100,4
422,S000001,00100,00100,LIFELINK OF PUERTO RICO
422,S000001,00100,00200,40P002
422,S000001,00101,00100,METRO OFFICE PARK 1 CALLE1  STE 100
422,S000001,00102,00100,GUAYNABO
422,S000001,00102,00200,PR
422,S000001,00102,00300,00968
422,S000001,00300,00100,07/01/2020
422,S000001,00300,00200,06/30/2021
422,S000001,00400,00100,6
422,S000001,00400,00300,1
422,S000001,00400,00400,10/01/1999
422,S000001,00401,00300,1
422,S000002,00100,00200,Y
422,S000002,00300,00100,CFO/SR VP
422,S000002,00400,00100,11/17/2021
422,S100001,00700,00100,N
422,S100001,00810,00000,INTESTINE
422,S100003,00100,00100,MEDICAL DIRECTOR
422,S100003,00100,00300,MEDICAL DIRECTOR
422,S100003,00100,00500,LAB DIRECTOR
422,S100003,00101,00100,EXEC. DIRECTOR
422,S100003,00101,00300,PROCUREMENT COORDINATOR
422,S100003,00101,00500,TECHNICIANS
422,S100003,00102,00100,CLERICAL
422,S100003,00102,00300,PRESERVATION TECHNICIANS
422,S100003,00102,00500,TISSUE TYPING TECH.
422,S100003,00103,00100,OTHER
422,S100003,00103,00300,OTHER
422,S100003,00103,00500,OTHER
422,S200000,00100,00100,N
422,S200000,00200,00100,N
422,S200000,00300,00100,Y
422,S200000,00400,00100,Y
422,S200000,00400,00200,A
422,S200000,00500,00100,Y
422,S200000,00600,00300,SR VP/CFO
422,S200000,00700,00100,LIFELINK FOUNDATION
423,A000000,00100,00000,0100CAPITAL COSTS-BLDG & FIXT
423,A000000,00200,00000,0200CAPITAL COSTS-MVBLE EQUIPMENT
423,A000000,00300,00000,0300EMPLOYEE BENEFITS
423,A000000,00400,00000,0400ADMINISTRATIVE & GENERAL
423,A000000,00500,00000,0500OPERATION AND MAINTENANCE OF PLANT
423,A000000,00600,00000,0600HOUSEKEEPING
423,A000000,00700,00000,0700MEDICAL SUPPLIES
423,A000000,00800,00000,0800OTHER OVERHEAD
423,A000000,00900,00000,0900PROCUREMENT COORDINATORS
423,A000000,01000,00000,1000PROFESSIONAL EDUCATION
423,A000000,01100,00000,1100PUBLIC EDUCATION
423,A000000,01200,00000,1200OTHER ACQUISITION
423,A000000,01300,00000,1300KIDNEY ACQUISITIONS
423,A000000,01400,00000,1400TISSUE TYPING LABORATORY
423,A000000,01500,00000,1500LIVER ACQUISITIONS
423,A000000,01600,00000,1600HEART ACQUISITIONS
423,A000000,01700,00000,1700PANCREAS ACQUISITIONS
423,A000000,01800,00000,1800LUNG ACQUISITIONS
423,A000000,01900,00000,1900OTHER ACQUISITION  (WKST A2 6 L 23
423,A000000,01901,00000,1901OTHER ACQUISITIONS 2
423,A000000,01902,00000,1902OTHER ACQUISITIONS 3
423,A000000,01903,00000,1903OTHER ACQUISITIONS 4
423,A000000,02100,00000,2100RESEARCH
423,A000000,02200,00000,2200BLOOD BANK
423,A000000,02300,00000,2300LABORATORY-NON-TISSUE TYPING
423,A000000,02400,00000,2400DIALYSIS UNITS
423,A000000,02500,00000,2500OTHER NON-REIMBURSABLE
423,A100000,01700,00000,DUES & SUBSCRIPTIONS
423,A100000,01800,00000,OPERATION & MAINTENANCE
423,A100000,01900,00000,NON-CAPITAL EQUIPMENT
423,A20O000,02100,00000,OTHER ACQUISITIONS 1
423,A20O001,02100,00000,OTHER ACQUISITIONS 2
423,A20O002,02100,00000,OTHER ACQUISITIONS 3
423,A20O003,02100,00000,OTHER ACQUISITIONS 4
423,A300000,00600,00000,TISSUE TYPING SUPPLIES
423,A300000,00700,00000,CONTRACT LABOR/MEDICAL SERVICES
423,A300000,00800,00000,STUDY SUBJECTS/BAD DEBTS
423,A400010,00100,00000,EQUIPMENT RENTAL
423,A400010,00100,00100,A
423,A400010,00100,00200,CAPITAL COSTS-MVBLE EQUIPMENT
423,A400010,00100,00500,ADMINISTRATIVE & GENERAL
423,A500010,00200,00100,B
423,A500010,00200,00300,ADMINISTRATIVE & GENERAL
423,A500010,01400,00100,A
423,A500010,01400,00300,CAPITAL COSTS-MVBLE EQUIPMENT
423,A500010,01500,00000,LEASE PURCHASE
423,A500010,01500,00100,A
423,A500010,01500,00300,CAPITAL COSTS-MVBLE EQUIPMENT
423,A500010,01502,00000,CAPITALIZED EQUIPMENT
423,A500010,01502,00100,A
423,A500010,01502,00300,CAPITAL COSTS-MVBLE EQUIPMENT
423,A500010,01600,00000,PART B COST RECOVERY
423,A500010,01600,00100,B
423,A500010,01600,00300,TISSUE TYPING LABORATORY
423,A51000A,00100,00100,N
423,A60000A,00700,00000,7    PRIOR PERIOD ADJ.
423,A60000C,00500,00100,N
423,B10000*,00100,00200,CAP BLDG
423,B10000*,00100,00300,CAP COSTS
423,B10000*,00100,00400,EMPLOYEE
423,B10000*,00100,00500,MEDICAL
423,B10000*,00100,00800,ORGAN
423,B10000*,00100,01000,ADMIN &
423,B10000*,00200,00200,OP PLANT &
423,B10000*,00200,00300,MOVABLE
423,B10000*,00200,00400,BENEFITS
423,B10000*,00200,00500,SUPPLIES
423,B10000*,00200,00800,ACQUISITN
423,B10000*,00200,01000,GENERAL
423,B10000*,00300,00200,HOUSEKEEP
423,B10000*,00300,00300,EQUIPMENT
423,B10000*,00300,00800,COSTS
423,B10000*,00400,00200,SQUARE SQ.
423,B10000*,00400,00300,DOLLAR
423,B10000*,00400,00400,ADJUST
423,B10000*,00400,00500,COSTED REQ
423,B10000*,00400,00800,NO. OF ORG
423,B10000*,00400,01000,ACCUM
423,B10000*,00500,00200,FT.
423,B10000*,00500,00300,VALUE
423,B10000*,00500,00400,SALARIES
423,B10000*,00500,00500,UIS
423,B10000*,00500,00800,ANS
423,B10000*,00500,01000,COSTS
423,B10000*,00600,00200,1
423,B10000*,00600,00300,2
423,B10000*,00600,00400,3
423,B10000*,00600,00500,3
423,B10000*,00600,00800,3
423,B10000*,00600,01000,3
423,B100000,00000,01000,X
423,E100002,00300,00000,VOLUNTARY TRANSFERS
423,E100002,00400,00000,TRANSFER OUT - PRINCIPAL
423,E100002,00500,00000,TRANSFER OUT - INTEREST
423,E100002,00900,00000,OTHER
423,S000000,00100,00100,X
423,S000000,00400,00100,2
423,S000000,00500,00100,11/24/2021
423,S000000,00600,00100,10001
423,S000000,00700,00100,N
423,S000000,00800,00100,N
423,S000000,00900,00100,04/19/2023
423,S000000,01000,00100,4
423,S000001,00100,00100,CLINIMMUNE LABS
423,S000001,00100,00200,06HL04
423,S000001,00101,00100,12705 E. MONTVIEW BLVD.  SUITE 250
423,S000001,00102,00100,AURORA
423,S000001,00102,00200,CO
423,S000001,00102,00300,80045
423,S000001,00300,00100,07/01/2020
423,S000001,00300,00200,06/30/2021
423,S000001,00400,00100,8
423,S000001,00400,00300,2
423,S000001,00400,00400,11/16/1987
423,S000001,00401,00300,1
423,S000002,00300,00100,EXECUTIVE DIRECTOR
423,S100001,00700,00100,N
423,S100001,00810,00000,OTHER
423,S100002,00400,00100,ABO BLOOD TYPING
423,S100002,00401,00100,VIRTUAL XM
423,S100002,00402,00100,DONOR CELL PREP
423,S100002,00403,00100,FINAL CROSSMATCH
423,S100002,00404,00100,PRA HIGH DEF CLASS I
423,S100002,00405,00100,PRA HIGH DEF CLASS II
423,S100002,00406,00100,PRA CRITICAL STAT 6HR
423,S100002,00407,00100,PRA STAT HIGH DEF 24HR
423,S100002,00408,00100,DRB1 DQB1 DPBA HR
423,S100002,00409,00100,PRELIMINARY CROSSMATCH
423,S100002,00410,00100,CYLEX T CELL IMMUNO ASSAY
423,S100002,00411,00100,DNA EXTRACT %2B HOLD
423,S100002,00412,00100,DRBI HR
423,S100002,00413,00100,DQB1 HR
423,S100002,00414,00100,DQBI LR
423,S100002,00415,00100,DRB1 LR
423,S100002,00416,00100,PRA  HIGH DEFINITION
423,S100002,00417,00100,NO SCREEN  SERUM STORAGE
423,S100002,00418,00100,A LR
423,S100002,00419,00100,B LR
423,S100002,00420,00100,B HR
423,S100002,00421,00100,C LR
423,S100002,00422,00100,DPB1
423,S100002,00423,00100,DRB3/4/5 LR
423,S100002,00424,00100,DRB3/4/5 HR
423,S100002,00425,00100,DQA1 LR
423,S100002,00426,00100,A B C DRB1/3/4/5  DQ LR
423,S100002,00427,00100,A B DR LR
423,S100002,00428,00100,PRA AB SCREEN
423,S100002,00429,00100,SHIPPING HANDLING REFERRAL TESTING
423,S100002,00430,00100,C HR
423,S100002,00431,00100,ABO-A SUBTYPING
423,S100002,00432,00100,A B C DR DQ HR
423,S100002,00433,00100,ANTI-A TITER
423,S100002,00434,00100,SERUM TRANSFER FOR ANTI-A TITER
423,S100003,00100,00100,MEDICAL DIRECTOR
423,S100003,00100,00300,MEDICAL DIRECTOR
423,S100003,00100,00500,LAB DIRECTOR
423,S100003,00101,00100,EXEC. DIRECTOR
423,S100003,00101,00300,PROCUREMENT COORDINATOR
423,S100003,00101,00500,TECHNICIANS
423,S100003,00102,00100,CLERICAL
423,S100003,00102,00300,PRESERVATION TECHNICIANS
423,S100003,00102,00500,TISSUE TYPING TECH.
423,S100003,00103,00100,OTHER
423,S100003,00103,00300,OTHER
423,S100003,00103,00500,OTHER
423,S200000,00100,00100,N
423,S200000,00200,00100,N
423,S200000,00300,00100,N
423,S200000,00400,00100,N
423,S200000,00500,00100,N
423,S200000,00600,00300,DIRECTOR
423,S200000,00700,00100,UNIV OF CO
424,A000000,00100,00000,0100CAPITAL COSTS-BLDG & FIXT
424,A000000,00200,00000,0200CAPITAL COSTS-MVBLE EQUIPMENT
424,A000000,00300,00000,0300EMPLOYEE BENEFITS
424,A000000,00400,00000,0400ADMINISTRATIVE & GENERAL
424,A000000,00500,00000,0500OPERATION AND MAINTENANCE OF PLANT
424,A000000,00600,00000,0600HOUSEKEEPING
424,A000000,00700,00000,0700MEDICAL SUPPLIES
424,A000000,00800,00000,0800OTHER OVERHEAD
424,A000000,00900,00000,0900PROCUREMENT COORDINATORS
424,A000000,01000,00000,1000PROFESSIONAL EDUCATION
424,A000000,01100,00000,1100PUBLIC EDUCATION
424,A000000,01200,00000,1200OTHER ACQUISITION
424,A000000,01300,00000,1300KIDNEY ACQUISITIONS
424,A000000,01400,00000,1400TISSUE TYPING LABORATORY
424,A000000,01500,00000,1500LIVER ACQUISITIONS
424,A000000,01600,00000,1600HEART ACQUISITIONS
424,A000000,01700,00000,1700PANCREAS ACQUISITIONS
424,A000000,01800,00000,1800LUNG ACQUISITIONS
424,A000000,01900,00000,1900OTHER ACQUISITIONS
424,A000000,02100,00000,2100RESEARCH
424,A000000,02200,00000,2200BLOOD BANK
424,A000000,02300,00000,2300LABORATORY-NON-TISSUE TYPING
424,A000000,02400,00000,2400DIALYSIS UNITS
424,A000000,02500,00000,2500OTHER NON-REIMBURSABLE
424,A100000,01700,00000,OTHER ADM &GENERAL
424,A100000,01800,00000,FACILITIES RENTALS
424,A100000,01900,00000,MANPOWER SERVICES
424,A100000,01901,00000,POSTAGE
424,A300000,00600,00000,MISC
424,A300000,00700,00000,LAB SUPPLIES
424,A300000,00800,00000,TRAVEL  MTG
424,A300000,00900,00000,INSTITUTION MEMBERSHIP
424,A500010,01500,00000,THER REVENUE
424,A500010,01500,00100,B
424,A500010,01500,00300,TISSUE TYPING LABORATORY
424,A51000A,00100,00100,N
424,A60000C,00500,00100,N
424,B10000*,00100,00200,CAP BLDG
424,B10000*,00100,00300,CAP COSTS
424,B10000*,00100,00400,EMPLOYEE
424,B10000*,00100,00500,MEDICAL
424,B10000*,00100,00800,ORGAN
424,B10000*,00100,01000,ADMIN &
424,B10000*,00200,00200,OP PLANT &
424,B10000*,00200,00300,MOVABLE
424,B10000*,00200,00400,BENEFITS
424,B10000*,00200,00500,SUPPLIES
424,B10000*,00200,00800,ACQUISITN
424,B10000*,00200,01000,GENERAL
424,B10000*,00300,00200,HOUSEKEEP
424,B10000*,00300,00300,EQUIPMENT
424,B10000*,00300,00800,COSTS
424,B10000*,00400,00200,SQUARE
424,B10000*,00400,00300,DOLLAR
424,B10000*,00400,00400,ADJUST
424,B10000*,00400,00500,COSTED
424,B10000*,00400,00800,NUMBER
424,B10000*,00400,01000,ACCUM
424,B10000*,00500,00200,FEET
424,B10000*,00500,00300,VALUE
424,B10000*,00500,00400,SALARIES
424,B10000*,00500,00500,REQUISIT
424,B10000*,00500,00800,ORGANS
424,B10000*,00500,01000,COSTS
424,B10000*,00600,00200,1
424,B10000*,00600,00300,2
424,B10000*,00600,00400,3
424,B10000*,00600,00500,3
424,B10000*,00600,00800,3
424,B10000*,00600,01000,3
424,B100000,00000,01000,X
424,E200000,02000,00000,DUE FROM MEDICARE
424,S000000,00100,00100,X
424,S000000,00400,00100,2
424,S000000,00500,00100,11/29/2021
424,S000000,00600,00100,10001
424,S000000,00700,00100,N
424,S000000,00800,00100,N
424,S000000,00900,00100,04/24/2023
424,S000000,01000,00100,4
424,S000001,00100,00100,MARYLAND REGIONAL TISSUE TYPING
424,S000001,00100,00200,21HL01
424,S000001,00101,00100,2041 EAST MONUMNET STREET
424,S000001,00102,00100,BALTIMORE
424,S000001,00102,00200,MD
424,S000001,00102,00300,21205
424,S000001,00300,00100,07/01/2020
424,S000001,00300,00200,06/30/2021
424,S000001,00400,00100,8
424,S000001,00400,00300,2
424,S000001,00400,00400,03/30/1979
424,S000001,00401,00300,1
424,S000002,00100,00200,Y
424,S000002,00300,00100,CHEIF FINANCIAL OFFICER
424,S000002,00400,00100,11/24/2021
424,S100001,00700,00100,N
424,S100001,00810,00000,OTHER
424,S100002,00400,00100,CLASS I TYPING
424,S100002,00401,00100,CLASS II TYPING
424,S100002,00402,00100,PRELIMINARY XM
424,S100002,00403,00100,T & B CELL CROSSMATCH
424,S100002,00404,00100,HLA ANTIBODY SCREEN- CLASS I
424,S100002,00405,00100,HLA ANTIBODY SCREEN CLASS II
424,S100002,00406,00100,FLOW CYTOMETRIC CROSSMATCH
424,S100002,00407,00100,STAT FEE- CROSSMATCH
424,S100002,00408,00100,CADAVER TYPING
424,S100002,00409,00100,CLASS II HIGH RESOLUTION TYPING
424,S100002,00410,00100,MLC TEST- BMT
424,S100002,00411,00100,ZYGOSITY TESTING- BMT
424,S100002,00412,00100,CLASS I HIGH RESOLUTION TYPING
424,S100002,00413,00100,SPECIMEN PROCESSING/ STORAGE
424,S100002,00414,00100,STAT FEE - CADAVER DONOR TYPING
424,S100002,00415,00100,DONOR CANCELLATION FEE
424,S100002,00416,00100,A-LOCUS HIGH RESOLUTION TYPING
424,S100002,00417,00100,B-LOCUS HIGH RESOLUTION TYPING
424,S100002,00418,00100,C-LOCUS HIGH RESOLUTION TYPING
424,S100002,00419,00100,DR-LOCUS HIGH RESOLUTION TYPING
424,S100002,00420,00100,DQ-LOCUS HIGH RESOLUTION TYPING
424,S100002,00421,00100,CYLEX IMMUNE MONITORING
424,S100002,00422,00100,DP-LOCUS HIGH RESOLUTION TYPING
424,S100002,00423,00100,MICA-LOCUS HIGH RESOLUTION TYPING
424,S100002,00424,00100,CLASS I HLA- A&B DNA TYPING
424,S100002,00425,00100,ANTIBODY SCREEN A&B
424,S100002,00426,00100,ENDOTHELIAL CELL CROSSMATCH
424,S100002,00427,00100,KIR DNA TYPING
424,S100002,00428,00100,AT1R
424,S100002,00429,00100,TETRAMERS
424,S100002,00430,00100,VERIFICATION TYPING (HLA-A  B AND DR
424,S100003,00100,00100,MEDICAL DIRECTOR
424,S100003,00100,00300,MEDICAL DIRECTOR
424,S100003,00100,00500,LAB DIRECTOR
424,S100003,00101,00100,EXEC. DIRECTOR
424,S100003,00101,00300,PROCUREMENT COORDINATOR
424,S100003,00101,00500,TECHNICIANS
424,S100003,00102,00100,CLERICAL
424,S100003,00102,00300,PRESERVATION TECHNICIANS
424,S100003,00102,00500,TISSUE TYPING TECH.
424,S100003,00103,00100,OTHER
424,S100003,00103,00300,OTHER
424,S100003,00103,00500,OTHER
424,S200000,00100,00100,N
424,S200000,00200,00100,N
424,S200000,00300,00100,N
424,S200000,00400,00100,N
424,S200000,00500,00100,N
424,S200000,00600,00300,ASSISTANT DIRECTOR
424,S200000,00700,00100,JOHNS HOPKINS UNIVERSITY
425,A000000,00100,00000,0100CAPITAL COSTS-BLDG & FIXT
425,A000000,00200,00000,0200CAPITAL COSTS-MVBLE EQUIPMENT
425,A000000,00300,00000,0300EMPLOYEE BENEFITS
425,A000000,00400,00000,0400ADMINISTRATIVE & GENERAL
425,A000000,00500,00000,0500OPERATION AND MAINTENANCE OF PLANT
425,A000000,00600,00000,0600HOUSEKEEPING
425,A000000,00700,00000,0700MEDICAL SUPPLIES
425,A000000,00800,00000,0800OTHER OVERHEAD
425,A000000,00900,00000,0900PROCUREMENT COORDINATORS
425,A000000,01000,00000,1000PROFESSIONAL EDUCATION
425,A000000,01100,00000,1100PUBLIC EDUCATION
425,A000000,01200,00000,1200OTHER ACQUISITION
425,A000000,01300,00000,1300KIDNEY ACQUISITIONS
425,A000000,01400,00000,1400TISSUE TYPING LABORATORY
425,A000000,01500,00000,1500LIVER ACQUISITIONS
425,A000000,01600,00000,1600HEART ACQUISITIONS
425,A000000,01700,00000,1700PANCREAS ACQUISITIONS
425,A000000,01800,00000,1800LUNG ACQUISITIONS
425,A000000,01900,00000,1900OTHER ACQUISITIONS
425,A000000,02100,00000,2100RESEARCH
425,A000000,02200,00000,2200BLOOD BANK
425,A000000,02300,00000,2300LABORATORY-NON-TISSUE TYPING
425,A000000,02400,00000,2400DIALYSIS UNITS
425,A000000,02500,00000,2500OTHER NON-REIMBURSABLE
425,A100000,01700,00000,DEPRECIATION
425,A100000,01800,00000,FACILITY OVERHEAD
425,A300000,00600,00000,MAINTENANCE AND OPERATION
425,A51000A,00100,00100,N
425,A60000C,00500,00100,N
425,B10000*,00100,00200,CAP BLDG
425,B10000*,00100,00300,CAP COSTS
425,B10000*,00100,00400,EMPLOYEE
425,B10000*,00100,00500,MEDICAL
425,B10000*,00100,00800,ORGAN
425,B10000*,00100,01000,ADMIN &
425,B10000*,00200,00200,OP PLANT &
425,B10000*,00200,00300,MOVABLE
425,B10000*,00200,00400,BENEFITS
425,B10000*,00200,00500,SUPPLIES
425,B10000*,00200,00800,ACQUISITN
425,B10000*,00200,01000,GENERAL
425,B10000*,00300,00200,HOUSEKEEP
425,B10000*,00300,00300,EQUIPMENT
425,B10000*,00300,00800,COSTS
425,B10000*,00400,00200,SQUARE
425,B10000*,00400,00300,DOLLAR
425,B10000*,00400,00400,ADJUST
425,B10000*,00400,00500,COSTED
425,B10000*,00400,00800,NUMBER
425,B10000*,00400,01000,ACCUM
425,B10000*,00500,00200,FEET
425,B10000*,00500,00300,VALUE
425,B10000*,00500,00400,SALARIES
425,B10000*,00500,00500,REQUISIT
425,B10000*,00500,00800,ORGANS
425,B10000*,00500,01000,COSTS
425,B10000*,00600,00200,1
425,B10000*,00600,00300,2
425,B10000*,00600,00400,3
425,B10000*,00600,00500,3
425,B10000*,00600,00800,3
425,B10000*,00600,01000,3
425,B100000,00000,01000,X
425,S000000,00100,00100,X
425,S000000,00400,00100,2
425,S000000,00500,00100,11/24/2021
425,S000000,00600,00100,10001
425,S000000,00700,00100,N
425,S000000,00800,00100,N
425,S000000,00900,00100,04/24/2023
425,S000000,01000,00100,4
425,S000001,00100,00100,BCM EVALUATION LAB
425,S000001,00100,00200,45HL13
425,S000001,00101,00100,ONE BAYLOR PLAZA  MS BCM504
425,S000001,00102,00100,HOUSTON
425,S000001,00102,00200,TX
425,S000001,00102,00300,77030
425,S000001,00300,00100,07/01/2020
425,S000001,00300,00200,06/30/2021
425,S000001,00400,00100,2
425,S000001,00400,00300,2
425,S000001,00400,00400,11/30/2011
425,S000001,00401,00300,1
425,S000002,00300,00100,ASSISTANT PROFESSOR AND LAB DIRECTOR
425,S100001,00700,00100,N
425,S100001,00810,00000,OTHER
425,S100002,00400,00100,SEE ATTACHED LIST
425,S100003,00100,00100,MEDICAL DIRECTOR
425,S100003,00100,00300,MEDICAL DIRECTOR
425,S100003,00100,00500,LAB DIRECTOR
425,S100003,00101,00100,EXEC. DIRECTOR
425,S100003,00101,00300,PROCUREMENT COORDINATOR
425,S100003,00101,00500,TECHNICIANS
425,S100003,00102,00100,CLERICAL
425,S100003,00102,00300,PRESERVATION TECHNICIANS
425,S100003,00102,00500,TISSUE TYPING TECH.
425,S100003,00103,00100,OTHER
425,S100003,00103,00300,OTHER
425,S100003,00103,00500,OTHER
425,S200000,00100,00100,N
425,S200000,00200,00100,N
425,S200000,00300,00100,N
425,S200000,00400,00100,N
425,S200000,00500,00100,Y
425,S200000,00600,00300,ASSISTANT PROFESSOR AND LAB DIRECTOR
425,S200000,00700,00100,BAYLOR COLLEGE OF MEDICINE
429,A000000,00100,00000,0100CAPITAL COSTS-BLDG & FIXT
429,A000000,00200,00000,0200CAPITAL COSTS-MVBLE EQUIPMENT
429,A000000,00300,00000,0300EMPLOYEE BENEFITS
429,A000000,00400,00000,0400ADMINISTRATIVE & GENERAL
429,A000000,00500,00000,0500OPERATION AND MAINTENANCE OF PLANT
429,A000000,00600,00000,0600HOUSEKEEPING
429,A000000,00700,00000,0700MEDICAL SUPPLIES
429,A000000,00800,00000,0800OTHER OVERHEAD
429,A000000,00900,00000,0900PROCUREMENT COORDINATORS
429,A000000,01000,00000,1000PROFESSIONAL EDUCATION
429,A000000,01100,00000,1100PUBLIC EDUCATION
429,A000000,01300,00000,1300KIDNEY ACQUISITIONS
429,A000000,01400,00000,1400TISSUE TYPING LABORATORY
429,A000000,01500,00000,1500LIVER ACQUISITIONS
429,A000000,01600,00000,1600HEART ACQUISITIONS
429,A000000,01700,00000,1700PANCREAS ACQUISITIONS
429,A000000,01800,00000,1800LUNG ACQUISITIONS
429,A000000,01900,00000,1900OTHER ACQUISITIONS
429,A000000,02100,00000,2100RESEARCH
429,A000000,02200,00000,2200BLOOD BANK
429,A000000,02300,00000,2300LABORATORY-NON-TISSUE TYPING
429,A000000,02400,00000,2400DIALYSIS UNITS
429,A100000,01700,00000,OTHER A&G
429,A100000,01800,00000,SERVICES
429,A300000,00600,00000,REAGENTS AND SUPPLIES
429,A300000,00800,00000,OTHER
429,A500010,01300,00100,A
429,A500010,01300,00300,CAPITAL COSTS-BLDG & FIXT
429,A500010,01400,00100,A
429,A500010,01400,00300,CAPITAL COSTS-MVBLE EQUIPMENT
429,A500010,01600,00000,A&G ADJUSTMENT
429,A500010,01600,00100,A
429,A500010,01600,00300,ADMINISTRATIVE & GENERAL
429,A500010,01601,00000,FINAL SETTLEMENTS
429,A500010,01601,00100,A
429,A500010,01601,00300,ADMINISTRATIVE & GENERAL
429,A51000A,00100,00100,N
429,B10000*,00100,00200,CAP BLDG
429,B10000*,00100,00300,CAP COSTS
429,B10000*,00100,00400,EMPLOYEE
429,B10000*,00100,00500,MEDICAL
429,B10000*,00100,00800,ORGAN
429,B10000*,00100,01000,ADMIN &
429,B10000*,00200,00200,OP PLANT &
429,B10000*,00200,00300,MOVABLE
429,B10000*,00200,00400,BENEFITS
429,B10000*,00200,00500,SUPPLIES
429,B10000*,00200,00800,ACQUISITN
429,B10000*,00200,01000,GENERAL
429,B10000*,00300,00200,HOUSEKEEP
429,B10000*,00300,00300,EQUIPMENT
429,B10000*,00300,00800,COSTS
429,B10000*,00400,00200,SQUARE
429,B10000*,00400,00300,DOLLAR
429,B10000*,00400,00400,ADJUST
429,B10000*,00400,00500,COSTED
429,B10000*,00400,00800,NUMBER
429,B10000*,00400,01000,ACCUM
429,B10000*,00500,00200,FEET
429,B10000*,00500,00300,VALUE
429,B10000*,00500,00400,SALARIES
429,B10000*,00500,00500,REQUISIT
429,B10000*,00500,00800,ORGANS
429,B10000*,00500,01000,COSTS
429,B10000*,00600,00200,1
429,B10000*,00600,00300,2
429,B10000*,00600,00400,3
429,B10000*,00600,00500,3
429,B10000*,00600,00800,3
429,B10000*,00600,01000,3
429,B100000,00000,01000,X
429,E100002,00300,00000,NET WORKSHEET A-5 ADJUSTMENTS
429,E200000,02200,00000,DUE FROM MEDICARE
429,S000000,00100,00100,X
429,S000000,00400,00100,2
429,S000000,00500,00100,11/30/2021
429,S000000,00600,00100,10001
429,S000000,00700,00100,N
429,S000000,00800,00100,N
429,S000000,00900,00100,04/26/2023
429,S000000,01000,00100,4
429,S000001,00100,00100,UCSF IMMUNOGENETICS & TRANSPLANT LA
429,S000001,00100,00200,05HL06
429,S000001,00101,00100,3333 CALIFORNIA STREET  SUITE 150
429,S000001,00102,00100,SAN FRANCISCO
429,S000001,00102,00200,CA
429,S000001,00102,00300,94118
429,S000001,00300,00100,07/01/2020
429,S000001,00300,00200,06/30/2021
429,S000001,00400,00100,10
429,S000001,00400,00300,2
429,S000001,00400,00400,07/01/1999
429,S000001,00401,00300,1
429,S000002,00300,00100,ASSOCIATE CHAIR  FINANCE & ADMIN
429,S100001,00700,00100,N
429,S100001,00810,00000,OTHER
429,S100002,00401,00100,HLA CLASS I (A B C) TYPING INTER RES
429,S100002,00402,00100,HLA CLASS II (DR.DQ DP) TYPING INT R
429,S100002,00403,00100,HLA ANTIBODY PRA CLASS I
429,S100002,00404,00100,HLA ANTIBODY PRA CLASS II
429,S100002,00405,00100,HLA ANTIBODY ID-SINGLE A CLASS I
429,S100002,00406,00100,HLA ANTIBODY ID-SINGLE A CLASS II
429,S100002,00407,00100,B-CELL & T-CELL X-MATCH BY FLOW
429,S100002,00408,00100,B-CELL & T-CELL FLOW X MATCH W PRONA
429,S100002,00409,00100,DECEASED DONOR TESTING - LOCAL
429,S100002,00410,00100,DECEASED DONOR CELL PREP & STORAGE
429,S100002,00411,00100,SERUM MANAGEMENT (W KITS  POSTAGE ET
429,S100002,00412,00100,SERUM STORAGE
429,S100002,00413,00100,HLA TYPING STAT FEE
429,S100002,00414,00100,ANTIBODY TESTING STAT FEE PER SETUP
429,S100002,00415,00100,CROSSMATCH STAT FEE PER SETUP
429,S100003,00100,00100,MEDICAL DIRECTOR
429,S100003,00100,00300,MEDICAL DIRECTOR
429,S100003,00100,00500,LAB DIRECTOR
429,S100003,00101,00100,EXEC. DIRECTOR
429,S100003,00101,00300,PROCUREMENT COORDINATOR
429,S100003,00101,00500,TECHNICIANS
429,S100003,00102,00100,CLERICAL
429,S100003,00102,00300,PRESERVATION TECHNICIANS
429,S100003,00102,00500,TISSUE TYPING TECH.
429,S100003,00103,00100,OTHER
429,S100003,00103,00300,OTHER
429,S100003,00103,00500,OTHER
429,S200000,00100,00100,N
429,S200000,00200,00100,N
429,S200000,00300,00100,N
429,S200000,00400,00100,N
429,S200000,00500,00100,N
429,S200000,00600,00300,LAB MANAGER
429,S200000,00700,00100,UCSF IMMUNO & TX LAB
430,A000000,00100,00000,0100CAPITAL COSTS-BLDG & FIXT
430,A000000,00200,00000,0200CAPITAL COSTS-MVBLE EQUIPMENT
430,A000000,00300,00000,0300EMPLOYEE BENEFITS
430,A000000,00400,00000,0400ADMINISTRATIVE & GENERAL
430,A000000,00500,00000,0500OPERATION AND MAINTENANCE OF PLANT
430,A000000,00600,00000,0600HOUSEKEEPING
430,A000000,00700,00000,0700MEDICAL SUPPLIES
430,A000000,00800,00000,0800OTHER OVERHEAD
430,A000000,00900,00000,0900PROCUREMENT COORDINATORS
430,A000000,01000,00000,1000PROFESSIONAL EDUCATION
430,A000000,01100,00000,1100PUBLIC EDUCATION
430,A000000,01300,00000,1300KIDNEY ACQUISITIONS
430,A000000,01400,00000,1400TISSUE TYPING LABORATORY
430,A000000,01500,00000,1500LIVER ACQUISITIONS
430,A000000,01600,00000,1600HEART ACQUISITIONS
430,A000000,01700,00000,1700PANCREAS ACQUISITIONS
430,A000000,01800,00000,1800LUNG ACQUISITIONS
430,A000000,01900,00000,1900OTHER ACQUISITIONS
430,A000000,02100,00000,2100RESEARCH
430,A000000,02200,00000,2200BLOOD BANK
430,A000000,02300,00000,2300LABORATORY-NON-TISSUE TYPING
430,A000000,02400,00000,2400DIALYSIS UNITS
430,A100000,01700,00000,MAIL - COURIER SERVICES
430,A100000,01800,00000,ACCREDITIATION
430,A100000,01900,00000,BILLING SERVICES
430,A100000,01901,00000,CONSULTANT
430,A100000,01902,00000,SPACE COST
430,A100000,01903,00000,UTILITIES
430,A100000,01904,00000,BUILDING MAINTANANCE
430,A100000,01905,00000,NEW EQUIPMENT
430,A100000,01906,00000,LICENSURE
430,A100000,01907,00000,PURCHASED SERVICES
430,A100000,01908,00000,MISCELLANOUS
430,A300000,00600,00000,REAGENTS AND SUPPLIES
430,A400010,00100,00000,RECLASSIFICATIONS
430,A400010,00100,00100,A
430,A400010,00100,00200,CAPITAL COSTS-BLDG & FIXT
430,A400010,00100,00500,ADMINISTRATIVE & GENERAL
430,A400010,00200,00000,RECLASSIFICATIONS
430,A400010,00200,00100,A
430,A400010,00200,00200,OPERATION AND MAINTENANCE OF PLANT
430,A400010,00200,00500,ADMINISTRATIVE & GENERAL
430,A400010,00300,00000,RECLASSIFICATIONS
430,A400010,00300,00100,A
430,A400010,00300,00200,OPERATION AND MAINTENANCE OF PLANT
430,A400010,00300,00500,ADMINISTRATIVE & GENERAL
430,A400010,00400,00000,RECLASSIFICATIONS
430,A400010,00400,00100,A
430,A400010,00400,00200,CAPITAL COSTS-MVBLE EQUIPMENT
430,A400010,00400,00500,ADMINISTRATIVE & GENERAL
430,A500010,01400,00100,B
430,A500010,01400,00300,CAPITAL COSTS-MVBLE EQUIPMENT
430,A500010,01500,00000,EQUIP DEPRECIATION
430,A500010,01500,00100,B
430,A500010,01500,00300,CAPITAL COSTS-MVBLE EQUIPMENT
430,A51000A,00100,00100,Y
430,A51000B,00100,00200,EMPLOYEE BENEFITS
430,A51000B,00100,00300,EMPLOYEE BENEFITS
430,A51000B,00200,00200,ADMINISTRATIVE & GENERAL
430,A51000B,00200,00300,MEDICAL DIRECTOR
430,A51000B,00300,00200,ADMINISTRATIVE & GENERAL
430,A51000B,00300,00300,BILLING
430,A51000B,00400,00200,CAPITAL COSTS-BLDG & FIXT
430,A51000B,00400,00300,SPACE COST
430,A51000B,00401,00200,OPERATION AND MAINTENANCE OF PLANT
430,A51000B,00401,00300,UTILITIES
430,A51000B,00402,00200,TISSUE TYPING LABORATORY
430,A51000B,00402,00300,LABORARY DIRECTOR
430,A51000C,00100,00000,UNIVERSTIY AND/OR  HOSPITAL
430,A51000C,00100,00100,G
430,A51000C,00100,00200,UCI SCHOOL OF MEDICINE
430,A51000C,00100,00400,UCI SCHOOL OF MEDICINE
430,A51000C,00200,00000,UNIVERSTIY AND/OR  HOSPITAL
430,A51000C,00200,00100,G
430,A51000C,00200,00200,UCI SCHOOL OF MEDICINE
430,A51000C,00200,00400,UCI SCJHOOLEDICIN E
430,A51000C,00300,00000,UNIVERSTIY AND/OR  HOSPITAL
430,A51000C,00300,00100,G
430,A51000C,00300,00200,UCI SCHOOL OF MEDICINE
430,A51000C,00300,00400,UCI SCHOOL OF MEDINCE
430,A51000C,00400,00000,UNIVERSTIY AND/OR  HOSPITAL
430,A51000C,00400,00100,G
430,A51000C,00400,00200,UCI MEDICAL CENTER
430,A51000C,00400,00400,UCI MEDICAL CNETER
430,A51000C,00401,00000,UNIVERSTIY AND/OR  HOSPITAL
430,A51000C,00401,00100,G
430,A51000C,00401,00200,UCI MEDICAL CENTER
430,A51000C,00401,00400,UCI MEDICAL CENTER
430,A51000C,00402,00000,UNIVERSTIY AND/OR  HOSPITAL
430,A51000C,00402,00100,G
430,A51000C,00402,00200,UCI SCHOOL OF MEDICINE
430,A51000C,00402,00400,UCI SCHOOL OF MEDICINE
430,A51000C,10000,00200,UNIVERSTIY AND/OR  HOSPITAL
430,A60000C,00500,00100,N
430,B10000*,00100,00200,CAP BLDG
430,B10000*,00100,00300,CAP COSTS
430,B10000*,00100,00400,EMPLOYEE
430,B10000*,00100,00500,MEDICAL
430,B10000*,00100,00800,ORGAN
430,B10000*,00100,01000,ADMIN &
430,B10000*,00200,00200,OP PLANT &
430,B10000*,00200,00300,MOVABLE
430,B10000*,00200,00400,BENEFITS
430,B10000*,00200,00500,SUPPLIES
430,B10000*,00200,00800,ACQUISITN
430,B10000*,00200,01000,GENERAL
430,B10000*,00300,00200,HOUSEKEEP
430,B10000*,00300,00300,EQUIPMENT
430,B10000*,00300,00800,COSTS
430,B10000*,00400,00200,SQUARE
430,B10000*,00400,00300,DOLLAR
430,B10000*,00400,00400,ADJUST
430,B10000*,00400,00500,COSTED
430,B10000*,00400,00800,NUMBER
430,B10000*,00400,01000,ACCUM
430,B10000*,00500,00200,FEET
430,B10000*,00500,00300,VALUE
430,B10000*,00500,00400,SALARIES
430,B10000*,00500,00500,REQUISIT
430,B10000*,00500,00800,ORGANS
430,B10000*,00500,01000,COSTS
430,B10000*,00600,00200,1
430,B10000*,00600,00300,2
430,B10000*,00600,00400,3
430,B10000*,00600,00500,3
430,B10000*,00600,00800,3
430,B10000*,00600,01000,3
430,B100000,00000,01000,X
430,E000000,00900,00000,OTHER CURRENT ASSETS
430,E000000,02600,00000,OTHER FIXED ASSETS
430,E100002,00300,00000,DEPRECIATION
430,E100002,00800,00000,EQUIPMENT
430,S000000,00100,00100,X
430,S000000,00400,00100,2
430,S000000,00500,00100,12/02/2021
430,S000000,00600,00100,10001
430,S000000,00700,00100,N
430,S000000,00800,00100,N
430,S000000,00900,00100,04/26/2023
430,S000000,01000,00100,4
430,S000001,00100,00100,UC IRVINE HLA TISSUE TYPING LAB
430,S000001,00100,00200,05HL09
430,S000001,00101,00100,101 THE CITY DRIVE SOUTH BLDG G54
430,S000001,00102,00100,ORANGE
430,S000001,00102,00200,CA
430,S000001,00102,00300,92868
430,S000001,00300,00100,07/01/2020
430,S000001,00300,00200,06/30/2021
430,S000001,00400,00100,8
430,S000001,00400,00300,2
430,S000001,00400,00400,09/20/2002
430,S000001,00401,00300,1
430,S000002,00300,00100,DIRECTOR
430,S100001,00700,00100,N
430,S100001,00810,00000,OTHER
430,S100002,00400,00100,HLA-A  B C (CLASS I) MOLE TYPE INTER
430,S100002,00401,00100,HLA-DR DQ DP (CLASSII) MOLE TYPE INT
430,S100002,00402,00100,T&B CELL FLOW CROSSMATCH W/PRONASE
430,S100002,00403,00100,ANTIBODY SCREEN CLASS I & II
430,S100002,00404,00100,SINGLE ANTIGEN ANTIBODY ID CL I FLOW
430,S100002,00405,00100,SINGLE ANTIGEN ANTIBODY ID CL IIFLOW
430,S100002,00406,00100,T & B CELL FLOW CROSSMATCH/PRONASE
430,S100002,00407,00100,T & BCELL FLOW CROSSMATCH
430,S100002,00408,00100,SPECIMERN HANDLING & PROCESS
430,S100002,00409,00100,DECRESED DONOR CROSSMATCH
430,S100003,00100,00100,MEDICAL DIRECTOR
430,S100003,00100,00300,MEDICAL DIRECTOR
430,S100003,00100,00500,LAB DIRECTOR
430,S100003,00101,00100,EXEC. DIRECTOR
430,S100003,00101,00300,PROCUREMENT COORDINATOR
430,S100003,00101,00500,TECHNICIANS
430,S100003,00102,00100,CLERICAL
430,S100003,00102,00300,PRESERVATION TECHNICIANS
430,S100003,00102,00500,TISSUE TYPING TECH.
430,S100003,00103,00100,OTHER
430,S100003,00103,00300,OTHER
430,S100003,00103,00500,OTHER
430,S200000,00100,00100,N
430,S200000,00200,00100,N
430,S200000,00300,00100,Y
430,S200000,00400,00100,N
430,S200000,00500,00100,N
430,S200000,00600,00300,CONSULTANT
431,A000000,00100,00000,0100CAPITAL COSTS-BLDG & FIXT
431,A000000,00200,00000,0200CAPITAL COSTS-MVBLE EQUIPMENT
431,A000000,00300,00000,0300EMPLOYEE BENEFITS
431,A000000,00400,00000,0400ADMINISTRATIVE & GENERAL
431,A000000,00500,00000,0500OPERATION AND MAINTENANCE OF PLANT
431,A000000,00600,00000,0600HOUSEKEEPING
431,A000000,00700,00000,0700MEDICAL SUPPLIES
431,A000000,00900,00000,0900PROCUREMENT COORDINATORS
431,A000000,01000,00000,1000PROFESSIONAL EDUCATION
431,A000000,01100,00000,1100PUBLIC EDUCATION
431,A000000,01300,00000,1300KIDNEY ACQUISITIONS
431,A000000,01400,00000,1400TISSUE TYPING LABORATORY
431,A000000,01500,00000,1500LIVER ACQUISITIONS
431,A000000,01600,00000,1600HEART ACQUISITIONS
431,A000000,01700,00000,1700PANCREAS ACQUISITIONS
431,A000000,01800,00000,1800LUNG ACQUISITIONS
431,A000000,01900,00000,1900OTHER 1            (WKST A2 6 L 23
431,A000000,02100,00000,2100RESEARCH
431,A000000,02200,00000,2200BLOOD BANK
431,A000000,02300,00000,2300LABORATORY-NON-TISSUE TYPING
431,A000000,02400,00000,2400DIALYSIS UNITS
431,A100000,01900,00000,DUES & LICENSES
431,A100000,01901,00000,ROUND
431,A100000,01902,00000,PROFESSIONAL FEES
431,A100000,01903,00000,UMG OVERHEAD ALLOCATION
431,A300000,00600,00000,CLINICAL SUPPLIES
431,A400010,00100,00000,RECLASSIFY CAPITAL FROM A&G
431,A400010,00100,00100,A
431,A400010,00100,00200,CAPITAL COSTS-MVBLE EQUIPMENT
431,A400010,00100,00500,ADMINISTRATIVE & GENERAL
431,A500010,01500,00000,BAD DEBTS
431,A500010,01500,00100,A
431,A500010,01500,00300,ADMINISTRATIVE & GENERAL
431,A51000A,00100,00100,Y
431,A51000B,00100,00200,ADMINISTRATIVE & GENERAL
431,A51000B,00100,00300,ADMINISTRATION & GENERAL
431,A51000B,00200,00200,ADMINISTRATIVE & GENERAL
431,A51000B,00200,00300,ADMINISTRATION & GENERAL
431,A51000B,00300,00200,ADMINISTRATIVE & GENERAL
431,A51000B,00300,00300,ADMINISTRATIVE & GENERAL
431,A51000B,00400,00200,ADMINISTRATIVE & GENERAL
431,A51000B,00400,00300,UMG OVERHEAD
431,A51000C,00100,00100,B
431,A51000C,00100,00200,SAINT LOUIS UNIVERSITY
431,A51000C,00100,00400,SAINT LOUIS UNIVERSITY
431,A51000C,00100,00600,HEALTH CARE & EDUCATION
431,A51000C,00200,00100,B
431,A51000C,00200,00200,SAINT LOUIS UNIVERSITY
431,A51000C,00200,00400,SAINT LOUIS UNIVERSITY UMG
431,A51000C,00200,00600,HEALTH CARE & EDUCATION
431,A51000C,00300,00100,B
431,A51000C,00300,00200,SAINT LOUIS UNIVERSITY
431,A51000C,00300,00400,DEPT. OF SURGERY
431,A51000C,00300,00600,HEALTH CARE & EDUCATION
431,A60000C,00500,00100,N
431,A60000C,00600,00100,N
431,B10000*,00100,00200,CAP BLDG
431,B10000*,00100,00300,CAP COSTS
431,B10000*,00100,00400,EMPLOYEE
431,B10000*,00100,00500,MEDICAL
431,B10000*,00100,00800,ORGAN
431,B10000*,00100,01000,ADMIN &
431,B10000*,00200,00200,OP PLANT &
431,B10000*,00200,00300,MOVABLE
431,B10000*,00200,00400,BENEFITS
431,B10000*,00200,00500,SUPPLIES
431,B10000*,00200,00800,ACQUISITN
431,B10000*,00200,01000,GENERAL
431,B10000*,00300,00200,HOUSEKEEP
431,B10000*,00300,00300,EQUIPMENT
431,B10000*,00300,00800,COSTS
431,B10000*,00400,00200,SQUARE SQ.
431,B10000*,00400,00300,DOLLAR SQ.
431,B10000*,00400,00400,ADJUST
431,B10000*,00400,00500,COSTED REQ
431,B10000*,00400,00800,NO. OF ORG
431,B10000*,00400,01000,ACCUM
431,B10000*,00500,00200,FT.)
431,B10000*,00500,00300,FT.)
431,B10000*,00500,00400,SALARIES
431,B10000*,00500,00500,UIS
431,B10000*,00500,00800,ANS
431,B10000*,00500,01000,COSTS
431,B10000*,00600,00200,1
431,B10000*,00600,00300,2
431,B10000*,00600,00400,3
431,B10000*,00600,00500,3
431,B10000*,00600,00800,3
431,B10000*,00600,01000,3
431,B100000,00000,01000,X
431,E200000,02700,00000,ROUNDING
431,S000000,00100,00100,X
431,S000000,00400,00100,2
431,S000000,00500,00100,12/03/2021
431,S000000,00600,00100,10001
431,S000000,00700,00100,N
431,S000000,00800,00100,N
431,S000000,00900,00100,04/26/2023
431,S000000,01000,00100,4
431,S000001,00100,00100,SLU HLA LABORATORY
431,S000001,00100,00200,26HL04
431,S000001,00101,00100,3655  VISTA
431,S000001,00102,00100,ST. LOUIS
431,S000001,00102,00200,MO
431,S000001,00102,00300,63110
431,S000001,00300,00100,07/01/2020
431,S000001,00300,00200,06/30/2021
431,S000001,00400,00100,5
431,S000001,00400,00300,2
431,S000001,00400,00400,04/01/1989
431,S000001,00401,00300,2
431,S000002,00300,00100,MEDICAL DIRECTOR
431,S100001,00700,00100,N
431,S100001,00810,00000,OTHER
431,S100002,00400,00100,HLA TYPING
431,S100002,00401,00100,DNA LOW RESOLUTION HLA  A  B  C TYPI
431,S100002,00402,00100,DNA LOW RESOLUTION HLA DR  DQ  TYPIN
431,S100002,00403,00100,DNA HIGH RESOLUTION HLA  A TYPING (2
431,S100002,00404,00100,DNA HIGH RESOLUTION HLA B TYPING (2
431,S100002,00405,00100,DNA HIGH RESOLUTION HLA C TYPING (2
431,S100002,00406,00100,DNA HIGH RESOLUTION HLA DRB1  TYPING
431,S100002,00407,00100,DNA HIGH RESOLUTION HLA DQB1  TYPING
431,S100002,00408,00100,DNA LOW/HIGH RESOLUTION HLA DPB1 TYP
431,S100002,00410,00100,X-MATCHING
431,S100002,00411,00100,FLOW CYTOMETRY X-MATCH
431,S100002,00415,00100,ANTIBODY SCREENING
431,S100002,00416,00100,LUMINEX  CLASS I 2 ID ANTIBODY SCREE
431,S100002,00417,00100,LUMINEX SINGLE ANTIGEN BEADS: CLASS
431,S100002,00418,00100,LUMINEX SINGLE ANTIGEN BEADS: CLASS
431,S100003,00100,00100,MEDICAL DIRECTOR
431,S100003,00100,00300,MEDICAL DIRECTOR
431,S100003,00100,00500,LAB DIRECTOR
431,S100003,00101,00100,EXEC. DIRECTOR
431,S100003,00101,00300,PROCUREMENT COORDINATOR
431,S100003,00101,00500,TECHNICIANS
431,S100003,00102,00100,CLERICAL
431,S100003,00102,00300,PRESERVATION TECHNICIANS
431,S100003,00102,00500,TISSUE TYPING TECH.
431,S100003,00103,00100,SUPERVISOR
431,S100003,00103,00300,OTHER
431,S100003,00103,00500,SUPERVISOR
431,S200000,00100,00100,N
431,S200000,00200,00100,N
431,S200000,00300,00100,Y
431,S200000,00400,00100,Y
431,S200000,00400,00200,A
431,S200000,00500,00100,N
431,S200000,00600,00300,MEMBER/MANAGER
431,S200000,00700,00100,HELLING  PITTROFF & ASSOCIATES LLC
432,A000000,00100,00000,0100CAPITAL COSTS-BLDG & FIXT
432,A000000,00200,00000,0200CAPITAL COSTS-MVBLE EQUIPMENT
432,A000000,00300,00000,0300EMPLOYEE BENEFITS
432,A000000,00400,00000,0400ADMINISTRATIVE & GENERAL
432,A000000,00500,00000,0500OPERATION AND MAINTENANCE OF PLANT
432,A000000,00600,00000,0600HOUSEKEEPING
432,A000000,00700,00000,0700MEDICAL SUPPLIES
432,A000000,00800,00000,0800OTHER OVERHEAD
432,A000000,00900,00000,0900PROCUREMENT COORDINATORS
432,A000000,01000,00000,1000PROFESSIONAL EDUCATION
432,A000000,01100,00000,1100PUBLIC EDUCATION
432,A000000,01200,00000,1200OTHER ACQUISITION
432,A000000,01300,00000,1300KIDNEY ACQUISITIONS
432,A000000,01400,00000,1400TISSUE TYPING LABORATORY
432,A000000,01500,00000,1500LIVER ACQUISITIONS
432,A000000,01600,00000,1600HEART ACQUISITIONS
432,A000000,01700,00000,1700PANCREAS ACQUISITIONS
432,A000000,01800,00000,1800LUNG ACQUISITIONS
432,A000000,01900,00000,1900OTHER ACQUISITIONS
432,A000000,02100,00000,2100RESEARCH
432,A000000,02200,00000,2200BLOOD BANK
432,A000000,02300,00000,2300LABORATORY-NON-TISSUE TYPING
432,A000000,02400,00000,2400DIALYSIS UNITS
432,A000000,02500,00000,2500OTHER NON-REIMBURSABLE
432,A100000,01700,00000,OTHER EXPENSE
432,A100000,01800,00000,POSTAGE
432,A100000,01900,00000,COMPUTERS/SOFTWARE
432,A100000,01901,00000,COMPUTER HARDWARE/SOFTWARE COORDINAT
432,A100000,01902,00000,UNIVERSITY OVERHEAD
432,A300000,00600,00000,GRADUATE ASSISTANT
432,A300000,00700,00000,COURIER/OVERNIGHT DELIVERY
432,A300000,00800,00000,LABORATORY SUPPLIES
432,A300000,00900,00000,OTHER EXPENSE
432,A51000A,00100,00100,N
432,A60000C,00500,00100,N
432,B10000*,00100,00200,CAP BLDG
432,B10000*,00100,00300,CAP COSTS
432,B10000*,00100,00400,EMPLOYEE
432,B10000*,00100,00500,MEDICAL
432,B10000*,00100,00800,ORGAN
432,B10000*,00100,01000,ADMIN &
432,B10000*,00200,00200,OP PLANT &
432,B10000*,00200,00300,MOVABLE
432,B10000*,00200,00400,BENEFITS
432,B10000*,00200,00500,SUPPLIES
432,B10000*,00200,00800,ACQUISITN
432,B10000*,00200,01000,GENERAL
432,B10000*,00300,00200,HOUSEKEEP
432,B10000*,00300,00300,EQUIPMENT
432,B10000*,00300,00800,COSTS
432,B10000*,00400,00200,SQUARE
432,B10000*,00400,00300,DOLLAR
432,B10000*,00400,00400,ADJUST
432,B10000*,00400,00500,COSTED
432,B10000*,00400,00800,NUMBER
432,B10000*,00400,01000,ACCUM
432,B10000*,00500,00200,FEET
432,B10000*,00500,00300,VALUE
432,B10000*,00500,00400,SALARIES
432,B10000*,00500,00500,REQUISIT
432,B10000*,00500,00800,ORGANS
432,B10000*,00500,01000,COSTS
432,B10000*,00600,00200,1
432,B10000*,00600,00300,2
432,B10000*,00600,00400,3
432,B10000*,00600,00500,3
432,B10000*,00600,00800,3
432,B10000*,00600,01000,3
432,B100000,00000,01000,X
432,S000000,00100,00100,X
432,S000000,00400,00100,2
432,S000000,00500,00100,11/30/2021
432,S000000,00600,00100,10001
432,S000000,00700,00100,N
432,S000000,00800,00100,N
432,S000000,00900,00100,04/28/2023
432,S000000,01000,00100,4
432,S000001,00100,00100,MSU RESEARCH & IMMUNOLOGY LABORATORY
432,S000001,00100,00200,23HL02
432,S000001,00101,00100,1355 BOGUE ST  ROOM B228
432,S000001,00102,00100,EAST LANSING
432,S000001,00102,00200,MI
432,S000001,00102,00300,48824
432,S000001,00300,00100,07/01/2020
432,S000001,00300,00200,06/30/2021
432,S000001,00400,00100,10
432,S000001,00400,00300,2
432,S000001,00400,00400,01/01/1966
432,S000001,00401,00300,1
432,S000002,00300,00100,FINANCIAL ADMINISTRATOR
432,S100001,00700,00100,N
432,S100001,00810,00000,OTHER
432,S100002,00400,00100,SERUM BANKING (W/O PRA)
432,S100002,00401,00100,SUPPLEMENTAL HLA-DR DQ DP MOLECULAR
432,S100002,00402,00100,HLA SINGLE LOCUS LOW RESOLUTION MOLE
432,S100002,00403,00100,HLA-A B C DR DQ DP TRANSPLANT EVAL
432,S100002,00404,00100,T AND B CELL LYMPHOCYTE CROSSMATCH(F
432,S100002,00405,00100,HLA ANTIBODY SCREEN (BEAD ARRAY)
432,S100002,00406,00100,HLA CLASS I PRA/ID (BEAD ARRAY)
432,S100002,00407,00100,HLA CLASS II PRA/ID (BEAD ARRAY)
432,S100002,00408,00100,HLA CLASS I SINGLE ANTIGEN(BEAD ARRA
432,S100002,00409,00100,HLA CLASS II SINGLE ANTIGEN(BEAD ARR
432,S100002,00410,00100,HLA CLASS I OR II PRA STAT CHARGE
432,S100002,00411,00100,SUPPLEMENTAL HLA-A B C MOLECULAR TYP
432,S100003,00100,00100,MEDICAL DIRECTOR
432,S100003,00100,00300,MEDICAL DIRECTOR
432,S100003,00100,00500,LAB DIRECTOR
432,S100003,00101,00100,EXEC. DIRECTOR
432,S100003,00101,00300,PROCUREMENT COORDINATOR
432,S100003,00101,00500,TECHNICIANS
432,S100003,00102,00100,CLERICAL
432,S100003,00102,00300,PRESERVATION TECHNICIANS
432,S100003,00102,00500,TISSUE TYPING TECH.
432,S100003,00103,00100,OTHER
432,S100003,00103,00300,OTHER
432,S100003,00103,00500,OTHER
432,S200000,00100,00100,N
432,S200000,00200,00100,N
432,S200000,00300,00100,N
432,S200000,00400,00100,N
432,S200000,00500,00100,Y
432,S200000,00600,00300,FINANCIAL ADMINISTRATOR
432,S200000,00700,00100,MICHIGAN STATE UNIVERSITY
435,A000000,00100,00000,0100CAPITAL COSTS-BLDG & FIXT
435,A000000,00200,00000,0200CAPITAL COSTS-MVBLE EQUIPMENT
435,A000000,00300,00000,0300EMPLOYEE BENEFITS
435,A000000,00400,00000,0400ADMINISTRATIVE & GENERAL
435,A000000,00500,00000,0500OPERATION AND MAINTENANCE OF PLANT
435,A000000,00600,00000,0600HOUSEKEEPING
435,A000000,00700,00000,0700MEDICAL SUPPLIES
435,A000000,00800,00000,0800OTHER OVERHEAD
435,A000000,00900,00000,0900PROCUREMENT COORDINATORS
435,A000000,01000,00000,1000PROFESSIONAL EDUCATION
435,A000000,01100,00000,1100PUBLIC EDUCATION
435,A000000,01200,00000,1200OTHER ACQUISITION
435,A000000,01300,00000,1300KIDNEY ACQUISITIONS
435,A000000,01400,00000,1400TISSUE TYPING LABORATORY
435,A000000,01500,00000,1500LIVER ACQUISITIONS
435,A000000,01600,00000,1600HEART ACQUISITIONS
435,A000000,01700,00000,1700PANCREAS ACQUISITIONS
435,A000000,01800,00000,1800LUNG ACQUISITIONS
435,A000000,01900,00000,1900OTHER ACQUISITIONS
435,A000000,02100,00000,2100RESEARCH
435,A000000,02200,00000,2200BLOOD BANK
435,A000000,02300,00000,2300LABORATORY-NON-TISSUE TYPING
435,A000000,02400,00000,2400DIALYSIS UNITS
435,A000000,02500,00000,2500OTHER NON-REIMBURSABLE
435,A100000,01700,00000,LICENSES  DUES  MEMBERSHIPS
435,A100000,01800,00000,SECURE DOCUMENT HANDLING
435,A300000,00600,00000,LAB DIRECTOR-IN-TRAINING (X2)
435,A300000,00700,00000,LAB ASSISTANT  TECHNICIAN
435,A300000,00800,00000,LAB SUPPLIES & REAGENTS
435,A300000,00900,00000,LAB FREIGHT
435,A51000A,00100,00100,N
435,B10000*,00100,00200,CAP BLDG
435,B10000*,00100,00300,CAP COSTS
435,B10000*,00100,00400,EMPLOYEE
435,B10000*,00100,00500,MEDICAL
435,B10000*,00100,00800,ORGAN
435,B10000*,00100,01000,ADMIN &
435,B10000*,00200,00200,OP PLANT &
435,B10000*,00200,00300,MOVABLE
435,B10000*,00200,00400,BENEFITS
435,B10000*,00200,00500,SUPPLIES
435,B10000*,00200,00800,ACQUISITN
435,B10000*,00200,01000,GENERAL
435,B10000*,00300,00200,HOUSEKEEP
435,B10000*,00300,00300,EQUIPMENT
435,B10000*,00300,00800,COSTS
435,B10000*,00400,00200,SQUARE
435,B10000*,00400,00300,DOLLAR
435,B10000*,00400,00400,ADJUST
435,B10000*,00400,00500,COSTED
435,B10000*,00400,00800,NUMBER
435,B10000*,00400,01000,ACCUM
435,B10000*,00500,00200,FEET
435,B10000*,00500,00300,VALUE
435,B10000*,00500,00400,SALARIES
435,B10000*,00500,00500,REQUISIT
435,B10000*,00500,00800,ORGANS
435,B10000*,00500,01000,COSTS
435,B10000*,00600,00200,1
435,B10000*,00600,00300,2
435,B10000*,00600,00400,3
435,B10000*,00600,00500,3
435,B10000*,00600,00800,3
435,B10000*,00600,01000,3
435,B100000,00000,01000,X
435,S000000,00100,00100,X
435,S000000,00400,00100,2
435,S000000,00500,00100,12/09/2021
435,S000000,00600,00100,10001
435,S000000,00700,00100,N
435,S000000,00800,00100,N
435,S000000,00900,00100,05/02/2023
435,S000000,01000,00100,4
435,S000001,00100,00100,TULANE HISTO & IMMUNOGENETICS LAB
435,S000001,00100,00200,19HL05
435,S000001,00101,00100,1430 TULANE AVE  SL-75
435,S000001,00102,00100,NEW ORLEANS
435,S000001,00102,00200,LA
435,S000001,00102,00300,70112
435,S000001,00300,00100,07/01/2020
435,S000001,00300,00200,06/30/2021
435,S000001,00400,00100,8
435,S000001,00400,00300,2
435,S000001,00400,00400,07/01/1994
435,S000001,00401,00300,1
435,S100001,00700,00100,N
435,S100001,00810,00000,OTHER
435,S100002,00400,00100,HLA CLASS I/II TYPING LOW RES
435,S100002,00401,00100,HLA DPB1 + DPA1 TYPING
435,S100002,00402,00100,HLA CLASS I AB ID  SINGLE AG BEADS
435,S100002,00403,00100,HLA CLASS II AB ID  SINGLE AG BEADS
435,S100002,00404,00100,HLA CLASS I AB ID  PHENOTYPIC BEADS
435,S100002,00405,00100,HLA CLASS II AB ID  PHENOTYPIC BEADS
435,S100002,00406,00100,FLOW T/B-CELL CROSSMATCH
435,S100002,00407,00100,FLOW T/B-CELL CROSSMATCH AUTO
435,S100002,00408,00100,FLOW T/B-CELL CROSSMATCH ADDL SERA
435,S100002,00409,00100,FLOW CROSSMATCH WITH TITERS
435,S100002,00410,00100,DECEASED DONOR WORKUP LOCAL
435,S100002,00411,00100,DECEASED DONOR WORKUP IMPORT
435,S100002,00412,00100,HLA CLASS I  ONE LOCUS  HIGH RES
435,S100002,00413,00100,HLA ANTIBODY STAT CHARGE
435,S100002,00414,00100,SERUM ARCHIVE
435,S100003,00100,00100,MEDICAL DIRECTOR
435,S100003,00100,00300,MEDICAL DIRECTOR
435,S100003,00100,00500,LAB DIRECTOR
435,S100003,00101,00100,EXEC. DIRECTOR
435,S100003,00101,00300,PROCUREMENT COORDINATOR
435,S100003,00101,00500,TECHNICIANS
435,S100003,00102,00100,CLERICAL
435,S100003,00102,00300,PRESERVATION TECHNICIANS
435,S100003,00102,00500,TISSUE TYPING TECH.
435,S100003,00103,00100,A&G MANAGER
435,S100003,00103,00300,OPERATIONS MANAGER
435,S100003,00103,00500,OTHER
435,S200000,00100,00100,N
435,S200000,00200,00100,N
435,S200000,00300,00100,N
435,S200000,00400,00100,Y
435,S200000,00400,00200,A
435,S200000,00500,00100,N
435,S200000,00600,00300,HLA LAB DIRECTOR-IN-TRAINING
435,S200000,00700,00100,TULANE UNIVERSITY
437,A000000,00100,00000,0100CAPITAL COSTS-BLDG & FIXT
437,A000000,00200,00000,0200CAPITAL COSTS-MVBLE EQUIPMENT
437,A000000,00300,00000,0300EMPLOYEE BENEFITS
437,A000000,00400,00000,0400ADMINISTRATIVE & GENERAL
437,A000000,00500,00000,0500OPERATION AND MAINTENANCE OF PLANT
437,A000000,00600,00000,0600HOUSEKEEPING
437,A000000,00700,00000,0700MEDICAL SUPPLIES
437,A000000,00900,00000,0900PROCUREMENT COORDINATORS
437,A000000,01000,00000,1000PROFESSIONAL EDUCATION
437,A000000,01100,00000,1100PUBLIC EDUCATION
437,A000000,01300,00000,1300KIDNEY ACQUISITIONS
437,A000000,01400,00000,1400TISSUE TYPING LABORATORY
437,A000000,01500,00000,1500LIVER ACQUISITIONS
437,A000000,01600,00000,1600HEART ACQUISITIONS
437,A000000,01700,00000,1700PANCREAS ACQUISITIONS
437,A000000,01800,00000,1800LUNG ACQUISITIONS
437,A000000,01900,00000,1900BONE               (WKST A2 6 L 23
437,A000000,01901,00000,1901HEART VALVES
437,A000000,01902,00000,1902SMALL INTESTINE
437,A000000,01903,00000,1903OTHER ORGAN AND TISSUE
437,A000000,02100,00000,2100RESEARCH
437,A000000,02200,00000,2200BLOOD BANK
437,A000000,02300,00000,2300LABORATORY-NON-TISSUE TYPING
437,A000000,02400,00000,2400DIALYSIS UNITS
437,A000000,02500,00000,2500TISSUE PROCUREMENT COSTS
437,A000000,02501,00000,2501BONE               (WKST A2 6 L 23
437,A000000,02502,00000,2502OTHER ORGAN AND TISSUE
437,A100000,01700,00000,BANK SERVICE CHARGE
437,A100000,01800,00000,OTHER ADMIN AND GENERAL
437,A100000,01900,00000,DONOR REGISTERY
437,A100000,01901,00000,UTILITIES/SECURITY/MAINTENANCE
437,A100000,01902,00000,SMALL OFFICE EQUIPMENT
437,A100000,01903,00000,EMPLOYEE RECRUITING
437,A100000,01904,00000,QA/QI SALARIES
437,A100000,01905,00000,DUES AND SUBSCRIPTIONS
437,A100000,01906,00000,ANSWERING SERVICE
437,A100000,01907,00000,UNALLOWABLE MEALS / BAD DEBT / MISC
437,A20H000,00900,00000,OTHER HOSPITAL COSTS
437,A20H000,02100,00000,OTHER ACQUISITION COSTS
437,A20K000,00900,00000,OTHER HOSPITAL COSTS
437,A20K000,02100,00000,OTHER ACQUISITION COSTS
437,A20L000,00900,00000,OTHER HOSPITAL COSTS
437,A20L000,02100,00000,OTHER ACQUISITION COSTS
437,A20O000,00900,00000,OTHER HOSPITAL COSTS
437,A20O000,02100,00000,OTHER ACQUISITION COSTS
437,A20O001,00900,00000,OTHER HOSPITAL COSTS
437,A20O001,02100,00000,OTHER ACQUISITION COSTS
437,A20O002,00900,00000,OTHER HOSPITAL COSTS
437,A20O002,02100,00000,OTHER ACQUISITION COSTS
437,A20O003,00900,00000,OTHER HOSPITAL COSTS
437,A20O003,02100,00000,OTHER ACQUISITION COSTS
437,A20P000,00900,00000,OTHER HOSPITAL COSTS
437,A20P000,02100,00000,OTHER ACQUISITION COSTS
437,A20U000,00900,00000,OTHER HOSPITAL COSTS
437,A20U000,02100,00000,OTHER ACQUISITION COSTS
437,A400010,00100,00000,INDIRECT TISSUE PROCUREMENT COSTS
437,A400010,00100,00100,A
437,A400010,00100,00200,TISSUE PROCUREMENT COSTS
437,A400010,00100,00500,PROCUREMENT COORDINATORS
437,A400010,00200,00000,RECLASS TISSUE ANSWERING SERVICE
437,A400010,00200,00100,B
437,A400010,00200,00200,TISSUE PROCUREMENT COSTS
437,A400010,00200,00500,ADMINISTRATIVE & GENERAL
437,A400010,00300,00000,RECLASS TISSUE ANSWERING SERVICE
437,A400010,00300,00100,B
437,A400010,00300,00500,EMPLOYEE BENEFITS
437,A400010,00400,00000,RECLASS TISSUE ANSWERING SERVICE
437,A400010,00400,00100,B
437,A400010,00400,00500,PROCUREMENT COORDINATORS
437,A400010,00500,00000,RELCASS MARKETING & PR RELATED AG
437,A400010,00500,00100,C
437,A400010,00500,00200,ADMINISTRATIVE & GENERAL
437,A400010,00500,00500,PROCUREMENT COORDINATORS
437,A400010,00600,00000,RECLASS TISSUE OVERHEAD ALLOC COSTS
437,A400010,00600,00100,D
437,A400010,00600,00200,TISSUE PROCUREMENT COSTS
437,A400010,00600,00500,PROCUREMENT COORDINATORS
437,A400010,00700,00000,RECLASS BONE & OTHER ORG AND TISSUE
437,A400010,00700,00100,E
437,A400010,00700,00200,BONE               (WKST A2 6 L 23
437,A400010,00700,00500,BONE               (WKST A2 6 L 23
437,A400010,00800,00000,RECLASS BONE & OTHER ORG AND TISSUE
437,A400010,00800,00100,E
437,A400010,00800,00200,OTHER ORGAN AND TISSUE
437,A400010,00800,00500,OTHER ORGAN AND TISSUE
437,A500010,00700,00100,B
437,A500010,00700,00300,CAPITAL COSTS-BLDG & FIXT
437,A500010,01200,00100,B
437,A500010,01200,00300,CAPITAL COSTS-BLDG & FIXT
437,A500010,01500,00000,CALL CENTER RENTAL INCOME
437,A500010,01500,00100,B
437,A500010,01500,00300,TISSUE PROCUREMENT COSTS
437,A500010,01501,00000,EMPLOYEE MEALS
437,A500010,01501,00100,A
437,A500010,01501,00300,ADMINISTRATIVE & GENERAL
437,A500010,01502,00000,CONTRIBUTIONS
437,A500010,01502,00100,B
437,A500010,01502,00300,ADMINISTRATIVE & GENERAL
437,A500010,01601,00000,LOBBYING DUES
437,A500010,01601,00100,A
437,A500010,01601,00300,ADMINISTRATIVE & GENERAL
437,A500010,01602,00000,RESEARCH REVENUE (INTENT FOR RESEARC
437,A500010,01602,00100,B
437,A500010,01602,00300,PROCUREMENT COORDINATORS
437,A500010,01603,00000,LIVER SURGEON FEES
437,A500010,01603,00100,A
437,A500010,01603,00300,LIVER ACQUISITIONS
437,A500010,01604,00000,HEART SURGEON FEES
437,A500010,01604,00100,A
437,A500010,01604,00300,HEART ACQUISITIONS
437,A500010,01605,00000,PANCREAS SURGEON FEES
437,A500010,01605,00100,A
437,A500010,01605,00300,PANCREAS ACQUISITIONS
437,A500010,01606,00000,LUNG SURGEON FEES
437,A500010,01606,00100,A
437,A500010,01606,00300,LUNG ACQUISITIONS
437,A500010,01608,00000,SMALL BOWEL SURGEON FEES
437,A500010,01608,00100,A
437,A500010,01608,00300,SMALL INTESTINE
437,A500010,01609,00000,LIVER SURGEON FEES
437,A500010,01609,00100,A
437,A500010,01609,00300,LIVER ACQUISITIONS
437,A500010,01610,00000,HEART SURGEON FEES
437,A500010,01610,00100,A
437,A500010,01610,00300,HEART ACQUISITIONS
437,A500010,01611,00000,PANCREAS SURGEON FEES
437,A500010,01611,00100,A
437,A500010,01611,00300,PANCREAS ACQUISITIONS
437,A500010,01612,00000,LUNG SURGEON FEES
437,A500010,01612,00100,A
437,A500010,01612,00300,LUNG ACQUISITIONS
437,A500010,01613,00000,SMALL BOWEL SURGEON FEES
437,A500010,01613,00100,A
437,A500010,01613,00300,SMALL INTESTINE
437,A51000A,00100,00100,N
437,A60000A,00700,00000,CONSTRUCTION IN PROGRESS
437,A60000C,00500,00100,N
437,B10000*,00100,00200,CAP BLDG
437,B10000*,00100,00300,CAP COSTS
437,B10000*,00100,00400,EMPLOYEE
437,B10000*,00100,00500,MEDICAL
437,B10000*,00100,00800,ORGAN
437,B10000*,00100,01000,ADMIN &
437,B10000*,00200,00200,OP PLANT &
437,B10000*,00200,00300,MOVABLE
437,B10000*,00200,00400,BENEFITS
437,B10000*,00200,00500,SUPPLIES
437,B10000*,00200,00800,ACQUISITN
437,B10000*,00200,01000,GENERAL
437,B10000*,00300,00200,HOUSEKEEP
437,B10000*,00300,00300,EQUIPMENT
437,B10000*,00300,00800,COSTS
437,B10000*,00400,00200,SQUARE
437,B10000*,00400,00300,DOLLAR
437,B10000*,00400,00400,ADJUST
437,B10000*,00400,00500,COSTED
437,B10000*,00400,00800,NUMBER
437,B10000*,00400,01000,ACCUM
437,B10000*,00500,00200,FEET
437,B10000*,00500,00300,VALUE
437,B10000*,00500,00400,SALARIES
437,B10000*,00500,00500,REQUISIT
437,B10000*,00500,00800,ORGANS
437,B10000*,00500,01000,COSTS
437,B10000*,00600,00200,1
437,B10000*,00600,00300,2
437,B10000*,00600,00400,3
437,B10000*,00600,00500,3
437,B10000*,00600,00800,3
437,B10000*,00600,01000,3
437,B100000,00000,01000,X
437,E000000,00900,00000,ESTIMATED THIRD PARTY RECEIVABLE
437,E000000,02600,00000,CONSTRUCTION WORK IN PROGRESS
437,E000000,03100,00000,OTHER
437,E000000,03900,00000,ESTIMATED THIRD PARTY SETTLEMENTS
437,E000000,04100,00000,ACCRUED INTEREST PAYABLE
437,E200000,01900,00000,LOAN FORGIVENESS PROCEEDS
437,E200000,02000,00000,MISCELLANEOUS REVENUE
437,E200000,02100,00000,GAIN ON DISPOSAL OF PP&E
437,E200000,02200,00000,UNREALIZED INVESTMENT GAIN
437,E200000,02600,00000,UNREALIZED INVESTMENT LOSS
437,E200000,02700,00000,LOSS ON SALE OF ASSETS
437,E200000,02701,00000,INVESTMENT LOSS
437,S000000,00100,00100,X
437,S000000,00400,00100,2
437,S000000,00500,00100,12/06/2021
437,S000000,00600,00100,10001
437,S000000,00700,00100,N
437,S000000,00800,00100,N
437,S000000,00900,00100,05/10/2023
437,S000000,01000,00100,4
437,S000001,00100,00100,NEBRASKA ORGAN RECOVERY SYSTEM  INC.
437,S000001,00100,00200,28P001
437,S000001,00101,00100,3867 LEAVENWORTH STREET
437,S000001,00102,00100,OMAHA
437,S000001,00102,00200,NE
437,S000001,00102,00300,68105
437,S000001,00300,00100,07/01/2020
437,S000001,00300,00200,06/30/2021
437,S000001,00400,00100,6
437,S000001,00400,00300,1
437,S000001,00400,00400,02/22/1979
437,S000001,00401,00300,1
437,S100001,00700,00100,N
437,S100001,00810,00000,SMALL BOWEL
437,S100001,00811,00000,OTHER TISSUE
437,S100003,00100,00100,MEDICAL DIRECTOR
437,S100003,00100,00300,MEDICAL DIRECTOR
437,S100003,00100,00500,LAB DIRECTOR
437,S100003,00101,00100,EXEC. DIRECTOR
437,S100003,00101,00300,PROCUREMENT COORDINATOR
437,S100003,00101,00500,TECHNICIANS
437,S100003,00102,00100,CLERICAL
437,S100003,00102,00300,PRESERVATION TECHNICIANS
437,S100003,00102,00500,TISSUE TYPING TECH.
437,S100003,00103,00100,OTHER
437,S100003,00103,00300,OTHER
437,S100003,00103,00500,OTHER
437,S200000,00100,00100,N
437,S200000,00200,00100,N
437,S200000,00300,00100,N
437,S200000,00400,00100,Y
437,S200000,00400,00200,A
437,S200000,00400,00300,09/16/2021
437,S200000,00500,00100,N
437,S200000,00600,00300,PARTNER
437,S200000,00700,00100,SEIM JOHNSON  LLP
524,A000000,00100,00000,0100CAPITAL COSTS-BLDG & FIXT
524,A000000,00200,00000,0200CAPITAL COSTS-MVBLE EQUIPMENT
524,A000000,00300,00000,0300EMPLOYEE BENEFITS
524,A000000,00400,00000,0400ADMINISTRATIVE & GENERAL
524,A000000,00500,00000,0500OPERATION AND MAINTENANCE OF PLANT
524,A000000,00600,00000,0600HOUSEKEEPING
524,A000000,00700,00000,0700MEDICAL SUPPLIES
524,A000000,00800,00000,0800OTHER OVERHEAD
524,A000000,00900,00000,0900PROCUREMENT COORDINATORS
524,A000000,01000,00000,1000PROFESSIONAL EDUCATION
524,A000000,01100,00000,1100PUBLIC EDUCATION
524,A000000,01200,00000,1200OTHER ACQUISITION
524,A000000,01300,00000,1300KIDNEY ACQUISITIONS
524,A000000,01400,00000,1400TISSUE TYPING LABORATORY
524,A000000,01500,00000,1500LIVER ACQUISITIONS
524,A000000,01600,00000,1600HEART ACQUISITIONS
524,A000000,01700,00000,1700PANCREAS ACQUISITIONS
524,A000000,01800,00000,1800LUNG ACQUISITIONS
524,A000000,01900,00000,1900OTHER ACQUISITIONS
524,A000000,02100,00000,2100RESEARCH
524,A000000,02200,00000,2200BLOOD BANK
524,A000000,02300,00000,2300LABORATORY-NON-TISSUE TYPING
524,A000000,02400,00000,2400DIALYSIS UNITS
524,A000000,02500,00000,2500OTHER NON-REIMBURSABLE
524,A100000,01700,00000,OTHER G&A
524,A100000,01800,00000,DEPRECIATION
524,A100000,01900,00000,REPAIRS & MAINTENANCE
524,A100000,01901,00000,UTILITIES
524,A100000,01902,00000,PAYROLL CONTRACT
524,A300000,00600,00000,REAGENT & LAB SUPPLIES
524,A300000,00700,00000,TRAVEL
524,A300000,00800,00000,ADMIN
524,A300000,00900,00000,LAB CONSULTANTS
524,A300000,01000,00000,ACCOUNTING LEGAL AUDIT
524,A300000,01001,00000,DEPRECIATION
524,A300000,01002,00000,RENT AND LEASE EXPENSE
524,A300000,01003,00000,UTILITIES
524,A500010,01500,00000,COLLECTION KIT REVENUE
524,A500010,01500,00100,B
524,A500010,01500,00300,TISSUE TYPING LABORATORY
524,A500010,01600,00000,GAIN ON SALE OF ASSETS
524,A500010,01600,00100,B
524,A500010,01600,00300,TISSUE TYPING LABORATORY
524,A500010,01601,00000,GAIN ON SALE OF ASSETS
524,A500010,01601,00100,B
524,A500010,01601,00300,ADMINISTRATIVE & GENERAL
524,A500010,01602,00000,BAD DEBT EXPENSE
524,A500010,01602,00100,A
524,A500010,01602,00300,TISSUE TYPING LABORATORY
524,A51000A,00100,00100,N
524,A60000A,00700,00000,LEASEHOLD IMPROVEMENTS
524,A60000B,00800,00000,LEASEHOLD IMPROVEMENTS
524,A60000C,00500,00100,N
524,B10000*,00100,00200,CAP BLDG
524,B10000*,00100,00300,CAP COSTS
524,B10000*,00100,00400,EMPLOYEE
524,B10000*,00100,00500,MEDICAL
524,B10000*,00100,00800,ORGAN
524,B10000*,00100,01000,ADMIN &
524,B10000*,00200,00200,OP PLANT &
524,B10000*,00200,00300,MOVABLE
524,B10000*,00200,00400,BENEFITS
524,B10000*,00200,00500,SUPPLIES
524,B10000*,00200,00800,ACQUISITN
524,B10000*,00200,01000,GENERAL
524,B10000*,00300,00200,HOUSEKEEP
524,B10000*,00300,00300,EQUIPMENT
524,B10000*,00300,00800,COSTS
524,B10000*,00400,00200,SQUARE
524,B10000*,00400,00300,DOLLAR
524,B10000*,00400,00400,ADJUST
524,B10000*,00400,00500,COSTED
524,B10000*,00400,00800,NUMBER
524,B10000*,00400,01000,ACCUM
524,B10000*,00500,00200,FEET
524,B10000*,00500,00300,VALUE
524,B10000*,00500,00400,SALARIES
524,B10000*,00500,00500,REQUISIT
524,B10000*,00500,00800,ORGANS
524,B10000*,00500,01000,COSTS
524,B10000*,00600,00200,1
524,B10000*,00600,00300,2
524,B10000*,00600,00400,3
524,B10000*,00600,00500,3
524,B10000*,00600,00800,3
524,B10000*,00600,01000,3
524,B100000,00000,01000,X
524,E000000,00900,00000,OTHER
524,E000000,02600,00000,OTHER FIXED ASSETS
524,E000000,03900,00000,RETIREMENT PAYABLE
524,E000000,04100,00000,OTHER PAYABLE
524,E200000,02000,00000,OTHER INCOME - CELL PROCESSING
524,E200000,02100,00000,GAIN/LOSS ON SALE OF ASSETS
524,E200000,02600,00000,ROUNDING
524,S000000,00100,00100,X
524,S000000,00400,00100,2
524,S000000,00500,00100,04/22/2022
524,S000000,00600,00100,10001
524,S000000,00700,00100,N
524,S000000,00800,00100,N
524,S000000,00900,00100,10/11/2023
524,S000000,01000,00100,4
524,S000001,00100,00100,HI CELLULAR THERAPY & TRANSPLANT
524,S000001,00100,00200,12HL01
524,S000001,00101,00100,2226 LILIHA STREET  5TH FLOOR
524,S000001,00102,00100,HONOLULU
524,S000001,00102,00200,HI
524,S000001,00102,00300,96817
524,S000001,00300,00100,07/01/2020
524,S000001,00300,00200,10/11/2020
524,S000001,00400,00100,6
524,S000001,00400,00300,2
524,S000001,00400,00400,07/01/2014
524,S000001,00401,00300,2
524,S000002,00300,00100,CEO
524,S100001,00700,00100,N
524,S100001,00810,00000,OTHER
524,S100002,00400,00100,CPRA & AB IDENTIFICATION (CLASS I)
524,S100002,00401,00100,CPRA & AB IDENTIFICATION (CLASS II)
524,S100002,00402,00100,CROSSMATCH  DECEASED DONOR
524,S100002,00403,00100,CROSSMATCH  INITIAL  AUTO
524,S100002,00404,00100,CROSSMATCH  LIVING DONOR
524,S100002,00405,00100,HBCAB DONOR EIA
524,S100002,00406,00100,HBSAG EIA
524,S100002,00407,00100,HBV DONOR NAT
524,S100002,00408,00100,HCV AB EIA
524,S100002,00409,00100,HCV DONOR NAT
524,S100002,00410,00100,HIV 1/2 DONOR EIA
524,S100002,00411,00100,HIV DONOR NAT
524,S100002,00412,00100,HLA CLASS I NULL
524,S100002,00413,00100,HLA CLASS II NULL
524,S100002,00414,00100,HLA-A B C DR DQA DQB DP DECEASED DON
524,S100002,00415,00100,HLA-A B C DR DQ
524,S100002,00416,00100,HLA-C
524,S100002,00417,00100,HLA-DPB
524,S100002,00418,00100,MONTLY AB SCREEN (CLASS I AND II)
524,S100002,00419,00100,PRA & AB IDENTIFICATION (CLASS I)
524,S100002,00420,00100,PRA & AB IDENTIFICATION (CLASS II)
524,S100002,00421,00100,SINGLE ANTIGEN AB IDENT (CLASS I)
524,S100002,00422,00100,SINGLE ANTIGEN AB IDENT (CLASS II)
524,S100002,00423,00100,HLA-DQA
524,S100003,00100,00100,MEDICAL DIRECTOR
524,S100003,00100,00300,MEDICAL DIRECTOR
524,S100003,00100,00500,LAB DIRECTOR
524,S100003,00101,00100,EXEC. DIRECTOR
524,S100003,00101,00300,PROCUREMENT COORDINATOR
524,S100003,00101,00500,TECHNICIANS
524,S100003,00102,00100,CLERICAL
524,S100003,00102,00300,PRESERVATION TECHNICIANS
524,S100003,00102,00500,TISSUE TYPING TECH.
524,S100003,00103,00100,OTHER
524,S100003,00103,00300,OTHER
524,S100003,00103,00500,OTHER
524,S200000,00100,00100,Y
524,S200000,00100,00200,10/12/2020
524,S200000,00100,00300,10/04/2020
524,S200000,00200,00100,N
524,S200000,00300,00100,N
524,S200000,00400,00100,N
524,S200000,00500,00100,N
524,S200000,00600,00300,CONSULTANT
524,S200000,00700,00100,SH CONSULTING
562,A000000,00100,00000,0100CAPITAL COSTS-BLDG & FIXT
562,A000000,00200,00000,0200CAPITAL COSTS-MVBLE EQUIPMENT
562,A000000,00300,00000,0300EMPLOYEE BENEFITS
562,A000000,00400,00000,0400ADMINISTRATIVE & GENERAL
562,A000000,00500,00000,0500OPERATION AND MAINTENANCE OF PLANT
562,A000000,00600,00000,0600HOUSEKEEPING
562,A000000,00700,00000,0700MEDICAL SUPPLIES
562,A000000,00800,00000,0800OTHER OVERHEAD
562,A000000,00900,00000,0900PROCUREMENT COORDINATORS
562,A000000,01000,00000,1000PROFESSIONAL EDUCATION
562,A000000,01100,00000,1100PUBLIC EDUCATION
562,A000000,01200,00000,1200OTHER ACQUISITION
562,A000000,01300,00000,1300KIDNEY ACQUISITIONS
562,A000000,01400,00000,1400TISSUE TYPING LABORATORY
562,A000000,01500,00000,1500LIVER ACQUISITIONS
562,A000000,01600,00000,1600HEART ACQUISITIONS
562,A000000,01700,00000,1700PANCREAS ACQUISITIONS
562,A000000,01800,00000,1800LUNG ACQUISITIONS
562,A000000,01900,00000,1900OTHER ACQUISITIONS
562,A000000,02100,00000,2100RESEARCH
562,A000000,02200,00000,2200BLOOD BANK
562,A000000,02300,00000,2300LABORATORY-NON-TISSUE TYPING
562,A000000,02400,00000,2400DIALYSIS UNITS
562,A000000,02500,00000,2500OTHER NON-REIMBURSABLE
562,A100000,01700,00000,CFO  FINANCE & ADMINISTRATION SERVIC
562,A100000,01800,00000,HUMAN RESOURCES
562,A100000,01900,00000,QUALITY ASSURANCE/REGULATORY AFFAIRS
562,A100000,01901,00000,SAFETY & SURVEILLANCE
562,A100000,01902,00000,COMMUNICATIONS/MARKETING
562,A100000,01903,00000,TRANSPORTATION
562,A100000,01904,00000,MATERIALS MANAGEMENT
562,A100000,01905,00000,CUSTOMER ENGAGEMENT
562,A100000,01906,00000,PROCESS & PROJECT MANAGEMENT
562,A100000,01907,00000,MEDICAL EDUCATION PROGRAM
562,A100000,01908,00000,COO OFFICE
562,A100000,01909,00000,MEDICAL DIRECTORS OFFICE
562,A100000,01910,00000,TRUSTEE RELATIONS
562,A300000,00600,00000,CLERICAL
562,A300000,00700,00000,FREIGHT & POSTAGE
562,A300000,00800,00000,DRUGS & SUPPLIES
562,A300000,00900,00000,TRAVEL & TRAINING
562,A300000,01000,00000,MINOR OFFICE & MEDICAL EQUIPMENT
562,A300000,01001,00000,OTHER
562,A300000,01002,00000,FURNITURE & FIXTURES DEPRECIATION
562,A300000,01003,00000,MEDICAL EQUIPMENT DEPRECIATION
562,A300000,01004,00000,TELEPHONE
562,A300000,01005,00000,DUES/PERMITS/LICENSES/PUBLICATIONS
562,A300000,01006,00000,LAUNDRY & JANITORIAL SUPPLIES
562,A300000,01007,00000,PRINTING EXPENSE
562,A400010,00100,00000,RECLASSIFICATIONS
562,A400010,00100,00100,A
562,A400010,00100,00200,CAPITAL COSTS-BLDG & FIXT
562,A400010,00100,00500,OPERATION AND MAINTENANCE OF PLANT
562,A400010,00200,00000,RECLASSIFICATIONS
562,A400010,00200,00100,A
562,A400010,00200,00200,CAPITAL COSTS-BLDG & FIXT
562,A400010,00200,00500,ADMINISTRATIVE & GENERAL
562,A400010,00300,00000,RECLASSIFICATIONS
562,A400010,00300,00100,A
562,A400010,00300,00200,TISSUE TYPING LABORATORY
562,A400010,00300,00500,OPERATION AND MAINTENANCE OF PLANT
562,A400010,00400,00000,RECLASSIFICATIONS
562,A400010,00400,00100,A
562,A400010,00400,00200,CAPITAL COSTS-BLDG & FIXT
562,A400010,00400,00500,OPERATION AND MAINTENANCE OF PLANT
562,A400010,00500,00000,RECLASSIFICATIONS
562,A400010,00500,00100,A
562,A400010,00500,00200,CAPITAL COSTS-BLDG & FIXT
562,A400010,00500,00500,ADMINISTRATIVE & GENERAL
562,A400010,00600,00000,RECLASSIFICATIONS
562,A400010,00600,00100,A
562,A400010,00600,00200,CAPITAL COSTS-MVBLE EQUIPMENT
562,A400010,00600,00500,ADMINISTRATIVE & GENERAL
562,A400010,00700,00000,RECLASSIFICATIONS
562,A400010,00700,00100,A
562,A400010,00700,00200,CAPITAL COSTS-MVBLE EQUIPMENT
562,A400010,00700,00500,OPERATION AND MAINTENANCE OF PLANT
562,A400010,00800,00000,RECLASSIFICATIONS
562,A400010,00800,00100,A
562,A400010,00800,00200,CAPITAL COSTS-MVBLE EQUIPMENT
562,A400010,00800,00500,ADMINISTRATIVE & GENERAL
562,A400010,00900,00000,RECLASSIFICATIONS
562,A400010,00900,00100,A
562,A400010,00900,00200,TISSUE TYPING LABORATORY
562,A400010,00900,00500,BLOOD BANK
562,A400010,01000,00000,RECLASSIFICATIONS
562,A400010,01000,00100,A
562,A400010,01000,00200,CAPITAL COSTS-BLDG & FIXT
562,A400010,01000,00500,OPERATION AND MAINTENANCE OF PLANT
562,A500010,00700,00100,B
562,A500010,00700,00300,OPERATION AND MAINTENANCE OF PLANT
562,A500010,00900,00100,A
562,A500010,00900,00300,ADMINISTRATIVE & GENERAL
562,A500010,01200,00100,B
562,A500010,01200,00300,ADMINISTRATIVE & GENERAL
562,A500010,01500,00000,EMPLOYEE PARKING RECEIPTS
562,A500010,01500,00100,B
562,A500010,01500,00300,OPERATION AND MAINTENANCE OF PLANT
562,A500010,01600,00000,DELIVERY INCOME
562,A500010,01600,00100,B
562,A500010,01600,00300,BLOOD BANK
562,A500010,01601,00000,INCOME TO OFFSET ADMIN & GENERAL EXP
562,A500010,01601,00100,B
562,A500010,01601,00300,ADMINISTRATIVE & GENERAL
562,A51000A,00100,00100,N
562,A60000A,00700,00000,LEASEHOLD IMPROVEMENTS
562,A60000A,00701,00000,WORK IN PROGRESS
562,A60000A,00702,00000,BUILDING IMPROVEMENTS
562,A60000A,00703,00000,COMPUTER HARDWARE
562,A60000A,00704,00000,COMPUTER SOFTWARE
562,A60000B,00800,00000,LEASEHOLD IMPROVEMENTS
562,A60000B,00801,00000,COMPUTER HARDWARE
562,A60000B,00802,00000,COMPUTER SOFTWARE
562,A60000C,00500,00100,N
562,B10000*,00100,00200,CAP BLDG
562,B10000*,00100,00300,CAP COSTS
562,B10000*,00100,00400,EMPLOYEE
562,B10000*,00100,00500,MEDICAL
562,B10000*,00100,00800,ORGAN
562,B10000*,00100,01000,ADMIN &
562,B10000*,00200,00200,OP PLANT &
562,B10000*,00200,00300,MOVABLE
562,B10000*,00200,00400,BENEFITS
562,B10000*,00200,00500,SUPPLIES
562,B10000*,00200,00800,ACQUISITN
562,B10000*,00200,01000,GENERAL
562,B10000*,00300,00200,HOUSEKEEP
562,B10000*,00300,00300,EQUIPMENT
562,B10000*,00300,00800,COSTS
562,B10000*,00400,00200,SQUARE
562,B10000*,00400,00300,DOLLAR
562,B10000*,00400,00400,ADJUST
562,B10000*,00400,00500,COSTED
562,B10000*,00400,00800,NUMBER
562,B10000*,00400,01000,ACCUM
562,B10000*,00500,00200,FEET
562,B10000*,00500,00300,VALUE
562,B10000*,00500,00400,SALARIES
562,B10000*,00500,00500,REQUISIT
562,B10000*,00500,00800,ORGANS
562,B10000*,00500,01000,COSTS
562,B10000*,00600,00200,1
562,B10000*,00600,00300,2
562,B10000*,00600,00400,3
562,B10000*,00600,00500,3
562,B10000*,00600,00800,3
562,B10000*,00600,01000,3
562,B100000,00000,01000,X
562,E000000,00900,00000,OTHER
562,E000000,02600,00000,OTHER
562,E000000,03100,00000,OTHER LONG-TERM ASSETS
562,E000000,03900,00000,OTHER CURRENT LIABILITIES
562,E000000,04600,00000,PPP NOTE PAYABLE
562,E000000,04700,00000,DEFERRED RENT LIABILITY
562,E100001,00700,00000,GRANTS AND CONTRACTS
562,E200000,02000,00000,MISCELLANEOUS
562,E200000,02600,00000,LOSS ON DISCONTINUED OPERATIONS
562,E200000,02700,00000,NET OP LOSS (GOODWILL IMPAIRMENT)
562,S000000,00100,00100,X
562,S000000,00400,00100,4
562,S000000,00500,00100,11/24/2021
562,S000000,00600,00100,10001
562,S000000,00700,00100,N
562,S000000,00800,00100,N
562,S000000,00900,00100,01/09/2024
562,S000000,01000,00100,4
562,S000001,00100,00100,BLOODWORKS
562,S000001,00100,00200,50HL01
562,S000001,00101,00100,921 TERRY AVENUE
562,S000001,00102,00100,SEATTLE
562,S000001,00102,00200,WA
562,S000001,00102,00300,98104
562,S000001,00300,00100,07/01/2020
562,S000001,00300,00200,06/30/2021
562,S000001,00400,00100,6
562,S000001,00400,00300,2
562,S000001,00400,00400,01/01/1997
562,S000001,00401,00300,1
562,S000002,00100,00200,Y
562,S000002,00300,00100,CHIEF FINANCIAL OFFICER
562,S000002,00400,00100,11/22/2021
562,S100001,00700,00100,N
562,S100001,00810,00000,OTHER
562,S100002,00400,00100,DECEASED DONOR WORKUP-LOCAL
562,S100002,00401,00100,DECEASED DONOR WORKUP-IMPORT
562,S100002,00402,00100,HLA ANTIBODY DETECTION
562,S100002,00403,00100,HLA ANTIBODY SPECIFICITY
562,S100002,00404,00100,HLA ANTIBDY SPECIF MONITORING DSA
562,S100002,00405,00100,HLA CLASS I& II (A B C DR DQ) TYPING
562,S100002,00406,00100,SPECIMEN PROCESSING (SERUM)
562,S100002,00407,00100,SPECIMEN PROCESSING (CELLS)
562,S100002,00408,00100,LYMPHOCYTE CROSSMATCH
562,S100002,00409,00100,LYMPHOCYTE CROSSMACH STAT
562,S100002,00410,00100,HIGH-RESOLUTION TYPING  HLA-DPB1
562,S100002,00411,00100,HIGH-RESOLUTION TYPING  HLA-DQA1
562,S100003,00100,00100,MEDICAL DIRECTOR
562,S100003,00100,00300,MEDICAL DIRECTOR
562,S100003,00100,00500,LAB DIRECTOR
562,S100003,00101,00100,EXEC. DIRECTOR
562,S100003,00101,00300,PROCUREMENT COORDINATOR
562,S100003,00101,00500,TECHNICIANS
562,S100003,00102,00100,CLERICAL
562,S100003,00102,00300,PRESERVATION TECHNICIANS
562,S100003,00102,00500,TISSUE TYPING TECH.
562,S100003,00103,00100,OTHER
562,S100003,00103,00300,OTHER
562,S100003,00103,00500,OTHER
562,S200000,00100,00100,N
562,S200000,00200,00100,N
562,S200000,00300,00100,N
562,S200000,00400,00100,Y
562,S200000,00400,00200,A
562,S200000,00500,00100,Y
562,S200000,00600,00300,DIRECTOR  ACCOUNTING/CONTROLLER
562,S200000,00700,00100,BLOODWORKS NORTHWEST
569,A000000,00100,00000,0100CAPITAL COSTS-BLDG & FIXT
569,A000000,00200,00000,0200CAPITAL COSTS-MVBLE EQUIPMENT
569,A000000,00300,00000,0300EMPLOYEE BENEFITS
569,A000000,00400,00000,0400ADMINISTRATIVE & GENERAL
569,A000000,00500,00000,0500OPERATION AND MAINTENANCE OF PLANT
569,A000000,00600,00000,0600HOUSEKEEPING
569,A000000,00700,00000,0700MEDICAL SUPPLIES
569,A000000,00800,00000,0800OTHER OVERHEAD
569,A000000,00900,00000,0900PROCUREMENT COORDINATORS
569,A000000,01000,00000,1000PROFESSIONAL EDUCATION
569,A000000,01100,00000,1100PUBLIC EDUCATION
569,A000000,01200,00000,1200FAMILY SERVICES
569,A000000,01201,00000,1201QUALITY SYSTEMS
569,A000000,01202,00000,1202POTENTIAL DONOR COSTS
569,A000000,01300,00000,1300KIDNEY ACQUISITIONS
569,A000000,01400,00000,1400TISSUE TYPING LABORATORY
569,A000000,01500,00000,1500LIVER ACQUISITIONS
569,A000000,01600,00000,1600HEART ACQUISITIONS
569,A000000,01700,00000,1700PANCREAS ACQUISITIONS
569,A000000,01800,00000,1800LUNG ACQUISITIONS
569,A000000,01900,00000,1900OTHER ACQUISITIONS
569,A000000,02100,00000,2100RESEARCH
569,A000000,02200,00000,2200BLOOD BANK
569,A000000,02300,00000,2300LABORATORY-NON-TISSUE TYPING
569,A000000,02400,00000,2400DIALYSIS UNITS
569,A000000,02500,00000,2500OTHER NON-REIMBURSABLE
569,A100000,01700,00000,SMALL EQUIPMENT
569,A20H000,00900,00000,OTHER EXCISION COSTS
569,A20H000,00901,00000,STANDARDIZED CASE RATES
569,A20H000,02100,00000,OTHER ACQUISITON COSTS
569,A20K000,00900,00000,OTHER EXCISION COSTS
569,A20K000,00901,00000,STANDARDIZED CASE RATE
569,A20K000,02100,00000,OTHER ACQUISITON COSTS
569,A20L000,00900,00000,OTHER EXCISION COSTS
569,A20L000,00901,00000,STANDARDIZED CASE RATE
569,A20L000,02100,00000,OTHER ACQUISITION COSTS
569,A20O000,02100,00000,OTHER ACQUISITION COSTS
569,A20P000,00900,00000,OTHER EXCISION COSTS
569,A20P000,00901,00000,STANDARDIZED CASE RATE
569,A20P000,02100,00000,OTHER ACQUISITION COSTS
569,A20U000,00900,00000,OTHER EXCISION COSTS
569,A20U000,00901,00000,STANDARDIZED CASE RATE
569,A20U000,02100,00000,OTHER ACQUISITION COSTS
569,A400010,00100,00000,RECLASSIFICATIONS
569,A400010,00100,00100,A
569,A400010,00100,00200,OTHER NON-REIMBURSABLE
569,A400010,00100,00500,PROCUREMENT COORDINATORS
569,A400010,00200,00000,RECLASSIFICATIONS
569,A400010,00200,00100,A
569,A400010,00200,00200,OTHER NON-REIMBURSABLE
569,A400010,00200,00500,PROFESSIONAL EDUCATION
569,A400010,00300,00000,RECLASSIFICATIONS
569,A400010,00300,00100,A
569,A400010,00300,00200,OTHER NON-REIMBURSABLE
569,A400010,00300,00500,FAMILY SERVICES
569,A400010,00400,00000,RECLASSIFICATIONS
569,A400010,00400,00100,A
569,A400010,00400,00200,OTHER NON-REIMBURSABLE
569,A400010,00400,00500,FAMILY SERVICES
569,A400010,00500,00000,RECLASSIFICATIONS
569,A400010,00500,00100,A
569,A400010,00500,00200,OTHER NON-REIMBURSABLE
569,A400010,00500,00500,PROCUREMENT COORDINATORS
569,A400010,00600,00000,RECLASSIFICATIONS
569,A400010,00600,00100,A
569,A400010,00600,00200,OTHER NON-REIMBURSABLE
569,A400010,00600,00500,QUALITY SYSTEMS
569,A400010,00700,00000,RECLASSIFICATIONS
569,A400010,00700,00100,A
569,A400010,00700,00200,OTHER NON-REIMBURSABLE
569,A400010,00700,00500,PUBLIC EDUCATION
569,A400010,00800,00000,RECLASSIFICATIONS
569,A400010,00800,00100,A
569,A400010,00800,00200,POTENTIAL DONOR COSTS
569,A400010,00800,00500,KIDNEY ACQUISITIONS
569,A400010,00900,00000,RECLASSIFICATIONS
569,A400010,00900,00100,A
569,A400010,00900,00200,POTENTIAL DONOR COSTS
569,A400010,00900,00500,LIVER ACQUISITIONS
569,A400010,01000,00000,RECLASSIFICATIONS
569,A400010,01000,00100,A
569,A400010,01000,00200,POTENTIAL DONOR COSTS
569,A400010,01000,00500,HEART ACQUISITIONS
569,A400010,01100,00000,RECLASSIFICATIONS
569,A400010,01100,00100,A
569,A400010,01100,00200,POTENTIAL DONOR COSTS
569,A400010,01100,00500,OTHER NON-REIMBURSABLE
569,A400010,01200,00000,RECLASSIFICATIONS
569,A400010,01200,00100,A
569,A400010,01200,00200,MEDICAL SUPPLIES
569,A400010,01200,00500,POTENTIAL DONOR COSTS
569,A400010,01300,00000,RECLASSIFICATIONS
569,A400010,01300,00100,A
569,A400010,01300,00200,POTENTIAL DONOR COSTS
569,A400010,01300,00500,PANCREAS ACQUISITIONS
569,A400010,01400,00000,TO INCREASE TISSUE RECLASS
569,A400010,01400,00100,B
569,A400010,01400,00200,OTHER NON-REIMBURSABLE
569,A400010,01400,00500,PROCUREMENT COORDINATORS
569,A500010,00800,00100,B
569,A500010,00800,00300,PROCUREMENT COORDINATORS
569,A500010,01100,00100,B
569,A500010,01100,00300,MEDICAL SUPPLIES
569,A500010,01500,00000,ENTERTAINMENT
569,A500010,01500,00100,A
569,A500010,01500,00300,PROFESSIONAL EDUCATION
569,A500010,01501,00000,PUBLIC RELATIONS
569,A500010,01501,00100,A
569,A500010,01501,00300,PROFESSIONAL EDUCATION
569,A500010,01502,00000,TRAVEL NOT RELATED TO PATIENT CARE
569,A500010,01502,00100,A
569,A500010,01502,00300,PROFESSIONAL EDUCATION
569,A500010,01503,00000,ENTERTAINMENT
569,A500010,01503,00100,A
569,A500010,01503,00300,PUBLIC EDUCATION
569,A500010,01504,00000,ENTERTAINMENT
569,A500010,01504,00100,A
569,A500010,01504,00300,FAMILY SERVICES
569,A500010,01505,00000,TRAVEL NOT RELATED TO PATIENT CARE
569,A500010,01505,00100,A
569,A500010,01505,00300,FAMILY SERVICES
569,A500010,01506,00000,TRAVEL NOT RELATED TO PATIENT CARE
569,A500010,01506,00100,A
569,A500010,01506,00300,QUALITY SYSTEMS
569,A500010,01507,00000,ENTERTAINMENT
569,A500010,01507,00100,A
569,A500010,01507,00300,OTHER NON-REIMBURSABLE
569,A500010,01508,00000,TRAVEL NOT RELATED TO PATIENT CARE
569,A500010,01508,00100,A
569,A500010,01508,00300,EMPLOYEE BENEFITS
569,A500010,01509,00000,TRAVEL NOT RELATED TO PATIENT CARE
569,A500010,01509,00100,A
569,A500010,01509,00300,ADMINISTRATIVE & GENERAL
569,A500010,01510,00000,ENTERTAINMENT
569,A500010,01510,00100,A
569,A500010,01510,00300,ADMINISTRATIVE & GENERAL
569,A500010,01511,00000,TRAVEL NOT RELATED TO PATIENT CARE
569,A500010,01511,00100,A
569,A500010,01511,00300,ADMINISTRATIVE & GENERAL
569,A500010,01512,00000,ENTERTAINMENT
569,A500010,01512,00100,A
569,A500010,01512,00300,ADMINISTRATIVE & GENERAL
569,A500010,01513,00000,ENTERTAINMENT
569,A500010,01513,00100,A
569,A500010,01513,00300,PROCUREMENT COORDINATORS
569,A500010,01514,00000,TRAVEL NOT RELATED TO PATIENT CARE
569,A500010,01514,00100,A
569,A500010,01514,00300,PROCUREMENT COORDINATORS
569,A500010,01515,00000,ENTERTAINMENT
569,A500010,01515,00100,A
569,A500010,01515,00300,ADMINISTRATIVE & GENERAL
569,A500010,01516,00000,GROSS UP SMALL BOWELS
569,A500010,01516,00100,A
569,A500010,01516,00300,OTHER ACQUISITIONS
569,A500010,01517,00000,LOBBYING EXPENSE
569,A500010,01517,00100,A
569,A500010,01517,00300,ADMINISTRATIVE & GENERAL
569,A500010,01518,00000,TISSUE TRANSPORTATION REIMBURSEMENT
569,A500010,01518,00100,B
569,A500010,01518,00300,OTHER NON-REIMBURSABLE
569,A500010,01519,00000,NONALLOWABLE EXPENSES
569,A500010,01519,00100,A
569,A500010,01519,00300,ADMINISTRATIVE & GENERAL
569,A51000A,00100,00100,N
569,A60000A,00700,00000,LEASEHOLD IMPROVEMENTS
569,A60000B,00800,00000,LEASEHOLD IMPROVEMENTS
569,A60000C,00500,00100,N
569,B10000*,00100,00200,CAP BLDG
569,B10000*,00100,00300,CAP COSTS
569,B10000*,00100,00400,EMPLOYEE
569,B10000*,00100,00500,MEDICAL
569,B10000*,00100,00800,ORGAN
569,B10000*,00100,01000,ADMIN &
569,B10000*,00200,00200,OP PLANT &
569,B10000*,00200,00300,MOVABLE
569,B10000*,00200,00400,BENEFITS
569,B10000*,00200,00500,SUPPLIES
569,B10000*,00200,00800,ACQUISITN
569,B10000*,00200,01000,GENERAL
569,B10000*,00300,00200,HOUSEKEEP
569,B10000*,00300,00300,EQUIPMENT
569,B10000*,00300,00800,COSTS
569,B10000*,00400,00200,SQUARE
569,B10000*,00400,00300,DOLLAR
569,B10000*,00400,00400,ADJUST
569,B10000*,00400,00500,COSTED
569,B10000*,00400,00800,NUMBER
569,B10000*,00400,01000,ACCUM
569,B10000*,00500,00200,FEET
569,B10000*,00500,00300,VALUE
569,B10000*,00500,00400,SALARIES
569,B10000*,00500,00500,REQUISIT
569,B10000*,00500,00800,ORGANS
569,B10000*,00500,01000,COSTS
569,B10000*,00600,00200,1
569,B10000*,00600,00300,2
569,B10000*,00600,00400,3
569,B10000*,00600,00500,3
569,B10000*,00600,00800,3
569,B10000*,00600,01000,3
569,B100000,00000,01000,X
569,E000000,00900,00000,OTHER CURRENT ASSETS
569,E000000,02600,00000,CONSTRUCTION IN PROGRESS
569,E000000,03900,00000,ACCRUED EXPENSES AND DEFERRED REVEN
569,E000000,04100,00000,EMPLOYEE EXPENSE PAYABLE
569,E100001,00700,00000,TISSUE PROCUREMENT REVENUE
569,E100001,00800,00000,CORNEA REVENUE
569,E200000,01500,00000,MISCELLANEOUS INCOME
569,E200000,01600,00000,DUE FROM MEDICARE
569,E200000,01700,00000,DMV LICENSE PLATES
569,E200000,01800,00000,LIVER AND HEART FLYOUT REVENUE
569,E200000,01900,00000,MIDSOUTH TRIAGE
569,E200000,02000,00000,MEMORIAL DONATIONS
569,E200000,02100,00000,GRANTS
569,S000000,00100,00100,X
569,S000000,00400,00100,4
569,S000000,00500,00100,08/02/2021
569,S000000,00600,00100,10001
569,S000000,00700,00100,N
569,S000000,00800,00100,N
569,S000000,00900,00100,02/09/2024
569,S000000,01000,00100,4
569,S000001,00100,00100,ARKANSAS REGIONAL ORGAN RECOVERY AGE
569,S000001,00100,00200,04P001
569,S000001,00101,00100,1701 ALDERSGATE ROAD  SUITE 4
569,S000001,00102,00100,LITTLE ROCK
569,S000001,00102,00200,AR
569,S000001,00102,00300,72205
569,S000001,00300,00100,01/01/2020
569,S000001,00300,00200,12/31/2020
569,S000001,00400,00100,6
569,S000001,00400,00300,1
569,S000001,00400,00400,05/01/1987
569,S000001,00401,00300,1
569,S000002,00100,00200,Y
569,S000002,00300,00100,DIRECTOR OF FINANCE
569,S000002,00400,00100,07/12/2021
569,S100001,00700,00100,N
569,S100001,00810,00000,SMALL BOWEL
569,S100001,00811,00000,AORTIC VALVES
569,S100001,00812,00000,DESCENDING THORASIC AORTIC VALVE
569,S100001,00813,00000,VEINS/ARTERIES
569,S100001,00814,00000,SPECIALTY GRAFTS
569,S100003,00100,00100,MEDICAL DIRECTOR
569,S100003,00100,00300,MEDICAL DIRECTOR
569,S100003,00100,00500,LAB DIRECTOR
569,S100003,00101,00100,EXEC. DIRECTOR
569,S100003,00101,00300,PROCUREMENT COORDINATOR
569,S100003,00101,00500,TECHNICIANS
569,S100003,00102,00100,CLERICAL
569,S100003,00102,00300,PRESERVATION TECHNICIANS
569,S100003,00102,00500,TISSUE TYPING TECH.
569,S100003,00103,00100,DONATION DEVELOPMENT
569,S100003,00103,00300,FAMILY SERVICES
569,S100003,00103,00500,TISSUE
569,S200000,00100,00100,N
569,S200000,00200,00100,N
569,S200000,00300,00100,N
569,S200000,00400,00100,Y
569,S200000,00400,00200,A
569,S200000,00400,00300,07/15/2021
569,S200000,00500,00100,N
569,S200000,00600,00300,DIRECTOR OF FINANCE
569,S200000,00700,00100,ARKANSAS REGIONAL ORGAN REOVERY AGEN
593,A000000,00100,00000,0100CAPITAL COSTS-BLDG & FIXT
593,A000000,00200,00000,0200CAPITAL COSTS-MVBLE EQUIPMENT
593,A000000,00300,00000,0300EMPLOYEE BENEFITS
593,A000000,00400,00000,0400ADMINISTRATIVE & GENERAL
593,A000000,00500,00000,0500OPERATION AND MAINTENANCE OF PLANT
593,A000000,00600,00000,0600HOUSEKEEPING
593,A000000,00700,00000,0700MEDICAL SUPPLIES
593,A000000,00800,00000,0800OTHER OVERHEAD
593,A000000,00900,00000,0900PROCUREMENT COORDINATORS
593,A000000,01000,00000,1000PROFESSIONAL EDUCATION
593,A000000,01100,00000,1100PUBLIC EDUCATION
593,A000000,01200,00000,1200OTHER ACQUISITION
593,A000000,01300,00000,1300KIDNEY ACQUISITIONS
593,A000000,01400,00000,1400TISSUE TYPING LABORATORY
593,A000000,01500,00000,1500LIVER ACQUISITIONS
593,A000000,01600,00000,1600HEART ACQUISITIONS
593,A000000,01700,00000,1700PANCREAS ACQUISITIONS
593,A000000,01800,00000,1800LUNG ACQUISITIONS
593,A000000,01900,00000,1900OTHER ACQUISITIONS
593,A000000,02100,00000,2100RESEARCH
593,A000000,02200,00000,2200BLOOD BANK
593,A000000,02300,00000,2300LABORATORY-NON-TISSUE TYPING
593,A000000,02400,00000,2400DIALYSIS UNITS
593,A000000,02500,00000,2500OTHER NON-REIMBURSABLE
593,A100000,01700,00000,EMPLOYEE TAXES AND BENEFITS
593,A100000,01800,00000,DATA SERVICE
593,A100000,01900,00000,POSTAGE
593,A100000,01901,00000,COLLECTION COST
593,A100000,01902,00000,SOFTWARE/BILLING
593,A100000,01903,00000,PARKING
593,A100000,01904,00000,LICENSING AND PERMITS
593,A300000,00600,00000,TISSUE TYPING SUPPLIES
593,A500010,01500,00000,TO RECORD COST REPORT PREPARATION FE
593,A500010,01500,00100,A
593,A500010,01500,00300,ADMINISTRATIVE & GENERAL
593,A51000A,00100,00100,Y
593,A51000B,00100,00200,ADMINISTRATIVE & GENERAL
593,A51000B,00100,00300,OVERHEAD ALLOWANCE (HHS)
593,A51000C,00100,00100,B
593,A51000C,00100,00200,UNIVERSITY OF LOUISVILLE
593,A51000C,00100,00400,UNIV OF LOUISVILLE HOSPITAL
593,A51000C,00100,00600,TEACHING HOSPITAL
593,A60000C,00500,00100,N
593,A60000C,00600,00100,N
593,B10000*,00100,00200,CAP BLDG
593,B10000*,00100,00300,CAP COSTS
593,B10000*,00100,00400,EMPLOYEE
593,B10000*,00100,00500,MEDICAL
593,B10000*,00100,00800,ORGAN
593,B10000*,00100,01000,ADMIN &
593,B10000*,00200,00200,OP PLANT &
593,B10000*,00200,00300,MOVABLE
593,B10000*,00200,00400,BENEFITS
593,B10000*,00200,00500,SUPPLIES
593,B10000*,00200,00800,ACQUISITN
593,B10000*,00200,01000,GENERAL
593,B10000*,00300,00200,HOUSEKEEP
593,B10000*,00300,00300,EQUIPMENT
593,B10000*,00300,00800,COSTS
593,B10000*,00400,00200,SQUARE
593,B10000*,00400,00300,DOLLAR
593,B10000*,00400,00400,ADJUST
593,B10000*,00400,00500,COSTED
593,B10000*,00400,00800,NUMBER
593,B10000*,00400,01000,ACCUM
593,B10000*,00500,00200,FEET
593,B10000*,00500,00300,VALUE
593,B10000*,00500,00400,SALARIES
593,B10000*,00500,00500,REQUISIT
593,B10000*,00500,00800,ORGANS
593,B10000*,00500,01000,COSTS
593,B10000*,00600,00200,1
593,B10000*,00600,00300,2
593,B10000*,00600,00400,3
593,B10000*,00600,00500,3
593,B10000*,00600,00800,3
593,B10000*,00600,01000,3
593,B100000,00000,01000,X
593,E200000,01500,00000,MEDICAL RECORDS
593,S000000,00100,00100,X
593,S000000,00400,00100,2
593,S000000,00500,00100,11/15/2022
593,S000000,00600,00100,10001
593,S000000,00700,00100,N
593,S000000,00800,00100,N
593,S000000,00900,00100,04/25/2024
593,S000000,01000,00100,4
593,S000001,00100,00100,UNIVERSITY OF LOUISVILLE RENAL TRANS
593,S000001,00100,00200,18HL01
593,S000001,00101,00100,615 SOUTH PRESTON STREET
593,S000001,00102,00100,LOUISVILLE
593,S000001,00102,00200,KY
593,S000001,00102,00300,40202
593,S000001,00300,00100,07/01/2020
593,S000001,00300,00200,03/31/2021
593,S000001,00400,00100,10
593,S000001,00400,00300,2
593,S000001,00400,00400,10/01/2000
593,S000001,00401,00300,2
593,S000002,00300,00100,BUSINESS MANAGER
593,S100001,00700,00100,N
593,S100001,00810,00000,OTHER
593,S100002,00400,00100,HLA ABC TYPING CLASS 1
593,S100002,00401,00100,HLA DR TYPING CLASS II
593,S100002,00402,00100,MEDICAL RECORDS
593,S100002,00403,00100,ABO
593,S100002,00404,00100,RH
593,S100002,00405,00100,LUMINEX MIXED ANTI-SCREEN
593,S100002,00406,00100,LUMINEX SINGLE ANTIGEN BEAD CLASS 1
593,S100002,00407,00100,LUMINEX SINGLE ANTIGEN BEAD CLASS II
593,S100002,00408,00100,LUMINEX MIXED ANTI-SCREEN
593,S100002,00409,00100,LUMINEX SINGLE ANITGEN BEAD CLASS I
593,S100002,00410,00100,LUMINEX SINGLE ANTIGEN BEAD W TITRAT
593,S100003,00100,00100,MEDICAL DIRECTOR
593,S100003,00100,00300,MEDICAL DIRECTOR
593,S100003,00100,00500,LAB DIRECTOR
593,S100003,00101,00100,EXEC. DIRECTOR
593,S100003,00101,00300,PROCUREMENT COORDINATOR
593,S100003,00101,00500,TECHNICIANS
593,S100003,00102,00100,CLERICAL
593,S100003,00102,00300,PRESERVATION TECHNICIANS
593,S100003,00102,00500,TISSUE TYPING TECH.
593,S100003,00103,00100,OTHER
593,S100003,00103,00300,OTHER
593,S100003,00103,00500,OTHER: RN
593,S200000,00100,00100,N
593,S200000,00200,00100,Y
593,S200000,00200,00200,02/28/2021
593,S200000,00200,00300,V
593,S200000,00300,00100,Y
593,S200000,00400,00100,N
593,S200000,00500,00100,N
593,S200000,00600,00300,MANAGER
593,S200000,00700,00100,UNIVERSITY OF LOUISVILLE
636,A000000,00100,00000,0100CAPITAL COSTS-BLDG & FIXT
636,A000000,00200,00000,0200CAPITAL COSTS-MVBLE EQUIPMENT
636,A000000,00300,00000,0300EMPLOYEE BENEFITS
636,A000000,00400,00000,0400ADMINISTRATIVE & GENERAL
636,A000000,00500,00000,0500OPERATION AND MAINTENANCE OF PLANT
636,A000000,00600,00000,0600HOUSEKEEPING
636,A000000,00700,00000,0700MEDICAL SUPPLIES
636,A000000,00800,00000,0800OTHER OVERHEAD
636,A000000,00900,00000,0900PROCUREMENT COORDINATORS
636,A000000,01000,00000,1000PROFESSIONAL EDUCATION
636,A000000,01100,00000,1100PUBLIC EDUCATION
636,A000000,01200,00000,1200OTHER ACQUISITION
636,A000000,01300,00000,1300KIDNEY ACQUISITIONS
636,A000000,01400,00000,1400TISSUE TYPING LABORATORY
636,A000000,01500,00000,1500LIVER ACQUISITIONS
636,A000000,01600,00000,1600HEART ACQUISITIONS
636,A000000,01700,00000,1700PANCREAS ACQUISITIONS
636,A000000,01800,00000,1800LUNG ACQUISITIONS
636,A000000,01900,00000,1900OTHER ACQUISITIONS
636,A000000,02100,00000,2100RESEARCH
636,A000000,02200,00000,2200BLOOD BANK
636,A000000,02300,00000,2300LABORATORY-NON-TISSUE TYPING
636,A000000,02400,00000,2400DIALYSIS UNITS
636,A000000,02500,00000,2500OTHER NON-REIMBURSABLE  TISSUE
636,A000000,02501,00000,2502OTHER NON-REIMBURSABLE  OCULAR
636,A100000,01700,00000,TEMPORARY HELP
636,A100000,01800,00000,EMPLOYEE BENEFITS
636,A100000,01900,00000,RECRUITMENT
636,A100000,01901,00000,COMPUTER
636,A100000,01902,00000,MINOR EQUIPMENT
636,A100000,01903,00000,REFERENCE MATERIALS
636,A100000,01904,00000,POSTAGE AND COURIER
636,A100000,01905,00000,PRINTING
636,A100000,01906,00000,DEPRECIATION
636,A100000,01907,00000,REPAIRS AND MAINTENANCE
636,A100000,01908,00000,BUILDING OPERATING EXPENSE
636,A100000,01909,00000,OTHER PURCHASED SERVICES
636,A100000,01910,00000,DUES AND MEMBERSHIPS
636,A100000,01911,00000,MEETING AND ORGANIZATIONAL EXPENSE
636,A100000,01912,00000,BANK CHARGES
636,A100000,01913,00000,BOND INTEREST AND FEES
636,A100000,01914,00000,BAD DEBT
636,A20H000,00900,00000,IBNR
636,A20H000,00901,00000,HOSPITAL COSTS
636,A20H000,02100,00000,OTHER ACQUISIONT AND COORDINATION
636,A20H000,02101,00000,SEROLOGY
636,A20H000,02102,00000,COORDINATION
636,A20H000,02103,00000,BLOOD SERA STORAGE
636,A20K000,00900,00000,OTHER EXCISION HOSPITAL (IBNR
636,A20K000,00901,00000,HOSPITAL COSTS
636,A20K000,02100,00000,OTHER ACQUISITION AND COORDINATION
636,A20K000,02101,00000,SEROLOGY
636,A20K000,02102,00000,COORDINATION
636,A20K000,02103,00000,BLOOD SERA STORAGE
636,A20L000,00900,00000,IBNR
636,A20L000,00901,00000,HOSPITAL COST
636,A20L000,02100,00000,OTHER ACQUISITON AND COORDINATION
636,A20L000,02101,00000,SEROLOGY
636,A20L000,02102,00000,COORDINATION
636,A20L000,02103,00000,BLOOD SERA STORAGE
636,A20O000,00900,00000,IBNR
636,A20O000,00901,00000,HOSPITAL COSTS
636,A20O000,02100,00000,OTHER ACQUISITION AND COORDINATION
636,A20O000,02101,00000,SEROLOGY
636,A20O000,02102,00000,COORDINATION
636,A20O000,02103,00000,BLOOD SERA STORAGE
636,A20P000,00900,00000,IBNR
636,A20P000,00901,00000,HOSPITAL COSTS
636,A20P000,02100,00000,OTHER ACQUISTION AND COORDINATION
636,A20P000,02101,00000,SEROLOGY
636,A20P000,02102,00000,COORDINATION
636,A20P000,02103,00000,BLOOD SERA STORAGE
636,A20U000,00900,00000,IBNR
636,A20U000,00901,00000,HOSPITAL COSTS
636,A20U000,02100,00000,OTHER AXQUISITION AND COORDINATION
636,A20U000,02101,00000,SEROLOGY
636,A20U000,02102,00000,COORDINATION
636,A20U000,02103,00000,BLOOD SERA STORAGE
636,A400010,00100,00000,OFFICE RENT TO CAPITAL COST BLDG
636,A400010,00100,00100,A
636,A400010,00100,00200,CAPITAL COSTS-BLDG & FIXT
636,A400010,00100,00500,ADMINISTRATIVE & GENERAL
636,A400010,00200,00000,MOVABLE EQUIPMENT
636,A400010,00200,00100,B
636,A400010,00200,00200,CAPITAL COSTS-MVBLE EQUIPMENT
636,A400010,00200,00500,ADMINISTRATIVE & GENERAL
636,A400010,00300,00000,EMPLOYEE BENEFITS
636,A400010,00300,00100,C
636,A400010,00300,00200,EMPLOYEE BENEFITS
636,A400010,00300,00500,ADMINISTRATIVE & GENERAL
636,A400010,00400,00000,CELL PHONES
636,A400010,00400,00100,D
636,A400010,00400,00200,PROCUREMENT COORDINATORS
636,A400010,00400,00500,ADMINISTRATIVE & GENERAL
636,A400010,00500,00000,TISSUE ALLOCATION OVERHEAD
636,A400010,00500,00100,E
636,A400010,00500,00200,OTHER NON-REIMBURSABLE  TISSUE
636,A400010,00500,00500,PROFESSIONAL EDUCATION
636,A400010,00600,00000,TISSUE ALLOCATION OVERHEAD
636,A400010,00600,00100,E
636,A400010,00600,00200,OTHER NON-REIMBURSABLE  TISSUE
636,A400010,00600,00500,PUBLIC EDUCATION
636,A400010,00700,00000,TISSUE ALLOCATION OVERHEAD
636,A400010,00700,00100,E
636,A400010,00700,00200,OTHER NON-REIMBURSABLE  TISSUE
636,A400010,00700,00500,PROCUREMENT COORDINATORS
636,A400010,00800,00000,ADMIN CAPTIAL COST
636,A400010,00800,00100,F
636,A400010,00800,00200,ADMINISTRATIVE & GENERAL
636,A400010,00800,00500,CAPITAL COSTS-BLDG & FIXT
636,A400010,00900,00000,ADMIN CAPTIAL COST
636,A400010,00900,00100,F
636,A400010,00900,00200,ADMINISTRATIVE & GENERAL
636,A400010,00900,00500,CAPITAL COSTS-MVBLE EQUIPMENT
636,A400010,01000,00000,TISSUE RECOVERY COSTS
636,A400010,01000,00100,G
636,A400010,01000,00200,OTHER NON-REIMBURSABLE  TISSUE
636,A400010,01000,00500,CAPITAL COSTS-BLDG & FIXT
636,A400010,01100,00000,OCULAR ALLOCATION OVERHEAD
636,A400010,01100,00100,H
636,A400010,01100,00200,OTHER NON-REIMBURSABLE  OCULAR
636,A400010,01100,00500,PROFESSIONAL EDUCATION
636,A400010,01200,00000,OCULAR ALLOCATION OVERHEAD
636,A400010,01200,00100,H
636,A400010,01200,00200,OTHER NON-REIMBURSABLE  OCULAR
636,A400010,01200,00500,PUBLIC EDUCATION
636,A500010,00800,00100,B
636,A500010,00800,00300,PROCUREMENT COORDINATORS
636,A500010,00900,00100,A
636,A500010,00900,00300,PROFESSIONAL EDUCATION
636,A500010,01500,00000,PERSONAL USE OF AUTO
636,A500010,01500,00100,A
636,A500010,01500,00300,EMPLOYEE BENEFITS
636,A500010,01600,00000,AOPO LOBBYING EXPENSE
636,A500010,01600,00100,A
636,A500010,01600,00300,ADMINISTRATIVE & GENERAL
636,A500010,01601,00000,LOBBYING EXPENSE
636,A500010,01601,00100,A
636,A500010,01601,00300,ADMINISTRATIVE & GENERAL
636,A500010,01602,00000,LOBBYING EXPENSE
636,A500010,01602,00100,A
636,A500010,01602,00300,PUBLIC EDUCATION
636,A500010,01603,00000,VRL RENT EXPENSE
636,A500010,01603,00100,B
636,A500010,01603,00300,CAPITAL COSTS-BLDG & FIXT
636,A500010,01604,00000,FUNDRAISING COSTS
636,A500010,01604,00100,A
636,A500010,01604,00300,PUBLIC EDUCATION
636,A500010,01605,00000,DSC REVENUE
636,A500010,01605,00100,B
636,A500010,01605,00300,ADMINISTRATIVE & GENERAL
636,A500010,01606,00000,PAIRED KIDNEY EXCHANGE SALARY & EXP
636,A500010,01606,00100,A
636,A500010,01606,00300,PROCUREMENT COORDINATORS
636,A500010,01607,00000,PAIRED KIDNEY EXCHANGE KIDNEY
636,A500010,01607,00100,A
636,A500010,01607,00300,KIDNEY ACQUISITIONS
636,A500010,01608,00000,PAIRED KIDNEY EXCHANGE HEART
636,A500010,01608,00100,A
636,A500010,01608,00300,HEART ACQUISITIONS
636,A500010,01609,00000,PAIRED KIDNEY EXCHANGE LIVER
636,A500010,01609,00100,A
636,A500010,01609,00300,LIVER ACQUISITIONS
636,A500010,01610,00000,PAIRED KIDNEY EXCHANGE PANCREAS
636,A500010,01610,00100,A
636,A500010,01610,00300,PANCREAS ACQUISITIONS
636,A500010,01611,00000,PAIRED KIDNEY EXCHANGE LUNG
636,A500010,01611,00100,A
636,A500010,01611,00300,LUNG ACQUISITIONS
636,A500010,01612,00000,PAIRED KIDNEY EXCAHNGE H/L INTESTING
636,A500010,01612,00100,A
636,A500010,01612,00300,OTHER ACQUISITIONS
636,A500010,01613,00000,OFFSET INTEREST INCOME ON ALLOWABLE
636,A500010,01613,00100,B
636,A500010,01613,00300,CAPITAL COSTS-BLDG & FIXT
636,A500010,01614,00000,NON-ALLOWABLE IN G & A
636,A500010,01614,00100,A
636,A500010,01614,00300,ADMINISTRATIVE & GENERAL
636,A500010,01615,00000,FUNDRAISING SALARY
636,A500010,01615,00100,A
636,A500010,01615,00300,ADMINISTRATIVE & GENERAL
636,A500010,01616,00000,ORGAN PRESERVATION ALLIANCE
636,A500010,01616,00100,A
636,A500010,01616,00300,ADMINISTRATIVE & GENERAL
636,A500010,01617,00000,MIDWEST KIDNEY NETWORK
636,A500010,01617,00100,B
636,A500010,01617,00300,PROCUREMENT COORDINATORS
636,A500010,01619,00000,U OF SAN FRANCISSCO HYPOTHERMIA STUD
636,A500010,01619,00100,B
636,A500010,01619,00300,PROCUREMENT COORDINATORS
636,A500010,01620,00000,DLSH RECOVERY ROOM USE
636,A500010,01620,00100,B
636,A500010,01620,00300,CAPITAL COSTS-BLDG & FIXT
636,A500010,01621,00000,KIDNEY PUMP REVENUE SUPPLY
636,A500010,01621,00100,B
636,A500010,01621,00300,KIDNEY ACQUISITIONS
636,A500010,01622,00000,KIDNEY PUMP REVENUE STAFFING
636,A500010,01622,00100,B
636,A500010,01622,00300,PROCUREMENT COORDINATORS
636,A51000A,00100,00100,N
636,A60000C,00500,00100,N
636,B10000*,00100,00200,CAP BLDG
636,B10000*,00100,00300,CAP COSTS
636,B10000*,00100,00400,EMPLOYEE
636,B10000*,00100,00500,MEDICAL
636,B10000*,00100,00800,ORGAN
636,B10000*,00100,01000,ADMIN &
636,B10000*,00200,00200,OP PLANT &
636,B10000*,00200,00300,MOVABLE
636,B10000*,00200,00400,BENEFITS
636,B10000*,00200,00500,SUPPLIES
636,B10000*,00200,00800,ACQUISITN
636,B10000*,00200,01000,GENERAL
636,B10000*,00300,00200,HOUSEKEEP
636,B10000*,00300,00300,EQUIPMENT
636,B10000*,00300,00800,COSTS
636,B10000*,00400,00200,SQUARE
636,B10000*,00400,00300,DOLLAR
636,B10000*,00400,00400,ADJUST
636,B10000*,00400,00500,COSTED
636,B10000*,00400,00800,NUMBER
636,B10000*,00400,01000,ACCUM
636,B10000*,00500,00200,FEET
636,B10000*,00500,00300,VALUE
636,B10000*,00500,00400,SALARIES
636,B10000*,00500,00500,REQUISIT
636,B10000*,00500,00800,ORGANS
636,B10000*,00500,01000,COSTS
636,B10000*,00600,00200,1
636,B10000*,00600,00300,2
636,B10000*,00600,00400,3
636,B10000*,00600,00500,3
636,B10000*,00600,00800,3
636,B10000*,00600,01000,3
636,B100000,00000,01000,X
636,E000000,00900,00000,OTHER CURRENT ASSETS
636,E000000,02600,00000,OTHER ASSETS
636,E000000,03900,00000,IBNR AND ACCRUED EXPENSES
636,E000000,04600,00000,LONG TERM CAPITAL BONDIN
636,E200000,02000,00000,OTHER INCOME
636,S000000,00100,00100,X
636,S000000,00400,00100,2
636,S000000,00500,00100,05/19/2021
636,S000000,00600,00100,10001
636,S000000,00700,00100,N
636,S000000,00800,00100,N
636,S000000,00900,00100,06/21/2024
636,S000000,01000,00100,4
636,S000001,00100,00100,UPPER MIDWEST ORGAN PROCUREMENT ORG
636,S000001,00100,00200,24P001
636,S000001,00101,00100,2225 WEST RIVER ROAD NORTH
636,S000001,00102,00100,MINNEAPOLIS
636,S000001,00102,00200,MN
636,S000001,00102,00300,55411
636,S000001,00300,00100,01/01/2020
636,S000001,00300,00200,12/31/2020
636,S000001,00400,00100,4
636,S000001,00400,00300,1
636,S000001,00400,00400,08/01/1989
636,S000001,00401,00300,1
636,S000002,00100,00200,Y
636,S000002,00300,00100,CHIEF ADMINISTRATIVE OFFICER
636,S000002,00400,00100,05/18/2021
636,S100001,00700,00100,N
636,S100001,00810,00000,SMALL BOWEL
636,S100001,00811,00000,VCA
636,S100001,00812,00000,TENDON
636,S100001,00813,00000,VEIN
636,S100001,00814,00000,BONE MARROW
636,S100001,00815,00000,PERICARDIUM
636,S100001,00816,00000,WHOLE GLOB
636,S100001,00817,00000,OTHER
636,S100001,00818,00000,OTHER
636,S100003,00100,00100,MEDICAL DIRECTOR
636,S100003,00100,00300,MEDICAL DIRECTOR
636,S100003,00100,00500,LAB DIRECTOR
636,S100003,00101,00100,EXEC. DIRECTOR
636,S100003,00101,00300,PROCUREMENT COORDINATOR
636,S100003,00101,00500,TECHNICIANS
636,S100003,00102,00100,CLERICAL
636,S100003,00102,00300,PRESERVATION TECHNICIANS
636,S100003,00102,00500,TISSUE TYPING TECH.
636,S100003,00103,00100,OTHER
636,S100003,00103,00300,OTHER
636,S100003,00103,00500,OTHER
636,S200000,00100,00100,N
636,S200000,00200,00100,N
636,S200000,00300,00100,N
636,S200000,00400,00100,Y
636,S200000,00400,00200,A
636,S200000,00500,00100,N
636,S200000,00600,00300,SR. MANAGER OF FINANICAL OPERATONS
636,S200000,00700,00100,UPPER MIDWEST ORGAN PROCUREMENT ORG
652,A000000,00100,00000,0100CAPITAL COSTS-BLDG & FIXT
652,A000000,00200,00000,0200CAPITAL COSTS-MVBLE EQUIPMENT
652,A000000,00300,00000,0300EMPLOYEE BENEFITS
652,A000000,00400,00000,0400ADMINISTRATIVE & GENERAL
652,A000000,00500,00000,0500OPERATION AND MAINTENANCE OF PLANT
652,A000000,00600,00000,0600HOUSEKEEPING
652,A000000,00700,00000,0700MEDICAL SUPPLIES
652,A000000,00800,00000,0800OTHER OVERHEAD
652,A000000,00900,00000,0900PROCUREMENT COORDINATORS
652,A000000,01000,00000,1000PROFESSIONAL EDUCATION
652,A000000,01100,00000,1100PUBLIC EDUCATION
652,A000000,01200,00000,1200OTHER ACQUISITION
652,A000000,01300,00000,1300KIDNEY ACQUISITIONS
652,A000000,01400,00000,1400TISSUE TYPING LABORATORY
652,A000000,01500,00000,1500LIVER ACQUISITIONS
652,A000000,01600,00000,1600HEART ACQUISITIONS
652,A000000,01700,00000,1700PANCREAS ACQUISITIONS
652,A000000,01800,00000,1800LUNG ACQUISITIONS
652,A000000,01900,00000,1900SMALL BOWEL
652,A000000,02100,00000,2100RESEARCH
652,A000000,02200,00000,2200BLOOD BANK
652,A000000,02300,00000,2300LABORATORY-NON-TISSUE TYPING
652,A000000,02400,00000,2400DIALYSIS UNITS
652,A000000,02500,00000,2500OTHER NON-REIMBURSABLE
652,A100000,01700,00000,OTHER OUTSIDE SERVICES/PROFESSIONAL
652,A100000,01800,00000,POSTAGE AND DELIVERY
652,A100000,01900,00000,BUILDING OPERATIONS
652,A100000,01901,00000,OTHER
652,A20H000,00900,00000,OTHER CONTRACTED HOSPITAL COSTS
652,A20H000,02100,00000,OTHER PHYSICIAN FEES
652,A20H000,02101,00000,PATHOLOGY/BIOPSY
652,A20H000,02102,00000,CARDIAC CATH COST
652,A20H000,02103,00000,OTHER ORGAN RECOVERY COSTS
652,A20H000,02104,00000,FH TRANSPORTATION
652,A20H000,02105,00000,FH EXPENSE
652,A20K000,00900,00000,OTHER CONTRACTED HOSPITAL COSTS
652,A20K000,02100,00000,OTHER PHYSICIAN FEES
652,A20K000,02101,00000,PATHOLOGY/BIOPSY
652,A20K000,02102,00000,OTHER ORGAN RECOVERY COSTS
652,A20K000,02103,00000,FH TRANSPORTATION
652,A20K000,02104,00000,FH EXPENSE
652,A20L000,00900,00000,OTHER CONTRACTED HOSPITAL COSTS
652,A20L000,02100,00000,OTHER PHYSICIAN FEES
652,A20L000,02101,00000,PATHOLOGY/BIOPSY
652,A20L000,02102,00000,OTHER ORGAN RECOVERY COSTS
652,A20L000,02103,00000,FH TRANSPORTATION
652,A20L000,02104,00000,FH EXPENSE
652,A20L000,02105,00000,ORGAN RESEARCH EXPENSE
652,A20O000,00900,00000,OTHER CONTRACTED HOSPITAL COSTS
652,A20O000,02100,00000,OTHER ORGAN RECOVERY COSTS
652,A20O000,02102,00000,FH TRANSPORTATION
652,A20P000,00900,00000,OTHER CONTRACTED HOSPITAL COSTS
652,A20P000,02100,00000,OTHER PHYSICIAN FEES
652,A20P000,02101,00000,OTHER ORGAN RECOVERY COSTS
652,A20P000,02102,00000,FH TRANSPORTATION
652,A20P000,02103,00000,FH EXPENSE
652,A20U000,00900,00000,OTHER CONTRACTED HOSPITAL COSTS
652,A20U000,02100,00000,OTHER ORGAN RECOVERY COSTS
652,A20U000,02101,00000,FH TRANSPORTATION
652,A20U000,02102,00000,FH EXPENSE
652,A20U000,02103,00000,ORGAN RECOVERY SUPPLIES
652,A20U000,02104,00000,ORGAN RECOVERY SOLUTIONS
652,A300000,00600,00000,SUPPORT STAFF
652,A300000,00700,00000,LAB SUPPLIES (TOTAL DIRECT COSTS)
652,A300000,00800,00000,TRAVEL MEETING AND SEMINARS
652,A300000,00900,00000,LICENSES
652,A300000,01000,00000,OTHER
652,A400010,00100,00000,RECLASS DEPRECIATION
652,A400010,00100,00100,A
652,A400010,00100,00200,CAPITAL COSTS-MVBLE EQUIPMENT
652,A400010,00100,00500,ADMINISTRATIVE & GENERAL
652,A400010,00200,00000,RECLASS DEPRECIATION
652,A400010,00200,00100,A
652,A400010,00200,00200,CAPITAL COSTS-BLDG & FIXT
652,A400010,00200,00500,PROCUREMENT COORDINATORS
652,A400010,00300,00000,RECLASS DEPRECIATION
652,A400010,00300,00100,A
652,A400010,00300,00500,TISSUE TYPING LABORATORY
652,A400010,00400,00000,RECLASS DEPRECIATION
652,A400010,00400,00100,A
652,A400010,00400,00500,OTHER NON-REIMBURSABLE
652,A400010,00500,00000,RECLASS LEASE EXPENSE
652,A400010,00500,00100,B
652,A400010,00500,00200,CAPITAL COSTS-MVBLE EQUIPMENT
652,A400010,00500,00500,ADMINISTRATIVE & GENERAL
652,A400010,00600,00000,RECLASS LEASE EXPENSE
652,A400010,00600,00100,B
652,A400010,00600,00500,PROCUREMENT COORDINATORS
652,A400010,00700,00000,RECLASS RENT/UTILITY/BUILDING COSTS
652,A400010,00700,00100,C
652,A400010,00700,00200,OPERATION AND MAINTENANCE OF PLANT
652,A400010,00700,00500,ADMINISTRATIVE & GENERAL
652,A400010,00800,00000,ALLOCATE NON-REIMB COSTS
652,A400010,00800,00100,D
652,A400010,00800,00200,OTHER NON-REIMBURSABLE
652,A400010,00800,00500,PROCUREMENT COORDINATORS
652,A400010,00900,00000,ALLOCATE NON-REIMB COSTS
652,A400010,00900,00100,D
652,A400010,00900,00500,PROFESSIONAL EDUCATION
652,A400010,01000,00000,ALLOCATE NON-REIMB COSTS
652,A400010,01000,00100,D
652,A400010,01000,00500,PUBLIC EDUCATION
652,A400010,01100,00000,RECLASS COVID-19 LAB START-UP COSTS
652,A400010,01100,00100,E
652,A400010,01100,00200,LABORATORY-NON-TISSUE TYPING
652,A400010,01100,00500,CAPITAL COSTS-BLDG & FIXT
652,A400010,01200,00000,RECLASS COVID-19 LAB START-UP COSTS
652,A400010,01200,00100,E
652,A400010,01200,00500,ADMINISTRATIVE & GENERAL
652,A400010,01300,00000,RECLASS COVID-19 LAB START-UP COSTS
652,A400010,01300,00100,E
652,A400010,01300,00500,OPERATION AND MAINTENANCE OF PLANT
652,A400010,01400,00000,RECLASS COVID-19 LAB START-UP COSTS
652,A400010,01400,00100,E
652,A400010,01400,00500,PROCUREMENT COORDINATORS
652,A400010,01500,00000,RECLASS COVID-19 LAB START-UP COSTS
652,A400010,01500,00100,E
652,A400010,01500,00500,TISSUE TYPING LABORATORY
652,A500010,00800,00100,B
652,A500010,00800,00300,LIVER ACQUISITIONS
652,A500010,01200,00100,A
652,A500010,01200,00300,ADMINISTRATIVE & GENERAL
652,A500010,01500,00000,LOBBYING EXPENSE
652,A500010,01500,00100,A
652,A500010,01500,00300,ADMINISTRATIVE & GENERAL
652,A500010,01501,00000,LOBBYING EXPENSE
652,A500010,01501,00100,A
652,A500010,01501,00300,ADMINISTRATIVE & GENERAL
652,A500010,01502,00000,LOBBYING EXPENSE
652,A500010,01502,00100,A
652,A500010,01502,00300,PROFESSIONAL EDUCATION
652,A500010,01503,00000,LOBBYING EXPENSE
652,A500010,01503,00100,A
652,A500010,01503,00300,PUBLIC EDUCATION
652,A500010,01504,00000,ADJ NON REIMBURSABLE EXPENSES
652,A500010,01504,00100,A
652,A500010,01504,00300,ADMINISTRATIVE & GENERAL
652,A500010,01505,00000,ADJ NON REIMBURSABLE EXPENSES
652,A500010,01505,00100,A
652,A500010,01505,00300,PROCUREMENT COORDINATORS
652,A500010,01506,00000,ADJ NON REIMBURSABLE EXPENSES
652,A500010,01506,00100,A
652,A500010,01506,00300,PROFESSIONAL EDUCATION
652,A500010,01507,00000,ADJ NON REIMBURSABLE EXPENSES
652,A500010,01507,00100,A
652,A500010,01507,00300,PUBLIC EDUCATION
652,A500010,01508,00000,ADJ NON REIMBURSABLE EXPENSES
652,A500010,01508,00100,A
652,A500010,01508,00300,TISSUE TYPING LABORATORY
652,A500010,01509,00000,ADJ NON REIMBURSABLE EXPENSES
652,A500010,01509,00100,A
652,A500010,01509,00300,OTHER NON-REIMBURSABLE
652,A500010,01510,00000,VACANT SPACE
652,A500010,01510,00100,A
652,A500010,01510,00300,CAPITAL COSTS-BLDG & FIXT
652,A500010,01511,00000,VACANT SPACE
652,A500010,01511,00100,A
652,A500010,01511,00300,OPERATION AND MAINTENANCE OF PLANT
652,A500010,01512,00000,MISC INCOME
652,A500010,01512,00100,B
652,A500010,01512,00300,ADMINISTRATIVE & GENERAL
652,A500010,01513,00000,MISC INCOME
652,A500010,01513,00100,B
652,A500010,01513,00300,ADMINISTRATIVE & GENERAL
652,A500010,01514,00000,CONTRIBUTIONS
652,A500010,01514,00100,A
652,A500010,01514,00300,ADMINISTRATIVE & GENERAL
652,A500010,01515,00000,CONTRIBUTIONS
652,A500010,01515,00100,A
652,A500010,01515,00300,PROFESSIONAL EDUCATION
652,A500010,01516,00000,CONTRIBUTIONS
652,A500010,01516,00100,A
652,A500010,01516,00300,PUBLIC EDUCATION
652,A500010,01517,00000,CONTRIBUTIONS
652,A500010,01517,00100,A
652,A500010,01517,00300,PUBLIC EDUCATION
652,A500010,01521,00000,REMOVE FH TRANS/COSTS
652,A500010,01521,00100,A
652,A500010,01521,00300,KIDNEY ACQUISITIONS
652,A500010,01522,00000,REMOVE FH TRANS/COSTS
652,A500010,01522,00100,A
652,A500010,01522,00300,LIVER ACQUISITIONS
652,A500010,01523,00000,REMOVE FH TRANS/COSTS
652,A500010,01523,00100,A
652,A500010,01523,00300,HEART ACQUISITIONS
652,A500010,01524,00000,REMOVE FH TRANS/COSTS
652,A500010,01524,00100,A
652,A500010,01524,00300,PANCREAS ACQUISITIONS
652,A500010,01525,00000,REMOVE FH TRANS/COSTS
652,A500010,01525,00100,A
652,A500010,01525,00300,LUNG ACQUISITIONS
652,A500010,01526,00000,REMOVE FH TRANS/COSTS
652,A500010,01526,00100,A
652,A500010,01526,00300,SMALL BOWEL
652,A500010,01527,00000,REMOVE INTEREST EXP - SWAP
652,A500010,01527,00100,A
652,A500010,01527,00300,ADMINISTRATIVE & GENERAL
652,A500010,01529,00000,REMOVE ORGAN RESEARCH EXPENSES
652,A500010,01529,00100,A
652,A500010,01529,00300,TISSUE TYPING LABORATORY
652,A500010,01530,00000,TO REMOVE NON ALLOWABLE PER TESTING
652,A500010,01530,00100,A
652,A500010,01530,00300,PROFESSIONAL EDUCATION
652,A500010,01531,00000,TO REMOVE NON ALLOWABLE PER TESTING
652,A500010,01531,00100,A
652,A500010,01531,00300,PUBLIC EDUCATION
652,A500010,01601,00000,TO ALLOW EXPENSE DURING PSL PERIOD
652,A500010,01601,00100,A
652,A500010,01601,00300,PUBLIC EDUCATION
652,A51000A,00100,00100,Y
652,A51000B,00100,00200,ADMINISTRATIVE & GENERAL
652,A51000B,00100,00300,B
652,A51000B,00200,00200,PROCUREMENT COORDINATORS
652,A51000B,00200,00300,B
652,A51000B,00300,00200,PROFESSIONAL EDUCATION
652,A51000B,00300,00300,B
652,A51000C,00100,00100,C
652,A51000C,00100,00200,ALLOSOURCE
652,A51000C,00200,00100,C
652,A51000C,00200,00200,ILLINOIS TRANSPLANT FUND
652,A51000C,00300,00100,C
652,A51000C,00300,00200,GIFT OF HOPE COMMUNITY FOUNDATION
652,A60000A,00700,00000,ASSET IN PROCESS
652,A60000C,00500,00100,N
652,B10000*,00100,00200,CAP BLDG
652,B10000*,00100,00300,CAP COSTS
652,B10000*,00100,00400,EMPLOYEE
652,B10000*,00100,00500,MEDICAL
652,B10000*,00100,00800,ORGAN
652,B10000*,00100,01000,ADMIN &
652,B10000*,00200,00200,OP PLANT &
652,B10000*,00200,00300,MOVABLE
652,B10000*,00200,00400,BENEFITS
652,B10000*,00200,00500,SUPPLIES
652,B10000*,00200,00800,ACQUISITN
652,B10000*,00200,01000,GENERAL
652,B10000*,00300,00200,HOUSEKEEP
652,B10000*,00300,00300,EQUIPMENT
652,B10000*,00300,00800,COSTS
652,B10000*,00400,00200,SQUARE
652,B10000*,00400,00300,DOLLAR
652,B10000*,00400,00400,ADJUST
652,B10000*,00400,00500,COSTED
652,B10000*,00400,00800,NUMBER
652,B10000*,00400,01000,ACCUM
652,B10000*,00500,00200,FEET
652,B10000*,00500,00300,VALUE
652,B10000*,00500,00400,SALARIES
652,B10000*,00500,00500,REQUISIT
652,B10000*,00500,00800,ORGANS
652,B10000*,00500,01000,COSTS
652,B10000*,00600,00200,1
652,B10000*,00600,00300,2
652,B10000*,00600,00400,3
652,B10000*,00600,00500,3
652,B10000*,00600,00800,3
652,B10000*,00600,01000,3
652,B100000,00000,01000,X
652,E100001,00700,00000,TISSUE BANK REVENUES
652,E100001,00800,00000,NET ASSETS RELEASED FROM RESTRICTION
652,E100002,00300,00000,ROUNDING
652,E100002,00800,00000,INTERNAL LAB EXPENSES ADJUSTMENT
652,E200000,01800,00000,STATE OF ILLINOIS - CAPITAL GRANT
652,E200000,02000,00000,OTHER INCOME
652,E200000,02100,00000,ROUNDING
652,E200000,02600,00000,DECREASE IN AFFILIATE
652,E200000,02700,00000,CHANGE IN FMV OF DERIVATIVE
652,E200000,02701,00000,LOSS ON DISPOSAL OF ASSETS
652,E200000,02702,00000,NET ASSETS RELEASED FROM RESTRICTION
652,S000000,00100,00100,X
652,S000000,00400,00100,2
652,S000000,00500,00100,05/27/2021
652,S000000,00600,00100,10001
652,S000000,00700,00100,N
652,S000000,00800,00100,N
652,S000000,00900,00100,07/01/2024
652,S000000,01000,00100,4
652,S000001,00100,00100,GIFT OF HOPE ORGAN & TISSUE DONOR NE
652,S000001,00100,00200,14P001
652,S000001,00101,00100,425 SPRING LAKE DR
652,S000001,00102,00100,ITASCA
652,S000001,00102,00200,IL
652,S000001,00102,00300,60143
652,S000001,00200,00100,GIFT OF HOPE ORGAN & TISSUE DONOR NE
652,S000001,00200,00200,14HL07
652,S000001,00201,00100,425 SPRING LAKE DR
652,S000001,00202,00100,ITASCA
652,S000001,00202,00200,IL
652,S000001,00202,00300,60143
652,S000001,00300,00100,01/01/2020
652,S000001,00300,00200,12/31/2020
652,S000001,00400,00100,6
652,S000001,00400,00300,1
652,S000001,00400,00400,12/16/1986
652,S000001,00401,00100,6
652,S000001,00401,00300,2
652,S000001,00401,00400,12/16/1986
652,S000002,00100,00200,Y
652,S000002,00300,00100,CHIEF FINANCIAL OFFICER
652,S000002,00400,00100,05/25/2021
652,S100001,00700,00100,N
652,S100001,00810,00000,SMALL BOWEL
652,S100002,00400,00100,STANDARD (CDC) CROSSMATCH
652,S100002,00401,00100,DECEASED DONOR FINAL CROSSMATCH
652,S100002,00402,00100,FLOW CYTOMETRY CROSSMATCH
652,S100002,00403,00100,INFECTIOUS DISEASE SEROLOGY - SARS-C
652,S100002,00404,00100,NAT TESTING - SARS -COV-2
652,S100002,00405,00100,FROZEN PATHOLOGY SECTION
652,S100002,00406,00100,HEMOGLOBIN A1C
652,S100002,00407,00100,ABO TYPING
652,S100002,00408,00100,SERUM PROCESSING/STORAGE  LONG TERM
652,S100002,00409,00100,INFECTIOUS DISEASE SEROLOGY - COMPLE
652,S100002,00410,00100,MONTHLY SERUM MANAGEMENT
652,S100002,00411,00100,PRA/ID - HLA CLASS I AB
652,S100002,00412,00100,PRA/ID - HLA CLASS II AB
652,S100002,00413,00100,SINGLE ANTIGEN BEAD - HLA CLASS I AB
652,S100002,00414,00100,SINGLE ANTIGEN BEAD - HLA CLASS II A
652,S100002,00415,00100,NAT TESTING - HBV/HCV/HIV
652,S100002,00416,00100,NAT TESTING - WEST NILE VIRUS
652,S100002,00417,00100,HLA CLASS I TYPING (A  B  C)
652,S100002,00418,00100,HLA CLS II TYPG (DRB1 DRB3/4/5 DQB1
652,S100003,00100,00100,MEDICAL DIRECTOR
652,S100003,00100,00300,MEDICAL DIRECTOR
652,S100003,00100,00500,LAB DIRECTOR
652,S100003,00101,00100,EXEC. DIRECTOR
652,S100003,00101,00300,PROCUREMENT COORDINATOR
652,S100003,00101,00500,TECHNICIANS
652,S100003,00102,00100,CLERICAL
652,S100003,00102,00300,PRESERVATION TECHNICIANS
652,S100003,00102,00500,TISSUE TYPING TECH.
652,S100003,00103,00100,OTHER
652,S100003,00103,00300,OTHER
652,S100003,00103,00500,OTHER
652,S200000,00100,00100,N
652,S200000,00200,00100,N
652,S200000,00300,00100,Y
652,S200000,00400,00100,Y
652,S200000,00400,00200,A
652,S200000,00500,00100,N
652,S200000,00600,00300,CHIEF OPERATING OFFICER/CHIEF FINANC
652,S200000,00700,00100,GIFT OF HOPE ORGAN & TISSUE DONOR NE
654,A000000,00100,00000,0100CAPITAL COSTS-BLDG & FIXT
654,A000000,00200,00000,0200CAPITAL COSTS-MVBLE EQUIPMENT
654,A000000,00300,00000,0300EMPLOYEE BENEFITS
654,A000000,00400,00000,0400ADMINISTRATIVE & GENERAL
654,A000000,00500,00000,0500OPERATION AND MAINTENANCE OF PLANT
654,A000000,00600,00000,0600HOUSEKEEPING
654,A000000,00700,00000,0700MEDICAL SUPPLIES
654,A000000,00800,00000,0800OTHER OVERHEAD
654,A000000,00900,00000,0900PROCUREMENT COORDINATORS
654,A000000,01000,00000,1000PROFESSIONAL EDUCATION
654,A000000,01100,00000,1100PUBLIC EDUCATION
654,A000000,01200,00000,1200OTHER ORGAN ACQUISITION
654,A000000,01201,00000,1201ORGAN ONLY REFERRALS
654,A000000,01300,00000,1300KIDNEY ACQUISITIONS
654,A000000,01400,00000,1400TISSUE TYPING LABORATORY
654,A000000,01500,00000,1500LIVER ACQUISITIONS
654,A000000,01600,00000,1600HEART ACQUISITIONS
654,A000000,01700,00000,1700PANCREAS ACQUISITIONS
654,A000000,01800,00000,1800LUNG ACQUISITIONS
654,A000000,01900,00000,1900OTHER ACQUISITIONS
654,A000000,02100,00000,2100RESEARCH
654,A000000,02200,00000,2200BLOOD BANK
654,A000000,02300,00000,2300LABORATORY-NON-TISSUE TYPING
654,A000000,02400,00000,2400DIALYSIS UNITS
654,A000000,02500,00000,2500TISSUE
654,A000000,02501,00000,2501AFTERCARE
654,A100000,01700,00000,NON-MEDICARE REIMBURSABLE
654,A100000,01800,00000,MISCELLANEOUS
654,A20H000,00900,00000,HOSPITAL BILLS
654,A20H000,02100,00000,ORGAN TESTING
654,A20K000,00900,00000,HOSPITAL BILLS
654,A20K000,02100,00000,ORGAN TESTING
654,A20K000,02101,00000,CLINICAL CONSULTING
654,A20L000,00900,00000,HOSPITAL BILLS
654,A20L000,02100,00000,ORGAN TESTING
654,A20L000,02101,00000,CLINICAL CONSULTING
654,A20O000,00900,00000,HOSPITAL BILLS
654,A20O000,02100,00000,ORGAN TESTING
654,A20P000,00900,00000,HOSPITAL BILLS
654,A20P000,02100,00000,ORGAN TESTING
654,A20U000,00900,00000,HOSPITAL BILLS
654,A20U000,02100,00000,ORGAN TESTING
654,A400010,00100,00000,RENT TO CAPITAL COST
654,A400010,00100,00100,A
654,A400010,00100,00200,CAPITAL COSTS-BLDG & FIXT
654,A400010,00100,00500,ADMINISTRATIVE & GENERAL
654,A400010,00200,00000,CELL PHONES
654,A400010,00200,00100,B
654,A400010,00200,00200,PROCUREMENT COORDINATORS
654,A400010,00200,00500,ADMINISTRATIVE & GENERAL
654,A400010,00300,00000,CELL PHONES
654,A400010,00300,00100,B
654,A400010,00300,00200,TISSUE
654,A400010,00400,00000,TISSUE OVERHEAD
654,A400010,00400,00100,C
654,A400010,00400,00200,TISSUE
654,A400010,00400,00500,PROCUREMENT COORDINATORS
654,A400010,00500,00000,TISSUE OVERHEAD
654,A400010,00500,00100,C
654,A400010,00500,00500,PROFESSIONAL EDUCATION
654,A400010,00600,00000,TISSUE OVERHEAD
654,A400010,00600,00100,C
654,A400010,00600,00500,PUBLIC EDUCATION
654,A400010,00700,00000,SORS/SRC
654,A400010,00700,00100,D
654,A400010,00700,00200,KIDNEY ACQUISITIONS
654,A400010,00700,00500,PROCUREMENT COORDINATORS
654,A400010,00800,00000,SORS/SRC
654,A400010,00800,00100,D
654,A400010,00800,00200,LIVER ACQUISITIONS
654,A400010,00900,00000,SORS/SRC
654,A400010,00900,00100,D
654,A400010,00900,00200,PANCREAS ACQUISITIONS
654,A400010,01000,00000,SORS/SRC
654,A400010,01000,00100,D
654,A400010,01000,00200,OTHER ACQUISITIONS
654,A400010,01100,00000,SORS/SRC
654,A400010,01100,00100,D
654,A400010,01100,00200,TISSUE
654,A400010,01200,00000,ORGAN SUPPLIES
654,A400010,01200,00100,E
654,A400010,01200,00200,KIDNEY ACQUISITIONS
654,A400010,01200,00500,OTHER ORGAN ACQUISITION
654,A400010,01300,00000,ORGAN SUPPLIES
654,A400010,01300,00100,E
654,A400010,01300,00200,LIVER ACQUISITIONS
654,A400010,01400,00000,ORGAN SUPPLIES
654,A400010,01400,00100,E
654,A400010,01400,00200,PANCREAS ACQUISITIONS
654,A400010,01500,00000,ORGAN SUPPLIES
654,A400010,01500,00100,E
654,A400010,01500,00200,OTHER ACQUISITIONS
654,A400010,01600,00000,ORGAN SUPPLIES
654,A400010,01600,00100,E
654,A400010,01600,00200,TISSUE
654,A500010,00800,00100,B
654,A500010,00800,00300,PROCUREMENT COORDINATORS
654,A500010,01200,00100,A
654,A500010,01200,00300,ADMINISTRATIVE & GENERAL
654,A500010,01500,00000,UNREIMBURSABLE - ALCOHOL/GIFTS
654,A500010,01500,00100,A
654,A500010,01500,00300,ADMINISTRATIVE & GENERAL
654,A500010,01501,00000,UNREIMBURSABLE - ALCOHOL/GIFTS
654,A500010,01501,00100,A
654,A500010,01501,00300,EMPLOYEE BENEFITS
654,A500010,01502,00000,UNREIMBURSABLE - ALCOHOL/GIFTS
654,A500010,01502,00100,A
654,A500010,01502,00300,PROCUREMENT COORDINATORS
654,A500010,01503,00000,UNREIMBURSABLE - ALCOHOL/GIFTS
654,A500010,01503,00100,A
654,A500010,01503,00300,PROFESSIONAL EDUCATION
654,A500010,01504,00000,UNREIMBURSABLE - ALCOHOL/GIFTS
654,A500010,01504,00100,A
654,A500010,01504,00300,PUBLIC EDUCATION
654,A500010,01505,00000,UNREIMBURSABLE - ALCOHOL/GIFTS
654,A500010,01505,00100,A
654,A500010,01505,00300,TISSUE
654,A500010,01506,00000,UNREIMBURSABLE - ALCOHOL/GIFTS
654,A500010,01506,00100,A
654,A500010,01506,00300,ORGAN ONLY REFERRALS
654,A500010,01507,00000,UNREIMBURSABLE - ROSE PARADE
654,A500010,01507,00100,A
654,A500010,01507,00300,ADMINISTRATIVE & GENERAL
654,A500010,01511,00000,UNREIMBURSABLE - ROSE PARADE
654,A500010,01511,00100,B
654,A500010,01511,00300,AFTERCARE
654,A500010,01512,00000,MISCELLANEOUS INCOME
654,A500010,01512,00100,B
654,A500010,01512,00300,PROCUREMENT COORDINATORS
654,A500010,01513,00000,MISCELLANEOUS INCOME
654,A500010,01513,00100,B
654,A500010,01513,00300,ADMINISTRATIVE & GENERAL
654,A500010,01514,00000,LOBBYING
654,A500010,01514,00100,A
654,A500010,01514,00300,PUBLIC EDUCATION
654,A51000A,00100,00100,N
654,A60000A,00700,00000,MEDICAL EQUIPMENT
654,A60000B,00800,00000,MEDICAL EQUIPMENT
654,A60000C,00500,00100,N
654,B10000*,00100,00200,CAP BLDG
654,B10000*,00100,00300,CAP COSTS
654,B10000*,00100,00400,EMPLOYEE
654,B10000*,00100,00500,MEDICAL
654,B10000*,00100,00800,ORGAN
654,B10000*,00100,01000,ADMIN &
654,B10000*,00200,00200,OP PLANT &
654,B10000*,00200,00300,MOVABLE
654,B10000*,00200,00400,BENEFITS
654,B10000*,00200,00500,SUPPLIES
654,B10000*,00200,00800,ACQUISITN
654,B10000*,00200,01000,GENERAL
654,B10000*,00300,00200,HOUSEKEEP
654,B10000*,00300,00300,EQUIPMENT
654,B10000*,00300,00800,COSTS
654,B10000*,00400,00200,SQUARE
654,B10000*,00400,00300,DOLLAR
654,B10000*,00400,00400,ADJUST
654,B10000*,00400,00500,COSTED
654,B10000*,00400,00800,NUMBER
654,B10000*,00400,01000,ACCUM
654,B10000*,00500,00200,FEET
654,B10000*,00500,00300,VALUE
654,B10000*,00500,00400,SALARIES
654,B10000*,00500,00500,REQUISIT
654,B10000*,00500,00800,ORGANS
654,B10000*,00500,01000,COSTS
654,B10000*,00600,00200,1
654,B10000*,00600,00300,2
654,B10000*,00600,00400,3
654,B10000*,00600,00500,3
654,B10000*,00600,00800,3
654,B10000*,00600,01000,3
654,B100000,00000,01000,X
654,E000000,00900,00000,MEDICARE RECEIVABLE
654,E000000,02600,00000,OTHER FIXED ASSETS
654,E000000,03100,00000,457B PLAN & OTHER LONG TERM ASSETS
654,E000000,03900,00000,ACCRUED MEDICAL LIASBILITIES
654,E000000,04100,00000,CAPI LEASE & DEFERRED RENT - CURRENT
654,E000000,04600,00000,DEFERRED RENT - LONG TERM
654,E000000,04700,00000,457B PLAN & CAPITAL LEASE
654,E000000,04800,00000,OTHER LIABILITIES
654,E100001,00700,00000,IMPORT REVENUE
654,E100002,00300,00000,ROUNDING
654,E200000,02000,00000,UNREALIZED GAIN ON INVESTMENTS
654,E200000,02100,00000,TISSUE REVENUE
654,E200000,02200,00000,RESEARCH & OTHER REVEN UE
654,E200000,02600,00000,UNREALIZED GAIN/LOSS ON INVESTMENTS
654,S000000,00100,00100,X
654,S000000,00400,00100,2
654,S000000,00500,00100,06/23/2021
654,S000000,00600,00100,10001
654,S000000,00700,00100,N
654,S000000,00800,00100,N
654,S000000,00900,00100,07/01/2024
654,S000000,01000,00100,4
654,S000001,00100,00100,LIFECENTER NORTHWEST
654,S000001,00100,00200,50P003
654,S000001,00101,00100,3650 131ST AVE SE  SUITE 200
654,S000001,00102,00100,BELLEVUE
654,S000001,00102,00200,WA
654,S000001,00102,00300,98006
654,S000001,00300,00100,01/01/2020
654,S000001,00300,00200,12/31/2020
654,S000001,00400,00100,6
654,S000001,00400,00300,1
654,S000001,00400,00400,01/01/1986
654,S000001,00401,00300,1
654,S000002,00100,00200,Y
654,S000002,00300,00100,CHIEF EXECUTIVE OFFICER
654,S000002,00400,00100,06/16/2021
654,S100001,00700,00100,N
654,S100001,00810,00000,INTESTINE
654,S100001,00811,00000,RESEARCH
654,S100001,00812,00000,VEIN
654,S100001,00813,00000,NERVES
654,S100001,00814,00000,MISCELLANEOUS
654,S100003,00100,00100,MEDICAL DIRECTOR
654,S100003,00100,00300,MEDICAL DIRECTOR
654,S100003,00100,00500,LAB DIRECTOR
654,S100003,00101,00100,EXEC. DIRECTOR
654,S100003,00101,00300,PROCUREMENT COORDINATOR
654,S100003,00101,00500,TECHNICIANS
654,S100003,00102,00100,CLERICAL
654,S100003,00102,00300,PRESERVATION TECHNICIANS
654,S100003,00102,00500,TISSUE TYPING TECH.
654,S100003,00103,00100,OTHER
654,S100003,00103,00300,OTHER
654,S100003,00103,00500,OTHER
654,S200000,00100,00100,N
654,S200000,00200,00100,N
654,S200000,00300,00100,N
654,S200000,00400,00100,Y
654,S200000,00400,00200,A
654,S200000,00500,00100,N
654,S200000,00600,00300,DIRECTOR  FINANCE AND ACCOUNTING
654,S200000,00700,00100,LIFECENTER NORTHWEST
662,A000000,00100,00000,0100CAPITAL COSTS-BLDG & FIXT
662,A000000,00200,00000,0200CAPITAL COSTS-MVBLE EQUIPMENT
662,A000000,00300,00000,0300EMPLOYEE BENEFITS
662,A000000,00400,00000,0400ADMINISTRATIVE & GENERAL
662,A000000,00500,00000,0500OPERATION AND MAINTENANCE OF PLANT
662,A000000,00600,00000,0600HOUSEKEEPING
662,A000000,00700,00000,0700MEDICAL SUPPLIES
662,A000000,00800,00000,0800OTHER OVERHEAD
662,A000000,00900,00000,0900PROCUREMENT COORDINATORS
662,A000000,01000,00000,1000PROFESSIONAL EDUCATION
662,A000000,01100,00000,1100PUBLIC EDUCATION
662,A000000,01300,00000,1300KIDNEY ACQUISITIONS
662,A000000,01400,00000,1400TISSUE TYPING LABORATORY
662,A000000,01500,00000,1500LIVER ACQUISITIONS
662,A000000,01600,00000,1600HEART ACQUISITIONS
662,A000000,01700,00000,1700PANCREAS ACQUISITIONS
662,A000000,01800,00000,1800LUNG ACQUISITIONS
662,A000000,01900,00000,1900DOUBLE LUNG      S
662,A000000,01901,00000,1901HEART/LUNG       S 2
662,A000000,01902,00000,1902INTESTINES       S 3
662,A000000,01903,00000,1903OTHER ACQUISITION
662,A000000,02100,00000,2100RESEARCH
662,A000000,02200,00000,2200BLOOD BANK
662,A000000,02300,00000,2300LABORATORY-NON-TISSUE TYPING
662,A000000,02400,00000,2400DIALYSIS UNITS
662,A000000,02500,00000,2500TISSUE RECOVERY SERVICES
662,A000000,02501,00000,2501FOUNDATION EXPENSE
662,A000000,02502,00000,2502EYE BANK
662,A000000,02503,00000,2503CINGULAR SPACE
662,A000000,02504,00000,2504HLA OFFICES + LAB
662,A000000,02505,00000,2505UNUSED SPACE
662,A000000,02506,00000,2506TX HOUSE
662,A000000,02507,00000,2507NORA
662,A100000,01700,00000,CONSULTING
662,A100000,01800,00000,MISCELLANEOUS
662,A100000,01900,00000,TEMP HELP / MEMBERSHIP FEES
662,A20H000,02100,00000,LAB - SEROLOGIES
662,A20K000,02100,00000,LAB - SEROLOGIES
662,A20L000,02100,00000,LAB - SEROLOGIES
662,A20O000,02100,00000,LAB - SEROLOGIES
662,A20O001,02100,00000,LAB - SEROLOGIES
662,A20O002,02100,00000,LAB - SEROLOGIES
662,A20O003,02100,00000,LAB - SEROLOGIES
662,A20P000,02100,00000,LAB - SEROLOGIES
662,A20U000,02100,00000,LAB - SEROLOGIES
662,A400010,00100,00000,PERFUSION TO EX-RENAL
662,A400010,00100,00100,A
662,A400010,00100,00200,LIVER ACQUISITIONS
662,A400010,00100,00500,KIDNEY ACQUISITIONS
662,A400010,00200,00000,PERFUSION TO EX-RENAL
662,A400010,00200,00100,B
662,A400010,00200,00200,PANCREAS ACQUISITIONS
662,A400010,00200,00500,KIDNEY ACQUISITIONS
662,A400010,00300,00000,RECLASS TO TISSUE
662,A400010,00300,00100,C
662,A400010,00300,00200,TISSUE RECOVERY SERVICES
662,A400010,00300,00500,PROCUREMENT COORDINATORS
662,A400010,00400,00000,RECLASS TO TISSUE
662,A400010,00400,00100,D
662,A400010,00400,00200,TISSUE RECOVERY SERVICES
662,A400010,00400,00500,PUBLIC EDUCATION
662,A400010,00500,00000,RECLASS TO TISSUE
662,A400010,00500,00100,E
662,A400010,00500,00200,TISSUE RECOVERY SERVICES
662,A400010,00500,00500,PROFESSIONAL EDUCATION
662,A400010,00600,00000,H/R EXP - DIRECT COSTS
662,A400010,00600,00100,I
662,A400010,00600,00200,EMPLOYEE BENEFITS
662,A400010,00600,00500,ADMINISTRATIVE & GENERAL
662,A400010,00700,00000,RENT & LEASE EXPENSE
662,A400010,00700,00100,J
662,A400010,00700,00200,CAPITAL COSTS-BLDG & FIXT
662,A400010,00700,00500,ADMINISTRATIVE & GENERAL
662,A400010,00800,00000,BLD CAP TO A&G
662,A400010,00800,00100,K
662,A400010,00800,00200,ADMINISTRATIVE & GENERAL
662,A400010,00800,00500,CAPITAL COSTS-BLDG & FIXT
662,A400010,00900,00000,EQUIP TO A&G
662,A400010,00900,00100,M
662,A400010,00900,00200,ADMINISTRATIVE & GENERAL
662,A400010,00900,00500,OPERATION AND MAINTENANCE OF PLANT
662,A400010,01000,00000,PLANT TO A&G
662,A400010,01000,00100,O
662,A400010,01000,00200,ADMINISTRATIVE & GENERAL
662,A400010,01000,00500,CAPITAL COSTS-MVBLE EQUIPMENT
662,A400010,01100,00000,SURGEON ALLOCATION
662,A400010,01100,00100,R
662,A400010,01100,00200,KIDNEY ACQUISITIONS
662,A400010,01100,00500,PROCUREMENT COORDINATORS
662,A400010,01200,00000,SURGEON ALLOCATION
662,A400010,01200,00100,S
662,A400010,01200,00200,LIVER ACQUISITIONS
662,A400010,01200,00500,PROCUREMENT COORDINATORS
662,A400010,01300,00000,SURGEON ALLOCATION
662,A400010,01300,00100,T
662,A400010,01300,00200,PANCREAS ACQUISITIONS
662,A400010,01300,00500,PROCUREMENT COORDINATORS
662,A500010,00500,00100,B
662,A500010,00500,00300,PROCUREMENT COORDINATORS
662,A500010,00800,00100,B
662,A500010,00800,00300,PROCUREMENT COORDINATORS
662,A500010,00900,00100,B
662,A500010,00900,00300,PUBLIC EDUCATION
662,A500010,01200,00100,B
662,A500010,01200,00300,ADMINISTRATIVE & GENERAL
662,A500010,01500,00000,LOBBYING EXPENSE
662,A500010,01500,00100,A
662,A500010,01500,00300,ADMINISTRATIVE & GENERAL
662,A500010,01600,00000,MISC INCOME
662,A500010,01600,00100,B
662,A500010,01600,00300,ADMINISTRATIVE & GENERAL
662,A500010,01602,00000,LIVING KIDNEY REVENUE
662,A500010,01602,00100,B
662,A500010,01602,00300,PROCUREMENT COORDINATORS
662,A500010,01604,00000,DISALLOW NON-ALLOWABLE EXPENSE
662,A500010,01604,00100,A
662,A500010,01604,00300,KIDNEY ACQUISITIONS
662,A500010,01605,00000,DISALLOW NON-ALLOWABLE EXPENSE
662,A500010,01605,00100,A
662,A500010,01605,00300,PUBLIC EDUCATION
662,A500010,01606,00000,DISALLOW NON-ALLOWABLE EXPENSE
662,A500010,01606,00100,A
662,A500010,01606,00300,ADMINISTRATIVE & GENERAL
662,A500010,01607,00000,DISALLOW NON-ALLOWABLE EXPENSE
662,A500010,01607,00100,A
662,A500010,01607,00300,PROFESSIONAL EDUCATION
662,A500010,01608,00000,DISALLOW NON-ALLOWABLE EXPENSE
662,A500010,01608,00100,A
662,A500010,01608,00300,PROCUREMENT COORDINATORS
662,A500010,01609,00000,DISALLOW NON-ALLOWABLE EXPENSE
662,A500010,01609,00100,A
662,A500010,01609,00300,TISSUE RECOVERY SERVICES
662,A500010,01610,00000,DISALL HERSHEY BLDG EXP 859 FISHBURN
662,A500010,01610,00100,A
662,A500010,01610,00300,OPERATION AND MAINTENANCE OF PLANT
662,A500010,01611,00000,DISALL HERSHEY BLDG EXP 859 FISHBURN
662,A500010,01611,00100,A
662,A500010,01611,00300,TISSUE RECOVERY SERVICES
662,A500010,01612,00000,TO REMOVE NON-ALLOWABLE EXPENSE
662,A500010,01612,00100,A
662,A500010,01612,00300,PUBLIC EDUCATION
662,A500010,01613,00000,TO REMOVE NON-ALLOWABLE EXPENSE
662,A500010,01613,00100,A
662,A500010,01613,00300,PUBLIC EDUCATION
662,A500010,01614,00000,TO REMOVE NON-ALLOWABLE ARBITRATION
662,A500010,01614,00100,A
662,A500010,01614,00300,PUBLIC EDUCATION
662,A500010,01615,00000,TO REVERSE AUDIT DISALLOWANCE
662,A500010,01615,00100,A
662,A500010,01615,00300,PUBLIC EDUCATION
662,A500010,01616,00000,TO REVERSE EXPENSE DISALLOWANCE
662,A500010,01616,00100,A
662,A500010,01616,00300,PUBLIC EDUCATION
662,A500010,01617,00000,TO REVERSE EXPENSE NON-ALLOWANCE
662,A500010,01617,00100,A
662,A500010,01617,00300,PUBLIC EDUCATION
662,A51000A,00100,00100,Y
662,A51000B,00100,00200,PROCUREMENT COORDINATORS
662,A51000B,00100,00300,LODGING
662,A51000B,00200,00200,PUBLIC EDUCATION
662,A51000B,00200,00300,LODGING
662,A51000B,00300,00200,TISSUE RECOVERY SERVICES
662,A51000B,00300,00300,LODGING
662,A51000C,00100,00100,C
662,A51000C,00100,00200,GIFT OF LIFE DONOR PROGRAM
662,A51000C,00100,00400,TX HOUSE
662,A51000C,00100,00600,LODGING FOR TRANSPLANTATION
662,A51000C,00200,00100,C
662,A51000C,00200,00200,GIFT OF LIFE DONOR PROGRAM
662,A51000C,00200,00400,TX HOUSE
662,A51000C,00200,00600,LODGING FOR TRANSPLANTATION
662,A51000C,00300,00100,C
662,A51000C,00300,00200,GIFT OF LIFE DONOR PROGRAM
662,A51000C,00300,00400,TX HOUSE
662,A51000C,00300,00600,LODGING FOR TRANSPLANTATION
662,A60000A,00701,00000,BUILDING SERVICE EQUIPMENT
662,A60000A,00702,00000,LEASEHOLD IMPROVEMENTS
662,A60000A,00703,00000,CAPITAL ASSETS LEASED
662,A60000B,00801,00000,LEASEHOLD IMPROVEMENTS
662,A60000B,00802,00000,CAPITAL ASSETS LEASED
662,A60000C,00500,00100,N
662,B10000*,00100,00200,CAP BLDG
662,B10000*,00100,00300,CAP COSTS
662,B10000*,00100,00400,EMPLOYEE
662,B10000*,00100,00500,MEDICAL
662,B10000*,00100,00800,ORGAN
662,B10000*,00100,01000,ADMIN &
662,B10000*,00200,00200,OP PLANT &
662,B10000*,00200,00300,MOVABLE
662,B10000*,00200,00400,BENEFITS
662,B10000*,00200,00500,SUPPLIES
662,B10000*,00200,00800,ACQUISITN
662,B10000*,00200,01000,GENERAL
662,B10000*,00300,00200,HOUSEKEEP
662,B10000*,00300,00300,EQUIPMENT
662,B10000*,00300,00800,COSTS
662,B10000*,00400,00200,SQUARE
662,B10000*,00400,00300,DOLLAR
662,B10000*,00400,00400,ADJUST
662,B10000*,00400,00500,COSTED
662,B10000*,00400,00800,NUMBER
662,B10000*,00400,01000,ACCUM
662,B10000*,00500,00200,FEET
662,B10000*,00500,00300,VALUE
662,B10000*,00500,00400,SALARIES
662,B10000*,00500,00500,REQUISIT
662,B10000*,00500,00800,ORGANS
662,B10000*,00500,01000,COSTS
662,B10000*,00600,00200,1
662,B10000*,00600,00300,2
662,B10000*,00600,00400,3
662,B10000*,00600,00500,3
662,B10000*,00600,00800,3
662,B10000*,00600,01000,3
662,B100000,00000,01000,X
662,E000000,00900,00000,OTHER CURRENT ASSETS
662,E000000,02600,00000,OTHER FIXED ASSETS
662,E000000,03100,00000,OTHER ASSETS - NONCURRENT
662,E000000,03900,00000,ACCRUED EXPENSE
662,E000000,04100,00000,ACCOUNTS PAYABLE - THIRD PARTY
662,E100001,00700,00000,TISSUE RECCOVERY REVENUE
662,E100001,00800,00000,RESEARCH REVENUE
662,E100001,00900,00000,EX-RENAL AIR TRANS REV & LIVING KIDN
662,E100002,00400,00000,ALLOW/BAD DEBT
662,E100002,00800,00000,CONTRACTUAL ALLOWANCES
662,E200000,01500,00000,PUBLIC EDUCATION REVENUE
662,E200000,01700,00000,MISC INCOME
662,E200000,01800,00000,UWHC-REFERRAL REVENUE
662,E200000,02000,00000,OTHER EYE REFERRAL REVENUE
662,S000000,00100,00100,X
662,S000000,00400,00100,2
662,S000000,00500,00100,07/30/2021
662,S000000,00600,00100,10001
662,S000000,00700,00100,N
662,S000000,00800,00100,N
662,S000000,00900,00100,07/15/2024
662,S000000,01000,00100,4
662,S000001,00100,00100,GIFT OF LIFE DONOR PROGRAM
662,S000001,00100,00200,39P001
662,S000001,00101,00100,401 N. 3RD STREET
662,S000001,00102,00100,PHILADELPHIA
662,S000001,00102,00200,PA
662,S000001,00102,00300,19123
662,S000001,00300,00100,01/01/2020
662,S000001,00300,00200,12/31/2020
662,S000001,00400,00100,8
662,S000001,00400,00300,1
662,S000001,00400,00400,04/01/1978
662,S000001,00401,00300,1
662,S100001,00700,00100,N
662,S100001,00810,00000,VCA
662,S100001,00811,00000,INTESTINE
662,S100001,00812,00000,OTHER REVENUE
662,S100001,00813,00000,RESEARCH
662,S100001,00814,00000,LUNG-DOUBLE
662,S100001,00815,00000,OTHER TISSUE
662,S100003,00100,00100,MEDICAL DIRECTOR
662,S100003,00100,00300,MEDICAL DIRECTOR
662,S100003,00100,00500,LAB DIRECTOR
662,S100003,00101,00100,EXEC. DIRECTOR
662,S100003,00101,00300,PROCUREMENT COORDINATOR
662,S100003,00101,00500,TECHNICIANS
662,S100003,00102,00100,CLERICAL
662,S100003,00102,00300,PRESERVATION TECHNICIANS
662,S100003,00102,00500,TISSUE TYPING TECH.
662,S100003,00103,00100,OTHER
662,S100003,00103,00300,OTHER
662,S100003,00103,00500,OTHER
662,S200000,00100,00100,N
662,S200000,00200,00100,N
662,S200000,00300,00100,Y
662,S200000,00400,00100,Y
662,S200000,00400,00200,A
662,S200000,00500,00100,Y
662,S200000,00600,00300,SR. ACCOUNTANT
662,S200000,00700,00100,GIFT OF LIFE DONOR PROGRAM
757,A000000,00100,00000,0100CAPITAL COSTS-BLDG & FIXT
757,A000000,00200,00000,0200CAPITAL COSTS-MVBLE EQUIPMENT
757,A000000,00300,00000,0300EMPLOYEE BENEFITS
757,A000000,00400,00000,0400ADMINISTRATIVE & GENERAL
757,A000000,00500,00000,0500OPERATION AND MAINTENANCE OF PLANT
757,A000000,00600,00000,0600HOUSEKEEPING
757,A000000,00700,00000,0700MEDICAL SUPPLIES
757,A000000,00800,00000,0800OTHER OVERHEAD
757,A000000,00900,00000,0900PROCUREMENT COORDINATORS
757,A000000,01000,00000,1000PROFESSIONAL EDUCATION
757,A000000,01100,00000,1100PUBLIC EDUCATION
757,A000000,01200,00000,1200QUALITY SERVICES
757,A000000,01201,00000,1201FAMILY SERVICES
757,A000000,01202,00000,1202CALL CENTER
757,A000000,01300,00000,1300KIDNEY ACQUISITIONS
757,A000000,01400,00000,1400TISSUE TYPING LABORATORY
757,A000000,01500,00000,1500LIVER ACQUISITIONS
757,A000000,01600,00000,1600HEART ACQUISITIONS
757,A000000,01700,00000,1700PANCREAS ACQUISITIONS
757,A000000,01800,00000,1800LUNG ACQUISITIONS
757,A000000,01900,00000,1900INTESTINE ACQUISITIONS
757,A000000,01901,00000,1901ORGAN-OTHER
757,A000000,02100,00000,2100RESEARCH
757,A000000,02200,00000,2200BLOOD BANK
757,A000000,02300,00000,2300LABORATORY-NON-TISSUE TYPING
757,A000000,02400,00000,2400DIALYSIS UNITS
757,A000000,02500,00000,2500TISSUE
757,A000000,02501,00000,2501OCULAR
757,A000000,02502,00000,2502NORTHERN NEVADA
757,A000000,02503,00000,2503LIVING DONATION
757,A000000,02504,00000,2504BONE MARROW
757,A000000,02505,00000,2505FOUNDATION
757,A100000,01700,00000,A&G
757,A100000,01800,00000,DEPRECIATION
757,A100000,01900,00000,EMPLOYEE BENEFITS
757,A100000,01901,00000,NETWORK DUES
757,A20H000,00900,00000,CARDIOLOGY
757,A20H000,02100,00000,OUTSIDE LAB - HEART
757,A20K000,02100,00000,OUTSIDE LAB - KIDNEY
757,A20L000,02100,00000,OUTSIDE LAB-LIVER
757,A20O000,02100,00000,OUTSIDE LAB-INTESTINE
757,A20O001,00900,00000,OTHER HOSPITAL COSTS
757,A20O001,02100,00000,OUTSIDE LAB-OTHER
757,A20P000,02100,00000,OUTSIDE LAB-PANC
757,A20U000,02100,00000,OUTSIDE LAB-LUNG
757,A300000,00600,00000,OTHER TISSUE TYPING COSTS
757,A300000,00700,00000,DEPRECIATION
757,A300000,00800,00000,DUES
757,A300000,00900,00000,TRAINING AND TRAVEL
757,A300000,01001,00000,TRANSPORTATION FOR SPECIMENS
757,A300000,01002,00000,INSURANCE AND BUILDING
757,A300000,01003,00000,SUPPLIES & OTHER
757,A400010,00100,00000,PAYROLL TAXES
757,A400010,00100,00100,A
757,A400010,00100,00200,PROCUREMENT COORDINATORS
757,A400010,00100,00500,ADMINISTRATIVE & GENERAL
757,A400010,00200,00000,PAYROLL TAXES
757,A400010,00200,00100,A
757,A400010,00200,00200,PROFESSIONAL EDUCATION
757,A400010,00300,00000,PAYROLL TAXES
757,A400010,00300,00100,A
757,A400010,00300,00200,QUALITY SERVICES
757,A400010,00400,00000,PAYROLL TAXES
757,A400010,00400,00100,A
757,A400010,00400,00200,FAMILY SERVICES
757,A400010,00500,00000,PAYROLL TAXES
757,A400010,00500,00100,A
757,A400010,00500,00200,CALL CENTER
757,A400010,00600,00000,PAYROLL TAXES
757,A400010,00600,00100,A
757,A400010,00600,00200,TISSUE TYPING LABORATORY
757,A400010,00700,00000,PAYROLL TAXES
757,A400010,00700,00100,A
757,A400010,00700,00200,TISSUE
757,A400010,00800,00000,PAYROLL TAXES
757,A400010,00800,00100,A
757,A400010,00800,00200,OCULAR
757,A400010,00900,00000,PAYROLL TAXES
757,A400010,00900,00100,A
757,A400010,00900,00200,NORTHERN NEVADA
757,A400010,01000,00000,PAYROLL TAXES
757,A400010,01000,00100,A
757,A400010,01000,00200,LIVING DONATION
757,A400010,01100,00000,PAYROLL TAXES
757,A400010,01100,00100,A
757,A400010,01100,00200,BONE MARROW
757,A400010,01200,00000,TISSUE OVERHEAD
757,A400010,01200,00100,B
757,A400010,01200,00200,TISSUE
757,A400010,01200,00500,PROCUREMENT COORDINATORS
757,A400010,01300,00000,TISSUE OVERHEAD
757,A400010,01300,00100,B
757,A400010,01300,00200,OCULAR
757,A400010,01300,00500,PROFESSIONAL EDUCATION
757,A400010,01400,00000,TISSUE OVERHEAD
757,A400010,01400,00100,B
757,A400010,01400,00500,QUALITY SERVICES
757,A400010,01500,00000,TISSUE OVERHEAD
757,A400010,01500,00100,B
757,A400010,01500,00500,FAMILY SERVICES
757,A400010,01600,00000,TISSUE OVERHEAD
757,A400010,01600,00100,B
757,A400010,01600,00500,CALL CENTER
757,A400010,01700,00000,DIRECT ORGAN AQUISITION COSTS
757,A400010,01700,00100,C
757,A400010,01700,00200,KIDNEY ACQUISITIONS
757,A400010,01700,00500,ORGAN-OTHER
757,A400010,01800,00000,DIRECT ORGAN AQUISITION COSTS
757,A400010,01800,00100,C
757,A400010,01800,00200,LIVER ACQUISITIONS
757,A400010,01900,00000,DIRECT ORGAN AQUISITION COSTS
757,A400010,01900,00100,C
757,A400010,01900,00200,HEART ACQUISITIONS
757,A400010,02000,00000,DIRECT ORGAN AQUISITION COSTS
757,A400010,02000,00100,C
757,A400010,02000,00200,PANCREAS ACQUISITIONS
757,A400010,02100,00000,DIRECT ORGAN AQUISITION COSTS
757,A400010,02100,00100,C
757,A400010,02100,00200,LUNG ACQUISITIONS
757,A400010,02200,00000,BLDG OVEREHAD COST
757,A400010,02200,00100,D
757,A400010,02200,00200,ADMINISTRATIVE & GENERAL
757,A400010,02200,00500,PROCUREMENT COORDINATORS
757,A400010,02300,00000,BLDG OVEREHAD COST
757,A400010,02300,00100,D
757,A400010,02300,00500,PROFESSIONAL EDUCATION
757,A400010,02400,00000,BLDG OVEREHAD COST
757,A400010,02400,00100,D
757,A400010,02400,00500,QUALITY SERVICES
757,A400010,02500,00000,BLDG OVEREHAD COST
757,A400010,02500,00100,D
757,A400010,02500,00500,FAMILY SERVICES
757,A400010,02600,00000,BLDG OVEREHAD COST
757,A400010,02600,00100,D
757,A400010,02600,00500,CALL CENTER
757,A400010,02700,00000,BLDG OVEREHAD COST
757,A400010,02700,00100,D
757,A400010,02700,00500,TISSUE TYPING LABORATORY
757,A400010,02800,00000,BLDG OVEREHAD COST
757,A400010,02800,00100,D
757,A400010,02800,00500,TISSUE
757,A400010,02900,00000,BLDG OVEREHAD COST
757,A400010,02900,00100,D
757,A400010,02900,00500,OCULAR
757,A400010,03000,00000,BLDG OVEREHAD COST
757,A400010,03000,00100,D
757,A400010,03000,00500,NORTHERN NEVADA
757,A400010,03100,00000,BLDG OVEREHAD COST
757,A400010,03100,00100,D
757,A400010,03100,00500,LIVING DONATION
757,A400010,03200,00000,BLDG OVEREHAD COST
757,A400010,03200,00100,D
757,A400010,03200,00500,BONE MARROW
757,A500010,01200,00100,B
757,A500010,01200,00300,CAPITAL COSTS-MVBLE EQUIPMENT
757,A500010,01503,00000,NONALLOWABLE INTEREST EXPENSE
757,A500010,01503,00100,A
757,A500010,01503,00300,CAPITAL COSTS-MVBLE EQUIPMENT
757,A500010,01504,00000,GALA REVENUE
757,A500010,01504,00100,B
757,A500010,01504,00300,PROFESSIONAL EDUCATION
757,A500010,01600,00000,AOPO LOBBYING
757,A500010,01600,00100,A
757,A500010,01600,00300,ADMINISTRATIVE & GENERAL
757,A500010,01601,00000,ROSE PARADE
757,A500010,01601,00100,A
757,A500010,01601,00300,PROFESSIONAL EDUCATION
757,A500010,01602,00000,ROSE PARADE
757,A500010,01602,00100,A
757,A500010,01602,00300,FAMILY SERVICES
757,A500010,01603,00000,ROSE PARADE
757,A500010,01603,00100,A
757,A500010,01603,00300,ADMINISTRATIVE & GENERAL
757,A500010,01604,00000,NON-ALLOWABLE EXPENSES
757,A500010,01604,00100,A
757,A500010,01604,00300,ADMINISTRATIVE & GENERAL
757,A500010,01605,00000,NON-ALLOWABLE EXPENSES
757,A500010,01605,00100,A
757,A500010,01605,00300,PROCUREMENT COORDINATORS
757,A500010,01606,00000,NON-ALLOWABLE EXPENSES
757,A500010,01606,00100,A
757,A500010,01606,00300,PROFESSIONAL EDUCATION
757,A500010,01607,00000,NON-ALLOWABLE EXPENSES
757,A500010,01607,00100,A
757,A500010,01607,00300,QUALITY SERVICES
757,A500010,01608,00000,FOUNDATION EXPENSES
757,A500010,01608,00100,A
757,A500010,01608,00300,FOUNDATION
757,A51000A,00100,00100,N
757,A60000A,00700,00000,BLDG & EQUIP
757,B10000*,00100,00200,CAP BLDG
757,B10000*,00100,00300,CAP COSTS
757,B10000*,00100,00400,EMPLOYEE
757,B10000*,00100,00500,MEDICAL
757,B10000*,00100,00800,ORGAN
757,B10000*,00100,01000,ADMIN &
757,B10000*,00200,00200,OP PLANT &
757,B10000*,00200,00300,MOVABLE
757,B10000*,00200,00400,BENEFITS
757,B10000*,00200,00500,SUPPLIES
757,B10000*,00200,00800,ACQUISITN
757,B10000*,00200,01000,GENERAL
757,B10000*,00300,00200,HOUSEKEEP
757,B10000*,00300,00300,EQUIPMENT
757,B10000*,00300,00800,COSTS
757,B10000*,00400,00200,SQUARE
757,B10000*,00400,00300,SQUARE
757,B10000*,00400,00400,ADJUST
757,B10000*,00400,00500,COSTED
757,B10000*,00400,00800,NUMBER
757,B10000*,00400,01000,ACCUM
757,B10000*,00500,00200,FEET
757,B10000*,00500,00300,FEET
757,B10000*,00500,00400,SALARIES
757,B10000*,00500,00500,REQUISIT
757,B10000*,00500,00800,ORGANS
757,B10000*,00500,01000,COSTS
757,B10000*,00600,00200,1
757,B10000*,00600,00300,2
757,B10000*,00600,00400,3
757,B10000*,00600,00500,3
757,B10000*,00600,00800,3
757,B10000*,00600,01000,3
757,B100000,00000,01000,X
757,E000000,00900,00000,457 ASSET
757,E000000,02600,00000,SOFTWARE
757,E000000,03900,00000,PPP FUNDING LIABILITY
757,E000000,04100,00000,INTERCOMPANY
757,E000000,04600,00000,457 LIABILITY AND OTHER
757,E000000,04700,00000,MEMBERSHIP UNIT ADVANCE
757,E100001,00700,00000,TISSUE
757,E100001,00800,00000,OCULAR
757,E100001,00900,00000,LIVING DONATION
757,E100001,00901,00000,BONE MARROW LAB
757,E100002,00300,00000,OTHER EXPENSES
757,E200000,02000,00000,OTHER REVENUES
757,E200000,02100,00000,OTHER LOSS FROM ASSET DISPOSITION
757,S000000,00100,00100,X
757,S000000,00400,00100,3
757,S000000,00500,00100,07/12/2021
757,S000000,00600,00100,10001
757,S000000,00700,00100,N
757,S000000,00800,00100,N
757,S000000,00900,00100,03/19/2025
757,S000000,01000,00100,4
757,S000001,00100,00100,NEVADA DONOR NETWORK INC
757,S000001,00100,00200,29P001
757,S000001,00101,00100,2055 E SAHARA AVENUE
757,S000001,00102,00100,LAS VEGAS
757,S000001,00102,00200,NV
757,S000001,00102,00300,891043829
757,S000001,00200,00100,NEVADA DONOR NETWORK INC
757,S000001,00200,00200,29HL01
757,S000001,00201,00100,2059 E SAHARA AVENUE
757,S000001,00202,00100,LAS VEGAS
757,S000001,00202,00200,NV
757,S000001,00202,00300,891043829
757,S000001,00300,00100,01/01/2020
757,S000001,00300,00200,12/31/2020
757,S000001,00400,00100,6
757,S000001,00400,00300,1
757,S000001,00400,00400,10/01/1985
757,S000001,00401,00100,6
757,S000001,00401,00300,2
757,S000001,00401,00400,01/01/2006
757,S000002,00100,00200,Y
757,S000002,00300,00100,PRESIDENT/CEO
757,S000002,00400,00100,07/09/2021
757,S100001,00700,00100,N
757,S100001,00810,00000,DRG
757,S100001,00811,00000,VEINS
757,S100001,00812,00000,LIVING DONATION
757,S100002,00400,00100,HLA CLASS I AND II
757,S100002,00401,00100,ABO TYPING
757,S100002,00402,00100,CROSSMATCH
757,S100002,00403,00100,HLA ANTIBODY
757,S100002,00404,00100,PROCESSING AND STORAGE FEE  RENAL
757,S100003,00100,00100,MEDICAL DIRECTOR
757,S100003,00100,00300,MEDICAL DIRECTOR
757,S100003,00100,00500,LAB DIRECTOR
757,S100003,00101,00100,EXEC. DIRECTOR
757,S100003,00101,00300,PROCUREMENT COORDINATOR
757,S100003,00101,00500,TECHNICIANS
757,S100003,00102,00100,CLERICAL
757,S100003,00102,00300,PRESERVATION TECHNICIANS
757,S100003,00102,00500,TISSUE TYPING TECH.
757,S100003,00103,00100,OTHER
757,S100003,00103,00300,OTHER
757,S100003,00103,00500,OTHER
757,S200000,00100,00100,N
757,S200000,00200,00100,N
757,S200000,00300,00100,N
757,S200000,00400,00100,Y
757,S200000,00400,00200,A
757,S200000,00500,00100,N
757,S200000,00600,00300,PRESIDENT CEO
757,S200000,00700,00100,NEVADA DONOR NETWORK INC
