5,A000000,00100,00000,0100CAPITAL COSTS-BLDG & FIXT
5,A000000,00200,00000,0200CAPITAL COSTS-MVBLE EQUIPMENT
5,A000000,00300,00000,0300EMPLOYEE BENEFITS
5,A000000,00400,00000,0400ADMINISTRATIVE & GENERAL
5,A000000,00500,00000,0500OPERATION AND MAINTENANCE OF PLANT
5,A000000,00600,00000,0600HOUSEKEEPING
5,A000000,00700,00000,0700MEDICAL SUPPLIES
5,A000000,00800,00000,0800DATA PROCESSING
5,A000000,00801,00000,0801SERUM CYTO MCRO TRAYS
5,A000000,00900,00000,0900PROCUREMENT COORDINATORS
5,A000000,01000,00000,1000PROFESSIONAL EDUCATION
5,A000000,01100,00000,1100PUBLIC EDUCATION
5,A000000,01300,00000,1300KIDNEY ACQUISITIONS
5,A000000,01400,00000,1400TISSUE TYPING LABORATORY
5,A000000,01500,00000,1500LIVER ACQUISITIONS
5,A000000,01600,00000,1600HEART ACQUISITIONS
5,A000000,01700,00000,1700PANCREAS ACQUISITIONS
5,A000000,01800,00000,1800LUNG ACQUISITIONS
5,A000000,01900,00000,1900OTHER ACQUISITIONS
5,A000000,02100,00000,2100RESEARCH
5,A000000,02200,00000,2200BLOOD BANK
5,A000000,02300,00000,2300LABORATORY-NON-TISSUE TYPING
5,A000000,02400,00000,2400DIALYSIS UNITS
5,A000000,02500,00000,2500UNRELATED BONE MARROW DONOR
5,A000000,02502,00000,2502RESEARCH AND REFERENCE 61603
5,A100000,01700,00000,OPERATION OF PLANT
5,A100000,01800,00000,HOUSEKEEPING
5,A100000,01900,00000,OTHER ADMIN AND GENERAL
5,A300000,00600,00000,OFFICE SUPPLY
5,A300000,00700,00000,INVENTORIAL EQUIPMENT
5,A300000,00800,00000,TRAVEL
5,A300000,00900,00000,OTHER
5,A400010,00100,00000,CAPITAL BUILDING-RENTAL
5,A400010,00100,00100,A
5,A400010,00100,00200,CAPITAL COSTS-BLDG & FIXT
5,A400010,00100,00500,TISSUE TYPING LABORATORY
5,A400010,00200,00000,CAPITAL COSTS -MVBLE EQUIP
5,A400010,00200,00100,B
5,A400010,00200,00200,CAPITAL COSTS-MVBLE EQUIPMENT
5,A400010,00200,00500,TISSUE TYPING LABORATORY
5,A400010,00300,00000,OPERATION OF PLANT
5,A400010,00300,00100,C
5,A400010,00300,00200,OPERATION AND MAINTENANCE OF PLANT
5,A400010,00300,00500,ADMINISTRATIVE & GENERAL
5,A400010,00400,00000,OPERATION OF PLANT
5,A400010,00400,00100,C
5,A400010,00400,00500,TISSUE TYPING LABORATORY
5,A400010,00500,00000,OPERATION OF PLANT
5,A400010,00500,00100,C
5,A400010,00500,00500,RESEARCH
5,A400010,00600,00000,OPERATION OF PLANT
5,A400010,00600,00100,C
5,A400010,00600,00500,RESEARCH AND REFERENCE 61603
5,A400010,00700,00000,HOUSEKEEPING
5,A400010,00700,00100,D
5,A400010,00700,00200,HOUSEKEEPING
5,A400010,00700,00500,ADMINISTRATIVE & GENERAL
5,A400010,00800,00000,HOUSEKEEPING
5,A400010,00800,00100,D
5,A400010,00800,00500,RESEARCH AND REFERENCE 61603
5,A400010,00900,00000,SERUM CYTO MCRO TRAYS
5,A400010,00900,00100,G
5,A400010,00900,00200,SERUM CYTO MCRO TRAYS
5,A400010,00900,00500,TISSUE TYPING LABORATORY
5,A400010,01000,00000,SERUM CYTO MCRO TRAYS
5,A400010,01000,00100,G
5,A400010,01000,00500,RESEARCH
5,A500010,01601,00000,AMORTIZATION OF EQUIP
5,A500010,01601,00100,A
5,A500010,01601,00300,CAPITAL COSTS-MVBLE EQUIPMENT
5,A500010,01602,00000,2020 INVENTORIAL EQUIPMENT
5,A500010,01602,00100,A
5,A500010,01602,00300,CAPITAL COSTS-MVBLE EQUIPMENT
5,A500010,01603,00000,ACADEMIC OVERHEAD RESEARCH
5,A500010,01603,00100,A
5,A500010,01603,00300,RESEARCH
5,A500010,01604,00000,ACADEMIC OVERHEAD ADJ
5,A500010,01604,00100,A
5,A500010,01604,00300,RESEARCH AND REFERENCE 61603
5,A500010,01605,00000,LABORATORY REVENUE RECHARGES
5,A500010,01605,00100,A
5,A500010,01605,00300,TISSUE TYPING LABORATORY
5,A500010,01606,00000,LABORATORY REVENUE RECHARGES
5,A500010,01606,00100,A
5,A500010,01606,00300,RESEARCH AND REFERENCE 61603
5,A500010,01607,00000,LABORATORY REVENUE RECHARGES
5,A500010,01607,00100,A
5,A500010,01607,00300,RESEARCH
5,A500010,01608,00000,LABORATORY REVENUE RECHARGES
5,A500010,01608,00100,A
5,A500010,01608,00300,ADMINISTRATIVE & GENERAL
5,A500010,01609,00000,REMOVE INTERDEPARTMENTAL SUPPORT
5,A500010,01609,00100,A
5,A500010,01609,00300,RESEARCH
5,A51000A,00100,00100,Y
5,A51000B,00100,00200,ADMINISTRATIVE & GENERAL
5,A51000B,00100,00300,UNIVERSITY OVERHEAD
5,A51000C,00100,00100,G
5,A51000C,00100,00200,UCLA
5,A51000C,00100,00400,UCLA
5,A51000C,00100,00600,UNIVERSITY
5,B10000*,00100,00200,CAP BLDG
5,B10000*,00100,00300,CAP COSTS
5,B10000*,00100,00400,EMPLOYEE
5,B10000*,00100,00500,MEDICAL
5,B10000*,00100,00800,ORGAN
5,B10000*,00100,01000,ADMIN &
5,B10000*,00200,00200,OP PLANT &
5,B10000*,00200,00300,MOVABLE
5,B10000*,00200,00400,BENEFITS
5,B10000*,00200,00500,SUPPLIES
5,B10000*,00200,00800,ACQUISITN
5,B10000*,00200,01000,GENERAL
5,B10000*,00300,00200,HOUSEKEEP
5,B10000*,00300,00300,EQUIPMENT
5,B10000*,00300,00800,COSTS
5,B10000*,00400,00200,SQUARE
5,B10000*,00400,00300,DOLLAR
5,B10000*,00400,00400,ADJUST
5,B10000*,00400,00500,COSTED
5,B10000*,00400,00600,UNDEFINED
5,B10000*,00400,00800,NUMBER
5,B10000*,00400,01000,ACCUM
5,B10000*,00500,00200,FEET
5,B10000*,00500,00300,VALUE
5,B10000*,00500,00400,SALARIES
5,B10000*,00500,00500,REQUISIT
5,B10000*,00500,00800,ORGANS
5,B10000*,00500,01000,COSTS
5,B10000*,00600,00200,1
5,B10000*,00600,00300,2
5,B10000*,00600,00400,3
5,B10000*,00600,00500,3
5,B10000*,00600,00800,3
5,B10000*,00600,01000,3
5,B100000,00000,01000,X
5,E100002,00300,00000,ADD IN A-5 ADJUSTMENTS
5,S000000,00100,00100,X
5,S000000,00400,00100,1
5,S000000,00500,00100,12/01/2020
5,S000000,00600,00100,10001
5,S000000,00700,00100,N
5,S000000,00800,00100,N
5,S000000,01000,00100,4
5,S000001,00100,00100,UCLA IMMUNOGENETICS LAB
5,S000001,00100,00200,05HL03
5,S000001,00101,00100,1000 VETERAN AVENUE
5,S000001,00102,00100,LOS ANGELES
5,S000001,00102,00200,CA
5,S000001,00102,00300,90024
5,S000001,00300,00100,07/01/2019
5,S000001,00300,00200,06/30/2020
5,S000001,00400,00100,10
5,S000001,00400,00300,2
5,S000001,00400,00400,04/01/1978
5,S000001,00401,00300,1
5,S100001,00700,00100,N
5,S100001,00810,00000,OTHER
5,S100002,00400,00100,HLA - B5801
5,S100002,00401,00100,HLA-DQA1  (HIGH RESOLUTION)
5,S100002,00402,00100,CYCLOSPORINE - WHOLE BLOOD - HPLC (C
5,S100002,00403,00100,SINGLE ANTIGEN ANTIBODY ID CLASS I &
5,S100002,00404,00100,HLA - A  B  C  DRB1  DRB345 DQB1  DQ
5,S100002,00405,00100,FLOW PRA + ID CLASS II  ROUTINE CPT#
5,S100002,00406,00100,SINGLE ANTIGEN ANTIBODY ID CLASS I &
5,S100002,00407,00100,FLOW PRA + ID CLASS I  ROUTINE CPT#8
5,S100002,00408,00100,CELIAC DISEASE - ASSOCIATED HLA TYPI
5,S100002,00409,00100,DONOR SPECIFIC ENDOTHELIAL CELL CROS
5,S100002,00410,00100,ENGRAFTMENT ANALYSIS: POST TRANSPLAN
5,S100002,00411,00100,HLA - DPA CLASS 1 (HIGH RESOLUTION)
5,S100002,00412,00100,HLA-A (INTERMEDIATE RESOLUTION)
5,S100002,00413,00100,HLA-A B (INTERMEDIATE RESOLUTION)
5,S100002,00414,00100,ENGRAFTMENT: PRE-TRANSPLANT EACH ADD
5,S100002,00415,00100,SINGLE ANTIGEN ID  TITRATION  CLASS
5,S100002,00416,00100,SINGLE ANTIGEN ID  C1Q  CLASS I CPT8
5,S100002,00417,00100,HLA-A2 SUBTYPING DNA (HIGH RESOLUTIO
5,S100002,00418,00100,HLA-B27
5,S100002,00419,00100,HLA-DRB3/4/5 (HIGH RESOLUTION)
5,S100002,00420,00100,HLA-DRB1  DRB3  4  5 (INTERMEDIATE R
5,S100002,00421,00100,ENGRAFTMENT: PRE-TRANSPLANT COMPARAT
5,S100002,00422,00100,SERUM STORAGE AND PROCESSING FEE - B
5,S100002,00423,00100,HLA-DQB1 (HIGH RESOLUTION)
5,S100002,00424,00100,STAT TEST SET-UP FEE-HLA TYPING
5,S100002,00425,00100,HLA-DPB1 (HIGH RESOLUTION)
5,S100002,00426,00100,HLA-DQB1 (INTERMEDIATE RESOLUTION)
5,S100002,00427,00100,HLA-DRB1 (HIGH RESOLUTION)
5,S100002,00428,00100,HLA-A  (HIGH RESOLUTION)
5,S100002,00429,00100,HLA-C  (HIGH RESOLUTION)
5,S100002,00430,00100,SINGLE ANTIGEN ANTIBODY ID  CLASS I
5,S100002,00431,00100,HLA-DRB1 DQB1 (INTERMEDIATE RESOLUTI
5,S100002,00432,00100,HLA-B (HIGH RESOLUTION)
5,S100002,00433,00100,HLA-B DNA(INTER./HIGH RESOLUTION)
5,S100002,00434,00100,HLA-DRB1  3  4  5 DQB1  (INTERMEDIAT
5,S100002,00435,00100,DRB1  DQB1  DRB345  A  B  C  DP BONE
5,S100002,00436,00100,HLA-A B C (INTERMEDIATE RESOLUTION)
5,S100002,00437,00100,SERUM STORAGE AND PROCESSING FEE - B
5,S100002,00438,00100,MICA GENOTYPING
5,S100002,00439,00100,STAT TEST SET-UP FEE-SABS
5,S100002,00440,00100,STAT TEST SET-UP FEE-XMS
5,S100002,00441,00100,HLA - DPA CLASS I - INTERMEDIATE RES
5,S100002,00442,00100,HLA-DQA1 (INTERMEDIATE RESOLUTION)
5,S100002,00443,00100,DECEASED DONOR PARTIAL - WORKUP
5,S100002,00444,00100,SINGLE ANTIGEN ID CI TRITRATION (CPT
5,S100002,00445,00100,SINGLE ANTIGEN ID  TITRATION  CLASS
5,S100002,00446,00100,HLA - A  B  C  DRB1  DRB345 DQB1  DQ
5,S100002,00447,00100,HLA-DPB1(INTERMEDIATE RESOLUTION.)
5,S100002,00448,00100,HLA-C (INTERMEDIATE RESOLUTION)
5,S100002,00449,00100,SINGLE ANTIGEN ID  C1Q  CLASS I CPT8
5,S100002,00450,00100,SINGLE ANTIGEN ID  CII CIQ (CPT#8818
5,S100002,00451,00100,DECEASED TYPING &  CROSSMATCHES  IMP
5,S100002,00452,00100,CYTOTOXIC ANTIBODIES (PRA + SPECIFIC
5,S100002,00453,00100,DECEASED TYPING & CROSSMATCHES  LOCA
5,S100002,00454,00100,HLA - A  B  C  DRB1  DRB345 DQB1  DQ
5,S100002,00455,00100,T & B-CELL FLOW CROSSMATCH CPT#86825
5,S100002,00456,00100,DECEASED CROSSMATCH  ADDITIONAL
5,S100002,00457,00100,ENDOTHELIAL CELL CROSSMATCH
5,S100002,00458,00100,CELL STORAGE
5,S100002,00459,00100,T & B CELL CYTOTOXIC CROSSMATCH CPT#
5,S100002,00460,00100,MICA ANTIBODY (CPT. #86807)
5,S100002,00461,00100,AT1R
5,S100002,00462,00100,T&B CELL FLOW CROSSMATCH WITH PRONAS
5,S100002,00463,00100,HLA - A  B  C  DRB1  DRB345 DQB1  DQ
5,S100002,00464,00100,FLOW PRA + ID CLASS I  ROUTINE CPT#8
5,S100002,00465,00100,FLOW PRA + ID CLASS II  ROUTINE CPT#
5,S100002,00466,00100,SINGLE ANTIGEN ANTIBODY ID CLASS I &
5,S100002,00467,00100,SERA STORAGE
5,S100003,00100,00100,MEDICAL DIRECTOR
5,S100003,00100,00300,MEDICAL DIRECTOR
5,S100003,00100,00500,LAB DIRECTOR
5,S100003,00101,00100,EXEC. DIRECTOR
5,S100003,00101,00300,PROCUREMENT COORDINATOR
5,S100003,00101,00500,TECHNICIANS
5,S100003,00102,00100,CLERICAL
5,S100003,00102,00300,PRESERVATION TECHNICIANS
5,S100003,00102,00500,TISSUE TYPING TECH.
5,S100003,00103,00100,OTHER
5,S100003,00103,00300,OTHER
5,S100003,00103,00500,OTHER
5,S200000,00100,00100,N
5,S200000,00200,00100,N
5,S200000,00300,00100,Y
5,S200000,00400,00100,N
5,S200000,00500,00100,N
5,S200000,00600,00300,DIRECTOR - CLIENT SERVICES
5,S200000,00700,00100,TOYON ASSOCIATES
96,A000000,00100,00000,0100CAPITAL COSTS-BLDG & FIXT
96,A000000,00200,00000,0200CAPITAL COSTS-MVBLE EQUIPMENT
96,A000000,00300,00000,0300EMPLOYEE BENEFITS
96,A000000,00400,00000,0400ADMINISTRATIVE & GENERAL
96,A000000,00500,00000,0500OPERATION AND MAINTENANCE OF PLANT
96,A000000,00600,00000,0600HOUSEKEEPING
96,A000000,00700,00000,0700MEDICAL SUPPLIES
96,A000000,00800,00000,0800OTHER OVERHEAD
96,A000000,00900,00000,0900PROCUREMENT COORDINATORS
96,A000000,01000,00000,1000PROFESSIONAL EDUCATION
96,A000000,01100,00000,1100PUBLIC EDUCATION
96,A000000,01200,00000,1200ORGAN ACQUISITION OVERHEAD
96,A000000,01300,00000,1300KIDNEY ACQUISITIONS
96,A000000,01400,00000,1400TISSUE TYPING LABORATORY
96,A000000,01500,00000,1500LIVER ACQUISITIONS
96,A000000,01600,00000,1600HEART ACQUISITIONS
96,A000000,01700,00000,1700PANCREAS ACQUISITIONS
96,A000000,01800,00000,1800LUNG ACQUISITIONS
96,A000000,01900,00000,1900INTESTINE        S
96,A000000,02100,00000,2100RESEARCH
96,A000000,02200,00000,2200BLOOD BANK
96,A000000,02300,00000,2300LABORATORY-NON-TISSUE TYPING
96,A000000,02400,00000,2400DIALYSIS UNITS
96,A000000,02500,00000,2500TISSUE
96,A000000,02501,00000,250125.01 FOUNDATION COSTS CENTER
96,A100000,01700,00000,TRANSPORTATION/AUTO EXPENSES
96,A100000,01800,00000,EMPLOYEE RECRUITMENT
96,A100000,01900,00000,APPLICATION/OTHER FEES
96,A100000,01901,00000,BOARD OF DIRECTORS
96,A100000,01902,00000,EQUIPMENT LEASE
96,A100000,01903,00000,DEPRECIATION EXPENSE
96,A100000,01904,00000,WEBSITE/SOFTWARE/LICENSES
96,A100000,01905,00000,ROUNDING
96,A20H000,02100,00000,TISSUE TYPING EXPENSE
96,A20H000,02101,00000,HEART FLYOUT PRESERVATION SERVICE
96,A20H000,02102,00000,LIVER ACTIVASE
96,A20H000,02103,00000,ORDC BIOPSY GRANT EXPENSE
96,A20H000,02104,00000,TRANSPORATION IMPORT KIDNEY
96,A20K000,02100,00000,KIDNEY BIOPSY NEEDLES
96,A20K000,02101,00000,KIDNEY PUMPING COST
96,A20K000,02102,00000,TRANSPORTATION KIDNEY PUMPS
96,A20K000,02103,00000,OUTSIDE LABS KIDNEY BIOPSY
96,A20K000,02104,00000,OUTSIDE LAB TRANSPORTATION KIDNEY B
96,A20K000,02105,00000,TISSUE TYPING TRANSPORTATION
96,A20K000,02106,00000,IMPORT KIDNEY PUMPING SERVICE
96,A20K000,02107,00000,LABS-HLA DONOR TESTING
96,A20K000,02108,00000,TRANSPORTATION IMPORT KIDNEY
96,A20K000,02109,00000,ROUNDING
96,A20L000,02100,00000,LIVER PRESERVATION FLY OUT SERVICE
96,A20L000,02101,00000,LIVER BIOPSY NEEDLES
96,A20L000,02102,00000,OUTSIDE LAB LIVER BIOPOSIES
96,A20L000,02103,00000,LIVER BIOSPY TRANSPORTATION
96,A20L000,02104,00000,LIVER ACTIVASE
96,A20L000,02105,00000,ORDC BIOPSY GRANT EXPENSE
96,A20L000,02106,00000,TRANSPORATION IMPORT KIDNEY
96,A20O000,02100,00000,PRESERVATION FLYOUT SERVICE
96,A20O000,02101,00000,LIVER ACTIVASE
96,A20O000,02102,00000,ORDC BIOPSY GRANT EXPENSE
96,A20O000,02103,00000,TRANSPORATION IMPORT KIDNEY
96,A20O001,02100,00000,LIVER ACTIVASE
96,A20O001,02101,00000,ORDC BIOPSY GRANT EXPENSE
96,A20O001,02102,00000,TRANSPORATION IMPORT KIDNEY
96,A20O002,02100,00000,LIVER ACTIVASE
96,A20O002,02101,00000,ORDC BIOPSY GRANT EXPENSE
96,A20O002,02102,00000,TRANSPORATION IMPORT KIDNEY
96,A20O003,02100,00000,LIVER ACTIVASE
96,A20O003,02101,00000,ORDC BIOPSY GRANT EXPENSE
96,A20O003,02102,00000,TRANSPORATION IMPORT KIDNEY
96,A20P000,02100,00000,PRESERVATION FLY OUT SERVICE
96,A20P000,02101,00000,TRANSPORTATION TISSUE TYPING
96,A20U000,02100,00000,LUNG FLYOUTPRESERVATION SERVICE
96,A20U000,02101,00000,LIVER ACTIVASE
96,A20U000,02102,00000,ORDC BIOPSY GRANT EXPENSE
96,A20U000,02103,00000,TRANSPORATION IMPORT KIDNEY
96,A400010,00100,00000,RECLASS RENT & ELECTRIC
96,A400010,00100,00100,A
96,A400010,00100,00200,CAPITAL COSTS-BLDG & FIXT
96,A400010,00100,00500,ADMINISTRATIVE & GENERAL
96,A400010,00200,00000,OPERATION & MAINTENANCE
96,A400010,00200,00100,B
96,A400010,00200,00200,CAPITAL COSTS-BLDG & FIXT
96,A400010,00200,00500,OPERATION AND MAINTENANCE OF PLANT
96,A400010,00300,00000,RECLASS MOVABLE EQUIPMENT
96,A400010,00300,00100,C
96,A400010,00300,00200,CAPITAL COSTS-MVBLE EQUIPMENT
96,A400010,00300,00500,ADMINISTRATIVE & GENERAL
96,A400010,00400,00000,ALLOCATE COST TO TISSUE FOR O/H
96,A400010,00400,00100,D
96,A400010,00400,00200,TISSUE
96,A400010,00400,00500,ORGAN ACQUISITION OVERHEAD
96,A400010,00500,00000,AMT EXCLUDED FROM TISSUE O/H ALLOCA
96,A400010,00500,00100,E
96,A400010,00500,00200,ORGAN ACQUISITION OVERHEAD
96,A400010,00500,00500,ORGAN ACQUISITION OVERHEAD
96,A400010,00600,00000,RECLASS PRESERVATION COST
96,A400010,00600,00100,F
96,A400010,00600,00200,KIDNEY ACQUISITIONS
96,A400010,00700,00000,RECLASS PRESERVATION COST
96,A400010,00700,00100,F
96,A400010,00700,00200,LIVER ACQUISITIONS
96,A400010,00800,00000,RECLASS PRESERVATION COST
96,A400010,00800,00100,F
96,A400010,00800,00200,HEART ACQUISITIONS
96,A400010,00900,00000,RECLASS PRESERVATION COST
96,A400010,00900,00100,F
96,A400010,00900,00200,PANCREAS ACQUISITIONS
96,A400010,01000,00000,RECLASS PRESERVATION COST
96,A400010,01000,00100,F
96,A400010,01000,00200,LUNG ACQUISITIONS
96,A400010,01000,00500,PROCUREMENT COORDINATORS
96,A400010,01100,00000,RECLASS PRESERVATION COST
96,A400010,01100,00100,F
96,A400010,01100,00500,ORGAN ACQUISITION OVERHEAD
96,A400010,01200,00000,ALLOCATE CAPITAL COSTS TO TISSUE
96,A400010,01200,00100,H
96,A400010,01200,00200,TISSUE
96,A400010,01200,00500,CAPITAL COSTS-BLDG & FIXT
96,A400010,01300,00000,ALLOCATE CAPITAL COSTS TO TISSUE
96,A400010,01300,00100,H
96,A400010,01300,00200,ADMINISTRATIVE & GENERAL
96,A400010,01300,00500,CAPITAL COSTS-MVBLE EQUIPMENT
96,A400010,01400,00000,ALLOCATE CAPITAL COSTS TO TISSUE
96,A400010,01400,00100,H
96,A400010,01400,00200,25.01 FOUNDATION COSTS CENTER
96,A500010,00800,00100,B
96,A500010,00800,00300,ORGAN ACQUISITION OVERHEAD
96,A500010,01500,00000,IMPORT KIDNEY PUMPING REVENUE
96,A500010,01500,00100,B
96,A500010,01500,00300,KIDNEY ACQUISITIONS
96,A500010,01600,00000,KIDNEY EXCHANGE REVENUE
96,A500010,01600,00100,B
96,A500010,01600,00300,KIDNEY ACQUISITIONS
96,A500010,01601,00000,PROMOTIONAL ITEM-NOT REIMBURSABLE
96,A500010,01601,00100,B
96,A500010,01601,00300,PUBLIC EDUCATION
96,A500010,01602,00000,ORGAN DONOR TRANSPORTATION
96,A500010,01602,00100,B
96,A500010,01602,00300,ORGAN ACQUISITION OVERHEAD
96,A51000A,00100,00100,N
96,A60000A,00700,00000,LEASEHOLD IMPROVEMENTS
96,A60000A,00701,00000,PROCUREMENT EQUIPMENT
96,A60000B,00800,00000,8    LEASEHOLD IMPROVEMENTS
96,A60000C,00500,00100,N
96,B10000*,00100,00200,CAP BLDG
96,B10000*,00100,00300,CAP COSTS
96,B10000*,00100,00400,EMPLOYEE
96,B10000*,00100,00500,MEDICAL
96,B10000*,00100,00800,ORGAN
96,B10000*,00100,01000,ADMIN &
96,B10000*,00200,00200,OP PLANT &
96,B10000*,00200,00300,MOVABLE
96,B10000*,00200,00400,BENEFITS
96,B10000*,00200,00500,SUPPLIES
96,B10000*,00200,00800,ACQUISITN
96,B10000*,00200,01000,GENERAL
96,B10000*,00300,00200,HOUSEKEEP
96,B10000*,00300,00300,EQUIPMENT
96,B10000*,00300,00800,COSTS
96,B10000*,00400,00200,SQUARE
96,B10000*,00400,00300,DOLLAR
96,B10000*,00400,00400,ADJUST
96,B10000*,00400,00500,COSTED
96,B10000*,00400,00800,NUMBER
96,B10000*,00400,01000,ACCUM
96,B10000*,00500,00200,FEET
96,B10000*,00500,00300,VALUE
96,B10000*,00500,00400,SALARIES
96,B10000*,00500,00500,REQUISIT
96,B10000*,00500,00800,ORGANS
96,B10000*,00500,01000,COSTS
96,B10000*,00600,00200,1
96,B10000*,00600,00300,2
96,B10000*,00600,00400,3
96,B10000*,00600,00500,3
96,B10000*,00600,00800,3
96,B10000*,00600,01000,3
96,B100000,00000,01000,X
96,E000000,00900,00000,OTHER CURRENT ASSETS
96,E000000,02600,00000,OTHER FIXED ASSETS
96,E000000,03100,00000,DEFERRED COMPENSATION 457B
96,E000000,04100,00000,DUE TO MEDICARE
96,E000000,04600,00000,DEFERRED LEASEHOLD INCENTIVE
96,E000000,04700,00000,DEFERRED LEASEHOLD ESCALATIONS
96,E000000,04800,00000,DEFERRED COMPENSATION 457B
96,E100001,00700,00000,7 RESEARCH & GRANTS
96,E100001,00800,00000,8 IMPORT ORGAN PRESERVATION SERVI
96,E100001,00900,00000,TISSUE REVENUE
96,E100002,00300,00000,ROUNDING
96,E100002,00800,00000,FOUNDATION COST CENTER
96,S000000,00100,00100,X
96,S000000,00400,00100,2
96,S000000,00500,00100,04/23/2020
96,S000000,00600,00100,10001
96,S000000,00700,00100,N
96,S000000,00800,00100,N
96,S000000,00900,00100,10/07/2021
96,S000000,01000,00100,4
96,S000001,00100,00100,LIVEONNY  INC.
96,S000001,00100,00200,33P003
96,S000001,00101,00100,460 WEST 34TH STREET  15TH FLOOR
96,S000001,00102,00100,NEW YORK
96,S000001,00102,00200,NY
96,S000001,00102,00300,10001
96,S000001,00300,00100,01/01/2019
96,S000001,00300,00200,12/31/2019
96,S000001,00400,00100,6
96,S000001,00400,00300,1
96,S000001,00400,00400,04/01/1979
96,S000001,00401,00300,1
96,S100001,00700,00100,N
96,S100001,00810,00000,INTESTINE
96,S100001,00811,00000,KID-PUMP-IMP
96,S100001,00812,00000,KIDNEY EXCHAN
96,S100001,00813,00000,RESEARCH/OTHE
96,S100001,00814,00000,FLYOUTS
96,S100001,00815,00000,DTA
96,S100001,00816,00000,SAPHENOUS
96,S100001,00817,00000,AORTOILLIAC
96,S100001,00818,00000,FEMORAL
96,S100003,00100,00100,MEDICAL DIRECTOR
96,S100003,00100,00300,MEDICAL DIRECTOR
96,S100003,00100,00500,LAB DIRECTOR
96,S100003,00101,00100,EXEC. DIRECTOR
96,S100003,00101,00300,PROCUREMENT COORDINATOR
96,S100003,00101,00500,TECHNICIANS
96,S100003,00102,00100,CLERICAL
96,S100003,00102,00300,PRESERVATION TECHNICIANS
96,S100003,00102,00500,TISSUE TYPING TECH.
96,S100003,00103,00100,OTHER
96,S100003,00103,00300,OTHER
96,S100003,00103,00500,OTHER
96,S200000,00100,00100,N
96,S200000,00200,00100,N
96,S200000,00300,00100,N
96,S200000,00400,00100,Y
96,S200000,00400,00200,A
96,S200000,00500,00100,Y
96,S200000,00600,00300,DIR FINANCE
96,S200000,00700,00100,LIVEONNY
106,A000000,00100,00000,0100CAPITAL COSTS-BLDG & FIXT
106,A000000,00200,00000,0200CAPITAL COSTS-MVBLE EQUIPMENT
106,A000000,00300,00000,0300EMPLOYEE BENEFITS
106,A000000,00400,00000,0400ADMINISTRATIVE & GENERAL
106,A000000,00500,00000,0500OPERATION AND MAINTENANCE OF PLANT
106,A000000,00600,00000,0600HOUSEKEEPING
106,A000000,00700,00000,0700MEDICAL SUPPLIES
106,A000000,00800,00000,0801ORGAN ACQUISITION OVERHEAD
106,A000000,00900,00000,0900PROCUREMENT COORDINATORS
106,A000000,01000,00000,1000PROFESSIONAL EDUCATION
106,A000000,01100,00000,1100PUBLIC EDUCATION
106,A000000,01200,00000,1200OTHER ACQUISITION
106,A000000,01300,00000,1300KIDNEY ACQUISITIONS
106,A000000,01400,00000,1400TISSUE TYPING LABORATORY
106,A000000,01500,00000,1500LIVER ACQUISITIONS
106,A000000,01600,00000,1600HEART ACQUISITIONS
106,A000000,01700,00000,1700PANCREAS ACQUISITIONS
106,A000000,01800,00000,1800LUNG ACQUISITIONS
106,A000000,01900,00000,1900SB/I
106,A000000,01901,00000,1901ISLETS
106,A000000,02100,00000,2100RESEARCH
106,A000000,02200,00000,2200BLOOD BANK
106,A000000,02300,00000,2300LABORATORY-NON-TISSUE TYPING
106,A000000,02400,00000,2400DIALYSIS UNITS
106,A000000,02500,00000,2500TISSUE
106,A000000,02501,00000,2501FOUNDATION
106,A000000,02502,00000,2502NON ALLOWABLE SQ FEET
106,A100000,01700,00000,BAD DEBT EXPENSE
106,A100000,01800,00000,BOARD OF DIRECTORS
106,A100000,01900,00000,CONTRACT LABOR
106,A100000,01901,00000,EMPLOYEE BENEFITS
106,A100000,01902,00000,MINOR EQUIP
106,A100000,01903,00000,OTHER
106,A100000,01904,00000,POSTAGE
106,A100000,01905,00000,DONATIONS
106,A20H000,00900,00000,CARDIAC CATH
106,A20H000,00901,00000,EKG
106,A20H000,00902,00000,RADIOLOGY
106,A20H000,02100,00000,ACQUISITION FEE
106,A20H000,02101,00000,ACCTG  LEGAL & AUDIT
106,A20H000,02102,00000,CONTRACT LABOR
106,A20H000,02103,00000,OTHER
106,A20K000,00900,00000,CARDIAC CATH
106,A20K000,00901,00000,EKG
106,A20K000,00902,00000,RADIOLOGY
106,A20K000,00903,00000,BRONCHOSCOPY
106,A20K000,02100,00000,ACQUISITION FEE
106,A20K000,02101,00000,ACCTG  LEGAL & AUDIT
106,A20K000,02102,00000,CONTRACT LABOR
106,A20K000,02103,00000,OTHER
106,A20L000,00900,00000,CARDIAC CATH
106,A20L000,00901,00000,EKG
106,A20L000,00902,00000,RADIOLOGY
106,A20L000,02100,00000,ACQUISITION FEE
106,A20L000,02101,00000,ACCTG  LEGAL & AUDIT
106,A20L000,02102,00000,CONTRACT LABOR
106,A20L000,02103,00000,OTHER
106,A20O000,00900,00000,CARDIAC CATH
106,A20O000,00901,00000,EKG
106,A20O000,00902,00000,RADIOLOGY
106,A20O000,02100,00000,ACQUISITION FEE
106,A20O000,02101,00000,ACCTG  LEGAL & AUDIT
106,A20O000,02102,00000,CONTRACT LABOR
106,A20O000,02103,00000,OTHER
106,A20O001,02100,00000,OTHER
106,A20O001,02103,00000,OTHER
106,A20P000,00900,00000,CARDIAC CATH
106,A20P000,00901,00000,EKG
106,A20P000,00902,00000,RADIOLOGY
106,A20P000,02100,00000,ACQUISITION FEE
106,A20P000,02101,00000,ACCTG  LEGAL & AUDIT
106,A20P000,02102,00000,CONTRACT LABOR
106,A20P000,02103,00000,OTHER
106,A20U000,00900,00000,CARDIAC CATH
106,A20U000,00901,00000,EKG
106,A20U000,00902,00000,RADIOLOGY
106,A20U000,00903,00000,BRONCHOSCOPY
106,A20U000,02100,00000,ACQUISITION FEE
106,A20U000,02101,00000,ACCTG  LEGAL & AUDIT
106,A20U000,02102,00000,CONTRACT LABOR
106,A20U000,02103,00000,OTHER
106,A400010,00100,00000,PROFESSIONAL EDUCATION TO TISSUE
106,A400010,00100,00100,A
106,A400010,00100,00200,TISSUE
106,A400010,00100,00500,PROFESSIONAL EDUCATION
106,A400010,00200,00000,DEPRECIATION RECLASS
106,A400010,00200,00100,B
106,A400010,00200,00200,CAPITAL COSTS-BLDG & FIXT
106,A400010,00200,00500,CAPITAL COSTS-MVBLE EQUIPMENT
106,A400010,00300,00000,PROPERTY TAX
106,A400010,00300,00100,C
106,A400010,00300,00200,CAPITAL COSTS-BLDG & FIXT
106,A400010,00300,00500,ADMINISTRATIVE & GENERAL
106,A400010,00400,00000,STEP DOWN CAPITAL TO A&G
106,A400010,00400,00100,D
106,A400010,00400,00200,ADMINISTRATIVE & GENERAL
106,A400010,00400,00500,CAPITAL COSTS-BLDG & FIXT
106,A400010,00500,00000,STEP DOWN CAPITAL TO A&G
106,A400010,00500,00100,D
106,A400010,00500,00500,CAPITAL COSTS-MVBLE EQUIPMENT
106,A400010,00600,00000,NON-FOUNDATION A&G ALLOCATION
106,A400010,00600,00100,E
106,A400010,00600,00200,ORGAN ACQUISITION OVERHEAD
106,A400010,00600,00500,ADMINISTRATIVE & GENERAL
106,A400010,00700,00000,SRC RECLASS
106,A400010,00700,00100,F
106,A400010,00700,00200,PROCUREMENT COORDINATORS
106,A400010,00700,00500,TISSUE
106,A500010,00700,00100,B
106,A500010,00700,00300,ADMINISTRATIVE & GENERAL
106,A500010,00800,00100,B
106,A500010,00800,00300,PROCUREMENT COORDINATORS
106,A500010,01500,00000,FOUNDATION OPERATING EXPENSE
106,A500010,01500,00100,A
106,A500010,01500,00300,FOUNDATION
106,A500010,01600,00000,OTHER MISC REVENUE
106,A500010,01600,00100,B
106,A500010,01600,00300,ADMINISTRATIVE & GENERAL
106,A500010,01601,00000,OTHER NON ALLOWABLE LINE EXPENSE
106,A500010,01601,00100,A
106,A500010,01601,00300,ADMINISTRATIVE & GENERAL
106,A500010,01602,00000,OTHER NON ALLOWABLE LINE EXPENSE
106,A500010,01602,00100,A
106,A500010,01602,00300,PROCUREMENT COORDINATORS
106,A500010,01603,00000,OTHER NON ALLOWABLE LINE EXPENSE
106,A500010,01603,00100,A
106,A500010,01603,00300,PROFESSIONAL EDUCATION
106,A500010,01604,00000,OTHER NON ALLOWABLE LINE EXPENSE
106,A500010,01604,00100,A
106,A500010,01604,00300,TISSUE
106,A500010,01605,00000,OTHER NON ALLOWABLE LINE EXPENSE
106,A500010,01605,00100,A
106,A500010,01605,00300,KIDNEY ACQUISITIONS
106,A51000A,00100,00100,N
106,B10000*,00100,00200,CAP BLDG
106,B10000*,00100,00300,CAP COSTS
106,B10000*,00100,00400,EMPLOYEE
106,B10000*,00100,00500,MEDICAL
106,B10000*,00100,00800,ORGAN
106,B10000*,00100,01000,ADMIN &
106,B10000*,00200,00200,OP PLANT &
106,B10000*,00200,00300,MOVABLE
106,B10000*,00200,00400,BENEFITS
106,B10000*,00200,00500,SUPPLIES
106,B10000*,00200,00800,ACQUISITN
106,B10000*,00200,01000,GENERAL
106,B10000*,00300,00200,HOUSEKEEP
106,B10000*,00300,00300,EQUIPMENT
106,B10000*,00300,00800,COSTS
106,B10000*,00400,00200,SQUARE
106,B10000*,00400,00300,SQUARE
106,B10000*,00400,00400,ADJUST
106,B10000*,00400,00500,COSTED
106,B10000*,00400,00600,ACCUM
106,B10000*,00400,00800,NUMBER
106,B10000*,00400,01000,ACCUM
106,B10000*,00500,00200,FEET
106,B10000*,00500,00300,FEET
106,B10000*,00500,00400,SALARIES
106,B10000*,00500,00500,REQUISIT
106,B10000*,00500,00600,COSTS
106,B10000*,00500,00800,ORGANS
106,B10000*,00500,01000,COSTS
106,B10000*,00600,00200,1
106,B10000*,00600,00300,2
106,B10000*,00600,00400,3
106,B10000*,00600,00500,3
106,B10000*,00600,00800,3
106,B10000*,00600,01000,3
106,B100000,00000,01000,X
106,E000000,00900,00000,OTHER CURRENT ASSETS
106,E000000,02600,00000,OTHER FIXED ASSETS
106,E000000,03900,00000,DEFERRED RENT
106,E000000,04100,00000,DUE TO MEDICARE
106,E100001,00800,00000,RESEARCH REVENUE
106,E100001,00900,00000,TISSUE PROGRAM REVENUE
106,E200000,02000,00000,DIGITAL DONOR REVENUE
106,E200000,02100,00000,OTHER OPERATING REVENUE
106,E200000,02200,00000,INVESTMENT INCOME  NET
106,E200000,02300,00000,STATISTICS
106,E200000,02600,00000,OTHER NON-OPERATING LOSS
106,E200000,02700,00000,SUPPORT TO ONE LEGACY FOUNDATION
106,S000000,00100,00100,X
106,S000000,00400,00100,1
106,S000000,00500,00100,08/24/2020
106,S000000,00600,00100,10001
106,S000000,00700,00100,N
106,S000000,00800,00100,N
106,S000000,01000,00100,4
106,S000001,00100,00100,ONELEGACY
106,S000001,00100,00200,05P003
106,S000001,00101,00100,221 SOUTH FIGUEROA STREET
106,S000001,00102,00100,LOS ANGELES
106,S000001,00102,00200,CA
106,S000001,00102,00300,90012
106,S000001,00300,00100,01/01/2019
106,S000001,00300,00200,12/31/2019
106,S000001,00400,00100,8
106,S000001,00400,00300,1
106,S000001,00400,00400,01/01/1978
106,S000001,00401,00300,1
106,S100001,00700,00100,N
106,S100001,00810,00000,SB/I
106,S100001,00811,00000,OTHER TISSUE
106,S100003,00100,00100,MEDICAL DIRECTOR
106,S100003,00100,00300,MEDICAL DIRECTOR
106,S100003,00100,00500,LAB DIRECTOR
106,S100003,00101,00100,EXEC. DIRECTOR
106,S100003,00101,00300,PROCUREMENT COORDINATOR
106,S100003,00101,00500,TECHNICIANS
106,S100003,00102,00100,CLERICAL
106,S100003,00102,00300,PRESERVATION TECHNICIANS
106,S100003,00102,00500,TISSUE TYPING TECH.
106,S100003,00103,00100,OTHER
106,S100003,00103,00300,OTHER
106,S100003,00103,00500,OTHER
106,S200000,00100,00100,N
106,S200000,00200,00100,N
106,S200000,00300,00100,N
106,S200000,00400,00100,Y
106,S200000,00400,00200,A
106,S200000,00400,00300,03/26/2020
106,S200000,00500,00100,Y
106,S200000,00600,00300,CHIEF FINANCIAL OFFICER
106,S200000,00700,00100,ONE LEGACY
121,A000000,00100,00000,0100CAPITAL COSTS-BLDG & FIXT
121,A000000,00200,00000,0200CAPITAL COSTS-MVBLE EQUIPMENT
121,A000000,00300,00000,0300EMPLOYEE BENEFITS
121,A000000,00400,00000,0400ADMINISTRATIVE & GENERAL
121,A000000,00500,00000,0500OPERATION AND MAINTENANCE OF PLANT
121,A000000,00600,00000,0600HOUSEKEEPING
121,A000000,00700,00000,0700MEDICAL SUPPLIES
121,A000000,00800,00000,0800OTHER OVERHEAD
121,A000000,00900,00000,0900PROCUREMENT COORDINATORS
121,A000000,01000,00000,1000PROFESSIONAL EDUCATION
121,A000000,01100,00000,1100PUBLIC EDUCATION
121,A000000,01200,00000,1200OTHER ACQUISITION
121,A000000,01300,00000,1300KIDNEY ACQUISITIONS
121,A000000,01400,00000,1400TISSUE TYPING LABORATORY
121,A000000,01500,00000,1500LIVER ACQUISITIONS
121,A000000,01600,00000,1600HEART ACQUISITIONS
121,A000000,01700,00000,1700PANCREAS ACQUISITIONS
121,A000000,01800,00000,1800LUNG ACQUISITIONS
121,A000000,01900,00000,1900OTHER ACQUISITIONS
121,A000000,02100,00000,2100RESEARCH
121,A000000,02200,00000,2200BLOOD BANK
121,A000000,02300,00000,2300LABORATORY-NON-TISSUE TYPING
121,A000000,02400,00000,2400DIALYSIS UNITS
121,A000000,02500,00000,2500OTHER NON-REIMBURSABLE
121,A51000A,00100,00100,N
121,S000000,00100,00100,X
121,S000000,00400,00100,2
121,S000000,00500,00100,04/27/2020
121,S000000,00600,00100,10001
121,S000000,00700,00100,N
121,S000000,00800,00100,N
121,S000000,00900,00100,05/01/2020
121,S000000,01000,00100,4
121,S000001,00100,00100,COMMUNITY BLOOD CENTER
121,S000001,00100,00200,36HL06
121,S000001,00101,00100,349 S MAIN STREET
121,S000001,00102,00100,DAYTON
121,S000001,00102,00200,OH
121,S000001,00102,00300,45402-2715
121,S000001,00300,00100,01/01/2019
121,S000001,00300,00200,12/31/2019
121,S000001,00400,00100,12
121,S000001,00400,00300,2
121,S000001,00400,00400,10/22/1983
121,S000001,00401,00300,1
121,S100001,00700,00100,N
121,S100001,00810,00000,OTHER
121,S100003,00100,00100,MEDICAL DIRECTOR
121,S100003,00100,00300,MEDICAL DIRECTOR
121,S100003,00100,00500,LAB DIRECTOR
121,S100003,00101,00100,EXEC. DIRECTOR
121,S100003,00101,00300,PROCUREMENT COORDINATOR
121,S100003,00101,00500,TECHNICIANS
121,S100003,00102,00100,CLERICAL
121,S100003,00102,00300,PRESERVATION TECHNICIANS
121,S100003,00102,00500,TISSUE TYPING TECH.
121,S100003,00103,00100,OTHER
121,S100003,00103,00300,OTHER
121,S100003,00103,00500,OTHER
121,S200000,00100,00100,N
121,S200000,00200,00100,N
121,S200000,00300,00100,N
121,S200000,00400,00100,N
121,S200000,00500,00100,N
162,A000000,00100,00000,0100CAPITAL COSTS-BLDG & FIXT
162,A000000,00200,00000,0200CAPITAL COSTS-MVBLE EQUIPMENT
162,A000000,00300,00000,0300EMPLOYEE BENEFITS
162,A000000,00400,00000,0400ADMINISTRATIVE & GENERAL
162,A000000,00500,00000,0500OPERATION AND MAINTENANCE OF PLANT
162,A000000,00600,00000,0600HOUSEKEEPING
162,A000000,00700,00000,0700MEDICAL SUPPLIES
162,A000000,00800,00000,0800OTHER OVERHEAD
162,A000000,00900,00000,0900PROCUREMENT COORDINATORS
162,A000000,01000,00000,1000PROFESSIONAL EDUCATION
162,A000000,01100,00000,1100PUBLIC EDUCATION
162,A000000,01200,00000,1200OTHER ACQUISITION
162,A000000,01300,00000,1300KIDNEY ACQUISITIONS
162,A000000,01400,00000,1400TISSUE TYPING LABORATORY
162,A000000,01500,00000,1500LIVER ACQUISITIONS
162,A000000,01600,00000,1600HEART ACQUISITIONS
162,A000000,01700,00000,1700PANCREAS ACQUISITIONS
162,A000000,01800,00000,1800LUNG ACQUISITIONS
162,A000000,01900,00000,1900OTHER ACQUISITIONS
162,A000000,02100,00000,2100RESEARCH
162,A000000,02200,00000,2200BLOOD BANK
162,A000000,02300,00000,2300LABORATORY-NON-TISSUE TYPING
162,A000000,02400,00000,2400DIALYSIS UNITS
162,A000000,02500,00000,2500OTHER NON-REIMBURSABLE
162,A100000,01700,00000,QUALITY ASSURANCE
162,A100000,01800,00000,LOBBYING
162,A100000,01900,00000,EMPLOYEE RECRUITMENT
162,A100000,01901,00000,OTHER EXPENSES-INDIRECT
162,A20H000,00900,00000,OTHER HOSPITAL COSTS
162,A20K000,00900,00000,OTHER HOSPITAL COSTS
162,A20L000,00900,00000,OTHER HOSPITAL COSTS
162,A20P000,00900,00000,OTHER HOSPITAL COSTS
162,A20U000,00900,00000,OTHER HOSPITAL COSTS
162,A400010,00100,00000,TISSUE ALLOCATION
162,A400010,00100,00100,A
162,A400010,00100,00200,OTHER NON-REIMBURSABLE
162,A400010,00100,00500,PROCUREMENT COORDINATORS
162,A400010,00200,00000,TISSUE ALLOCATION
162,A400010,00200,00100,A
162,A400010,00200,00200,OTHER NON-REIMBURSABLE
162,A400010,00200,00500,PROFESSIONAL EDUCATION
162,A400010,00300,00000,TISSUE ALLOCATION
162,A400010,00300,00100,A
162,A400010,00300,00200,OTHER NON-REIMBURSABLE
162,A400010,00300,00500,PUBLIC EDUCATION
162,A400010,00400,00000,RECLASS FACILITY RENT
162,A400010,00400,00100,B
162,A400010,00400,00200,CAPITAL COSTS-BLDG & FIXT
162,A400010,00400,00500,ADMINISTRATIVE & GENERAL
162,A500010,00800,00100,B
162,A500010,00800,00300,PROCUREMENT COORDINATORS
162,A500010,01500,00000,LOBBYING
162,A500010,01500,00100,A
162,A500010,01500,00300,ADMINISTRATIVE & GENERAL
162,A500010,01501,00000,DIVISION OVERHEAD
162,A500010,01501,00100,A
162,A500010,01501,00300,ADMINISTRATIVE & GENERAL
162,A500010,01600,00000,CHARITABLE CONTRIBUTIONS
162,A500010,01600,00100,A
162,A500010,01600,00300,ADMINISTRATIVE & GENERAL
162,A51000A,00100,00100,N
162,A60000A,00700,00000,CONSTRUCTION IN PROGRESS
162,A60000B,00800,00000,CONSTRUCTION IN PROGRESS
162,A60000C,00500,00100,N
162,B10000*,00100,00200,CAP BLDG
162,B10000*,00100,00300,CAP COSTS
162,B10000*,00100,00400,EMPLOYEE
162,B10000*,00100,00500,MEDICAL
162,B10000*,00100,00800,ORGAN
162,B10000*,00100,01000,ADMIN &
162,B10000*,00200,00200,OP PLANT &
162,B10000*,00200,00300,MOVABLE
162,B10000*,00200,00400,BENEFITS
162,B10000*,00200,00500,SUPPLIES
162,B10000*,00200,00800,ACQUISITN
162,B10000*,00200,01000,GENERAL
162,B10000*,00300,00200,HOUSEKEEP
162,B10000*,00300,00300,EQUIPMENT
162,B10000*,00300,00800,COSTS
162,B10000*,00400,00200,SQUARE
162,B10000*,00400,00300,DOLLAR
162,B10000*,00400,00400,ADJUST
162,B10000*,00400,00500,COSTED
162,B10000*,00400,00800,NUMBER
162,B10000*,00400,01000,ACCUM
162,B10000*,00500,00200,FEET
162,B10000*,00500,00300,VALUE
162,B10000*,00500,00400,SALARIES
162,B10000*,00500,00500,REQUISIT
162,B10000*,00500,00800,ORGANS
162,B10000*,00500,01000,COSTS
162,B10000*,00600,00200,1
162,B10000*,00600,00300,2
162,B10000*,00600,00400,3
162,B10000*,00600,00500,3
162,B10000*,00600,00800,3
162,B10000*,00600,01000,3
162,B100000,00000,01000,X
162,E000000,00900,00000,OTHER CURRENT ASSETS
162,E000000,02600,00000,CONSTRUCTION IN PROGRESS
162,E000000,03900,00000,OTHER CURRENT LIABILITIES
162,E100001,00800,00000,RENTAL INCOME
162,E100001,00900,00000,TISSUE RECOVERY REVENUE
162,E100002,00300,00000,DISALLOWABLES
162,E100002,00400,00000,BAD DEBT
162,E100002,00800,00000,INVENTORY VARIANCE
162,E100002,00900,00000,COST REPORT ESTIMATE
162,S000000,00100,00100,X
162,S000000,00400,00100,2
162,S000000,00500,00100,02/28/2020
162,S000000,00600,00100,10001
162,S000000,00700,00100,N
162,S000000,00800,00100,N
162,S000000,00900,00100,09/17/2021
162,S000000,01000,00100,4
162,S000001,00100,00100,SIERRA DONOR SERVICES
162,S000001,00100,00200,05P004
162,S000001,00101,00100,3940 INDUSTRIAL BLVD
162,S000001,00102,00100,WEST SACRAMENTO
162,S000001,00102,00200,CA
162,S000001,00102,00300,95691
162,S000001,00300,00100,10/01/2018
162,S000001,00300,00200,09/30/2019
162,S000001,00400,00100,6
162,S000001,00400,00300,1
162,S000001,00400,00400,10/01/1990
162,S000001,00401,00300,1
162,S100001,00700,00100,N
162,S100001,00810,00000,SMALL BOWEL
162,S100003,00100,00100,MEDICAL DIRECTOR
162,S100003,00100,00300,MEDICAL DIRECTOR
162,S100003,00100,00500,LAB DIRECTOR
162,S100003,00101,00100,EXEC. DIRECTOR
162,S100003,00101,00300,PROCUREMENT COORDINATOR
162,S100003,00101,00500,TECHNICIANS
162,S100003,00102,00100,CLERICAL
162,S100003,00102,00300,PRESERVATION TECHNICIANS
162,S100003,00102,00500,TISSUE TYPING TECH.
162,S100003,00103,00100,OTHER
162,S100003,00103,00300,OTHER
162,S100003,00103,00500,OTHER
162,S200000,00100,00100,N
162,S200000,00200,00100,N
162,S200000,00300,00100,N
162,S200000,00400,00100,Y
162,S200000,00400,00200,A
162,S200000,00500,00100,N
162,S200000,00600,00300,CFO
162,S200000,00700,00100,DCI DONOR SERVICES  INC.
163,A000000,00100,00000,0100CAPITAL COSTS-BLDG & FIXT
163,A000000,00200,00000,0200CAPITAL COSTS-MVBLE EQUIPMENT
163,A000000,00300,00000,0300EMPLOYEE BENEFITS
163,A000000,00400,00000,0400ADMINISTRATIVE & GENERAL
163,A000000,00500,00000,0500OPERATION AND MAINTENANCE OF PLANT
163,A000000,00600,00000,0600HOUSEKEEPING
163,A000000,00700,00000,0700MEDICAL SUPPLIES
163,A000000,00800,00000,0800OTHER OVERHEAD
163,A000000,00900,00000,0900PROCUREMENT COORDINATORS
163,A000000,01000,00000,1000PROFESSIONAL EDUCATION
163,A000000,01100,00000,1100PUBLIC EDUCATION
163,A000000,01200,00000,1200OTHER ACQUISITION
163,A000000,01300,00000,1300KIDNEY ACQUISITIONS
163,A000000,01400,00000,1400TISSUE TYPING LABORATORY
163,A000000,01500,00000,1500LIVER ACQUISITIONS
163,A000000,01600,00000,1600HEART ACQUISITIONS
163,A000000,01700,00000,1700PANCREAS ACQUISITIONS
163,A000000,01800,00000,1800LUNG ACQUISITIONS
163,A000000,01900,00000,1900OTHER ACQUISITIONS
163,A000000,02100,00000,2100RESEARCH
163,A000000,02200,00000,2200BLOOD BANK
163,A000000,02300,00000,2300LABORATORY-NON-TISSUE TYPING
163,A000000,02400,00000,2400DIALYSIS UNITS
163,A000000,02500,00000,2500OTHER NON-REIMBURSABLE
163,A100000,01700,00000,OTHER G&A
163,A100000,01800,00000,DEPRECIATION
163,A100000,01900,00000,REPAIRS & MAINTENANCE
163,A100000,01901,00000,UTILITIES
163,A100000,01902,00000,PAYROLL CONTRACT
163,A300000,00600,00000,REAGENT & LAB SUPPLIES
163,A300000,00700,00000,TRAVEL
163,A300000,00800,00000,ADMIN
163,A300000,00900,00000,LAB CONSULTANTS
163,A300000,01000,00000,ACCOUNTING LEGAL AUDIT
163,A300000,01001,00000,DEPRECIATION
163,A300000,01002,00000,RENT AND LEASE EXPENSE
163,A300000,01003,00000,UTILITIES
163,A500010,01500,00000,COLLECTION KIT REVENUE
163,A500010,01500,00100,B
163,A500010,01500,00300,TISSUE TYPING LABORATORY
163,A51000A,00100,00100,N
163,A60000A,00700,00000,LEASEHOLD IMPROVEMENTS
163,A60000B,00800,00000,LEASEHOLD IMPROVEMENTS
163,A60000C,00500,00100,N
163,B10000*,00100,00200,CAP BLDG
163,B10000*,00100,00300,CAP COSTS
163,B10000*,00100,00400,EMPLOYEE
163,B10000*,00100,00500,MEDICAL
163,B10000*,00100,00800,ORGAN
163,B10000*,00100,01000,ADMIN &
163,B10000*,00200,00200,OP PLANT &
163,B10000*,00200,00300,MOVABLE
163,B10000*,00200,00400,BENEFITS
163,B10000*,00200,00500,SUPPLIES
163,B10000*,00200,00800,ACQUISITN
163,B10000*,00200,01000,GENERAL
163,B10000*,00300,00200,HOUSEKEEP
163,B10000*,00300,00300,EQUIPMENT
163,B10000*,00300,00800,COSTS
163,B10000*,00400,00200,SQUARE
163,B10000*,00400,00300,DOLLAR
163,B10000*,00400,00400,ADJUST
163,B10000*,00400,00500,COSTED
163,B10000*,00400,00800,NUMBER
163,B10000*,00400,01000,ACCUM
163,B10000*,00500,00200,FEET
163,B10000*,00500,00300,VALUE
163,B10000*,00500,00400,SALARIES
163,B10000*,00500,00500,REQUISIT
163,B10000*,00500,00800,ORGANS
163,B10000*,00500,01000,COSTS
163,B10000*,00600,00200,1
163,B10000*,00600,00300,2
163,B10000*,00600,00400,3
163,B10000*,00600,00500,3
163,B10000*,00600,00800,3
163,B10000*,00600,01000,3
163,B100000,00000,01000,X
163,E000000,00900,00000,OTHER
163,E000000,02600,00000,OTHER FIXED ASSETS
163,E000000,03900,00000,RETIREMENT PAYABLE
163,E000000,04100,00000,OTHER PAYABLE
163,E200000,02000,00000,OTHER INCOME - CELL PROCESSING
163,E200000,02600,00000,ROUNDING
163,S000000,00100,00100,X
163,S000000,00400,00100,2
163,S000000,00500,00100,08/14/2020
163,S000000,00600,00100,10001
163,S000000,00700,00100,N
163,S000000,00800,00100,N
163,S000000,00900,00100,07/23/2021
163,S000000,01000,00100,4
163,S000001,00100,00100,HI CELLULAR THERAPY & TRANSPLANT
163,S000001,00100,00200,12HL01
163,S000001,00101,00100,2226 LILIHA STREET  5TH FLOOR
163,S000001,00102,00100,HONOLULU
163,S000001,00102,00200,HI
163,S000001,00102,00300,96817
163,S000001,00300,00100,07/01/2019
163,S000001,00300,00200,06/30/2020
163,S000001,00400,00100,6
163,S000001,00400,00300,2
163,S000001,00400,00400,07/01/2014
163,S000001,00401,00300,2
163,S000002,00100,00200,Y
163,S000002,00300,00100,CEO
163,S000002,00400,00100,08/11/2020
163,S100001,00700,00100,N
163,S100001,00810,00000,OTHER
163,S100002,00400,00100,CPRA & AB IDENTIFICATION (CLASS I)
163,S100002,00401,00100,CPRA & AB IDENTIFICATION (CLASS II)
163,S100002,00402,00100,CROSSMATCH  DECEASED DONOR
163,S100002,00403,00100,CROSSMATCH  INITIAL  AUTO
163,S100002,00404,00100,CROSSMATCH  LIVING DONOR
163,S100002,00405,00100,HBCAB DONOR EIA
163,S100002,00406,00100,HBSAG EIA
163,S100002,00407,00100,HBV DONOR NAT
163,S100002,00408,00100,HCV AB EIA
163,S100002,00409,00100,HCV DONOR NAT
163,S100002,00410,00100,HIV 1/2 DONOR EIA
163,S100002,00411,00100,HIV DONOR NAT
163,S100002,00412,00100,HLA CLASS I NULL
163,S100002,00413,00100,HLA CLASS II NULL
163,S100002,00414,00100,HLA-A B C DR DQA DQB DP DECEASED DON
163,S100002,00415,00100,HLA-A B C DR DQ
163,S100002,00416,00100,HLA-C
163,S100002,00417,00100,HLA-DPB
163,S100002,00418,00100,MONTLY AB SCREEN (CLASS I AND II)
163,S100002,00419,00100,PRA & AB IDENTIFICATION (CLASS I)
163,S100002,00420,00100,PRA & AB IDENTIFICATION (CLASS II)
163,S100002,00421,00100,SINGLE ANTIGEN AB IDENT (CLASS I)
163,S100002,00422,00100,SINGLE ANTIGEN AB IDENT (CLASS II)
163,S100002,00423,00100,HLA-DQA
163,S100003,00100,00100,MEDICAL DIRECTOR
163,S100003,00100,00300,MEDICAL DIRECTOR
163,S100003,00100,00500,LAB DIRECTOR
163,S100003,00101,00100,EXEC. DIRECTOR
163,S100003,00101,00300,PROCUREMENT COORDINATOR
163,S100003,00101,00500,TECHNICIANS
163,S100003,00102,00100,CLERICAL
163,S100003,00102,00300,PRESERVATION TECHNICIANS
163,S100003,00102,00500,TISSUE TYPING TECH.
163,S100003,00103,00100,OTHER
163,S100003,00103,00300,OTHER
163,S100003,00103,00500,OTHER
163,S200000,00100,00100,N
163,S200000,00200,00100,N
163,S200000,00300,00100,N
163,S200000,00400,00100,N
163,S200000,00500,00100,N
163,S200000,00600,00300,CONSULTANT
163,S200000,00700,00100,SH CONSULTING
164,A000000,00100,00000,0100CAPITAL COSTS-BLDG & FIXT
164,A000000,00200,00000,0200CAPITAL COSTS-MVBLE EQUIPMENT
164,A000000,00300,00000,0300EMPLOYEE BENEFITS
164,A000000,00400,00000,0400ADMINISTRATIVE & GENERAL
164,A000000,00500,00000,0500OPERATION AND MAINTENANCE OF PLANT
164,A000000,00600,00000,0600HOUSEKEEPING
164,A000000,00700,00000,0700MEDICAL SUPPLIES
164,A000000,00800,00000,0800OTHER OVERHEAD
164,A000000,00900,00000,0900PROCUREMENT COORDINATORS
164,A000000,01000,00000,1000PROFESSIONAL EDUCATION
164,A000000,01100,00000,1100PUBLIC EDUCATION
164,A000000,01200,00000,1200OTHER ACQUISITION
164,A000000,01300,00000,1300KIDNEY ACQUISITIONS
164,A000000,01400,00000,1400TISSUE TYPING LABORATORY
164,A000000,01500,00000,1500LIVER ACQUISITIONS
164,A000000,01600,00000,1600HEART ACQUISITIONS
164,A000000,01700,00000,1700PANCREAS ACQUISITIONS
164,A000000,01800,00000,1800LUNG ACQUISITIONS
164,A000000,01900,00000,1900OTHER ACQUISITIONS
164,A000000,02100,00000,2100RESEARCH
164,A000000,02200,00000,2200BLOOD BANK
164,A000000,02300,00000,2300LABORATORY-NON-TISSUE TYPING
164,A000000,02400,00000,2400DIALYSIS UNITS
164,A000000,02500,00000,2500OTHER NON-REIMBURSABLE
164,A100000,01700,00000,EMPLOYEE TAXES AND BENEFITS
164,A100000,01800,00000,DATA SERVICE
164,A100000,01900,00000,POSTAGE
164,A100000,01901,00000,PROFESSSIONAL DUES AND MEMBERSHIPS
164,A100000,01902,00000,SOFTWARE/BILLING
164,A100000,01903,00000,PARKING
164,A100000,01904,00000,LICENSING AND PERMITS
164,A300000,00600,00000,TISSUE TYPING SUPPLIES
164,A300000,00700,00000,MINOR EQUIPMENT
164,A300000,00800,00000,1 FT RN
164,A51000A,00100,00100,Y
164,A51000B,00100,00200,ADMINISTRATIVE & GENERAL
164,A51000B,00100,00300,OVERHEAD ALLOWANCE (HHS)
164,A51000C,00100,00100,B
164,A51000C,00100,00200,UNIVERSITY OF LOUISVILLE
164,A51000C,00100,00400,UNIV OF LOUISVILLE HOSPITAL
164,A51000C,00100,00600,TEACHING HOSPITAL
164,A60000C,00500,00100,N
164,A60000C,00600,00100,N
164,B10000*,00100,00200,CAP BLDG
164,B10000*,00100,00300,CAP COSTS
164,B10000*,00100,00400,EMPLOYEE
164,B10000*,00100,00500,MEDICAL
164,B10000*,00100,00800,ORGAN
164,B10000*,00100,01000,ADMIN &
164,B10000*,00200,00200,OP PLANT &
164,B10000*,00200,00300,MOVABLE
164,B10000*,00200,00400,BENEFITS
164,B10000*,00200,00500,SUPPLIES
164,B10000*,00200,00800,ACQUISITN
164,B10000*,00200,01000,GENERAL
164,B10000*,00300,00200,HOUSEKEEP
164,B10000*,00300,00300,EQUIPMENT
164,B10000*,00300,00800,COSTS
164,B10000*,00400,00200,SQUARE
164,B10000*,00400,00300,DOLLAR
164,B10000*,00400,00400,ADJUST
164,B10000*,00400,00500,COSTED
164,B10000*,00400,00800,NUMBER
164,B10000*,00400,01000,ACCUM
164,B10000*,00500,00200,FEET
164,B10000*,00500,00300,VALUE
164,B10000*,00500,00400,SALARIES
164,B10000*,00500,00500,REQUISIT
164,B10000*,00500,00800,ORGANS
164,B10000*,00500,01000,COSTS
164,B10000*,00600,00200,1
164,B10000*,00600,00300,2
164,B10000*,00600,00400,3
164,B10000*,00600,00500,3
164,B10000*,00600,00800,3
164,B10000*,00600,01000,3
164,B100000,00000,01000,X
164,E200000,01500,00000,MEDICAL RECORDS
164,S000000,00100,00100,X
164,S000000,00400,00100,2
164,S000000,00500,00100,08/28/2020
164,S000000,00600,00100,10001
164,S000000,00700,00100,N
164,S000000,00800,00100,N
164,S000000,00900,00100,09/08/2021
164,S000000,01000,00100,4
164,S000001,00100,00100,UNIVERSITY OF LOUISVILLE RENAL TRANS
164,S000001,00100,00200,18HL01
164,S000001,00101,00100,615 SOUTH PRESTON STREET
164,S000001,00102,00100,LOUISVILLE
164,S000001,00102,00200,KY
164,S000001,00102,00300,40202
164,S000001,00300,00100,07/01/2019
164,S000001,00300,00200,06/30/2020
164,S000001,00400,00100,10
164,S000001,00400,00300,2
164,S000001,00400,00400,10/01/2000
164,S000001,00401,00300,2
164,S000002,00300,00100,BUSINESS MANAGER
164,S100001,00700,00100,N
164,S100001,00810,00000,OTHER
164,S100002,00400,00100,HLA ABC TYPING CLASS 1
164,S100002,00401,00100,HLA DR TYPING CLASS II
164,S100002,00402,00100,MEDICAL RECORDS
164,S100002,00403,00100,ABO
164,S100002,00404,00100,RH
164,S100002,00405,00100,LUMINEX MIXED ANTI-SCREEN
164,S100002,00406,00100,LUMINEX SINGLE ANTIGEN BEAD CLASS 1
164,S100002,00407,00100,LUMINEX SINGLE ANTIGEN BEAD CLASS II
164,S100002,00408,00100,LUMINEX SINGLE ANTIGEN BEAD CLASS II
164,S100002,00409,00100,LUMINEX SINGLE ANITGEN BEAD CLASS I
164,S100002,00410,00100,DONOR SPECIFIC ANTIBODY CLASS I
164,S100002,00411,00100,DONOR SPECIFIC ANTIBODY CLASS II
164,S100003,00100,00100,MEDICAL DIRECTOR
164,S100003,00100,00300,MEDICAL DIRECTOR
164,S100003,00100,00500,LAB DIRECTOR
164,S100003,00101,00100,EXEC. DIRECTOR
164,S100003,00101,00300,PROCUREMENT COORDINATOR
164,S100003,00101,00500,TECHNICIANS
164,S100003,00102,00100,CLERICAL
164,S100003,00102,00300,PRESERVATION TECHNICIANS
164,S100003,00102,00500,TISSUE TYPING TECH.
164,S100003,00103,00100,OTHER
164,S100003,00103,00300,OTHER
164,S100003,00103,00500,OTHER: RN
164,S200000,00100,00100,N
164,S200000,00200,00100,N
164,S200000,00300,00100,Y
164,S200000,00400,00100,N
164,S200000,00500,00100,N
164,S200000,00600,00300,MANAGER
164,S200000,00700,00100,UNIVERSITY OF LOUISVILLE
165,A000000,00100,00000,0100CAPITAL COSTS-BLDG & FIXT
165,A000000,00200,00000,0200CAPITAL COSTS-MVBLE EQUIPMENT
165,A000000,00300,00000,0300EMPLOYEE BENEFITS
165,A000000,00400,00000,0400ADMINISTRATIVE & GENERAL
165,A000000,00500,00000,0500OPERATION AND MAINTENANCE OF PLANT
165,A000000,00600,00000,0600HOUSEKEEPING
165,A000000,00700,00000,0700MEDICAL SUPPLIES
165,A000000,00800,00000,0800OTHER OVERHEAD
165,A000000,00900,00000,0900PROCUREMENT COORDINATORS
165,A000000,01000,00000,1000PROFESSIONAL EDUCATION
165,A000000,01100,00000,1100PUBLIC EDUCATION
165,A000000,01200,00000,1200OTHER ACQUISITION
165,A000000,01300,00000,1300KIDNEY ACQUISITIONS
165,A000000,01400,00000,1400TISSUE TYPING LABORATORY
165,A000000,01500,00000,1500LIVER ACQUISITIONS
165,A000000,01600,00000,1600HEART ACQUISITIONS
165,A000000,01700,00000,1700PANCREAS ACQUISITIONS
165,A000000,01800,00000,1800LUNG ACQUISITIONS
165,A000000,01900,00000,1900OTHER ACQUISITIONS
165,A000000,02100,00000,2100RESEARCH
165,A000000,02200,00000,2200BLOOD BANK
165,A000000,02300,00000,2300LABORATORY-NON-TISSUE TYPING
165,A000000,02400,00000,2400DIALYSIS UNITS
165,A000000,02500,00000,2500OTHER NON-REIMBURSABLE
165,A100000,01700,00000,OTHER ADMIN AND GENERAL
165,A300000,00600,00000,OTHER TISSUE TYPING COST
165,A500010,00100,00100,B
165,A500010,00100,00300,OTHER NON-REIMBURSABLE
165,A500010,01000,00100,B
165,A500010,01000,00300,ADMINISTRATIVE & GENERAL
165,A500010,01500,00000,MISCELLANEOUS INCOME
165,A500010,01500,00100,B
165,A500010,01500,00300,OTHER NON-REIMBURSABLE
165,A500010,01501,00000,HOME OFFICE HEALTH INS ADJ
165,A500010,01501,00100,A
165,A500010,01501,00300,EMPLOYEE BENEFITS
165,A500010,01600,00000,HOME OFFICE WORKERS COMPENSATION
165,A500010,01600,00100,A
165,A500010,01600,00300,EMPLOYEE BENEFITS
165,A51000A,00100,00100,Y
165,A51000B,00100,00200,CAPITAL COSTS-BLDG & FIXT
165,A51000B,00200,00200,ADMINISTRATIVE & GENERAL
165,A51000B,00300,00200,OPERATION AND MAINTENANCE OF PLANT
165,A51000C,00100,00100,B
165,A51000C,00100,00200,MAINEHEALTH
165,A51000C,00100,00400,CORPORATE OFFICE
165,A60000A,00700,00000,LEASEHOLD IMPROVEMENTS
165,B10000*,00100,00200,CAP BLDG
165,B10000*,00100,00300,CAP COSTS
165,B10000*,00100,00400,EMPLOYEE
165,B10000*,00100,00500,MEDICAL
165,B10000*,00100,00800,ORGAN
165,B10000*,00100,01000,ADMIN &
165,B10000*,00200,00200,OP PLANT &
165,B10000*,00200,00300,MOVABLE
165,B10000*,00200,00400,BENEFITS
165,B10000*,00200,00500,SUPPLIES
165,B10000*,00200,00800,ACQUISITN
165,B10000*,00200,01000,GENERAL
165,B10000*,00300,00200,HOUSEKEEP
165,B10000*,00300,00300,EQUIPMENT
165,B10000*,00300,00800,COSTS
165,B10000*,00400,00200,SQUARE
165,B10000*,00400,00300,DOLLAR
165,B10000*,00400,00400,ADJUST
165,B10000*,00400,00500,COSTED
165,B10000*,00400,00800,NUMBER
165,B10000*,00400,01000,ACCUM
165,B10000*,00500,00200,FEET
165,B10000*,00500,00300,VALUE
165,B10000*,00500,00400,SALARIES
165,B10000*,00500,00500,REQUISIT
165,B10000*,00500,00800,ORGANS
165,B10000*,00500,01000,COSTS
165,B10000*,00600,00200,1
165,B10000*,00600,00300,2
165,B10000*,00600,00400,3
165,B10000*,00600,00500,3
165,B10000*,00600,00800,3
165,B10000*,00600,01000,3
165,B100000,00000,01000,X
165,E000000,00900,00000,OTHER CURRENT
165,E000000,02600,00000,OTHER FIXED ASSETS
165,E000000,03100,00000,OTHER LONG TERM ASSESTS
165,E000000,03900,00000,DUE TO AFF-MH SEHR
165,E000000,04600,00000,DUE TO OTHER FUNDS
165,E100001,00700,00000,OTHER PATIENT SERVICE FEES
165,E200000,01500,00000,OOI
165,E200000,01600,00000,CHANGE IN FAIR VALUE OF INVESTMENT
165,E200000,02600,00000,EQUITY TRANSFER FROM (TO) AFFILIATES
165,S000000,00100,00100,X
165,S000000,00400,00100,2
165,S000000,00500,00100,03/03/2020
165,S000000,00600,00100,10001
165,S000000,00700,00100,N
165,S000000,00800,00100,N
165,S000000,00900,00100,09/08/2021
165,S000000,01000,00100,4
165,S000001,00100,00100,NORDX
165,S000001,00100,00200,20HL02
165,S000001,00101,00100,301A US ROUTE ONE
165,S000001,00102,00100,SCARBOROUGH
165,S000001,00102,00200,ME
165,S000001,00102,00300,04074
165,S000001,00300,00100,10/01/2018
165,S000001,00300,00200,09/30/2019
165,S000001,00400,00100,2
165,S000001,00400,00300,2
165,S000001,00400,00400,10/01/1997
165,S000001,00401,00300,2
165,S100001,00700,00100,N
165,S100001,00810,00000,OTHER
165,S100002,00400,00100,ABC (CLASS I)
165,S100002,00401,00100,CLASS I DNA
165,S100002,00402,00100,DR (CLASS II)
165,S100002,00403,00100,CLASS II DNA
165,S100002,00404,00100,ABO
165,S100002,00405,00100,AUTO XM (CDC)
165,S100002,00406,00100,PTXM
165,S100002,00407,00100,FCXM
165,S100002,00408,00100,AUTO FCXM
165,S100002,00409,00100,WBC I
165,S100002,00410,00100,WBC II
165,S100002,00411,00100,AB ID I
165,S100002,00412,00100,AB ID II
165,S100002,00413,00100,STAT
165,S100002,00414,00100,DS AB ID I
165,S100002,00415,00100,DS AB ID II
165,S100002,00416,00100,PLTSC
165,S100003,00100,00100,MEDICAL DIRECTOR
165,S100003,00100,00300,MEDICAL DIRECTOR
165,S100003,00100,00500,LAB DIRECTOR
165,S100003,00101,00100,EXEC. DIRECTOR
165,S100003,00101,00300,PROCUREMENT COORDINATOR
165,S100003,00101,00500,TECHNICIANS
165,S100003,00102,00100,CLERICAL
165,S100003,00102,00300,PRESERVATION TECHNICIANS
165,S100003,00102,00500,TISSUE TYPING TECH.
165,S100003,00103,00100,OTHER
165,S100003,00103,00300,OTHER
165,S100003,00103,00500,OTHER
165,S200000,00100,00100,N
165,S200000,00200,00100,N
165,S200000,00300,00100,Y
165,S200000,00400,00100,Y
165,S200000,00400,00200,A
165,S200000,00400,00300,02/14/2020
165,S200000,00500,00100,N
165,S200000,00600,00300,REIMBURSEMENT ANALYST
165,S200000,00700,00100,MAINEHEALTH
166,A000000,00100,00000,0100CAPITAL COSTS-BLDG & FIXT
166,A000000,00200,00000,0200CAPITAL COSTS-MVBLE EQUIPMENT
166,A000000,00300,00000,0300EMPLOYEE BENEFITS
166,A000000,00400,00000,0400ADMINISTRATIVE & GENERAL
166,A000000,00500,00000,0500OPERATION AND MAINTENANCE OF PLANT
166,A000000,00600,00000,0600HOUSEKEEPING
166,A000000,00700,00000,0700MEDICAL SUPPLIES
166,A000000,00800,00000,0800OTHER OVERHEAD
166,A000000,00900,00000,0900PROCUREMENT COORDINATORS
166,A000000,01000,00000,1000PROFESSIONAL EDUCATION
166,A000000,01100,00000,1100PUBLIC EDUCATION
166,A000000,01200,00000,1200OTHER ACQUISITION
166,A000000,01300,00000,1300KIDNEY ACQUISITIONS
166,A000000,01400,00000,1400TISSUE TYPING LABORATORY
166,A000000,01500,00000,1500LIVER ACQUISITIONS
166,A000000,01600,00000,1600HEART ACQUISITIONS
166,A000000,01700,00000,1700PANCREAS ACQUISITIONS
166,A000000,01800,00000,1800LUNG ACQUISITIONS
166,A000000,01900,00000,1900OTHER ACQUISITIONS
166,A000000,02100,00000,2100RESEARCH
166,A000000,02200,00000,2200BLOOD BANK
166,A000000,02300,00000,2300LABORATORY-NON-TISSUE TYPING
166,A000000,02400,00000,2400DIALYSIS UNITS
166,A000000,02500,00000,2500OTHER NON-REIMBURSABLE
166,A100000,01700,00000,QUALITY ASSURANCE
166,A100000,01800,00000,EMPLOYEE RECRUITMENT
166,A100000,01900,00000,OTHER EXPENSES-INDIRECT
166,A20H000,00900,00000,OTHER EXPENSES-INDIRECT
166,A20K000,00900,00000,OTHER EXPENSES-INDIRECT
166,A20L000,00900,00000,OTHER EXPENSES-INDIRECT
166,A20O000,00900,00000,OTHER EXPENSES-INDIRECT
166,A20P000,00900,00000,OTHER EXPENSES-INDIRECT
166,A20U000,00900,00000,OTHER EXPENSES-INDIRECT
166,A400010,00100,00000,TISSUE ALLOCATION
166,A400010,00100,00100,A
166,A400010,00100,00200,OTHER NON-REIMBURSABLE
166,A400010,00100,00500,PROCUREMENT COORDINATORS
166,A400010,00200,00000,TISSUE ALLOCATION
166,A400010,00200,00100,A
166,A400010,00200,00200,OTHER NON-REIMBURSABLE
166,A400010,00200,00500,PROFESSIONAL EDUCATION
166,A400010,00300,00000,TISSUE ALLOCATION
166,A400010,00300,00100,A
166,A400010,00300,00200,OTHER NON-REIMBURSABLE
166,A400010,00300,00500,PUBLIC EDUCATION
166,A500010,00800,00100,B
166,A500010,00800,00300,PROCUREMENT COORDINATORS
166,A500010,01500,00000,OVERHEAD ALLOCATION
166,A500010,01500,00100,A
166,A500010,01500,00300,ADMINISTRATIVE & GENERAL
166,A500010,01600,00000,LOBBYING
166,A500010,01600,00100,A
166,A500010,01600,00300,ADMINISTRATIVE & GENERAL
166,A51000A,00100,00100,N
166,A51000C,00100,00100,A
166,A51000C,00100,00200,DCI DONOR SERVICES
166,A51000C,00100,00400,DIALYSIS CLINIC INC
166,A51000C,00100,00600,INDEPENDENT DIALYSIS
166,A60000C,00500,00100,N
166,B10000*,00100,00200,CAP BLDG
166,B10000*,00100,00300,CAP COSTS
166,B10000*,00100,00400,EMPLOYEE
166,B10000*,00100,00500,MEDICAL
166,B10000*,00100,00800,ORGAN
166,B10000*,00100,01000,ADMIN &
166,B10000*,00200,00200,OP PLANT &
166,B10000*,00200,00300,MOVABLE
166,B10000*,00200,00400,BENEFITS
166,B10000*,00200,00500,SUPPLIES
166,B10000*,00200,00800,ACQUISITN
166,B10000*,00200,01000,GENERAL
166,B10000*,00300,00200,HOUSEKEEP
166,B10000*,00300,00300,EQUIPMENT
166,B10000*,00300,00800,COSTS
166,B10000*,00400,00200,SQUARE
166,B10000*,00400,00300,DOLLAR
166,B10000*,00400,00400,ADJUST
166,B10000*,00400,00500,COSTED
166,B10000*,00400,00800,NUMBER
166,B10000*,00400,01000,ACCUM
166,B10000*,00500,00200,FEET
166,B10000*,00500,00300,VALUE
166,B10000*,00500,00400,SALARIES
166,B10000*,00500,00500,REQUISIT
166,B10000*,00500,00800,ORGANS
166,B10000*,00500,01000,COSTS
166,B10000*,00600,00200,1
166,B10000*,00600,00300,2
166,B10000*,00600,00400,3
166,B10000*,00600,00500,3
166,B10000*,00600,00800,3
166,B10000*,00600,01000,3
166,B100000,00000,01000,X
166,E000000,00900,00000,OTHER CURRENT ASSETS
166,E000000,02600,00000,OTHER FIXED ASSETS
166,E000000,03900,00000,OTHER CURRENT LIABILITIES
166,E100001,00900,00000,TISSUE RECOVERY REVENUE
166,E100002,00300,00000,DISALLOWABLES
166,E100002,00400,00000,BAD DEBT
166,E100002,00800,00000,COST REPORT ESTIMATE
166,E100002,00900,00000,INVENTORY VARIANCE
166,S000000,00100,00100,X
166,S000000,00400,00100,2
166,S000000,00500,00100,02/28/2020
166,S000000,00600,00100,10001
166,S000000,00700,00100,N
166,S000000,00800,00100,N
166,S000000,00900,00100,09/17/2021
166,S000000,01000,00100,4
166,S000001,00100,00100,NEW MEXICO DONOR SERVICES
166,S000001,00100,00200,32P001
166,S000001,00101,00100,1609 UNIVERSITY BLVD NE
166,S000001,00102,00100,ALBUQUERQUE
166,S000001,00102,00200,NM
166,S000001,00102,00300,87102
166,S000001,00300,00100,10/01/2018
166,S000001,00300,00200,09/30/2019
166,S000001,00400,00100,6
166,S000001,00400,00300,1
166,S000001,00400,00400,10/01/1992
166,S000001,00401,00300,1
166,S100001,00700,00100,N
166,S100001,00810,00000,SMALL BOWEL
166,S100003,00100,00100,MEDICAL DIRECTOR
166,S100003,00100,00300,MEDICAL DIRECTOR
166,S100003,00100,00500,LAB DIRECTOR
166,S100003,00101,00100,EXEC. DIRECTOR
166,S100003,00101,00300,PROCUREMENT COORDINATOR
166,S100003,00101,00500,TECHNICIANS
166,S100003,00102,00100,CLERICAL
166,S100003,00102,00300,PRESERVATION TECHNICIANS
166,S100003,00102,00500,TISSUE TYPING TECH.
166,S100003,00103,00100,OTHER
166,S100003,00103,00300,OTHER
166,S100003,00103,00500,OTHER
166,S200000,00100,00100,N
166,S200000,00200,00100,N
166,S200000,00300,00100,N
166,S200000,00400,00100,Y
166,S200000,00400,00200,A
166,S200000,00500,00100,N
166,S200000,00600,00300,CFO
166,S200000,00700,00100,DCI DONOR SERVICES  INC
168,A000000,00100,00000,0100CAPITAL COSTS-BLDG & FIXT
168,A000000,00200,00000,0200CAPITAL COSTS-MVBLE EQUIPMENT
168,A000000,00300,00000,0300EMPLOYEE BENEFITS
168,A000000,00400,00000,0400ADMINISTRATIVE & GENERAL
168,A000000,00500,00000,0500OPERATION AND MAINTENANCE OF PLANT
168,A000000,00600,00000,0600HOUSEKEEPING
168,A000000,00700,00000,0700MEDICAL SUPPLIES
168,A000000,00800,00000,0800OTHER OVERHEAD
168,A000000,00900,00000,0900PROCUREMENT COORDINATORS
168,A000000,01000,00000,1000PROFESSIONAL EDUCATION
168,A000000,01100,00000,1100PUBLIC EDUCATION
168,A000000,01200,00000,1200OTHER ACQUISITION
168,A000000,01300,00000,1300KIDNEY ACQUISITIONS
168,A000000,01400,00000,1400TISSUE TYPING LABORATORY
168,A000000,01500,00000,1500LIVER ACQUISITIONS
168,A000000,01600,00000,1600HEART ACQUISITIONS
168,A000000,01700,00000,1700PANCREAS ACQUISITIONS
168,A000000,01800,00000,1800LUNG ACQUISITIONS
168,A000000,01900,00000,1900OTHER ACQUISITIONS
168,A000000,02100,00000,2100RESEARCH
168,A000000,02200,00000,2200BLOOD BANK
168,A000000,02300,00000,2300LABORATORY-NON-TISSUE TYPING
168,A000000,02400,00000,2400DIALYSIS UNITS
168,A000000,02500,00000,2500OTHER NON-REIMBURSABLE
168,A51000A,00100,00100,N
168,S000000,00100,00100,X
168,S000000,00400,00100,2
168,S000000,00500,00100,08/10/2020
168,S000000,00600,00100,10001
168,S000000,00700,00100,N
168,S000000,00800,00100,N
168,S000000,00900,00100,08/17/2020
168,S000000,01000,00100,4
168,S000001,00100,00100,OKLAHOMA BLOOD INSTITUTE
168,S000001,00100,00200,37HL01
168,S000001,00101,00100,1001 N LINCOLN BLVS
168,S000001,00102,00100,OKLLAHOMA CITY
168,S000001,00102,00200,OK
168,S000001,00102,00300,73104
168,S000001,00202,00300,73104
168,S000001,00300,00100,04/01/2019
168,S000001,00300,00200,03/31/2020
168,S000001,00400,00100,2
168,S000001,00400,00300,2
168,S000001,00400,00400,12/01/1985
168,S000001,00401,00300,1
168,S100001,00700,00100,N
168,S100001,00810,00000,OTHER
168,S100003,00100,00100,MEDICAL DIRECTOR
168,S100003,00100,00300,MEDICAL DIRECTOR
168,S100003,00100,00500,LAB DIRECTOR
168,S100003,00101,00100,EXEC. DIRECTOR
168,S100003,00101,00300,PROCUREMENT COORDINATOR
168,S100003,00101,00500,TECHNICIANS
168,S100003,00102,00100,CLERICAL
168,S100003,00102,00300,PRESERVATION TECHNICIANS
168,S100003,00102,00500,TISSUE TYPING TECH.
168,S100003,00103,00100,OTHER
168,S100003,00103,00300,OTHER
168,S100003,00103,00500,OTHER
168,S200000,00100,00100,N
168,S200000,00200,00100,N
168,S200000,00300,00100,N
168,S200000,00400,00100,N
168,S200000,00500,00100,N
169,A000000,00100,00000,0100CAPITAL COSTS-BLDG & FIXT
169,A000000,00200,00000,0200CAPITAL COSTS-MVBLE EQUIPMENT
169,A000000,00300,00000,0300EMPLOYEE BENEFITS
169,A000000,00400,00000,0400ADMINISTRATIVE & GENERAL
169,A000000,00500,00000,0500OPERATION AND MAINTENANCE OF PLANT
169,A000000,00600,00000,0600HOUSEKEEPING
169,A000000,00700,00000,0700MEDICAL SUPPLIES
169,A000000,00800,00000,0800OTHER OVERHEAD
169,A000000,00900,00000,0900PROCUREMENT COORDINATORS
169,A000000,01000,00000,1000PROFESSIONAL EDUCATION
169,A000000,01100,00000,1100PUBLIC EDUCATION
169,A000000,01200,00000,1200OTHER ACQUISITION
169,A000000,01300,00000,1300KIDNEY ACQUISITIONS
169,A000000,01400,00000,1400TISSUE TYPING LABORATORY
169,A000000,01500,00000,1500LIVER ACQUISITIONS
169,A000000,01600,00000,1600HEART ACQUISITIONS
169,A000000,01700,00000,1700PANCREAS ACQUISITIONS
169,A000000,01800,00000,1800LUNG ACQUISITIONS
169,A000000,01900,00000,1900OTHER ACQUISITIONS
169,A000000,02100,00000,2100RESEARCH
169,A000000,02200,00000,2200BLOOD BANK
169,A000000,02300,00000,2300LABORATORY-NON-TISSUE TYPING
169,A000000,02400,00000,2400DIALYSIS UNITS
169,A000000,02500,00000,2500OTHER NON-REIMBURSABLE
169,A300000,00600,00000,LABORATORY SUPPLIES
169,A300000,00700,00000,MINOR MEDICAL EQUIPMENT
169,A300000,00800,00000,FREIGHT IN
169,A300000,00900,00000,OTHER DIRECT EXPENSES
169,A300000,01000,00000,OTHER INDIRECT EXPENSES
169,A500010,01500,00000,HOME OFFICE COSTS
169,A500010,01500,00100,A
169,A500010,01500,00300,TISSUE TYPING LABORATORY
169,A51000A,00100,00100,Y
169,A51000B,00100,00200,TISSUE TYPING LABORATORY
169,A51000B,00100,00300,DATA PROCESSING
169,A51000B,00200,00200,TISSUE TYPING LABORATORY
169,A51000B,00200,00300,FACILITY RENT
169,A51000B,00300,00200,TISSUE TYPING LABORATORY
169,A51000B,00300,00300,CORPORATE ALLOCATION
169,A51000C,00100,00100,B
169,A51000C,00100,00200,DCI LABORATORY
169,A51000C,00100,00400,DIALYSIS CLINIC INC
169,A51000C,00100,00600,INDEPENDENT DIALYSIS
169,A60000A,00700,00000,COMPUTER EQUIPMENT
169,A60000B,00800,00000,COMPUTER EQUIPMENT
169,A60000C,00500,00100,N
169,B10000*,00100,00200,CAP BLDG
169,B10000*,00100,00300,CAP COSTS
169,B10000*,00100,00400,EMPLOYEE
169,B10000*,00100,00500,MEDICAL
169,B10000*,00100,00800,ORGAN
169,B10000*,00100,01000,ADMIN &
169,B10000*,00200,00200,OP PLANT &
169,B10000*,00200,00300,MOVABLE
169,B10000*,00200,00400,BENEFITS
169,B10000*,00200,00500,SUPPLIES
169,B10000*,00200,00800,ACQUISITN
169,B10000*,00200,01000,GENERAL
169,B10000*,00300,00200,HOUSEKEEP
169,B10000*,00300,00300,EQUIPMENT
169,B10000*,00300,00800,COSTS
169,B10000*,00400,00200,SQUARE
169,B10000*,00400,00300,DOLLAR
169,B10000*,00400,00400,ADJUST
169,B10000*,00400,00500,COSTED
169,B10000*,00400,00800,NUMBER
169,B10000*,00400,01000,ACCUM
169,B10000*,00500,00200,FEET
169,B10000*,00500,00300,VALUE
169,B10000*,00500,00400,SALARIES
169,B10000*,00500,00500,REQUISIT
169,B10000*,00500,00800,ORGANS
169,B10000*,00500,01000,COSTS
169,B10000*,00600,00200,1
169,B10000*,00600,00300,2
169,B10000*,00600,00400,3
169,B10000*,00600,00500,3
169,B10000*,00600,00800,3
169,B10000*,00600,01000,3
169,B100000,00000,01000,X
169,E000000,00900,00000,OTHER CURRENT ASSETS
169,E000000,02600,00000,OTHER FIXED ASSETS
169,E000000,04100,00000,CASH MANAGEMENT
169,E100002,00800,00000,COST REPORT ESTIMATE
169,S000000,00100,00100,X
169,S000000,00400,00100,2
169,S000000,00500,00100,02/28/2020
169,S000000,00600,00100,10001
169,S000000,00700,00100,N
169,S000000,00800,00100,N
169,S000000,00900,00100,09/17/2021
169,S000000,01000,00100,4
169,S000001,00100,00100,DCI LABORATORY
169,S000001,00100,00200,44HL01
169,S000001,00101,00100,1616 HAYES STREET
169,S000001,00102,00100,NASHVILLE
169,S000001,00102,00200,TN
169,S000001,00102,00300,37203
169,S000001,00300,00100,10/01/2018
169,S000001,00300,00200,09/30/2019
169,S000001,00400,00100,6
169,S000001,00400,00300,2
169,S000001,00400,00400,10/01/1978
169,S000001,00401,00300,1
169,S100001,00700,00100,N
169,S100001,00810,00000,OTHER
169,S100002,00400,00100,HLA CLASS I ANTIBODY ID LUMINEX SING
169,S100002,00401,00100,HLA CLASS II ANTIBODY ID LUMINEX SIN
169,S100002,00402,00100,HLA-A B C TYPING
169,S100002,00403,00100,HLA-DQB1 TYPING (LOW-INTERMEDIATE RE
169,S100002,00404,00100,HLA-DQB1 LOCUS-HIGH RESOLUTUION + DQ
169,S100002,00405,00100,ABO TYPING
169,S100002,00406,00100,T CELL CROSSMATCH - CYTOTOXIC/AHG
169,S100002,00407,00100,FLOW CYTOMETRY CROSSMATCH (T AND B C
169,S100002,00408,00100,HLA CLASS I ANTIBODY SCREEN - FLOW C
169,S100002,00409,00100,HLA CLASS II ANTIBODY SCREEN - FLOW
169,S100002,00410,00100,HLA CLASS I AND CLASS II ANTIBODY SC
169,S100002,00411,00100,DECEASED DONOR WORKUP - LOCAL
169,S100002,00412,00100,SERUM ARCHIVE
169,S100002,00413,00100,HLA AB CLASS I ANTIBODY ID - FLOW PH
169,S100002,00414,00100,HLA AB CLASS II ANTIBODY ID - FLOW P
169,S100002,00415,00100,A1 TITER (SENDOUT)
169,S100002,00416,00100,FLOW CYTOMETRY AUTO-CROSSMATCH (T AN
169,S100002,00417,00100,HLA CLASS I ANTIBODY ID WITH C1Q BIN
169,S100002,00418,00100,HLA CLASS II ANTIBODY ID WITH C1Q BI
169,S100002,00419,00100,SEND OUT KIT
169,S100002,00420,00100,HLA-DPB1 TYPING
169,S100002,00421,00100,HLA CLASS I SINGLE LOCUS TYPING LOW
169,S100002,00422,00100,DECEASED DONOR WORK-UP IMPORT
169,S100002,00423,00100,HLA CLASS II ANTIBODY ID - ELISA
169,S100002,00424,00100,HLA CLASS I ANTIBODY ID - FLOW SINGL
169,S100002,00425,00100,HLA CLASS I AND CLASS II ANTIBODY SC
169,S100002,00426,00100,T CELL CROSSMATCH - CYTOOXIC/AHG (NO
169,S100002,00427,00100,FLOW CYTOMETRY CROSSMATCH (T AND B C
169,S100002,00428,00100,T CEL CYTOTOXIC CROSSMATCH (CHARGE T
169,S100002,00429,00100,FLOW CYTOMETRY CROSSMATCH - T AND B
169,S100002,00430,00100,ABO REVERSE TYPING ONLY
169,S100002,00431,00100,HLA CLASS II ANTIBODY ID - FLOW SING
169,S100002,00432,00100,HLA CLASS I ANTIBODY ID - LUMINEX SI
169,S100002,00433,00100,HLA CLASS II ANTIBODY ID - LUMINEX S
169,S100002,00434,00100,FLOW CROSSMATCH WITH TITERS
169,S100002,00435,00100,T AND B CELL CYTOTOXIC CROSSMATCH
169,S100002,00436,00100,HLA-A-B  AND DRB1 VERIFICATION TYPIN
169,S100002,00437,00100,A1 TITER (NO DONOR)
169,S100002,00438,00100,HLA CLASS I ANTIBODY ID-LUMINEX PHEN
169,S100002,00439,00100,HLA CLASS II ANTIBODY ID-LUMINEX PHE
169,S100002,00440,00100,HLA COMP TYPING:HR(HLA-A B C DR DRB3
169,S100002,00441,00100,RESEARCH C1Q SCREEN
169,S100003,00100,00100,MEDICAL DIRECTOR
169,S100003,00100,00300,MEDICAL DIRECTOR
169,S100003,00100,00500,LAB DIRECTOR
169,S100003,00101,00100,EXEC. DIRECTOR
169,S100003,00101,00300,PROCUREMENT COORDINATOR
169,S100003,00101,00500,TECHNICIANS
169,S100003,00102,00100,CLERICAL
169,S100003,00102,00300,PRESERVATION TECHNICIANS
169,S100003,00102,00500,TISSUE TYPING TECH.
169,S100003,00103,00100,OTHER
169,S100003,00103,00300,OTHER
169,S100003,00103,00500,OTHER
169,S200000,00100,00100,N
169,S200000,00200,00100,N
169,S200000,00300,00100,Y
169,S200000,00400,00100,Y
169,S200000,00400,00200,A
169,S200000,00500,00100,N
169,S200000,00600,00300,LABORATORY DIRECTOR
169,S200000,00700,00100,DIALYSIS CLINIC INC
171,A000000,00100,00000,0100CAPITAL COSTS-BLDG & FIXT
171,A000000,00200,00000,0200CAPITAL COSTS-MVBLE EQUIPMENT
171,A000000,00300,00000,0300EMPLOYEE BENEFITS
171,A000000,00400,00000,0400ADMINISTRATIVE & GENERAL
171,A000000,00500,00000,0500OPERATION AND MAINTENANCE OF PLANT
171,A000000,00600,00000,0600HOUSEKEEPING
171,A000000,00700,00000,0700MEDICAL SUPPLIES
171,A000000,00800,00000,0800OTHER OVERHEAD
171,A000000,00900,00000,0900PROCUREMENT COORDINATORS
171,A000000,01000,00000,1000PROFESSIONAL EDUCATION
171,A000000,01100,00000,1100PUBLIC EDUCATION
171,A000000,01200,00000,1200AUTO AND VAN
171,A000000,01201,00000,1201ORGAN PRESERVATION
171,A000000,01300,00000,1300KIDNEY ACQUISITIONS
171,A000000,01400,00000,1400TISSUE TYPING LABORATORY
171,A000000,01500,00000,1500LIVER ACQUISITIONS
171,A000000,01600,00000,1600HEART ACQUISITIONS
171,A000000,01700,00000,1700PANCREAS ACQUISITIONS
171,A000000,01800,00000,1800LUNG ACQUISITIONS
171,A000000,01900,00000,1900DOUBLE LUNG      S
171,A000000,01901,00000,1901INTESTINE        S 2
171,A000000,01902,00000,1902HEART LUNG       S 3
171,A000000,02100,00000,2100RESEARCH
171,A000000,02200,00000,2200BLOOD BANK
171,A000000,02300,00000,2300LABORATORY-NON-TISSUE TYPING
171,A000000,02400,00000,2400DIALYSIS UNITS
171,A000000,02500,00000,2500TISSUE RECOVERY
171,A100000,01700,00000,UTILITIES
171,A100000,01800,00000,AUTO AND VANS
171,A100000,01900,00000,OFFICE MAINTENANCE
171,A100000,01901,00000,OTHER EXPENSE
171,A20H000,02100,00000,ORGAN RECOVERY FEE
171,A20K000,02100,00000,ORGAN RECOVERY FEE
171,A20L000,02100,00000,ORGAN RECOVER FEE
171,A20O000,02100,00000,ORGAN RECOVERY FEE
171,A20O001,02100,00000,ORGAN RECOVERY FEE
171,A20O001,02101,00000,OTHER
171,A20P000,02100,00000,ORGAN RECOVERY FEE
171,A20U000,02100,00000,ORGAN RECOVERY FEE
171,A400010,00100,00000,RECLASSIFY RENT ON SPACE
171,A400010,00100,00100,A
171,A400010,00100,00200,CAPITAL COSTS-BLDG & FIXT
171,A400010,00100,00500,ADMINISTRATIVE & GENERAL
171,A400010,00200,00000,LEASE PAYMENTS ON AUTO & EQUIPMENT
171,A400010,00200,00100,B
171,A400010,00200,00200,CAPITAL COSTS-MVBLE EQUIPMENT
171,A400010,00200,00500,ADMINISTRATIVE & GENERAL
171,A400010,00300,00000,RECLASSIFY AUTO EXPENSE
171,A400010,00300,00100,C
171,A400010,00300,00200,AUTO AND VAN
171,A400010,00300,00500,ADMINISTRATIVE & GENERAL
171,A400010,00400,00000,RECLASSIFY UTILITIES
171,A400010,00400,00100,D
171,A400010,00400,00200,OPERATION AND MAINTENANCE OF PLANT
171,A400010,00400,00500,ADMINISTRATIVE & GENERAL
171,A400010,00500,00000,OFFICE MAINTENANCE
171,A400010,00500,00100,E
171,A400010,00500,00200,CAPITAL COSTS-MVBLE EQUIPMENT
171,A400010,00500,00500,ADMINISTRATIVE & GENERAL
171,A400010,00600,00000,INSURANCE ON LEASED AUTOS
171,A400010,00600,00100,F
171,A400010,00600,00200,CAPITAL COSTS-MVBLE EQUIPMENT
171,A400010,00600,00500,ADMINISTRATIVE & GENERAL
171,A400010,00700,00000,TO ALLOCATE TISSUE OVERHEAD
171,A400010,00700,00100,G
171,A400010,00700,00200,TISSUE RECOVERY
171,A400010,00700,00500,PUBLIC EDUCATION
171,A500010,00800,00100,B
171,A500010,00800,00300,PROCUREMENT COORDINATORS
171,A500010,01500,00000,AOPO LOBBY EXPENSE
171,A500010,01500,00100,A
171,A500010,01500,00300,ADMINISTRATIVE & GENERAL
171,A500010,01600,00000,NON-ALLOWABLE PUBLIC & PROF ED
171,A500010,01600,00100,A
171,A500010,01600,00300,PROFESSIONAL EDUCATION
171,A500010,01601,00000,NON-AOC STAFF
171,A500010,01601,00100,A
171,A500010,01601,00300,ADMINISTRATIVE & GENERAL
171,A500010,01602,00000,ALCOHOL RELATED PURCHASES
171,A500010,01602,00100,A
171,A500010,01602,00300,ADMINISTRATIVE & GENERAL
171,A51000A,00100,00100,Y
171,A51000B,00100,00200,ADMINISTRATIVE & GENERAL
171,A51000B,00100,00300,UAHSF CENTRAL ADMIN
171,A51000C,00100,00100,B
171,A51000C,00100,00200,UAHSF
171,A51000C,00100,00400,UAHSF
171,A51000C,00100,00600,FOUNDATION
171,A60000C,00500,00100,N
171,B10000*,00100,00200,CAP BLDG
171,B10000*,00100,00300,CAP COSTS
171,B10000*,00100,00400,EMPLOYEE
171,B10000*,00100,00500,MEDICAL
171,B10000*,00100,00800,ORGAN
171,B10000*,00100,01000,ADMIN &
171,B10000*,00200,00200,OP PLANT &
171,B10000*,00200,00300,MOVABLE
171,B10000*,00200,00400,BENEFITS
171,B10000*,00200,00500,SUPPLIES
171,B10000*,00200,00800,ACQUISITN
171,B10000*,00200,01000,GENERAL
171,B10000*,00300,00200,HOUSEKEEP
171,B10000*,00300,00300,EQUIPMENT
171,B10000*,00300,00800,COSTS
171,B10000*,00400,00200,SQUARE
171,B10000*,00400,00300,DOLLAR
171,B10000*,00400,00400,ADJUST
171,B10000*,00400,00500,COSTED
171,B10000*,00400,00800,NUMBER
171,B10000*,00400,01000,ACCUM
171,B10000*,00500,00200,FEET
171,B10000*,00500,00300,VALUE
171,B10000*,00500,00400,SALARIES
171,B10000*,00500,00500,REQUISIT
171,B10000*,00500,00800,ORGANS
171,B10000*,00500,01000,COSTS
171,B10000*,00600,00200,1
171,B10000*,00600,00300,2
171,B10000*,00600,00400,3
171,B10000*,00600,00500,3
171,B10000*,00600,00800,3
171,B10000*,00600,01000,3
171,B100000,00000,01000,X
171,E000000,00900,00000,OTHER CURRENT ASSETS
171,E000000,02600,00000,OTHER FIXED ASSETS
171,S000000,00100,00100,X
171,S000000,00400,00100,2
171,S000000,00500,00100,03/02/2020
171,S000000,00600,00100,10001
171,S000000,00700,00100,N
171,S000000,00800,00100,N
171,S000000,00900,00100,09/17/2021
171,S000000,01000,00100,4
171,S000001,00100,00100,ALA ORGAN CENTER / LEGACY OF HOPE
171,S000001,00100,00200,01P001
171,S000001,00101,00100,502 20TH STREET SOUTH
171,S000001,00102,00100,BIRMINGHAM
171,S000001,00102,00200,AL
171,S000001,00102,00300,35233
171,S000001,00300,00100,10/01/2018
171,S000001,00300,00200,09/30/2019
171,S000001,00400,00100,7
171,S000001,00400,00300,1
171,S000001,00400,00400,01/01/1979
171,S000001,00401,00300,1
171,S100001,00700,00100,N
171,S100001,00810,00000,INTESTINE
171,S100001,00811,00000,RESEARCH
171,S100003,00100,00100,MEDICAL DIRECTOR
171,S100003,00100,00300,MEDICAL DIRECTOR
171,S100003,00100,00500,LAB DIRECTOR
171,S100003,00101,00100,EXEC. DIRECTOR
171,S100003,00101,00300,PROCUREMENT COORDINATOR
171,S100003,00101,00500,TECHNICIANS
171,S100003,00102,00100,CLERICAL
171,S100003,00102,00300,PRESERVATION TECHNICIANS
171,S100003,00102,00500,TISSUE TYPING TECH.
171,S100003,00103,00100,OTHER
171,S100003,00103,00300,OTHER
171,S100003,00103,00500,OTHER
171,S200000,00100,00100,N
171,S200000,00200,00100,N
171,S200000,00300,00100,Y
171,S200000,00400,00100,Y
171,S200000,00400,00200,A
171,S200000,00400,00300,12/01/2019
171,S200000,00500,00100,N
171,S200000,00600,00300,ACCOUNTANT
171,S200000,00700,00100,UNIIV OF ALA  HEALTH SERVICES FDN
173,A000000,00100,00000,0100CAPITAL COSTS-BLDG & FIXT
173,A000000,00200,00000,0200CAPITAL COSTS-MVBLE EQUIPMENT
173,A000000,00300,00000,0300EMPLOYEE BENEFITS
173,A000000,00400,00000,0400ADMINISTRATIVE & GENERAL
173,A000000,00500,00000,0500OPERATION AND MAINTENANCE OF PLANT
173,A000000,00600,00000,0600HOUSEKEEPING
173,A000000,00700,00000,0700MEDICAL SUPPLIES
173,A000000,00800,00000,0800OTHER OVERHEAD
173,A000000,00900,00000,0900PROCUREMENT COORDINATORS
173,A000000,01000,00000,1000PROFESSIONAL EDUCATION
173,A000000,01100,00000,1100PUBLIC EDUCATION
173,A000000,01200,00000,1200OTHER ACQUISITION
173,A000000,01300,00000,1300KIDNEY ACQUISITIONS
173,A000000,01400,00000,1400TISSUE TYPING LABORATORY
173,A000000,01500,00000,1500LIVER ACQUISITIONS
173,A000000,01600,00000,1600HEART ACQUISITIONS
173,A000000,01700,00000,1700PANCREAS ACQUISITIONS
173,A000000,01800,00000,1800LUNG ACQUISITIONS
173,A000000,01900,00000,1900OTHER ACQUISITIONS
173,A000000,02100,00000,2100RESEARCH
173,A000000,02200,00000,2200BLOOD BANK
173,A000000,02300,00000,2300LABORATORY-NON-TISSUE TYPING
173,A000000,02400,00000,2400DIALYSIS UNITS
173,A000000,02500,00000,2500OTHER NON-REIMBURSABLE
173,A300000,00600,00000,LABORATORY SUPPLIES
173,A300000,00700,00000,OTHER DIRECT EXPENSES
173,A300000,00800,00000,OTHER INDIRECT EXPENSES
173,A500010,01500,00000,HOME OFFICE COSTS
173,A500010,01500,00100,A
173,A500010,01500,00300,TISSUE TYPING LABORATORY
173,A51000A,00100,00100,Y
173,A51000B,00100,00200,TISSUE TYPING LABORATORY
173,A51000B,00100,00300,DATA PROCESSING
173,A51000B,00200,00200,TISSUE TYPING LABORATORY
173,A51000B,00200,00300,CORPORATE ALLOCATION
173,A51000C,00100,00100,B
173,A51000C,00100,00200,DCI LABORATORY
173,A51000C,00100,00400,DIALYSIS CLINIC INC
173,A51000C,00100,00600,INDEPENDENT DIALYSIS
173,A60000A,00700,00000,LAB EQUIPMENT
173,A60000A,00701,00000,COMPUTER EQUIPMENT
173,A60000A,00702,00000,GOODWILL
173,A60000B,00800,00000,LAB EQUIPMENT
173,A60000B,00801,00000,COMPUTER EQUIPMENT
173,A60000C,00500,00100,N
173,B10000*,00100,00200,CAP BLDG
173,B10000*,00100,00300,CAP COSTS
173,B10000*,00100,00400,EMPLOYEE
173,B10000*,00100,00500,MEDICAL
173,B10000*,00100,00800,ORGAN
173,B10000*,00100,01000,ADMIN &
173,B10000*,00200,00200,OP PLANT &
173,B10000*,00200,00300,MOVABLE
173,B10000*,00200,00400,BENEFITS
173,B10000*,00200,00500,SUPPLIES
173,B10000*,00200,00800,ACQUISITN
173,B10000*,00200,01000,GENERAL
173,B10000*,00300,00200,HOUSEKEEP
173,B10000*,00300,00300,EQUIPMENT
173,B10000*,00300,00800,COSTS
173,B10000*,00400,00200,SQUARE
173,B10000*,00400,00300,DOLLAR
173,B10000*,00400,00400,ADJUST
173,B10000*,00400,00500,COSTED
173,B10000*,00400,00800,NUMBER
173,B10000*,00400,01000,ACCUM
173,B10000*,00500,00200,FEET
173,B10000*,00500,00300,VALUE
173,B10000*,00500,00400,SALARIES
173,B10000*,00500,00500,REQUISIT
173,B10000*,00500,00800,ORGANS
173,B10000*,00500,01000,COSTS
173,B10000*,00600,00200,1
173,B10000*,00600,00300,2
173,B10000*,00600,00400,3
173,B10000*,00600,00500,3
173,B10000*,00600,00800,3
173,B10000*,00600,01000,3
173,B100000,00000,01000,X
173,E000000,00900,00000,OTHER CURRENT ASSETS
173,E000000,02600,00000,OTHER FIXED ASSETS
173,E000000,03100,00000,GOODWILL
173,E000000,03900,00000,CASH MANAGEMENT
173,E100002,00300,00000,LOSS ON SALE OF FIXED ASSETS
173,E100002,00800,00000,COST REPORT ESTIMATE
173,S000000,00100,00100,X
173,S000000,00400,00100,2
173,S000000,00500,00100,02/28/2020
173,S000000,00600,00100,11301
173,S000000,00700,00100,N
173,S000000,00800,00100,N
173,S000000,00900,00100,09/14/2021
173,S000000,01000,00100,4
173,S000001,00100,00100,DCI LABORATORY
173,S000001,00100,00200,44HL06
173,S000001,00101,00100,1924 ALCOA HWY  UT TRANSPLANT LAB
173,S000001,00102,00100,KNOXVILLE
173,S000001,00102,00200,TN
173,S000001,00102,00300,37920
173,S000001,00300,00100,10/01/2018
173,S000001,00300,00200,02/23/2019
173,S000001,00400,00100,6
173,S000001,00400,00300,2
173,S000001,00400,00400,11/12/2004
173,S000001,00401,00300,1
173,S100001,00700,00100,N
173,S100001,00810,00000,OTHER
173,S100002,00400,00100,HLA DR/DQ TYPING BY DNA (LOW RESOLUT
173,S100002,00401,00100,FC HLA ANTIBODY SCREEN - CLASS I
173,S100002,00402,00100,FC HLA ANTIBODY SCREEN - CLASS II
173,S100002,00403,00100,FC HLA ANTIBODY SCREEN - CLASS I AND
173,S100002,00404,00100,HLA-A B C TYPING BY DNA (LOW RESOLUT
173,S100002,00405,00100,DNA EXTRACT AND HOLD
173,S100002,00406,00100,HLA CLASS II  ONE LOCUS  LOW RESOLUT
173,S100002,00407,00100,FLOW CYTOMETRY CROSSMATCH (T AND B C
173,S100002,00408,00100,FLOW CYTOMETRY AUTO - CROSSMATCH (T
173,S100002,00409,00100,DECEASED DONOR WORK-UP (LOCAL)
173,S100002,00410,00100,DECEASED DONOR WORK-UP (IMPORT)
173,S100002,00411,00100,HLA CLASS I AND II TYPING: LOW RESOL
173,S100002,00412,00100,ABO TYPING
173,S100002,00413,00100,ABO-REVERSE TYPING ONLY
173,S100002,00414,00100,SERUM ARCHIVE
173,S100002,00415,00100,SENDOUT KIT
173,S100002,00416,00100,HLA CLASS I ANTIBODY ID (LUMINEX SIN
173,S100002,00417,00100,HLA CLASS II ANTIBODY ID (LUMINEX SI
173,S100002,00418,00100,FLOW CROSSMATCH - T AND B CELL (CHAR
173,S100002,00419,00100,FC CLASS I ANTIBODY ID (SINGLE ANTIG
173,S100002,00420,00100,FC CLASS II ANTIBODY ID (SINGLE ANTI
173,S100002,00421,00100,HLA CLASS I & II SCREENING (LUMINEX)
173,S100002,00422,00100,HLA ANTIBODY SPECIFICITY CLASS I (LU
173,S100002,00423,00100,HLA ANTIBODY SPECIFICITY CLASS II (L
173,S100003,00100,00100,MEDICAL DIRECTOR
173,S100003,00100,00300,MEDICAL DIRECTOR
173,S100003,00100,00500,LAB DIRECTOR
173,S100003,00101,00100,EXEC. DIRECTOR
173,S100003,00101,00300,PROCUREMENT COORDINATOR
173,S100003,00101,00500,TECHNICIANS
173,S100003,00102,00100,CLERICAL
173,S100003,00102,00300,PRESERVATION TECHNICIANS
173,S100003,00102,00500,TISSUE TYPING TECH.
173,S100003,00103,00100,OTHER
173,S100003,00103,00300,OTHER
173,S100003,00103,00500,OTHER
174,A000000,00100,00000,0100CAPITAL COSTS-BLDG & FIXT
174,A000000,00200,00000,0200CAPITAL COSTS-MVBLE EQUIPMENT
174,A000000,00300,00000,0300EMPLOYEE BENEFITS
174,A000000,00400,00000,0400ADMINISTRATIVE & GENERAL
174,A000000,00500,00000,0500OPERATION AND MAINTENANCE OF PLANT
174,A000000,00600,00000,0600HOUSEKEEPING
174,A000000,00700,00000,0700MEDICAL SUPPLIES
174,A000000,00800,00000,0800OTHER OVERHEAD
174,A000000,00900,00000,0900PROCUREMENT COORDINATORS
174,A000000,01000,00000,1000PROFESSIONAL EDUCATION
174,A000000,01100,00000,1100PUBLIC EDUCATION
174,A000000,01200,00000,1200QUALITY SERVICES
174,A000000,01201,00000,1201FAMILY SERVICES
174,A000000,01202,00000,1202CALL CENTER
174,A000000,01300,00000,1300KIDNEY ACQUISITIONS
174,A000000,01400,00000,1400TISSUE TYPING LABORATORY
174,A000000,01500,00000,1500LIVER ACQUISITIONS
174,A000000,01600,00000,1600HEART ACQUISITIONS
174,A000000,01700,00000,1700PANCREAS ACQUISITIONS
174,A000000,01800,00000,1800LUNG ACQUISITIONS
174,A000000,01900,00000,1900INTESTINE ACQUISITIONS
174,A000000,01901,00000,1901ORGAN-OTHER
174,A000000,02100,00000,2100RESEARCH
174,A000000,02200,00000,2200BLOOD BANK
174,A000000,02300,00000,2300LABORATORY-NON-TISSUE TYPING
174,A000000,02400,00000,2400DIALYSIS UNITS
174,A000000,02500,00000,2500TISSUE
174,A000000,02501,00000,2501OCULAR
174,A000000,02502,00000,2502NORTHERN NEVADA
174,A000000,02503,00000,2503LIVING DONATION
174,A100000,01700,00000,A&G
174,A100000,01800,00000,DEPRECIATION
174,A100000,01900,00000,EMPLOYEE BENEFITS
174,A100000,01901,00000,NETWORK DUES
174,A20H000,00900,00000,CARDIOLOGY
174,A20H000,02100,00000,OUTSIDE LAB - HEART
174,A20K000,02100,00000,OUTSIDE LAB - KIDNEY
174,A20L000,02100,00000,OUTSIDE LAB-LIVER
174,A20O000,02100,00000,OUTSIDE LAB-INTESTINE
174,A20O001,00900,00000,OTHER HOSPITAL COSTS
174,A20O001,02100,00000,OUTSIDE LAB-OTHER
174,A20P000,02100,00000,OUTSIDE LAB-PANC
174,A20U000,02100,00000,OUTSIDE LAB-LUNG
174,A300000,00600,00000,OTHER TISSUE TYPING COSTS
174,A300000,00700,00000,DEPRECIATION
174,A300000,00800,00000,DUES
174,A300000,00900,00000,TRAINING AND TRAVEL
174,A300000,01001,00000,TRANSPORTATION FOR SPECIMENS
174,A300000,01002,00000,INSURANCE AND BUILDING
174,A300000,01003,00000,SUPPLIES & OTHER
174,A400010,00100,00000,PAYROLL TAXES
174,A400010,00100,00100,A
174,A400010,00100,00200,PROCUREMENT COORDINATORS
174,A400010,00100,00500,ADMINISTRATIVE & GENERAL
174,A400010,00200,00000,PAYROLL TAXES
174,A400010,00200,00100,A
174,A400010,00200,00200,PROFESSIONAL EDUCATION
174,A400010,00300,00000,PAYROLL TAXES
174,A400010,00300,00100,A
174,A400010,00300,00200,QUALITY SERVICES
174,A400010,00400,00000,PAYROLL TAXES
174,A400010,00400,00100,A
174,A400010,00400,00200,FAMILY SERVICES
174,A400010,00500,00000,PAYROLL TAXES
174,A400010,00500,00100,A
174,A400010,00500,00200,CALL CENTER
174,A400010,00600,00000,PAYROLL TAXES
174,A400010,00600,00100,A
174,A400010,00600,00200,TISSUE TYPING LABORATORY
174,A400010,00700,00000,PAYROLL TAXES
174,A400010,00700,00100,A
174,A400010,00700,00200,TISSUE
174,A400010,00700,00500,OCULAR
174,A400010,00800,00000,PAYROLL TAXES
174,A400010,00800,00100,A
174,A400010,00800,00200,NORTHERN NEVADA
174,A400010,00900,00000,PAYROLL TAXES
174,A400010,00900,00100,A
174,A400010,00900,00200,LIVING DONATION
174,A400010,01000,00000,TISSUE OVERHEAD
174,A400010,01000,00100,B
174,A400010,01000,00200,TISSUE
174,A400010,01000,00500,PROCUREMENT COORDINATORS
174,A400010,01100,00000,TISSUE OVERHEAD
174,A400010,01100,00100,B
174,A400010,01100,00200,OCULAR
174,A400010,01100,00500,PROFESSIONAL EDUCATION
174,A400010,01200,00000,TISSUE OVERHEAD
174,A400010,01200,00100,B
174,A400010,01200,00500,QUALITY SERVICES
174,A400010,01300,00000,TISSUE OVERHEAD
174,A400010,01300,00100,B
174,A400010,01300,00500,FAMILY SERVICES
174,A400010,01400,00000,TISSUE OVERHEAD
174,A400010,01400,00100,B
174,A400010,01400,00500,CALL CENTER
174,A400010,01500,00000,DIRECT ORGAN AQUISITION COSTS
174,A400010,01500,00100,C
174,A400010,01500,00200,KIDNEY ACQUISITIONS
174,A400010,01500,00500,ORGAN-OTHER
174,A400010,01600,00000,DIRECT ORGAN AQUISITION COSTS
174,A400010,01600,00100,C
174,A400010,01600,00200,LIVER ACQUISITIONS
174,A400010,01700,00000,DIRECT ORGAN AQUISITION COSTS
174,A400010,01700,00100,C
174,A400010,01700,00200,HEART ACQUISITIONS
174,A400010,01800,00000,DIRECT ORGAN AQUISITION COSTS
174,A400010,01800,00100,C
174,A400010,01800,00200,PANCREAS ACQUISITIONS
174,A400010,01900,00000,DIRECT ORGAN AQUISITION COSTS
174,A400010,01900,00100,C
174,A400010,01900,00200,LUNG ACQUISITIONS
174,A400010,02000,00000,BLDG OVEREHAD COST
174,A400010,02000,00100,D
174,A400010,02000,00200,ADMINISTRATIVE & GENERAL
174,A400010,02000,00500,PROCUREMENT COORDINATORS
174,A400010,02100,00000,BLDG OVEREHAD COST
174,A400010,02100,00100,D
174,A400010,02100,00500,PROFESSIONAL EDUCATION
174,A400010,02200,00000,BLDG OVEREHAD COST
174,A400010,02200,00100,D
174,A400010,02200,00500,QUALITY SERVICES
174,A400010,02300,00000,BLDG OVEREHAD COST
174,A400010,02300,00100,D
174,A400010,02300,00500,FAMILY SERVICES
174,A400010,02400,00000,BLDG OVEREHAD COST
174,A400010,02400,00100,D
174,A400010,02400,00500,CALL CENTER
174,A400010,02500,00000,BLDG OVEREHAD COST
174,A400010,02500,00100,D
174,A400010,02500,00500,TISSUE TYPING LABORATORY
174,A400010,02600,00000,BLDG OVEREHAD COST
174,A400010,02600,00100,D
174,A400010,02600,00500,TISSUE
174,A400010,02700,00000,BLDG OVEREHAD COST
174,A400010,02700,00100,D
174,A400010,02700,00500,OCULAR
174,A400010,02800,00000,BLDG OVEREHAD COST
174,A400010,02800,00100,D
174,A400010,02800,00500,NORTHERN NEVADA
174,A500010,01200,00100,B
174,A500010,01200,00300,CAPITAL COSTS-MVBLE EQUIPMENT
174,A500010,01500,00000,ROSE PARADE -ADMIN
174,A500010,01500,00100,B
174,A500010,01500,00300,ADMINISTRATIVE & GENERAL
174,A500010,01501,00000,ROSE PARADE-FAMILY
174,A500010,01501,00100,B
174,A500010,01501,00300,FAMILY SERVICES
174,A500010,01502,00000,ROSE PARADE-PROFESSIONAL ED
174,A500010,01502,00100,B
174,A500010,01502,00300,PROFESSIONAL EDUCATION
174,A500010,01503,00000,NONALLOWABLE INTEREST EXPENSE
174,A500010,01503,00100,A
174,A500010,01503,00300,CAPITAL COSTS-MVBLE EQUIPMENT
174,A500010,01504,00000,GALA REVENUE
174,A500010,01504,00100,B
174,A500010,01504,00300,PROFESSIONAL EDUCATION
174,A51000A,00100,00100,N
174,A60000A,00700,00000,BLDG & EQUIP
174,B10000*,00100,00200,CAP BLDG
174,B10000*,00100,00300,CAP COSTS
174,B10000*,00100,00400,EMPLOYEE
174,B10000*,00100,00500,MEDICAL
174,B10000*,00100,00800,ORGAN
174,B10000*,00100,01000,ADMIN &
174,B10000*,00200,00200,OP PLANT &
174,B10000*,00200,00300,MOVABLE
174,B10000*,00200,00400,BENEFITS
174,B10000*,00200,00500,SUPPLIES
174,B10000*,00200,00800,ACQUISITN
174,B10000*,00200,01000,GENERAL
174,B10000*,00300,00200,HOUSEKEEP
174,B10000*,00300,00300,EQUIPMENT
174,B10000*,00300,00800,COSTS
174,B10000*,00400,00200,SQUARE
174,B10000*,00400,00300,SQUARE
174,B10000*,00400,00400,ADJUST
174,B10000*,00400,00500,COSTED
174,B10000*,00400,00800,NUMBER
174,B10000*,00400,01000,ACCUM
174,B10000*,00500,00200,FEET
174,B10000*,00500,00300,FEET
174,B10000*,00500,00400,SALARIES
174,B10000*,00500,00500,REQUISIT
174,B10000*,00500,00800,ORGANS
174,B10000*,00500,01000,COSTS
174,B10000*,00600,00200,1
174,B10000*,00600,00300,2
174,B10000*,00600,00400,3
174,B10000*,00600,00500,3
174,B10000*,00600,00800,3
174,B10000*,00600,01000,3
174,B100000,00000,01000,X
174,E000000,00900,00000,NET DEPOSITS AND ADVANCES AND NMTC
174,E000000,02600,00000,OTHER FIXED ASSETS
174,E000000,03900,00000,PREPAID UNPROCESSED TISSUES
174,E000000,04100,00000,DEFERRED REVENUE
174,E000000,04600,00000,DEFERRED COMP
174,E000000,04700,00000,VEHICLE LOAN
174,E100001,00700,00000,TISSUE
174,E100001,00800,00000,OCULAR
174,S000000,00100,00100,X
174,S000000,00400,00100,2
174,S000000,00500,00100,05/07/2020
174,S000000,00600,00100,10001
174,S000000,00700,00100,N
174,S000000,00800,00100,N
174,S000000,00900,00100,11/12/2021
174,S000000,01000,00100,4
174,S000001,00100,00100,NEVADA DONOR NETWORK INC
174,S000001,00100,00200,29P001
174,S000001,00101,00100,2055 E SAHARA AVENUE
174,S000001,00102,00100,LAS VEGAS
174,S000001,00102,00200,NV
174,S000001,00102,00300,891043829
174,S000001,00200,00100,NEVADA DONOR NETWORK INC
174,S000001,00200,00200,29HL01
174,S000001,00201,00100,2059 E SAHARA AVENUE
174,S000001,00202,00100,LAS VEGAS
174,S000001,00202,00200,NV
174,S000001,00202,00300,891043829
174,S000001,00300,00100,01/01/2019
174,S000001,00300,00200,12/31/2019
174,S000001,00400,00100,6
174,S000001,00400,00300,1
174,S000001,00400,00400,10/01/1985
174,S000001,00401,00100,6
174,S000001,00401,00300,2
174,S000001,00401,00400,01/01/2006
174,S000002,00300,00100,PRESIDENT/CEO
174,S100001,00700,00100,N
174,S100001,00810,00000,INTESTINES
174,S100001,00811,00000,VEINS
174,S100002,00400,00100,HLA CLASS I AND II
174,S100002,00401,00100,ABO TYPING
174,S100002,00402,00100,CROSSMATCH
174,S100002,00403,00100,HLA ANTIBODY
174,S100002,00404,00100,DSA
174,S100002,00405,00100,PROCESSING AND STORAGE FEE  RENAL
174,S100003,00100,00100,MEDICAL DIRECTOR
174,S100003,00100,00300,MEDICAL DIRECTOR
174,S100003,00100,00500,LAB DIRECTOR
174,S100003,00101,00100,EXEC. DIRECTOR
174,S100003,00101,00300,PROCUREMENT COORDINATOR
174,S100003,00101,00500,TECHNICIANS
174,S100003,00102,00100,CLERICAL
174,S100003,00102,00300,PRESERVATION TECHNICIANS
174,S100003,00102,00500,TISSUE TYPING TECH.
174,S100003,00103,00100,OTHER
174,S100003,00103,00300,OTHER
174,S100003,00103,00500,OTHER
174,S200000,00100,00100,N
174,S200000,00200,00100,N
174,S200000,00300,00100,N
174,S200000,00400,00100,Y
174,S200000,00400,00200,A
174,S200000,00400,00300,05/15/2020
174,S200000,00500,00100,N
174,S200000,00600,00300,PRESIDENT CEO
174,S200000,00700,00100,NEVADA DONOR NETWORK INC
176,A000000,00100,00000,0100CAPITAL COSTS-BLDG & FIXT
176,A000000,00200,00000,0200CAPITAL COSTS-MVBLE EQUIPMENT
176,A000000,00300,00000,0300EMPLOYEE BENEFITS
176,A000000,00400,00000,0400ADMINISTRATIVE & GENERAL
176,A000000,00500,00000,0500OPERATION AND MAINTENANCE OF PLANT
176,A000000,00600,00000,0600HOUSEKEEPING
176,A000000,00700,00000,0700MEDICAL SUPPLIES
176,A000000,00800,00000,0800OTHER OVERHEAD
176,A000000,00900,00000,0900PROCUREMENT COORDINATORS
176,A000000,01000,00000,1000PROFESSIONAL EDUCATION
176,A000000,01100,00000,1100PUBLIC EDUCATION
176,A000000,01200,00000,1200OTHER ACQUISITION
176,A000000,01300,00000,1300KIDNEY ACQUISITIONS
176,A000000,01400,00000,1400TISSUE TYPING LABORATORY
176,A000000,01500,00000,1500LIVER ACQUISITIONS
176,A000000,01600,00000,1600HEART ACQUISITIONS
176,A000000,01700,00000,1700PANCREAS ACQUISITIONS
176,A000000,01800,00000,1800LUNG ACQUISITIONS
176,A000000,01900,00000,1900OTHER ACQUISITIONS
176,A000000,02100,00000,2100RESEARCH
176,A000000,02200,00000,2200BLOOD BANK
176,A000000,02300,00000,2300LABORATORY-NON-TISSUE TYPING
176,A000000,02400,00000,2400DIALYSIS UNITS
176,A000000,02500,00000,2500OTHER NON-REIMBURSABLE
176,A300000,00600,00000,LAB SUPPLIES
176,A300000,00700,00000,TRAVEL & MEETINGS
176,A300000,00800,00000,PURCHASED SERVICES
176,A300000,00900,00000,OTHER EXPENSE
176,A300000,01000,00000,RELATED PARTY OVERHEAD BILLINGS
176,A300000,01001,00000,PURCHASED SERVICES
176,A300000,01002,00000,MEDICAL DIRECTOR
176,A300000,01003,00000,BAD DEBT
176,A300000,01004,00000,OFFICE SUPPLIES
176,A300000,01005,00000,FREIGHT
176,A500010,01500,00000,BAD DEBT
176,A500010,01500,00100,A
176,A500010,01500,00300,TISSUE TYPING LABORATORY
176,A51000A,00100,00100,Y
176,A51000B,00100,00200,TISSUE TYPING LABORATORY
176,A51000B,00100,00300,SANFROD BISMARCK
176,A51000C,00100,00100,C
176,A51000C,00100,00200,SANFORD BISMARCK
176,A51000C,00100,00400,SANFORD HEALTH
176,B10000*,00100,00200,CAP BLDG
176,B10000*,00100,00300,CAP COSTS
176,B10000*,00100,00400,EMPLOYEE
176,B10000*,00100,00500,MEDICAL
176,B10000*,00100,00800,ORGAN
176,B10000*,00100,01000,ADMIN &
176,B10000*,00200,00200,OP PLANT &
176,B10000*,00200,00300,MOVABLE
176,B10000*,00200,00400,BENEFITS
176,B10000*,00200,00500,SUPPLIES
176,B10000*,00200,00800,ACQUISITN
176,B10000*,00200,01000,GENERAL
176,B10000*,00300,00200,HOUSEKEEP
176,B10000*,00300,00300,EQUIPMENT
176,B10000*,00300,00800,COSTS
176,B10000*,00400,00200,SQUARE
176,B10000*,00400,00300,DOLLAR
176,B10000*,00400,00400,ADJUST
176,B10000*,00400,00500,COSTED
176,B10000*,00400,00800,NUMBER
176,B10000*,00400,01000,ACCUM
176,B10000*,00500,00200,FEET
176,B10000*,00500,00300,VALUE
176,B10000*,00500,00400,SALARIES
176,B10000*,00500,00500,REQUISIT
176,B10000*,00500,00800,ORGANS
176,B10000*,00500,01000,COSTS
176,B10000*,00600,00200,1
176,B10000*,00600,00300,2
176,B10000*,00600,00400,3
176,B10000*,00600,00500,3
176,B10000*,00600,00800,3
176,B10000*,00600,01000,3
176,B100000,00000,01000,X
176,S000000,00100,00100,X
176,S000000,00400,00100,2
176,S000000,00500,00100,08/19/2020
176,S000000,00600,00100,10001
176,S000000,00700,00100,N
176,S000000,00800,00100,N
176,S000000,00900,00100,11/18/2021
176,S000000,01000,00100,4
176,S000001,00100,00100,SANFORD WEST HISTOCOMPABILITY LAB
176,S000001,00100,00200,35HL01
176,S000001,00101,00100,300 NORTH 7TH STREET
176,S000001,00102,00100,BISMARCK
176,S000001,00102,00200,ND
176,S000001,00102,00300,58501
176,S000001,00200,00100,SANFORD WEST HISTOCOMPABILITY LAB
176,S000001,00200,00200,35HL01
176,S000001,00201,00100,300 NORTH 7TH STREET
176,S000001,00202,00100,BISMARCK
176,S000001,00202,00200,ND
176,S000001,00202,00300,58501
176,S000001,00300,00100,01/01/2019
176,S000001,00300,00200,12/31/2019
176,S000001,00400,00100,6
176,S000001,00400,00300,2
176,S000001,00400,00400,01/01/1990
176,S000001,00401,00300,1
176,S000002,00100,00200,Y
176,S000002,00300,00100,VICE PRESIDENT  FINANCE
176,S000002,00400,00100,08/17/2020
176,S100001,00700,00100,N
176,S100001,00810,00000,OTHER
176,S100002,00400,00100,ABO ANTI-A TITER
176,S100002,00401,00100,A  B  C TYPING (MOLECULAR)
176,S100002,00402,00100,DR  DQ TYPING (MOLECULAR)
176,S100002,00403,00100,DP TYPING (MOLECULAR)
176,S100002,00404,00100,DQA1 TYPING (MOLECULAR)
176,S100002,00405,00100,AUTO  AHG
176,S100002,00406,00100,ALLO  AHG
176,S100002,00407,00100,AUTO B
176,S100002,00408,00100,ALLO B
176,S100002,00409,00100,FLOW CYTOMETRY- T & B CELL
176,S100002,00410,00100,SINGLE AG CLASS I LUMINEX
176,S100002,00411,00100,SINGLE AG CLASS II LUMINEX
176,S100003,00100,00100,MEDICAL DIRECTOR
176,S100003,00100,00300,MEDICAL DIRECTOR
176,S100003,00100,00500,LAB DIRECTOR
176,S100003,00101,00100,EXEC. DIRECTOR
176,S100003,00101,00300,PROCUREMENT COORDINATOR
176,S100003,00101,00500,TECHNICIANS
176,S100003,00102,00100,CLERICAL
176,S100003,00102,00300,PRESERVATION TECHNICIANS
176,S100003,00102,00500,TISSUE TYPING TECH.
176,S100003,00103,00100,OTHER
176,S100003,00103,00300,OTHER
176,S100003,00103,00500,OTHER
176,S200000,00100,00100,N
176,S200000,00200,00100,N
176,S200000,00300,00100,Y
176,S200000,00400,00100,N
176,S200000,00500,00100,N
176,S200000,00600,00300,REIMBURSEMENT MANAGER
176,S200000,00700,00100,SANFORD BISMARCK
177,A000000,00100,00000,0100CAPITAL COSTS-BLDG & FIXT
177,A000000,00200,00000,0200CAPITAL COSTS-MVBLE EQUIPMENT
177,A000000,00300,00000,0300EMPLOYEE BENEFITS
177,A000000,00400,00000,0400ADMINISTRATIVE & GENERAL
177,A000000,00500,00000,0500OPERATION AND MAINTENANCE OF PLANT
177,A000000,00600,00000,0600HOUSEKEEPING
177,A000000,00700,00000,0700MEDICAL SUPPLIES
177,A000000,00800,00000,0800OTHER OVERHEAD
177,A000000,00900,00000,0900PROCUREMENT COORDINATORS
177,A000000,01000,00000,1000PROFESSIONAL EDUCATION
177,A000000,01100,00000,1100PUBLIC EDUCATION
177,A000000,01200,00000,1200OTHER ACQUISITION
177,A000000,01300,00000,1300KIDNEY ACQUISITIONS
177,A000000,01400,00000,1400TISSUE TYPING LABORATORY
177,A000000,01500,00000,1500LIVER ACQUISITIONS
177,A000000,01600,00000,1600HEART ACQUISITIONS
177,A000000,01700,00000,1700PANCREAS ACQUISITIONS
177,A000000,01800,00000,1800LUNG ACQUISITIONS
177,A000000,01900,00000,1900OTHER ACQUISITIONS
177,A000000,02100,00000,2100RESEARCH
177,A000000,02200,00000,2200BLOOD BANK
177,A000000,02300,00000,2300LABORATORY-NON-TISSUE TYPING
177,A000000,02400,00000,2400DIALYSIS UNITS
177,A000000,02500,00000,2500OTHER NON-REIMBURSABLE
177,A300000,00600,00000,FREIGHT
177,A300000,00700,00000,PURCHASED SERVICE
177,A500010,01600,00000,OTHER OPERATING REVENUE
177,A500010,01600,00100,B
177,A500010,01600,00300,ADMINISTRATIVE & GENERAL
177,A51000A,00100,00100,Y
177,A51000B,00100,00200,ADMINISTRATIVE & GENERAL
177,A51000B,00100,00300,ADMINISTRATIVE
177,A51000C,00100,00100,B
177,A51000C,00100,00400,SANFORD
177,A51000C,00100,00600,HOME OFFICE
177,A60000C,00500,00100,N
177,B10000*,00100,00200,CAP BLDG
177,B10000*,00100,00300,CAP COSTS
177,B10000*,00100,00400,EMPLOYEE
177,B10000*,00100,00500,MEDICAL
177,B10000*,00100,00800,ORGAN
177,B10000*,00100,01000,ADMIN &
177,B10000*,00200,00200,OP PLANT &
177,B10000*,00200,00300,MOVABLE
177,B10000*,00200,00400,BENEFITS
177,B10000*,00200,00500,SUPPLIES
177,B10000*,00200,00800,ACQUISITN
177,B10000*,00200,01000,GENERAL
177,B10000*,00300,00200,HOUSEKEEP
177,B10000*,00300,00300,EQUIPMENT
177,B10000*,00300,00800,COSTS
177,B10000*,00400,00200,SQUARE
177,B10000*,00400,00300,DOLLAR
177,B10000*,00400,00400,ADJUST
177,B10000*,00400,00500,COSTED
177,B10000*,00400,00800,NUMBER
177,B10000*,00400,01000,ACCUM
177,B10000*,00500,00200,FEET
177,B10000*,00500,00300,VALUE
177,B10000*,00500,00400,SALARIES
177,B10000*,00500,00500,REQUISIT
177,B10000*,00500,00800,ORGANS
177,B10000*,00500,01000,COSTS
177,B10000*,00600,00200,1
177,B10000*,00600,00300,2
177,B10000*,00600,00400,3
177,B10000*,00600,00500,3
177,B10000*,00600,00800,3
177,B10000*,00600,01000,3
177,B100000,00000,01000,X
177,E000000,00900,00000,OTHER CURRENT ASSETS
177,E000000,02600,00000,OTHER FIXED ASSETS
177,E200000,02000,00000,OTHER OPERATING REVENUE
177,E200000,02100,00000,GAIN/LOSS ON SALE OF FIXED ASSETS
177,S000000,00100,00100,X
177,S000000,00400,00100,2
177,S000000,00500,00100,08/21/2020
177,S000000,00600,00100,10001
177,S000000,00700,00100,N
177,S000000,00800,00100,N
177,S000000,00900,00100,11/18/2021
177,S000000,01000,00100,4
177,S000001,00100,00100,SANFORD HISTOCOMPATABILITY LAB
177,S000001,00100,00200,35HL02
177,S000001,00101,00100,737 BROADWAY
177,S000001,00102,00100,FARGO
177,S000001,00102,00200,ND
177,S000001,00102,00300,58122
177,S000001,00300,00100,01/01/2019
177,S000001,00300,00200,12/31/2019
177,S000001,00400,00100,6
177,S000001,00400,00300,2
177,S000001,00400,00400,11/27/2000
177,S000001,00401,00300,1
177,S000002,00100,00200,Y
177,S000002,00300,00100,VICE PRESIDENT  FINANCE
177,S000002,00400,00100,08/20/2020
177,S100001,00700,00100,N
177,S100001,00810,00000,OTHER
177,S100002,00400,00100,HLA B27 TYPING
177,S100002,00401,00100,HLA-A B C TYPING
177,S100002,00402,00100,HLA-A B C TYPING DNA
177,S100002,00403,00100,HLA-DR/DQ TYPING
177,S100002,00404,00100,HLA-DR/DQ TYPING DNA
177,S100002,00405,00100,SINGLE ALLELE TEST
177,S100002,00406,00100,LYMPHOCTYOTOXIC CROSSMATCH
177,S100002,00407,00100,FLOW CROSSMATCH
177,S100002,00408,00100,SINGLE ANTIGEN CLASS 1
177,S100002,00409,00100,SINGLE ANTIGEN CLASS II
177,S100003,00100,00100,MEDICAL DIRECTOR
177,S100003,00100,00300,MEDICAL DIRECTOR
177,S100003,00100,00500,LAB DIRECTOR
177,S100003,00101,00100,EXEC. DIRECTOR
177,S100003,00101,00300,PROCUREMENT COORDINATOR
177,S100003,00101,00500,TECHNICIANS
177,S100003,00102,00100,CLERICAL
177,S100003,00102,00300,PRESERVATION TECHNICIANS
177,S100003,00102,00500,TISSUE TYPING TECH.
177,S100003,00103,00100,OTHER
177,S100003,00103,00300,OTHER
177,S100003,00103,00500,OTHER
177,S200000,00100,00100,N
177,S200000,00200,00100,N
177,S200000,00300,00100,Y
177,S200000,00400,00100,Y
177,S200000,00400,00200,A
177,S200000,00500,00100,N
177,S200000,00600,00300,DIRECTOR OF REIMBURSEMENT
177,S200000,00700,00100,SANFORD
182,A000000,00100,00000,0100CAPITAL COSTS-BLDG & FIXT
182,A000000,00200,00000,0200CAPITAL COSTS-MVBLE EQUIPMENT
182,A000000,00300,00000,0300EMPLOYEE BENEFITS
182,A000000,00400,00000,0400ADMINISTRATIVE & GENERAL
182,A000000,00500,00000,0500OPERATION AND MAINTENANCE OF PLANT
182,A000000,00600,00000,0600HOUSEKEEPING
182,A000000,00700,00000,0700MEDICAL SUPPLIES
182,A000000,00800,00000,0800OTHER OVERHEAD
182,A000000,00900,00000,0900PROCUREMENT COORDINATORS
182,A000000,01000,00000,1000PROFESSIONAL EDUCATION
182,A000000,01100,00000,1100PUBLIC EDUCATION
182,A000000,01300,00000,1300KIDNEY ACQUISITIONS
182,A000000,01400,00000,1400TISSUE TYPING LABORATORY
182,A000000,01500,00000,1500LIVER ACQUISITIONS
182,A000000,01600,00000,1600HEART ACQUISITIONS
182,A000000,01700,00000,1700PANCREAS ACQUISITIONS
182,A000000,01800,00000,1800LUNG ACQUISITIONS
182,A000000,01900,00000,1900OTHER ACQUISITIONS
182,A000000,02100,00000,2100RESEARCH
182,A000000,02200,00000,2200BLOOD BANK
182,A000000,02300,00000,2300LABORATORY-NON-TISSUE TYPING
182,A000000,02400,00000,2400DIALYSIS UNITS
182,A100000,01700,00000,LICENSES AND FEES
182,A100000,01800,00000,INDIRECT COSTS
182,A300000,00600,00000,REAGENTS AND LAB SUPPLIES
182,A300000,00700,00000,NON-CAPITAL EQUIPMENT
182,A500010,01500,00000,TEST INCOME
182,A500010,01500,00100,B
182,A500010,01500,00300,TISSUE TYPING LABORATORY
182,A500010,01600,00000,OVERHEAD ADJUSTMENT PER PRIOR YEAR
182,A500010,01600,00100,A
182,A500010,01600,00300,ADMINISTRATIVE & GENERAL
182,A51000A,00100,00100,N
182,A60000C,00500,00100,N
182,B10000*,00100,00200,CAP BLDG
182,B10000*,00100,00300,CAP COSTS
182,B10000*,00100,00400,EMPLOYEE
182,B10000*,00100,00500,MEDICAL
182,B10000*,00100,00800,ORGAN
182,B10000*,00100,01000,ADMIN &
182,B10000*,00200,00200,OP PLANT &
182,B10000*,00200,00300,MOVABLE
182,B10000*,00200,00400,BENEFITS
182,B10000*,00200,00500,SUPPLIES
182,B10000*,00200,00800,ACQUISITN
182,B10000*,00200,01000,GENERAL
182,B10000*,00300,00200,HOUSEKEEP
182,B10000*,00300,00300,EQUIPMENT
182,B10000*,00300,00800,COSTS
182,B10000*,00400,00200,SQUARE
182,B10000*,00400,00300,DOLLAR
182,B10000*,00400,00400,ADJUST
182,B10000*,00400,00500,COSTED
182,B10000*,00400,00800,NUMBER
182,B10000*,00400,01000,ACCUM
182,B10000*,00500,00200,FEET
182,B10000*,00500,00300,VALUE
182,B10000*,00500,00400,SALARIES
182,B10000*,00500,00500,REQUISIT
182,B10000*,00500,00800,ORGANS
182,B10000*,00500,01000,COSTS
182,B10000*,00600,00200,1
182,B10000*,00600,00300,2
182,B10000*,00600,00400,3
182,B10000*,00600,00500,3
182,B10000*,00600,00800,3
182,B10000*,00600,01000,3
182,B100000,00000,01000,X
182,E000000,00900,00000,OTHER CURRENT ASSETS
182,E000000,02600,00000,OTHER FIXED ASSETS
182,S000000,00100,00100,X
182,S000000,00400,00100,2
182,S000000,00500,00100,06/02/2020
182,S000000,00600,00100,10001
182,S000000,00700,00100,N
182,S000000,00800,00100,N
182,S000000,00900,00100,11/22/2021
182,S000000,01000,00100,4
182,S000001,00100,00100,ALBANY MED COLLEGE TRANSPLANT IMMUN
182,S000001,00100,00200,33HL05
182,S000001,00101,00100,47 NEW SCOTLAND AVENUE
182,S000001,00101,00200,MAIL CODE 122
182,S000001,00102,00100,ALBANY
182,S000001,00102,00200,NY
182,S000001,00102,00300,12208
182,S000001,00300,00100,01/01/2019
182,S000001,00300,00200,12/31/2019
182,S000001,00400,00100,6
182,S000001,00400,00300,2
182,S000001,00400,00400,02/26/1986
182,S000001,00401,00300,1
182,S100001,00700,00100,N
182,S100001,00810,00000,OTHER
182,S100002,00400,00100,LUMINEX CLASS I&II AB SCREEN
182,S100002,00401,00100,LUMINEX SINGLE AG CLASS I AB ID
182,S100002,00402,00100,LUMINEX SINGLE AG CLASS II AB ID
182,S100002,00403,00100,B-CELL X-MATCH  RELATED 1ST
182,S100002,00404,00100,B-CELL X-MATCH  RELATED  ADD
182,S100002,00405,00100,B-CELL X-MATCH  CADAVER 1ST
182,S100002,00406,00100,T-CELL X-MATCH  RELATED  1ST XM
182,S100002,00407,00100,T-CELL X-MATCH  RELATED  ADD
182,S100002,00408,00100,T-CELL X-MATCH  CADAVER  1ST
182,S100002,00409,00100,FLOW X-MATCH  DECEASED
182,S100002,00410,00100,FLOW X-MATCH  LIVING DONOR
182,S100002,00411,00100,FLOW X-MATCH  LIVING DONOR  ADD SER
182,S100002,00412,00100,FLOW X-MATCH  DECEASED  ADD SERA
182,S100002,00413,00100,HLA TYPING  NODE  CADAVER DONOR
182,S100002,00414,00100,DR TYPING  NODE  CADAVER DONOR
182,S100002,00415,00100,CAD DONOR HLA TYPING  BLOOD
182,S100002,00416,00100,CAD DONOR DR TYPING  BLOOD
182,S100002,00417,00100,DNA CAD DONOR HLA-A B C DR DQ
182,S100002,00418,00100,DNA LIVE DONOR HLA-A B C DR DQ
182,S100002,00419,00100,DNA PATIENT HLA-A B C DR DQ
182,S100003,00100,00100,MEDICAL DIRECTOR
182,S100003,00100,00300,MEDICAL DIRECTOR
182,S100003,00100,00500,LAB DIRECTOR
182,S100003,00101,00100,EXEC. DIRECTOR
182,S100003,00101,00300,PROCUREMENT COORDINATOR
182,S100003,00101,00500,TECHNICIANS
182,S100003,00102,00100,CLERICAL
182,S100003,00102,00300,PRESERVATION TECHNICIANS
182,S100003,00102,00500,TISSUE TYPING TECH.
182,S100003,00103,00100,OTHER
182,S100003,00103,00300,OTHER
182,S100003,00103,00500,OTHER
182,S200000,00100,00100,N
182,S200000,00200,00100,N
182,S200000,00300,00100,N
182,S200000,00400,00100,Y
182,S200000,00400,00200,A
182,S200000,00500,00100,N
182,S200000,00600,00300,LAB DIRECTOR
182,S200000,00700,00100,ALBANY MEDICAL COLLEGE
183,A000000,00100,00000,0100CAPITAL COSTS-BLDG & FIXT
183,A000000,00200,00000,0200CAPITAL COSTS-MVBLE EQUIPMENT
183,A000000,00300,00000,0300EMPLOYEE BENEFITS
183,A000000,00400,00000,0400ADMINISTRATIVE & GENERAL
183,A000000,00500,00000,0500OPERATION AND MAINTENANCE OF PLANT
183,A000000,00600,00000,0600HOUSEKEEPING
183,A000000,00700,00000,0700MEDICAL SUPPLIES
183,A000000,00800,00000,0800OTHER OVERHEAD
183,A000000,00900,00000,0900PROCUREMENT COORDINATORS
183,A000000,01000,00000,1000PROFESSIONAL EDUCATION
183,A000000,01100,00000,1100PUBLIC EDUCATION
183,A000000,01300,00000,1300KIDNEY ACQUISITIONS
183,A000000,01400,00000,1400TISSUE TYPING LABORATORY
183,A000000,01500,00000,1500LIVER ACQUISITIONS
183,A000000,01600,00000,1600HEART ACQUISITIONS
183,A000000,01700,00000,1700PANCREAS ACQUISITIONS
183,A000000,01800,00000,1800LUNG ACQUISITIONS
183,A000000,01900,00000,1900CLUSTER            (WKST A2 6 L 23
183,A000000,01901,00000,1901SMALL INTESTINE  S 2
183,A000000,02100,00000,2100RESEARCH
183,A000000,02200,00000,2200BLOOD BANK
183,A000000,02300,00000,2300LABORATORY-NON-TISSUE TYPING
183,A000000,02400,00000,2400DIALYSIS UNITS
183,A000000,02500,00000,250025
183,A100000,01700,00000,INFORMATION SYSTEMS PROFESSIONALS
183,A100000,01800,00000,POSTAGE & SHIPPING
183,A100000,01900,00000,RECRUITING
183,A100000,01901,00000,DUES & SUBSCRIPTIONS
183,A100000,01902,00000,MILEAGE REIMBURSEMENT
183,A100000,01903,00000,AUTO LEASE & EXPENSE
183,A100000,01904,00000,OTHER
183,A100000,01905,00000,SMALL EQUIP & FURNITURE
183,A100000,01906,00000,TEMPORARY HELP
183,A100000,01907,00000,PENSION ADJUSTMENT
183,A20H000,02100,00000,MEDICAL SUPPLIES IN OFFICE / TXC
183,A20H000,02101,00000,PROVIDER AUDIT FEES
183,A20H000,02102,00000,COST REPORT ADJUSTED TRANSPORTATION
183,A20K000,02100,00000,MEDICAL SUPPLIES IN OFFICE / TXC
183,A20K000,02101,00000,PROVIDER AUDIT FEES
183,A20K000,02102,00000,COST REPORT ADJUSTED TRANSPORTATION
183,A20L000,02100,00000,MEDICAL SUPPLIES IN OFFICE / TXC
183,A20L000,02101,00000,PROVIDER AUDIT FEES
183,A20L000,02102,00000,COST REPORT ADJUSTED TRANSPORTATION
183,A20O000,02100,00000,MEDICAL SUPPLIES IN OFFICE / TXC
183,A20O000,02101,00000,PROVIDER AUDIT FEES
183,A20O000,02102,00000,COST REPORT ADJUSTED TRANSPORTATION
183,A20O001,02100,00000,MEDICAL SUPPLIES IN OFFICE/ TXC
183,A20O001,02101,00000,PROVIDER AUDIT FEES
183,A20O002,02100,00000,COST REPORT ADJUSTED SURGEON FEE
183,A20O002,02101,00000,COST REPORT ADJUSTED TRANSPORTATION
183,A20O003,02100,00000,COST REPORT ADJUSTED SURGEON FEE
183,A20O003,02101,00000,COST REPORT ADJUSTED TRANSPORTATION
183,A20P000,02100,00000,MEDICAL SUPPLIES IN OFFICE / TXC
183,A20P000,02101,00000,PROVIDER AUDIT FEES
183,A20P000,02102,00000,COST REPORT ADJUSTED TRANSPORTATION
183,A20U000,02100,00000,MEDICAL SUPPLIES IN OFFICE / TXC
183,A20U000,02101,00000,PROVIDER AUDIT FEES
183,A20U000,02102,00000,COST REPORT ADJUSTED TRANSPORTATION
183,A500010,00500,00100,B
183,A500010,00500,00300,PROCUREMENT COORDINATORS
183,A500010,01500,00000,15   CTS AGREEMENT
183,A500010,01500,00100,B
183,A500010,01500,00300,PUBLIC EDUCATION
183,A500010,01501,00000,NON REIMB SURGEON FEE
183,A500010,01501,00100,B
183,A500010,01501,00300,KIDNEY ACQUISITIONS
183,A500010,01600,00000,NON-REIMB ADMIN & GEN (LOBBYING COST
183,A500010,01600,00100,B
183,A500010,01600,00300,ADMINISTRATIVE & GENERAL
183,A500010,01601,00000,NON-REIMB - TXC
183,A500010,01601,00100,B
183,A500010,01601,00300,PROCUREMENT COORDINATORS
183,A500010,01602,00000,NON- REIMB ADMIN & GEN
183,A500010,01602,00100,B
183,A500010,01602,00300,ADMINISTRATIVE & GENERAL
183,A500010,01603,00000,NON-REIMB - PUBLIC EDUC
183,A500010,01603,00100,B
183,A500010,01603,00300,PUBLIC EDUCATION
183,A51000A,00100,00100,N
183,A60000C,00500,00100,N
183,B10000*,00100,00200,CAP BLDG
183,B10000*,00100,00300,CAP COSTS
183,B10000*,00100,00400,EMPLOYEE
183,B10000*,00100,00500,MEDICAL
183,B10000*,00100,00800,ORGAN
183,B10000*,00100,01000,ADMIN &
183,B10000*,00200,00200,OP PLANT &
183,B10000*,00200,00300,MOVABLE
183,B10000*,00200,00400,BENEFITS
183,B10000*,00200,00500,SUPPLIES
183,B10000*,00200,00800,ACQUISITN
183,B10000*,00200,01000,GENERAL
183,B10000*,00300,00200,HOUSEKEEP
183,B10000*,00300,00300,EQUIPMENT
183,B10000*,00300,00800,COSTS
183,B10000*,00400,00200,SQUARE
183,B10000*,00400,00300,DOLLAR
183,B10000*,00400,00400,ADJUST
183,B10000*,00400,00500,COSTED
183,B10000*,00400,00800,NUMBER
183,B10000*,00400,01000,ACCUM
183,B10000*,00500,00200,FEET
183,B10000*,00500,00300,VALUE
183,B10000*,00500,00400,SALARIES
183,B10000*,00500,00500,REQUISIT
183,B10000*,00500,00800,ORGANS
183,B10000*,00500,01000,COSTS
183,B10000*,00600,00200,1
183,B10000*,00600,00300,2
183,B10000*,00600,00400,3
183,B10000*,00600,00500,3
183,B10000*,00600,00800,3
183,B10000*,00600,01000,3
183,B100000,00000,01000,X
183,E000000,00900,00000,OTHER CURRENT ASSETS
183,E000000,02600,00000,OTHER FIXED ASSETS
183,E100001,00700,00000,TISSUE CONSENT  RESEARCH  HEART VAL
183,E100001,00800,00000,PROFESSIONAL SEMINAR FEES
183,E200000,02000,00000,2017 COST REPORT ADJUSTMENT
183,E200000,02100,00000,2018 COST REPORT ADJUSTMENT
183,S000000,00100,00100,X
183,S000000,00400,00100,2
183,S000000,00500,00100,05/20/2020
183,S000000,00600,00100,10001
183,S000000,00700,00100,N
183,S000000,00800,00100,N
183,S000000,00900,00100,11/22/2021
183,S000000,01000,00100,4
183,S000001,00100,00100,LIFE CONNECTION OF OHIO
183,S000001,00100,00200,36P001
183,S000001,00101,00100,3661 BRIARFIELD BLVD  STE 105
183,S000001,00102,00100,MAUMEE
183,S000001,00102,00200,OH
183,S000001,00102,00300,43537
183,S000001,00300,00100,01/01/2019
183,S000001,00300,00200,12/31/2019
183,S000001,00400,00100,8
183,S000001,00400,00300,1
183,S000001,00400,00400,10/01/1978
183,S000001,00401,00300,1
183,S100001,00700,00100,N
183,S100001,00810,00000,TISSUE CONSENT FEE
183,S100001,00811,00000,RESEARCH
183,S100001,00812,00000,HEART VALVES
183,S100001,00813,00000,CLUSTER
183,S100001,00814,00000,SM. INTESTINE
183,S100001,00815,00000,AORTA
183,S100003,00100,00100,MEDICAL DIRECTOR
183,S100003,00100,00300,MEDICAL DIRECTOR
183,S100003,00100,00500,LAB DIRECTOR
183,S100003,00101,00100,EXEC. DIRECTOR
183,S100003,00101,00300,PROCUREMENT COORDINATOR
183,S100003,00101,00500,TECHNICIANS
183,S100003,00102,00100,OTHER
183,S100003,00102,00300,OTHER
183,S100003,00102,00500,OTHER
183,S100003,00103,00100,OTHER
183,S100003,00103,00300,OTHER
183,S100003,00103,00500,OTHER
183,S200000,00100,00100,N
183,S200000,00200,00100,N
183,S200000,00300,00100,N
183,S200000,00400,00100,Y
183,S200000,00400,00200,A
183,S200000,00400,00300,03/31/2020
183,S200000,00500,00100,N
183,S200000,00600,00300,DIR. OF FINANCE
183,S200000,00700,00100,LIFE CONNECTION OF OHIO
184,A000000,00100,00000,0100CAPITAL COSTS-BLDG & FIXT
184,A000000,00200,00000,0200CAPITAL COSTS-MVBLE EQUIPMENT
184,A000000,00300,00000,0300EMPLOYEE BENEFITS
184,A000000,00400,00000,0400ADMINISTRATIVE & GENERAL
184,A000000,00500,00000,0500OPERATION AND MAINTENANCE OF PLANT
184,A000000,00600,00000,0600HOUSEKEEPING
184,A000000,00700,00000,0700MEDICAL SUPPLIES
184,A000000,00800,00000,0800OTHER OVERHEAD
184,A000000,00900,00000,0900PROCUREMENT COORDINATORS
184,A000000,01000,00000,1000PROFESSIONAL EDUCATION
184,A000000,01100,00000,1100PUBLIC EDUCATION
184,A000000,01200,00000,120012    BEREAVEMENT SVCS
184,A000000,01201,00000,120112.01 CMFE SVCS
184,A000000,01202,00000,120212.02 QUALITY SYSTEMS
184,A000000,01203,00000,120312.03 REFERRAL SVCS
184,A000000,01204,00000,120412.04 ORGAN PRESERVATION SERVICES
184,A000000,01205,00000,120512.05 CLINICAL SUPPORT SERVICE
184,A000000,01300,00000,1300KIDNEY ACQUISITIONS
184,A000000,01400,00000,1400TISSUE TYPING LABORATORY
184,A000000,01500,00000,1500LIVER ACQUISITIONS
184,A000000,01600,00000,1600HEART ACQUISITIONS
184,A000000,01700,00000,1700PANCREAS ACQUISITIONS
184,A000000,01800,00000,1800LUNG ACQUISITIONS
184,A000000,01900,00000,1900INTESTINE        S
184,A000000,01901,00000,1901VCA              S 2
184,A000000,02100,00000,2100RESEARCH
184,A000000,02200,00000,2200BLOOD BANK
184,A000000,02300,00000,2300LABORATORY-NON-TISSUE TYPING
184,A000000,02400,00000,2400DIALYSIS UNITS
184,A000000,02500,00000,250025    TISSUE SVCS
184,A000000,02501,00000,250125.01 DEVELOPMENT
184,A20H000,02100,00000,OTHER CHARGES
184,A20K000,02100,00000,OTHER CHARGES
184,A20L000,02100,00000,OTHER CHARGES
184,A20O000,02100,00000,OTHER CHARGES
184,A20O001,02100,00000,OTHER CHARGES
184,A20P000,02100,00000,OTHER CHARGES
184,A20U000,02100,00000,OTHER CHARGES
184,A400010,00100,00000,ALLOCATION OF ORGAN ACQ. OVERHEAD
184,A400010,00100,00100,A
184,A400010,00100,00200,25    TISSUE SVCS
184,A400010,00100,00500,PROCUREMENT COORDINATORS
184,A400010,00200,00000,ALLOCATION OF ORGAN ACQ. OVERHEAD
184,A400010,00200,00100,A
184,A400010,00200,00200,25    TISSUE SVCS
184,A400010,00200,00500,PROFESSIONAL EDUCATION
184,A400010,00300,00000,ALLOCATION OF ORGAN ACQ. OVERHEAD
184,A400010,00300,00100,A
184,A400010,00300,00200,25    TISSUE SVCS
184,A400010,00300,00500,PUBLIC EDUCATION
184,A400010,00400,00000,ALLOCATION OF ORGAN ACQ. OVERHEAD
184,A400010,00400,00100,A
184,A400010,00400,00200,25    TISSUE SVCS
184,A400010,00400,00500,12    BEREAVEMENT SVCS
184,A400010,00500,00000,ALLOCATION OF ORGAN ACQ. OVERHEAD
184,A400010,00500,00100,A
184,A400010,00500,00200,25    TISSUE SVCS
184,A400010,00500,00500,12.01 CMFE SVCS
184,A400010,00600,00000,ALLOCATION OF ORGAN ACQ. OVERHEAD
184,A400010,00600,00100,A
184,A400010,00600,00200,25    TISSUE SVCS
184,A400010,00600,00500,12.02 QUALITY SYSTEMS
184,A400010,00700,00000,ALLOCATION OF ORGAN ACQ. OVERHEAD
184,A400010,00700,00100,A
184,A400010,00700,00200,25    TISSUE SVCS
184,A400010,00700,00500,12.03 REFERRAL SVCS
184,A400010,00800,00000,ALLOCATION OF ORGAN ACQ. OVERHEAD
184,A400010,00800,00100,A
184,A400010,00800,00200,25    TISSUE SVCS
184,A400010,00800,00500,12.04 ORGAN PRESERVATION SERVICES
184,A400010,00900,00000,ALLOCATION OF ORGAN ACQ. OVERHEAD
184,A400010,00900,00100,A
184,A400010,00900,00200,25    TISSUE SVCS
184,A400010,00900,00500,12.05 CLINICAL SUPPORT SERVICE
184,A400010,01000,00000,ALLOCATION OF BUILDING OVERHEAD
184,A400010,01000,00100,B
184,A400010,01000,00200,PROCUREMENT COORDINATORS
184,A400010,01000,00500,ADMINISTRATIVE & GENERAL
184,A400010,01100,00000,ALLOCATION OF BUILDING OVERHEAD
184,A400010,01100,00100,B
184,A400010,01100,00200,PROFESSIONAL EDUCATION
184,A400010,01100,00500,ADMINISTRATIVE & GENERAL
184,A400010,01200,00000,ALLOCATION OF BUILDING OVERHEAD
184,A400010,01200,00100,B
184,A400010,01200,00200,PUBLIC EDUCATION
184,A400010,01200,00500,ADMINISTRATIVE & GENERAL
184,A400010,01300,00000,ALLOCATION OF BUILDING OVERHEAD
184,A400010,01300,00100,B
184,A400010,01300,00200,12    BEREAVEMENT SVCS
184,A400010,01300,00500,ADMINISTRATIVE & GENERAL
184,A400010,01400,00000,ALLOCATION OF BUILDING OVERHEAD
184,A400010,01400,00100,B
184,A400010,01400,00200,12.01 CMFE SVCS
184,A400010,01400,00500,ADMINISTRATIVE & GENERAL
184,A400010,01500,00000,ALLOCATION OF BUILDING OVERHEAD
184,A400010,01500,00100,B
184,A400010,01500,00200,12.02 QUALITY SYSTEMS
184,A400010,01500,00500,ADMINISTRATIVE & GENERAL
184,A400010,01600,00000,ALLOCATION OF BUILDING OVERHEAD
184,A400010,01600,00100,B
184,A400010,01600,00200,12.03 REFERRAL SVCS
184,A400010,01600,00500,ADMINISTRATIVE & GENERAL
184,A400010,01700,00000,ALLOCATION OF BUILDING OVERHEAD
184,A400010,01700,00100,B
184,A400010,01700,00200,12.04 ORGAN PRESERVATION SERVICES
184,A400010,01700,00500,ADMINISTRATIVE & GENERAL
184,A400010,01800,00000,ALLOCATION OF BUILDING OVERHEAD
184,A400010,01800,00100,B
184,A400010,01800,00200,12.05 CLINICAL SUPPORT SERVICE
184,A400010,01800,00500,ADMINISTRATIVE & GENERAL
184,A400010,01900,00000,ALLOCATION OF BUILDING OVERHEAD
184,A400010,01900,00100,B
184,A400010,01900,00200,25    TISSUE SVCS
184,A400010,01900,00500,ADMINISTRATIVE & GENERAL
184,A400010,02000,00000,ALLOCATION OF BUILDING OVERHEAD
184,A400010,02000,00100,B
184,A400010,02000,00200,25.01 DEVELOPMENT
184,A400010,02000,00500,ADMINISTRATIVE & GENERAL
184,A500010,00700,00100,A
184,A500010,00700,00300,ADMINISTRATIVE & GENERAL
184,A500010,01200,00100,A
184,A500010,01200,00300,ADMINISTRATIVE & GENERAL
184,A500010,01500,00000,REFERRAL SERVICES REVENUE
184,A500010,01500,00100,A
184,A500010,01500,00300,12.03 REFERRAL SVCS
184,A500010,01600,00000,LOBBYING EXPENSES
184,A500010,01600,00100,A
184,A500010,01600,00300,ADMINISTRATIVE & GENERAL
184,A500010,01601,00000,NON ALLOWABLE EXPENSES
184,A500010,01601,00100,A
184,A500010,01601,00300,ADMINISTRATIVE & GENERAL
184,A500010,01602,00000,SPONSORSHIPS
184,A500010,01602,00100,A
184,A500010,01602,00300,ADMINISTRATIVE & GENERAL
184,A500010,01603,00000,PROFESSIONAL SERVICES-REINHARDT
184,A500010,01603,00100,A
184,A500010,01603,00300,PROFESSIONAL EDUCATION
184,A51000A,00100,00100,N
184,A60000A,00700,00000,7    BUILDING IMPROVEMENTS
184,A60000A,00701,00000,7.01 SOFTWARE
184,A60000A,00702,00000,7.02 FURNITURE
184,A60000A,00703,00000,7.03 DEFERRED FINANCING
184,A60000B,00800,00000,8    SOFTWARE
184,A60000B,00801,00000,8.01 FURNITURE
184,A60000B,00802,00000,8.02 DEFERRED FINANCING
184,A60000C,00500,00100,N
184,B10000*,00100,00200,CAP BLDG
184,B10000*,00100,00300,CAP COSTS
184,B10000*,00100,00400,EMPLOYEE
184,B10000*,00100,00500,MEDICAL
184,B10000*,00100,00800,ORGAN
184,B10000*,00100,01000,ADMIN &
184,B10000*,00200,00200,OP PLANT &
184,B10000*,00200,00300,MOVABLE
184,B10000*,00200,00400,BENEFITS
184,B10000*,00200,00500,SUPPLIES
184,B10000*,00200,00800,ACQUISITN
184,B10000*,00200,01000,GENERAL
184,B10000*,00300,00200,HOUSEKEEP
184,B10000*,00300,00300,EQUIPMENT
184,B10000*,00300,00800,COSTS
184,B10000*,00400,00200,SQUARE
184,B10000*,00400,00300,DOLLAR
184,B10000*,00400,00400,ADJUST
184,B10000*,00400,00500,COSTED
184,B10000*,00400,00800,NUMBER
184,B10000*,00400,01000,ACCUM
184,B10000*,00500,00200,FEET
184,B10000*,00500,00300,VALUE
184,B10000*,00500,00400,SALARIES
184,B10000*,00500,00500,REQUISIT
184,B10000*,00500,00800,ORGANS
184,B10000*,00500,01000,COSTS
184,B10000*,00600,00200,1
184,B10000*,00600,00300,2
184,B10000*,00600,00400,3
184,B10000*,00600,00500,3
184,B10000*,00600,00800,3
184,B10000*,00600,01000,3
184,B100000,00000,01000,X
184,E000000,00900,00000,OTHER CURRENT ASSETS
184,E000000,02600,00000,OTHER FIXED ASSETS
184,E000000,04600,00000,46 CHANGE IN VALUE INTEREST SWAP
184,S000000,00100,00100,X
184,S000000,00400,00100,2
184,S000000,00500,00100,05/29/2020
184,S000000,00600,00100,10001
184,S000000,00700,00100,N
184,S000000,00800,00100,N
184,S000000,00900,00100,11/22/2021
184,S000000,01000,00100,4
184,S000001,00100,00100,LIFEBANC
184,S000001,00100,00200,36P002
184,S000001,00101,00100,4775 RICHMOND RD
184,S000001,00102,00100,CLEVELAND
184,S000001,00102,00200,OH
184,S000001,00102,00300,44128
184,S000001,00300,00100,01/01/2019
184,S000001,00300,00200,12/31/2019
184,S000001,00400,00100,6
184,S000001,00400,00300,1
184,S000001,00400,00400,08/01/1986
184,S000001,00401,00300,1
184,S100001,00700,00100,N
184,S100001,00810,00000,INTESTINE
184,S100001,00811,00000,VCA
184,S100001,00812,00000,OTHER
184,S100003,00100,00100,MEDICAL DIRECTOR
184,S100003,00100,00300,MEDICAL DIRECTOR
184,S100003,00100,00500,LAB DIRECTOR
184,S100003,00101,00100,EXEC. DIRECTOR
184,S100003,00101,00300,PROCUREMENT COORDINATOR
184,S100003,00101,00500,TECHNICIANS
184,S100003,00102,00100,OTHER
184,S100003,00102,00300,OTHER
184,S100003,00102,00500,OTHER
184,S100003,00103,00100,OTHER
184,S100003,00103,00300,OTHER
184,S100003,00103,00500,OTHER
184,S200000,00100,00100,N
184,S200000,00200,00100,N
184,S200000,00300,00100,N
184,S200000,00400,00100,Y
184,S200000,00400,00200,A
184,S200000,00500,00100,N
184,S200000,00600,00300,DIRECTOR OF FIN
184,S200000,00700,00100,LIFEBANC
185,A000000,00100,00000,0100CAPITAL COSTS-BLDG & FIXT
185,A000000,00200,00000,0200CAPITAL COSTS-MVBLE EQUIPMENT
185,A000000,00300,00000,0300EMPLOYEE BENEFITS
185,A000000,00400,00000,0400ADMINISTRATIVE & GENERAL
185,A000000,00500,00000,0500OPERATION AND MAINTENANCE OF PLANT
185,A000000,00600,00000,0600HOUSEKEEPING
185,A000000,00700,00000,0700MEDICAL SUPPLIES
185,A000000,00800,00000,0800OTHER OVERHEAD
185,A000000,00900,00000,0900PROCUREMENT COORDINATORS
185,A000000,01000,00000,1000PROFESSIONAL EDUCATION
185,A000000,01100,00000,1100PUBLIC EDUCATION
185,A000000,01200,00000,1200OTHER ACQUISITION
185,A000000,01300,00000,1300KIDNEY ACQUISITIONS
185,A000000,01400,00000,1400TISSUE TYPING LABORATORY
185,A000000,01500,00000,1500LIVER ACQUISITIONS
185,A000000,01600,00000,1600HEART ACQUISITIONS
185,A000000,01700,00000,1700PANCREAS ACQUISITIONS
185,A000000,01800,00000,1800LUNG ACQUISITIONS
185,A000000,01900,00000,1900SMALL BOWELS
185,A000000,01901,00000,1901ISLETT CELLS
185,A000000,01902,00000,1902HEART VALVE ACQUISITIONS
185,A000000,01903,00000,1903HEART/LUNG ACQUISITIONS
185,A000000,02100,00000,2100RESEARCH
185,A000000,02200,00000,2200BLOOD BANK
185,A000000,02300,00000,2300LABORATORY-NON-TISSUE TYPING
185,A000000,02400,00000,2400DIALYSIS UNITS
185,A000000,02500,00000,2500TISSUE RECOVERY
185,A000000,02501,00000,2501RECOVERY FACILITY - LOWRY
185,A000000,02502,00000,2502FOUNDATION
185,A000000,02503,00000,2503SPRUCE PROPERTY MANAGEMENT
185,A100000,01700,00000,EMPLOYEE BENEFITS
185,A100000,01800,00000,PAYROLL TAXES
185,A100000,01900,00000,HIRING EXPENSE
185,A100000,01901,00000,REPAIRS / MAINTENANCE / LEASES
185,A100000,01902,00000,TEMPORARY SERVICES
185,A100000,01903,00000,DEPRECIATION
185,A100000,01904,00000,DUES & SUBSCRIPTIONS
185,A100000,01905,00000,CONSULTING FEES
185,A100000,01906,00000,UTILITIES
185,A100000,01907,00000,CONTRACT LABOR
185,A100000,01908,00000,GRANTMAKING
185,A20H000,02100,00000,OTHER COSTS
185,A20H000,02101,00000,RADIOLOGY
185,A20H000,02102,00000,CARDIOLOGY
185,A20K000,02100,00000,OTHER COSTS
185,A20K000,02101,00000,RADIOLOGY
185,A20K000,02102,00000,CARDIOLOGY
185,A20L000,00900,00000,OTHER EXCISION HOSPITAL COSTS
185,A20L000,02100,00000,OTHER COSTS
185,A20L000,02101,00000,RADIOLOGY
185,A20L000,02102,00000,CARDIOLOGY
185,A20O000,02100,00000,OTHER COSTS
185,A20O000,02101,00000,RADIOLOGY
185,A20O000,02102,00000,CARDIOLOGY
185,A20P000,00900,00000,OTHER EXCISION HOSPITAL COSTS
185,A20P000,02100,00000,OTHER COSTS
185,A20P000,02101,00000,RADIOLOGY
185,A20P000,02102,00000,CARDIOLOGY
185,A20U000,02100,00000,OTHER COSTS
185,A20U000,02101,00000,RADIOLOGY
185,A20U000,02102,00000,CARDIOLOGY
185,A400010,00100,00000,RECOVERY CENTER
185,A400010,00100,00100,A
185,A400010,00100,00200,TISSUE RECOVERY
185,A400010,00100,00500,RECOVERY FACILITY - LOWRY
185,A400010,00200,00000,RECOVERY CENTER
185,A400010,00200,00100,A
185,A400010,00200,00200,PROCUREMENT COORDINATORS
185,A400010,00300,00000,RECOVERY CENTER
185,A400010,00300,00100,A
185,A400010,00300,00200,ADMINISTRATIVE & GENERAL
185,A400010,00400,00000,REPAIRS
185,A400010,00400,00100,C
185,A400010,00400,00200,OPERATION AND MAINTENANCE OF PLANT
185,A400010,00400,00500,ADMINISTRATIVE & GENERAL
185,A400010,00500,00000,REPAIRS
185,A400010,00500,00100,C
185,A400010,00500,00500,PROCUREMENT COORDINATORS
185,A400010,00600,00000,REPAIRS
185,A400010,00600,00100,C
185,A400010,00600,00500,PROFESSIONAL EDUCATION
185,A400010,00700,00000,REPAIRS
185,A400010,00700,00100,C
185,A400010,00700,00500,TISSUE RECOVERY
185,A400010,00800,00000,CAPITAL COSTS
185,A400010,00800,00100,D
185,A400010,00800,00200,CAPITAL COSTS-BLDG & FIXT
185,A400010,00800,00500,ADMINISTRATIVE & GENERAL
185,A400010,00900,00000,CAPITAL COSTS
185,A400010,00900,00100,D
185,A400010,00900,00200,CAPITAL COSTS-MVBLE EQUIPMENT
185,A400010,00900,00500,PROCUREMENT COORDINATORS
185,A400010,01000,00000,CAPITAL COSTS
185,A400010,01000,00100,D
185,A400010,01000,00500,TISSUE RECOVERY
185,A400010,01100,00000,CAPITAL COSTS
185,A400010,01100,00100,D
185,A400010,01100,00500,RECOVERY FACILITY - LOWRY
185,A400010,01200,00000,PROCUREMENT COORDINATOR ADMIN
185,A400010,01200,00100,G
185,A400010,01200,00200,PROCUREMENT COORDINATORS
185,A400010,01200,00500,ADMINISTRATIVE & GENERAL
185,A400010,01300,00000,SALE & USE TAX
185,A400010,01300,00100,H
185,A400010,01300,00200,PROCUREMENT COORDINATORS
185,A400010,01300,00500,ADMINISTRATIVE & GENERAL
185,A400010,01400,00000,SALE & USE TAX
185,A400010,01400,00100,H
185,A400010,01400,00200,TISSUE RECOVERY
185,A400010,01500,00000,TISSUE RECOVERY OVERHEAD
185,A400010,01500,00100,I
185,A400010,01500,00200,TISSUE RECOVERY
185,A400010,01500,00500,PROCUREMENT COORDINATORS
185,A400010,01600,00000,TISSUE RECOVERY OVERHEAD
185,A400010,01600,00100,I
185,A400010,01600,00500,PROFESSIONAL EDUCATION
185,A400010,01700,00000,TISSUE RECOVERY OVERHEAD
185,A400010,01700,00100,I
185,A400010,01700,00500,PUBLIC EDUCATION
185,A400010,01800,00000,200 SPRUCE COST
185,A400010,01800,00100,J
185,A400010,01800,00200,CAPITAL COSTS-BLDG & FIXT
185,A400010,01800,00500,SPRUCE PROPERTY MANAGEMENT
185,A500010,00800,00100,B
185,A500010,00800,00300,PROCUREMENT COORDINATORS
185,A500010,01200,00100,B
185,A500010,01200,00300,SPRUCE PROPERTY MANAGEMENT
185,A500010,01500,00000,STAFF EXPENSE
185,A500010,01500,00100,A
185,A500010,01500,00300,ADMINISTRATIVE & GENERAL
185,A500010,01501,00000,CONTRIBUTION EXPENSE
185,A500010,01501,00100,A
185,A500010,01501,00300,ADMINISTRATIVE & GENERAL
185,A500010,01502,00000,NON REIMB. MEDICARE COSTS
185,A500010,01502,00100,A
185,A500010,01502,00300,ADMINISTRATIVE & GENERAL
185,A500010,01503,00000,LOBBYING EXPENSE
185,A500010,01503,00100,A
185,A500010,01503,00300,ADMINISTRATIVE & GENERAL
185,A500010,01504,00000,LOBBYING EXPENSE - AOPO
185,A500010,01504,00100,A
185,A500010,01504,00300,ADMINISTRATIVE & GENERAL
185,A500010,01505,00000,NON REIMB. MEDICARE COSTS
185,A500010,01505,00100,A
185,A500010,01505,00300,PROCUREMENT COORDINATORS
185,A500010,01506,00000,NON REIMB. MEDICARE COSTS
185,A500010,01506,00100,A
185,A500010,01506,00300,PROFESSIONAL EDUCATION
185,A500010,01507,00000,NON REIMB. MEDICARE COSTS
185,A500010,01507,00100,A
185,A500010,01507,00300,PUBLIC EDUCATION
185,A500010,01508,00000,NON REIMB. MEDICARE COSTS
185,A500010,01508,00100,A
185,A500010,01508,00300,TISSUE RECOVERY
185,A500010,01509,00000,SPONSORSHIPS
185,A500010,01509,00100,A
185,A500010,01509,00300,PUBLIC EDUCATION
185,A500010,01510,00000,DONOR DASH EXPENSES
185,A500010,01510,00100,A
185,A500010,01510,00300,PUBLIC EDUCATION
185,A500010,01511,00000,OFFSET DLO; TRANSPLANTE SCIENCE EXP
185,A500010,01511,00100,A
185,A500010,01511,00300,PUBLIC EDUCATION
185,A500010,01512,00000,MISC INCOME
185,A500010,01512,00100,B
185,A500010,01512,00300,ADMINISTRATIVE & GENERAL
185,A500010,01513,00000,RELATED PARTY COST ADJUSTMENT
185,A500010,01513,00100,A
185,A500010,01513,00300,CAPITAL COSTS-BLDG & FIXT
185,A500010,01514,00000,RELATED PARTY COST ADJUSTMENT
185,A500010,01514,00100,A
185,A500010,01514,00300,SPRUCE PROPERTY MANAGEMENT
185,A500010,01600,00000,OFFSET LIVING DONOR EXCHANGE PROGRAM
185,A500010,01600,00100,B
185,A500010,01600,00300,PROCUREMENT COORDINATORS
185,A51000A,00100,00100,N
185,A60000A,00700,00000,LEASEHOLD IMPROVEMENTS
185,A60000B,00800,00000,LEASEHOLD IMPROVEMENTS
185,A60000C,00500,00100,N
185,B10000*,00100,00200,CAP BLDG
185,B10000*,00100,00300,CAP COSTS
185,B10000*,00100,00400,EMPLOYEE
185,B10000*,00100,00500,MEDICAL
185,B10000*,00100,00800,ORGAN
185,B10000*,00100,01000,ADMIN &
185,B10000*,00200,00200,OP PLANT &
185,B10000*,00200,00300,MOVABLE
185,B10000*,00200,00400,BENEFITS
185,B10000*,00200,00500,SUPPLIES
185,B10000*,00200,00800,ACQUISITN
185,B10000*,00200,01000,GENERAL
185,B10000*,00300,00200,HOUSEKEEP
185,B10000*,00300,00300,EQUIPMENT
185,B10000*,00300,00800,COSTS
185,B10000*,00400,00200,SQUARE
185,B10000*,00400,00300,SQUARE
185,B10000*,00400,00400,ADJUST
185,B10000*,00400,00500,COSTED
185,B10000*,00400,00800,NUMBER
185,B10000*,00400,01000,ACCUM
185,B10000*,00500,00200,FEET
185,B10000*,00500,00300,FEET
185,B10000*,00500,00400,SALARIES
185,B10000*,00500,00500,REQUISIT
185,B10000*,00500,00800,ORGANS
185,B10000*,00500,01000,COSTS
185,B10000*,00600,00200,1
185,B10000*,00600,00300,2
185,B10000*,00600,00400,3
185,B10000*,00600,00500,3
185,B10000*,00600,00800,3
185,B10000*,00600,01000,3
185,B100000,00000,01000,X
185,E000000,00900,00000,OTHER CURRENT ASSETS
185,E000000,02600,00000,OTHER FIXED ASSETS
185,E000000,03100,00000,INTEREST IN NET ASSETS OF AFFILIATES
185,E000000,03900,00000,OTHER LIABILITIES
185,E000000,04100,00000,ACCRUED RENT
185,E100001,00700,00000,TISSURE RECOVERY FEES
185,E200000,01500,00000,CAM INCOME
185,E200000,01600,00000,CHANGE IN NET ASSETS OF AFFILIATE
185,E200000,01900,00000,REVENUE RECOGNITION ADJUSTMENT
185,E200000,02000,00000,OTHER INCOME
185,E200000,02100,00000,RESTR CONTRIBUTIONS ORGAN/TISSUE
185,E200000,02200,00000,LIVING DONOR EXCHANGE INCOME
185,E200000,02300,00000,ROUNDING
185,E200000,02600,00000,LOSS ON DISPOSAL OF ASSETS
185,S000000,00100,00100,X
185,S000000,00400,00100,2
185,S000000,00500,00100,05/28/2020
185,S000000,00600,00100,10001
185,S000000,00700,00100,N
185,S000000,00800,00100,N
185,S000000,00900,00100,12/01/2021
185,S000000,01000,00100,4
185,S000001,00100,00100,DONOR ALLIANCE
185,S000001,00100,00200,06P001
185,S000001,00101,00100,200 SPRUCE ST  SUITE 200
185,S000001,00102,00100,DENVER
185,S000001,00102,00200,CO
185,S000001,00102,00300,80230
185,S000001,00300,00100,01/01/2019
185,S000001,00300,00200,12/31/2019
185,S000001,00400,00100,6
185,S000001,00400,00300,1
185,S000001,00400,00400,11/07/1985
185,S000001,00401,00300,1
185,S100001,00700,00100,N
185,S100001,00810,00000,VERTEBRAE/CRDIO TISSUE
185,S100001,00811,00000,SMALL BOWEL
185,S100003,00100,00100,MEDICAL DIRECTOR
185,S100003,00100,00300,MEDICAL DIRECTOR
185,S100003,00100,00500,LAB DIRECTOR
185,S100003,00101,00100,EXEC. DIRECTOR
185,S100003,00101,00300,PROCUREMENT COORDINATOR
185,S100003,00101,00500,TECHNICIANS
185,S100003,00102,00100,CLERICAL
185,S100003,00102,00300,PRESERVATION TECHNICIANS
185,S100003,00102,00500,TISSUE TYPING TECH.
185,S100003,00103,00100,OTHER ADMIN
185,S100003,00103,00300,TISSUE EMPLOYEES
185,S100003,00103,00500,OTHER
185,S200000,00100,00100,N
185,S200000,00200,00100,N
185,S200000,00300,00100,N
185,S200000,00400,00100,Y
185,S200000,00400,00200,A
185,S200000,00400,00300,03/31/2020
185,S200000,00500,00100,N
185,S200000,00600,00300,CPA
185,S200000,00700,00100,PLANTE & MORAN  PLLC
186,A000000,00100,00000,0100CAPITAL COSTS-BLDG & FIXT
186,A000000,00200,00000,0200CAPITAL COSTS-MVBLE EQUIPMENT
186,A000000,00300,00000,0300EMPLOYEE BENEFITS
186,A000000,00400,00000,0400ADMINISTRATIVE & GENERAL
186,A000000,00500,00000,0500OPERATION AND MAINTENANCE OF PLANT
186,A000000,00600,00000,0600HOUSEKEEPING
186,A000000,00700,00000,0700MEDICAL SUPPLIES
186,A000000,00800,00000,0800OTHER OVERHEAD
186,A000000,00900,00000,0900PROCUREMENT COORDINATORS
186,A000000,01000,00000,1000PROFESSIONAL EDUCATION
186,A000000,01100,00000,1100PUBLIC EDUCATION
186,A000000,01300,00000,1300KIDNEY ACQUISITIONS
186,A000000,01400,00000,1400TISSUE TYPING LABORATORY
186,A000000,01500,00000,1500LIVER ACQUISITIONS
186,A000000,01600,00000,1600HEART ACQUISITIONS
186,A000000,01700,00000,1700PANCREAS ACQUISITIONS
186,A000000,01800,00000,1800LUNG ACQUISITIONS
186,A000000,01900,00000,1900SMALL BOWEL      S
186,A000000,02100,00000,2100RESEARCH
186,A000000,02200,00000,2200BLOOD BANK
186,A000000,02300,00000,2300LABORATORY-NON-TISSUE TYPING
186,A000000,02400,00000,2400DIALYSIS UNITS
186,A000000,02500,00000,2500OTHER NON-REIMBURSABLE
186,A100000,01700,00000,CONTRACT SVC
186,A100000,01800,00000,OTHER
186,A100000,01900,00000,NONALLOWABLE
186,A20H000,00901,00000,CARDIOLOGY
186,A20H000,00902,00000,RADIOLOGY
186,A20H000,00903,00000,MEDICAL SUPPLIES SPECIFIC
186,A20H000,00904,00000,OTHER LAB FEES
186,A20H000,02100,00000,OTHER ACQUISITION FEE
186,A20K000,00901,00000,CARDIOLOGY
186,A20K000,00902,00000,RADIOLOGY
186,A20K000,00903,00000,MEDICAL SUPPLIES SPECIFIC
186,A20K000,00904,00000,OTHER LAB FEES
186,A20K000,02100,00000,OTHER ACQUISITION FEE
186,A20L000,00901,00000,CARDIOLOGY
186,A20L000,00902,00000,RADIOLOGY
186,A20L000,00903,00000,MEDICAL SUPPLIES SPECIFIC
186,A20L000,00904,00000,OTHER LAB FEES
186,A20L000,02100,00000,OTHER ACQUISITION FEE
186,A20O000,00900,00000,CARDIOLOGY
186,A20O000,00901,00000,RADIOLOGY
186,A20O000,00902,00000,MEDICAL SUPPLIES SPECIFIC
186,A20O000,00903,00000,OTHER LAB FEES
186,A20O000,02100,00000,OTHER ACQUISITION FEE
186,A20O001,00900,00000,CARDIOLOGY
186,A20O001,00901,00000,RADIOLOGY
186,A20O001,00902,00000,MEDICAL SUPPLIES SPECIFIC
186,A20O001,00903,00000,OTHER LAB FEES
186,A20O001,02100,00000,OTHER ACQUISITION FEE
186,A20P000,00900,00000,CARDIOLOGY
186,A20P000,00901,00000,RADIOLOGY
186,A20P000,00902,00000,MEDICAL SUPPLIES SPECIFIC
186,A20P000,00903,00000,OTHER LAB FEES
186,A20P000,02100,00000,OTHER ACQUISITION FEE
186,A20U000,00901,00000,CARDIOLOGY
186,A20U000,00902,00000,RADIOLOGY
186,A20U000,00903,00000,MEDICAL SUPPLIES SPECIFIC
186,A20U000,00904,00000,OTHER LAB FEES
186,A20U000,02100,00000,OTHER ACQUISITION FEE
186,A400010,00100,00000,EXCISION COST
186,A400010,00100,00100,A
186,A400010,00100,00200,LIVER ACQUISITIONS
186,A400010,00100,00500,KIDNEY ACQUISITIONS
186,A400010,00200,00000,EXCISION COST
186,A400010,00200,00100,A
186,A400010,00200,00200,HEART ACQUISITIONS
186,A400010,00200,00500,KIDNEY ACQUISITIONS
186,A400010,00300,00000,EXCISION COST
186,A400010,00300,00100,A
186,A400010,00300,00200,PANCREAS ACQUISITIONS
186,A400010,00300,00500,KIDNEY ACQUISITIONS
186,A400010,00400,00000,EXCISION COST
186,A400010,00400,00100,A
186,A400010,00400,00200,LUNG ACQUISITIONS
186,A400010,00400,00500,KIDNEY ACQUISITIONS
186,A400010,00500,00000,EXCISION COST
186,A400010,00500,00100,B
186,A400010,00500,00200,OTHER NON-REIMBURSABLE
186,A400010,00500,00500,PROCUREMENT COORDINATORS
186,A500010,01500,00000,BLE EXPENSES
186,A500010,01500,00100,A
186,A500010,01500,00300,ADMINISTRATIVE & GENERAL
186,A500010,01600,00000,SURGEON FEE LIVER
186,A500010,01600,00100,A
186,A500010,01600,00300,LIVER ACQUISITIONS
186,A500010,01601,00000,SURGEON FEE HEART
186,A500010,01601,00100,A
186,A500010,01601,00300,HEART ACQUISITIONS
186,A500010,01602,00000,SURGEON FEE PANCREAS
186,A500010,01602,00100,A
186,A500010,01602,00300,PANCREAS ACQUISITIONS
186,A500010,01603,00000,SURGEON FEE LUNG
186,A500010,01603,00100,A
186,A500010,01603,00300,LUNG ACQUISITIONS
186,A500010,01604,00000,TRANSPORTATION LIVER
186,A500010,01604,00100,A
186,A500010,01604,00300,LIVER ACQUISITIONS
186,A500010,01605,00000,TRANSPORTATION HEART
186,A500010,01605,00100,A
186,A500010,01605,00300,HEART ACQUISITIONS
186,A500010,01606,00000,TRANSPORTATION PANCREAS
186,A500010,01606,00100,A
186,A500010,01606,00300,PANCREAS ACQUISITIONS
186,A500010,01607,00000,TRANSPORTATION LUNGS
186,A500010,01607,00100,A
186,A500010,01607,00300,LUNG ACQUISITIONS
186,A51000A,00100,00100,N
186,A60000B,00800,00000,FURNITURE & FIXTURES
186,A60000B,00801,00000,MEDICAL EQUIPMENT
186,A60000B,00802,00000,COMPUTER EQUIPMENT
186,A60000B,00803,00000,COMPUTER SOFTWARE
186,A60000B,00804,00000,LEASEHOLD IMPROVEMENTS
186,A60000B,00805,00000,BUILDING
186,A60000C,00500,00100,N
186,B10000*,00100,00200,CAP BLDG
186,B10000*,00100,00300,CAP COSTS
186,B10000*,00100,00400,EMPLOYEE
186,B10000*,00100,00500,MEDICAL
186,B10000*,00100,00800,ORGAN
186,B10000*,00100,01000,ADMIN &
186,B10000*,00200,00200,OP PLANT &
186,B10000*,00200,00300,MOVABLE
186,B10000*,00200,00400,BENEFITS
186,B10000*,00200,00500,SUPPLIES
186,B10000*,00200,00800,ACQUISITN
186,B10000*,00200,01000,GENERAL
186,B10000*,00300,00200,HOUSEKEEP
186,B10000*,00300,00300,EQUIPMENT
186,B10000*,00300,00800,COSTS
186,B10000*,00400,00200,SQUARE
186,B10000*,00400,00300,DOLLAR
186,B10000*,00400,00400,ADJUST
186,B10000*,00400,00500,COSTED
186,B10000*,00400,00800,NUMBER
186,B10000*,00400,01000,ACCUM
186,B10000*,00500,00200,FEET
186,B10000*,00500,00300,VALUE
186,B10000*,00500,00400,SALARIES
186,B10000*,00500,00500,REQUISIT
186,B10000*,00500,00800,ORGANS
186,B10000*,00500,01000,COSTS
186,B10000*,00600,00200,1
186,B10000*,00600,00300,2
186,B10000*,00600,00400,3
186,B10000*,00600,00500,3
186,B10000*,00600,00800,3
186,B10000*,00600,01000,3
186,B100000,00000,01000,X
186,E000000,00900,00000,OTHER CURRENT ASSETS
186,E000000,02600,00000,OTHER FIXED ASSETS
186,E100001,00900,00000,TISSUE REVENUE
186,S000000,00100,00100,X
186,S000000,00400,00100,2
186,S000000,00500,00100,05/29/2020
186,S000000,00600,00100,10001
186,S000000,00700,00100,N
186,S000000,00800,00100,N
186,S000000,00900,00100,12/01/2021
186,S000000,01000,00100,4
186,S000001,00100,00100,MISSISSIPPI ORGAN RECOVERY AGENCY
186,S000001,00100,00200,25P001
186,S000001,00101,00100,4400 LAKELAND DRIVE
186,S000001,00102,00100,FLOWOOD
186,S000001,00102,00200,MS
186,S000001,00102,00300,39232
186,S000001,00300,00100,01/01/2019
186,S000001,00300,00200,12/31/2019
186,S000001,00400,00100,8
186,S000001,00400,00300,1
186,S000001,00400,00400,07/01/1994
186,S000001,00401,00300,1
186,S100001,00700,00100,N
186,S100001,00810,00000,OTHER
186,S100002,00400,00100,1111111
186,S100003,00100,00100,MEDICAL DIRECTOR
186,S100003,00100,00300,MEDICAL DIRECTOR
186,S100003,00100,00500,LAB DIRECTOR
186,S100003,00101,00100,EXEC. DIRECTOR
186,S100003,00101,00300,PROCUREMENT COORDINATOR
186,S100003,00101,00500,TECHNICIANS
186,S100003,00102,00100,CLERICAL
186,S100003,00102,00300,PRESERVATION TECHNICIANS
186,S100003,00102,00500,TISSUE TYPING TECH.
186,S100003,00103,00100,OTHER
186,S100003,00103,00300,OTHER
186,S100003,00103,00500,OTHER
186,S200000,00100,00100,N
186,S200000,00200,00100,N
186,S200000,00300,00100,N
186,S200000,00400,00100,Y
186,S200000,00400,00200,R
186,S200000,00400,00300,06/05/2020
186,S200000,00500,00100,N
186,S200000,00600,00300,DIR OF FINANCE
186,S200000,00700,00100,MISSISSIPPI ORGAN RECOVERY AGENCY
187,A000000,00100,00000,0100CAPITAL COSTS-BLDG & FIXT
187,A000000,00200,00000,0200CAPITAL COSTS-MVBLE EQUIPMENT
187,A000000,00300,00000,0300EMPLOYEE BENEFITS
187,A000000,00400,00000,0400ADMINISTRATIVE & GENERAL
187,A000000,00500,00000,0500OPERATION AND MAINTENANCE OF PLANT
187,A000000,00600,00000,0600HOUSEKEEPING
187,A000000,00700,00000,0700MEDICAL SUPPLIES
187,A000000,00800,00000,0800OTHER OVERHEAD
187,A000000,00900,00000,0900PROCUREMENT COORDINATORS
187,A000000,01000,00000,1000PROFESSIONAL EDUCATION
187,A000000,01100,00000,1100PUBLIC EDUCATION
187,A000000,01300,00000,1300KIDNEY ACQUISITIONS
187,A000000,01400,00000,1400TISSUE TYPING LABORATORY
187,A000000,01500,00000,1500LIVER ACQUISITIONS
187,A000000,01600,00000,1600HEART ACQUISITIONS
187,A000000,01700,00000,1700PANCREAS ACQUISITIONS
187,A000000,01800,00000,1800LUNG ACQUISITIONS
187,A000000,01900,00000,1900OTHER ACQUISITIONS
187,A000000,02100,00000,2100RESEARCH
187,A000000,02200,00000,2200BLOOD BANK
187,A000000,02300,00000,2300LABORATORY-NON-TISSUE TYPING
187,A000000,02400,00000,2400DIALYSIS UNITS
187,A100000,01800,00000,SUPPORT SERVICES
187,A100000,01900,00000,SPECIMEN MANAGEMENT
187,A100000,01901,00000,CLIENT SERVICES
187,A100000,01902,00000,FACILITIES ADMIN
187,A100000,01903,00000,FACILITIES BLDG
187,A100000,01904,00000,LOGISTICS
187,A300000,00600,00000,REAGENTS AND SUPPLIES
187,A400010,00100,00000,SPECIALTY LAB BASE
187,A400010,00100,00100,A
187,A400010,00100,00200,TISSUE TYPING LABORATORY
187,A400010,00100,00500,LABORATORY-NON-TISSUE TYPING
187,A400010,00200,00000,WOODWARD BUILDING BASE
187,A400010,00200,00100,B
187,A400010,00200,00200,TISSUE TYPING LABORATORY
187,A400010,00200,00500,ADMINISTRATIVE & GENERAL
187,A400010,00300,00000,WOODWARD BUILDING BASE
187,A400010,00300,00100,B
187,A400010,00300,00200,LABORATORY-NON-TISSUE TYPING
187,A500010,00900,00100,A
187,A500010,00900,00300,ADMINISTRATIVE & GENERAL
187,A500010,01500,00000,GROSS RECEIPTS TAX - NMIL
187,A500010,01500,00100,A
187,A500010,01500,00300,TISSUE TYPING LABORATORY
187,A500010,01501,00000,GROSS RECEIPTS TAX OTHER LAB
187,A500010,01501,00100,A
187,A500010,01501,00300,LABORATORY-NON-TISSUE TYPING
187,A500010,01502,00000,MISCELLANEOUS INCOME
187,A500010,01502,00100,B
187,A500010,01502,00300,ADMINISTRATIVE & GENERAL
187,A500010,01503,00000,LOSS ON SALE OF ASSETS
187,A500010,01503,00100,A
187,A500010,01503,00300,LABORATORY-NON-TISSUE TYPING
187,A500010,01504,00000,COLLECTION EXPENSE
187,A500010,01504,00100,A
187,A500010,01504,00300,ADMINISTRATIVE & GENERAL
187,A500010,01600,00000,PROMOTIONAL EXPENSE
187,A500010,01600,00100,A
187,A500010,01600,00300,ADMINISTRATIVE & GENERAL
187,A500010,01601,00000,CONTRIBUTION EXPENSE
187,A500010,01601,00100,A
187,A500010,01601,00300,ADMINISTRATIVE & GENERAL
187,A500010,01602,00000,PENALTIES AND FINES
187,A500010,01602,00100,A
187,A500010,01602,00300,ADMINISTRATIVE & GENERAL
187,A500010,01603,00000,LOBBYING EXPENSE
187,A500010,01603,00100,A
187,A500010,01603,00300,ADMINISTRATIVE & GENERAL
187,A500010,01604,00000,MISCELLANEOUS EXPENSE
187,A500010,01604,00100,A
187,A500010,01604,00300,LABORATORY-NON-TISSUE TYPING
187,A500010,01605,00000,COMMUNITY SERVICE
187,A500010,01605,00100,A
187,A500010,01605,00300,ADMINISTRATIVE & GENERAL
187,A500010,01606,00000,LEASE INCOME
187,A500010,01606,00100,B
187,A500010,01606,00300,ADMINISTRATIVE & GENERAL
187,A500010,01607,00000,OTHER SERVICE INCOME
187,A500010,01607,00100,B
187,A500010,01607,00300,LABORATORY-NON-TISSUE TYPING
187,A51000A,00100,00100,N
187,A60000C,00500,00100,N
187,B10000*,00100,00200,CAP BLDG
187,B10000*,00100,00300,CAP COSTS
187,B10000*,00100,00400,EMPLOYEE
187,B10000*,00100,00500,MEDICAL
187,B10000*,00100,00800,ORGAN
187,B10000*,00100,01000,ADMIN &
187,B10000*,00200,00200,OP PLANT &
187,B10000*,00200,00300,MOVABLE
187,B10000*,00200,00400,BENEFITS
187,B10000*,00200,00500,SUPPLIES
187,B10000*,00200,00800,ACQUISITN
187,B10000*,00200,01000,GENERAL
187,B10000*,00300,00200,HOUSEKEEP
187,B10000*,00300,00300,EQUIPMENT
187,B10000*,00300,00800,COSTS
187,B10000*,00400,00200,SQUARE
187,B10000*,00400,00300,DOLLAR
187,B10000*,00400,00400,ADJUST
187,B10000*,00400,00500,COSTED
187,B10000*,00400,00800,NUMBER
187,B10000*,00400,01000,ACCUM
187,B10000*,00500,00200,FEET
187,B10000*,00500,00300,VALUE
187,B10000*,00500,00400,SALARIES
187,B10000*,00500,00500,REQUISIT
187,B10000*,00500,00800,ORGANS
187,B10000*,00500,01000,COSTS
187,B10000*,00600,00200,1
187,B10000*,00600,00300,2
187,B10000*,00600,00400,3
187,B10000*,00600,00500,3
187,B10000*,00600,00800,3
187,B10000*,00600,01000,3
187,B100000,00000,01000,X
187,E000000,00900,00000,OTHER CURRENT ASSETS
187,E000000,02600,00000,OTHER FIXED ASSETS
187,E200000,01900,00000,MISCELLANEOUS INCOME
187,E200000,02000,00000,GAIN ON SALE OF ASSETS
187,E200000,02100,00000,DUE FROM MEDICARE
187,S000000,00100,00100,X
187,S000000,00400,00100,2
187,S000000,00500,00100,06/01/2020
187,S000000,00600,00100,10001
187,S000000,00700,00100,N
187,S000000,00800,00100,N
187,S000000,00900,00100,12/01/2021
187,S000000,01000,00100,4
187,S000001,00100,00100,NEW MEXICO IMMUNOGENETICS LABORATOR
187,S000001,00100,00200,32HL01
187,S000001,00101,00100,1001 WOODWARD PLACE NE
187,S000001,00102,00100,ALBUQURQUE
187,S000001,00102,00200,NM
187,S000001,00102,00300,87102
187,S000001,00300,00100,01/01/2019
187,S000001,00300,00200,12/31/2019
187,S000001,00400,00100,2
187,S000001,00400,00300,2
187,S000001,00400,00400,01/01/2018
187,S000001,00401,00300,1
187,S100001,00700,00100,N
187,S100001,00810,00000,OTHER
187,S100002,00400,00100,PRA FOR SERUM PROCESSING - 94.68
187,S100002,00401,00100,PRA FOR SERUM PROCESSING - 69.24
187,S100002,00402,00100,PRA FOR SERUM PROCESSING - 40.00
187,S100002,00403,00100,HLA-ABDR CLASS I  II - 1090.00
187,S100002,00404,00100,CADAVERIC PRELIM XMATCH FLOW-675.32
187,S100002,00405,00100,PRELIMANRY/FLOW XMATCH FLOW- 808.58
187,S100002,00406,00100,AUTO CROSSMATCH BY FLOW- 811.21
187,S100002,00407,00100,CADAVERIC HLA TYPING BY DNA-2040.00
187,S100002,00408,00100,HLA PRETXP AB SCREEN - 215.00
187,S100002,00409,00100,LUMINEX SGL AG CL I - 465.00
187,S100002,00410,00100,LUMINEX SGL AG CL II - 425.00
187,S100002,00411,00100,CII SINGLE LOCUS - 340.00
187,S100002,00412,00100,PRELIM VIRTUAL XM - 603.92
187,S100002,00413,00100,FLOW CROSSMATCH STAT - 1014.09
187,S100003,00100,00100,MEDICAL DIRECTOR
187,S100003,00100,00300,MEDICAL DIRECTOR
187,S100003,00100,00500,LAB DIRECTOR
187,S100003,00101,00100,EXEC. DIRECTOR
187,S100003,00101,00300,PROCUREMENT COORDINATOR
187,S100003,00101,00500,TECHNICIANS
187,S100003,00102,00100,CLERICAL
187,S100003,00102,00300,PRESERVATION TECHNICIANS
187,S100003,00102,00500,TISSUE TYPING TECH.
187,S100003,00103,00100,OTHER
187,S100003,00103,00300,OTHER
187,S100003,00103,00500,OTHER
187,S200000,00100,00100,N
187,S200000,00200,00100,N
187,S200000,00300,00100,N
187,S200000,00400,00100,Y
187,S200000,00400,00200,A
187,S200000,00500,00100,N
187,S200000,00600,00300,ACCOUNTANT
187,S200000,00700,00100,TRIDORE REFERENCE LABS
188,A000000,00100,00000,0100CAPITAL COSTS-BLDG & FIXT
188,A000000,00200,00000,0200CAPITAL COSTS-MVBLE EQUIPMENT
188,A000000,00300,00000,0300EMPLOYEE BENEFITS
188,A000000,00400,00000,0400ADMINISTRATIVE & GENERAL
188,A000000,00500,00000,0500OPERATION AND MAINTENANCE OF PLANT
188,A000000,00600,00000,0600HOUSEKEEPING
188,A000000,00700,00000,0700MEDICAL SUPPLIES
188,A000000,00800,00000,0800OTHER OVERHEAD
188,A000000,00900,00000,0900PROCUREMENT COORDINATORS
188,A000000,01000,00000,1000PROFESSIONAL EDUCATION
188,A000000,01100,00000,1100PUBLIC EDUCATION
188,A000000,01200,00000,1200REFERRAL CENTER
188,A000000,01300,00000,1300KIDNEY ACQUISITIONS
188,A000000,01400,00000,1400TISSUE TYPING LABORATORY
188,A000000,01500,00000,1500LIVER ACQUISITIONS
188,A000000,01600,00000,1600HEART ACQUISITIONS
188,A000000,01700,00000,1700PANCREAS ACQUISITIONS
188,A000000,01800,00000,1800LUNG ACQUISITIONS
188,A000000,01900,00000,1900SMALL BOWEL
188,A000000,02100,00000,2100RESEARCH
188,A000000,02200,00000,2200BLOOD BANK
188,A000000,02300,00000,2300LABORATORY-NON-TISSUE TYPING
188,A000000,02400,00000,2400DIALYSIS UNITS
188,A000000,02500,00000,2500TISSUE
188,A000000,02501,00000,2501MEMORIAL
188,A100000,01700,00000,OTHER
188,A100000,01800,00000,NONREIMBURSEABLE
188,A100000,01900,00000,CONSULTING
188,A100000,01901,00000,PURCHASED SERVICES
188,A100000,01902,00000,DUES/SUBSCRIPTIONS
188,A20H000,00900,00000,OTHER HOSPITAL EXCISION COSTS
188,A20H000,00901,00000,DONOR HOSPITAL CHARGES ACCRUAL
188,A20H000,02100,00000,OTHER PROFESSIONAL FEES
188,A20K000,00900,00000,OTHER HOSPITAL EXCISION COSTS
188,A20K000,00901,00000,DONOR HOSPITAL CHARGES ACCRUAL
188,A20K000,02100,00000,OTHER PROFESSIONAL FEES
188,A20L000,00900,00000,OTHER HOSPITAL EXCISION COSTS
188,A20L000,00901,00000,DONOR HOSPITAL CHARGES ACCRUAL
188,A20L000,02100,00000,OTHER PROFESSIONAL FEES
188,A20P000,00900,00000,OTHER HOSPITAL EXCISION COSTS
188,A20P000,00901,00000,DONOR HOSPITAL CHARGES ACCRUAL
188,A20P000,02100,00000,OTHER PROFESSIONAL FEES
188,A20U000,00900,00000,OTHER HOSPITAL EXCISION COSTS
188,A20U000,00901,00000,DONOR HOSPITAL CHARGES ACCRUAL
188,A20U000,02100,00000,OTHER PROFESSIONAL FEES
188,A400010,00100,00000,RECLASSIFICATIONS
188,A400010,00100,00100,A
188,A400010,00100,00200,TISSUE
188,A400010,00100,00500,PROCUREMENT COORDINATORS
188,A400010,00200,00000,RECLASSIFICATIONS
188,A400010,00200,00100,A
188,A400010,00200,00200,TISSUE
188,A400010,00200,00500,PROFESSIONAL EDUCATION
188,A400010,00300,00000,RECLASSIFICATIONS
188,A400010,00300,00100,A
188,A400010,00300,00200,TISSUE
188,A400010,00300,00500,PUBLIC EDUCATION
188,A400010,00400,00000,RECLASSIFICATIONS
188,A400010,00400,00100,A
188,A400010,00400,00200,TISSUE
188,A400010,00400,00500,REFERRAL CENTER
188,A400010,00500,00000,EMPLOYEE BENEFITS
188,A400010,00500,00100,B
188,A400010,00500,00200,ADMINISTRATIVE & GENERAL
188,A400010,00500,00500,EMPLOYEE BENEFITS
188,A500010,00700,00100,B
188,A500010,00700,00300,CAPITAL COSTS-BLDG & FIXT
188,A500010,00800,00100,B
188,A500010,00800,00300,PROCUREMENT COORDINATORS
188,A500010,01500,00000,IMPORT REVENUE
188,A500010,01500,00100,B
188,A500010,01500,00300,PROCUREMENT COORDINATORS
188,A500010,01501,00000,OTHER ORGAN
188,A500010,01501,00100,B
188,A500010,01501,00300,PROCUREMENT COORDINATORS
188,A500010,01502,00000,LOBBYING
188,A500010,01502,00100,A
188,A500010,01502,00300,ADMINISTRATIVE & GENERAL
188,A500010,01503,00000,CALL CENTER FEES
188,A500010,01503,00100,B
188,A500010,01503,00300,REFERRAL CENTER
188,A500010,01600,00000,NONREIMBURSEABLE EXPENSES
188,A500010,01600,00100,A
188,A500010,01600,00300,ADMINISTRATIVE & GENERAL
188,A51000A,00100,00100,N
188,A60000A,00700,00000,PROJECTS IN PROGRESS
188,A60000C,00500,00100,N
188,B10000*,00100,00200,CAP BLDG
188,B10000*,00100,00300,CAP COSTS
188,B10000*,00100,00400,EMPLOYEE
188,B10000*,00100,00500,MEDICAL
188,B10000*,00100,00800,ORGAN
188,B10000*,00100,01000,ADMIN &
188,B10000*,00200,00200,OP PLANT &
188,B10000*,00200,00300,MOVABLE
188,B10000*,00200,00400,BENEFITS
188,B10000*,00200,00500,SUPPLIES
188,B10000*,00200,00800,ACQUISITN
188,B10000*,00200,01000,GENERAL
188,B10000*,00300,00200,HOUSEKEEP
188,B10000*,00300,00300,EQUIPMENT
188,B10000*,00300,00800,COSTS
188,B10000*,00400,00200,SQUARE
188,B10000*,00400,00300,DOLLAR
188,B10000*,00400,00400,ADJUST
188,B10000*,00400,00500,COSTED
188,B10000*,00400,00800,NUMBER
188,B10000*,00400,01000,ACCUM
188,B10000*,00500,00200,FEET
188,B10000*,00500,00300,VALUE
188,B10000*,00500,00400,SALARIES
188,B10000*,00500,00500,REQUISIT
188,B10000*,00500,00800,ORGANS
188,B10000*,00500,01000,COSTS
188,B10000*,00600,00200,1
188,B10000*,00600,00300,2
188,B10000*,00600,00400,3
188,B10000*,00600,00500,3
188,B10000*,00600,00800,3
188,B10000*,00600,01000,3
188,B100000,00000,01000,X
188,E000000,00900,00000,MEDICARE RECEIVABLE
188,E000000,02600,00000,PROJECTS IN PROGRESS
188,E000000,03100,00000,INVESTMENT IN SUPPORTING ORG
188,E100001,00700,00000,TISSUE REVENUE
188,E100001,00800,00000,RESEARCH REVENUE
188,E100001,00900,00000,MEDICARE RECEIVABLE EST 2019
188,E200000,02000,00000,LIFECENTER MEMORIAL
188,E200000,02100,00000,OTHER MISC INCOME
188,E200000,02200,00000,COMM CENTER INCOME
188,E200000,02300,00000,LEASE INCOME
188,S000000,00100,00100,X
188,S000000,00400,00100,2
188,S000000,00500,00100,05/29/2020
188,S000000,00600,00100,10001
188,S000000,00700,00100,N
188,S000000,00800,00100,N
188,S000000,00900,00100,12/01/2021
188,S000000,01000,00100,4
188,S000001,00100,00100,LIFECENTER ORGAN DONOR NETWORK
188,S000001,00100,00200,36P003
188,S000001,00101,00100,615 ELSINORE PLACE  SUITE 400
188,S000001,00102,00100,CINCINNATI
188,S000001,00102,00200,OH
188,S000001,00102,00300,45202
188,S000001,00300,00100,01/01/2019
188,S000001,00300,00200,12/31/2019
188,S000001,00400,00100,2
188,S000001,00400,00300,1
188,S000001,00400,00400,05/06/1983
188,S000001,00401,00100,6
188,S000001,00401,00300,1
188,S100001,00700,00100,N
188,S100001,00810,00000,OTHER
188,S100003,00100,00100,MEDICAL DIRECTOR
188,S100003,00100,00300,MEDICAL DIRECTOR
188,S100003,00100,00500,LAB DIRECTOR
188,S100003,00101,00100,EXEC. DIRECTOR
188,S100003,00101,00300,PROCUREMENT COORDINATOR
188,S100003,00101,00500,TECHNICIANS
188,S100003,00102,00100,CLERICAL
188,S100003,00102,00300,PRESERVATION TECHNICIANS
188,S100003,00102,00500,TISSUE TYPING TECH.
188,S100003,00103,00100,OTHER
188,S100003,00103,00300,OTHER
188,S100003,00103,00500,OTHER
188,S200000,00100,00100,N
188,S200000,00200,00100,N
188,S200000,00300,00100,N
188,S200000,00400,00100,Y
188,S200000,00400,00200,A
188,S200000,00500,00100,N
188,S200000,00600,00300,DIRECTOR OF FINANCE AND ADMIN
188,S200000,00700,00100,NETWORK FOR LIFE
190,A000000,00100,00000,0100CAPITAL COSTS-BLDG & FIXT
190,A000000,00200,00000,0200CAPITAL COSTS-MVBLE EQUIPMENT
190,A000000,00300,00000,0300EMPLOYEE BENEFITS
190,A000000,00400,00000,0400ADMINISTRATIVE & GENERAL
190,A000000,00500,00000,0500OPERATION AND MAINTENANCE OF PLANT
190,A000000,00600,00000,0600HOUSEKEEPING
190,A000000,00700,00000,0700MEDICAL SUPPLIES
190,A000000,00800,00000,0800OTHER OVERHEAD
190,A000000,00900,00000,0900PROCUREMENT COORDINATORS
190,A000000,01000,00000,1000PROFESSIONAL EDUCATION
190,A000000,01100,00000,1100PUBLIC EDUCATION
190,A000000,01200,00000,1200OTHER ACQUISITION
190,A000000,01300,00000,1300KIDNEY ACQUISITIONS
190,A000000,01400,00000,1400TISSUE TYPING LABORATORY
190,A000000,01500,00000,1500LIVER ACQUISITIONS
190,A000000,01600,00000,1600HEART ACQUISITIONS
190,A000000,01700,00000,1700PANCREAS ACQUISITIONS
190,A000000,01800,00000,1800LUNG ACQUISITIONS
190,A000000,01900,00000,1900OTHER ACQUISITIONS
190,A000000,02100,00000,2100RESEARCH
190,A000000,02200,00000,2200BLOOD BANK
190,A000000,02300,00000,2300LABORATORY-NON-TISSUE TYPING
190,A000000,02400,00000,2400DIALYSIS UNITS
190,A000000,02500,00000,2500OTHER NON-REIMBURSABLE
190,A100000,01700,00000,A&G OTHER
190,A300000,00600,00000,HLA MANAGERS
190,A300000,00700,00000,CLERICAL
190,A300000,00800,00000,ADMINISTRATIVE
190,A300000,00900,00000,MEDICAL SUPPLIES
190,A500010,01200,00100,A
190,A500010,01200,00300,CAPITAL COSTS-MVBLE EQUIPMENT
190,A500010,01500,00000,OTHER INCOME
190,A500010,01500,00100,B
190,A500010,01500,00300,TISSUE TYPING LABORATORY
190,A51000A,00100,00100,Y
190,A51000B,00100,00200,ADMINISTRATIVE & GENERAL
190,A51000B,00100,00300,MANAGEMENT SVCS
190,A51000C,00100,00000,HEALTHCARE ORGANIZATION
190,A51000C,00100,00100,G
190,A51000C,00100,00200,ALLOGEN LABORATORIES
190,A51000C,00100,00400,CLEVELAND CLINIC
190,A51000C,10000,00200,HEALTHCARE ORGANIZATION
190,A60000C,00500,00100,N
190,B10000*,00100,00200,CAP BLDG
190,B10000*,00100,00300,CAP COSTS
190,B10000*,00100,00400,EMPLOYEE
190,B10000*,00100,00500,MEDICAL
190,B10000*,00100,00800,ORGAN
190,B10000*,00100,01000,ADMIN &
190,B10000*,00200,00200,OP PLANT &
190,B10000*,00200,00300,MOVABLE
190,B10000*,00200,00400,BENEFITS
190,B10000*,00200,00500,SUPPLIES
190,B10000*,00200,00800,ACQUISITN
190,B10000*,00200,01000,GENERAL
190,B10000*,00300,00200,HOUSEKEEP
190,B10000*,00300,00300,EQUIPMENT
190,B10000*,00300,00800,COSTS
190,B10000*,00400,00200,SQUARE
190,B10000*,00400,00300,DOLLAR
190,B10000*,00400,00400,ADJUST
190,B10000*,00400,00500,COSTED
190,B10000*,00400,00800,NUMBER
190,B10000*,00400,01000,ACCUM
190,B10000*,00500,00200,FEET
190,B10000*,00500,00300,VALUE
190,B10000*,00500,00400,SALARIES
190,B10000*,00500,00500,REQUISIT
190,B10000*,00500,00800,ORGANS
190,B10000*,00500,01000,COSTS
190,B10000*,00600,00200,1
190,B10000*,00600,00300,2
190,B10000*,00600,00400,3
190,B10000*,00600,00500,3
190,B10000*,00600,00800,3
190,B10000*,00600,01000,3
190,B100000,00000,01000,X
190,E000000,00900,00000,OTHER CURRENT ASSETS
190,E000000,02600,00000,OTHER FIXED ASSETS
190,E200000,01500,00000,INTEREST INCOME
190,S000000,00100,00100,X
190,S000000,00400,00100,2
190,S000000,00500,00100,08/18/2020
190,S000000,00600,00100,10001
190,S000000,00700,00100,N
190,S000000,00800,00100,N
190,S000000,00900,00100,12/02/2021
190,S000000,01000,00100,4
190,S000001,00100,00100,CC MEDICAL SVC. INC. DBA ALLOGEN LAB
190,S000001,00100,00200,36HL07
190,S000001,00101,00100,105254 EUCLID AVENUE  C100
190,S000001,00102,00100,CLEVELAND
190,S000001,00102,00200,OH
190,S000001,00102,00300,44106
190,S000001,00300,00100,01/01/2019
190,S000001,00300,00200,12/31/2019
190,S000001,00400,00100,6
190,S000001,00400,00300,2
190,S000001,00400,00400,07/22/2011
190,S000001,00401,00300,1
190,S100001,00700,00100,N
190,S100001,00810,00000,OTHER
190,S100002,00400,00100,AB ID & VPRA - CLASS I LUMINEX
190,S100002,00401,00100,AB ID & VPRA ? CLASS I LUMINEX ? C1Q
190,S100002,00402,00100,AB ID & VPRA-CLASS II FLOW
190,S100002,00403,00100,AB ID & VPRA ? CLASS II LUMINEX ? C1
190,S100002,00404,00100,AB ID & VPRA-CLASS II LUMINEX
190,S100002,00405,00100,AB PRA FLOW
190,S100002,00406,00100,ABO TYPING (FULL)
190,S100002,00407,00100,CELLS PROCESSING AND STORAGE
190,S100002,00408,00100,HLA-A   B TYPING
190,S100002,00409,00100,HLA-A B TYPING-CONFIRMATORY
190,S100002,00410,00100,HLA-A B CW DR DQ DRB345 - RSSOP
190,S100002,00411,00100,HLA-A B CW DR DQ DRB345 DP-RSSOP-VER
190,S100002,00412,00100,HLA-A B CW DR DQ DRW TYPING - DECEAS
190,S100002,00413,00100,HLA-DR  DQ  DRW TYPING
190,S100002,00414,00100,SERUM PROCESSING AND STORAGE
190,S100002,00415,00100,SPECIMEN ACQUISITION-KIT-DAILY TESTI
190,S100002,00416,00100,SPECIMEN ACQUISITION-KIT-DECEASED DO
190,S100002,00417,00100,STAT/AFTER-HOURS REQUEST
190,S100002,00418,00100,XM B CYTOTOXIC ALLO
190,S100002,00419,00100,XM B CYTOXIC ALLO-DECEASED DONOR
190,S100002,00420,00100,XM T & B FLOW ALLO
190,S100002,00421,00100,XM T & B FLOW ALLO- ADDITIONAL SERUM
190,S100002,00422,00100,XM T & B FLOW ALLO- DECEASED DONOR-
190,S100002,00423,00100,XM T&B FLOW ALLO - DECEASED DONOR
190,S100002,00424,00100,XM T & B FLOW AUTO
190,S100002,00425,00100,XM T CYTOTOXIC ALLO
190,S100002,00426,00100,XM T CYTOTOXIC ALLO-DECEASED DONOR
190,S100002,00427,00100,XM T CYTOTOXIC AUTO
190,S100002,00428,00100,XM VIRTUAL-SINGLE INDIVIDUAL
190,S100002,00429,00100,AT1R ANTIBODY DETERMINATION (PER SAM
190,S100002,00430,00100,CLASS II LUMINEX PHENOTYPE BEADS
190,S100002,00431,00100,HLA-A B CW DR DQ DP - SBT
190,S100002,00432,00100,CHIMERISM TESTING-STR
190,S100002,00433,00100,XM B CYTOTOXIC AUTO
190,S100002,00434,00100,BMT?HLA?A B CW DR DQ DP  DRB345 ? NG
190,S100002,00435,00100,NON?BMT?HLA?A B CW DR DQ DP  DRB345
190,S100002,00436,00100,CLASS I LUMINEX PHENOTYPE BEADS
190,S100003,00100,00100,MEDICAL DIRECTOR
190,S100003,00100,00300,MEDICAL DIRECTOR
190,S100003,00100,00500,LAB DIRECTOR
190,S100003,00101,00100,EXEC. DIRECTOR
190,S100003,00101,00300,PROCUREMENT COORDINATOR
190,S100003,00101,00500,TECHNICIANS
190,S100003,00102,00100,CLERICAL
190,S100003,00102,00300,PRESERVATION TECHNICIANS
190,S100003,00102,00500,TISSUE TYPING TECH.
190,S100003,00103,00100,OTHER
190,S100003,00103,00300,OTHER
190,S100003,00103,00500,OTHER
190,S200000,00100,00100,N
190,S200000,00200,00100,N
190,S200000,00300,00100,Y
190,S200000,00400,00100,Y
190,S200000,00400,00200,A
190,S200000,00500,00100,Y
190,S200000,00600,00300,DIRECTOR  |  REVENUE & REIMBURSEMENT
190,S200000,00700,00100,CLEVELAND CLINIC
192,A000000,00100,00000,0100CAPITAL COSTS-BLDG & FIXT
192,A000000,00200,00000,0200CAPITAL COSTS-MVBLE EQUIPMENT
192,A000000,00300,00000,0300EMPLOYEE BENEFITS
192,A000000,00400,00000,0400ADMINISTRATIVE & GENERAL
192,A000000,00500,00000,0500OPERATION AND MAINTENANCE OF PLANT
192,A000000,00600,00000,0600HOUSEKEEPING
192,A000000,00700,00000,0700MEDICAL SUPPLIES
192,A000000,00800,00000,0800OTHER OVERHEAD
192,A000000,00900,00000,0900PROCUREMENT COORDINATORS
192,A000000,01000,00000,1000PROFESSIONAL EDUCATION
192,A000000,01100,00000,1100PUBLIC EDUCATION
192,A000000,01200,00000,1200DONOR REFERRAL CALLS
192,A000000,01201,00000,1201OTHER ACQUISITION
192,A000000,01300,00000,1300KIDNEY ACQUISITIONS
192,A000000,01400,00000,1400TISSUE TYPING LABORATORY
192,A000000,01500,00000,1500LIVER ACQUISITIONS
192,A000000,01600,00000,1600HEART ACQUISITIONS
192,A000000,01700,00000,1700PANCREAS ACQUISITIONS
192,A000000,01800,00000,1800LUNG ACQUISITIONS
192,A000000,01900,00000,1900SMALL BOWELS
192,A000000,01901,00000,1901OTHER ACQUISITIONS
192,A000000,02100,00000,2100RESEARCH
192,A000000,02200,00000,2200BLOOD BANK
192,A000000,02300,00000,2300LABORATORY-NON-TISSUE TYPING
192,A000000,02400,00000,2400DIALYSIS UNITS
192,A000000,02500,00000,2500OTHER NON-REIMBURSABLE
192,A100000,01700,00000,CONTRACT LABOR
192,A100000,01800,00000,DUES & SUBCRIPTIONS
192,A100000,01900,00000,POSTAGE & FREIGHT
192,A100000,01901,00000,MISC EXPENSE
192,A20H000,00900,00000,RADIOLOGY
192,A20H000,02100,00000,MISC ORGAN COSTS
192,A20K000,00900,00000,RADIOLOGY
192,A20K000,02100,00000,MISC ORGAN COSTS
192,A20L000,00900,00000,RADIOLOGY
192,A20L000,02100,00000,MISC ORGAN COSTS
192,A20O000,00900,00000,RADIOLOGY
192,A20O000,02100,00000,MISC ORGAN COST
192,A20P000,00900,00000,RADIOLOGY
192,A20P000,02100,00000,MISC ORGAN COSTS
192,A20U000,00900,00000,RADIOLOGY
192,A20U000,02100,00000,MISC ORGAN COSTS
192,A400010,00100,00000,OFFICE SPACE LEASES
192,A400010,00100,00100,A
192,A400010,00100,00200,CAPITAL COSTS-BLDG & FIXT
192,A400010,00100,00500,ADMINISTRATIVE & GENERAL
192,A400010,00200,00000,EQUIMENT LEASES
192,A400010,00200,00100,B
192,A400010,00200,00200,CAPITAL COSTS-MVBLE EQUIPMENT
192,A400010,00200,00500,ADMINISTRATIVE & GENERAL
192,A400010,00300,00000,INSURANCE RECLASS
192,A400010,00300,00100,C
192,A400010,00300,00200,CAPITAL COSTS-MVBLE EQUIPMENT
192,A400010,00300,00500,ADMINISTRATIVE & GENERAL
192,A400010,00400,00000,DONOR REFERRAL CALLS
192,A400010,00400,00100,D
192,A400010,00400,00200,DONOR REFERRAL CALLS
192,A400010,00400,00500,ADMINISTRATIVE & GENERAL
192,A500010,00800,00100,B
192,A500010,00800,00300,PROCUREMENT COORDINATORS
192,A500010,01500,00000,INTEREST INCOME
192,A500010,01500,00100,B
192,A500010,01500,00300,CAPITAL COSTS-BLDG & FIXT
192,A500010,01600,00000,LOBBYING EXPENSE
192,A500010,01600,00100,A
192,A500010,01600,00300,ADMINISTRATIVE & GENERAL
192,A51000A,00100,00100,N
192,A60000A,00700,00000,CIP
192,A60000C,00500,00100,N
192,B10000*,00100,00200,CAP BLDG
192,B10000*,00100,00300,CAP COSTS
192,B10000*,00100,00400,EMPLOYEE
192,B10000*,00100,00500,MEDICAL
192,B10000*,00100,00800,ORGAN
192,B10000*,00100,01000,ADMIN &
192,B10000*,00200,00200,OP PLANT &
192,B10000*,00200,00300,MOVABLE
192,B10000*,00200,00400,BENEFITS
192,B10000*,00200,00500,SUPPLIES
192,B10000*,00200,00800,ACQUISITN
192,B10000*,00200,01000,GENERAL
192,B10000*,00300,00200,HOUSEKEEP
192,B10000*,00300,00300,EQUIPMENT
192,B10000*,00300,00800,COSTS
192,B10000*,00400,00200,SQUARE
192,B10000*,00400,00300,DOLLAR
192,B10000*,00400,00400,ADJUST
192,B10000*,00400,00500,COSTED
192,B10000*,00400,00800,NUMBER
192,B10000*,00400,01000,ACCUM
192,B10000*,00500,00200,FEET
192,B10000*,00500,00300,VALUE
192,B10000*,00500,00400,SALARIES
192,B10000*,00500,00500,REQUISIT
192,B10000*,00500,00800,ORGANS
192,B10000*,00500,01000,COSTS
192,B10000*,00600,00200,1
192,B10000*,00600,00300,2
192,B10000*,00600,00400,3
192,B10000*,00600,00500,3
192,B10000*,00600,00800,3
192,B10000*,00600,01000,3
192,B100000,00000,01000,X
192,E000000,00900,00000,OTHER CURRENT ASSETS
192,E000000,02600,00000,CIP
192,E000000,03900,00000,DUE TO MEDICARE
192,E000000,04100,00000,ACCRUED EXPENSES
192,E000000,04600,00000,LOAN CLOSING FEES
192,E100001,00700,00000,MEDICARE ADJUSTMENT
192,E100001,00800,00000,SURGEON FEE REVENUE
192,E100002,00300,00000,MEDICARE CONTRACTUAL
192,E100002,00800,00000,ROUNDING
192,E200000,02600,00000,INVESTMENT LOSS
192,S000000,00100,00100,X
192,S000000,00400,00100,2
192,S000000,00500,00100,06/12/2020
192,S000000,00600,00100,10001
192,S000000,00700,00100,N
192,S000000,00800,00100,N
192,S000000,00900,00100,12/02/2021
192,S000000,01000,00100,4
192,S000001,00100,00100,TEXAS ORGAN SHARING ALLIANCE
192,S000001,00100,00200,45P004
192,S000001,00101,00100,8122 DATAPOINT DRIVE  SUITE 200
192,S000001,00102,00100,SAN ANTONIO
192,S000001,00102,00200,TX
192,S000001,00102,00300,78229
192,S000001,00300,00100,01/01/2019
192,S000001,00300,00200,12/31/2019
192,S000001,00400,00100,6
192,S000001,00400,00300,1
192,S000001,00400,00400,04/10/1979
192,S000001,00401,00300,1
192,S000002,00100,00200,Y
192,S000002,00300,00100,SR VP & COO
192,S000002,00400,00100,06/05/2020
192,S100001,00700,00100,N
192,S100001,00810,00000,SMALL BOWELS
192,S100003,00100,00100,MEDICAL DIRECTOR
192,S100003,00100,00300,MEDICAL DIRECTOR
192,S100003,00100,00500,LAB DIRECTOR
192,S100003,00101,00100,EXEC. DIRECTOR
192,S100003,00101,00300,PROCUREMENT COORDINATOR
192,S100003,00101,00500,TECHNICIANS
192,S100003,00102,00100,CLERICAL
192,S100003,00102,00300,PRESERVATION TECHNICIANS
192,S100003,00102,00500,TISSUE TYPING TECH.
192,S100003,00103,00100,OTHER
192,S100003,00103,00300,OTHER
192,S100003,00103,00500,OTHER
192,S200000,00100,00100,N
192,S200000,00200,00100,N
192,S200000,00300,00100,N
192,S200000,00400,00100,Y
192,S200000,00400,00200,A
192,S200000,00500,00100,N
192,S200000,00600,00300,SENIOR VP & COO
192,S200000,00700,00100,TOSA
196,A000000,00100,00000,0100CAPITAL COSTS-BLDG & FIXT
196,A000000,00200,00000,0200CAPITAL COSTS-MVBLE EQUIPMENT
196,A000000,00300,00000,0300EMPLOYEE BENEFITS
196,A000000,00400,00000,0400ADMINISTRATIVE & GENERAL
196,A000000,00500,00000,0500OPERATION AND MAINTENANCE OF PLANT
196,A000000,00600,00000,0600HOUSEKEEPING
196,A000000,00700,00000,0700MEDICAL SUPPLIES
196,A000000,00900,00000,0900PROCUREMENT COORDINATORS
196,A000000,01000,00000,1000PROFESSIONAL EDUCATION
196,A000000,01100,00000,1100PUBLIC EDUCATION
196,A000000,01300,00000,1300KIDNEY ACQUISITIONS
196,A000000,01400,00000,1400TISSUE TYPING LABORATORY
196,A000000,01500,00000,1500LIVER ACQUISITIONS
196,A000000,01600,00000,1600HEART ACQUISITIONS
196,A000000,01700,00000,1700PANCREAS ACQUISITIONS
196,A000000,01800,00000,1800LUNG ACQUISITIONS
196,A000000,01900,00000,1900SM BOWEL
196,A000000,01901,00000,1901HEART\LUNG
196,A000000,02100,00000,2100RESEARCH
196,A000000,02200,00000,2200BLOOD BANK
196,A000000,02300,00000,2300LABORATORY-NON-TISSUE TYPING
196,A000000,02400,00000,2400DIALYSIS UNITS
196,A000000,02500,00000,2500TISSUE
196,A000000,02501,00000,2501CFL
196,A000000,02502,00000,2502DMV
196,A000000,02503,00000,2503FOUNDATION
196,A100000,01700,00000,AUTO
196,A100000,01800,00000,OTHER
196,A100000,01900,00000,REPAIRS AND MAINTENANCE
196,A100000,01901,00000,FOUNDATION OVERHEAD RECLASS
196,A100000,01902,00000,BAD DEBT EXPENSE
196,A100000,01903,00000,INTERCOMPANY EXPENSE
196,A100000,01904,00000,MANAGEMENT SERVICES
196,A20H000,00900,00000,OTHER HOSPITAL OR
196,A20H000,00901,00000,EVAL COSTS
196,A20H000,00902,00000,EKG
196,A20H000,02100,00000,SEROLOGY RADIOLOGY OTHER
196,A20H000,02101,00000,BIOPSY
196,A20H000,02102,00000,CONSULTS
196,A20H000,02103,00000,ECHOS
196,A20H000,02104,00000,CARDIAC CATH
196,A20K000,00900,00000,OTHER HOSPITAL OR
196,A20K000,00901,00000,EVAL COSTS
196,A20K000,02100,00000,SEROLOGIES  RADIOLOGY OTHER
196,A20K000,02101,00000,BIOPSIES
196,A20K000,02102,00000,CONSULTS
196,A20L000,00900,00000,OTHER HOSPITAL OR
196,A20L000,00901,00000,EVAL COSTS
196,A20L000,02100,00000,SEROLOGIES RADIOLOGY OTHER
196,A20L000,02101,00000,BIOPSIES
196,A20L000,02102,00000,CONSULT
196,A20O000,00900,00000,OTHER HOSPITAL OR
196,A20O000,00901,00000,EVAL COSTS
196,A20O000,02100,00000,SEROLOGY RADIOLOGY OTHER
196,A20O000,02101,00000,BIOPSY
196,A20O000,02102,00000,CONSULTS
196,A20P000,00900,00000,OTHER HOSPITAL OR
196,A20P000,00901,00000,EVAL COSTS
196,A20P000,02100,00000,SEROLOGY RADIOLOGY OTHER
196,A20P000,02101,00000,BIOPSY
196,A20P000,02102,00000,CONSULTS
196,A20U000,00900,00000,OTHER HOSPITAL OR
196,A20U000,00901,00000,EVAL COSTS
196,A20U000,02100,00000,SEROLOGY RADIOLOGY OTHER
196,A20U000,02101,00000,BIOPSY
196,A20U000,02102,00000,CONSULTS
196,A300000,00600,00000,SUPPLIES
196,A300000,00700,00000,OFFICE SUPPLIES
196,A300000,00800,00000,TELEPHONE
196,A300000,00900,00000,MEETINGS AND MILEAGE
196,A300000,01000,00000,DUES AND CONT ED
196,A300000,01001,00000,REPAIRS AND MAINTENANCE
196,A300000,01002,00000,DEPRECIATION
196,A300000,01003,00000,DATA PROCESSING
196,A300000,01004,00000,MISC LAB EXPENSES
196,A400010,00100,00000,TELEPHONE EXPENSES
196,A400010,00100,00100,A
196,A400010,00100,00200,PROCUREMENT COORDINATORS
196,A400010,00100,00500,ADMINISTRATIVE & GENERAL
196,A400010,00200,00000,TELEPHONE EXPENSES
196,A400010,00200,00100,A
196,A400010,00200,00200,TISSUE TYPING LABORATORY
196,A400010,00300,00000,TELEPHONE EXPENSES
196,A400010,00300,00100,A
196,A400010,00300,00200,TISSUE
196,A400010,00400,00000,LEASEHOLD IMPROVE RECLASS
196,A400010,00400,00100,B
196,A400010,00400,00200,CAPITAL COSTS-BLDG & FIXT
196,A400010,00400,00500,CAPITAL COSTS-MVBLE EQUIPMENT
196,A400010,00500,00000,TISSUE ALLOCATION
196,A400010,00500,00100,C
196,A400010,00500,00200,TISSUE
196,A400010,00500,00500,PROCUREMENT COORDINATORS
196,A400010,00600,00000,TISSUE ALLOCATION
196,A400010,00600,00100,C
196,A400010,00600,00500,PROFESSIONAL EDUCATION
196,A400010,00700,00000,TISSUE ALLOCATION
196,A400010,00700,00100,C
196,A400010,00700,00500,PUBLIC EDUCATION
196,A400010,00800,00000,A&G OCCUPANCY RECLASS
196,A400010,00800,00100,D
196,A400010,00800,00200,ADMINISTRATIVE & GENERAL
196,A400010,00800,00500,CAPITAL COSTS-BLDG & FIXT
196,A400010,00900,00000,A&G OCCUPANCY RECLASS
196,A400010,00900,00100,D
196,A400010,00900,00500,CAPITAL COSTS-MVBLE EQUIPMENT
196,A400010,01000,00000,FOUNDATION OVERHEAD EXP RECLASS
196,A400010,01000,00100,F
196,A400010,01000,00200,ADMINISTRATIVE & GENERAL
196,A400010,01000,00500,FOUNDATION
196,A400010,01100,00000,FOUNDATION INVESTMENT FEES
196,A400010,01100,00100,G
196,A400010,01100,00200,ADMINISTRATIVE & GENERAL
196,A400010,01100,00500,FOUNDATION
196,A500010,00800,00100,B
196,A500010,00800,00300,PROCUREMENT COORDINATORS
196,A500010,01600,00000,NONREIMBURSABLE EXPENSE - ADMIN
196,A500010,01600,00100,A
196,A500010,01600,00300,ADMINISTRATIVE & GENERAL
196,A500010,01601,00000,NONREIMBURSABLE EXPENSE PROC COORD
196,A500010,01601,00100,A
196,A500010,01601,00300,PROCUREMENT COORDINATORS
196,A500010,01602,00000,NONREIMBURSABLE EXPENSE DPD
196,A500010,01602,00100,A
196,A500010,01602,00300,PROFESSIONAL EDUCATION
196,A500010,01603,00000,NONREIMBURSABLE EXPENSE - CORP COMM
196,A500010,01603,00100,A
196,A500010,01603,00300,PUBLIC EDUCATION
196,A500010,01604,00000,NONREIMBURSABLE EXPENSE - KIDNEY
196,A500010,01604,00100,A
196,A500010,01604,00300,KIDNEY ACQUISITIONS
196,A500010,01605,00000,NONREIMBURSABLE EXPENSE - DEPRECIATI
196,A500010,01605,00100,A
196,A500010,01605,00300,CAPITAL COSTS-MVBLE EQUIPMENT
196,A500010,01606,00000,LOBBYING OFFSET
196,A500010,01606,00100,A
196,A500010,01606,00300,PROCUREMENT COORDINATORS
196,A500010,01608,00000,LIFE INSURANCE UNREALIZED GAIN AJE
196,A500010,01608,00100,A
196,A500010,01608,00300,EMPLOYEE BENEFITS
196,A500010,01609,00000,INTEREST OFFSET
196,A500010,01609,00100,B
196,A500010,01609,00300,CAPITAL COSTS-BLDG & FIXT
196,A500010,01610,00000,ALLOWABLE INVESTMENT FEES
196,A500010,01610,00100,A
196,A500010,01610,00300,ADMINISTRATIVE & GENERAL
196,A500010,01611,00000,HP III BUILDING LEASED SPACE OFFSET
196,A500010,01611,00100,A
196,A500010,01611,00300,CAPITAL COSTS-BLDG & FIXT
196,A51000A,00100,00100,Y
196,A51000B,00100,00200,CFL
196,A51000B,00100,00300,FOUNDATION
196,A51000B,00200,00200,FOUNDATION
196,A51000B,00200,00300,FOUNDATION
196,A51000B,00300,00200,CAPITAL COSTS-BLDG & FIXT
196,A51000B,00300,00300,HP III BLDG
196,A51000B,00400,00200,LIVER ACQUISITIONS
196,A51000B,00400,00300,LIFE LOGISTICS
196,A51000B,00401,00200,HEART ACQUISITIONS
196,A51000B,00401,00300,LIFE LOGISTICS
196,A51000B,00402,00200,PANCREAS ACQUISITIONS
196,A51000B,00402,00300,LIFE LOGISTICS
196,A51000B,00403,00200,LUNG ACQUISITIONS
196,A51000B,00403,00300,LIFE LOGISTICS
196,A51000C,00100,00100,C
196,A51000C,00100,00400,LIFE LOGISTICS LLC
196,A51000C,00100,00600,AIR TRANSPORT
196,A51000C,00200,00100,C
196,A51000C,00200,00400,HIGHLANDS PLAZA THREE LLC
196,A51000C,00200,00600,PROPERTY MGMT
196,A51000C,00300,00100,C
196,A51000C,00300,00400,DONATE LIFE FOUNDATION
196,A51000C,00300,00600,FOUNDATION
196,A60000A,00700,00000,DF MEMORIAL
196,A60000A,00701,00000,CENTER FOR LIFE
196,A60000A,00702,00000,CIP
196,A60000A,00703,00000,LAB
196,A60000A,00704,00000,LIFE LOGISTICS
196,A60000A,00705,00000,LEASHOLD IMPROVEMENTS STL
196,A60000B,00800,00000,DF MEMORIAL
196,A60000B,00801,00000,CENTER FOR LIFE
196,A60000B,00803,00000,LAB
196,A60000B,00804,00000,LIFE LOGISTICS
196,A60000B,00805,00000,LEASEHOLD IMPROVEMENTS STL
196,A60000C,00500,00100,N
196,B10000*,00100,00200,CAP BLDG
196,B10000*,00100,00300,CAP COSTS
196,B10000*,00100,00400,EMPLOYEE
196,B10000*,00100,00500,MEDICAL
196,B10000*,00100,00800,ORGAN
196,B10000*,00100,01000,ADMIN &
196,B10000*,00200,00200,OP PLANT &
196,B10000*,00200,00300,MOVABLE
196,B10000*,00200,00400,BENEFITS
196,B10000*,00200,00500,SUPPLIES
196,B10000*,00200,00800,ACQUISITN
196,B10000*,00200,01000,GENERAL
196,B10000*,00300,00200,HOUSEKEEP
196,B10000*,00300,00300,EQUIPMENT
196,B10000*,00300,00800,COSTS
196,B10000*,00400,00200,SQUARE
196,B10000*,00400,00300,DOLLAR
196,B10000*,00400,00400,ADJUST
196,B10000*,00400,00500,COSTED
196,B10000*,00400,00800,NUMBER
196,B10000*,00400,01000,ACCUM
196,B10000*,00500,00200,FEET
196,B10000*,00500,00300,VALUE
196,B10000*,00500,00400,SALARIES
196,B10000*,00500,00500,REQUISIT
196,B10000*,00500,00800,ORGANS
196,B10000*,00500,01000,COSTS
196,B10000*,00600,00200,1
196,B10000*,00600,00300,2
196,B10000*,00600,00400,3
196,B10000*,00600,00500,3
196,B10000*,00600,00800,3
196,B10000*,00600,01000,3
196,B100000,00000,01000,X
196,E000000,00900,00000,CURRENT ASSETS - OTHER
196,E000000,02600,00000,OTHER FIXED ASSETS
196,E000000,03100,00000,OTHER ASSETS
196,E000000,03900,00000,DUE TO MEDICARE
196,E000000,04600,00000,DEFFERED COMP
196,E000000,04700,00000,OTHER NONCURRENT LIABILITIES
196,E100001,00700,00000,INVESTMENT GAINS
196,E100001,00800,00000,DONATIONS
196,E100001,00900,00000,RENT
196,E100001,00901,00000,OTHER
196,E100002,00300,00000,POST AUDIT AJE TRANSFERS
196,E100002,00400,00000,POST AUDIT AJE LAB REV\EXP
196,E100002,00500,00000,INVESTMENT FEES
196,E100002,00501,00000,ROUNDING
196,E100002,00800,00000,LAB EXPENSES
196,E100002,00900,00000,HP III RXP
196,E100002,01000,00000,FOUNDATION
196,E200000,02000,00000,UNREALIZED GAIN\LOSS  ON INVESTMENTS
196,E200000,02100,00000,EARNINGS FROM RELATED ORGANIZATION
196,E200000,02600,00000,INVESTMENT LOSS
196,E200000,02700,00000,CONTRIBUTIONS TO RELATED ORG
196,S000000,00100,00100,X
196,S000000,00400,00100,2
196,S000000,00500,00100,06/03/2020
196,S000000,00600,00100,10001
196,S000000,00700,00100,N
196,S000000,00800,00100,N
196,S000000,00900,00100,12/06/2021
196,S000000,01000,00100,4
196,S000001,00100,00100,MID-AMERICA TRANSPLANT SERVICES
196,S000001,00100,00200,26P002
196,S000001,00101,00100,1110 HIGHLANDS PLAZA DR E  STE 100
196,S000001,00102,00100,SAINT LOUIS
196,S000001,00102,00200,MO
196,S000001,00102,00300,63110
196,S000001,00200,00100,MID-AMERICA TRANSPLANT SERVICES
196,S000001,00200,00200,26HL06
196,S000001,00201,00100,1110 HIGHLANDS PLAZA DR E  STE 100
196,S000001,00202,00100,SAINT LOUIS
196,S000001,00202,00200,MO
196,S000001,00202,00300,63110
196,S000001,00300,00100,01/01/2019
196,S000001,00300,00200,12/31/2019
196,S000001,00400,00100,8
196,S000001,00400,00300,1
196,S000001,00400,00400,04/01/1988
196,S000001,00401,00300,1
196,S000002,00100,00200,Y
196,S000002,00300,00100,CHIEF FINANCIAL OFFICER
196,S000002,00400,00100,06/03/2020
196,S100001,00700,00100,N
196,S100001,00810,00000,SM BOWEL
196,S100001,00811,00000,VEIN\OTHER
196,S100002,00400,00100,A1 SUBTYPING
196,S100002,00401,00100,ABO & RH BLOOD TYPE
196,S100002,00402,00100,CMV ANTIBODY SCREEN
196,S100002,00403,00100,EBV IGM/IGG
196,S100002,00404,00100,TOXOPLASMA GONDII IGG
196,S100002,00405,00100,HEPATITIS B CORE ANTIBODY
196,S100002,00406,00100,HEPATITIS B SURFACE ANTIGEN
196,S100002,00407,00100,HEPATITIS C VIRUS
196,S100002,00408,00100,HIV I/II + O
196,S100002,00409,00100,HIV/HCV/HBV NAT
196,S100002,00410,00100,HTLV I/II AB
196,S100002,00411,00100,HLA
196,S100002,00412,00100,SYPHILIS - NON-TREPONEMAL
196,S100003,00100,00100,MEDICAL DIRECTOR
196,S100003,00100,00300,MEDICAL DIRECTOR
196,S100003,00100,00500,LAB DIRECTOR
196,S100003,00101,00100,EXEC. DIRECTOR
196,S100003,00101,00300,PROCUREMENT COORDINATOR
196,S100003,00101,00500,TECHNICIANS
196,S100003,00102,00100,CLERICAL
196,S100003,00102,00300,PRESERVATION TECHNICIANS
196,S100003,00102,00500,TISSUE TYPING TECH.
196,S100003,00103,00100,OTHER
196,S100003,00103,00300,OTHER
196,S100003,00103,00500,OTHER
196,S200000,00100,00100,N
196,S200000,00200,00100,N
196,S200000,00300,00100,Y
196,S200000,00400,00100,Y
196,S200000,00400,00200,A
196,S200000,00500,00100,Y
196,S200000,00600,00300,DIRECTOR OF ACCOUNTING &  FINANCE
196,S200000,00700,00100,MIDAMERICA TRANSPLANT
197,A000000,00100,00000,0100CAPITAL COSTS-BLDG & FIXT
197,A000000,00200,00000,0200CAPITAL COSTS-MVBLE EQUIPMENT
197,A000000,00300,00000,0300EMPLOYEE BENEFITS
197,A000000,00400,00000,0400ADMINISTRATIVE & GENERAL
197,A000000,00500,00000,0500OPERATION AND MAINTENANCE OF PLANT
197,A000000,00600,00000,0600HOUSEKEEPING
197,A000000,00700,00000,0700MEDICAL SUPPLIES
197,A000000,00800,00000,0800OTHER OVERHEAD
197,A000000,00900,00000,0900PROCUREMENT COORDINATORS
197,A000000,01000,00000,1000PROFESSIONAL EDUCATION
197,A000000,01100,00000,1100PUBLIC EDUCATION
197,A000000,01200,00000,1200REFERRAL CENTER
197,A000000,01300,00000,1300KIDNEY ACQUISITIONS
197,A000000,01400,00000,1400TISSUE TYPING LABORATORY
197,A000000,01500,00000,1500LIVER ACQUISITIONS
197,A000000,01600,00000,1600HEART ACQUISITIONS
197,A000000,01700,00000,1700PANCREAS ACQUISITIONS
197,A000000,01800,00000,1800LUNG ACQUISITIONS
197,A000000,01900,00000,1900OTHER ACQUISITIONS
197,A000000,02100,00000,2100RESEARCH
197,A000000,02200,00000,2200BLOOD BANK
197,A000000,02300,00000,2300LABORATORY-NON-TISSUE TYPING
197,A000000,02400,00000,2400DIALYSIS UNITS
197,A000000,02500,00000,2500TISSUE
197,A000000,02501,00000,2501PLACENTA ACQUISITON
197,A100000,01700,00000,OTHER ADMIN AND GEN
197,A100000,01800,00000,BANK/INVEST FEES
197,A100000,01900,00000,NONREIMBURSEABLE
197,A100000,01901,00000,CONSULTING FEES
197,A20H000,00900,00000,OTHER HOSPITAL EXCISION COSTS
197,A20H000,00901,00000,DONOR HOSPITAL CHARGES ACCRUAL
197,A20H000,02100,00000,OTHER ACQUISITION COSTS MISC
197,A20H000,02101,00000,OTHER PROFESSIONAL FEES
197,A20H000,02102,00000,OTHER RESEARCH
197,A20K000,00900,00000,OTHER HOSPITAL EXCISION COSTS
197,A20K000,00903,00000,DONOR HOSPITAL CHARGES ACCRUAL
197,A20K000,02100,00000,OTHER PROFESSINAL FEES
197,A20K000,02101,00000,OTHER ACQUISITION
197,A20K000,02102,00000,OTHER RESEARCH KIDNEY
197,A20L000,00900,00000,OTHER HOSPITAL EXCISION COSTS
197,A20L000,00901,00000,DONOR HOSPITAL CHARGES ACCRUAL
197,A20L000,02100,00000,OTHER ACQUISIIOTN COSTS MISC
197,A20L000,02101,00000,OTHER PROFESSIONAL FEES
197,A20O000,00900,00000,OTHER HOSPITAL EXCISION COSTS
197,A20O000,00901,00000,DONOR HOSPITAL CHARGES ACCRUAL
197,A20O000,02100,00000,OTHER ACQUISITION CHARGES
197,A20P000,00900,00000,OTHER HOSPITAL EXCISION COSTS
197,A20P000,00901,00000,DONOR HOSPITAL CHARGES ACCRUAL
197,A20P000,02100,00000,OTHER PROFESSIONAL FEES
197,A20P000,02101,00000,OTHER ACQUISITION COSTS MISC
197,A20U000,00900,00000,OTHER HOSPITAL EXCISION COSTS
197,A20U000,00901,00000,DONOR HOSPITAL CHARGES ACCRUAL
197,A20U000,02100,00000,OTHER ACQUISITION COSTS MISC
197,A20U000,02101,00000,OTHER PROFESSIONAL FEE
197,A20U000,02102,00000,OTHER RESEARCH
197,A400010,00100,00000,RECLASSIFICATIONS
197,A400010,00100,00100,A
197,A400010,00100,00200,TISSUE
197,A400010,00100,00500,PROCUREMENT COORDINATORS
197,A400010,00200,00000,RECLASSIFICATIONS
197,A400010,00200,00100,A
197,A400010,00200,00200,TISSUE
197,A400010,00200,00500,PROFESSIONAL EDUCATION
197,A400010,00300,00000,RECLASSIFICATIONS
197,A400010,00300,00100,A
197,A400010,00300,00200,TISSUE
197,A400010,00300,00500,PUBLIC EDUCATION
197,A400010,00400,00000,RECLASSIFICATIONS
197,A400010,00400,00100,A
197,A400010,00400,00200,TISSUE
197,A400010,00400,00500,REFERRAL CENTER
197,A400010,00500,00000,EMPLOYEE BENEFITS
197,A400010,00500,00100,B
197,A400010,00500,00200,ADMINISTRATIVE & GENERAL
197,A400010,00500,00500,EMPLOYEE BENEFITS
197,A500010,00800,00100,A
197,A500010,00800,00300,PROCUREMENT COORDINATORS
197,A500010,01500,00000,DIRECTED CONTRIBUTIONS
197,A500010,01500,00100,B
197,A500010,01500,00300,PUBLIC EDUCATION
197,A500010,01501,00000,LOBBYING FEES
197,A500010,01501,00100,A
197,A500010,01501,00300,ADMINISTRATIVE & GENERAL
197,A500010,01502,00000,NONREIMBURSEABLE
197,A500010,01502,00100,A
197,A500010,01502,00300,ADMINISTRATIVE & GENERAL
197,A500010,01503,00000,KIDNEY ACQUISITION
197,A500010,01503,00100,A
197,A500010,01503,00300,KIDNEY ACQUISITIONS
197,A500010,01504,00000,HEART ACQUISITION
197,A500010,01504,00100,A
197,A500010,01504,00300,HEART ACQUISITIONS
197,A500010,01600,00000,LUNG ACQUISITION
197,A500010,01600,00100,A
197,A500010,01600,00300,LUNG ACQUISITIONS
197,A500010,01601,00000,ROSE BOWL PARADE
197,A500010,01601,00100,A
197,A500010,01601,00300,PUBLIC EDUCATION
197,A500010,01602,00000,ROSE BOWL PARADE
197,A500010,01602,00100,A
197,A500010,01602,00300,PROFESSIONAL EDUCATION
197,A51000A,00100,00100,N
197,A60000A,00700,00000,LEASEHOLD IMPROVEMENTS
197,A60000A,00701,00000,PROJECTS IN PROGRESS
197,A60000B,00800,00000,LEASEHOLD IMPROVEMENTS
197,B10000*,00100,00200,CAP BLDG
197,B10000*,00100,00300,CAP COSTS
197,B10000*,00100,00400,EMPLOYEE
197,B10000*,00100,00500,MEDICAL
197,B10000*,00100,00800,ORGAN
197,B10000*,00100,01000,ADMIN &
197,B10000*,00200,00200,OP PLANT &
197,B10000*,00200,00300,MOVABLE
197,B10000*,00200,00400,BENEFITS
197,B10000*,00200,00500,SUPPLIES
197,B10000*,00200,00800,ACQUISITN
197,B10000*,00200,01000,GENERAL
197,B10000*,00300,00200,HOUSEKEEP
197,B10000*,00300,00300,EQUIPMENT
197,B10000*,00300,00800,COSTS
197,B10000*,00400,00200,SQUARE
197,B10000*,00400,00300,SQUARE
197,B10000*,00400,00400,ADJUST
197,B10000*,00400,00500,COSTED
197,B10000*,00400,00800,NUMBER
197,B10000*,00400,01000,ACCUM
197,B10000*,00500,00200,FEET
197,B10000*,00500,00300,FEET
197,B10000*,00500,00400,SALARIES
197,B10000*,00500,00500,REQUISIT
197,B10000*,00500,00800,ORGANS
197,B10000*,00500,01000,COSTS
197,B10000*,00600,00200,1
197,B10000*,00600,00300,2
197,B10000*,00600,00400,3
197,B10000*,00600,00500,3
197,B10000*,00600,00800,3
197,B10000*,00600,01000,3
197,B100000,00000,01000,X
197,E000000,00900,00000,PLEDGES RECEIVABLE  CURRENT
197,E000000,02600,00000,PROJECTS IN PROGRESS
197,E000000,03100,00000,INV IN SUPP ORG/DEFERRED COMP
197,E000000,03900,00000,ACCRUED EXPENSES
197,E000000,04600,00000,DEFERRED COMP
197,E000000,04700,00000,INTEREST RATE SWAP LIABILITY
197,E100001,00700,00000,TISSUE REVENUE
197,E100001,00800,00000,RESEARCH REVENUE
197,E100001,00900,00000,MEDICARE RECEIVABLE ESTIMATE
197,E200000,02000,00000,MISCELLANEOUS
197,E200000,02100,00000,INCOME FROM INVESTMENT OF SUPP ORG
197,E200000,02200,00000,TEMP RESTRICTED CONTRIBUTIONS
197,E200000,02300,00000,GAIN ON INVESTMENTS
197,E200000,02600,00000,CHANGE IN TEMP RESTRICTED NET ASSETS
197,S000000,00100,00100,X
197,S000000,00400,00100,2
197,S000000,00500,00100,05/29/2020
197,S000000,00600,00100,10001
197,S000000,00700,00100,N
197,S000000,00800,00100,N
197,S000000,00900,00100,12/06/2021
197,S000000,01000,00100,4
197,S000001,00100,00100,LIFELINE OF OHIO ORGAN PROCUREMENT
197,S000001,00100,00200,36P005
197,S000001,00101,00100,770 KINNEAR ROAD
197,S000001,00102,00100,COLUMBUS
197,S000001,00102,00200,OH
197,S000001,00102,00300,43212
197,S000001,00300,00100,01/01/2019
197,S000001,00300,00200,12/31/2019
197,S000001,00400,00100,2
197,S000001,00400,00300,1
197,S000001,00400,00400,10/01/1984
197,S000001,00401,00100,6
197,S000001,00401,00300,1
197,S100001,00700,00100,N
197,S100001,00810,00000,SMALL BOWEL
197,S100001,00811,00000,VEINS
197,S100001,00812,00000,PLACENTA
197,S100003,00100,00100,MEDICAL DIRECTOR
197,S100003,00100,00300,MEDICAL DIRECTOR
197,S100003,00100,00500,LAB DIRECTOR
197,S100003,00101,00100,EXEC. DIRECTOR
197,S100003,00101,00300,PROCUREMENT COORDINATOR
197,S100003,00101,00500,TECHNICIANS
197,S100003,00102,00100,CLERICAL
197,S100003,00102,00300,PRESERVATION TECHNICIANS
197,S100003,00102,00500,TISSUE TYPING TECH.
197,S100003,00103,00100,OTHER
197,S100003,00103,00300,OTHER
197,S100003,00103,00500,OTHER
197,S200000,00100,00100,N
197,S200000,00200,00100,N
197,S200000,00300,00100,N
197,S200000,00400,00100,Y
197,S200000,00400,00200,A
197,S200000,00500,00100,Y
197,S200000,00600,00300,CFO
197,S200000,00700,00100,LIFELINE OF OHIO
198,A000000,00100,00000,0100CAPITAL COSTS-BLDG & FIXT
198,A000000,00200,00000,0200CAPITAL COSTS-MVBLE EQUIPMENT
198,A000000,00300,00000,0300EMPLOYEE BENEFITS
198,A000000,00400,00000,0400ADMINISTRATIVE & GENERAL
198,A000000,00500,00000,0500OPERATION AND MAINTENANCE OF PLANT
198,A000000,00600,00000,0600HOUSEKEEPING
198,A000000,00700,00000,0700MEDICAL SUPPLIES
198,A000000,00800,00000,0800OTHER OVERHEAD
198,A000000,00900,00000,0900PROCUREMENT COORDINATORS
198,A000000,01000,00000,1000PROFESSIONAL EDUCATION
198,A000000,01100,00000,1100PUBLIC EDUCATION
198,A000000,01200,00000,1200CALL CENTER
198,A000000,01201,00000,120112.01 OTHER ACQUISITION COSTS
198,A000000,01300,00000,1300KIDNEY ACQUISITIONS
198,A000000,01400,00000,1400TISSUE TYPING LABORATORY
198,A000000,01500,00000,1500LIVER ACQUISITIONS
198,A000000,01600,00000,1600HEART ACQUISITIONS
198,A000000,01700,00000,1700PANCREAS ACQUISITIONS
198,A000000,01800,00000,1800LUNG ACQUISITIONS
198,A000000,01900,00000,1900SMALL BOWEL      S
198,A000000,01902,00000,1902HEART/LUNG       S 3
198,A000000,02100,00000,2100RESEARCH
198,A000000,02200,00000,2200BLOOD BANK
198,A000000,02300,00000,2300LABORATORY-NON-TISSUE TYPING
198,A000000,02400,00000,2400DIALYSIS UNITS
198,A000000,02500,00000,2500TISSUE RECOVERY
198,A100000,01900,00000,COMPUTER EQUIP & SOFTWARE
198,A100000,01901,00000,BANK SVC CHARGES
198,A100000,01902,00000,LATE FEES & MISCELLANEOUS CHARGES
198,A100000,01903,00000,POSTAGE & SHIPPING
198,A100000,01904,00000,DUES & SUBSCRIPTIONS
198,A100000,01905,00000,LOBBYING EXPENSE
198,A100000,01906,00000,CONSULTING
198,A100000,01907,00000,LEASED VEHICLE EXPENSES
198,A100000,01908,00000,MILEAGE & PARKING
198,A100000,01909,00000,DEPRECIATION & AMORTIZATION
198,A100000,01910,00000,BOARD OF DIRECTORS
198,A100000,01911,00000,UNIFORMS
198,A100000,01912,00000,MINOR OFFICE EQUIPMENT
198,A100000,01913,00000,MISCELLANEOUS
198,A100000,01914,00000,PRINTING COSTS
198,A100000,01915,00000,TEMPORARY OFFICE HELP
198,A100000,01916,00000,EMPLOYEE INSURANCE
198,A100000,01917,00000,PAYROLL TAXES
198,A100000,01918,00000,OTHER EMPLOYEE BENEFITS
198,A20H000,00900,00000,BLOOD SUPPLIES
198,A20H000,00901,00000,PATHOLOGY
198,A20H000,00902,00000,OTHER EXCISION COSTS
198,A20H000,00903,00000,DONOR HOSPITAL ACCRUALS
198,A20H000,02100,00000,SEROLOGY & MICROBIOLOGY
198,A20H000,02101,00000,LAB SUPPLIES
198,A20H000,02102,00000,AMBR BILLING
198,A20H000,02103,00000,OTHER PROFESSIONAL FEES
198,A20H000,02104,00000,OTHER ACQUISITION COSTS
198,A20K000,00900,00000,BLOOD SUPPLIES
198,A20K000,00901,00000,PATHOLOGY
198,A20K000,00902,00000,OTHER EXCISION COSTS
198,A20K000,00903,00000,DONOR HOSPITAL ACCRUALS
198,A20K000,02100,00000,SEROLOGY & MICROBIOLOGY
198,A20K000,02101,00000,LAB SUPPLIES
198,A20K000,02102,00000,AMBR BILLING
198,A20K000,02103,00000,OTHER PROFESSIONAL FEES
198,A20K000,02104,00000,OTHER ACQUISITION COSTS
198,A20L000,00900,00000,BLOOD SUPPLIES
198,A20L000,00901,00000,PATHOLOGY
198,A20L000,00902,00000,OTHER EXCISION COSTS
198,A20L000,00903,00000,DONOR HOSPITAL ACCRUALS
198,A20L000,02100,00000,SEROLOGY & MICROBIOLOGY
198,A20L000,02101,00000,LAB SUPPLIES
198,A20L000,02102,00000,AMBR BILLING
198,A20L000,02103,00000,OTHER PROFESSIONAL FEES
198,A20L000,02104,00000,OTHER ACQUISITION COSTS
198,A20O000,00900,00000,BLOOD SUPPLIES
198,A20O000,00901,00000,PATHOLOGY
198,A20O000,00902,00000,OTHER EXCISION COSTS
198,A20O000,00903,00000,DONOR HOSPITAL ACCRUALS
198,A20O000,02100,00000,SEROLOGY & MICROBIOLOGY
198,A20O000,02101,00000,LAB SUPPLIES
198,A20O000,02102,00000,AMBR BILLING
198,A20O000,02103,00000,OTHER PROFESSIONAL FEES
198,A20O001,00900,00000,BLOOD SUPPLIES
198,A20O001,00901,00000,PATHOLOGY
198,A20O001,00902,00000,OTHER EXCISION COSTS
198,A20O001,00903,00000,DONOR HOSPITAL ACCRUALS
198,A20O001,02100,00000,SEROLOGY & MICROBIOLOGY
198,A20O001,02101,00000,LAB SUPPLIES
198,A20O001,02102,00000,AMBR BILLING
198,A20O001,02103,00000,OTHER PROFESSIONAL FEES
198,A20O001,02104,00000,OTHER ACQUISITION COSTS
198,A20O002,00900,00000,BLOOD SUPPLIES
198,A20O002,00901,00000,PATHOLOGY
198,A20O002,00902,00000,OTHER EXCISION COSTS
198,A20O002,00903,00000,DONOR HOSPITAL ACCRUALS
198,A20O002,02100,00000,SEROLOGY & MICROBIOLOGY
198,A20O002,02101,00000,LAB SUPPLIES
198,A20O002,02102,00000,AMBR BILLING
198,A20O002,02103,00000,OTHER PROFESSIONAL FEES
198,A20P000,00900,00000,BLOOD SUPPLIES
198,A20P000,00901,00000,PATHOLOGY
198,A20P000,00902,00000,OTHER EXCISION COSTS
198,A20P000,00903,00000,DONOR HOSPITAL ACCRUALS
198,A20P000,02100,00000,SEROLOGY & MICROBIOLOGY
198,A20P000,02101,00000,LAB SUPPLIES
198,A20P000,02102,00000,AMRB BILLING
198,A20P000,02103,00000,OTHER PROFESSIONAL FEES
198,A20P000,02104,00000,OTHER ACQUISITION COSTS
198,A20U000,00900,00000,BLOOD SUPPLIES
198,A20U000,00901,00000,PATHOLOGY
198,A20U000,00902,00000,OTHER EXCISION COSTS
198,A20U000,00903,00000,DONOR HOSPITAL ACCRUALS
198,A20U000,02100,00000,SEROLOGY & MICROBIOLOGY
198,A20U000,02101,00000,LAB SUPPLIES
198,A20U000,02102,00000,AMBR BILLING
198,A20U000,02103,00000,OTHER PROFESSIONAL FEES
198,A20U000,02104,00000,OTHER ACQUISITION COSTS
198,A400010,00100,00000,ORGAN TO TISSUE OFFSET
198,A400010,00100,00100,A
198,A400010,00100,00200,TISSUE RECOVERY
198,A400010,00100,00500,PROCUREMENT COORDINATORS
198,A400010,00200,00000,BENEFITS RECLASS
198,A400010,00200,00100,B
198,A400010,00200,00200,ADMINISTRATIVE & GENERAL
198,A400010,00200,00500,EMPLOYEE BENEFITS
198,A400010,00300,00000,BENEFITS RECLASS
198,A400010,00300,00100,B
198,A400010,00300,00200,PROCUREMENT COORDINATORS
198,A400010,00400,00000,BENEFITS RECLASS
198,A400010,00400,00100,B
198,A400010,00400,00200,PROFESSIONAL EDUCATION
198,A400010,00500,00000,BENEFITS RECLASS
198,A400010,00500,00100,B
198,A400010,00500,00200,PUBLIC EDUCATION
198,A400010,00600,00000,BENEFITS RECLASS
198,A400010,00600,00100,B
198,A400010,00600,00200,CALL CENTER
198,A400010,00700,00000,BENEFITS RECLASS
198,A400010,00700,00100,B
198,A400010,00700,00200,TISSUE RECOVERY
198,A400010,00800,00000,RECLASS EQUIP DEPR
198,A400010,00800,00100,E
198,A400010,00800,00200,CAPITAL COSTS-MVBLE EQUIPMENT
198,A400010,00800,00500,ADMINISTRATIVE & GENERAL
198,A400010,00900,00000,RECLASS PORTION CCO SALARY
198,A400010,00900,00100,F
198,A400010,00900,00200,TISSUE RECOVERY
198,A400010,00900,00500,PROCUREMENT COORDINATORS
198,A400010,01000,00000,RECLASS PORTION CCO SALARY
198,A400010,01000,00100,F
198,A400010,01000,00200,TISSUE RECOVERY
198,A400010,01000,00500,PROCUREMENT COORDINATORS
198,A500010,00200,00300,ADMINISTRATIVE & GENERAL
198,A500010,00800,00100,B
198,A500010,00800,00300,PROCUREMENT COORDINATORS
198,A500010,01200,00100,A
198,A500010,01200,00300,ADMINISTRATIVE & GENERAL
198,A500010,01500,00000,BANK INCENTIVE
198,A500010,01500,00100,A
198,A500010,01500,00300,ADMINISTRATIVE & GENERAL
198,A500010,01600,00000,SALE OF TIISSUE EQUIPMENT
198,A500010,01600,00100,A
198,A500010,01600,00300,TISSUE RECOVERY
198,A500010,01601,00000,INCOME FROM SPECIAL EVENTS
198,A500010,01601,00100,A
198,A500010,01601,00300,PUBLIC EDUCATION
198,A500010,01602,00000,LOBBYING FEES
198,A500010,01602,00100,B
198,A500010,01602,00300,12.01 OTHER ACQUISITION COSTS
198,A51000A,00100,00100,N
198,A60000A,00700,00000,LEASEHOLD IMPROVEMENT
198,A60000A,00701,00000,7.01
198,A60000B,00800,00000,LEASEHOLD IMPROVEMENT
198,A60000C,00500,00100,N
198,B10000*,00100,00200,CAP BLDG
198,B10000*,00100,00300,CAP COSTS
198,B10000*,00100,00400,EMPLOYEE
198,B10000*,00100,00500,MEDICAL
198,B10000*,00100,00800,ORGAN
198,B10000*,00100,01000,ADMIN &
198,B10000*,00200,00200,OP PLANT &
198,B10000*,00200,00300,MOVABLE
198,B10000*,00200,00400,BENEFITS
198,B10000*,00200,00500,SUPPLIES
198,B10000*,00200,00800,ACQUISITN
198,B10000*,00200,01000,GENERAL
198,B10000*,00300,00200,HOUSEKEEP
198,B10000*,00300,00300,EQUIPMENT
198,B10000*,00300,00800,COSTS
198,B10000*,00400,00200,SQUARE
198,B10000*,00400,00300,SQUARE
198,B10000*,00400,00400,ADJUST
198,B10000*,00400,00500,COSTED
198,B10000*,00400,00800,NUMBER
198,B10000*,00400,01000,ACCUM
198,B10000*,00500,00200,FEET
198,B10000*,00500,00300,FEET
198,B10000*,00500,00400,SALARIES
198,B10000*,00500,00500,REQUISIT
198,B10000*,00500,00800,ORGANS
198,B10000*,00500,01000,COSTS
198,B10000*,00600,00200,1
198,B10000*,00600,00300,2
198,B10000*,00600,00400,3
198,B10000*,00600,00500,3
198,B10000*,00600,00800,3
198,B10000*,00600,01000,3
198,B100000,00000,01000,X
198,E000000,00900,00000,OTHER CURRENT ASSETS
198,E000000,02600,00000,OTHER FIXED ASSETS
198,E000000,03100,00000,UNAMORTIZED LOAN COSTS
198,E000000,04100,00000,41 MEDICARE COST REPORT PAYABLE
198,E000000,04600,00000,CAPITAL LEASE
198,E000000,04700,00000,47 LT BENEFIT ACCRUAL
198,E000000,04800,00000,4200 RENTAL FACILITY DEPOSIT
198,E100001,00800,00000,OCULAR REVENUES
198,E100001,00900,00000,TISSUE REVENUES
198,E200000,01900,00000,BAD DEBT RECOVERY
198,E200000,02000,00000,GAIN ON DISPOSAL OF ASSET
198,E200000,02100,00000,UNREALIZED GAIN ON INVESTMENTS
198,E200000,02200,00000,PRIOR YEAR SETTLEMENT INCOME ADJ 201
198,E200000,02600,00000,NON ALLOWABLE EXPENSES
198,E200000,02700,00000,BAD DEBTS EXPENSE
198,E200000,02701,00000,IMPAIRMENT OF ASSET
198,E200000,02702,00000,LOSS ON DISPOSAL OF ASSETS
198,E200000,02703,00000,UNREALIZED LOSS ON INVESTMENTS
198,S000000,00100,00100,X
198,S000000,00400,00100,2
198,S000000,00500,00100,06/01/2020
198,S000000,00600,00100,10001
198,S000000,00700,00100,N
198,S000000,00800,00100,N
198,S000000,00900,00100,12/06/2021
198,S000000,01000,00100,4
198,S000001,00100,00100,WE ARE SHARING HOPE SC
198,S000001,00100,00200,42P001
198,S000001,00101,00100,3950 FABER PLACE DRIVE
198,S000001,00101,00200,SUITE 400
198,S000001,00102,00100,CHARLESTON
198,S000001,00102,00200,SC
198,S000001,00102,00300,29405
198,S000001,00300,00100,01/01/2019
198,S000001,00300,00200,12/31/2019
198,S000001,00400,00100,6
198,S000001,00400,00300,1
198,S000001,00400,00400,05/10/1984
198,S000001,00401,00300,1
198,S100001,00700,00100,N
198,S100001,00810,00000,CV
198,S100001,00811,00000,MULTI-VISCERA
198,S100001,00812,00000,SMALL BOWEL
198,S100001,00813,00000,TISSUE RESEAR
198,S100001,00814,00000,BONE MARROW
198,S100003,00100,00100,MEDICAL DIRECTOR
198,S100003,00100,00300,MEDICAL DIRECTOR
198,S100003,00100,00500,LAB DIRECTOR
198,S100003,00101,00100,EXEC. DIRECTOR
198,S100003,00101,00300,PROCUREMENT COORDINATOR
198,S100003,00101,00500,TECHNICIANS
198,S100003,00102,00100,OTHER
198,S100003,00102,00300,OTHER
198,S100003,00102,00500,OTHER
198,S100003,00103,00100,OTHER
198,S100003,00103,00300,OTHER
198,S100003,00103,00500,OTHER
198,S200000,00100,00100,N
198,S200000,00200,00100,N
198,S200000,00300,00100,N
198,S200000,00400,00100,N
198,S200000,00500,00100,N
202,A000000,00100,00000,0100CAPITAL COSTS-BLDG & FIXT
202,A000000,00200,00000,0200CAPITAL COSTS-MVBLE EQUIPMENT
202,A000000,00300,00000,0300EMPLOYEE BENEFITS
202,A000000,00400,00000,0400ADMINISTRATIVE & GENERAL
202,A000000,00500,00000,0500OPERATION AND MAINTENANCE OF PLANT
202,A000000,00600,00000,0600HOUSEKEEPING
202,A000000,00700,00000,0700MEDICAL SUPPLIES
202,A000000,00800,00000,0800OTHER OVERHEAD
202,A000000,00900,00000,0900PROCUREMENT COORDINATORS
202,A000000,01000,00000,1000PROFESSIONAL EDUCATION
202,A000000,01100,00000,1100PUBLIC EDUCATION
202,A000000,01200,00000,1200OTHER ACQUISITION
202,A000000,01300,00000,1300KIDNEY ACQUISITIONS
202,A000000,01400,00000,1400TISSUE TYPING LABORATORY
202,A000000,01500,00000,1500LIVER ACQUISITIONS
202,A000000,01600,00000,1600HEART ACQUISITIONS
202,A000000,01700,00000,1700PANCREAS ACQUISITIONS
202,A000000,01800,00000,1800LUNG ACQUISITIONS
202,A000000,01900,00000,1900OTHER ACQUISITIONS
202,A000000,02100,00000,2100RESEARCH
202,A000000,02200,00000,2200BLOOD BANK
202,A000000,02300,00000,2300LABORATORY-NON-TISSUE TYPING
202,A000000,02400,00000,2400DIALYSIS UNITS
202,A000000,02500,00000,2500TISSUE RELATED COSTS- LIFENET HEALTH
202,A000000,02501,00000,2501TISSUE RELATED COSTS- FTS
202,A000000,02502,00000,2502TISSUE RELATED COSTS- SWAI
202,A000000,02503,00000,2503TISSUE RELATED COSTS- LDMF
202,A000000,02504,00000,2504TISSUE RELATED COSTS- LNH CANADA
202,A000000,02505,00000,2505TISSUE RELATED COSTS- IRM
202,A000000,02506,00000,2506TISSUE RELATED COSTS- LNH NW
202,A000000,02507,00000,2507TISSUE RELATED COSTS-LIFENET EUROPE
202,A100000,01700,00000,OTHER ADMIN & GENERAL
202,A20H000,00900,00000,OTHER EXCISION RELATED
202,A20H000,00901,00000,HOSPITAL CHARGES - CASE RATE FEES
202,A20K000,00900,00000,OTHER EXCISION RELATED
202,A20K000,00901,00000,HOSPITAL CHARGES - CASE RATE FEES
202,A20L000,00900,00000,OTHER EXCISION RELATED
202,A20L000,00901,00000,HOSPITAL CHARGES - CASE RATE FEES
202,A20O000,00900,00000,OTHER EXCISION RELATED
202,A20O000,00901,00000,HOSPITAL CHARGES - CASE RATE FEES
202,A20P000,00900,00000,OTHER EXCISION RELATED
202,A20P000,00901,00000,HOSPITAL CHARGES - CASE RATE FEES
202,A20U000,00900,00000,OTHER EXCISION RELATED
202,A20U000,00901,00000,HOSPITAL CHARGES - CASE RATE FEES
202,A400010,00100,00000,RECLASSIFICATIONS
202,A400010,00100,00100,A
202,A400010,00100,00200,TISSUE RELATED COSTS- LIFENET HEALTH
202,A400010,00100,00500,PROCUREMENT COORDINATORS
202,A400010,00200,00000,RECLASSIFICATIONS
202,A400010,00200,00100,A
202,A400010,00200,00200,TISSUE RELATED COSTS- LIFENET HEALTH
202,A400010,00200,00500,PROFESSIONAL EDUCATION
202,A400010,00300,00000,RECLASSIFICATIONS
202,A400010,00300,00100,A
202,A400010,00300,00200,TISSUE RELATED COSTS- LIFENET HEALTH
202,A400010,00300,00500,PUBLIC EDUCATION
202,A400010,00400,00000,RECLASSIFICATIONS
202,A400010,00400,00100,A
202,A400010,00400,00200,TISSUE RELATED COSTS- LIFENET HEALTH
202,A400010,00400,00500,OTHER ACQUISITION
202,A500010,00800,00300,PROCUREMENT COORDINATORS
202,A500010,01200,00300,ADMINISTRATIVE & GENERAL
202,A500010,01500,00000,BAD DEBT EXPENSE
202,A500010,01500,00100,A
202,A500010,01500,00300,ADMINISTRATIVE & GENERAL
202,A500010,01600,00000,DONOR CENTER REVENUE
202,A500010,01600,00100,A
202,A500010,01600,00300,OTHER ACQUISITION
202,A500010,01601,00000,LOBBYING EXPENSE
202,A500010,01601,00100,A
202,A500010,01601,00300,PROCUREMENT COORDINATORS
202,A500010,01602,00000,CONTRIBUTIONS
202,A500010,01602,00100,A
202,A500010,01602,00300,ADMINISTRATIVE & GENERAL
202,A500010,01603,00000,LOSS ON ASSET DISPOSAL
202,A500010,01603,00100,A
202,A500010,01603,00300,ADMINISTRATIVE & GENERAL
202,A500010,01604,00000,LIVING KIDNEY REVENUE
202,A500010,01604,00100,B
202,A500010,01604,00300,PROCUREMENT COORDINATORS
202,A500010,01605,00000,GAIN ON INVESTMENTS
202,A500010,01605,00100,A
202,A500010,01605,00300,ADMINISTRATIVE & GENERAL
202,A500010,01606,00000,LOSS ON FOREIGN CURRENCY EXCH
202,A500010,01606,00100,A
202,A500010,01606,00300,ADMINISTRATIVE & GENERAL
202,A51000A,00100,00100,N
202,A60000A,00700,00000,CONSTRUCTION IN PROGRESS
202,A60000C,00500,00100,N
202,B10000*,00100,00200,CAP BLDG
202,B10000*,00100,00300,CAP COSTS
202,B10000*,00100,00400,EMPLOYEE
202,B10000*,00100,00500,MEDICAL
202,B10000*,00100,00800,ORGAN
202,B10000*,00100,01000,ADMIN &
202,B10000*,00200,00200,OP PLANT &
202,B10000*,00200,00300,MOVABLE
202,B10000*,00200,00400,BENEFITS
202,B10000*,00200,00500,SUPPLIES
202,B10000*,00200,00800,ACQUISITN
202,B10000*,00200,01000,GENERAL
202,B10000*,00300,00200,HOUSEKEEP
202,B10000*,00300,00300,EQUIPMENT
202,B10000*,00300,00800,COSTS
202,B10000*,00400,00200,SQUARE
202,B10000*,00400,00300,DOLLAR
202,B10000*,00400,00400,ADJUST
202,B10000*,00400,00500,COSTED
202,B10000*,00400,00800,NUMBER
202,B10000*,00400,01000,ACCUM
202,B10000*,00500,00200,FEET
202,B10000*,00500,00300,VALUE
202,B10000*,00500,00400,SALARIES
202,B10000*,00500,00500,REQUISIT
202,B10000*,00500,00800,ORGANS
202,B10000*,00500,01000,COSTS
202,B10000*,00600,00200,1
202,B10000*,00600,00300,2
202,B10000*,00600,00400,3
202,B10000*,00600,00500,3
202,B10000*,00600,00800,3
202,B10000*,00600,01000,3
202,B100000,00000,01000,X
202,E000000,00900,00000,OTHER CURRENT ASSETS
202,E000000,02600,00000,CONSTRUCTION IN PROGRESS
202,E000000,03100,00000,OTHER ASSETS
202,E000000,04600,00000,DEFERRED INCOME
202,E000000,04700,00000,OTHER LONG TIME LIABILITIES
202,E100002,00800,00000,ELIMINATION ENTRY FOR CONSOLIDATION
202,E200000,01500,00000,TISSUE BANK REVENUE
202,E200000,01600,00000,DONOR CENTER REVENUE
202,E200000,01700,00000,OTHER INCOME
202,E200000,01800,00000,MEDICARE
202,S000000,00100,00100,X
202,S000000,00400,00100,2
202,S000000,00500,00100,08/27/2020
202,S000000,00600,00100,10001
202,S000000,00700,00100,N
202,S000000,00800,00100,N
202,S000000,00900,00100,12/08/2021
202,S000000,01000,00100,4
202,S000001,00100,00100,LIFENET HEALTH
202,S000001,00100,00200,49P001
202,S000001,00101,00100,1864 CONCERT DRIVE
202,S000001,00102,00100,VIRGINIA BEACH
202,S000001,00102,00200,VA
202,S000001,00102,00300,23453
202,S000001,00300,00100,01/01/2019
202,S000001,00300,00200,12/31/2019
202,S000001,00400,00100,8
202,S000001,00400,00300,1
202,S000001,00400,00400,10/01/1987
202,S000001,00401,00300,1
202,S000002,00100,00200,Y
202,S000002,00300,00100,CFO
202,S000002,00400,00100,08/26/2020
202,S100001,00700,00100,N
202,S100001,00810,00000,INTESTINE
202,S100003,00100,00100,MEDICAL DIRECTOR
202,S100003,00100,00300,MEDICAL DIRECTOR
202,S100003,00100,00500,LAB DIRECTOR
202,S100003,00101,00100,EXEC. DIRECTOR
202,S100003,00101,00300,PROCUREMENT COORDINATOR
202,S100003,00101,00500,TECHNICIANS
202,S100003,00102,00100,CLERICAL
202,S100003,00102,00300,PRESERVATION TECHNICIANS
202,S100003,00102,00500,TISSUE TYPING TECH.
202,S100003,00103,00100,OTHER
202,S100003,00103,00300,OTHER
202,S100003,00103,00500,OTHER
202,S200000,00100,00100,N
202,S200000,00200,00100,N
202,S200000,00300,00100,N
202,S200000,00400,00100,Y
202,S200000,00400,00200,A
202,S200000,00500,00100,N
202,S200000,00600,00300,SR STAFF ACCOUNTANT
202,S200000,00700,00100,LIFENET HEALTH
203,A000000,00100,00000,0100CAPITAL COSTS-BLDG & FIXT
203,A000000,00200,00000,0200CAPITAL COSTS-MVBLE EQUIPMENT
203,A000000,00300,00000,0300EMPLOYEE BENEFITS
203,A000000,00400,00000,0400ADMINISTRATIVE & GENERAL
203,A000000,00500,00000,0500OPERATION AND MAINTENANCE OF PLANT
203,A000000,00600,00000,0600HOUSEKEEPING
203,A000000,00700,00000,0700MEDICAL SUPPLIES
203,A000000,00800,00000,0800OTHER OVERHEAD
203,A000000,00900,00000,0900PROCUREMENT COORDINATORS
203,A000000,01000,00000,1000PROFESSIONAL EDUCATION
203,A000000,01100,00000,1100PUBLIC EDUCATION
203,A000000,01200,00000,1200OTHER ACQUISITION
203,A000000,01300,00000,1300KIDNEY ACQUISITIONS
203,A000000,01400,00000,1400TISSUE TYPING LABORATORY
203,A000000,01500,00000,1500LIVER ACQUISITIONS
203,A000000,01600,00000,1600HEART ACQUISITIONS
203,A000000,01700,00000,1700PANCREAS ACQUISITIONS
203,A000000,01800,00000,1800LUNG ACQUISITIONS
203,A000000,01900,00000,1900OTHER ACQUISITIONS
203,A000000,02100,00000,2100RESEARCH
203,A000000,02200,00000,2200BLOOD BANK
203,A000000,02300,00000,2300LABORATORY-NON-TISSUE TYPING
203,A000000,02400,00000,2400DIALYSIS UNITS
203,A000000,02500,00000,2500OTHER AFFILIATE LABS
203,A100000,01800,00000,CONTRIBUTIONS
203,A100000,01900,00000,OTHER
203,A100000,01901,00000,NON-REIMBURSABLE EXPENSES
203,A300000,00600,00000,TRAINING/EDUCATION TRANSPLANT
203,A300000,00700,00000,OTHER TISSUE TYPING SUPPLIES
203,A300000,00800,00000,OTHER TISSUE TYPING COSTS
203,A400010,00100,00000,DENVER ADMIN ONLY
203,A400010,00100,00100,B
203,A400010,00100,00200,TISSUE TYPING LABORATORY
203,A400010,00100,00500,ADMINISTRATIVE & GENERAL
203,A400010,00200,00000,DENVER ADMIN ONLY
203,A400010,00200,00100,B
203,A400010,00200,00200,LABORATORY-NON-TISSUE TYPING
203,A500010,01500,00000,NONALLOWABLE EXPENSE
203,A500010,01500,00100,A
203,A500010,01500,00300,ADMINISTRATIVE & GENERAL
203,A500010,01601,00000,FY 2018 SAN RAMON START UP COSTS
203,A500010,01601,00100,A
203,A500010,01601,00300,OTHER AFFILIATE LABS
203,A51000A,00100,00100,Y
203,A51000B,00100,00200,ADMINISTRATIVE & GENERAL
203,A51000B,00100,00300,VRL ADMIN COSTS
203,A51000C,00100,00100,B
203,A51000C,00100,00400,EUROFINS VRL  INC
203,A51000C,00100,00600,BIO-ANALYTICAL TESTING
203,A60000A,00700,00000,FIXED ASSET CLEARING
203,A60000C,00500,00100,N
203,B10000*,00100,00200,CAP BLDG
203,B10000*,00100,00300,CAP COSTS
203,B10000*,00100,00400,EMPLOYEE
203,B10000*,00100,00500,MEDICAL
203,B10000*,00100,00800,ORGAN
203,B10000*,00100,01000,ADMIN &
203,B10000*,00200,00200,OP PLANT &
203,B10000*,00200,00300,MOVABLE
203,B10000*,00200,00400,BENEFITS
203,B10000*,00200,00500,SUPPLIES
203,B10000*,00200,00800,ACQUISITN
203,B10000*,00200,01000,GENERAL
203,B10000*,00300,00200,HOUSEKEEP
203,B10000*,00300,00300,EQUIPMENT
203,B10000*,00300,00800,COSTS
203,B10000*,00400,00200,SQUARE
203,B10000*,00400,00300,DOLLAR
203,B10000*,00400,00400,ADJUST
203,B10000*,00400,00500,COSTED
203,B10000*,00400,00600,ACCUMULATE
203,B10000*,00400,00800,NUMBER
203,B10000*,00400,01000,ACCUM
203,B10000*,00500,00200,FEET
203,B10000*,00500,00300,VALUE
203,B10000*,00500,00400,SALARIES
203,B10000*,00500,00500,REQUISIT
203,B10000*,00500,00600,D COST
203,B10000*,00500,00800,ORGANS
203,B10000*,00500,01000,COSTS
203,B10000*,00600,00200,1
203,B10000*,00600,00300,2
203,B10000*,00600,00400,3
203,B10000*,00600,00500,3
203,B10000*,00600,00800,3
203,B10000*,00600,01000,3
203,B100000,00000,01000,X
203,E000000,00900,00000,DUE TO\FROM MEDICARE
203,E000000,02600,00000,OTHER FIXED ASSETS
203,E000000,03100,00000,OTHER ASSETS (INTANGIBLES) NET
203,E000000,03900,00000,ACCRUED EXPENSES
203,E000000,04100,00000,OTHER CURRENT LIABILITIES
203,E000000,04800,00000,DEFERRED INCOME TAXES PAY\(REC)
203,E100002,00300,00000,ADDL EXPENSES FOR AFFILIATE LABS
203,E200000,01500,00000,MISC INCOME
203,E200000,02300,00000,ROUNDING
203,E200000,02600,00000,GAIN(LOSS) ON SALE OF ASSETS
203,E200000,02700,00000,ROUNDING
203,S000000,00100,00100,X
203,S000000,00400,00100,2
203,S000000,00500,00100,06/10/2020
203,S000000,00600,00100,10001
203,S000000,00700,00100,N
203,S000000,00800,00100,N
203,S000000,00900,00100,12/09/2021
203,S000000,01000,00100,4
203,S000001,00100,00100,LABS  INC.
203,S000001,00100,00200,06HL05
203,S000001,00101,00100,6933-B SOUTH REVERE PARKWAY
203,S000001,00102,00100,CENTENNIAL
203,S000001,00102,00200,CO
203,S000001,00102,00300,80112
203,S000001,00300,00100,01/01/2019
203,S000001,00300,00200,12/31/2019
203,S000001,00400,00100,2
203,S000001,00400,00300,2
203,S000001,00400,00400,12/01/2007
203,S000001,00401,00300,1
203,S000002,00100,00200,Y
203,S000002,00300,00100,DIRECTOR OF FINANCE
203,S000002,00400,00100,06/05/2020
203,S100001,00700,00100,N
203,S100001,00810,00000,OTHER
203,S100002,00400,00100,37856D: DIALYSIS KIT
203,S100002,00401,00100,T0014: ABO & RH BLOOD TYPE
203,S100002,00402,00100,T0049: HEMOGLOBIN A1C
203,S100002,00403,00100,T0137: HTLV-I & HTLV-II ANTIBODY
203,S100002,00404,00100,T0149: EBV ANTIBODY - IGG
203,S100002,00405,00100,T0163: HEPATITIS B SURFACE ANTIGEN C
203,S100002,00406,00100,T0170: HLA CLASS I SINGLE ANTIGEN
203,S100002,00407,00100,T0171: HLA CLASS II SINGLE ANTIGEN
203,S100002,00408,00100,T0182: HLA-DRB1 LOW RESOLUTION
203,S100002,00409,00100,T0184: HLA-A B LOW RESOLUTION
203,S100002,00410,00100,T1803: ABO & RH
203,S100002,00411,00100,T1805: ABO/RH W/O WEAK D
203,S100002,00412,00100,T1806: ABO A1 SUBTYPE-MICRO TYPING
203,S100002,00413,00100,T1807: ABO A1 SUBTYPING
203,S100002,00414,00100,T3826: IDM PROFILE # 329
203,S100002,00415,00100,T5003: HLA-DP
203,S100002,00416,00100,T5005: HLA-CW
203,S100002,00417,00100,T5006: HLA - DRB3 4 5 LOW-INTERMEDIA
203,S100002,00418,00100,T5007: HLA DQA1
203,S100002,00419,00100,T5013: HLA-A B C DR DQ DP
203,S100002,00420,00100,T5014: HLA-DQB1
203,S100002,00421,00100,T7112: PROCESSING & STORAGE FEE: SER
203,S100002,00422,00100,T7119: PROCESSING & STORAGE FEE: LYM
203,S100003,00100,00100,MEDICAL DIRECTOR
203,S100003,00100,00300,MEDICAL DIRECTOR
203,S100003,00100,00500,LAB DIRECTOR
203,S100003,00101,00100,EXEC. DIRECTOR
203,S100003,00101,00300,PROCUREMENT COORDINATOR
203,S100003,00101,00500,TECHNICIANS
203,S100003,00102,00100,CLERICAL
203,S100003,00102,00300,PRESERVATION TECHNICIANS
203,S100003,00102,00500,TISSUE TYPING TECH.
203,S100003,00103,00100,OTHER
203,S100003,00103,00300,OTHER
203,S100003,00103,00500,OTHER
203,S200000,00100,00100,N
203,S200000,00200,00100,N
203,S200000,00300,00100,Y
203,S200000,00400,00100,Y
203,S200000,00400,00200,A
203,S200000,00400,00300,08/30/2020
203,S200000,00500,00100,Y
203,S200000,00600,00300,CONTROLLER
203,S200000,00700,00100,VRL EUROFINS
204,A000000,00100,00000,0100CAPITAL COSTS-BLDG & FIXT
204,A000000,00200,00000,0200CAPITAL COSTS-MVBLE EQUIPMENT
204,A000000,00300,00000,0300EMPLOYEE BENEFITS
204,A000000,00400,00000,0400ADMINISTRATIVE & GENERAL
204,A000000,00500,00000,0500OPERATION AND MAINTENANCE OF PLANT
204,A000000,00600,00000,0600HOUSEKEEPING
204,A000000,00700,00000,0700MEDICAL SUPPLIES
204,A000000,00800,00000,0800OTHER OVERHEAD
204,A000000,00900,00000,0900PROCUREMENT COORDINATORS
204,A000000,01000,00000,1000PROFESSIONAL EDUCATION
204,A000000,01100,00000,1100PUBLIC EDUCATION
204,A000000,01300,00000,1300KIDNEY ACQUISITIONS
204,A000000,01400,00000,1400TISSUE TYPING LABORATORY
204,A000000,01500,00000,1500LIVER ACQUISITIONS
204,A000000,01600,00000,1600HEART ACQUISITIONS
204,A000000,01700,00000,1700PANCREAS ACQUISITIONS
204,A000000,01800,00000,1800LUNG ACQUISITIONS
204,A000000,01900,00000,1900VCA/INTESTINE    S
204,A000000,02100,00000,2100RESEARCH
204,A000000,02200,00000,2200BLOOD BANK
204,A000000,02300,00000,2300LABORATORY-NON-TISSUE TYPING
204,A000000,02400,00000,2400DIALYSIS UNITS
204,A000000,02500,00000,2500TISSUE
204,A000000,02501,00000,2501SKIN PROCESSING
204,A100000,01700,00000,POSTAGE
204,A100000,01800,00000,EDUCATION
204,A100000,01900,00000,GAIN/LOSS ON ASSETS
204,A100000,01901,00000,ADVISORY/BANK/LATE FEES
204,A20K000,00901,00000,PERFUSION COSTS
204,A400010,00100,00000,RENT/LEASE FOR BLDG
204,A400010,00100,00100,A
204,A400010,00100,00200,CAPITAL COSTS-BLDG & FIXT
204,A400010,00100,00500,ADMINISTRATIVE & GENERAL
204,A400010,00200,00000,837758
204,A400010,00200,00100,B
204,A400010,00200,00200,TISSUE
204,A400010,00200,00500,PROCUREMENT COORDINATORS
204,A400010,00300,00000,TISSUE COST FR PUB ED TO NON-REIMB
204,A400010,00300,00100,C
204,A400010,00300,00200,TISSUE
204,A400010,00300,00500,PUBLIC EDUCATION
204,A400010,00400,00000,TISSUE COST FR PROF ED TO NON-REIMB
204,A400010,00400,00100,D
204,A400010,00400,00200,TISSUE
204,A400010,00400,00500,PROFESSIONAL EDUCATION
204,A400010,00500,00000,CONTRACT SERV NON ORG
204,A400010,00500,00100,E
204,A400010,00500,00200,OPERATION AND MAINTENANCE OF PLANT
204,A400010,00500,00500,PROCUREMENT COORDINATORS
204,A400010,00600,00000,POL DEPT COSTS TO KIDNEY ACQUSITION
204,A400010,00600,00100,F
204,A400010,00600,00200,KIDNEY ACQUISITIONS
204,A400010,00600,00500,SKIN PROCESSING
204,A400010,00700,00000,POL DEPT COSTS TO ORGAN PROC COORD
204,A400010,00700,00100,G
204,A400010,00700,00200,PROCUREMENT COORDINATORS
204,A400010,00700,00500,SKIN PROCESSING
204,A500010,00700,00100,B
204,A500010,00700,00300,ADMINISTRATIVE & GENERAL
204,A500010,01500,00000,DONATIONS
204,A500010,01500,00100,A
204,A500010,01500,00300,ADMINISTRATIVE & GENERAL
204,A500010,01501,00000,RESEARCH ORGAN REVENUE
204,A500010,01501,00100,B
204,A500010,01501,00300,PROCUREMENT COORDINATORS
204,A500010,01502,00000,ALCOHOL
204,A500010,01502,00100,A
204,A500010,01502,00300,ADMINISTRATIVE & GENERAL
204,A500010,01503,00000,LOBBYING AOPO
204,A500010,01503,00100,A
204,A500010,01503,00300,ADMINISTRATIVE & GENERAL
204,A500010,01504,00000,LATE FEES
204,A500010,01504,00100,A
204,A500010,01504,00300,ADMINISTRATIVE & GENERAL
204,A500010,01600,00000,SURG FEES OVER $1 250 PER DONOR
204,A500010,01600,00100,A
204,A500010,01600,00300,KIDNEY ACQUISITIONS
204,A500010,01601,00000,LIVING DONOR COSTS
204,A500010,01601,00100,A
204,A500010,01601,00300,PROCUREMENT COORDINATORS
204,A500010,01602,00000,NONALLOWABLE EXP
204,A500010,01602,00100,A
204,A500010,01602,00300,ADMINISTRATIVE & GENERAL
204,A500010,01603,00000,NONALLOWABLE EXP
204,A500010,01603,00100,A
204,A500010,01603,00300,PROCUREMENT COORDINATORS
204,A500010,01604,00000,NONALLOWABLE EXP
204,A500010,01604,00100,A
204,A500010,01604,00300,PUBLIC EDUCATION
204,A500010,01605,00000,DLMD ACCTING
204,A500010,01605,00100,A
204,A500010,01605,00300,ADMINISTRATIVE & GENERAL
204,A500010,01606,00000,GAIN / (LOSS) ON ASSETS
204,A500010,01606,00100,B
204,A500010,01606,00300,ADMINISTRATIVE & GENERAL
204,A500010,01607,00000,GRANT EXPENSE
204,A500010,01607,00100,A
204,A500010,01607,00300,ADMINISTRATIVE & GENERAL
204,A500010,01608,00000,ONLINE STORE
204,A500010,01608,00100,B
204,A500010,01608,00300,PUBLIC EDUCATION
204,A51000A,00100,00100,N
204,A60000C,00500,00100,N
204,B10000*,00100,00200,CAP BLDG
204,B10000*,00100,00300,CAP COSTS
204,B10000*,00100,00400,EMPLOYEE
204,B10000*,00100,00500,MEDICAL
204,B10000*,00100,00800,ORGAN
204,B10000*,00100,01000,ADMIN &
204,B10000*,00200,00200,OP PLANT &
204,B10000*,00200,00300,MOVABLE
204,B10000*,00200,00400,BENEFITS
204,B10000*,00200,00500,SUPPLIES
204,B10000*,00200,00800,ACQUISITN
204,B10000*,00200,01000,GENERAL
204,B10000*,00300,00200,HOUSEKEEP
204,B10000*,00300,00300,EQUIPMENT
204,B10000*,00300,00800,COSTS
204,B10000*,00400,00200,SQUARE
204,B10000*,00400,00300,DOLLAR
204,B10000*,00400,00400,ADJUST
204,B10000*,00400,00500,COSTED
204,B10000*,00400,00800,NUMBER
204,B10000*,00400,01000,ACCUM
204,B10000*,00500,00200,FEET
204,B10000*,00500,00300,VALUE
204,B10000*,00500,00400,SALARIES
204,B10000*,00500,00500,REQUISIT
204,B10000*,00500,00800,ORGANS
204,B10000*,00500,01000,COSTS
204,B10000*,00600,00200,1
204,B10000*,00600,00300,2
204,B10000*,00600,00400,3
204,B10000*,00600,00500,3
204,B10000*,00600,00800,3
204,B10000*,00600,01000,3
204,B100000,00000,01000,X
204,E000000,00900,00000,OTHER CURRENT ASSETS
204,E000000,02600,00000,OTHER FIXED ASSETS
204,E000000,03100,00000,31 31 DEFERRED COMP/RESTRICTED CASH
204,E000000,04600,00000,DEFERRED COMPENSATION
204,E000000,04700,00000,RESTRICTED LIABILITY
204,E100001,00700,00000,SKIN
204,E100001,00800,00000,MISC ORGANS
204,E100001,00900,00000,CORNEA/HV/VEINS
204,S000000,00100,00100,X
204,S000000,00400,00100,2
204,S000000,00500,00100,07/14/2020
204,S000000,00600,00100,10001
204,S000000,00700,00100,N
204,S000000,00800,00100,N
204,S000000,00900,00100,12/09/2021
204,S000000,01000,00100,4
204,S000001,00100,00100,THE LIVING LEGACY FOUNDATION
204,S000001,00100,00200,21P001
204,S000001,00101,00100,1730 TWIN SPRINGS ROAD  SUITE 200
204,S000001,00102,00100,BALTIMORE
204,S000001,00102,00200,MD
204,S000001,00102,00300,21227
204,S000001,00300,00100,01/01/2019
204,S000001,00300,00200,12/31/2019
204,S000001,00400,00100,8
204,S000001,00400,00300,1
204,S000001,00400,00400,01/01/2013
204,S000001,00401,00300,1
204,S100001,00700,00100,N
204,S100001,00810,00000,VCA
204,S100001,00811,00000,INTESTINES
204,S100001,00812,00000,VEIN/NERVES
204,S100003,00100,00100,MEDICAL DIRECTOR
204,S100003,00100,00300,MEDICAL DIRECTOR
204,S100003,00100,00500,LAB DIRECTOR
204,S100003,00101,00100,EXEC. DIRECTOR
204,S100003,00101,00300,PROCUREMENT COORDINATOR
204,S100003,00101,00500,TECHNICIANS
204,S100003,00102,00100,OTHER
204,S100003,00102,00300,OTHER
204,S100003,00102,00500,OTHER
204,S100003,00103,00100,OTHER
204,S100003,00103,00300,OTHER
204,S100003,00103,00500,OTHER
204,S200000,00100,00100,N
204,S200000,00200,00100,N
204,S200000,00300,00100,N
204,S200000,00400,00100,Y
204,S200000,00400,00200,A
204,S200000,00500,00100,Y
204,S200000,00600,00300,CFO
204,S200000,00700,00100,THE LIVING LEGACY FOUNDATION
205,A000000,00100,00000,0100CAPITAL COSTS-BLDG & FIXT
205,A000000,00200,00000,0200CAPITAL COSTS-MVBLE EQUIPMENT
205,A000000,00300,00000,0300EMPLOYEE BENEFITS
205,A000000,00400,00000,0400ADMINISTRATIVE & GENERAL
205,A000000,00500,00000,0500OPERATION AND MAINTENANCE OF PLANT
205,A000000,00600,00000,0600HOUSEKEEPING
205,A000000,00700,00000,0700MEDICAL SUPPLIES
205,A000000,00800,00000,0800OTHER OVERHEAD
205,A000000,00900,00000,0900PROCUREMENT COORDINATORS
205,A000000,01000,00000,1000PROFESSIONAL EDUCATION
205,A000000,01100,00000,1100PUBLIC EDUCATION
205,A000000,01200,00000,1200OTHER ACQUISITION
205,A000000,01300,00000,1300KIDNEY ACQUISITIONS
205,A000000,01400,00000,1400TISSUE TYPING LABORATORY
205,A000000,01500,00000,1500LIVER ACQUISITIONS
205,A000000,01600,00000,1600HEART ACQUISITIONS
205,A000000,01700,00000,1700PANCREAS ACQUISITIONS
205,A000000,01800,00000,1800LUNG ACQUISITIONS
205,A000000,01900,00000,1900INTESTINE
205,A000000,02100,00000,2100RESEARCH
205,A000000,02200,00000,2200BLOOD BANK
205,A000000,02300,00000,2300LABORATORY-NON-TISSUE TYPING
205,A000000,02400,00000,2400DIALYSIS UNITS
205,A000000,02500,00000,2500OTHER NON-REIMBURSABLE
205,A100000,01700,00000,PROFESSIONAL CONSULTING FEES  DUES
205,A100000,01800,00000,INDIRECT CIST ALLOCATION
205,A400010,00100,00000,BUILDING RENT
205,A400010,00100,00100,A
205,A400010,00100,00200,CAPITAL COSTS-BLDG & FIXT
205,A400010,00100,00500,ADMINISTRATIVE & GENERAL
205,A400010,00200,00000,LEASED VEHICLES
205,A400010,00200,00100,B
205,A400010,00200,00200,CAPITAL COSTS-MVBLE EQUIPMENT
205,A400010,00200,00500,ADMINISTRATIVE & GENERAL
205,A400010,00300,00000,PROF ED AND PUBLIC ED COSTS
205,A400010,00300,00100,C
205,A400010,00300,00200,PROFESSIONAL EDUCATION
205,A400010,00300,00500,ADMINISTRATIVE & GENERAL
205,A400010,00400,00000,PROF ED AND PUBLIC ED COSTS
205,A400010,00400,00100,C
205,A400010,00400,00200,PUBLIC EDUCATION
205,A400010,00500,00000,CLINICAL CONSULTING FEES
205,A400010,00500,00100,D
205,A400010,00500,00200,PROCUREMENT COORDINATORS
205,A400010,00500,00500,ADMINISTRATIVE & GENERAL
205,A500010,00700,00100,B
205,A500010,00700,00300,CAPITAL COSTS-BLDG & FIXT
205,A500010,00800,00100,B
205,A500010,00800,00300,PROCUREMENT COORDINATORS
205,A500010,00900,00100,B
205,A500010,00900,00300,ADMINISTRATIVE & GENERAL
205,A500010,01000,00100,B
205,A500010,01000,00300,ADMINISTRATIVE & GENERAL
205,A500010,01500,00000,NON-ALLOWABLE COST
205,A500010,01500,00100,A
205,A500010,01500,00300,PROCUREMENT COORDINATORS
205,A500010,01600,00000,AOPO LOBBYING
205,A500010,01600,00100,A
205,A500010,01600,00300,ADMINISTRATIVE & GENERAL
205,A500010,01601,00000,MTF\CL  DFS & HD SERVICES REVENUE
205,A500010,01601,00100,B
205,A500010,01601,00300,PROCUREMENT COORDINATORS
205,A500010,01602,00000,MTF\CL ADMIN SERVICES REVENUE
205,A500010,01602,00100,B
205,A500010,01602,00300,ADMINISTRATIVE & GENERAL
205,A500010,01603,00000,EXCESS SURGEON FEES
205,A500010,01603,00100,A
205,A500010,01603,00300,KIDNEY ACQUISITIONS
205,A51000A,00100,00100,Y
205,A51000B,00100,00200,ADMINISTRATIVE & GENERAL
205,A51000B,00100,00300,INDIRECT COST
205,A51000C,00100,00100,B
205,A51000C,00100,00400,ALBANY MEDICAL COLLEGE
205,A51000C,00100,00600,MEDICAL SCHOOL
205,A60000A,00700,00000,CAPITAL LEASE
205,A60000B,00800,00000,CAPITAL LEASE
205,A60000C,00500,00100,N
205,B10000*,00100,00200,CAP BLDG
205,B10000*,00100,00300,CAP COSTS
205,B10000*,00100,00400,EMPLOYEE
205,B10000*,00100,00500,MEDICAL
205,B10000*,00100,00800,ORGAN
205,B10000*,00100,01000,ADMIN &
205,B10000*,00200,00200,OP PLANT &
205,B10000*,00200,00300,MOVABLE
205,B10000*,00200,00400,BENEFITS
205,B10000*,00200,00500,SUPPLIES
205,B10000*,00200,00800,ACQUISITN
205,B10000*,00200,01000,GENERAL
205,B10000*,00300,00200,HOUSEKEEP
205,B10000*,00300,00300,EQUIPMENT
205,B10000*,00300,00800,COSTS
205,B10000*,00400,00200,SQUARE
205,B10000*,00400,00300,DOLLAR
205,B10000*,00400,00400,ADJUST
205,B10000*,00400,00500,COSTED
205,B10000*,00400,00600,NUMBER
205,B10000*,00400,00800,NUMBER
205,B10000*,00400,01000,ACCUM
205,B10000*,00500,00200,FEET
205,B10000*,00500,00300,VALUE
205,B10000*,00500,00400,SALARIES
205,B10000*,00500,00500,REQUISIT
205,B10000*,00500,00600,ORGANS
205,B10000*,00500,00800,ORGANS
205,B10000*,00500,01000,COSTS
205,B10000*,00600,00200,1
205,B10000*,00600,00300,2
205,B10000*,00600,00400,3
205,B10000*,00600,00500,3
205,B10000*,00600,00800,3
205,B10000*,00600,01000,3
205,B100000,00000,01000,X
205,S000000,00100,00100,X
205,S000000,00400,00100,2
205,S000000,00500,00100,07/17/2020
205,S000000,00600,00100,10001
205,S000000,00700,00100,N
205,S000000,00800,00100,N
205,S000000,00900,00100,12/09/2021
205,S000000,01000,00100,4
205,S000001,00100,00100,CENTER FOR DONATION AND TRANSPLANT
205,S000001,00100,00200,33P004
205,S000001,00101,00100,218 GREAT OAKS BLVD
205,S000001,00102,00100,ALBANY
205,S000001,00102,00200,NY
205,S000001,00102,00300,12203
205,S000001,00300,00100,01/01/2019
205,S000001,00300,00200,12/31/2019
205,S000001,00400,00100,6
205,S000001,00400,00300,1
205,S000001,00400,00400,01/01/1980
205,S000001,00401,00300,1
205,S000002,00100,00200,Y
205,S000002,00300,00100,DIRECTOR OF FINANCE
205,S000002,00400,00100,07/16/2020
205,S100001,00700,00100,N
205,S100001,00810,00000,LARGE INTESTINE
205,S100003,00100,00100,MEDICAL DIRECTOR
205,S100003,00100,00300,MEDICAL DIRECTOR
205,S100003,00100,00500,LAB DIRECTOR
205,S100003,00101,00100,EXEC. DIRECTOR
205,S100003,00101,00300,PROCUREMENT COORDINATOR
205,S100003,00101,00500,TECHNICIANS
205,S100003,00102,00100,CLERICAL
205,S100003,00102,00300,PRESERVATION TECHNICIANS
205,S100003,00102,00500,TISSUE TYPING TECH.
205,S100003,00103,00100,OTHER
205,S100003,00103,00300,OTHER
205,S100003,00103,00500,OTHER
205,S200000,00100,00100,N
205,S200000,00200,00100,N
205,S200000,00300,00100,Y
205,S200000,00400,00100,Y
205,S200000,00400,00200,A
205,S200000,00500,00100,Y
205,S200000,00600,00300,DIRECTOR OF FINANCE
205,S200000,00700,00100,CENTER FOR DONATION & TRANSPLANT
206,A000000,00100,00000,0100CAPITAL COSTS-BLDG & FIXT
206,A000000,00200,00000,0200CAPITAL COSTS-MVBLE EQUIPMENT
206,A000000,00300,00000,0300EMPLOYEE BENEFITS
206,A000000,00400,00000,0400ADMINISTRATIVE & GENERAL
206,A000000,00500,00000,0500OPERATION AND MAINTENANCE OF PLANT
206,A000000,00600,00000,0600HOUSEKEEPING
206,A000000,00700,00000,0700MEDICAL SUPPLIES
206,A000000,00800,00000,0800OTHER OVERHEAD
206,A000000,00900,00000,0900PROCUREMENT COORDINATORS
206,A000000,01000,00000,1000PROFESSIONAL EDUCATION
206,A000000,01100,00000,1100PUBLIC EDUCATION
206,A000000,01300,00000,1300KIDNEY ACQUISITIONS
206,A000000,01400,00000,1400TISSUE TYPING LABORATORY
206,A000000,01500,00000,1500LIVER ACQUISITIONS
206,A000000,01600,00000,1600HEART ACQUISITIONS
206,A000000,01700,00000,1700PANCREAS ACQUISITIONS
206,A000000,01800,00000,1800LUNG ACQUISITIONS
206,A000000,01900,00000,1900OTHER ACQUISITIONS 2
206,A000000,02100,00000,2100RESEARCH
206,A000000,02200,00000,2200BLOOD BANK
206,A000000,02300,00000,2300LABORATORY-NON-TISSUE TYPING
206,A000000,02400,00000,2400DIALYSIS UNITS
206,A100000,01700,00000,TECHNICAL STAFF
206,A100000,01800,00000,OTHER OUTSIDE SERVICES
206,A100000,01900,00000,FACILITY COSTS
206,A100000,01901,00000,OTHER PEOPLE COSTS
206,A100000,01902,00000,OTHER FINANCIAL EXPENSE
206,A300000,00600,00000,TECH ASSISTANTS
206,A300000,00700,00000,LAB SUPPLIES
206,A300000,00900,00000,EQUIPMENT COSTS
206,A300000,01000,00000,FREIGHT
206,A300000,01001,00000,TELEPHONE
206,A300000,01002,00000,LICENSES/FEES
206,A300000,01003,00000,OTHER PEOPLE COSTS
206,A300000,01004,00000,LIABILITY INSURANCE
206,A300000,01005,00000,OTHER OUTSIDE SERVICES
206,A300000,01006,00000,BOOKS AND SUBSCRIPTIONS
206,A300000,01007,00000,ELECTRICITY
206,A400010,00100,00000,RENT
206,A400010,00100,00100,A
206,A400010,00100,00200,CAPITAL COSTS-BLDG & FIXT
206,A400010,00100,00500,ADMINISTRATIVE & GENERAL
206,A400010,00200,00000,RENT
206,A400010,00200,00100,A
206,A400010,00200,00200,HOUSEKEEPING
206,A400010,00200,00500,ADMINISTRATIVE & GENERAL
206,A400010,00300,00000,RENT
206,A400010,00300,00100,A
206,A400010,00300,00200,CAPITAL COSTS-BLDG & FIXT
206,A400010,00300,00500,ADMINISTRATIVE & GENERAL
206,A500010,00100,00100,A
206,A500010,00100,00300,TISSUE TYPING LABORATORY
206,A500010,01200,00100,B
206,A500010,01200,00300,ADMINISTRATIVE & GENERAL
206,A500010,01500,00000,SE DISCOUNTS
206,A500010,01500,00100,A
206,A500010,01500,00300,ADMINISTRATIVE & GENERAL
206,A500010,01501,00000,ATED EXPENSE
206,A500010,01501,00100,A
206,A500010,01501,00300,ADMINISTRATIVE & GENERAL
206,A500010,01502,00000,NTS CLIN LAB
206,A500010,01502,00100,A
206,A500010,01502,00300,LABORATORY-NON-TISSUE TYPING
206,A51000A,00100,00100,N
206,A60000C,00500,00100,N
206,B10000*,00100,00200,CAP BLDG
206,B10000*,00100,00300,CAP COSTS
206,B10000*,00100,00400,EMPLOYEE
206,B10000*,00100,00500,MEDICAL
206,B10000*,00100,00800,ORGAN
206,B10000*,00100,01000,ADMIN &
206,B10000*,00200,00200,OP PLANT &
206,B10000*,00200,00300,MOVABLE
206,B10000*,00200,00400,BENEFITS
206,B10000*,00200,00500,SUPPLIES
206,B10000*,00200,00800,ACQUISITN
206,B10000*,00200,01000,GENERAL
206,B10000*,00300,00200,HOUSEKEEP
206,B10000*,00300,00300,EQUIPMENT
206,B10000*,00300,00800,COSTS
206,B10000*,00400,00200,SQUARE
206,B10000*,00400,00300,DOLLAR
206,B10000*,00400,00400,ADJUST
206,B10000*,00400,00500,COSTED
206,B10000*,00400,00800,NUMBER
206,B10000*,00400,01000,ACCUM
206,B10000*,00500,00200,FEET
206,B10000*,00500,00300,VALUE
206,B10000*,00500,00400,SALARIES
206,B10000*,00500,00500,REQUISIT
206,B10000*,00500,00800,ORGANS
206,B10000*,00500,01000,COSTS
206,B10000*,00600,00200,1
206,B10000*,00600,00300,2
206,B10000*,00600,00400,3
206,B10000*,00600,00500,3
206,B10000*,00600,00800,3
206,B10000*,00600,01000,3
206,B100000,00000,01000,X
206,E000000,00900,00000,OTHER CURRENT ASSETS
206,E000000,02600,00000,OTHER FIXED ASSETS
206,E000000,04100,00000,OTHER FEES/TAXES PAYABLE
206,E000000,04600,00000,ROUNDING
206,S000000,00100,00100,X
206,S000000,00400,00100,2
206,S000000,00500,00100,06/09/2020
206,S000000,00600,00100,10001
206,S000000,00700,00100,N
206,S000000,00800,00100,N
206,S000000,00900,00100,12/09/2021
206,S000000,01000,00100,4
206,S000001,00100,00100,SOUTHWEST IMMUNODIAGNOSTICS  INC.
206,S000001,00100,00200,45HL04
206,S000001,00101,00100,8122 DATAPOINT #912
206,S000001,00102,00100,SAN ANTONIO
206,S000001,00102,00200,TX
206,S000001,00102,00300,78229
206,S000001,00300,00100,01/01/2019
206,S000001,00300,00200,12/31/2019
206,S000001,00400,00100,2
206,S000001,00400,00300,2
206,S000001,00400,00400,02/07/1985
206,S000001,00401,00300,1
206,S100001,00700,00100,N
206,S100001,00810,00000,OTHER
206,S100002,00400,00100,BLOOD TYPING  ABO ONLY
206,S100002,00401,00100,FLOW DSA CROSSMATCH
206,S100002,00402,00100,FLOW DSA CROSSMATCH (STAT)
206,S100002,00403,00100,HLA-DRB 3 4 5 (LOW RESOLUTION)
206,S100002,00404,00100,AUTOCROSSMATCH
206,S100002,00405,00100,HLA-A DNA (LOW RESOLUTION)
206,S100002,00406,00100,HLA-DQA1 (HIGH RESOLUTION)
206,S100002,00407,00100,HLA-B DNA (LOW RESOLUTION)
206,S100002,00408,00100,HLA-DR: DNA SSP
206,S100002,00409,00100,HLA-DD: SSP CLASS I
206,S100002,00410,00100,HLA-DD: DNA CLASS II
206,S100002,00411,00100,ABO ISOAGGLUTIN ANTIBODY TITER
206,S100002,00412,00100,FLOW CROSSMATCH
206,S100002,00413,00100,FLOW CROSSMATCH (STAT)
206,S100002,00414,00100,ANTIBODY SCREEN BY FLOW
206,S100002,00415,00100,ANTIBODY SPECIFICITY CLASS I
206,S100002,00416,00100,ANTIBODY SPECIFICITY CLASS II
206,S100002,00417,00100,ABO ISOAGGLUTIN ANTIBODY TITER(STAT
206,S100002,00418,00100,HLA-A B C DNA (LOW RESOLUTION)
206,S100002,00419,00100,HLA-A B C DNA (LOW RESOLUTION)STAT
206,S100002,00420,00100,HLA-C DNA (LOW RESOLUTION)
206,S100002,00421,00100,AHG-ABO TITER
206,S100002,00422,00100,HLA-DP TYPING
206,S100002,00423,00100,FLOW CROSSMATCH W/ TITER
206,S100002,00424,00100,HLA-DQ (HIGH RESOLUTION)
206,S100002,00425,00100,ANTIBODY SPECIFICITY CLASS I STAT
206,S100002,00426,00100,ANTIBODY SPECIFICITY CLASSII STAT
206,S100002,00427,00100,CELL ISOLATION AND FREEZE
206,S100002,00428,00100,ABO MOLECULAR
206,S100002,00429,00100,HLA-DD: SSP CLASS I
206,S100002,00430,00100,HLA-DD: DNA CLASS II
206,S100002,00431,00100,HLA-DD: DP TYPING
206,S100002,00432,00100,ABO BLOOD GROUP-MOLECULAR
206,S100003,00100,00100,MEDICAL DIRECTOR
206,S100003,00100,00300,MEDICAL DIRECTOR
206,S100003,00100,00500,LAB DIRECTOR
206,S100003,00101,00100,EXEC. DIRECTOR
206,S100003,00101,00300,PROCUREMENT COORDINATOR
206,S100003,00101,00500,TECHNICIANS
206,S100003,00102,00100,CLERICAL
206,S100003,00102,00300,PRESERVATION TECHNICIANS
206,S100003,00102,00500,TISSUE TYPING TECH.
206,S100003,00103,00100,OTHER
206,S100003,00103,00300,OTHER
206,S100003,00103,00500,OTHER
206,S200000,00100,00100,N
206,S200000,00200,00100,N
206,S200000,00300,00100,N
206,S200000,00400,00100,Y
206,S200000,00400,00200,C
206,S200000,00500,00100,N
206,S200000,00600,00300,CONTROLLER
206,S200000,00700,00100,SOUTHWEST IMMUNODIAGNOSTICS  INC.
207,A000000,00100,00000,0100CAPITAL COSTS-BLDG & FIXT
207,A000000,00200,00000,0200CAPITAL COSTS-MVBLE EQUIPMENT
207,A000000,00300,00000,0300EMPLOYEE BENEFITS
207,A000000,00400,00000,0400ADMINISTRATIVE & GENERAL
207,A000000,00500,00000,0500OPERATION AND MAINTENANCE OF PLANT
207,A000000,00600,00000,0600HOUSEKEEPING
207,A000000,00700,00000,0700MEDICAL SUPPLIES
207,A000000,00800,00000,0800OTHER OVERHEAD
207,A000000,00900,00000,0900PROCUREMENT COORDINATORS
207,A000000,01000,00000,1000PROFESSIONAL EDUCATION
207,A000000,01100,00000,1100PUBLIC EDUCATION
207,A000000,01200,00000,1200OTHER ACQUISITION
207,A000000,01300,00000,1300KIDNEY ACQUISITIONS
207,A000000,01400,00000,1400TISSUE TYPING LABORATORY
207,A000000,01500,00000,1500LIVER ACQUISITIONS
207,A000000,01600,00000,1600HEART ACQUISITIONS
207,A000000,01700,00000,1700PANCREAS ACQUISITIONS
207,A000000,01800,00000,1800LUNG ACQUISITIONS
207,A000000,01900,00000,1900BOWEL
207,A000000,01901,00000,1901VCA
207,A000000,01902,00000,1903OTHER ACQUISITIONS
207,A000000,02100,00000,2100RESEARCH
207,A000000,02200,00000,2200BLOOD BANK
207,A000000,02300,00000,2300LABORATORY-NON-TISSUE TYPING
207,A000000,02400,00000,2400DIALYSIS UNITS
207,A000000,02500,00000,2500TISSUE RECOVERY
207,A100000,01700,00000,DUES AND MEMBERSHIPS
207,A20H000,00900,00000,HOSPITAL FEES
207,A20H000,02100,00000,RECOVERY SUPPLIES
207,A20K000,00900,00000,HOSPITAL FEES
207,A20K000,02100,00000,RECOVERY SUPPLIES
207,A20L000,00900,00000,HOSPITAL FEES
207,A20L000,02100,00000,RECOVERY SUPPLIES
207,A20O000,00900,00000,HOSPITAL FEES
207,A20O001,00900,00000,HOSPITAL FEES
207,A20P000,00900,00000,HOSPITAL FEES
207,A20P000,02100,00000,RECOVERY SUPPLIES
207,A20U000,00900,00000,HOSPITAL FEES
207,A20U000,02100,00000,RECOVERY SUPPLIES
207,A400010,00100,00000,RECLASSIFICATIONS
207,A400010,00100,00100,A
207,A400010,00100,00200,TISSUE RECOVERY
207,A400010,00100,00500,PROCUREMENT COORDINATORS
207,A400010,00200,00000,RECLASSIFICATIONS
207,A400010,00200,00100,A
207,A400010,00200,00200,TISSUE RECOVERY
207,A400010,00200,00500,PROFESSIONAL EDUCATION
207,A400010,00300,00000,RECLASSIFICATIONS
207,A400010,00300,00100,A
207,A400010,00300,00200,TISSUE RECOVERY
207,A400010,00300,00500,PUBLIC EDUCATION
207,A400010,00400,00000,RECLASSIFICATIONS
207,A400010,00400,00100,A
207,A400010,00400,00200,ADMINISTRATIVE & GENERAL
207,A400010,00400,00500,CAPITAL COSTS-BLDG & FIXT
207,A400010,00500,00000,RECLASSIFICATIONS
207,A400010,00500,00100,A
207,A400010,00500,00200,ADMINISTRATIVE & GENERAL
207,A400010,00500,00500,CAPITAL COSTS-MVBLE EQUIPMENT
207,A500010,00700,00100,B
207,A500010,00700,00300,CAPITAL COSTS-BLDG & FIXT
207,A500010,00800,00100,B
207,A500010,00800,00300,PROCUREMENT COORDINATORS
207,A500010,01400,00100,A
207,A500010,01400,00300,CAPITAL COSTS-MVBLE EQUIPMENT
207,A500010,01500,00000,OTHER - LOBBYING FROM DUES
207,A500010,01500,00100,A
207,A500010,01500,00300,ADMINISTRATIVE & GENERAL
207,A51000A,00100,00100,Y
207,A51000B,00100,00200,ADMINISTRATIVE & GENERAL
207,A51000B,00100,00300,POOLED HOME OFFICE COSTS
207,A51000B,00200,00200,OPERATION AND MAINTENANCE OF PLANT
207,A51000B,00200,00300,POOLED HOME OFFICE COSTS
207,A51000B,00300,00200,PROCUREMENT COORDINATORS
207,A51000B,00300,00300,DIRECT OPO COSTS
207,A51000B,00400,00200,PROCUREMENT COORDINATORS
207,A51000B,00400,00300,FUNCTIONAL HOME OFFICE COSTS
207,A51000B,00401,00200,PROFESSIONAL EDUCATION
207,A51000B,00401,00300,DIRECT OPO COSTS
207,A51000B,00402,00200,PUBLIC EDUCATION
207,A51000B,00402,00300,FUNCTIONAL HOME OFFICE COSTS
207,A51000B,00403,00200,KIDNEY ACQUISITIONS
207,A51000B,00403,00300,FUNCTIONAL HOME OFFICE COSTS
207,A51000B,00404,00200,LIVER ACQUISITIONS
207,A51000B,00404,00300,FUNCTIONAL HOME OFFICE COSTS
207,A51000B,00405,00200,HEART ACQUISITIONS
207,A51000B,00405,00300,FUNCTIONAL HOME OFFICE COSTS
207,A51000B,00406,00200,PANCREAS ACQUISITIONS
207,A51000B,00406,00300,FUNCTIONAL HOME OFFICE COSTS
207,A51000B,00407,00200,LUNG ACQUISITIONS
207,A51000B,00407,00300,FUNCTIONAL HOME OFFICE COSTS
207,A51000B,00408,00200,MEDICAL SUPPLIES
207,A51000B,00408,00300,FUNCTIONAL HOME OFFICE COSTS
207,A51000B,00409,00200,TISSUE RECOVERY
207,A51000B,00409,00300,FUNCTIONAL HOME OFFICE COSTS
207,A51000C,00100,00100,B
207,A51000C,00100,00200,NEW ENGLAND DONOR SERVICES  INC.
207,A51000C,00100,00400,NEW ENGLAND DONOR SERVICES  INC.
207,A51000C,00100,00600,PARENT COMPANY
207,A60000A,00700,00000,LEASEHOLD IMPROVEMENTS
207,A60000B,00800,00000,LEASEHOLD IMPROVEMENTS
207,A60000C,00500,00100,N
207,B10000*,00100,00200,CAP BLDG
207,B10000*,00100,00300,CAP COSTS
207,B10000*,00100,00400,EMPLOYEE
207,B10000*,00100,00500,MEDICAL
207,B10000*,00100,00800,ORGAN
207,B10000*,00100,01000,ADMIN &
207,B10000*,00200,00200,OP PLANT &
207,B10000*,00200,00300,MOVABLE
207,B10000*,00200,00400,BENEFITS
207,B10000*,00200,00500,SUPPLIES
207,B10000*,00200,00800,ACQUISITN
207,B10000*,00200,01000,GENERAL
207,B10000*,00300,00200,HOUSEKEEP
207,B10000*,00300,00300,EQUIPMENT
207,B10000*,00300,00800,COSTS
207,B10000*,00400,00200,SQUARE
207,B10000*,00400,00300,DOLLAR
207,B10000*,00400,00400,ADJUST
207,B10000*,00400,00500,COSTED
207,B10000*,00400,00800,NUMBER
207,B10000*,00400,01000,ACCUM
207,B10000*,00500,00200,FEET
207,B10000*,00500,00300,VALUE
207,B10000*,00500,00400,SALARIES
207,B10000*,00500,00500,REQUISIT
207,B10000*,00500,00800,ORGANS
207,B10000*,00500,01000,COSTS
207,B10000*,00600,00200,1
207,B10000*,00600,00300,2
207,B10000*,00600,00400,3
207,B10000*,00600,00500,3
207,B10000*,00600,00800,3
207,B10000*,00600,01000,3
207,B100000,00000,01000,X
207,E000000,00900,00000,OTHER CURRENT ASSETS
207,E000000,02600,00000,OTHER FIXED ASSETS
207,E000000,03100,00000,DUE FROM AFFILIATED ORGANIZATIONS
207,E000000,03900,00000,DUE TO FROM MEDICARE
207,E000000,04100,00000,ACCRUED EXPENSES
207,E200000,01500,00000,OTHER REVENUE
207,E200000,01600,00000,MEDICARE ADJUSTMENT
207,S000000,00100,00100,X
207,S000000,00400,00100,2
207,S000000,00500,00100,07/07/2020
207,S000000,00600,00100,10001
207,S000000,00700,00100,N
207,S000000,00800,00100,N
207,S000000,00900,00100,12/10/2021
207,S000000,01000,00100,4
207,S000001,00100,00100,NEW ENGLAND ORGAN BANK  INC.
207,S000001,00100,00200,22P001
207,S000001,00101,00100,60 FIRST AVENUE
207,S000001,00102,00100,WALTHAM
207,S000001,00102,00200,MA
207,S000001,00102,00300,02451
207,S000001,00300,00100,01/01/2019
207,S000001,00300,00200,12/31/2019
207,S000001,00400,00100,6
207,S000001,00400,00300,1
207,S000001,00400,00400,07/01/2004
207,S000001,00401,00300,1
207,S100001,00700,00100,N
207,S100001,00810,00000,BOWEL
207,S100001,00811,00000,VCA
207,S100003,00100,00100,MEDICAL DIRECTOR
207,S100003,00100,00300,MEDICAL DIRECTOR
207,S100003,00100,00500,LAB DIRECTOR
207,S100003,00101,00100,EXEC. DIRECTOR
207,S100003,00101,00300,PROCUREMENT COORDINATOR
207,S100003,00101,00500,TECHNICIANS
207,S100003,00102,00100,CLERICAL
207,S100003,00102,00300,PRESERVATION TECHNICIANS
207,S100003,00102,00500,TISSUE TYPING TECH.
207,S100003,00103,00100,OTHER
207,S100003,00103,00300,OTHER
207,S100003,00103,00500,OTHER
207,S200000,00100,00100,N
207,S200000,00200,00100,N
207,S200000,00300,00100,Y
207,S200000,00400,00100,Y
207,S200000,00400,00200,A
207,S200000,00400,00300,05/21/2020
207,S200000,00500,00100,Y
207,S200000,00600,00300,SVP & CFO
207,S200000,00700,00100,NEW ENGLAND DONOR SERVICES  INC.
211,A000000,00100,00000,0100CAPITAL COSTS-BLDG & FIXT
211,A000000,00200,00000,0200CAPITAL COSTS-MVBLE EQUIPMENT
211,A000000,00300,00000,0300EMPLOYEE BENEFITS
211,A000000,00400,00000,0400ADMINISTRATIVE & GENERAL
211,A000000,00500,00000,0500OPERATION AND MAINTENANCE OF PLANT
211,A000000,00600,00000,0600HOUSEKEEPING
211,A000000,00700,00000,0700MEDICAL SUPPLIES
211,A000000,00800,00000,0800OTHER OVERHEAD
211,A000000,00900,00000,0900PROCUREMENT COORDINATORS
211,A000000,01000,00000,1000PROFESSIONAL EDUCATION
211,A000000,01100,00000,1100PUBLIC EDUCATION
211,A000000,01200,00000,1200OTHER ACQUISITION
211,A000000,01300,00000,1300KIDNEY ACQUISITIONS
211,A000000,01400,00000,1400TISSUE TYPING LABORATORY
211,A000000,01500,00000,1500LIVER ACQUISITIONS
211,A000000,01600,00000,1600HEART ACQUISITIONS
211,A000000,01700,00000,1700PANCREAS ACQUISITIONS
211,A000000,01800,00000,1800LUNG ACQUISITIONS
211,A000000,01900,00000,1900BOWEL ACQUISITIONS
211,A000000,01901,00000,1901OTHER ACQUISITIONS
211,A000000,02100,00000,2100RESEARCH
211,A000000,02200,00000,2200BLOOD BANK
211,A000000,02300,00000,2300LABORATORY-NON-TISSUE TYPING
211,A000000,02400,00000,2400DIALYSIS UNITS
211,A000000,02500,00000,2501TISSUE RECOVERY
211,A000000,02501,00000,2500OTHER NON-REIMBURSABLE
211,A100000,01700,00000,OTHER ADMIN AND GENERAL
211,A100000,01800,00000,DEPRECIATION
211,A20H000,00900,00000,HOSPITAL FEES
211,A20H000,02100,00000,RECOVERY SUPPLIES
211,A20K000,00900,00000,HOSPITAL FEES
211,A20K000,02100,00000,RECOVERY SUPPLIES
211,A20L000,00900,00000,HOSPITAL FEES
211,A20L000,02100,00000,RECOVERY SUPPLIES
211,A20O000,00900,00000,HOSPITAL FEES
211,A20P000,00900,00000,HOSPITAL FEES
211,A20P000,02100,00000,RECOVERY SUPPLIES
211,A20U000,00900,00000,HOSPITAL FEES
211,A20U000,02100,00000,RECOVERY SUPPLIES
211,A400010,00100,00000,RECLASSIFICATIONS
211,A400010,00100,00100,A
211,A400010,00100,00200,TISSUE RECOVERY
211,A400010,00100,00500,PROCUREMENT COORDINATORS
211,A400010,00200,00000,RECLASSIFICATIONS
211,A400010,00200,00100,A
211,A400010,00200,00200,TISSUE RECOVERY
211,A400010,00200,00500,PROFESSIONAL EDUCATION
211,A400010,00300,00000,RECLASSIFICATIONS
211,A400010,00300,00100,A
211,A400010,00300,00200,TISSUE RECOVERY
211,A400010,00300,00500,PUBLIC EDUCATION
211,A500010,00800,00100,A
211,A500010,00800,00300,PROCUREMENT COORDINATORS
211,A500010,01500,00000,LOBBYING
211,A500010,01500,00100,B
211,A500010,01500,00300,ADMINISTRATIVE & GENERAL
211,A51000A,00100,00100,Y
211,A51000B,00100,00200,ADMINISTRATIVE & GENERAL
211,A51000B,00100,00300,POOLED HOME OFFICE COSTS
211,A51000B,00200,00200,PROCUREMENT COORDINATORS
211,A51000B,00200,00300,DIRECT OPO COSTS
211,A51000B,00300,00200,PROCUREMENT COORDINATORS
211,A51000B,00300,00300,FUNCTIONAL HOME OFFICE COSTS
211,A51000B,00400,00200,PROFESSIONAL EDUCATION
211,A51000B,00400,00300,DIRECT OPO COSTS
211,A51000B,00401,00200,PUBLIC EDUCATION
211,A51000B,00401,00300,FUNCTIONAL HOME OFFICE COSTS
211,A51000B,00402,00200,KIDNEY ACQUISITIONS
211,A51000B,00402,00300,FUNCTIONAL HOME OFFICE COSTS
211,A51000B,00403,00200,LIVER ACQUISITIONS
211,A51000B,00403,00300,FUNCTIONAL HOME OFFICE COSTS
211,A51000B,00404,00200,HEART ACQUISITIONS
211,A51000B,00404,00300,FUNCTIONAL HOME OFFICE COSTS
211,A51000B,00405,00200,PANCREAS ACQUISITIONS
211,A51000B,00405,00300,FUNCTIONAL HOME OFFICE COSTS
211,A51000B,00406,00200,LUNG ACQUISITIONS
211,A51000B,00406,00300,FUNCTIONAL HOME OFFICE COSTS
211,A51000B,00407,00200,MEDICAL SUPPLIES
211,A51000B,00407,00300,FUNCTIONAL HOME OFFICE COSTS
211,A51000B,00408,00200,TISSUE RECOVERY
211,A51000B,00408,00300,FUNCTIONAL HOME OFFICE COSTS
211,A51000C,00100,00100,B
211,A51000C,00100,00400,NEW ENGLAND DONOR SERVICES  INC.
211,A51000C,00100,00600,PARENT COMPANY
211,A60000A,00700,00000,LEASEHOLD IMPROVEMENTS
211,A60000B,00800,00000,LEASEHOLD IMPROVEMENTS
211,A60000C,00500,00100,N
211,B10000*,00100,00200,CAP BLDG
211,B10000*,00100,00300,CAP COSTS
211,B10000*,00100,00400,EMPLOYEE
211,B10000*,00100,00500,MEDICAL
211,B10000*,00100,00800,ORGAN
211,B10000*,00100,01000,ADMIN &
211,B10000*,00200,00200,OP PLANT &
211,B10000*,00200,00300,MOVABLE
211,B10000*,00200,00400,BENEFITS
211,B10000*,00200,00500,SUPPLIES
211,B10000*,00200,00800,ACQUISITN
211,B10000*,00200,01000,GENERAL
211,B10000*,00300,00200,HOUSEKEEP
211,B10000*,00300,00300,EQUIPMENT
211,B10000*,00300,00800,COSTS
211,B10000*,00400,00200,SQUARE
211,B10000*,00400,00300,DOLLAR
211,B10000*,00400,00400,ADJUST
211,B10000*,00400,00500,COSTED
211,B10000*,00400,00800,NUMBER
211,B10000*,00400,01000,ACCUM
211,B10000*,00500,00200,FEET
211,B10000*,00500,00300,VALUE
211,B10000*,00500,00400,SALARIES
211,B10000*,00500,00500,REQUISIT
211,B10000*,00500,00800,ORGANS
211,B10000*,00500,01000,COSTS
211,B10000*,00600,00200,1
211,B10000*,00600,00300,2
211,B10000*,00600,00400,3
211,B10000*,00600,00500,3
211,B10000*,00600,00800,3
211,B10000*,00600,01000,3
211,B100000,00000,01000,X
211,E000000,00900,00000,OTHER CURRENT ASSETS
211,E000000,02600,00000,OTHER FIXED ASSETS
211,E000000,03100,00000,DUE FROM RELATED ORGANIZATIONS
211,E000000,03900,00000,ACCRUED EXPENSES
211,E000000,04100,00000,MEDICARE
211,E100001,00800,00000,MISCELLANEOUS AND INTEREST
211,E200000,01500,00000,MEDICARE ADJUSTMENTS
211,S000000,00100,00100,X
211,S000000,00400,00100,2
211,S000000,00500,00100,07/07/2020
211,S000000,00600,00100,10001
211,S000000,00700,00100,N
211,S000000,00800,00100,N
211,S000000,00900,00100,12/14/2021
211,S000000,01000,00100,4
211,S000001,00100,00100,LIFECHOICE DONOR SERVICES
211,S000001,00100,00200,07P001
211,S000001,00101,00100,340 WEST NEWBERRY ROAD  SUITE A
211,S000001,00102,00100,BLOOMFIELD
211,S000001,00102,00200,CT
211,S000001,00102,00300,06002
211,S000001,00300,00100,01/01/2019
211,S000001,00300,00200,12/31/2019
211,S000001,00400,00100,6
211,S000001,00400,00300,1
211,S000001,00400,00400,03/01/2002
211,S000001,00401,00300,1
211,S000002,00300,00100,SVP & CFO
211,S100001,00700,00100,N
211,S100001,00810,00000,BOWEL
211,S100003,00100,00100,MEDICAL DIRECTOR
211,S100003,00100,00300,MEDICAL DIRECTOR
211,S100003,00100,00500,LAB DIRECTOR
211,S100003,00101,00100,EXEC. DIRECTOR
211,S100003,00101,00300,PROCUREMENT COORDINATOR
211,S100003,00101,00500,TECHNICIANS
211,S100003,00102,00100,CLERICAL
211,S100003,00102,00300,PRESERVATION TECHNICIANS
211,S100003,00102,00500,TISSUE TYPING TECH.
211,S100003,00103,00100,OTHER
211,S100003,00103,00300,OTHER
211,S100003,00103,00500,OTHER
211,S200000,00100,00100,N
211,S200000,00200,00100,N
211,S200000,00300,00100,Y
211,S200000,00400,00100,Y
211,S200000,00400,00200,A
211,S200000,00400,00300,05/21/2020
211,S200000,00500,00100,Y
211,S200000,00600,00300,SVP & CFO
211,S200000,00700,00100,NEW ENGLAND DONOR SERVICES  INC.
212,A000000,00100,00000,0100CAPITAL COSTS-BLDG & FIXT
212,A000000,00200,00000,0200CAPITAL COSTS-MVBLE EQUIPMENT
212,A000000,00300,00000,0300EMPLOYEE BENEFITS
212,A000000,00400,00000,0400ADMINISTRATIVE & GENERAL
212,A000000,00500,00000,0500OPERATION AND MAINTENANCE OF PLANT
212,A000000,00600,00000,0600HOUSEKEEPING
212,A000000,00700,00000,0700MEDICAL SUPPLIES
212,A000000,00800,00000,0800OTHER OVERHEAD
212,A000000,00900,00000,0900PROCUREMENT COORDINATORS
212,A000000,01000,00000,1000PROFESSIONAL EDUCATION
212,A000000,01100,00000,1100PUBLIC EDUCATION
212,A000000,01300,00000,1300KIDNEY ACQUISITIONS
212,A000000,01400,00000,1400TISSUE TYPING LABORATORY
212,A000000,01500,00000,1500LIVER ACQUISITIONS
212,A000000,01600,00000,1600HEART ACQUISITIONS
212,A000000,01700,00000,1700PANCREAS ACQUISITIONS
212,A000000,01800,00000,1800LUNG ACQUISITIONS
212,A000000,01900,00000,1900INTESTINE        S 2
212,A000000,02100,00000,2100RESEARCH
212,A000000,02200,00000,2200BLOOD BANK
212,A000000,02300,00000,2300LABORATORY-NON-TISSUE TYPING
212,A000000,02400,00000,2400DIALYSIS UNITS
212,A000000,02500,00000,2500TISSUE
212,A000000,02501,00000,2501TISSUE
212,A100000,01700,00000,OUTSIDE CONSULTANTS
212,A100000,01800,00000,MISC
212,A100000,01900,00000,FUNDRAISING
212,A20K000,02100,00000,INTENSIVIST EXPS
212,A20L000,02100,00000,INTENSIVIST EXP
212,A20U000,02100,00000,INTENSIVIST EXP
212,A400010,00100,00000,TISSUE OVERHEAD RECLASS
212,A400010,00100,00100,A
212,A400010,00100,00200,TISSUE
212,A400010,00100,00500,PROCUREMENT COORDINATORS
212,A400010,00200,00000,TISSUE OVERHEAD RECLASS
212,A400010,00200,00100,A
212,A400010,00200,00200,TISSUE
212,A400010,00200,00500,PROFESSIONAL EDUCATION
212,A400010,00300,00000,TISSUE OVERHEAD RECLASS
212,A400010,00300,00100,A
212,A400010,00300,00200,TISSUE
212,A400010,00300,00500,PUBLIC EDUCATION
212,A500010,00800,00100,B
212,A500010,00800,00300,PROCUREMENT COORDINATORS
212,A500010,00900,00100,A
212,A500010,00900,00300,PROFESSIONAL EDUCATION
212,A500010,01200,00100,B
212,A500010,01200,00300,CAPITAL COSTS-BLDG & FIXT
212,A500010,01300,00100,A
212,A500010,01300,00300,CAPITAL COSTS-BLDG & FIXT
212,A500010,01500,00000,EYEBANKS
212,A500010,01500,00100,B
212,A500010,01500,00300,PROCUREMENT COORDINATORS
212,A500010,01600,00000,LOBBYING
212,A500010,01600,00100,A
212,A500010,01600,00300,ADMINISTRATIVE & GENERAL
212,A500010,01601,00000,SPONORSHIPS/DONATIONS
212,A500010,01601,00100,A
212,A500010,01601,00300,ADMINISTRATIVE & GENERAL
212,A500010,01602,00000,DONOR RECOGNITION MEMORIAL
212,A500010,01602,00100,A
212,A500010,01602,00300,PUBLIC EDUCATION
212,A51000A,00100,00100,N
212,A60000A,00700,00000,CAPITAL LEASE
212,A60000A,00701,00000,SOFTWARE DEVELOPMENT
212,A60000A,00702,00000,CIP
212,A60000B,00800,00000,CAPITAL LEASE
212,A60000B,00801,00000,SOFTWARE DEVELOPMENT
212,A60000B,00802,00000,CIP
212,A60000C,00500,00100,N
212,B10000*,00100,00200,CAP BLDG
212,B10000*,00100,00300,CAP COSTS
212,B10000*,00100,00400,EMPLOYEE
212,B10000*,00100,00500,MEDICAL
212,B10000*,00100,00800,ORGAN
212,B10000*,00100,01000,ADMIN &
212,B10000*,00200,00200,OP PLANT &
212,B10000*,00200,00300,MOVABLE
212,B10000*,00200,00400,BENEFITS
212,B10000*,00200,00500,SUPPLIES
212,B10000*,00200,00800,ACQUISITN
212,B10000*,00200,01000,GENERAL
212,B10000*,00300,00200,HOUSEKEEP
212,B10000*,00300,00300,EQUIPMENT
212,B10000*,00300,00800,COSTS
212,B10000*,00400,00200,SQUARE
212,B10000*,00400,00300,DOLLAR
212,B10000*,00400,00400,ADJUST
212,B10000*,00400,00500,COSTED
212,B10000*,00400,00800,NUMBER
212,B10000*,00400,01000,ACCUM
212,B10000*,00500,00200,FEET
212,B10000*,00500,00300,VALUE
212,B10000*,00500,00400,SALARIES
212,B10000*,00500,00500,REQUISIT
212,B10000*,00500,00800,ORGANS
212,B10000*,00500,01000,COSTS
212,B10000*,00600,00200,1
212,B10000*,00600,00300,2
212,B10000*,00600,00400,3
212,B10000*,00600,00500,3
212,B10000*,00600,00800,3
212,B10000*,00600,01000,3
212,B100000,00000,01000,X
212,E000000,00900,00000,OTHER CURRENT ASSETS
212,E000000,02600,00000,OTHER FIXED ASSETS
212,S000000,00100,00100,X
212,S000000,00400,00100,2
212,S000000,00500,00100,08/24/2020
212,S000000,00600,00100,10001
212,S000000,00700,00100,N
212,S000000,00800,00100,N
212,S000000,00900,00100,12/14/2021
212,S000000,01000,00100,4
212,S000001,00100,00100,KENTUCKY ORGAN DONOR AFFILIATES  IN
212,S000001,00100,00200,18P001
212,S000001,00101,00100,10160 LINN STATION ROAD
212,S000001,00102,00100,LOUISVILLE
212,S000001,00102,00200,KY
212,S000001,00102,00300,40223
212,S000001,00300,00100,01/01/2019
212,S000001,00300,00200,12/31/2019
212,S000001,00400,00100,6
212,S000001,00400,00300,1
212,S000001,00400,00400,07/01/1987
212,S000001,00401,00300,1
212,S000002,00100,00200,Y
212,S000002,00300,00100,VP & CFO
212,S000002,00400,00100,08/17/2020
212,S100001,00700,00100,N
212,S100001,00810,00000,VEIN
212,S100001,00811,00000,VIVIGEN
212,S100001,00812,00000,COSTAL CARTIL
212,S100003,00100,00100,MEDICAL DIRECTOR
212,S100003,00100,00300,MEDICAL DIRECTOR
212,S100003,00100,00500,LAB DIRECTOR
212,S100003,00101,00100,EXEC. DIRECTOR
212,S100003,00101,00300,PROCUREMENT COORDINATOR
212,S100003,00101,00500,TECHNICIANS
212,S100003,00102,00100,CLERICAL
212,S100003,00102,00300,PRESERVATION TECHNICIANS
212,S100003,00102,00500,TISSUE TYPING TECH.
212,S100003,00103,00100,OTHER
212,S100003,00103,00300,OTHER
212,S100003,00103,00500,OTHER
212,S200000,00100,00100,N
212,S200000,00200,00100,N
212,S200000,00300,00100,N
212,S200000,00400,00100,Y
212,S200000,00400,00200,A
212,S200000,00500,00100,Y
212,S200000,00600,00300,VP & CFO
212,S200000,00700,00100,KODA
213,A000000,00100,00000,0100CAPITAL COSTS-BLDG & FIXT
213,A000000,00200,00000,0200CAPITAL COSTS-MVBLE EQUIPMENT
213,A000000,00300,00000,0300EMPLOYEE BENEFITS
213,A000000,00400,00000,0400ADMINISTRATIVE & GENERAL
213,A000000,00500,00000,0500OPERATION AND MAINTENANCE OF PLANT
213,A000000,00600,00000,0600HOUSEKEEPING
213,A000000,00700,00000,0700MEDICAL SUPPLIES
213,A000000,00800,00000,0800OTHER OVERHEAD
213,A000000,00900,00000,0900PROCUREMENT COORDINATORS
213,A000000,01000,00000,1000PROFESSIONAL EDUCATION
213,A000000,01100,00000,1100PUBLIC EDUCATION
213,A000000,01300,00000,1300KIDNEY ACQUISITIONS
213,A000000,01400,00000,1400TISSUE TYPING LABORATORY
213,A000000,01500,00000,1500LIVER ACQUISITIONS
213,A000000,01600,00000,1600HEART ACQUISITIONS
213,A000000,01700,00000,1700PANCREAS ACQUISITIONS
213,A000000,01800,00000,1800LUNG ACQUISITIONS
213,A000000,01900,00000,1900OTHER ACQUISITIONS
213,A000000,02100,00000,2100RESEARCH
213,A000000,02200,00000,2200BLOOD BANK
213,A000000,02300,00000,2300LABORATORY-NON-TISSUE TYPING
213,A000000,02400,00000,2400DIALYSIS UNITS
213,A100000,01900,00000,ADMIN LEASE EXPENSE
213,A100000,01901,00000,DUES AND SUBSCRIPTIONS
213,A100000,01902,00000,ADMIN MISC
213,A300000,00600,00000,CHEMICALS REAGENTS AND SUPPLIES
213,A300000,00800,00000,LAB EQUIPMENT LEASE
213,A300000,00900,00000,LAB EQUIPMENT EXPENSE
213,A300000,01000,00000,SPECIMEN TRANSPORT
213,A300000,01001,00000,CONTINUING EDUCATION
213,A300000,01002,00000,MISCELLANEOUS LAB
213,A300000,01003,00000,LIABILITY INSURANCE
213,A500010,01200,00100,B
213,A500010,01200,00300,ADMINISTRATIVE & GENERAL
213,A51000A,00100,00100,N
213,A60000C,00500,00100,N
213,B10000*,00100,00200,CAP BLDG
213,B10000*,00100,00300,CAP COSTS
213,B10000*,00100,00400,EMPLOYEE
213,B10000*,00100,00500,MEDICAL
213,B10000*,00100,00800,ORGAN
213,B10000*,00100,01000,ADMIN &
213,B10000*,00200,00200,OP PLANT &
213,B10000*,00200,00300,MOVABLE
213,B10000*,00200,00400,BENEFITS
213,B10000*,00200,00500,SUPPLIES
213,B10000*,00200,00800,ACQUISITN
213,B10000*,00200,01000,GENERAL
213,B10000*,00300,00200,HOUSEKEEP
213,B10000*,00300,00300,EQUIPMENT
213,B10000*,00300,00800,COSTS
213,B10000*,00400,00200,SQUARE
213,B10000*,00400,00300,DOLLAR
213,B10000*,00400,00400,ADJUST
213,B10000*,00400,00500,COSTED
213,B10000*,00400,00800,NUMBER
213,B10000*,00400,01000,ACCUM
213,B10000*,00500,00200,FEET
213,B10000*,00500,00300,VALUE
213,B10000*,00500,00400,SALARIES
213,B10000*,00500,00500,REQUISIT
213,B10000*,00500,00800,ORGANS
213,B10000*,00500,01000,COSTS
213,B10000*,00600,00200,1
213,B10000*,00600,00300,2
213,B10000*,00600,00400,3
213,B10000*,00600,00500,3
213,B10000*,00600,00800,3
213,B10000*,00600,01000,3
213,B100000,00000,01000,X
213,E000000,00900,00000,OTHER CURRENT ASSETS
213,E000000,02600,00000,OTHER FIXED ASSETS
213,S000000,00100,00100,X
213,S000000,00400,00100,2
213,S000000,00500,00100,08/03/2020
213,S000000,00600,00100,10001
213,S000000,00700,00100,N
213,S000000,00800,00100,N
213,S000000,00900,00100,12/14/2021
213,S000000,01000,00100,4
213,S000001,00100,00100,THE ROGOSIN INSTITUTE IGT
213,S000001,00100,00200,33HL04
213,S000001,00101,00100,430 E 71ST STREET
213,S000001,00102,00100,NEW YORK
213,S000001,00102,00200,NY
213,S000001,00102,00300,10021
213,S000001,00300,00100,01/01/2019
213,S000001,00300,00200,12/31/2019
213,S000001,00400,00100,6
213,S000001,00400,00300,2
213,S000001,00400,00400,04/10/1995
213,S000001,00401,00300,1
213,S100001,00700,00100,N
213,S100001,00810,00000,OTHER
213,S100002,00400,00100,CDC PRA
213,S100002,00401,00100,HLA ABC DRDQ
213,S100002,00402,00100,HLA ABC
213,S100002,00403,00100,HLA DRDQ
213,S100002,00404,00100,CDC XM
213,S100002,00405,00100,LD FLOW XM
213,S100002,00406,00100,LUMX PAN PRA CI
213,S100002,00407,00100,LUMX PAN PRA CII
213,S100002,00408,00100,LUMX S AG BD CI
213,S100002,00409,00100,LUMX S AG BD CII
213,S100002,00410,00100,PROCESS
213,S100002,00411,00100,ABO
213,S100002,00412,00100,E FLOW XM
213,S100002,00413,00100,CONFIRMATORY TYPING
213,S100002,00414,00100,SPECIAL HANDLING CHG
213,S100002,00415,00100,STAT LUMN S AG BD CI
213,S100002,00416,00100,STAT LUMN S AG BD CII
213,S100002,00417,00100,HLA ABC DRDQ STAT
213,S100002,00418,00100,HLA LOW RES ALLEL
213,S100002,00419,00100,HLA HIGH RES ALLEL
213,S100002,00420,00100,MODIFIED LUMINEX
213,S100002,00421,00100,ABO A-1 SUB TYPE
213,S100002,00422,00100,EXPEDITED TESTING
213,S100002,00423,00100,CAD DONOR
213,S100003,00100,00100,MEDICAL DIRECTOR
213,S100003,00100,00300,MEDICAL DIRECTOR
213,S100003,00100,00500,LAB DIRECTOR
213,S100003,00101,00100,EXEC. DIRECTOR
213,S100003,00101,00300,PROCUREMENT COORDINATOR
213,S100003,00101,00500,TECHNICIANS
213,S100003,00102,00100,CLERICAL
213,S100003,00102,00300,PRESERVATION TECHNICIANS
213,S100003,00102,00500,TISSUE TYPING TECH.
213,S100003,00103,00100,OTHER
213,S100003,00103,00300,OTHER
213,S100003,00103,00500,OTHER
213,S200000,00100,00100,N
213,S200000,00200,00100,N
213,S200000,00300,00100,N
213,S200000,00400,00100,Y
213,S200000,00400,00200,A
213,S200000,00500,00100,Y
213,S200000,00600,00300,ADMIN DIRECTOR
213,S200000,00700,00100,ROGOSIN IGT
215,A000000,00100,00000,0100CAPITAL COSTS-BLDG & FIXT
215,A000000,00200,00000,0200CAPITAL COSTS-MVBLE EQUIPMENT
215,A000000,00300,00000,0300EMPLOYEE BENEFITS
215,A000000,00400,00000,0400ADMINISTRATIVE & GENERAL
215,A000000,00500,00000,0500OPERATION AND MAINTENANCE OF PLANT
215,A000000,00600,00000,0600HOUSEKEEPING
215,A000000,00700,00000,0700MEDICAL SUPPLIES
215,A000000,00900,00000,0900PROCUREMENT COORDINATORS
215,A000000,01000,00000,1000PROFESSIONAL EDUCATION
215,A000000,01100,00000,1100PUBLIC EDUCATION
215,A000000,01300,00000,1300KIDNEY ACQUISITIONS
215,A000000,01400,00000,1400TISSUE TYPING LABORATORY
215,A000000,01500,00000,1500LIVER ACQUISITIONS
215,A000000,01600,00000,1600HEART ACQUISITIONS
215,A000000,01700,00000,1700PANCREAS ACQUISITIONS
215,A000000,01800,00000,1800LUNG ACQUISITIONS
215,A000000,01900,00000,1900HEART\LUNG
215,A000000,01901,00000,1901SMALL BOWEL
215,A000000,01902,00000,1902PANCREAS ISLETS
215,A000000,02100,00000,2100RESEARCH
215,A000000,02200,00000,2200BLOOD BANK
215,A000000,02300,00000,2300LABORATORY-NON-TISSUE TYPING
215,A000000,02400,00000,2400DIALYSIS UNITS
215,A000000,02500,00000,2500TISSUE
215,A100000,01700,00000,OTHER CONSULTING EXPENSES
215,A100000,01800,00000,FACILITY OPERATING EXPENSES
215,A100000,01900,00000,OTHER OPERATING EXPENSES
215,A20H000,00900,00000,HOSPITAL CHARGES
215,A20H000,00901,00000,CARDIAC CATH
215,A20H000,00902,00000,X-RAY
215,A20H000,02100,00000,HOSPITAL
215,A20H000,02101,00000,BIOPSY
215,A20H000,02102,00000,MTF FAMILY CONSENTS
215,A20H000,02103,00000,OTHER CLINICAL EXPENSE
215,A20H000,02104,00000,OTHER PHYSICIAN CHARGES
215,A20H000,02105,00000,RECOVERY SITE FEE
215,A20H000,02106,00000,SEROLOGY TESTING
215,A20H000,02107,00000,OTHER ORGAN RECOVERY EXPENSES
215,A20K000,00900,00000,HOSPITAL CHARGES
215,A20K000,00901,00000,CARDIAC CATH
215,A20K000,00902,00000,X-RAY
215,A20K000,02100,00000,HOSPITAL
215,A20K000,02101,00000,BIOPSY
215,A20K000,02102,00000,MTF FAMILY CONSENTS
215,A20K000,02103,00000,OTHER CLINICAL EXPENSE
215,A20K000,02104,00000,OTHER PHYSICIAN CHARGES
215,A20K000,02105,00000,RECOVERY SITE FEE
215,A20K000,02106,00000,SEROLOGY TESTING
215,A20K000,02107,00000,OTHER ORGAN RECOVERY EXPENSES
215,A20L000,00900,00000,HOSPITAL CHARGES
215,A20L000,00901,00000,CARDIAC CATH
215,A20L000,00902,00000,X-RAY
215,A20L000,02100,00000,HOSPITAL
215,A20L000,02101,00000,BIOPSY
215,A20L000,02102,00000,MTF FAMILY CONSENTS
215,A20L000,02103,00000,OTHER CLINICAL EXPENSE
215,A20L000,02104,00000,OTHER PHYSICIAN CHARGES
215,A20L000,02105,00000,RECOVERY SITE FEE
215,A20L000,02106,00000,SEROLOGY TESTING
215,A20L000,02107,00000,OTHER ORGAN RECOVERY EXPENSES
215,A20O000,00900,00000,HOSPITAL CHARGES
215,A20O000,00901,00000,CARDAC CATH
215,A20O000,00902,00000,X-RAY
215,A20O000,02100,00000,HOSPITAL
215,A20O000,02101,00000,BIOPSY
215,A20O000,02102,00000,MTF FAMILY CONSENTS
215,A20O000,02103,00000,OTHER CLINICAL EXPENSE
215,A20O000,02104,00000,OTHER PHYSICIAN CHARGES
215,A20O000,02105,00000,RECOVERY SITE FEE
215,A20O000,02106,00000,SEROLOGY TESTING
215,A20O000,02107,00000,OTHER ORGAN RECOVERY EXPENSES
215,A20O001,00900,00000,HOSPITLA CHARGES
215,A20O001,00901,00000,CARDIAC CATH
215,A20O001,00902,00000,X-RAY
215,A20O001,00903,00000,OTHER EXCISION HOSPITAL
215,A20O001,02100,00000,HOSPITAL
215,A20O001,02101,00000,BIOPSY
215,A20O001,02102,00000,MTF FAMILY CONSENTS
215,A20O001,02103,00000,OTHER CLINICAL EXPENSE
215,A20O001,02104,00000,OTHER PHYSICIAN CHARGES
215,A20O001,02105,00000,RECOVERY SITE FEE
215,A20O001,02106,00000,SEROLOGY TESTING
215,A20O001,02107,00000,OTHER DONOR MAINTENANCE EXPENSE
215,A20P000,00900,00000,HOSPITAL CHARGES
215,A20P000,00901,00000,CARDIAC CATH
215,A20P000,00902,00000,X-RAY
215,A20P000,02100,00000,HOSPITAL
215,A20P000,02101,00000,BIOPSY
215,A20P000,02102,00000,MTF FAMILY CONSENTS
215,A20P000,02103,00000,OTHER CLINICAL EXPENSE
215,A20P000,02104,00000,OTHER PHYSICIAN CHARGES
215,A20P000,02105,00000,RECOVERY SITE FEE
215,A20P000,02106,00000,SEROLOGY TESTING
215,A20P000,02107,00000,OTHER ORGAN RECOVERY EXPENSES
215,A20U000,00900,00000,HOSPITAL CHARGES
215,A20U000,00901,00000,CARDIAC CATH
215,A20U000,00902,00000,X-RAY
215,A20U000,02100,00000,HOSPITAL
215,A20U000,02101,00000,BIOPSY
215,A20U000,02102,00000,MTF FAMILY CONSENTS
215,A20U000,02103,00000,OTHER CLINICAL EXPENSE
215,A20U000,02104,00000,OTHER PHYSICIAN CHARGES
215,A20U000,02105,00000,RECOVERY SITE FEE
215,A20U000,02106,00000,SEROLOGY TESTING
215,A20U000,02107,00000,OTHER ORGAN RECOVERY EXPENSES
215,A400010,00100,00000,TISSUE OVERHEAD RECLASS
215,A400010,00100,00100,A
215,A400010,00100,00200,TISSUE
215,A400010,00100,00500,PROCUREMENT COORDINATORS
215,A400010,00200,00000,TISSUE OVERHEAD RECLASS
215,A400010,00200,00100,A
215,A400010,00200,00500,PROFESSIONAL EDUCATION
215,A400010,00300,00000,A&G OCCUPANCY COST RECLASS
215,A400010,00300,00100,B
215,A400010,00300,00200,ADMINISTRATIVE & GENERAL
215,A400010,00300,00500,CAPITAL COSTS-BLDG & FIXT
215,A400010,00400,00000,A&G OCCUPANCY COST RECLASS
215,A400010,00400,00100,B
215,A400010,00400,00500,CAPITAL COSTS-MVBLE EQUIPMENT
215,A400010,00500,00000,403B PENSION EXPENSE RECLASS
215,A400010,00500,00100,D
215,A400010,00500,00200,ADMINISTRATIVE & GENERAL
215,A400010,00500,00500,EMPLOYEE BENEFITS
215,A400010,00600,00000,403B PENSION EXPENSE RECLASS
215,A400010,00600,00100,D
215,A400010,00600,00200,PROCUREMENT COORDINATORS
215,A400010,00700,00000,403B PENSION EXPENSE RECLASS
215,A400010,00700,00100,D
215,A400010,00700,00200,PROFESSIONAL EDUCATION
215,A400010,00800,00000,403B PENSION EXPENSE RECLASS
215,A400010,00800,00100,D
215,A400010,00800,00200,TISSUE
215,A400010,00900,00000,DEPRECIATION EXP RECLASS
215,A400010,00900,00100,E
215,A400010,00900,00200,PROCUREMENT COORDINATORS
215,A400010,00900,00500,CAPITAL COSTS-MVBLE EQUIPMENT
215,A400010,01000,00000,DEPRECIATION EXP RECLASS
215,A400010,01000,00100,E
215,A400010,01000,00200,TISSUE
215,A400010,01100,00000,LEASEHOLD DEPR RECLASS
215,A400010,01100,00100,F
215,A400010,01100,00200,PROCUREMENT COORDINATORS
215,A400010,01100,00500,CAPITAL COSTS-MVBLE EQUIPMENT
215,A400010,01200,00000,LEASEHOLD DEPR RECLASS
215,A400010,01200,00100,F
215,A400010,01200,00200,TISSUE
215,A500010,00200,00100,B
215,A500010,00200,00300,ADMINISTRATIVE & GENERAL
215,A500010,00800,00100,B
215,A500010,00800,00300,PROCUREMENT COORDINATORS
215,A500010,01500,00000,NON-ALLOWABLE SURGEON FEES - KIDNEY
215,A500010,01500,00100,A
215,A500010,01500,00300,KIDNEY ACQUISITIONS
215,A500010,01501,00000,BANK & INVESTMENT FEES
215,A500010,01501,00100,A
215,A500010,01501,00300,ADMINISTRATIVE & GENERAL
215,A500010,01502,00000,BANK FEES
215,A500010,01502,00100,A
215,A500010,01502,00300,ADMINISTRATIVE & GENERAL
215,A500010,01503,00000,LOBBYING OFFSET
215,A500010,01503,00100,A
215,A500010,01503,00300,ADMINISTRATIVE & GENERAL
215,A500010,01504,00000,SIGHTLIFE REFERRAL CALL CENTER REV
215,A500010,01504,00100,B
215,A500010,01504,00300,ADMINISTRATIVE & GENERAL
215,A500010,01505,00000,SIERRA DONOR CALL CENTER REV
215,A500010,01505,00100,B
215,A500010,01505,00300,ADMINISTRATIVE & GENERAL
215,A500010,01506,00000,SEMINAR REVENUE
215,A500010,01506,00100,B
215,A500010,01506,00300,PROFESSIONAL EDUCATION
215,A500010,01507,00000,PAIRED KIDNEY EXCHANGE REV
215,A500010,01507,00100,B
215,A500010,01507,00300,PROCUREMENT COORDINATORS
215,A500010,01508,00000,ANABIOS CALL CENTER REVENUE
215,A500010,01508,00100,B
215,A500010,01508,00300,ADMINISTRATIVE & GENERAL
215,A500010,01601,00000,NONALLOWABLE SEMINAR EXPENSES
215,A500010,01601,00100,A
215,A500010,01601,00300,PROFESSIONAL EDUCATION
215,A51000A,00100,00100,N
215,A60000A,00700,00000,LEASEHOLD IMPROVEMENTS
215,A60000B,00800,00000,LEASEHOLD IMPROVEMENTS
215,A60000C,00500,00100,N
215,B10000*,00100,00200,CAP BLDG
215,B10000*,00100,00300,CAP COSTS
215,B10000*,00100,00400,EMPLOYEE
215,B10000*,00100,00500,MEDICAL
215,B10000*,00100,00800,ORGAN
215,B10000*,00100,01000,ADMIN &
215,B10000*,00200,00200,OP PLANT &
215,B10000*,00200,00300,MOVABLE
215,B10000*,00200,00400,BENEFITS
215,B10000*,00200,00500,SUPPLIES
215,B10000*,00200,00800,ACQUISITN
215,B10000*,00200,01000,GENERAL
215,B10000*,00300,00200,HOUSEKEEP
215,B10000*,00300,00300,EQUIPMENT
215,B10000*,00300,00800,COSTS
215,B10000*,00400,00200,SQUARE
215,B10000*,00400,00300,DOLLAR
215,B10000*,00400,00400,ADJUST
215,B10000*,00400,00500,COSTED
215,B10000*,00400,00800,NUMBER
215,B10000*,00400,01000,ACCUM
215,B10000*,00500,00200,FEET
215,B10000*,00500,00300,VALUE
215,B10000*,00500,00400,SALARIES
215,B10000*,00500,00500,REQUISIT
215,B10000*,00500,00800,ORGANS
215,B10000*,00500,01000,COSTS
215,B10000*,00600,00200,1
215,B10000*,00600,00300,2
215,B10000*,00600,00400,3
215,B10000*,00600,00500,3
215,B10000*,00600,00800,3
215,B10000*,00600,01000,3
215,B100000,00000,01000,X
215,E000000,00900,00000,MEDICARE SETTLEMENT RECEIVABLE
215,E000000,02600,00000,OTHER FIXED ASSETS
215,E000000,03100,00000,OTHER ASSETS
215,E000000,03900,00000,ACCRUAL FOR ORGAN RETRIEVAL SERVICES
215,E000000,04100,00000,MEDICARE SETTLEMENT PAYABLE
215,E000000,04600,00000,DEFERRED LEASE PAYABLE
215,E100001,00700,00000,TISSUE REVENUE
215,E100001,00800,00000,ORGAN RESEARCH REVENUE
215,E100001,00900,00000,MEDICARE CONTRSCTUSL ADJUSTMENT
215,E100002,00300,00000,OTHER EXPENSES
215,E100002,00400,00000,PRIOR PERIOD ADJUSTMENT
215,E100002,00500,00000,ROUNDING
215,E100002,00800,00000,OTHER EXPENSES
215,E100002,00900,00000,ROUNDING
215,E200000,01500,00000,NET ASSETS RELEASED FROM RESTRICTION
215,E200000,02000,00000,OTHER INCOME & EXPENSE
215,E200000,02100,00000,CHANGE IN TEMP RESTRICTED ASSETS
215,E200000,02200,00000,OTHER REVENUE
215,E200000,02300,00000,NET ASSETS RELEASED FROM RSTRICTION
215,E200000,02600,00000,CHANGE IN TEMP RESTRICTED NET ASSETS
215,E200000,02700,00000,LOSS ON INVESTMENTS
215,S000000,00100,00100,X
215,S000000,00400,00100,2
215,S000000,00500,00100,06/17/2020
215,S000000,00600,00100,10001
215,S000000,00700,00100,N
215,S000000,00800,00100,N
215,S000000,00900,00100,12/17/2021
215,S000000,01000,00100,4
215,S000001,00100,00100,DONOR NETWORK WEST
215,S000001,00100,00200,05P005
215,S000001,00101,00100,12667 ALCOSTA BLVD  SUITE 500
215,S000001,00102,00100,SAN RAMON
215,S000001,00102,00200,CA
215,S000001,00102,00300,94583
215,S000001,00300,00100,01/01/2019
215,S000001,00300,00200,12/31/2019
215,S000001,00400,00100,6
215,S000001,00400,00300,1
215,S000001,00400,00400,11/01/1987
215,S000001,00401,00300,1
215,S000002,00100,00200,Y
215,S000002,00300,00100,CHIEF FINANCIAL OFFICER
215,S000002,00400,00100,06/16/2020
215,S100001,00700,00100,N
215,S100001,00810,00000,SMALL BOWEL
215,S100001,00811,00000,VERTEBRAL SEGMENT
215,S100001,00812,00000,OTHER\VEIN
215,S100003,00100,00100,MEDICAL DIRECTOR
215,S100003,00100,00300,MEDICAL DIRECTOR
215,S100003,00100,00500,LAB DIRECTOR
215,S100003,00101,00100,EXEC. DIRECTOR
215,S100003,00101,00300,PROCUREMENT COORDINATOR
215,S100003,00101,00500,TECHNICIANS
215,S100003,00102,00100,CLERICAL
215,S100003,00102,00300,PRESERVATION TECHNICIANS
215,S100003,00102,00500,TISSUE TYPING TECH.
215,S100003,00103,00100,OTHER
215,S100003,00103,00300,OTHER
215,S100003,00103,00500,OTHER
215,S200000,00100,00100,N
215,S200000,00200,00100,N
215,S200000,00300,00100,N
215,S200000,00400,00100,Y
215,S200000,00400,00200,A
215,S200000,00500,00100,N
215,S200000,00600,00300,CONTROLLER
215,S200000,00700,00100,DONOR NETWORK WEST
216,A000000,00100,00000,0100CAPITAL COSTS-BLDG & FIXT
216,A000000,00200,00000,0200CAPITAL COSTS-MVBLE EQUIPMENT
216,A000000,00300,00000,0300EMPLOYEE BENEFITS
216,A000000,00400,00000,0400ADMINISTRATIVE & GENERAL
216,A000000,00500,00000,0500OPERATION AND MAINTENANCE OF PLANT
216,A000000,00600,00000,0600HOUSEKEEPING
216,A000000,00700,00000,0700MEDICAL SUPPLIES
216,A000000,00800,00000,0800OTHER OVERHEAD
216,A000000,00900,00000,0900PROCUREMENT COORDINATORS
216,A000000,01000,00000,1000PROFESSIONAL EDUCATION
216,A000000,01100,00000,1100PUBLIC EDUCATION
216,A000000,01200,00000,1200OTHER ACQUISITION
216,A000000,01300,00000,1300KIDNEY ACQUISITIONS
216,A000000,01400,00000,1400TISSUE TYPING LABORATORY
216,A000000,01500,00000,1500LIVER ACQUISITIONS
216,A000000,01600,00000,1600HEART ACQUISITIONS
216,A000000,01700,00000,1700PANCREAS ACQUISITIONS
216,A000000,01800,00000,1800LUNG ACQUISITIONS
216,A000000,01900,00000,1900INTESTINE ACQUISITIONS
216,A000000,02100,00000,2100RESEARCH
216,A000000,02200,00000,2200BLOOD BANK
216,A000000,02300,00000,2300LABORATORY-NON-TISSUE TYPING
216,A000000,02400,00000,2400DIALYSIS UNITS
216,A000000,02500,00000,2500TISSUE
216,A100000,01700,00000,COMPUTERS AND RELATED EQUIPMENT
216,A100000,01800,00000,OFFICE EQUIPMENT
216,A100000,01900,00000,DUES AND SUBSCRIPTIONS
216,A100000,01901,00000,CONTRACT SERVICES
216,A100000,01902,00000,QUALITY ASSURANCE
216,A100000,01903,00000,MOVING AND STORAGE EXPENSE
216,A100000,01904,00000,PAYROLL COSTS
216,A100000,01905,00000,NON IDN EXPENSES
216,A100000,01906,00000,OTHER EXPENSE
216,A100000,01907,00000,FUNDRAISING
216,A100000,01908,00000,RECRUITING
216,A100000,01909,00000,EMPLOYMENT EXPENSE
216,A20H000,00900,00000,CASE RATES
216,A20H000,02100,00000,OTHER ACQUISITION COSTS
216,A20K000,00900,00000,CASE RATES
216,A20K000,02100,00000,KIDNEY PUMP EXPENSE
216,A20L000,00900,00000,CASE RATES
216,A20L000,02100,00000,OTHER ACQUISITION COSTS
216,A20P000,00900,00000,CASE RATES
216,A20P000,02100,00000,OTHER ACQUISITION COSTS
216,A20U000,00900,00000,CASE RATES
216,A20U000,02100,00000,OTHER ACQUISITION COSTS
216,A400010,00100,00000,BENEFIT RECLASS
216,A400010,00100,00100,A
216,A400010,00100,00200,ADMINISTRATIVE & GENERAL
216,A400010,00100,00500,EMPLOYEE BENEFITS
216,A400010,00200,00000,RENT
216,A400010,00200,00100,B
216,A400010,00200,00200,CAPITAL COSTS-MVBLE EQUIPMENT
216,A400010,00200,00500,ADMINISTRATIVE & GENERAL
216,A400010,00300,00000,TISSUE ALLOCATION
216,A400010,00300,00100,C
216,A400010,00300,00200,TISSUE
216,A400010,00300,00500,PROCUREMENT COORDINATORS
216,A400010,00400,00000,TISSUE ALLOCATION
216,A400010,00400,00100,C
216,A400010,00400,00500,PROFESSIONAL EDUCATION
216,A400010,00500,00000,TISSUE ALLOCATION
216,A400010,00500,00100,C
216,A400010,00500,00500,PUBLIC EDUCATION
216,A400010,00600,00000,A&G OCCUPANCY COST RECLASS
216,A400010,00600,00100,D
216,A400010,00600,00200,ADMINISTRATIVE & GENERAL
216,A400010,00600,00500,CAPITAL COSTS-BLDG & FIXT
216,A400010,00700,00000,A&G OCCUPANCY COST RECLASS
216,A400010,00700,00100,D
216,A400010,00700,00500,CAPITAL COSTS-MVBLE EQUIPMENT
216,A400010,00800,00000,A&G OCCUPANCY COST RECLASS
216,A400010,00800,00100,D
216,A400010,00800,00500,OPERATION AND MAINTENANCE OF PLANT
216,A400010,00900,00000,A&G OCCUPANCY COST RECLASS
216,A400010,00900,00100,D
216,A400010,00900,00500,HOUSEKEEPING
216,A400010,01000,00000,SPS
216,A400010,01000,00100,E
216,A400010,01000,00200,KIDNEY ACQUISITIONS
216,A400010,01000,00500,MEDICAL SUPPLIES
216,A400010,01100,00000,SPS
216,A400010,01100,00100,E
216,A400010,01100,00200,LIVER ACQUISITIONS
216,A400010,01200,00000,SPS
216,A400010,01200,00100,E
216,A400010,01200,00200,PANCREAS ACQUISITIONS
216,A500010,00200,00100,B
216,A500010,00200,00300,ADMINISTRATIVE & GENERAL
216,A500010,00600,00100,A
216,A500010,00600,00300,ADMINISTRATIVE & GENERAL
216,A500010,00800,00100,B
216,A500010,00800,00300,PROCUREMENT COORDINATORS
216,A500010,01200,00100,B
216,A500010,01200,00300,CAPITAL COSTS-BLDG & FIXT
216,A500010,01500,00000,LOBBYING
216,A500010,01500,00100,A
216,A500010,01500,00300,ADMINISTRATIVE & GENERAL
216,A500010,01501,00000,LOBBYING PORTION OF AOPO DUES
216,A500010,01501,00100,A
216,A500010,01501,00300,ADMINISTRATIVE & GENERAL
216,A500010,01600,00000,EXPENSES FOR NON-IDN EMPLOYEES
216,A500010,01600,00100,A
216,A500010,01600,00300,PROFESSIONAL EDUCATION
216,A500010,01601,00000,FUNDRAISING CAPITAL BLDG
216,A500010,01601,00100,A
216,A500010,01601,00300,CAPITAL COSTS-BLDG & FIXT
216,A500010,01602,00000,FUNDRAISING CAPITAL EQUIP
216,A500010,01602,00100,A
216,A500010,01602,00300,CAPITAL COSTS-MVBLE EQUIPMENT
216,A500010,01603,00000,FUNDRAISING EMPLOYEE BENEFITS
216,A500010,01603,00100,A
216,A500010,01603,00300,EMPLOYEE BENEFITS
216,A500010,01604,00000,FUNDRAISING ADMIN & GENERAL
216,A500010,01604,00100,A
216,A500010,01604,00300,ADMINISTRATIVE & GENERAL
216,A500010,01605,00000,FUNDRAISING OPER OF PLANT
216,A500010,01605,00100,A
216,A500010,01605,00300,OPERATION AND MAINTENANCE OF PLANT
216,A500010,01606,00000,FUNDRAISING HOUSEKEEPING
216,A500010,01606,00100,A
216,A500010,01606,00300,HOUSEKEEPING
216,A500010,01607,00000,FUNDRAISING PUBLIC EDUCATION
216,A500010,01607,00100,A
216,A500010,01607,00300,PUBLIC EDUCATION
216,A500010,01608,00000,COMM CTR REFERRAL CALL REIMBURSEMENT
216,A500010,01608,00100,B
216,A500010,01608,00300,PROCUREMENT COORDINATORS
216,A500010,01609,00000,CONTRIBUTIONS
216,A500010,01609,00100,B
216,A500010,01609,00300,ADMINISTRATIVE & GENERAL
216,A500010,01611,00000,CEU REVENUE
216,A500010,01611,00100,B
216,A500010,01611,00300,TISSUE
216,A500010,01614,00000,SOCIAL MEDIA ASSISTANCE
216,A500010,01614,00100,B
216,A500010,01614,00300,PUBLIC EDUCATION
216,A500010,01616,00000,LIVER IMPORT EXPENSE GROSS UP
216,A500010,01616,00100,A
216,A500010,01616,00300,LIVER ACQUISITIONS
216,A500010,01617,00000,HEART IMPORT EXPENSE GROSS UP
216,A500010,01617,00100,A
216,A500010,01617,00300,HEART ACQUISITIONS
216,A500010,01618,00000,PANCREAS IMPORT EXPENSE GROSS UP
216,A500010,01618,00100,A
216,A500010,01618,00300,PANCREAS ACQUISITIONS
216,A500010,01619,00000,LUNG(S) IMPORT EXPENSE GROSS UP
216,A500010,01619,00100,A
216,A500010,01619,00300,LUNG ACQUISITIONS
216,A500010,01624,00000,MISC REVENUE - KPR
216,A500010,01624,00100,B
216,A500010,01624,00300,KIDNEY ACQUISITIONS
216,A500010,01628,00000,SEROLOGY\NANO COOLER REBATES
216,A500010,01628,00100,B
216,A500010,01628,00300,TISSUE
216,A500010,01629,00000,EXPEDITED SHIPPING REBATES
216,A500010,01629,00100,B
216,A500010,01629,00300,TISSUE
216,A500010,01630,00000,IDLE SPACE
216,A500010,01630,00100,A
216,A500010,01630,00300,CAPITAL COSTS-BLDG & FIXT
216,A500010,01631,00000,IDLE SPACE
216,A500010,01631,00100,A
216,A500010,01631,00300,OPERATION AND MAINTENANCE OF PLANT
216,A51000A,00100,00100,N
216,A60000A,00700,00000,SOFTWARE
216,A60000A,00701,00000,LEASEHOLD IMPROVEMENTS
216,A60000A,00702,00000,EQUIPMENT
216,A60000A,00703,00000,MEDICAL WORK ROOM EQUIPMENT
216,A60000A,00704,00000,FURNITURE
216,A60000A,00705,00000,BUILDING IMPROVEMENTS
216,A60000B,00800,00000,SOFTWARE
216,A60000B,00801,00000,LEASEHOLD IMPROVEMENTS
216,A60000B,00802,00000,EQUIPMENT
216,A60000B,00803,00000,MEDICAL WORK ROOM EQUIPMENT
216,A60000B,00804,00000,FURNITURE
216,A60000C,00500,00100,N
216,B10000*,00100,00200,CAP BLDG
216,B10000*,00100,00300,CAP COSTS
216,B10000*,00100,00400,EMPLOYEE
216,B10000*,00100,00500,MEDICAL
216,B10000*,00100,00800,ORGAN
216,B10000*,00100,01000,ADMIN &
216,B10000*,00200,00200,OP PLANT &
216,B10000*,00200,00300,MOVABLE
216,B10000*,00200,00400,BENEFITS
216,B10000*,00200,00500,SUPPLIES
216,B10000*,00200,00800,ACQUISITN
216,B10000*,00200,01000,GENERAL
216,B10000*,00300,00200,HOUSEKEEP
216,B10000*,00300,00300,EQUIPMENT
216,B10000*,00300,00800,COSTS
216,B10000*,00400,00200,SQUARE
216,B10000*,00400,00300,DOLLAR
216,B10000*,00400,00400,ADJUST
216,B10000*,00400,00500,COSTED
216,B10000*,00400,00800,NUMBER
216,B10000*,00400,01000,ACCUM
216,B10000*,00500,00200,FEET
216,B10000*,00500,00300,VALUE
216,B10000*,00500,00400,SALARIES
216,B10000*,00500,00500,REQUISIT
216,B10000*,00500,00800,ORGANS
216,B10000*,00500,01000,COSTS
216,B10000*,00600,00200,1
216,B10000*,00600,00300,2
216,B10000*,00600,00400,3
216,B10000*,00600,00500,3
216,B10000*,00600,00800,3
216,B10000*,00600,01000,3
216,B100000,00000,01000,X
216,E000000,00900,00000,OTHER CURRENT ASSETS
216,E000000,02600,00000,OTHER FIXED ASSETS
216,E000000,03100,00000,INTEREST IN ALLOSOURCE
216,E000000,03900,00000,ACCRUED EXPENSES
216,E000000,04100,00000,CURRENT MATURITIES OF LONG TERM DEBT
216,E000000,04600,00000,UNAMORTIZED DEBT ISSUANCE COSTS
216,E100001,00800,00000,ORGAN PROCUREMENT REVENUE
216,E100001,00900,00000,TISSUE PROCUREMENT REVENUE
216,E100002,00800,00000,FUNDRAISING EXPENSES
216,E100002,00900,00000,INTEREST EXPENSE
216,E200000,01500,00000,MISC INCOME
216,E200000,01600,00000,RENT INCOME
216,E200000,01700,00000,GRANT REVENUE
216,E200000,01800,00000,CHANGE IN INTEREST FROM INVSTMT ALLO
216,E200000,02100,00000,NET ASSETS RELEASED FROM RESTRICTION
216,E200000,02200,00000,RESTRICT CONTRIBUTIONS\GRANTS
216,E200000,02600,00000,NET ASSETS RELEASED FROM RESTRICTION
216,E200000,02700,00000,FUNDRAISING EXPENSE
216,E200000,02701,00000,INTEREST EXPENSE
216,S000000,00100,00100,X
216,S000000,00400,00100,2
216,S000000,00500,00100,08/24/2020
216,S000000,00600,00100,10001
216,S000000,00700,00100,N
216,S000000,00800,00100,N
216,S000000,00900,00100,01/13/2022
216,S000000,01000,00100,4
216,S000001,00100,00100,IOWA DONOR NETWORK
216,S000001,00100,00200,16P001
216,S000001,00101,00100,550 MADISON AVENUE N
216,S000001,00102,00100,NORTH LIBERTY
216,S000001,00102,00200,IA
216,S000001,00102,00300,52317
216,S000001,00300,00100,01/01/2019
216,S000001,00300,00200,12/31/2019
216,S000001,00400,00100,6
216,S000001,00400,00300,1
216,S000001,00400,00400,03/01/1994
216,S000001,00401,00300,1
216,S000002,00100,00200,Y
216,S000002,00300,00100,CEO
216,S000002,00400,00100,08/21/2020
216,S100001,00700,00100,N
216,S100001,00810,00000,INTESTINE
216,S100001,00811,00000,VEIN
216,S100001,00812,00000,OTHER TISSUE
216,S100003,00100,00100,MEDICAL DIRECTOR
216,S100003,00100,00300,MEDICAL DIRECTOR
216,S100003,00100,00500,LAB DIRECTOR
216,S100003,00101,00100,EXEC. DIRECTOR
216,S100003,00101,00300,PROCUREMENT COORDINATOR
216,S100003,00101,00500,TECHNICIANS
216,S100003,00102,00100,CLERICAL
216,S100003,00102,00300,PRESERVATION TECHNICIANS
216,S100003,00102,00500,TISSUE TYPING TECH.
216,S100003,00103,00100,OTHER
216,S100003,00103,00300,OTHER
216,S100003,00103,00500,OTHER
216,S200000,00100,00100,N
216,S200000,00200,00100,N
216,S200000,00300,00100,N
216,S200000,00400,00100,Y
216,S200000,00400,00200,A
216,S200000,00500,00100,Y
216,S200000,00600,00300,CONTROLLER
216,S200000,00700,00100,IOWA DONOR NETWORK
217,A000000,00100,00000,0100CAPITAL COSTS-BLDG & FIXT
217,A000000,00200,00000,0200CAPITAL COSTS-MVBLE EQUIPMENT
217,A000000,00300,00000,0300EMPLOYEE BENEFITS
217,A000000,00400,00000,0400ADMINISTRATIVE & GENERAL
217,A000000,00500,00000,0500OPERATION AND MAINTENANCE OF PLANT
217,A000000,00600,00000,0600HOUSEKEEPING
217,A000000,00700,00000,0700MEDICAL SUPPLIES
217,A000000,00800,00000,0800OTHER OVERHEAD
217,A000000,00900,00000,0900PROCUREMENT COORDINATORS
217,A000000,01000,00000,1000PROFESSIONAL EDUCATION
217,A000000,01100,00000,1100PUBLIC EDUCATION
217,A000000,01200,00000,1200OTHER ACQUISITION
217,A000000,01300,00000,1300KIDNEY ACQUISITIONS
217,A000000,01400,00000,1400TISSUE TYPING LABORATORY
217,A000000,01500,00000,1500LIVER ACQUISITIONS
217,A000000,01600,00000,1600HEART ACQUISITIONS
217,A000000,01700,00000,1700PANCREAS ACQUISITIONS
217,A000000,01800,00000,1800LUNG ACQUISITIONS
217,A000000,01900,00000,1900OTHER ACQUISITIONS
217,A000000,01901,00000,1901OTHER ACQUISITIONS
217,A000000,02100,00000,2100RESEARCH
217,A000000,02200,00000,2200BLOOD BANK
217,A000000,02300,00000,2300LABORATORY-NON-TISSUE TYPING
217,A000000,02400,00000,2400DIALYSIS UNITS
217,A000000,02500,00000,2500OTHER NON-REIMBURSABLE
217,A100000,01700,00000,PAYROLL TAXES & BENEFITS
217,A100000,01800,00000,CONTRACT SERVICES
217,A100000,01900,00000,DEPRECIATION
217,A100000,01901,00000,OCCUPANCY & MAINTENANCE
217,A100000,01902,00000,OTHER EXPENSES
217,A20H000,00900,00000,HOSPITAL CHARGES
217,A20H000,02100,00000,MEDICAL SUPPLIES
217,A20H000,02101,00000,RECOVERY FEES & OTHER COSTS
217,A20K000,00900,00000,HOSPITAL CHARGES
217,A20K000,02100,00000,MEDICAL SUPPLIES
217,A20K000,02101,00000,RECOVERY FEES & OTHER COSTS
217,A20L000,00900,00000,HOSPITAL CHARGES
217,A20L000,02100,00000,MEDICAL SUPPLIES
217,A20L000,02101,00000,RECOVERY FEES & OTHER COSTS
217,A20O000,00900,00000,HOSPITAL CHARGES
217,A20O000,02100,00000,MEDICAL SUPPLIES
217,A20O000,02101,00000,RECOVERY FEES & OTHER COSTS
217,A20P000,00900,00000,HOSPITAL CHARGES
217,A20P000,02100,00000,MEDICAL SUPPLIES
217,A20P000,02101,00000,RECOVERY FEES & OTHER COSTS
217,A20U000,00900,00000,HOSPITAL CHARGES
217,A20U000,02100,00000,MEDICAL SUPPLIES
217,A20U000,02101,00000,RECOVERY FEES & OTHER COSTS
217,A400010,00100,00000,CAPITAL RENT
217,A400010,00100,00100,A
217,A400010,00100,00200,CAPITAL COSTS-BLDG & FIXT
217,A400010,00100,00500,ADMINISTRATIVE & GENERAL
217,A400010,00200,00000,MOVEABLE EQUIPMENT
217,A400010,00200,00100,B
217,A400010,00200,00200,CAPITAL COSTS-MVBLE EQUIPMENT
217,A400010,00200,00500,ADMINISTRATIVE & GENERAL
217,A400010,00300,00000,OCCUPANCY EXPENSES
217,A400010,00300,00100,D
217,A400010,00300,00200,OPERATION AND MAINTENANCE OF PLANT
217,A400010,00300,00500,ADMINISTRATIVE & GENERAL
217,A400010,00400,00000,ALLOCATION TO TISSUE (PROF ED)
217,A400010,00400,00100,E
217,A400010,00400,00200,OTHER NON-REIMBURSABLE
217,A400010,00400,00500,PROFESSIONAL EDUCATION
217,A400010,00500,00000,ALLOCATION TO TISSUE- PUBLIC ED
217,A400010,00500,00100,F
217,A400010,00500,00200,OTHER NON-REIMBURSABLE
217,A400010,00500,00500,PUBLIC EDUCATION
217,A400010,00600,00000,ALLOCATION TO TISSUE - RECOVERY
217,A400010,00600,00100,G
217,A400010,00600,00200,OTHER NON-REIMBURSABLE
217,A400010,00600,00500,PROCUREMENT COORDINATORS
217,A500010,00800,00100,B
217,A500010,00800,00300,PROCUREMENT COORDINATORS
217,A500010,01500,00000,SCHOLARSHIPS
217,A500010,01500,00100,A
217,A500010,01500,00300,PUBLIC EDUCATION
217,A500010,01501,00000,LOBBYING
217,A500010,01501,00100,A
217,A500010,01501,00300,ADMINISTRATIVE & GENERAL
217,A500010,01502,00000,ALCOHOL
217,A500010,01502,00100,A
217,A500010,01502,00300,ADMINISTRATIVE & GENERAL
217,A500010,01503,00000,OTHER G&A NON-REIMBURSABLE
217,A500010,01503,00100,A
217,A500010,01503,00300,ADMINISTRATIVE & GENERAL
217,A500010,01504,00000,OTHER G&A LEGAL SETTLEMENT
217,A500010,01504,00100,A
217,A500010,01504,00300,ADMINISTRATIVE & GENERAL
217,A51000A,00100,00100,N
217,A60000C,00500,00100,N
217,B10000*,00100,00200,CAP BLDG
217,B10000*,00100,00300,CAP COSTS
217,B10000*,00100,00400,EMPLOYEE
217,B10000*,00100,00500,MEDICAL
217,B10000*,00100,00800,ORGAN
217,B10000*,00100,01000,ADMIN &
217,B10000*,00200,00200,OP PLANT &
217,B10000*,00200,00300,MOVABLE
217,B10000*,00200,00400,BENEFITS
217,B10000*,00200,00500,SUPPLIES
217,B10000*,00200,00800,ACQUISITN
217,B10000*,00200,01000,GENERAL
217,B10000*,00300,00200,HOUSEKEEP
217,B10000*,00300,00300,EQUIPMENT
217,B10000*,00300,00800,COSTS
217,B10000*,00400,00200,SQUARE
217,B10000*,00400,00300,DOLLAR
217,B10000*,00400,00400,ADJUST
217,B10000*,00400,00500,COSTED
217,B10000*,00400,00800,NUMBER
217,B10000*,00400,01000,ACCUM
217,B10000*,00500,00200,FEET
217,B10000*,00500,00300,VALUE
217,B10000*,00500,00400,SALARIES
217,B10000*,00500,00500,REQUISIT
217,B10000*,00500,00800,ORGANS
217,B10000*,00500,01000,COSTS
217,B10000*,00600,00200,1
217,B10000*,00600,00300,2
217,B10000*,00600,00400,3
217,B10000*,00600,00500,3
217,B10000*,00600,00800,3
217,B10000*,00600,01000,3
217,B100000,00000,01000,X
217,E100001,00700,00000,TISSUE PROCUREMENT REVENUE
217,E100001,00800,00000,OTHER PROCUREMENT REVENUE
217,E200000,01500,00000,INVESTMENT GAIN
217,S000000,00100,00100,X
217,S000000,00400,00100,2
217,S000000,00500,00100,07/22/2020
217,S000000,00600,00100,10001
217,S000000,00700,00100,N
217,S000000,00800,00100,N
217,S000000,00900,00100,01/13/2022
217,S000000,01000,00100,4
217,S000001,00100,00100,WASHINGTON REGIONAL TRANSPLANT COMMU
217,S000001,00100,00200,49P003
217,S000001,00101,00100,3190 FAIRVIEW PARK DRIVE  SUITE 700
217,S000001,00102,00100,FALLS CHURCH
217,S000001,00102,00200,VA
217,S000001,00102,00300,22042
217,S000001,00300,00100,01/01/2019
217,S000001,00300,00200,12/31/2019
217,S000001,00400,00100,6
217,S000001,00400,00300,1
217,S000001,00400,00400,09/01/1987
217,S000001,00401,00300,1
217,S000002,00300,00100,CHIEF FINANCIAL OFFICER
217,S100001,00700,00100,N
217,S100001,00810,00000,OTHER (SMALL BOWEL)
217,S100001,00811,00000,OTHER TISSUE
217,S100003,00100,00100,MEDICAL DIRECTOR
217,S100003,00100,00300,MEDICAL DIRECTOR
217,S100003,00100,00500,LAB DIRECTOR
217,S100003,00101,00100,EXEC. DIRECTOR
217,S100003,00101,00300,PROCUREMENT COORDINATOR
217,S100003,00101,00500,TECHNICIANS
217,S100003,00102,00100,CLERICAL
217,S100003,00102,00300,PRESERVATION TECHNICIANS
217,S100003,00102,00500,TISSUE TYPING TECH.
217,S100003,00103,00100,PUBLIC ED
217,S100003,00103,00300,PROFESSIONAL ED
217,S100003,00103,00500,OTHER
217,S200000,00100,00100,N
217,S200000,00200,00100,N
217,S200000,00300,00100,N
217,S200000,00400,00100,Y
217,S200000,00400,00200,A
217,S200000,00500,00100,N
217,S200000,00600,00300,CFO
217,S200000,00700,00100,WASHINGTON REGIONAL TRANSPLANT COMMU
218,A000000,00100,00000,0100CAPITAL COSTS-BLDG & FIXT
218,A000000,00200,00000,0200CAPITAL COSTS-MVBLE EQUIPMENT
218,A000000,00300,00000,0300EMPLOYEE BENEFITS
218,A000000,00400,00000,0400ADMINISTRATIVE & GENERAL
218,A000000,00500,00000,0500OPERATION AND MAINTENANCE OF PLANT
218,A000000,00600,00000,0600HOUSEKEEPING
218,A000000,00700,00000,0700MEDICAL SUPPLIES
218,A000000,00800,00000,0800OTHER OVERHEAD
218,A000000,00900,00000,0900PROCUREMENT COORDINATORS
218,A000000,01000,00000,1000PROFESSIONAL EDUCATION
218,A000000,01100,00000,1100PUBLIC EDUCATION
218,A000000,01200,00000,1200DONOR RESOURCE CENTER
218,A000000,01300,00000,1300KIDNEY ACQUISITIONS
218,A000000,01400,00000,1400TISSUE TYPING LABORATORY
218,A000000,01500,00000,1500LIVER ACQUISITIONS
218,A000000,01600,00000,1600HEART ACQUISITIONS
218,A000000,01700,00000,1700PANCREAS ACQUISITIONS
218,A000000,01800,00000,1800LUNG ACQUISITIONS
218,A000000,01900,00000,1900SMALL BOWEL & OTHER ORGAN
218,A000000,01901,00000,1901TISSUE
218,A000000,02100,00000,2100RESEARCH
218,A000000,02200,00000,2200BLOOD BANK
218,A000000,02300,00000,2300LABORATORY-NON-TISSUE TYPING
218,A000000,02400,00000,2400DIALYSIS UNITS
218,A000000,02500,00000,2500OTHER NON-REIMBURSABLE - TISSUE
218,A100000,01700,00000,UTILITIES
218,A100000,01800,00000,OTHER PROFESSIONAL SERVICES
218,A100000,01900,00000,TOTAL OTHER OPERATING EXPENSES
218,A20H000,00900,00000,OTHER EXCISION HOSPITAL
218,A20H000,00901,00000,CASE RATES
218,A20H000,00902,00000,SEROLOGY
218,A20H000,00903,00000,MED UNSUITABLE / POTENTIAL DONOR
218,A20H000,00904,00000,HEART CATH
218,A20H000,02100,00000,OTHER ACQUISITION COSTS
218,A20H000,02101,00000,CONSULTING
218,A20H000,02102,00000,CARDIOLOGY
218,A20H000,02103,00000,SURGEON FEE - RESEARCH ORGAN
218,A20K000,00900,00000,OTHER EXCISION HOSPITAL
218,A20K000,00901,00000,CASE RATES
218,A20K000,00902,00000,SEROLOGY
218,A20K000,00903,00000,MED UNSUITABLE / POTENTIAL DONOR
218,A20K000,02100,00000,OTHER ACQUISITION COSTS
218,A20K000,02101,00000,CONSULTING
218,A20K000,02102,00000,BIOPSY
218,A20K000,02103,00000,RESEARCH - SURG FEES & OTHER
218,A20L000,00900,00000,OTHER EXCISION HOSPITAL
218,A20L000,00901,00000,CASE RATES
218,A20L000,00902,00000,SEROLOGY
218,A20L000,00903,00000,MED UNSUITABLE / POTENTIAL DONOR
218,A20L000,02100,00000,OTHER ACQUISITION COSTS
218,A20L000,02101,00000,CONSULTING
218,A20L000,02102,00000,BIOPSY
218,A20L000,02103,00000,RESEARCH ORGANS - SURG FEES & OTHER
218,A20O000,00900,00000,CASE RATES
218,A20O000,00901,00000,SEROLOGY
218,A20O000,00902,00000,MEDICALLY UNSUITABLE
218,A20O000,02100,00000,CONSULTING
218,A20O000,02101,00000,RESEARCH - SURG FEE & OTHER
218,A20O001,00900,00000,OTHER EXCISION HOSPITAL
218,A20O001,00901,00000,CASE OR FLAT RATES
218,A20O001,00902,00000,SERIOLOGY
218,A20O001,00903,00000,MED UNSUITABLE / POTENTIAL DONOR
218,A20O001,02100,00000,CONSULTING
218,A20O001,02101,00000,SURGEON FEES - RESEARCH ORGANS
218,A20P000,00900,00000,OTHER EXCISION HOSPITAL
218,A20P000,00901,00000,CASE RATES
218,A20P000,00902,00000,SEROLOGY
218,A20P000,00903,00000,MEDICALLY UNSUITABLE
218,A20P000,02100,00000,CONSULTING
218,A20P000,02101,00000,RESEARCH - SURG FEE & OTHER
218,A20U000,00900,00000,OTHER EXCISION HOSPITAL
218,A20U000,00901,00000,CASE RATES
218,A20U000,00902,00000,SEROLOGY
218,A20U000,00903,00000,MEDICALLY UNSUITABLE
218,A20U000,02100,00000,CONSULTING
218,A20U000,02101,00000,RESEARCH - SURG FEE & OTHER
218,A20U000,02102,00000,CARDIOLOGY & OTHER
218,A400010,00100,00000,RECLASS TISSUE DIRECTS
218,A400010,00100,00100,A
218,A400010,00100,00200,OTHER NON-REIMBURSABLE - TISSUE
218,A400010,00100,00500,TISSUE
218,A400010,00200,00000,RECLASS LEASE COSTS
218,A400010,00200,00100,B
218,A400010,00200,00200,CAPITAL COSTS-BLDG & FIXT
218,A400010,00200,00500,PROCUREMENT COORDINATORS
218,A400010,00300,00000,RECLASS LEASE COSTS
218,A400010,00300,00100,B
218,A400010,00300,00200,CAPITAL COSTS-BLDG & FIXT
218,A400010,00300,00500,OTHER NON-REIMBURSABLE - TISSUE
218,A400010,00400,00000,RECLASS LEASE COSTS
218,A400010,00400,00100,B
218,A400010,00400,00200,CAPITAL COSTS-BLDG & FIXT
218,A400010,00400,00500,PUBLIC EDUCATION
218,A400010,00500,00000,RECLASS LEASE COSTS
218,A400010,00500,00100,B
218,A400010,00500,00200,CAPITAL COSTS-BLDG & FIXT
218,A400010,00500,00500,ADMINISTRATIVE & GENERAL
218,A400010,00600,00000,RECLASS LEASE COSTS
218,A400010,00600,00100,B
218,A400010,00600,00200,CAPITAL COSTS-BLDG & FIXT
218,A400010,00600,00500,PROFESSIONAL EDUCATION
218,A400010,00700,00000,RECLASS TISSUE EQUIV COSTS
218,A400010,00700,00100,F
218,A400010,00700,00200,OTHER NON-REIMBURSABLE - TISSUE
218,A400010,00700,00500,PUBLIC EDUCATION
218,A400010,00800,00000,RECLASS TISSUE EQUIV COSTS
218,A400010,00800,00100,F
218,A400010,00800,00500,PROFESSIONAL EDUCATION
218,A400010,00900,00000,RECLASS TISSUE EQUIV COSTS
218,A400010,00900,00100,F
218,A400010,00900,00500,DONOR RESOURCE CENTER
218,A400010,01000,00000,RECLASS KIDNEY PUMP VEHICLES
218,A400010,01000,00100,G
218,A400010,01000,00200,KIDNEY ACQUISITIONS
218,A400010,01000,00500,CAPITAL COSTS-MVBLE EQUIPMENT
218,A400010,01100,00000,SQ FOOTAGE A&G
218,A400010,01100,00100,H
218,A400010,01100,00200,ADMINISTRATIVE & GENERAL
218,A400010,01100,00500,CAPITAL COSTS-BLDG & FIXT
218,A400010,01200,00000,SQ FOOTAGE A&G
218,A400010,01200,00100,H
218,A400010,01200,00200,ADMINISTRATIVE & GENERAL
218,A400010,01200,00500,CAPITAL COSTS-MVBLE EQUIPMENT
218,A400010,01300,00000,TISSUE VEHICLE RECLASS
218,A400010,01300,00100,I
218,A400010,01300,00200,OTHER NON-REIMBURSABLE - TISSUE
218,A400010,01300,00500,CAPITAL COSTS-MVBLE EQUIPMENT
218,A400010,01400,00000,RECOVERY SURGEON  RECLASS FROM A&G
218,A400010,01400,00100,J
218,A400010,01400,00200,KIDNEY ACQUISITIONS
218,A400010,01400,00500,ADMINISTRATIVE & GENERAL
218,A400010,01500,00000,RECOVERY SURGEON  RECLASS FROM A&G
218,A400010,01500,00100,J
218,A400010,01500,00200,LIVER ACQUISITIONS
218,A400010,01600,00000,RECOVERY SURGEON  RECLASS FROM A&G
218,A400010,01600,00100,J
218,A400010,01600,00200,PANCREAS ACQUISITIONS
218,A500010,00800,00100,B
218,A500010,00800,00300,PROCUREMENT COORDINATORS
218,A500010,01000,00100,B
218,A500010,01000,00300,PUBLIC EDUCATION
218,A500010,01500,00000,REFERRAL INCOME
218,A500010,01500,00100,B
218,A500010,01500,00300,DONOR RESOURCE CENTER
218,A500010,01600,00000,NON-ALLOWABLE - GEN & ADMIN
218,A500010,01600,00100,A
218,A500010,01600,00300,ADMINISTRATIVE & GENERAL
218,A500010,01601,00000,NON-ALLOWABLE - PUBLIC
218,A500010,01601,00100,A
218,A500010,01601,00300,PUBLIC EDUCATION
218,A500010,01602,00000,NON-ALLOWABLE - PROCUREMENT
218,A500010,01602,00100,A
218,A500010,01602,00300,PROCUREMENT COORDINATORS
218,A500010,01603,00000,NON-ALLOWABLE - PROFESSIONAL EDUC.
218,A500010,01603,00100,A
218,A500010,01603,00300,PROFESSIONAL EDUCATION
218,A500010,01604,00000,TRANSPORT DONOR TO TMH - KIDNEY
218,A500010,01604,00100,A
218,A500010,01604,00300,KIDNEY ACQUISITIONS
218,A500010,01605,00000,NON-ALLOWABLE - TISSUE
218,A500010,01605,00100,A
218,A500010,01605,00300,OTHER NON-REIMBURSABLE - TISSUE
218,A500010,01606,00000,DEPRECIATION - CAPITALIZED INTEREST
218,A500010,01606,00100,A
218,A500010,01606,00300,CAPITAL COSTS-BLDG & FIXT
218,A500010,01607,00000,TRANSPORT DONOR TO TMH - LIVER & SEG
218,A500010,01607,00100,A
218,A500010,01607,00300,LIVER ACQUISITIONS
218,A500010,01608,00000,TRANSPORT DONOR TO TMH - HEART
218,A500010,01608,00100,A
218,A500010,01608,00300,HEART ACQUISITIONS
218,A500010,01609,00000,TRANSPORT DONOR TO TMH - LUNGS
218,A500010,01609,00100,A
218,A500010,01609,00300,LUNG ACQUISITIONS
218,A500010,01610,00000,TRANSPORT DONOR TO TMH - PANCREAS
218,A500010,01610,00100,A
218,A500010,01610,00300,PANCREAS ACQUISITIONS
218,A500010,01611,00000,AOPO DUES - LOBBYING PORTION
218,A500010,01611,00100,A
218,A500010,01611,00300,ADMINISTRATIVE & GENERAL
218,A51000A,00100,00100,N
218,A60000A,00700,00000,LEASEHOLD IMPROVEMENTS
218,A60000A,00701,00000,MEDICAL EQUIPMENT
218,A60000A,00702,00000,FURNITURE
218,A60000A,00703,00000,PHONE SYSTEM
218,A60000A,00704,00000,MEDICAL & OFFICE EQUIPMENT
218,A60000A,00705,00000,CIP - NEW BUILDING
218,A60000B,00800,00000,LEASEHOLD IMPROVEMENTS
218,A60000B,00801,00000,FURNITURE
218,A60000B,00802,00000,MEDICAL & OFFICE EQUIPMENT
218,A60000B,00803,00000,PHONE SYSTEM
218,A60000C,00500,00100,N
218,B10000*,00100,00200,CAP BLDG
218,B10000*,00100,00300,CAP COSTS
218,B10000*,00100,00400,EMPLOYEE
218,B10000*,00100,00500,MEDICAL
218,B10000*,00100,00800,ORGAN
218,B10000*,00100,01000,ADMIN &
218,B10000*,00200,00200,OP PLANT &
218,B10000*,00200,00300,MOVABLE
218,B10000*,00200,00400,BENEFITS
218,B10000*,00200,00500,SUPPLIES
218,B10000*,00200,00800,ACQUISITN
218,B10000*,00200,01000,GENERAL
218,B10000*,00300,00200,HOUSEKEEP
218,B10000*,00300,00300,EQUIPMENT
218,B10000*,00300,00800,COSTS
218,B10000*,00400,00200,SQUARE
218,B10000*,00400,00300,DOLLAR
218,B10000*,00400,00400,ADJUST
218,B10000*,00400,00500,COSTED
218,B10000*,00400,00800,NUMBER
218,B10000*,00400,01000,ACCUM
218,B10000*,00500,00200,FEET
218,B10000*,00500,00300,VALUE
218,B10000*,00500,00400,SALARIES
218,B10000*,00500,00500,REQUISIT
218,B10000*,00500,00800,ORGANS
218,B10000*,00500,01000,COSTS
218,B10000*,00600,00200,1
218,B10000*,00600,00300,2
218,B10000*,00600,00400,3
218,B10000*,00600,00500,3
218,B10000*,00600,00800,3
218,B10000*,00600,01000,3
218,B100000,00000,01000,X
218,E000000,00900,00000,OTHER ASSETS
218,E000000,02600,00000,CIP - BUILDING
218,E000000,03900,00000,DUE TO (FROM) MEDICARE PROGRAM
218,E000000,04100,00000,DEFERRED COSTS
218,E100001,00700,00000,RESEARCH INCOME - ORGAN
218,E100001,00800,00000,REFERRAL INCOME
218,E100001,00900,00000,TISSUE REVENUE
218,E100001,00901,00000,GRANT STIPEND INCOME - ORGAN
218,E100001,00902,00000,TISSUE RESEARCH REVENUE
218,E200000,02000,00000,REALIZED GAIN ON SALE OF INVESTMENT
218,E200000,02100,00000,CHANGE IN MARKET VALUE OF INVESTMENT
218,E200000,02200,00000,CHARITABLE CONTRIBUTIONS
218,E200000,02300,00000,SEMINAR FEES
218,E200000,02600,00000,LOSS ON DISPOSAL OF ASSETS
218,E200000,02700,00000,INTEREST EXPENSE
218,S000000,00100,00100,X
218,S000000,00400,00100,2
218,S000000,00500,00100,07/13/2020
218,S000000,00600,00100,10001
218,S000000,00700,00100,N
218,S000000,00800,00100,N
218,S000000,00900,00100,01/18/2022
218,S000000,01000,00100,4
218,S000001,00100,00100,LIFEGIFT
218,S000001,00100,00200,45P003
218,S000001,00101,00100,2510 WESTRIDGE STREET
218,S000001,00102,00100,HOUSTON
218,S000001,00102,00200,TX
218,S000001,00102,00300,77054
218,S000001,00300,00100,01/01/2019
218,S000001,00300,00200,12/31/2019
218,S000001,00400,00100,6
218,S000001,00400,00300,1
218,S000001,00400,00400,10/01/1987
218,S000001,00401,00300,1
218,S000002,00100,00200,Y
218,S000002,00300,00100,SR. EXECUTIVE VICE PRESIDENT / CFO
218,S000002,00400,00100,07/08/2020
218,S100001,00700,00100,N
218,S100001,00810,00000,LIVER SEGMENT
218,S100001,00811,00000,OTHER TISSUES
218,S100001,00812,00000,SMALL BOWEL & OTHER ORGAN
218,S100003,00100,00100,MEDICAL DIRECTOR
218,S100003,00100,00300,MEDICAL DIRECTOR
218,S100003,00100,00500,LAB DIRECTOR
218,S100003,00101,00100,EXEC. DIRECTOR
218,S100003,00101,00300,PROCUREMENT COORDINATOR
218,S100003,00101,00500,TECHNICIANS
218,S100003,00102,00100,CLERICAL
218,S100003,00102,00300,PRESERVATION TECHNICIANS
218,S100003,00102,00500,TISSUE TYPING TECH.
218,S100003,00103,00100,MANAGERS
218,S100003,00103,00300,DONOR RESOURCE CENTER
218,S100003,00103,00500,OTHER
218,S200000,00100,00100,N
218,S200000,00200,00100,N
218,S200000,00300,00100,N
218,S200000,00400,00100,Y
218,S200000,00400,00200,A
218,S200000,00500,00100,N
218,S200000,00600,00300,SR EXEC VP & CFO
218,S200000,00700,00100,LIFEGIFT
219,A000000,00100,00000,0100CAPITAL COSTS-BLDG & FIXT
219,A000000,00200,00000,0200CAPITAL COSTS-MVBLE EQUIPMENT
219,A000000,00300,00000,0300EMPLOYEE BENEFITS
219,A000000,00400,00000,0400ADMINISTRATIVE & GENERAL
219,A000000,00500,00000,0500OPERATION AND MAINTENANCE OF PLANT
219,A000000,00600,00000,0600HOUSEKEEPING
219,A000000,00700,00000,0700MEDICAL SUPPLIES
219,A000000,00800,00000,0800OTHER OVERHEAD
219,A000000,00900,00000,0900PROCUREMENT COORDINATORS
219,A000000,01000,00000,1000PROFESSIONAL EDUCATION
219,A000000,01100,00000,1100PUBLIC EDUCATION
219,A000000,01300,00000,1300KIDNEY ACQUISITIONS
219,A000000,01400,00000,1400TISSUE TYPING LABORATORY
219,A000000,01500,00000,1500LIVER ACQUISITIONS
219,A000000,01600,00000,1600HEART ACQUISITIONS
219,A000000,01700,00000,1700PANCREAS ACQUISITIONS
219,A000000,01800,00000,1800LUNG ACQUISITIONS
219,A000000,01900,00000,1900HEART/LUNG       S
219,A000000,01901,00000,1901SMALL BOWEL      S 2
219,A000000,01902,00000,1902VCA              S 3
219,A000000,02100,00000,2100RESEARCH
219,A000000,02200,00000,2200BLOOD BANK
219,A000000,02300,00000,2300LABORATORY-NON-TISSUE TYPING
219,A000000,02400,00000,2400DIALYSIS UNITS
219,A000000,02501,00000,250125.01 TISSUE/EYE
219,A000000,02502,00000,250225.02 BIRTH TISSUE
219,A100000,01700,00000,SUBSCRIPTIONS/DUES/LICENSES
219,A100000,01800,00000,POSTAGE
219,A100000,01900,00000,CONSULTING
219,A100000,01901,00000,SHIPPING & DELIVERY
219,A100000,01902,00000,AUTO MAINTENANCE
219,A20H000,02100,00000,PROCUREMENT/PRESERVATION SUPPLIES
219,A20H000,02101,00000,SEROLOGY  ABO TESTS
219,A20K000,02100,00000,PROCUREMENT/PRESERVATION SUPPLIES
219,A20K000,02101,00000,SEROLOGY  ABO TESTS
219,A20L000,02100,00000,PROCUREMENT/PRESERVATION SUPPLIES
219,A20L000,02101,00000,SEROLOGY  ABO TESTS
219,A20O000,02100,00000,PROCUREMENT/PRESERVATION SUPPLIES
219,A20O000,02101,00000,SEROLOGY  ABO TESTS
219,A20O001,02100,00000,PROCUREMENT/PRESERVATION SUPPLIES
219,A20O001,02101,00000,SEROLOGY  ABO TESTS
219,A20P000,02100,00000,PROCUREMENT/PRESERVATION SUPPLIES
219,A20P000,02101,00000,SEROLOGY  ABO TESTS
219,A20U000,02100,00000,PROCUREMENT/PRESERVATION SUPPLIES
219,A20U000,02101,00000,SEROLOGY  ABO TESTS
219,A300000,00600,00000,SEE ATTACHED G/L SCHEDULE
219,A400010,00100,00000,RECLSS INSURANCE TO CAPITAL
219,A400010,00100,00100,A
219,A400010,00100,00200,CAPITAL COSTS-MVBLE EQUIPMENT
219,A400010,00100,00500,ADMINISTRATIVE & GENERAL
219,A400010,00200,00000,RECLSS BLDNG RENT TO CAPITAL
219,A400010,00200,00100,B
219,A400010,00200,00200,CAPITAL COSTS-BLDG & FIXT
219,A400010,00200,00500,ADMINISTRATIVE & GENERAL
219,A400010,00300,00000,RECLSS EQIUP RENT TO CAPITAL
219,A400010,00300,00100,D
219,A400010,00300,00200,CAPITAL COSTS-MVBLE EQUIPMENT
219,A400010,00300,00500,ADMINISTRATIVE & GENERAL
219,A400010,00400,00000,RECLSS PROF ED TO TISSUE/EYE
219,A400010,00400,00100,E
219,A400010,00400,00200,25.01 TISSUE/EYE
219,A400010,00400,00500,PROFESSIONAL EDUCATION
219,A400010,00500,00000,RECLSS PUBLIC ED TO TISSUE/EYE
219,A400010,00500,00100,F
219,A400010,00500,00200,25.01 TISSUE/EYE
219,A400010,00500,00500,PROFESSIONAL EDUCATION
219,A400010,00600,00000,RECLSS DFA SALARIES TO TISSUE/EYE
219,A400010,00600,00100,H
219,A400010,00600,00200,25.01 TISSUE/EYE
219,A400010,00600,00500,PROCUREMENT COORDINATORS
219,A500010,00800,00100,A
219,A500010,00800,00300,PROCUREMENT COORDINATORS
219,A500010,00900,00100,A
219,A500010,00900,00300,PROCUREMENT COORDINATORS
219,A500010,01200,00100,A
219,A500010,01200,00300,ADMINISTRATIVE & GENERAL
219,A500010,01500,00000,CONTRIBUTIONS
219,A500010,01500,00100,A
219,A500010,01500,00300,ADMINISTRATIVE & GENERAL
219,A500010,01501,00000,NON-REIMBURSABLE PUBLIC EDUCATION
219,A500010,01501,00100,A
219,A500010,01501,00300,PUBLIC EDUCATION
219,A500010,01502,00000,NON-REIMBURSABLE PROF EDUCATION
219,A500010,01502,00100,A
219,A500010,01502,00300,PROFESSIONAL EDUCATION
219,A500010,01503,00000,NON-REIMBURSABLE ORGAN
219,A500010,01503,00100,A
219,A500010,01503,00300,PROCUREMENT COORDINATORS
219,A500010,01504,00000,NON-REIMBURSABLE ADMIN
219,A500010,01504,00100,A
219,A500010,01504,00300,ADMINISTRATIVE & GENERAL
219,A500010,01505,00000,NON-REIMBURSABLE HLA
219,A500010,01505,00100,A
219,A500010,01505,00300,TISSUE TYPING LABORATORY
219,A51000A,00100,00100,N
219,A60000A,00700,00000,CONSTRUCTION IN PROGRESS
219,A60000A,00701,00000,BUILDING IMPROVEMENTS
219,A60000C,00500,00100,N
219,B10000*,00100,00200,CAP BLDG
219,B10000*,00100,00300,CAP COSTS
219,B10000*,00100,00400,EMPLOYEE
219,B10000*,00100,00500,MEDICAL
219,B10000*,00100,00800,ORGAN
219,B10000*,00100,01000,ADMIN &
219,B10000*,00200,00200,OP PLANT &
219,B10000*,00200,00300,MOVABLE
219,B10000*,00200,00400,BENEFITS
219,B10000*,00200,00500,SUPPLIES
219,B10000*,00200,00800,ACQUISITN
219,B10000*,00200,01000,GENERAL
219,B10000*,00300,00200,HOUSEKEEP
219,B10000*,00300,00300,EQUIPMENT
219,B10000*,00300,00800,COSTS
219,B10000*,00400,00200,SQUARE
219,B10000*,00400,00300,DOLLAR
219,B10000*,00400,00400,ADJUST
219,B10000*,00400,00500,COSTED
219,B10000*,00400,00800,NUMBER
219,B10000*,00400,01000,ACCUM
219,B10000*,00500,00200,FEET
219,B10000*,00500,00300,VALUE
219,B10000*,00500,00400,SALARIES
219,B10000*,00500,00500,REQUISIT
219,B10000*,00500,00800,ORGANS
219,B10000*,00500,01000,COSTS
219,B10000*,00600,00200,1
219,B10000*,00600,00300,2
219,B10000*,00600,00400,3
219,B10000*,00600,00500,3
219,B10000*,00600,00800,3
219,B10000*,00600,01000,3
219,B100000,00000,01000,X
219,E000000,00900,00000,OTHER CURRENT ASSETS
219,E000000,02600,00000,OTHER FIXED ASSETS
219,E000000,04600,00000,BONDS PAYABLE
219,E000000,04700,00000,OTHER LONT-TEM LIABILITIES
219,E100001,00700,00000,7 TISSUE PROCUREMENT
219,E100001,00800,00000,OCULAR PROCUREMENT
219,E100001,00900,00000,BIRTH TISSUE ACQUISITION
219,S000000,00100,00100,X
219,S000000,00400,00100,2
219,S000000,00500,00100,07/13/2020
219,S000000,00600,00100,10001
219,S000000,00700,00100,N
219,S000000,00800,00100,N
219,S000000,00900,00100,01/19/2022
219,S000000,01000,00100,4
219,S000001,00100,00100,DONOR NETWORK OF ARIZONA
219,S000001,00100,00200,03P001
219,S000001,00101,00100,201 W COOLIDGE
219,S000001,00102,00100,PHOENIX
219,S000001,00102,00200,AZ
219,S000001,00102,00300,85013
219,S000001,00200,00100,DONOR NETWORK OF ARIZONA
219,S000001,00200,00200,03HL03
219,S000001,00201,00100,201 W COOLIDGE
219,S000001,00202,00100,PHOENIX
219,S000001,00202,00200,AZ
219,S000001,00202,00300,85013
219,S000001,00300,00100,01/01/2019
219,S000001,00300,00200,12/31/2019
219,S000001,00400,00100,6
219,S000001,00400,00300,1
219,S000001,00400,00400,09/01/1992
219,S000001,00401,00100,6
219,S000001,00401,00300,2
219,S000001,00401,00400,09/01/1992
219,S100001,00700,00100,N
219,S100001,00810,00000,SMALL BOWEL
219,S100001,00811,00000,VEINS
219,S100001,00812,00000,AORTA
219,S100001,00813,00000,OTHER
219,S100002,00400,00100,PHENOTYPE  HLA-AB & DR D
219,S100002,00401,00100,ABO TYPING
219,S100002,00402,00100,STAT FEE
219,S100002,00403,00100,CONFIRM HLA CLASS II TYPING BY DNA
219,S100002,00404,00100,BLOOD GROUP A SUBTYPE
219,S100002,00405,00100,FLOW CYTOMETRY T-CELL CROSSMATCH
219,S100002,00406,00100,FLOW CYTOMETRY B-CELL CROSSMATCH
219,S100002,00407,00100,FLOW CYTOMETRY T-AUTO CROSSMATCH
219,S100002,00408,00100,FLOW CYTOMETRY B-AUTO CROSSMATCH
219,S100002,00409,00100,NON-LIVNG DONR WRKUP SPEC RECIPIENT
219,S100002,00410,00100,NON-LIVNG DONR WRKUP NONSPEC RECIP
219,S100002,00411,00100,FLOW CYTOMETRY T-CELL XMATCH  NLD
219,S100002,00412,00100,FLOW CYTOMETRY B-CELL XMATCH  NLD
219,S100002,00413,00100,COMPREHENSIVE HLA AB. EVALUATION
219,S100002,00414,00100,HLA ANTIBODY SCREEN
219,S100002,00415,00100,SHIPPING FEE
219,S100002,00416,00100,HLA ANTIBODY FLOW ANALYSIS  CLASS I
219,S100002,00417,00100,HLA ANTIBODY FLOW ANALYSIS  CLSS II
219,S100002,00418,00100,HLA AB FLOW MONITOR CL I  NON-BATCH
219,S100002,00419,00100,HLA AB FLOW MONITOR CL II NON-BATCH
219,S100002,00420,00100,SERUM PROCESSING/STORAGE
219,S100003,00100,00100,MEDICAL DIRECTOR
219,S100003,00100,00300,MEDICAL DIRECTOR
219,S100003,00100,00500,LAB DIRECTOR
219,S100003,00101,00100,EXEC. DIRECTOR
219,S100003,00101,00300,PROCUREMENT COORDINATOR
219,S100003,00101,00500,TECHNICIANS
219,S100003,00102,00100,CLERICAL
219,S100003,00102,00300,PRESERVATION TECHNICIANS
219,S100003,00102,00500,TISSUE TYPING TECH.
219,S100003,00103,00100,OTHER
219,S100003,00103,00300,OTHER
219,S100003,00103,00500,OTHER
219,S200000,00100,00100,N
219,S200000,00200,00100,N
219,S200000,00300,00100,N
219,S200000,00400,00100,Y
219,S200000,00400,00200,A
219,S200000,00500,00100,Y
219,S200000,00600,00300,DIR OF FINANCE
219,S200000,00700,00100,DONOR NETWORK OF ARIZONA
220,A000000,00100,00000,0100CAPITAL COSTS-BLDG & FIXT
220,A000000,00200,00000,0200CAPITAL COSTS-MVBLE EQUIPMENT
220,A000000,00300,00000,0300EMPLOYEE BENEFITS
220,A000000,00400,00000,0400ADMINISTRATIVE & GENERAL
220,A000000,00500,00000,0500OPERATION AND MAINTENANCE OF PLANT
220,A000000,00600,00000,0600HOUSEKEEPING
220,A000000,00700,00000,0700MEDICAL SUPPLIES
220,A000000,00800,00000,0800OTHER OVERHEAD
220,A000000,00900,00000,0900PROCUREMENT COORDINATORS
220,A000000,01000,00000,1000PROFESSIONAL EDUCATION
220,A000000,01100,00000,1100PUBLIC EDUCATION
220,A000000,01200,00000,1200OTHER ACQUISITION
220,A000000,01300,00000,1300KIDNEY ACQUISITIONS
220,A000000,01400,00000,1400TISSUE TYPING LABORATORY
220,A000000,01500,00000,1500LIVER ACQUISITIONS
220,A000000,01600,00000,1600HEART ACQUISITIONS
220,A000000,01700,00000,1700PANCREAS ACQUISITIONS
220,A000000,01800,00000,1800LUNG ACQUISITIONS
220,A000000,01900,00000,1900OTHER ACQUISITIONS
220,A000000,02100,00000,2100RESEARCH
220,A000000,02200,00000,2200BLOOD BANK
220,A000000,02300,00000,2300LABORATORY-NON-TISSUE TYPING
220,A000000,02400,00000,2400DIALYSIS UNITS
220,A000000,02500,00000,2500OTHER NON-REIMBURSABLE
220,A100000,01700,00000,OTHER ADMIN AND GENERAL
220,A20H000,00900,00000,OTHER EXCISION HOSPITAL-OTHER COSTS
220,A20H000,02100,00000,OTHER ACQUISITION COSTS -OTHER COSTS
220,A20K000,00900,00000,OTHER EXCISION HOSPITAL OTHER COSTS
220,A20K000,02100,00000,OTHER AQUISITION COSTS
220,A20K000,02101,00000,AIR TRANSPORTATION
220,A20L000,00900,00000,OTHER EXCISION HOSPITAL-OTHER COSTS
220,A20L000,02100,00000,OTHER ACQUISITION COSTS -OTHER COSTS
220,A20O000,00900,00000,OTHER EXCISION HOSPITAL-OTHER COSTS
220,A20O000,02100,00000,OTHER ACQUISITION COSTS -OTHER COSTS
220,A20P000,00900,00000,OTHER EXCISION HOSPITAL-OTHER COSTS
220,A20P000,02100,00000,OTHER ACQUISITION COSTS -OTHER COSTS
220,A20U000,00900,00000,OTHER EXCISION HOSPITAL-OTHER COSTS
220,A20U000,02100,00000,OTHER ACQUISITION COSTS-OTHER COSTS
220,A51000A,00100,00100,Y
220,A51000B,00100,00200,ADMINISTRATIVE & GENERAL
220,A51000C,00400,00000,OTHER
220,A51000C,00400,00100,G
220,A51000C,00400,00200,OTHER
220,A51000C,10000,00200,OTHER
220,B10000*,00100,00200,CAP BLDG
220,B10000*,00100,00300,CAP COSTS
220,B10000*,00100,00400,EMPLOYEE
220,B10000*,00100,00500,MEDICAL
220,B10000*,00100,00800,ORGAN
220,B10000*,00100,01000,ADMIN &
220,B10000*,00200,00200,OP PLANT &
220,B10000*,00200,00300,MOVABLE
220,B10000*,00200,00400,BENEFITS
220,B10000*,00200,00500,SUPPLIES
220,B10000*,00200,00800,ACQUISITN
220,B10000*,00200,01000,GENERAL
220,B10000*,00300,00200,HOUSEKEEP
220,B10000*,00300,00300,EQUIPMENT
220,B10000*,00300,00800,COSTS
220,B10000*,00400,00200,SQUARE
220,B10000*,00400,00300,DOLLAR
220,B10000*,00400,00400,ADJUST
220,B10000*,00400,00500,COSTED
220,B10000*,00400,00800,NUMBER
220,B10000*,00400,01000,ACCUM
220,B10000*,00500,00200,FEET
220,B10000*,00500,00300,VALUE
220,B10000*,00500,00400,SALARIES
220,B10000*,00500,00500,REQUISIT
220,B10000*,00500,00800,ORGANS
220,B10000*,00500,01000,COSTS
220,B10000*,00600,00200,1
220,B10000*,00600,00300,2
220,B10000*,00600,00400,3
220,B10000*,00600,00500,3
220,B10000*,00600,00800,3
220,B10000*,00600,01000,3
220,B100000,00000,01000,X
220,E100002,00300,00000,HOME OFFICE
220,E200000,02000,00000,OUT OF SERVICE AREA FEES
220,E200000,02100,00000,RECEVI LESS SEQUESTRATION
220,E200000,02600,00000,NON-ALLOW EXPENSES
220,E200000,02700,00000,MEDICARE PAYABLE
220,S000000,00100,00100,X
220,S000000,00400,00100,2
220,S000000,00500,00100,11/25/2020
220,S000000,00600,00100,10001
220,S000000,00700,00100,N
220,S000000,00800,00100,N
220,S000000,00900,00100,01/19/2022
220,S000000,01000,00100,4
220,S000001,00100,00100,LIFELINK OF FLORIDA
220,S000001,00100,00200,10P001
220,S000001,00101,00100,9661 DELANEY CREEK BLVD
220,S000001,00102,00100,TAMPA
220,S000001,00102,00200,FL
220,S000001,00102,00300,33619
220,S000001,00300,00100,07/01/2019
220,S000001,00300,00200,06/30/2020
220,S000001,00400,00100,8
220,S000001,00400,00300,1
220,S000001,00400,00400,10/01/1999
220,S000001,00401,00300,1
220,S000002,00100,00200,Y
220,S000002,00300,00100,CFO/ SR VP
220,S000002,00400,00100,11/23/2020
220,S100001,00700,00100,N
220,S100001,00810,00000,INTESTINE
220,S100003,00100,00100,MEDICAL DIRECTOR
220,S100003,00100,00300,MEDICAL DIRECTOR
220,S100003,00100,00500,LAB DIRECTOR
220,S100003,00101,00100,EXEC. DIRECTOR
220,S100003,00101,00300,PROCUREMENT COORDINATOR
220,S100003,00101,00500,TECHNICIANS
220,S100003,00102,00100,CLERICAL
220,S100003,00102,00300,PRESERVATION TECHNICIANS
220,S100003,00102,00500,TISSUE TYPING TECH.
220,S100003,00103,00100,OTHER
220,S100003,00103,00300,OTHER
220,S100003,00103,00500,OTHER
220,S200000,00100,00100,N
220,S200000,00200,00100,N
220,S200000,00300,00100,Y
220,S200000,00400,00100,Y
220,S200000,00400,00200,A
220,S200000,00500,00100,Y
220,S200000,00600,00300,CFO
220,S200000,00700,00100,LIFELINK FOUNDATION
222,A000000,00100,00000,0100CAPITAL COSTS-BLDG & FIXT
222,A000000,00200,00000,0200CAPITAL COSTS-MVBLE EQUIPMENT
222,A000000,00300,00000,0300EMPLOYEE BENEFITS
222,A000000,00400,00000,0400ADMINISTRATIVE & GENERAL
222,A000000,00500,00000,0500OPERATION AND MAINTENANCE OF PLANT
222,A000000,00600,00000,0600HOUSEKEEPING
222,A000000,00700,00000,0700MEDICAL SUPPLIES
222,A000000,00800,00000,0800OTHER OVERHEAD
222,A000000,00900,00000,0900PROCUREMENT COORDINATORS
222,A000000,01000,00000,1000PROFESSIONAL EDUCATION
222,A000000,01100,00000,1100PUBLIC EDUCATION
222,A000000,01200,00000,1200OTHER ACQUISITION
222,A000000,01300,00000,1300KIDNEY ACQUISITIONS
222,A000000,01400,00000,1400TISSUE TYPING LABORATORY
222,A000000,01500,00000,1500LIVER ACQUISITIONS
222,A000000,01600,00000,1600HEART ACQUISITIONS
222,A000000,01700,00000,1700PANCREAS ACQUISITIONS
222,A000000,01800,00000,1800LUNG ACQUISITIONS
222,A000000,01900,00000,1900OTHER ACQUISITIONS
222,A000000,02100,00000,2100RESEARCH
222,A000000,02200,00000,2200BLOOD BANK
222,A000000,02300,00000,2300LABORATORY-NON-TISSUE TYPING
222,A000000,02400,00000,2400DIALYSIS UNITS
222,A000000,02500,00000,2500OTHER NON-REIMBURSABLE
222,A100000,01700,00000,ADVERTISING
222,A100000,01800,00000,NON-ALLOWABLE EXPENSE
222,A100000,01900,00000,AUTO EXPENSE
222,A100000,01901,00000,DUES & SUBSCRIPTIONS
222,A300000,00600,00000,LAB EQUIPMENT & SUPPLIES
222,A300000,00700,00000,LAB FEES
222,A300000,00800,00000,LAB COAT CLEANING
222,A300000,00900,00000,LAB EQUIPMENT LEASE
222,A400010,00100,00000,RECLASSIFICATIONS
222,A400010,00100,00100,A
222,A400010,00100,00200,TISSUE TYPING LABORATORY
222,A400010,00100,00500,CAPITAL COSTS-BLDG & FIXT
222,A400010,00200,00000,RECLASSIFICATIONS
222,A400010,00200,00100,A
222,A400010,00200,00500,CAPITAL COSTS-MVBLE EQUIPMENT
222,A400010,00300,00000,RECLASSIFICATIONS
222,A400010,00300,00100,A
222,A400010,00300,00500,EMPLOYEE BENEFITS
222,A500010,01500,00000,NON-ALLOWABLE EXPENSE
222,A500010,01500,00100,A
222,A500010,01500,00300,ADMINISTRATIVE & GENERAL
222,A500010,01501,00000,AUTO EXPENSE - 20% PERSONAL USAGE
222,A500010,01501,00100,A
222,A500010,01501,00300,ADMINISTRATIVE & GENERAL
222,A500010,01600,00000,AUTO DEPR - 20% PERSONAL USAGE
222,A500010,01600,00100,A
222,A500010,01600,00300,TISSUE TYPING LABORATORY
222,A500010,01601,00000,CONTRIBUTIONS
222,A500010,01601,00100,A
222,A500010,01601,00300,ADMINISTRATIVE & GENERAL
222,A51000A,00100,00100,Y
222,A51000B,00100,00200,TISSUE TYPING LABORATORY
222,A51000B,00100,00300,LAB CONTRACT SERVICE
222,A51000C,00100,00100,B
222,A51000C,00100,00200,AFZAL NIKAEIN MD
222,A51000C,00100,00400,TMS  INC MOLECULAR LABORATORY
222,A51000C,00100,00600,MOLECULAR LAB
222,B10000*,00100,00200,CAP BLDG
222,B10000*,00100,00300,CAP COSTS
222,B10000*,00100,00400,EMPLOYEE
222,B10000*,00100,00500,MEDICAL
222,B10000*,00100,00800,ORGAN
222,B10000*,00100,01000,ADMIN &
222,B10000*,00200,00200,OP PLANT &
222,B10000*,00200,00300,MOVABLE
222,B10000*,00200,00400,BENEFITS
222,B10000*,00200,00500,SUPPLIES
222,B10000*,00200,00800,ACQUISITN
222,B10000*,00200,01000,GENERAL
222,B10000*,00300,00200,HOUSEKEEP
222,B10000*,00300,00300,EQUIPMENT
222,B10000*,00300,00800,COSTS
222,B10000*,00400,00200,SQUARE
222,B10000*,00400,00300,DOLLAR
222,B10000*,00400,00400,ADJUST
222,B10000*,00400,00500,COSTED
222,B10000*,00400,00800,NUMBER
222,B10000*,00400,01000,ACCUM
222,B10000*,00500,00200,FEET
222,B10000*,00500,00300,VALUE
222,B10000*,00500,00400,SALARIES
222,B10000*,00500,00500,REQUISIT
222,B10000*,00500,00800,ORGANS
222,B10000*,00500,01000,COSTS
222,B10000*,00600,00200,1
222,B10000*,00600,00300,2
222,B10000*,00600,00400,3
222,B10000*,00600,00500,3
222,B10000*,00600,00800,3
222,B10000*,00600,01000,3
222,B100000,00000,01000,X
222,E000000,00900,00000,OTHER CURRENT ASSETS
222,E000000,02600,00000,OTHER FIXED ASSETS
222,E000000,04600,00000,CAPITAL LEASE PAYABLE
222,E200000,01500,00000,PRIOR YEAR MCR SETTLEMENT
222,S000000,00100,00100,X
222,S000000,00400,00100,2
222,S000000,00500,00100,07/30/2020
222,S000000,00600,00100,10001
222,S000000,00700,00100,N
222,S000000,00800,00100,N
222,S000000,00900,00100,01/25/2022
222,S000000,01000,00100,4
222,S000001,00100,00100,TEXAS MEDICAL SPECIALTY  INC.
222,S000001,00100,00200,45HL12
222,S000001,00101,00100,7777 FOREST LANE  SUITE C-768
222,S000001,00102,00100,DALLAS
222,S000001,00102,00200,TX
222,S000001,00102,00300,75230
222,S000001,00300,00100,01/01/2019
222,S000001,00300,00200,12/31/2019
222,S000001,00400,00100,2
222,S000001,00400,00300,2
222,S000001,00400,00400,04/01/1999
222,S000001,00401,00300,1
222,S000002,00300,00100,PRESIDENT/DIRECTOR
222,S100001,00700,00100,N
222,S100001,00810,00000,OTHER
222,S100002,00400,00100,DECEASED DONOR HLA TYPING
222,S100002,00401,00100,CROSSMATCH AUTO T
222,S100002,00402,00100,CROSSMATCH AUTO B
222,S100002,00403,00100,CROSSMATCH AHG AUTO
222,S100002,00404,00100,CROSSMATCH AUTO T FLOW
222,S100002,00405,00100,CROSSMATCH AUTO B FLOW
222,S100002,00406,00100,CROSSMATCH AHG ALLO
222,S100002,00407,00100,CROSSMATCH FLOW T ALLO
222,S100002,00408,00100,CROSSMATCH FLOW B ALLO
222,S100002,00409,00100,PRA  HLA SCREENING CLASS I & CLASS 2
222,S100002,00410,00100,PRA HLA ANTIBODY ID CLASS I
222,S100002,00411,00100,PRA HLA ANTIBODY ID CLASS II
222,S100002,00412,00100,HLA A & B & C MOLECULAR
222,S100002,00413,00100,HLA DR  DQ  DP MOLECULAR
222,S100003,00100,00100,MEDICAL DIRECTOR
222,S100003,00100,00300,MEDICAL DIRECTOR
222,S100003,00100,00500,LAB DIRECTOR
222,S100003,00101,00100,EXEC. DIRECTOR
222,S100003,00101,00300,PROCUREMENT COORDINATOR
222,S100003,00101,00500,TECHNICIANS
222,S100003,00102,00100,CLERICAL
222,S100003,00102,00300,PRESERVATION TECHNICIANS
222,S100003,00102,00500,TISSUE TYPING TECH.
222,S100003,00103,00100,OTHER
222,S100003,00103,00300,OTHER
222,S100003,00103,00500,OTHER
222,S200000,00100,00100,N
222,S200000,00200,00100,N
222,S200000,00300,00100,Y
222,S200000,00400,00100,N
222,S200000,00500,00100,Y
222,S200000,00600,00300,SENIOR HEALTHCARE CONSULTANT
222,S200000,00700,00100,SALTMARSH  CLEAVELAND & GUND
223,A000000,00100,00000,0100CAPITAL COSTS-BLDG & FIXT
223,A000000,00200,00000,0200CAPITAL COSTS-MVBLE EQUIPMENT
223,A000000,00300,00000,0300EMPLOYEE BENEFITS
223,A000000,00400,00000,0400ADMINISTRATIVE & GENERAL
223,A000000,00500,00000,0500OPERATION AND MAINTENANCE OF PLANT
223,A000000,00600,00000,0600HOUSEKEEPING
223,A000000,00700,00000,0700MEDICAL SUPPLIES
223,A000000,00800,00000,0800LAB ADMIN
223,A000000,00801,00000,0801HISTO ADMIN
223,A000000,00802,00000,0802OTHER OVERHEAD
223,A000000,00803,00000,0803ORGAN ADMIN
223,A000000,00900,00000,0900PROCUREMENT COORDINATORS
223,A000000,01000,00000,1000PROFESSIONAL EDUCATION
223,A000000,01100,00000,1100PUBLIC EDUCATION
223,A000000,01200,00000,1200OTHER ACQUISITION
223,A000000,01300,00000,1300KIDNEY ACQUISITIONS
223,A000000,01400,00000,1400TISSUE TYPING LABORATORY
223,A000000,01500,00000,1500LIVER ACQUISITIONS
223,A000000,01600,00000,1600HEART ACQUISITIONS
223,A000000,01700,00000,1700PANCREAS ACQUISITIONS
223,A000000,01800,00000,1800LUNG ACQUISITIONS
223,A000000,01900,00000,1900INTESTINE ACQUISITONS
223,A000000,02100,00000,2100RESEARCH
223,A000000,02200,00000,2200BLOOD BANK
223,A000000,02300,00000,2300LABORATORY-NON-TISSUE TYPING
223,A000000,02400,00000,2400DIALYSIS UNITS
223,A000000,02500,00000,2500TISSUE ACQUISITIONS
223,A000000,02501,00000,2501THERAPEUTIC PRODUCTS
223,A000000,02502,00000,2502RESEARCH FOUNDATION
223,A100000,01700,00000,OTHER ADMIN & GENERAL
223,A100000,01800,00000,SUPPLY CHAIN
223,A100000,01900,00000,SAFETY / QUALITY ASSURANCE
223,A100000,01901,00000,CONTRIBUTION TO REASEARCH / OTHER
223,A20H000,00900,00000,RADIOLOGY
223,A20H000,00901,00000,CARDIOLOGY
223,A20H000,00902,00000,OTHER HOSPITAL CHARGES
223,A20K000,00900,00000,RADIOLOGY
223,A20K000,00901,00000,CARDIOLOGY
223,A20K000,00902,00000,OTHER HOSPITAL CHARGES
223,A20K000,02100,00000,DEPRECIATION
223,A20K000,02101,00000,SOFTWARE SUPPORT
223,A20K000,02102,00000,OTHER
223,A20L000,00900,00000,RADIOLOGY
223,A20L000,00901,00000,CARDIOLOGY
223,A20L000,00902,00000,OTHER HOSPITAL CHARGES
223,A20L000,02100,00000,OTHER PURCHASED SERVICES
223,A20O000,00900,00000,RADIOLOGY
223,A20P000,00900,00000,RADIOLOGY
223,A20P000,00901,00000,CARDIOLOGY
223,A20P000,00902,00000,OTHER HOSPITAL CHARGES
223,A20U000,00900,00000,RADIOLOGY
223,A20U000,00901,00000,OTHER HOSPITAL CHARGES
223,A20U000,02100,00000,OTHER - PURCHASED SERVICES
223,A300000,00600,00000,OTHER TISSUE TYPING COSTS
223,A400010,00100,00000,RECLASS COST OF ABO RH TEST
223,A400010,00100,00100,A
223,A400010,00100,00200,TISSUE TYPING LABORATORY
223,A400010,00100,00500,LABORATORY-NON-TISSUE TYPING
223,A400010,00200,00000,RECLASS COST OF ABO ANTIBODY TITER
223,A400010,00200,00100,B
223,A400010,00200,00200,TISSUE TYPING LABORATORY
223,A400010,00200,00500,LABORATORY-NON-TISSUE TYPING
223,A400010,00300,00000,RECLASS HISTO ADMIN COST CENTER
223,A400010,00300,00100,C
223,A400010,00300,00200,TISSUE TYPING LABORATORY
223,A400010,00300,00500,HISTO ADMIN
223,A400010,00400,00000,RECLASS HISTO ADMIN COST CENTER
223,A400010,00400,00100,C
223,A400010,00400,00200,LABORATORY-NON-TISSUE TYPING
223,A400010,00400,00500,HISTO ADMIN
223,A400010,00500,00000,RECLASS HISTO DIRECTOR SALARY
223,A400010,00500,00100,D
223,A400010,00500,00200,TISSUE TYPING LABORATORY
223,A400010,00500,00500,LAB ADMIN
223,A400010,00600,00000,RECLASS HISTO DIRECTOR SALARY
223,A400010,00600,00100,D
223,A400010,00600,00200,LABORATORY-NON-TISSUE TYPING
223,A400010,00600,00500,LAB ADMIN
223,A400010,00700,00000,ALLOCATE SQ FT FOR WAREHOUSE RENT
223,A400010,00700,00100,E
223,A400010,00700,00200,PROCUREMENT COORDINATORS
223,A400010,00700,00500,ADMINISTRATIVE & GENERAL
223,A400010,00800,00000,ALLOCATE SQ FT FOR WAREHOUSE RENT
223,A400010,00800,00100,E
223,A400010,00800,00200,TISSUE ACQUISITIONS
223,A400010,00900,00000,RECLASS MED DIRECTOR SALARIES TO A&G
223,A400010,00900,00100,F
223,A400010,00900,00200,ADMINISTRATIVE & GENERAL
223,A400010,00900,00500,BLOOD BANK
223,A400010,01000,00000,PROPOSE TISSUE ALLOCATION
223,A400010,01000,00100,G
223,A400010,01000,00200,TISSUE ACQUISITIONS
223,A400010,01000,00500,PROCUREMENT COORDINATORS
223,A400010,01100,00000,RECLASS ORGAN ADMIN TO CORRECT CC
223,A400010,01100,00100,H
223,A400010,01100,00200,ORGAN ADMIN
223,A400010,01100,00500,LIVER ACQUISITIONS
223,A500010,00700,00100,B
223,A500010,00700,00300,ADMINISTRATIVE & GENERAL
223,A500010,00800,00100,B
223,A500010,00800,00300,PROCUREMENT COORDINATORS
223,A500010,00900,00100,A
223,A500010,00900,00300,ADMINISTRATIVE & GENERAL
223,A500010,01000,00100,B
223,A500010,01000,00300,ADMINISTRATIVE & GENERAL
223,A500010,01200,00100,B
223,A500010,01200,00300,ADMINISTRATIVE & GENERAL
223,A500010,01501,00000,ORGANS SOLD FOR RESEARCH - PANCREAS
223,A500010,01501,00100,B
223,A500010,01501,00300,PROCUREMENT COORDINATORS
223,A500010,01502,00000,ORGANS SOLD FOR RESEARCH - HEART
223,A500010,01502,00100,B
223,A500010,01502,00300,PROCUREMENT COORDINATORS
223,A500010,01503,00000,ORGANS SOLD FOR RESEARCH - LUNG
223,A500010,01503,00100,B
223,A500010,01503,00300,PROCUREMENT COORDINATORS
223,A500010,01504,00000,MARKETING - MARKET RESEARCH
223,A500010,01504,00100,A
223,A500010,01504,00300,ADMINISTRATIVE & GENERAL
223,A500010,01505,00000,MARKETING - BRANDING
223,A500010,01505,00100,A
223,A500010,01505,00300,ADMINISTRATIVE & GENERAL
223,A500010,01506,00000,BLOOD DONOR COSTS - BLOOD BANK
223,A500010,01506,00100,A
223,A500010,01506,00300,BLOOD BANK
223,A500010,01507,00000,DONOR HEALTH PAYMENTS
223,A500010,01507,00100,A
223,A500010,01507,00300,BLOOD BANK
223,A500010,01508,00000,SPONSORSHIPS - TISSUE
223,A500010,01508,00100,A
223,A500010,01508,00300,TISSUE ACQUISITIONS
223,A500010,01509,00000,SPONSORSHIPS - BLOOD BANK
223,A500010,01509,00100,A
223,A500010,01509,00300,BLOOD BANK
223,A500010,01510,00000,SPONSORSHIPS - OPO
223,A500010,01510,00100,A
223,A500010,01510,00300,ORGAN ADMIN
223,A500010,01511,00000,BAD DEBT
223,A500010,01511,00100,A
223,A500010,01511,00300,THERAPEUTIC PRODUCTS
223,A500010,01512,00000,BAD DEBT
223,A500010,01512,00100,A
223,A500010,01512,00300,TISSUE TYPING LABORATORY
223,A500010,01513,00000,BAD DEBT
223,A500010,01513,00100,A
223,A500010,01513,00300,LABORATORY-NON-TISSUE TYPING
223,A500010,01514,00000,BAD DEBT
223,A500010,01514,00100,A
223,A500010,01514,00300,RESEARCH
223,A500010,01515,00000,MARKETING - HR
223,A500010,01515,00100,A
223,A500010,01515,00300,EMPLOYEE BENEFITS
223,A500010,01516,00000,MARKETING - DONOR PROGRAMS
223,A500010,01516,00100,A
223,A500010,01516,00300,BLOOD BANK
223,A500010,01517,00000,MARKET RESEARCH - BLOOD BANK
223,A500010,01517,00100,A
223,A500010,01517,00300,BLOOD BANK
223,A500010,01518,00000,MARKET RESEARCH - HR
223,A500010,01518,00100,A
223,A500010,01518,00300,EMPLOYEE BENEFITS
223,A500010,01519,00000,CABLE TV - BLOOD BANK
223,A500010,01519,00100,A
223,A500010,01519,00300,BLOOD BANK
223,A500010,01520,00000,CONTRIBUTIONS
223,A500010,01520,00100,A
223,A500010,01520,00300,THERAPEUTIC PRODUCTS
223,A500010,01521,00000,CONTRIBUTIONS
223,A500010,01521,00100,A
223,A500010,01521,00300,RESEARCH
223,A500010,01522,00000,CONTRIBUTIONS
223,A500010,01522,00100,A
223,A500010,01522,00300,ORGAN ADMIN
223,A500010,01523,00000,CONTRIBUTIONS TO RESEARCH / OTHER
223,A500010,01523,00100,A
223,A500010,01523,00300,ADMINISTRATIVE & GENERAL
223,A500010,01524,00000,AOPO LOBBYING EXPENSE
223,A500010,01524,00100,A
223,A500010,01524,00300,PROCUREMENT COORDINATORS
223,A500010,01525,00000,FUNERAL HOME EXPENSE
223,A500010,01525,00100,A
223,A500010,01525,00300,PROCUREMENT COORDINATORS
223,A500010,01526,00000,FUNERAL HOME EXPENSE
223,A500010,01526,00100,A
223,A500010,01526,00300,TISSUE ACQUISITIONS
223,A500010,01527,00000,COMMUNITY EVENTS
223,A500010,01527,00100,A
223,A500010,01527,00300,BLOOD BANK
223,A500010,01528,00000,COMMUNITY EVENTS
223,A500010,01528,00100,A
223,A500010,01528,00300,ADMINISTRATIVE & GENERAL
223,A500010,01529,00000,COMMUNITY EVENTS
223,A500010,01529,00100,A
223,A500010,01529,00300,EMPLOYEE BENEFITS
223,A500010,01530,00000,COMMUNITY EVENTS
223,A500010,01530,00100,A
223,A500010,01530,00300,RESEARCH
223,A500010,01531,00000,SPONSORSHIPS
223,A500010,01531,00100,A
223,A500010,01531,00300,ORGAN ADMIN
223,A500010,01532,00000,SPONSORSHIPS
223,A500010,01532,00100,A
223,A500010,01532,00300,THERAPEUTIC PRODUCTS
223,A500010,01533,00000,DONOR RECOGNITION
223,A500010,01533,00100,A
223,A500010,01533,00300,BLOOD BANK
223,A500010,01534,00000,DONOR COSTS
223,A500010,01534,00100,A
223,A500010,01534,00300,LABORATORY-NON-TISSUE TYPING
223,A500010,01535,00000,DONOR COSTS
223,A500010,01535,00100,A
223,A500010,01535,00300,LABORATORY-NON-TISSUE TYPING
223,A500010,01536,00000,EMPLOYEE EVENTS
223,A500010,01536,00100,A
223,A500010,01536,00300,EMPLOYEE BENEFITS
223,A500010,01537,00000,EMPLOYEE EVENTS
223,A500010,01537,00100,A
223,A500010,01537,00300,THERAPEUTIC PRODUCTS
223,A500010,01538,00000,EMPLOYEE EVENTS
223,A500010,01538,00100,A
223,A500010,01538,00300,BLOOD BANK
223,A500010,01539,00000,EMPLOYEE EVENTS
223,A500010,01539,00100,A
223,A500010,01539,00300,LAB ADMIN
223,A500010,01540,00000,EMPLOYEE EVENTS
223,A500010,01540,00100,A
223,A500010,01540,00300,ADMINISTRATIVE & GENERAL
223,A500010,01541,00000,EMPLOYEE EVENTS
223,A500010,01541,00100,A
223,A500010,01541,00300,ORGAN ADMIN
223,A500010,01542,00000,EMPLOYEE EVENTS
223,A500010,01542,00100,A
223,A500010,01542,00300,TISSUE ACQUISITIONS
223,A500010,01543,00000,EMPLOYEE EVENTS
223,A500010,01543,00100,A
223,A500010,01543,00300,RESEARCH
223,A500010,01544,00000,FUNDRAISING EVENTS - BLOOD
223,A500010,01544,00100,A
223,A500010,01544,00300,BLOOD BANK
223,A500010,01545,00000,ADD BCRF EXPENSES
223,A500010,01545,00100,A
223,A500010,01545,00300,RESEARCH FOUNDATION
223,A500010,01546,00000,SPONSOR DEVELOPMENT
223,A500010,01546,00100,A
223,A500010,01546,00300,BLOOD BANK
223,A500010,01547,00000,FLOWERS
223,A500010,01547,00100,A
223,A500010,01547,00300,BLOOD BANK
223,A500010,01548,00000,FLOWERS
223,A500010,01548,00100,A
223,A500010,01548,00300,RESEARCH
223,A500010,01549,00000,FLOWERS
223,A500010,01549,00100,A
223,A500010,01549,00300,ADMINISTRATIVE & GENERAL
223,A500010,01550,00000,FLOWERS
223,A500010,01550,00100,A
223,A500010,01550,00300,EMPLOYEE BENEFITS
223,A500010,01551,00000,FLOWERS
223,A500010,01551,00100,A
223,A500010,01551,00300,LAB ADMIN
223,A500010,01552,00000,FLOWERS
223,A500010,01552,00100,A
223,A500010,01552,00300,TISSUE ACQUISITIONS
223,A500010,01553,00000,MEDIA DRIVES
223,A500010,01553,00100,A
223,A500010,01553,00300,BLOOD BANK
223,A500010,01554,00000,ADVERTISING - BRANDING
223,A500010,01554,00100,A
223,A500010,01554,00300,ORGAN ADMIN
223,A500010,01555,00000,ADVERTISING - BRANDING
223,A500010,01555,00100,A
223,A500010,01555,00300,BLOOD BANK
223,A500010,01556,00000,ADVERTISING - BRANDING
223,A500010,01556,00100,A
223,A500010,01556,00300,PROCUREMENT COORDINATORS
223,A500010,01557,00000,INVESTMENT FEES
223,A500010,01557,00100,A
223,A500010,01557,00300,ADMINISTRATIVE & GENERAL
223,A51000A,00100,00100,Y
223,A51000B,00100,00200,CAPITAL COSTS-BLDG & FIXT
223,A51000B,00100,00300,CORPORATE SERVICES
223,A51000B,00200,00200,ADMINISTRATIVE & GENERAL
223,A51000B,00200,00300,CORPORATE SERVICES
223,A51000C,00100,00100,G
223,A51000C,00100,00400,VERSITI ILLINOIS  INC
223,A51000C,00100,00600,BLOOD CENTER
223,A51000C,00200,00100,G
223,A51000C,00200,00400,VERSITI MICHIGAN  INC.
223,A51000C,00200,00600,BLOOD CENTER
223,A51000C,00300,00100,G
223,A51000C,00300,00400,VERSITI INDIANA  INC.
223,A51000C,00300,00600,BLOOD CENTER
223,A51000C,00400,00100,B
223,A51000C,00400,00400,VERSITI  INC.
223,A51000C,00400,00600,TRANFUSION SOLUTIONS
223,A60000A,00700,00000,PARKING LOT
223,A60000A,00701,00000,LEASEHOLD IMPROVEMENTS
223,A60000A,00702,00000,BUILDING IMPROVEMENTS
223,A60000A,00703,00000,SOFTWARE DEVELOPMENT
223,A60000A,00704,00000,CIP
223,A60000B,00800,00000,PARKING LOT
223,A60000B,00801,00000,LEASEHOLD IMPROVEMENTS
223,A60000B,00802,00000,SOFTWARE DEVELOPMENT
223,A60000C,00500,00100,N
223,B10000*,00100,00200,CAP BLDG
223,B10000*,00100,00300,CAP COSTS
223,B10000*,00100,00400,EMPLOYEE
223,B10000*,00100,00500,MEDICAL
223,B10000*,00100,00800,ORGAN
223,B10000*,00100,01000,ADMIN &
223,B10000*,00200,00200,OP PLANT &
223,B10000*,00200,00300,MOVABLE
223,B10000*,00200,00400,BENEFITS
223,B10000*,00200,00500,SUPPLIES
223,B10000*,00200,00800,ACQUISITN
223,B10000*,00200,01000,GENERAL
223,B10000*,00300,00200,HOUSEKEEP
223,B10000*,00300,00300,EQUIPMENT
223,B10000*,00300,00800,COSTS
223,B10000*,00400,00200,SQUARE
223,B10000*,00400,00300,DOLLAR
223,B10000*,00400,00400,ADJUST
223,B10000*,00400,00500,COSTED
223,B10000*,00400,00600,LAB COSTS
223,B10000*,00400,00800,NUMBER
223,B10000*,00400,01000,ACCUM
223,B10000*,00500,00200,FEET
223,B10000*,00500,00300,VALUE
223,B10000*,00500,00400,SALARIES
223,B10000*,00500,00500,REQUISIT
223,B10000*,00500,00600,ONLY
223,B10000*,00500,00800,ORGANS
223,B10000*,00500,01000,COSTS
223,B10000*,00600,00200,1
223,B10000*,00600,00300,2
223,B10000*,00600,00400,3
223,B10000*,00600,00500,3
223,B10000*,00600,00800,3
223,B10000*,00600,01000,3
223,B100000,00000,01000,X
223,E000000,00900,00000,OTHER CURRENT ASSETS
223,E000000,02600,00000,OTHER ASSETS & CIP
223,E000000,03100,00000,NOTES RECEIVABLE & OTHER ASSETS
223,E000000,03900,00000,ACCRUED EXPENSES
223,E000000,04600,00000,LONG TERM RETIREMENT PLAN OBLIGATION
223,E000000,04700,00000,LONG TERM INCENTIVE PLAN
223,E100001,00700,00000,RESEARCH
223,E100001,00800,00000,MEDICAL SERVICES
223,E200000,01500,00000,INTEREST AND DIVIDENDS
223,E200000,02600,00000,ADDL PENSION GAIN (LOSS)
223,E200000,02700,00000,UNREALIZED GAINS/ LOSSES INVESTMENTS
223,E200000,02701,00000,OTHER EXPENSES (CENETRON / SALUS)
223,S000000,00100,00100,X
223,S000000,00400,00100,2
223,S000000,00500,00100,08/28/2020
223,S000000,00600,00100,10001
223,S000000,00700,00100,N
223,S000000,00800,00100,N
223,S000000,00900,00100,01/26/2022
223,S000000,01000,00100,4
223,S000001,00100,00100,VERSITI WISCONSIN  INC.
223,S000001,00100,00200,52P002
223,S000001,00101,00100,638 N. 18TH STREET
223,S000001,00101,00200,PO BOX 2178
223,S000001,00102,00100,MILWAUKEE
223,S000001,00102,00200,WI
223,S000001,00102,00300,53201
223,S000001,00200,00100,VERSITI WISCONSIN  INC.
223,S000001,00200,00200,52HL01
223,S000001,00201,00100,638 N. 18TH STREET
223,S000001,00201,00200,PO BOX 2178
223,S000001,00202,00100,MILWAUKEE
223,S000001,00202,00200,WI
223,S000001,00202,00300,53201
223,S000001,00300,00100,01/01/2019
223,S000001,00300,00200,12/31/2019
223,S000001,00400,00100,6
223,S000001,00400,00300,1
223,S000001,00400,00400,12/31/2006
223,S000001,00401,00100,6
223,S000001,00401,00300,2
223,S000001,00401,00400,12/31/2006
223,S000002,00100,00200,Y
223,S000002,00300,00100,CHIEF FINANCIAL OFFICER
223,S000002,00400,00100,08/27/2020
223,S100001,00700,00100,N
223,S100001,00810,00000,INTESTINE
223,S100001,00811,00000,OTHER TISSUE
223,S100002,00400,00100,TRANSPLANT EVALUATION PANEL
223,S100002,00401,00100,DECEASED DONOR EVALUATION PANEL
223,S100002,00402,00100,IMPORT ORGAN DONOR EVALUATION PANEL
223,S100002,00403,00100,HLA-A LOW RESOLUTION
223,S100002,00404,00100,HLA-B LOW RESOLUTION
223,S100002,00405,00100,ABO ANTIBODY TITER
223,S100002,00406,00100,HLA-C LOW RESOLUTION
223,S100002,00407,00100,HLA-ABC LOW RESOLUTION
223,S100002,00408,00100,HLA DPB1 LOW RESOLUTION TYPING
223,S100002,00409,00100,CROSSMATCH FLOW CYTOMETRIC
223,S100002,00410,00100,HLA ANTIBODY DETECTION
223,S100002,00411,00100,HLA ANTIBODY DETECTION-SOLID PHASE
223,S100002,00412,00100,HLA CLASS II ANTIBODY HIGH RESOLUTIO
223,S100002,00413,00100,HLA CLASS I ANTIBODY HIGH RESOLUTION
223,S100002,00414,00100,HLA-DRB1&DQB1/DQA1 LOW RESOLUTION
223,S100002,00415,00100,HLA-DRB3 B4 B5 LOW RESOLUTION
223,S100002,00416,00100,HLA DQB1/DQA1 LOW RESOLUTION
223,S100002,00417,00100,ABO & RH TRANSPLANT
223,S100003,00100,00100,MEDICAL DIRECTOR
223,S100003,00100,00300,MEDICAL DIRECTOR
223,S100003,00100,00500,LAB DIRECTOR
223,S100003,00101,00100,EXEC. DIRECTOR
223,S100003,00101,00300,PROCUREMENT COORDINATOR
223,S100003,00101,00500,TECHNICIANS
223,S100003,00102,00100,CLERICAL
223,S100003,00102,00300,PRESERVATION TECHNICIANS
223,S100003,00102,00500,TISSUE TYPING TECH.
223,S100003,00103,00100,OTHER
223,S100003,00103,00300,OTHER
223,S100003,00103,00500,OTHER
223,S200000,00100,00100,N
223,S200000,00200,00100,N
223,S200000,00300,00100,Y
223,S200000,00400,00100,Y
223,S200000,00400,00200,A
223,S200000,00500,00100,Y
223,S200000,00600,00300,DIRECTOR - ACCOUNTING
223,S200000,00700,00100,VERSITI WISCONSIN  INC.
224,A000000,00100,00000,0100CAPITAL COSTS-BLDG & FIXT
224,A000000,00200,00000,0200CAPITAL COSTS-MVBLE EQUIPMENT
224,A000000,00300,00000,0300EMPLOYEE BENEFITS
224,A000000,00400,00000,0400ADMINISTRATIVE & GENERAL
224,A000000,00500,00000,0500OPERATION AND MAINTENANCE OF PLANT
224,A000000,00600,00000,0600HOUSEKEEPING
224,A000000,00700,00000,0700MEDICAL SUPPLIES
224,A000000,00800,00000,0800OTHER OVERHEAD
224,A000000,00900,00000,0900PROCUREMENT COORDINATORS
224,A000000,01000,00000,1000PROFESSIONAL EDUCATION
224,A000000,01100,00000,1100PUBLIC EDUCATION
224,A000000,01200,00000,1200FAMILY SERVICES
224,A000000,01201,00000,1201QUALITY SYSTEMS
224,A000000,01202,00000,1202POTENTIAL DONOR COSTS
224,A000000,01300,00000,1300KIDNEY ACQUISITIONS
224,A000000,01400,00000,1400TISSUE TYPING LABORATORY
224,A000000,01500,00000,1500LIVER ACQUISITIONS
224,A000000,01600,00000,1600HEART ACQUISITIONS
224,A000000,01700,00000,1700PANCREAS ACQUISITIONS
224,A000000,01800,00000,1800LUNG ACQUISITIONS
224,A000000,01900,00000,1900OTHER ACQUISITIONS
224,A000000,02100,00000,2100RESEARCH
224,A000000,02200,00000,2200BLOOD BANK
224,A000000,02300,00000,2300LABORATORY-NON-TISSUE TYPING
224,A000000,02400,00000,2400DIALYSIS UNITS
224,A000000,02500,00000,2500TISSUE
224,A100000,01700,00000,SMALL EQUIPMENT
224,A20H000,00900,00000,OTHER EXCISION COSTS
224,A20K000,00900,00000,OTHER EXCISION COSTS
224,A20L000,00900,00000,OTHER EXCISION COSTS
224,A20O000,00900,00000,OTHER EXCISION COSTS
224,A20P000,00900,00000,OTHER EXCISION COSTS
224,A400010,00100,00000,TISSUE
224,A400010,00100,00100,A
224,A400010,00100,00200,TISSUE
224,A400010,00100,00500,PROCUREMENT COORDINATORS
224,A500010,00800,00100,B
224,A500010,00800,00300,PROCUREMENT COORDINATORS
224,A500010,01100,00100,B
224,A500010,01100,00300,MEDICAL SUPPLIES
224,A500010,01500,00000,COST NOT RELATED TO PATIENT CARE
224,A500010,01500,00100,A
224,A500010,01500,00300,PROFESSIONAL EDUCATION
224,A500010,01501,00000,COST NOT RELATED TO PATIENT CARE
224,A500010,01501,00100,A
224,A500010,01501,00300,FAMILY SERVICES
224,A500010,01502,00000,COST NOT RELATED TO PATIENT CARE
224,A500010,01502,00100,A
224,A500010,01502,00300,TISSUE
224,A500010,01503,00000,TRAVEL NOT RELATED TO PATIENT CARE
224,A500010,01503,00100,A
224,A500010,01503,00300,EMPLOYEE BENEFITS
224,A500010,01504,00000,TRAVEL NOT RELATED TO PATIENT CARE
224,A500010,01504,00100,A
224,A500010,01504,00300,ADMINISTRATIVE & GENERAL
224,A500010,01505,00000,DONOR COUNCIL EXPENSES
224,A500010,01505,00100,A
224,A500010,01505,00300,ADMINISTRATIVE & GENERAL
224,A500010,01506,00000,ALCOHOL
224,A500010,01506,00100,A
224,A500010,01506,00300,ADMINISTRATIVE & GENERAL
224,A500010,01507,00000,GROSS UP ON HEART
224,A500010,01507,00100,A
224,A500010,01507,00300,HEART ACQUISITIONS
224,A500010,01508,00000,GROSS UP ON LUNG
224,A500010,01508,00100,A
224,A500010,01508,00300,LUNG ACQUISITIONS
224,A500010,01509,00000,GROSS UP ON SMALL BOWEL
224,A500010,01509,00100,A
224,A500010,01509,00300,OTHER ACQUISITIONS
224,A500010,01510,00000,DISALLOWED LOBBYING EXPENSES
224,A500010,01510,00100,A
224,A500010,01510,00300,ADMINISTRATIVE & GENERAL
224,A500010,01511,00000,REIMBURSEMENT OF TISSUE TRANSPORTATI
224,A500010,01511,00100,A
224,A500010,01511,00300,TISSUE
224,A500010,01600,00000,COST NOT RELATED TO PATIENT CARE
224,A500010,01600,00100,A
224,A500010,01600,00300,PUBLIC EDUCATION
224,A51000A,00100,00100,N
224,A60000A,00700,00000,LEASEHOLD IMPROVEMENTS
224,A60000B,00800,00000,LEASEHOLD IMPROVEMENTS
224,A60000C,00500,00100,N
224,B10000*,00100,00200,CAP BLDG
224,B10000*,00100,00300,CAP COSTS
224,B10000*,00100,00400,EMPLOYEE
224,B10000*,00100,00500,MEDICAL
224,B10000*,00100,00800,ORGAN
224,B10000*,00100,01000,ADMIN &
224,B10000*,00200,00200,OP PLANT &
224,B10000*,00200,00300,MOVABLE
224,B10000*,00200,00400,BENEFITS
224,B10000*,00200,00500,SUPPLIES
224,B10000*,00200,00800,ACQUISITN
224,B10000*,00200,01000,GENERAL
224,B10000*,00300,00200,HOUSEKEEP
224,B10000*,00300,00300,EQUIPMENT
224,B10000*,00300,00800,COSTS
224,B10000*,00400,00200,SQUARE
224,B10000*,00400,00300,DOLLAR
224,B10000*,00400,00400,ADJUST
224,B10000*,00400,00500,COSTED
224,B10000*,00400,00800,NUMBER
224,B10000*,00400,01000,ACCUM
224,B10000*,00500,00200,FEET
224,B10000*,00500,00300,VALUE
224,B10000*,00500,00400,SALARIES
224,B10000*,00500,00500,REQUISIT
224,B10000*,00500,00800,ORGANS
224,B10000*,00500,01000,COSTS
224,B10000*,00600,00200,1
224,B10000*,00600,00300,2
224,B10000*,00600,00400,3
224,B10000*,00600,00500,3
224,B10000*,00600,00800,3
224,B10000*,00600,01000,3
224,B100000,00000,01000,X
224,E000000,00900,00000,DUE FROM MEDICARE
224,E000000,02600,00000,OTHER FIXED ASSETS
224,E000000,03900,00000,ACCRUED EXPENSES
224,E000000,04100,00000,EMPLOYEE EXPENSE PAYABLE
224,E100001,00700,00000,TISSUE PROCUREMENT REVENUE
224,E100001,00800,00000,CORNEA REVENUE
224,E200000,01500,00000,MISCELLANEOUS INCOME
224,E200000,01600,00000,DMV LICENSE PLATES
224,E200000,01700,00000,LIVER AND HEART FLYOUT REVENUE
224,E200000,01800,00000,MIDSOUTH TRIAGE
224,E200000,01900,00000,MEMORIAL DONATIONS
224,E200000,02000,00000,GAIN ON INVESTMENTS
224,E200000,02600,00000,MEDICARE COST EXPENSES
224,S000000,00100,00100,X
224,S000000,00400,00100,2
224,S000000,00500,00100,08/03/2020
224,S000000,00600,00100,10001
224,S000000,00700,00100,N
224,S000000,00800,00100,N
224,S000000,00900,00100,01/27/2022
224,S000000,01000,00100,4
224,S000001,00100,00100,ARKANSAS REGIONAL ORGAN RECOVERY
224,S000001,00100,00200,04P001
224,S000001,00101,00100,1701 ALDERSGATE ROAD  SUITE 4
224,S000001,00102,00100,LITTLE ROCK
224,S000001,00102,00200,AR
224,S000001,00102,00300,72205
224,S000001,00300,00100,01/01/2019
224,S000001,00300,00200,12/31/2019
224,S000001,00400,00100,6
224,S000001,00400,00300,1
224,S000001,00400,00400,05/01/1987
224,S000001,00401,00300,1
224,S000002,00100,00200,Y
224,S000002,00300,00100,DIRECTOR OF FINANCE
224,S000002,00400,00100,07/27/2020
224,S100001,00700,00100,N
224,S100001,00810,00000,AORTI  VALVES
224,S100001,00811,00000,DESCENDING THORACIC AORTIC VALVE
224,S100001,00812,00000,VEINS/ARTERIES
224,S100001,00813,00000,SPECIALTY GRAFTS
224,S100001,00814,00000,SMALL BOWEL
224,S100001,00815,00000,HUMAN THYMUS
224,S100001,00816,00000,ESOPHAGUS
224,S100003,00100,00100,MEDICAL DIRECTOR
224,S100003,00100,00300,MEDICAL DIRECTOR
224,S100003,00100,00500,LAB DIRECTOR
224,S100003,00101,00100,EXEC. DIRECTOR
224,S100003,00101,00300,PROCUREMENT COORDINATOR
224,S100003,00101,00500,TECHNICIANS
224,S100003,00102,00100,CLERICAL
224,S100003,00102,00300,PRESERVATION TECHNICIANS
224,S100003,00102,00500,TISSUE TYPING TECH.
224,S100003,00103,00100,DONATION DEVELOPMENT
224,S100003,00103,00300,FAMILY SERVICES
224,S100003,00103,00500,OTHER
224,S100003,00104,00300,TISSUE
224,S200000,00100,00100,N
224,S200000,00200,00100,N
224,S200000,00300,00100,N
224,S200000,00400,00100,Y
224,S200000,00400,00200,A
224,S200000,00400,00300,07/31/2020
224,S200000,00500,00100,N
224,S200000,00600,00300,DIRECTOR OF FINANCE
224,S200000,00700,00100,ARKANSAS REGIONAL ORGAN RECOVERY AGE
225,A000000,00100,00000,0100CAPITAL COSTS-BLDG & FIXT
225,A000000,00200,00000,0200CAPITAL COSTS-MVBLE EQUIPMENT
225,A000000,00300,00000,0300EMPLOYEE BENEFITS
225,A000000,00400,00000,0400ADMINISTRATIVE & GENERAL
225,A000000,00500,00000,0500OPERATION AND MAINTENANCE OF PLANT
225,A000000,00600,00000,0600HOUSEKEEPING
225,A000000,00700,00000,0700MEDICAL SUPPLIES
225,A000000,00800,00000,0800OTHER OVERHEAD
225,A000000,00900,00000,0900PROCUREMENT COORDINATORS
225,A000000,01000,00000,1000PROFESSIONAL EDUCATION
225,A000000,01100,00000,1100PUBLIC EDUCATION
225,A000000,01300,00000,1300KIDNEY ACQUISITIONS
225,A000000,01400,00000,1400TISSUE TYPING LABORATORY
225,A000000,01500,00000,1500LIVER ACQUISITIONS
225,A000000,01600,00000,1600HEART ACQUISITIONS
225,A000000,01700,00000,1700PANCREAS ACQUISITIONS
225,A000000,01800,00000,1800LUNG ACQUISITIONS
225,A000000,01900,00000,1900OTHER ACQUISITIONS
225,A000000,02100,00000,2100RESEARCH
225,A000000,02200,00000,2200BLOOD BANK
225,A000000,02300,00000,2300LABORATORY-NON-TISSUE TYPING
225,A000000,02400,00000,2400DIALYSIS UNITS
225,A100000,01700,00000,OTHER A&G
225,A100000,01800,00000,SERVICES
225,A300000,00600,00000,REAGENTS AND SUPPLIES
225,A300000,00800,00000,OTHER EXPENSE.
225,A500010,01300,00100,A
225,A500010,01300,00300,CAPITAL COSTS-BLDG & FIXT
225,A500010,01400,00100,A
225,A500010,01400,00300,CAPITAL COSTS-MVBLE EQUIPMENT
225,A500010,01600,00000,A&G ADJUSTMENT
225,A500010,01600,00100,A
225,A500010,01600,00300,ADMINISTRATIVE & GENERAL
225,A500010,01601,00000,FINAL SETTLEMENTS
225,A500010,01601,00100,A
225,A500010,01601,00300,ADMINISTRATIVE & GENERAL
225,A51000A,00100,00100,N
225,B10000*,00100,00200,CAP BLDG
225,B10000*,00100,00300,CAP COSTS
225,B10000*,00100,00400,EMPLOYEE
225,B10000*,00100,00500,MEDICAL
225,B10000*,00100,00800,ORGAN
225,B10000*,00100,01000,ADMIN &
225,B10000*,00200,00200,OP PLANT &
225,B10000*,00200,00300,MOVABLE
225,B10000*,00200,00400,BENEFITS
225,B10000*,00200,00500,SUPPLIES
225,B10000*,00200,00800,ACQUISITN
225,B10000*,00200,01000,GENERAL
225,B10000*,00300,00200,HOUSEKEEP
225,B10000*,00300,00300,EQUIPMENT
225,B10000*,00300,00800,COSTS
225,B10000*,00400,00200,SQUARE
225,B10000*,00400,00300,DOLLAR
225,B10000*,00400,00400,ADJUST
225,B10000*,00400,00500,COSTED
225,B10000*,00400,00800,NUMBER
225,B10000*,00400,01000,ACCUM
225,B10000*,00500,00200,FEET
225,B10000*,00500,00300,VALUE
225,B10000*,00500,00400,SALARIES
225,B10000*,00500,00500,REQUISIT
225,B10000*,00500,00800,ORGANS
225,B10000*,00500,01000,COSTS
225,B10000*,00600,00200,1
225,B10000*,00600,00300,2
225,B10000*,00600,00400,3
225,B10000*,00600,00500,3
225,B10000*,00600,00800,3
225,B10000*,00600,01000,3
225,B100000,00000,01000,X
225,E100002,00300,00000,NET WORKSHEET A-5 ADJUSTMENTS
225,E200000,02000,00000,DUE FROM MEDICARE
225,S000000,00100,00100,X
225,S000000,00400,00100,2
225,S000000,00500,00100,11/17/2020
225,S000000,00600,00100,10001
225,S000000,00700,00100,N
225,S000000,00800,00100,N
225,S000000,00900,00100,02/01/2022
225,S000000,01000,00100,4
225,S000001,00100,00100,UCSF IMMUNOGENETICS & TRANSPLANT LA
225,S000001,00100,00200,05HL06
225,S000001,00101,00100,3333 CALIFORNIA STREET  SUITE 150
225,S000001,00102,00100,SAN FRANCISCO
225,S000001,00102,00200,CA
225,S000001,00102,00300,94118
225,S000001,00300,00100,07/01/2019
225,S000001,00300,00200,06/30/2020
225,S000001,00400,00100,10
225,S000001,00400,00300,2
225,S000001,00400,00400,07/01/1999
225,S000001,00401,00300,1
225,S000002,00100,00200,Y
225,S000002,00300,00100,ASSOCIATE CHAIR  FINANCE & ADMIN
225,S000002,00400,00100,11/01/2020
225,S100001,00700,00100,N
225,S100001,00810,00000,OTHER
225,S100002,00401,00100,HLA CLASS I (A B C) TYPING (INTERM)
225,S100002,00402,00100,HLA CLASS II (DR DQ DP) TYPING (INT)
225,S100002,00403,00100,HLA-DQB1 TYPING (NGS-HIGH RES)
225,S100002,00404,00100,HLA ABC  COMPREHENSIVE (NGS-HIGH RES
225,S100002,00405,00100,HLA ANTIBODY PRA CLASS 1
225,S100002,00406,00100,HLA ANTIBODY PRA CLASS II
225,S100002,00407,00100,HLA ANTIBODY ID-SINGLE ANT CLASS I
225,S100002,00408,00100,HLA ANTIBODY ID-SINGLE ANT CLASS II
225,S100002,00409,00100,B-CELL & T-CELL X-MATCH BY FLOW CYT
225,S100002,00410,00100,B-CELL & T-CELL FLOW X-MATCH W PRONA
225,S100002,00411,00100,DECEASED DONOR TESTING - LOCAL
225,S100002,00412,00100,DECEASED DONOR CELL PREP & STORAGE
225,S100002,00413,00100,SERUM MANAGEMENT (INCLUSIVE)
225,S100002,00414,00100,HLA TYPING STAT FEE (PER REQUISITIO)
225,S100002,00415,00100,ANTIBODY TESTING STAT FEE PER SET-UP
225,S100002,00416,00100,CROSSMATCH STAT FEE PER SET-UP
225,S100003,00100,00100,MEDICAL DIRECTOR
225,S100003,00100,00300,MEDICAL DIRECTOR
225,S100003,00100,00500,LAB DIRECTOR
225,S100003,00101,00100,EXEC. DIRECTOR
225,S100003,00101,00300,PROCUREMENT COORDINATOR
225,S100003,00101,00500,TECHNICIANS
225,S100003,00102,00100,CLERICAL
225,S100003,00102,00300,PRESERVATION TECHNICIANS
225,S100003,00102,00500,TISSUE TYPING TECH.
225,S100003,00103,00100,OTHER
225,S100003,00103,00300,OTHER
225,S100003,00103,00500,OTHER
225,S200000,00100,00100,N
225,S200000,00200,00100,N
225,S200000,00300,00100,N
225,S200000,00400,00100,N
225,S200000,00500,00100,N
225,S200000,00600,00300,LAB MANAGER
225,S200000,00700,00100,UCSF IMMUNO & TX LAB
227,A000000,00100,00000,0100CAPITAL COSTS-BLDG & FIXT
227,A000000,00200,00000,0200CAPITAL COSTS-MVBLE EQUIPMENT
227,A000000,00300,00000,0300EMPLOYEE BENEFITS
227,A000000,00400,00000,0400ADMINISTRATIVE & GENERAL
227,A000000,00500,00000,0500OPERATION AND MAINTENANCE OF PLANT
227,A000000,00600,00000,0600HOUSEKEEPING
227,A000000,00700,00000,0700MEDICAL SUPPLIES
227,A000000,00800,00000,0800OTHER OVERHEAD
227,A000000,00900,00000,0900PROCUREMENT COORDINATORS
227,A000000,01000,00000,1000PROFESSIONAL EDUCATION
227,A000000,01100,00000,1100PUBLIC EDUCATION
227,A000000,01200,00000,1200OTHER ACQUISITION
227,A000000,01300,00000,1300KIDNEY ACQUISITIONS
227,A000000,01400,00000,1400TISSUE TYPING LABORATORY
227,A000000,01500,00000,1500LIVER ACQUISITIONS
227,A000000,01600,00000,1600HEART ACQUISITIONS
227,A000000,01700,00000,1700PANCREAS ACQUISITIONS
227,A000000,01800,00000,1800LUNG ACQUISITIONS
227,A000000,01900,00000,1900OTHER ACQUISITIONS
227,A000000,02100,00000,2100RESEARCH
227,A000000,02200,00000,2200BLOOD BANK
227,A000000,02300,00000,2300LABORATORY-NON-TISSUE TYPING
227,A000000,02400,00000,2400DIALYSIS UNITS
227,A000000,02500,00000,2500OTHER NON-REIMBURSABLE
227,A100000,01700,00000,LICENSES & PERMITS
227,A100000,01800,00000,REPAIRS AND MAINTENANCE
227,A100000,01900,00000,DONOR EDUCATION AND RECRUITMENT
227,A100000,01901,00000,DUES AND SUBSCRIPTIONS
227,A100000,01902,00000,PROFESSIONAL SERVICES
227,A100000,01903,00000,REBATES & ADJUSTMENTS
227,A100000,01904,00000,POSTAGE AND MAILING
227,A100000,01905,00000,PRINTING AND ENGRAVING
227,A100000,01906,00000,DELIVERY SERVICES
227,A100000,01907,00000,ADVERTISING
227,A100000,01908,00000,EMPLOYEE RECOGNITION
227,A100000,01909,00000,MISC
227,A100000,01910,00000,BAD DEBT
227,A100000,01911,00000,G/L ON DISPOSITION OF FA
227,A100000,01912,00000,TEMPORARY LABOR
227,A100000,01913,00000,SECURITY SERVICES
227,A100000,01914,00000,INCENTIVE FEES
227,A100000,01915,00000,OTHER
227,A100000,01916,00000,DOCUMENT STORAGE
227,A100000,01917,00000,CORP ALLOCATION
227,A300000,00600,00000,PAYROLL TAXES
227,A300000,00700,00000,SUPPLIES
227,A300000,00800,00000,REPAIRS AND MAINTENANCE
227,A300000,00900,00000,INSURANCE
227,A300000,01000,00000,TRAVEL AND ENTERTAINMENT
227,A300000,01001,00000,DONOR EDUCATION AND RECRUITMENT
227,A300000,01002,00000,DUES AND SUBSCRIPTIONS
227,A300000,01003,00000,PROFESSIONAL SERVICES
227,A300000,01004,00000,TEMPORARY SERVICES
227,A300000,01005,00000,OUTSIDE LABORATORY SERVICES
227,A300000,01006,00000,FREIGHT-IN
227,A300000,01007,00000,POSTAGE/MAILING
227,A300000,01008,00000,PRINTING/ENGRAVING
227,A300000,01009,00000,EMPLOYEE TRAINING AND EDUCATION
227,A300000,01010,00000,DELIVERY SERVICES
227,A300000,01011,00000,EMPLOYEE RECOGNITION
227,A300000,01012,00000,INTERDEPARTMENTAL CHARGES
227,A300000,01013,00000,ADVERTISING
227,A400010,00100,00000,EXECUTIVE SALARY RECLASS
227,A400010,00100,00100,A
227,A400010,00100,00200,TISSUE TYPING LABORATORY
227,A400010,00100,00500,ADMINISTRATIVE & GENERAL
227,A400010,00200,00000,EXECUTIVE SALARY RECLASS
227,A400010,00200,00100,A
227,A400010,00200,00200,BLOOD BANK
227,A400010,00300,00000,EXECUTIVE SALARY RECLASS
227,A400010,00300,00100,A
227,A400010,00300,00200,LABORATORY-NON-TISSUE TYPING
227,A500010,01500,00000,MISC INCOME
227,A500010,01500,00100,B
227,A500010,01500,00300,ADMINISTRATIVE & GENERAL
227,A500010,01501,00000,INVESTMENT BANK FEES
227,A500010,01501,00100,A
227,A500010,01501,00300,ADMINISTRATIVE & GENERAL
227,A500010,01502,00000,BAD DEBTS
227,A500010,01502,00100,A
227,A500010,01502,00300,ADMINISTRATIVE & GENERAL
227,A500010,01600,00000,G/L ON DISPOSITION OF FA
227,A500010,01600,00100,A
227,A500010,01600,00300,ADMINISTRATIVE & GENERAL
227,A51000A,00100,00100,Y
227,A51000B,00100,00200,CAPITAL COSTS-BLDG & FIXT
227,A51000B,00100,00300,CORP SERVICES
227,A51000B,00200,00200,ADMINISTRATIVE & GENERAL
227,A51000B,00200,00300,CORP SERVICES
227,A51000C,00100,00100,B
227,A51000C,00100,00400,VERSITI
227,A51000C,00100,00600,TRANSFUSION SERVICES
227,A51000C,00200,00000,AFFILIATE
227,A51000C,00200,00100,G
227,A51000C,00200,00200,VERSITI WISCONSIN
227,A51000C,00200,00600,BLOOD CENTER
227,A51000C,00300,00000,AFFILIATE
227,A51000C,00300,00100,G
227,A51000C,00300,00200,VERSITI ILLINOIS
227,A51000C,00300,00600,BLOOD CENTER
227,A51000C,00400,00000,AFFILIATE
227,A51000C,00400,00100,G
227,A51000C,00400,00200,VERSITI MICHIGAN
227,A51000C,00400,00600,BLOOD CENTER
227,A51000C,10000,00200,AFFILIATE
227,A60000A,00700,00000,OTHER: CONSTRUCTION IN PROGRESS
227,A60000B,00800,00000,CONSTRUCTION IN PROGRESS
227,A60000C,00500,00100,N
227,B10000*,00100,00200,CAP BLDG
227,B10000*,00100,00300,CAP COSTS
227,B10000*,00100,00400,EMPLOYEE
227,B10000*,00100,00500,MEDICAL
227,B10000*,00100,00800,ORGAN
227,B10000*,00100,01000,ADMIN &
227,B10000*,00200,00200,OP PLANT &
227,B10000*,00200,00300,MOVABLE
227,B10000*,00200,00400,BENEFITS
227,B10000*,00200,00500,SUPPLIES
227,B10000*,00200,00800,ACQUISITN
227,B10000*,00200,01000,GENERAL
227,B10000*,00300,00200,HOUSEKEEP
227,B10000*,00300,00300,EQUIPMENT
227,B10000*,00300,00800,COSTS
227,B10000*,00400,00200,SQUARE
227,B10000*,00400,00300,SQUARE
227,B10000*,00400,00400,ADJUST
227,B10000*,00400,00500,COSTED
227,B10000*,00400,00800,NUMBER
227,B10000*,00400,01000,ACCUM
227,B10000*,00500,00200,FEET
227,B10000*,00500,00300,FEET
227,B10000*,00500,00400,SALARIES
227,B10000*,00500,00500,REQUISIT
227,B10000*,00500,00800,ORGANS
227,B10000*,00500,01000,COSTS
227,B10000*,00600,00200,1
227,B10000*,00600,00300,2
227,B10000*,00600,00400,3
227,B10000*,00600,00500,3
227,B10000*,00600,00800,3
227,B10000*,00600,01000,3
227,B100000,00000,01000,X
227,E000000,00900,00000,CURRENT ASSETS  OTHER
227,E000000,02600,00000,FIXED ASSETS  OTHER
227,E000000,03900,00000,ACCRUED VACATION BENEFITS
227,E000000,04100,00000,OTHER ACCRUED EXPENSES
227,E000000,04600,00000,RETIREMENT PLAN OBLIGATIONS
227,E000000,04700,00000,OTHER LONG TERM LIABILITIES
227,E100001,00700,00000,CONTRIBUTIONS
227,E100001,00800,00000,MEDICAL SERVICES
227,E100001,00900,00000,OTHER
227,E100002,00300,00000,MINOR VARIANCE TO FS
227,E200000,01500,00000,GAIN ON SALE OF FIXED ASSETS
227,E200000,02000,00000,NET ASSETS RELEASED FROM RESTRICTION
227,E200000,02100,00000,ROUNDING
227,E200000,02200,00000,MISCELLANEOUS INCOME
227,E200000,02300,00000,CHANGE IN PERM RESTRICT NET ASSETS
227,E200000,02600,00000,NET LOSS FROM INVESTMENTS
227,E200000,02700,00000,MISCELLANEOUS EXPENSE
227,S000000,00100,00100,X
227,S000000,00400,00100,2
227,S000000,00500,00100,08/31/2020
227,S000000,00600,00100,10001
227,S000000,00700,00100,N
227,S000000,00800,00100,N
227,S000000,00900,00100,02/04/2022
227,S000000,01000,00100,4
227,S000001,00100,00100,VERSITI INDIANA  INC
227,S000001,00100,00200,15HL01
227,S000001,00101,00100,3450 N MERIDIAN ST
227,S000001,00101,00200,88273
227,S000001,00102,00100,INDIANAPOLIS
227,S000001,00102,00200,IN
227,S000001,00102,00300,46208
227,S000001,00300,00100,01/01/2019
227,S000001,00300,00200,12/31/2019
227,S000001,00400,00100,6
227,S000001,00400,00300,2
227,S000001,00400,00400,01/01/1997
227,S000001,00401,00300,1
227,S000002,00100,00200,Y
227,S000002,00300,00100,CHIEF FINANCIAL OFFICER
227,S000002,00400,00100,08/25/2020
227,S100001,00700,00100,N
227,S100001,00810,00000,OTHER
227,S100002,00401,00100,DD - FINAL CROSSMATCH
227,S100002,00402,00100,FLOW CYTOMETRY CROSSMATCH
227,S100002,00403,00100,PATIENT - HLA CLASS I TYPING (A  B
227,S100002,00404,00100,PATIENT - COMBINED CLASS I AND II
227,S100002,00405,00100,LD - HLA CLASS I AND II TYPING
227,S100002,00406,00100,LD - HLA CLASS II TYPING
227,S100002,00407,00100,DD - HLA CLASS I & II TYPING
227,S100002,00408,00100,SERUM HANDLING/TRANSPORTATION
227,S100002,00409,00100,PRA - HLA CLASS I AB (FLOWPRA)
227,S100002,00410,00100,PRA - HLA CLASS II AB (FLOWPRA)
227,S100002,00411,00100,ABO TYPING
227,S100002,00412,00100,PRA/ID - HLA CLASS I AB (LUMINEX)
227,S100002,00413,00100,PRA/ID - HLA CLASS II AB (LUMINEX)
227,S100002,00414,00100,SINGLE ANTIGEN BEAD - HLA CLASS I AB
227,S100002,00415,00100,SINGLE ANTIGEN BEAD - HLA CLASS II A
227,S100002,00416,00100,LSMIX - TRALI SCREENING
227,S100002,00417,00100,PLATELET TYPE
227,S100002,00418,00100,PAK 12 ELISA ANTIBODY SCREEN
227,S100002,00419,00100,PTT (PARATHYROID CRYOPRESERVATION)
227,S100002,00420,00100,PATERNITY TESTING
227,S100002,00421,00100,DQA1/DQB1 TYPING
227,S100002,00422,00100,STAT FEE
227,S100002,00423,00100,LIVING DONOR A1 SUBTYPE
227,S100002,00424,00100,APHERESIS PLT DONOR TYPING (NO CHARG
227,S100002,00425,00100,ANTIGEN NEG PLATELETS
227,S100002,00426,00100,DSA - POST TRANSPLANT MONITORING CLA
227,S100002,00427,00100,DSA - POST TRANSPLANT MONITORING CLA
227,S100002,00428,00100,TRALI REACTION INVESTIGATION
227,S100002,00429,00100,LSMIX - TRALI SCREENING
227,S100002,00430,00100,PTT (PARATHYROID TISSUE RELEASE)
227,S100002,00431,00100,SPRCA CROSSMATCH (PLATELET CROSSMATC
227,S100002,00432,00100,ANNUAL STORAGE FEE - SPERM BANK
227,S100002,00433,00100,HLA-DPB1 HIGH RESOLUTION TYPING (BCW
227,S100002,00434,00100,HIGH RESOLUTION C TYPING (BCW)
227,S100002,00435,00100,NAIT TEST MATERNAL SAMPLE WITH PATER
227,S100003,00100,00100,MEDICAL DIRECTOR
227,S100003,00100,00300,MEDICAL DIRECTOR
227,S100003,00100,00500,LAB DIRECTOR
227,S100003,00101,00100,EXEC. DIRECTOR
227,S100003,00101,00300,PROCUREMENT COORDINATOR
227,S100003,00101,00500,TECHNICIANS
227,S100003,00102,00100,CLERICAL
227,S100003,00102,00300,PRESERVATION TECHNICIANS
227,S100003,00102,00500,TISSUE TYPING TECH.
227,S100003,00103,00100,OTHER
227,S100003,00103,00300,OTHER
227,S100003,00103,00500,OTHER
227,S200000,00100,00100,N
227,S200000,00200,00100,N
227,S200000,00300,00100,Y
227,S200000,00400,00100,Y
227,S200000,00400,00200,A
227,S200000,00500,00100,Y
227,S200000,00600,00300,DIRECTOR ACCOUNTING
227,S200000,00700,00100,VERSITI INDIANA
228,A000000,00100,00000,0100CAPITAL COSTS-BLDG & FIXT
228,A000000,00200,00000,0200CAPITAL COSTS-MVBLE EQUIPMENT
228,A000000,00300,00000,0300EMPLOYEE BENEFITS
228,A000000,00400,00000,0400ADMINISTRATIVE & GENERAL
228,A000000,00500,00000,0500OPERATION AND MAINTENANCE OF PLANT
228,A000000,00600,00000,0600HOUSEKEEPING
228,A000000,00700,00000,0700MEDICAL SUPPLIES
228,A000000,00800,00000,0800OTHER OVERHEAD
228,A000000,00900,00000,0900PROCUREMENT COORDINATORS
228,A000000,01000,00000,1000PROFESSIONAL EDUCATION
228,A000000,01100,00000,1100PUBLIC EDUCATION
228,A000000,01300,00000,1300KIDNEY ACQUISITIONS
228,A000000,01400,00000,1400TISSUE TYPING LABORATORY
228,A000000,01500,00000,1500LIVER ACQUISITIONS
228,A000000,01600,00000,1600HEART ACQUISITIONS
228,A000000,01700,00000,1700PANCREAS ACQUISITIONS
228,A000000,01800,00000,1800LUNG ACQUISITIONS
228,A000000,01900,00000,1900OTHER ACQUISITIONS
228,A000000,02100,00000,2100RESEARCH
228,A000000,02200,00000,2200BLOOD BANK
228,A000000,02300,00000,2300LABORATORY-NON-TISSUE TYPING
228,A000000,02400,00000,2400DIALYSIS UNITS
228,A100000,01700,00000,OTHER
228,A100000,01800,00000,FACILITIES RENTALS
228,A100000,01900,00000,MANPOWER SERVICES
228,A100000,01901,00000,POSTAGE
228,A300000,00700,00000,LAB SUPPLIES
228,A300000,00800,00000,TRAVEL  MTG
228,A300000,00900,00000,INSTITUTION MEMBERSHIP
228,A500010,01500,00000,THER REVENUE
228,A500010,01500,00100,B
228,A500010,01500,00300,TISSUE TYPING LABORATORY
228,A51000A,00100,00100,N
228,A60000C,00500,00100,N
228,B10000*,00100,00200,CAP BLDG
228,B10000*,00100,00300,CAP COSTS
228,B10000*,00100,00400,EMPLOYEE
228,B10000*,00100,00500,MEDICAL
228,B10000*,00100,00800,ORGAN
228,B10000*,00100,01000,ADMIN &
228,B10000*,00200,00200,OP PLANT &
228,B10000*,00200,00300,MOVABLE
228,B10000*,00200,00400,BENEFITS
228,B10000*,00200,00500,SUPPLIES
228,B10000*,00200,00800,ACQUISITN
228,B10000*,00200,01000,GENERAL
228,B10000*,00300,00200,HOUSEKEEP
228,B10000*,00300,00300,EQUIPMENT
228,B10000*,00300,00800,COSTS
228,B10000*,00400,00200,SQUARE
228,B10000*,00400,00300,DOLLAR
228,B10000*,00400,00400,ADJUST
228,B10000*,00400,00500,COSTED
228,B10000*,00400,00800,NUMBER
228,B10000*,00400,01000,ACCUM
228,B10000*,00500,00200,FEET
228,B10000*,00500,00300,VALUE
228,B10000*,00500,00400,SALARIES
228,B10000*,00500,00500,REQUISIT
228,B10000*,00500,00800,ORGANS
228,B10000*,00500,01000,COSTS
228,B10000*,00600,00200,1
228,B10000*,00600,00300,2
228,B10000*,00600,00400,3
228,B10000*,00600,00500,3
228,B10000*,00600,00800,3
228,B10000*,00600,01000,3
228,B100000,00000,01000,X
228,E000000,00900,00000,OTHER CURRENT ASSETS
228,E000000,02600,00000,OTHER FIXED ASSETS
228,E200000,02600,00000,OTHER EXPENSES-DUE TO MEDICARE
228,S000000,00100,00100,X
228,S000000,00400,00100,2
228,S000000,00500,00100,11/25/2020
228,S000000,00600,00100,10001
228,S000000,00700,00100,N
228,S000000,00800,00100,N
228,S000000,00900,00100,02/10/2022
228,S000000,01000,00100,4
228,S000001,00100,00100,MARYLAND REGIONAL TISSUE TYPING
228,S000001,00100,00200,21HL01
228,S000001,00101,00100,2041 EAST MONUMENT STREET
228,S000001,00102,00100,BALTIMORE
228,S000001,00102,00200,MD
228,S000001,00102,00300,21205
228,S000001,00300,00100,07/01/2019
228,S000001,00300,00200,06/30/2020
228,S000001,00400,00100,8
228,S000001,00400,00300,2
228,S000001,00400,00400,03/30/1979
228,S000001,00401,00300,1
228,S000002,00100,00200,Y
228,S000002,00300,00100,CHEIF FINANCIAL OFFICER
228,S000002,00400,00100,11/24/2020
228,S100001,00700,00100,N
228,S100001,00810,00000,OTHER
228,S100002,00400,00100,CLASS I TYPING
228,S100002,00401,00100,CLASS II TYPING
228,S100002,00402,00100,PRELIMINARY XM
228,S100002,00403,00100,T & B CELL CROSSMATCH
228,S100002,00404,00100,HLA ANTIBODY SCREEN- CLASS I
228,S100002,00405,00100,HLA ANTIBODY SCREEN- CLASS II
228,S100002,00406,00100,FLOW CYTOMETRIC CROSSMATCH
228,S100002,00407,00100,STAT FEE- CROSSMATCH
228,S100002,00408,00100,CADAVER TYPING
228,S100002,00409,00100,CLASS II HIGH RESOLUTION TYPING
228,S100002,00410,00100,MLC TEST- BMT
228,S100002,00411,00100,ZYGOSITY TESTING-BMT
228,S100002,00412,00100,CLASS I HIGH RESOLUTION TYPING
228,S100002,00413,00100,SPECIMEN PROCESSING/STORAGE
228,S100002,00414,00100,STAT FEE- CADAVER DONOR TYPING
228,S100002,00415,00100,DONOR CANCELLATION FEE
228,S100002,00416,00100,A-LOCUS HIGH RESOLUTION TYPING
228,S100002,00417,00100,B-LOCUS HIGH RESOLUTION TYPING
228,S100002,00418,00100,C-LOCUS HIGH RESOLUTION TYPING
228,S100002,00419,00100,DR-LOCUS HIGH RESOLUTION TYPING
228,S100002,00420,00100,DQ-LOCUS HIGH RESOLUTION TYPING
228,S100002,00421,00100,CYLEX IMMUNE MONITORING
228,S100002,00422,00100,DP-LOCUS HIGH RESOLUTION TYPING
228,S100002,00423,00100,MICA-LOCUS HIGH RESOLUTION TYPING
228,S100002,00424,00100,CLASS I HLA- A&B DNA TYPING
228,S100002,00425,00100,ANTIBODY SCREEN A*B
228,S100002,00426,00100,ENDOTHELIAL CELL CROSSMATCH
228,S100002,00427,00100,KIR DNA TYPING
228,S100002,00428,00100,AT1R
228,S100002,00429,00100,TETRAMERS
228,S100002,00430,00100,VERIFICATION TYPING (HLA-A -B AND D
228,S100003,00100,00100,MEDICAL DIRECTOR
228,S100003,00100,00300,MEDICAL DIRECTOR
228,S100003,00100,00500,LAB DIRECTOR
228,S100003,00101,00100,EXEC. DIRECTOR
228,S100003,00101,00300,PROCUREMENT COORDINATOR
228,S100003,00101,00500,TECHNICIANS
228,S100003,00102,00100,CLERICAL
228,S100003,00102,00300,PRESERVATION TECHNICIANS
228,S100003,00102,00500,TISSUE TYPING TECH.
228,S100003,00103,00100,OTHER
228,S100003,00103,00300,OTHER
228,S100003,00103,00500,OTHER
228,S200000,00100,00100,N
228,S200000,00200,00100,N
228,S200000,00300,00100,N
228,S200000,00400,00100,N
228,S200000,00500,00100,N
228,S200000,00600,00300,ADMINISTRATOR
228,S200000,00700,00100,JOHNS HOPKINS UNIVERSITY
229,A000000,00100,00000,0100CAPITAL COSTS-BLDG & FIXT
229,A000000,00200,00000,0200CAPITAL COSTS-MVBLE EQUIPMENT
229,A000000,00300,00000,0300EMPLOYEE BENEFITS
229,A000000,00400,00000,0400ADMINISTRATIVE & GENERAL
229,A000000,00500,00000,0500OPERATION AND MAINTENANCE OF PLANT
229,A000000,00600,00000,0600HOUSEKEEPING
229,A000000,00700,00000,0700MEDICAL SUPPLIES
229,A000000,00800,00000,0800OTHER OVERHEAD
229,A000000,00900,00000,0900PROCUREMENT COORDINATORS
229,A000000,01000,00000,1000PROFESSIONAL EDUCATION
229,A000000,01100,00000,1100PUBLIC EDUCATION
229,A000000,01200,00000,1200OTHER ACQUISITION
229,A000000,01300,00000,1300KIDNEY ACQUISITIONS
229,A000000,01400,00000,1400TISSUE TYPING LABORATORY
229,A000000,01500,00000,1500LIVER ACQUISITIONS
229,A000000,01600,00000,1600HEART ACQUISITIONS
229,A000000,01700,00000,1700PANCREAS ACQUISITIONS
229,A000000,01800,00000,1800LUNG ACQUISITIONS
229,A000000,01900,00000,1900OTHER ACQUISITIONS
229,A000000,02100,00000,2100RESEARCH
229,A000000,02200,00000,2200BLOOD BANK
229,A000000,02300,00000,2300LABORATORY-NON-TISSUE TYPING
229,A000000,02400,00000,2400DIALYSIS UNITS
229,A000000,02500,00000,2500FOUNDATION
229,A000000,02501,00000,2501BONE & TISSUE
229,A100000,01700,00000,POSTAGE
229,A100000,01800,00000,BOOKS & SUBSCRIPTIONS
229,A100000,01901,00000,EQUIP MAINT & REPAIRS
229,A100000,01902,00000,COMPUTER SUPPORT
229,A100000,01903,00000,AUTO EXPENSE
229,A100000,01904,00000,DUES & EXPENSE
229,A100000,01906,00000,CONSULTANT
229,A100000,01907,00000,RECRUITMENT EXPENSE
229,A100000,01908,00000,QUALITY OF WORK LIFE
229,A100000,01909,00000,PRINTING
229,A100000,01910,00000,BANKCHARGES
229,A100000,01911,00000,INTEREST
229,A100000,01912,00000,PART TIME PERSONNEL
229,A20H000,02100,00000,TRANSPORTATION SURGEONS
229,A20K000,02100,00000,TRANSPORTATION SURGEONS
229,A20K000,02101,00000,BIOPSY OH
229,A20L000,00900,00000,OTHER
229,A20L000,02100,00000,TRANSPORTATION SURGEONS
229,A20O000,00900,00000,OTHER
229,A20P000,02100,00000,TRANSPORTATION SURGEONS
229,A20U000,02100,00000,TRANSPORTATIONSURGEONS
229,A300000,00600,00000,OTHER TISUE TYPING COST
229,A300000,00700,00000,BLOOD BANK REAGENTS
229,A300000,00800,00000,HLA REAGENTS
229,A300000,00900,00000,AMORTIZATION OF LAB SOFTWARE
229,A400010,00100,00000,TISSUE OVERHEAD RECLASS
229,A400010,00100,00100,A
229,A400010,00100,00200,BONE & TISSUE
229,A400010,00100,00500,PROCUREMENT COORDINATORS
229,A400010,00200,00000,FOUNDATION PUBLIC ED
229,A400010,00200,00100,B
229,A400010,00200,00200,FOUNDATION
229,A400010,00200,00500,PROCUREMENT COORDINATORS
229,A500010,00800,00100,B
229,A500010,00800,00300,OTHER ACQUISITION
229,A500010,01604,00000,MOLECULAR LAB
229,A500010,01604,00100,A
229,A500010,01604,00300,CAPITAL COSTS-BLDG & FIXT
229,A500010,01606,00000,BAD DEBT - TISSUE
229,A500010,01606,00100,A
229,A500010,01606,00300,BONE & TISSUE
229,A500010,01607,00000,LEGISLATIVE LOBBYING
229,A500010,01607,00100,A
229,A500010,01607,00300,ADMINISTRATIVE & GENERAL
229,A51000A,00100,00100,Y
229,A51000B,00100,00200,FOUNDATION
229,A51000B,00100,00300,FOUNDATION COSTS
229,A51000C,00100,00100,C
229,A51000C,00100,00400,SHARING NETWORK FOUNDATION
229,A51000C,00100,00600,FOUNDATION
229,A60000A,00700,00000,LEASEHOLD IMPROVEMENTS
229,A60000B,00800,00000,LEASEHOLDIMPROVEMENT
229,A60000C,00500,00100,N
229,B10000*,00100,00200,CAP BLDG
229,B10000*,00100,00300,CAP COSTS
229,B10000*,00100,00400,EMPLOYEE
229,B10000*,00100,00500,MEDICAL
229,B10000*,00100,00800,ORGAN
229,B10000*,00100,01000,ADMIN &
229,B10000*,00200,00200,OP PLANT &
229,B10000*,00200,00300,MOVABLE
229,B10000*,00200,00400,BENEFITS
229,B10000*,00200,00500,SUPPLIES
229,B10000*,00200,00800,ACQUISITN
229,B10000*,00200,01000,GENERAL
229,B10000*,00300,00200,HOUSEKEEP
229,B10000*,00300,00300,EQUIPMENT
229,B10000*,00300,00800,COSTS
229,B10000*,00400,00200,SQUARE
229,B10000*,00400,00300,DOLLAR
229,B10000*,00400,00400,ADJUST
229,B10000*,00400,00500,COSTED
229,B10000*,00400,00800,NUMBER
229,B10000*,00400,01000,ACCUM
229,B10000*,00500,00200,FEET
229,B10000*,00500,00300,VALUE
229,B10000*,00500,00400,SALARIES
229,B10000*,00500,00500,REQUISIT
229,B10000*,00500,00800,ORGANS
229,B10000*,00500,01000,COSTS
229,B10000*,00600,00200,1
229,B10000*,00600,00300,2
229,B10000*,00600,00400,3
229,B10000*,00600,00500,3
229,B10000*,00600,00800,3
229,B10000*,00600,01000,3
229,B100000,00000,01000,X
229,E000000,00900,00000,INTERCOMPANY
229,E000000,02600,00000,OTHER FIXED ASSETS
229,E000000,03100,00000,SOFTWARE
229,E000000,03900,00000,MEDICARE SETTLEMENT
229,E000000,04100,00000,CURRENT PORTION OF LONG TERM DEBT
229,E000000,04600,00000,DEFERRED COMPENSATION
229,E000000,04700,00000,LONG TERM DEBT
229,E000000,04800,00000,DEFERRED RENT
229,E100001,00700,00000,EST MEDICARE SETTLEMENT
229,E100001,00800,00000,OTHE PROCUREMENT REVENUE
229,E100002,00300,00000,PAYROLL REIMBURSEMENTS
229,E100002,00400,00000,MOLECULAR LAB
229,E100002,00500,00000,NONREIMBURSABLE COSTS
229,E100002,00501,00000,INTEREST EXPENSE
229,E100002,00800,00000,SHARING NETWORK FOUNDATION EXPENSE
229,E100002,00900,00000,INVESTMENT EXPENSES
229,E200000,01500,00000,GRANTS FROM SHARING NETWORK FOUNDATI
229,E200000,01600,00000,LICENSE PLATE GRANTS
229,E200000,01700,00000,OTHER REVENUE
229,E200000,01800,00000,MISCELLANEOUS INCOME
229,E200000,01900,00000,INTEREST INCOME
229,E200000,02000,00000,INSURANCE SETTLEMENT
229,E200000,02100,00000,PAYROLL REIMBURSEMENTS
229,E200000,02600,00000,FUNERAL DIRECTOR PREP CHARGE
229,E200000,02700,00000,MOLECULAR RESEARCH LAB
229,E200000,02701,00000,GAIN/LOSS FROM INVESTMENTS
229,E200000,02702,00000,MISC EXPENSE
229,S000000,00100,00100,X
229,S000000,00400,00100,2
229,S000000,00500,00100,08/19/2020
229,S000000,00600,00100,10001
229,S000000,00700,00100,N
229,S000000,00800,00100,N
229,S000000,00900,00100,02/10/2022
229,S000000,01000,00100,4
229,S000001,00100,00100,NEW JERSEY ORGAN & TISSUE SHARING NE
229,S000001,00100,00200,31P001
229,S000001,00101,00100,691 CENTRAL AVENUE
229,S000001,00102,00100,NEW PROVIDENCE
229,S000001,00102,00200,NJ
229,S000001,00102,00300,07974
229,S000001,00200,00100,NEW JERSEY ORGAN & TISSUE SHARING NE
229,S000001,00200,00200,31HL01
229,S000001,00201,00100,691 CENTRAL AVENUE
229,S000001,00202,00100,NEW PROVIDENCE
229,S000001,00202,00200,NJ
229,S000001,00202,00300,07974
229,S000001,00300,00100,01/01/2019
229,S000001,00300,00200,12/31/2019
229,S000001,00400,00100,6
229,S000001,00400,00300,1
229,S000001,00400,00400,01/01/1984
229,S000001,00401,00300,2
229,S000001,00401,00400,01/01/1984
229,S000002,00100,00200,Y
229,S000002,00300,00100,DIRECTOR OF FINANCE
229,S000002,00400,00100,08/19/2020
229,S100001,00700,00100,N
229,S100001,00810,00000,INTESTINE
229,S100002,00400,00100,ABO TITER
229,S100002,00401,00100,ABO TYPE
229,S100002,00402,00100,ABSORB LUMINEX SINGLE ANTIGEN BEAD C
229,S100002,00403,00100,ABSORB LUMINEX SINGLE ANTIGEN BEAD C
229,S100002,00404,00100,AUTOCROSSMATCH  T AND B CELLS  (FLOW
229,S100002,00405,00100,AUTOCROSSMATCH  T AND B CELLS  (FLOW
229,S100002,00406,00100,AUTOCROSSMATCH  T AND B CELLS  AHG O
229,S100002,00407,00100,DNA CLASS I  HIGH RESOLUTION (SEND O
229,S100002,00408,00100,DNA CLASS II  HIGH RESOLUTION (SEND
229,S100002,00409,00100,DP-DNA HLA CLASS II TYPING
229,S100002,00410,00100,DQA - DNA HLA CLASS II TYPING
229,S100002,00411,00100,FINAL MAJOR CROSSMATCH  CLASS I AND
229,S100002,00412,00100,FINAL MAJOR CROSSMATCH  T AND B CELL
229,S100002,00414,00100,FLOW NON PRONASE T CELL AUTO CROSSMA
229,S100002,00415,00100,FLOW NON PRONASE T CELL MAJOR CROSSM
229,S100002,00416,00100,FLOW NON PRONASE T CELL MAJOR CROSSM
229,S100002,00417,00100,FLOW NON PRONASE T CELL MAJOR CROSSM
229,S100002,00418,00100,HLA ANTIBODY SCREENING  CLASS I (FLO
229,S100002,00419,00100,HLA ANTIBODY SCREENING  CLASS II (FL
229,S100002,00420,00100,HLA CLASS I LSPRA
229,S100002,00421,00100,HLA CLASS I TYPING  SEROLOGICAL OR D
229,S100002,00422,00100,HLA CLASS II LSPRA
229,S100002,00423,00100,HLA CLASS II TYPING  SEROLOGICAL OR
229,S100002,00424,00100,LRD OR IMPORT MAJOR X-MATCH  T AND B
229,S100002,00425,00100,LSPRA CLASS -I- ADSORB
229,S100002,00426,00100,LSPRA CLASS -II- ADSORB
229,S100002,00427,00100,LUMINEX SINGLE ANTIGEN BEAD C-I
229,S100002,00428,00100,LUMINEX SINGLE ANTIGEN BEAD C-II
229,S100002,00429,00100,LYMPHOCYTE CRYOPRESERVATION PROTOCOL
229,S100002,00430,00100,OFF HOURS STAT FEE
229,S100002,00431,00100,RBC ANTIBODY ID
229,S100002,00432,00100,RBC ANTIBODY SCREENING
229,S100002,00433,00100,RENAL ABSORB FLOW PRA I
229,S100002,00434,00100,RENAL ABSORB FLOW PRA II
229,S100002,00435,00100,RH TYPE
229,S100002,00436,00100,SAMPLE HANDLING CHARGES
229,S100002,00437,00100,VIRTUAL CROSSMATCH PREDICTIVE ALGORI
229,S100003,00100,00100,MEDICAL DIRECTOR
229,S100003,00100,00300,MEDICAL DIRECTOR
229,S100003,00100,00500,LAB DIRECTOR
229,S100003,00101,00100,EXEC. DIRECTOR
229,S100003,00101,00300,PROCUREMENT COORDINATOR
229,S100003,00101,00500,TECHNICIANS
229,S100003,00102,00100,CLERICAL
229,S100003,00102,00300,PRESERVATION TECHNICIANS
229,S100003,00102,00500,TISSUE TYPING TECH.
229,S100003,00103,00100,OTHER
229,S100003,00103,00300,OTHER
229,S100003,00103,00500,OTHER
229,S200000,00100,00100,N
229,S200000,00200,00100,N
229,S200000,00300,00100,Y
229,S200000,00400,00100,Y
229,S200000,00400,00200,A
229,S200000,00500,00100,Y
229,S200000,00600,00300,DIRECTOR OF FINANCE
229,S200000,00700,00100,NJ SHARING NETWORK
230,A000000,00100,00000,0100CAPITAL COSTS-BLDG & FIXT
230,A000000,00200,00000,0200CAPITAL COSTS-MVBLE EQUIPMENT
230,A000000,00300,00000,0300EMPLOYEE BENEFITS
230,A000000,00400,00000,0400ADMINISTRATIVE & GENERAL
230,A000000,00500,00000,0500OPERATION AND MAINTENANCE OF PLANT
230,A000000,00600,00000,0600HOUSEKEEPING
230,A000000,00700,00000,0700MEDICAL SUPPLIES
230,A000000,00800,00000,0800OTHER OVERHEAD
230,A000000,00900,00000,0900PROCUREMENT COORDINATORS
230,A000000,01000,00000,1000PROFESSIONAL EDUCATION
230,A000000,01100,00000,1100PUBLIC EDUCATION
230,A000000,01300,00000,1300KIDNEY ACQUISITIONS
230,A000000,01400,00000,1400TISSUE TYPING LABORATORY
230,A000000,01500,00000,1500LIVER ACQUISITIONS
230,A000000,01600,00000,1600HEART ACQUISITIONS
230,A000000,01700,00000,1700PANCREAS ACQUISITIONS
230,A000000,01800,00000,1800LUNG ACQUISITIONS
230,A000000,01900,00000,1900OTHER 1            (WKST A2 6 L 23
230,A000000,02100,00000,2100RESEARCH
230,A000000,02200,00000,2200BLOOD BANK
230,A000000,02300,00000,2300LABORATORY-NON-TISSUE TYPING
230,A000000,02400,00000,2400DIALYSIS UNITS
230,A100000,01700,00000,OTHER ADMIN & GENERAL
230,A20H000,00900,00000,OTHER EXCISION HOSPITAL-OTHER COSTS
230,A20H000,02100,00000,OTHER ACQUISITION COSTS-OTHER COSTS
230,A20K000,00900,00000,OTHER EXCISION HOSPITAL OTHER COSTS
230,A20K000,02100,00000,OTHER ACQUISITION COSTS-OTHER COSTS
230,A20L000,00900,00000,OTHER EXCISION HOSPITAL -OTHER COSTS
230,A20L000,02100,00000,OTHER ACQUISITION COSTS-OTHER COSTS
230,A20O000,02100,00000,OTHER ACQUISITION COSTS-OTHER COSTS
230,A20P000,00900,00000,OTHER EXCISION HOSPITAL OTHER COSTS
230,A20P000,02100,00000,OTHER ACQUISTION COSTS-OTHER COSTS
230,A20U000,00900,00000,OTHER EXCISION HOSPITALOTHER COSTS
230,A20U000,02100,00000,OTHER ACQUISITION COSTS-OTHER COSTS
230,A51000A,00100,00100,Y
230,A51000B,00100,00200,ADMINISTRATIVE & GENERAL
230,A51000C,00100,00100,B
230,A51000C,00100,00200,LIFELINK OF PUERTO RICO
230,A51000C,00100,00400,LIFELINK FOUNDATION
230,A51000C,00100,00600,ORGAN PROCUREMENT
230,A60000C,00500,00100,N
230,B10000*,00100,00200,CAP BLDG
230,B10000*,00100,00300,CAP COSTS
230,B10000*,00100,00400,EMPLOYEE
230,B10000*,00100,00500,MEDICAL
230,B10000*,00100,00800,ORGAN
230,B10000*,00100,01000,ADMIN &
230,B10000*,00200,00200,OP PLANT &
230,B10000*,00200,00300,MOVABLE
230,B10000*,00200,00400,BENEFITS
230,B10000*,00200,00500,SUPPLIES
230,B10000*,00200,00800,ACQUISITN
230,B10000*,00200,01000,GENERAL
230,B10000*,00300,00200,HOUSEKEEP
230,B10000*,00300,00300,EQUIPMENT
230,B10000*,00300,00800,COSTS
230,B10000*,00400,00200,SQUARE SQ.
230,B10000*,00400,00300,DOLLAR
230,B10000*,00400,00400,ADJUST
230,B10000*,00400,00500,COSTED REQ
230,B10000*,00400,00800,NO. OF ORG
230,B10000*,00400,01000,ACCUM
230,B10000*,00500,00200,FT.)
230,B10000*,00500,00300,VALUE
230,B10000*,00500,00400,SALARIES
230,B10000*,00500,00500,UIS
230,B10000*,00500,00800,ANS
230,B10000*,00500,01000,COSTS
230,B10000*,00600,00200,1
230,B10000*,00600,00300,2
230,B10000*,00600,00400,3
230,B10000*,00600,00500,3
230,B10000*,00600,00800,3
230,B10000*,00600,01000,3
230,B100000,00000,01000,X
230,E000000,00900,00000,OTHER CURRENT ASSETS
230,E000000,02600,00000,OTHER FIXED ASSETS
230,E100002,00300,00000,HOME OFFICE
230,E200000,01500,00000,OUT OF SERVICE AREA FEES
230,E200000,01600,00000,MEDICARE RECIEVABLE
230,E200000,02600,00000,NON-ALLOWABLE EXPENSES
230,E200000,02700,00000,MEDICARE PAYABLE
230,S000000,00100,00100,X
230,S000000,00400,00100,2
230,S000000,00500,00100,11/25/2020
230,S000000,00600,00100,10001
230,S000000,00700,00100,N
230,S000000,00800,00100,N
230,S000000,00900,00100,02/10/2022
230,S000000,01000,00100,4
230,S000001,00100,00100,LIFELINK OF PUERTO RICO
230,S000001,00100,00200,40P002
230,S000001,00101,00100,METRO OFFICE PARK 1 CALLE1  STE 100
230,S000001,00102,00100,GUAYNABO
230,S000001,00102,00200,PR
230,S000001,00102,00300,00968
230,S000001,00300,00100,07/01/2019
230,S000001,00300,00200,06/30/2020
230,S000001,00400,00100,8
230,S000001,00400,00300,1
230,S000001,00400,00400,10/01/1999
230,S000001,00401,00300,1
230,S000002,00100,00200,Y
230,S000002,00300,00100,CFO/SR VP
230,S000002,00400,00100,11/23/2020
230,S100001,00700,00100,N
230,S100001,00810,00000,INTESTINE
230,S100003,00100,00100,MEDICAL DIRECTOR
230,S100003,00100,00300,MEDICAL DIRECTOR
230,S100003,00100,00500,LAB DIRECTOR
230,S100003,00101,00100,EXEC. DIRECTOR
230,S100003,00101,00300,PROCUREMENT COORDINATOR
230,S100003,00101,00500,TECHNICIANS
230,S100003,00102,00100,CLERICAL
230,S100003,00102,00300,PRESERVATION TECHNICIANS
230,S100003,00102,00500,TISSUE TYPING TECH.
230,S100003,00103,00100,OTHER
230,S100003,00103,00300,OTHER
230,S100003,00103,00500,OTHER
230,S200000,00100,00100,N
230,S200000,00200,00100,N
230,S200000,00300,00100,Y
230,S200000,00400,00100,Y
230,S200000,00400,00200,A
230,S200000,00500,00100,Y
230,S200000,00600,00300,SR VP/CFO
230,S200000,00700,00100,LIFELINK FOUNDATION
232,A000000,00100,00000,0100CAPITAL COSTS-BLDG & FIXT
232,A000000,00200,00000,0200CAPITAL COSTS-MVBLE EQUIPMENT
232,A000000,00300,00000,0300EMPLOYEE BENEFITS
232,A000000,00400,00000,0400ADMINISTRATIVE & GENERAL
232,A000000,00500,00000,0500OPERATION AND MAINTENANCE OF PLANT
232,A000000,00600,00000,0600HOUSEKEEPING
232,A000000,00700,00000,0700MEDICAL SUPPLIES
232,A000000,00800,00000,0800OTHER OVERHEAD
232,A000000,00900,00000,0900PROCUREMENT COORDINATORS
232,A000000,01000,00000,1000PROFESSIONAL EDUCATION
232,A000000,01100,00000,1100PUBLIC EDUCATION
232,A000000,01200,00000,1200OTHER ACQUISITION
232,A000000,01300,00000,1300KIDNEY ACQUISITIONS
232,A000000,01400,00000,1400TISSUE TYPING LABORATORY
232,A000000,01500,00000,1500LIVER ACQUISITIONS
232,A000000,01600,00000,1600HEART ACQUISITIONS
232,A000000,01700,00000,1700PANCREAS ACQUISITIONS
232,A000000,01800,00000,1800LUNG ACQUISITIONS
232,A000000,01900,00000,1900OTHER ACQUISITIONS
232,A000000,02100,00000,2100RESEARCH
232,A000000,02200,00000,2200BLOOD BANK
232,A000000,02300,00000,2300LABORATORY-NON-TISSUE TYPING
232,A000000,02400,00000,2400DIALYSIS UNITS
232,A000000,02500,00000,2500OTHER NON-REIMBURSABLE
232,A100000,01700,00000,REPAIRS & MAINTENANCE
232,A100000,01800,00000,VEHICLES
232,A100000,01900,00000,DEVELOPMENT
232,A100000,01901,00000,FUNDRAISING
232,A100000,01902,00000,SERVICE CHARGES
232,A100000,01903,00000,PROECESS IMPROVEMENT
232,A100000,01904,00000,CENTRAL OFFICE
232,A100000,01905,00000,PROFESSIONAL SERVICES
232,A100000,01906,00000,ADMINISTRATION
232,A100000,01908,00000,OTHER
232,A300000,00600,00000,SUPPLIES
232,A300000,00700,00000,CELL PHONE
232,A300000,00800,00000,PURCHASED SERVICES
232,A300000,00900,00000,DUES/SUBSCRIPTIONS
232,A300000,01000,00000,TRAVEL/MEETINGS
232,A300000,01001,00000,LICENSES/TAXES
232,A300000,01002,00000,OTHER EXPENSES
232,A500010,00700,00100,B
232,A500010,00700,00300,ADMINISTRATIVE & GENERAL
232,A500010,01300,00100,A
232,A500010,01300,00300,CAPITAL COSTS-BLDG & FIXT
232,A500010,01500,00000,MISCELLANEOUS INCOME
232,A500010,01500,00100,B
232,A500010,01500,00300,ADMINISTRATIVE & GENERAL
232,A51000A,00100,00100,Y
232,A51000B,00100,00200,TISSUE TYPING LABORATORY
232,A51000B,00100,00300,HOME OFFICE
232,A51000C,00100,00100,B
232,A51000C,00100,00400,VITALANT
232,A51000C,00100,00600,NON-PROFIT CORPORATION
232,A60000A,00700,00000,LEASEHOLD IMPROVEMENTS
232,A60000B,00800,00000,OTHER
232,A60000C,00500,00100,N
232,B10000*,00100,00200,CAP BLDG
232,B10000*,00100,00300,CAP COSTS
232,B10000*,00100,00400,EMPLOYEE
232,B10000*,00100,00500,MEDICAL
232,B10000*,00100,00800,ORGAN
232,B10000*,00100,01000,ADMIN &
232,B10000*,00200,00200,OP PLANT &
232,B10000*,00200,00300,MOVABLE
232,B10000*,00200,00400,BENEFITS
232,B10000*,00200,00500,SUPPLIES
232,B10000*,00200,00800,ACQUISITN
232,B10000*,00200,01000,GENERAL
232,B10000*,00300,00200,HOUSEKEEP
232,B10000*,00300,00300,EQUIPMENT
232,B10000*,00300,00800,COSTS
232,B10000*,00400,00200,SQUARE
232,B10000*,00400,00300,DOLLAR
232,B10000*,00400,00400,ADJUST
232,B10000*,00400,00500,COSTED
232,B10000*,00400,00800,NUMBER
232,B10000*,00400,01000,ACCUM
232,B10000*,00500,00200,FEET
232,B10000*,00500,00300,VALUE
232,B10000*,00500,00400,SALARIES
232,B10000*,00500,00500,REQUISIT
232,B10000*,00500,00800,ORGANS
232,B10000*,00500,01000,COSTS
232,B10000*,00600,00200,1
232,B10000*,00600,00300,2
232,B10000*,00600,00400,3
232,B10000*,00600,00500,3
232,B10000*,00600,00800,3
232,B10000*,00600,01000,3
232,B100000,00000,01000,X
232,E000000,00900,00000,RESTRICTED CASH
232,E000000,02600,00000,PROPERTY & EQUIPMENT - NET
232,E000000,03100,00000,OTHER
232,E000000,03900,00000,RETIREMENT PLAN LIABILITY
232,E000000,04100,00000,OTHER CURRENT ACCRUED EXPENSES
232,E000000,04600,00000,OTHER LONG TERM LIABILITIES
232,E000000,04700,00000,ACCRUED PENSION & DEFERRED COMPENSAT
232,E000000,04800,00000,ACCRUED POST RETIREMENT HEALTH BENEF
232,E100001,00700,00000,NMDP
232,E200000,01500,00000,MISCELLANEOUS
232,E200000,01600,00000,INTEREST INCOME
232,S000000,00100,00100,X
232,S000000,00400,00100,2
232,S000000,00500,00100,09/25/2020
232,S000000,00600,00100,10001
232,S000000,00700,00100,N
232,S000000,00800,00100,N
232,S000000,00900,00100,02/14/2022
232,S000000,01000,00100,4
232,S000001,00100,00100,VITALANT
232,S000001,00100,00200,05HL04
232,S000001,00101,00100,10536 PETER A MCCUEN BLVD
232,S000001,00102,00100,MATHER
232,S000001,00102,00200,CA
232,S000001,00102,00300,95655
232,S000001,00300,00100,01/01/2019
232,S000001,00300,00200,12/31/2019
232,S000001,00400,00100,2
232,S000001,00400,00300,2
232,S000001,00400,00400,01/01/1986
232,S000001,00401,00300,1
232,S100001,00700,00100,N
232,S100001,00810,00000,OTHER
232,S100002,00400,00100,AB LS CLASS I
232,S100002,00401,00100,AB LS CLASS II
232,S100002,00402,00100,AB SCN CLASS I ONLY
232,S100002,00403,00100,AB SCN CLASS II ONLY
232,S100002,00404,00100,AB SCN I+II
232,S100002,00405,00100,ADS TREATMENT
232,S100002,00406,00100,BUCCAL SWAB EXTRACTION
232,S100002,00407,00100,FXM-AUTO
232,S100002,00408,00100,FXM-CAD FINAL
232,S100002,00409,00100,FXM-CAD FINAL
232,S100002,00410,00100,FXM-HPRA
232,S100002,00411,00100,FXM-LD
232,S100002,00412,00100,FXM-LD FINAL
232,S100002,00413,00100,PRE CAD TESTING FEE
232,S100002,00414,00100,HIGHRESOLUTIONDNAHLAA
232,S100002,00415,00100,HIRES HLA-B
232,S100002,00416,00100,HIRES HLA-C
232,S100002,00417,00100,HIRES HLA-DR
232,S100002,00418,00100,HIRES HLA-DQ
232,S100002,00419,00100,HIRES HLA-DP
232,S100002,00420,00100,DTT TREATMENT
232,S100002,00421,00100,RT-PCR CLASS I
232,S100002,00422,00100,RT-PCR CLASS II
232,S100002,00423,00100,RT-PCR COMB
232,S100002,00424,00100,RT-PCR STAT TRAY
232,S100002,00425,00100,SERUMPROCESSING
232,S100002,00426,00100,SERUM PROCESSING
232,S100002,00430,00100,SMF COURIER
232,S100002,00431,00100,SO 1ST KIT
232,S100002,00432,00100,SO 2ND CLOT
232,S100002,00433,00100,SO ADDITIONAL ACD
232,S100002,00434,00100,SO DONOR
232,S100002,00435,00100,SO DONOR ACD
232,S100002,00436,00100,SO DONOR SWABS
232,S100002,00437,00100,SO REACTIVATION CLOT
232,S100002,00438,00100,SO UNACCEPTABLE CLOT
232,S100002,00439,00100,VXM
232,S100003,00100,00100,MEDICAL DIRECTOR
232,S100003,00100,00300,MEDICAL DIRECTOR
232,S100003,00100,00500,LAB DIRECTOR
232,S100003,00101,00100,EXEC. DIRECTOR
232,S100003,00101,00300,PROCUREMENT COORDINATOR
232,S100003,00101,00500,TECHNICIANS
232,S100003,00102,00100,CLERICAL
232,S100003,00102,00300,PRESERVATION TECHNICIANS
232,S100003,00102,00500,TISSUE TYPING TECH.
232,S100003,00103,00100,OTHER
232,S100003,00103,00300,OTHER
232,S100003,00103,00500,OTHER
232,S200000,00100,00100,N
232,S200000,00200,00100,N
232,S200000,00300,00100,Y
232,S200000,00400,00100,Y
232,S200000,00400,00200,A
232,S200000,00500,00100,Y
233,A000000,00100,00000,0100CAPITAL COSTS-BLDG & FIXT
233,A000000,00200,00000,0200CAPITAL COSTS-MVBLE EQUIPMENT
233,A000000,00300,00000,0300EMPLOYEE BENEFITS
233,A000000,00400,00000,0400ADMINISTRATIVE & GENERAL
233,A000000,00500,00000,0500OPERATION AND MAINTENANCE OF PLANT
233,A000000,00600,00000,0600HOUSEKEEPING
233,A000000,00700,00000,0700MEDICAL SUPPLIES
233,A000000,00800,00000,0800OTHER OVERHEAD
233,A000000,00900,00000,0900PROCUREMENT COORDINATORS
233,A000000,01000,00000,1000PROFESSIONAL EDUCATION
233,A000000,01100,00000,1100PUBLIC EDUCATION
233,A000000,01200,00000,1200OTHER ACQUISITION
233,A000000,01300,00000,1300KIDNEY ACQUISITIONS
233,A000000,01400,00000,1400TISSUE TYPING LABORATORY
233,A000000,01500,00000,1500LIVER ACQUISITIONS
233,A000000,01600,00000,1600HEART ACQUISITIONS
233,A000000,01700,00000,1700PANCREAS ACQUISITIONS
233,A000000,01800,00000,1800LUNG ACQUISITIONS
233,A000000,01900,00000,1900OTHER ACQUISITIONS
233,A000000,02100,00000,2100RESEARCH
233,A000000,02200,00000,2200BLOOD BANK
233,A000000,02300,00000,2300LABORATORY-NON-TISSUE TYPING
233,A000000,02400,00000,2400DIALYSIS UNITS
233,A000000,02500,00000,2500OTHER NON-REIMBURSABLE
233,A100000,01700,00000,DEPRECIATION
233,A100000,01800,00000,FACILITY OVERHEAD
233,A300000,00600,00000,MAINTENANCE AND OPERATION
233,A51000A,00100,00100,N
233,A60000C,00500,00100,N
233,B10000*,00100,00200,CAP BLDG
233,B10000*,00100,00300,CAP COSTS
233,B10000*,00100,00400,EMPLOYEE
233,B10000*,00100,00500,MEDICAL
233,B10000*,00100,00800,ORGAN
233,B10000*,00100,01000,ADMIN &
233,B10000*,00200,00200,OP PLANT &
233,B10000*,00200,00300,MOVABLE
233,B10000*,00200,00400,BENEFITS
233,B10000*,00200,00500,SUPPLIES
233,B10000*,00200,00800,ACQUISITN
233,B10000*,00200,01000,GENERAL
233,B10000*,00300,00200,HOUSEKEEP
233,B10000*,00300,00300,EQUIPMENT
233,B10000*,00300,00800,COSTS
233,B10000*,00400,00200,SQUARE
233,B10000*,00400,00300,DOLLAR
233,B10000*,00400,00400,ADJUST
233,B10000*,00400,00500,COSTED
233,B10000*,00400,00800,NUMBER
233,B10000*,00400,01000,ACCUM
233,B10000*,00500,00200,FEET
233,B10000*,00500,00300,VALUE
233,B10000*,00500,00400,SALARIES
233,B10000*,00500,00500,REQUISIT
233,B10000*,00500,00800,ORGANS
233,B10000*,00500,01000,COSTS
233,B10000*,00600,00200,1
233,B10000*,00600,00300,2
233,B10000*,00600,00400,3
233,B10000*,00600,00500,3
233,B10000*,00600,00800,3
233,B10000*,00600,01000,3
233,B100000,00000,01000,X
233,S000000,00100,00100,X
233,S000000,00400,00100,2
233,S000000,00500,00100,11/30/2020
233,S000000,00600,00100,10001
233,S000000,00700,00100,N
233,S000000,00800,00100,N
233,S000000,00900,00100,02/14/2022
233,S000000,01000,00100,4
233,S000001,00100,00100,BCM EVALUATION LAB
233,S000001,00100,00200,45HL13
233,S000001,00101,00100,ONE BAYLOR PLAZA  MS BCM504
233,S000001,00102,00100,HOUSTON
233,S000001,00102,00200,TX
233,S000001,00102,00300,77030
233,S000001,00300,00100,07/01/2019
233,S000001,00300,00200,06/30/2020
233,S000001,00400,00100,2
233,S000001,00400,00300,2
233,S000001,00400,00400,11/30/2011
233,S000001,00401,00300,1
233,S000002,00300,00100,ASST. PROFESSOR AND LAB DIRECTOR
233,S100001,00700,00100,N
233,S100001,00810,00000,OTHER
233,S100002,00400,00100,SEE ATTACHED LIST
233,S100003,00100,00100,MEDICAL DIRECTOR
233,S100003,00100,00300,MEDICAL DIRECTOR
233,S100003,00100,00500,LAB DIRECTOR
233,S100003,00101,00100,EXEC. DIRECTOR
233,S100003,00101,00300,PROCUREMENT COORDINATOR
233,S100003,00101,00500,TECHNICIANS
233,S100003,00102,00100,CLERICAL
233,S100003,00102,00300,PRESERVATION TECHNICIANS
233,S100003,00102,00500,TISSUE TYPING TECH.
233,S100003,00103,00100,OTHER
233,S100003,00103,00300,OTHER
233,S100003,00103,00500,OTHER
233,S200000,00100,00100,N
233,S200000,00200,00100,N
233,S200000,00300,00100,N
233,S200000,00400,00100,N
233,S200000,00500,00100,Y
233,S200000,00600,00300,ASST PROFESSOR AND LAB DIRECTOR
233,S200000,00700,00100,BAYLOR COLLEGE OF MEDICINE
234,A000000,00100,00000,0100CAPITAL COSTS-BLDG & FIXT
234,A000000,00200,00000,0200CAPITAL COSTS-MVBLE EQUIPMENT
234,A000000,00300,00000,0300EMPLOYEE BENEFITS
234,A000000,00400,00000,0400ADMINISTRATIVE & GENERAL
234,A000000,00500,00000,0500OPERATION AND MAINTENANCE OF PLANT
234,A000000,00600,00000,0600HOUSEKEEPING
234,A000000,00700,00000,0700MEDICAL SUPPLIES
234,A000000,00800,00000,0800OTHER OVERHEAD
234,A000000,00900,00000,0900PROCUREMENT COORDINATORS
234,A000000,01000,00000,1000PROFESSIONAL EDUCATION
234,A000000,01100,00000,1100PUBLIC EDUCATION
234,A000000,01200,00000,1200OTHER ACQUISITION
234,A000000,01300,00000,1300KIDNEY ACQUISITIONS
234,A000000,01400,00000,1400TISSUE TYPING LABORATORY
234,A000000,01500,00000,1500LIVER ACQUISITIONS
234,A000000,01600,00000,1600HEART ACQUISITIONS
234,A000000,01700,00000,1700PANCREAS ACQUISITIONS
234,A000000,01800,00000,1800LUNG ACQUISITIONS
234,A000000,01900,00000,1900OTHER ACQUISITIONS
234,A000000,02100,00000,2100RESEARCH
234,A000000,02200,00000,2200BLOOD BANK
234,A000000,02300,00000,2300LABORATORY-NON-TISSUE TYPING
234,A000000,02400,00000,2400DIALYSIS UNITS
234,A000000,02500,00000,2500OTHER NON-REIMBURSABLE
234,A100000,01700,00000,CFO  FINANCE & ADMIN SERVICES
234,A100000,01800,00000,HUMAN RESOURCES
234,A100000,01900,00000,QUALITY ASSURANCE/REGULATORY AFFAIRS
234,A100000,01901,00000,SAFETY & SURVEILLANCE
234,A100000,01902,00000,COMMUNICATIONS/MARKETING
234,A100000,01903,00000,TRANSPORTATION
234,A100000,01904,00000,MATERIALS MANAGEMENT
234,A100000,01905,00000,CUSTOMER ENGAGEMENT
234,A100000,01906,00000,PROCESS & PROJECT MANAGEMENT
234,A100000,01907,00000,MEDICAL EDUCATION PROGRAM
234,A100000,01908,00000,COO OFFICE
234,A100000,01909,00000,MEDICAL DIRECTORS OFFICE
234,A100000,01910,00000,TRUSTEE RELATIONS
234,A300000,00600,00000,CLERICAL
234,A300000,00700,00000,FREIGHT & POSTAGE
234,A300000,00800,00000,DRUGS & SUPPLIES
234,A300000,00900,00000,TRAVEL & TRAINING
234,A300000,01000,00000,MINOR OFFICE & MEDICAL EQUIPMENT
234,A300000,01001,00000,OTHER
234,A300000,01002,00000,FURNITURE & FIXTURES DEPRECIATION
234,A300000,01003,00000,MEDICAL EQUIPMENT DEPRECIATION
234,A300000,01004,00000,TELEPHONE
234,A300000,01005,00000,DUES/PERMITS/LICENSES/PUBLICATIONS
234,A300000,01006,00000,LAUNDRY & JANITORIAL SUPPLIES
234,A300000,01007,00000,PRINTING EXPENSE
234,A400010,00100,00000,RECLASSIFICATIONS
234,A400010,00100,00100,A
234,A400010,00100,00200,CAPITAL COSTS-BLDG & FIXT
234,A400010,00100,00500,OPERATION AND MAINTENANCE OF PLANT
234,A400010,00200,00000,RECLASSIFICATIONS
234,A400010,00200,00100,A
234,A400010,00200,00200,CAPITAL COSTS-BLDG & FIXT
234,A400010,00200,00500,ADMINISTRATIVE & GENERAL
234,A400010,00300,00000,RECLASSIFICATIONS
234,A400010,00300,00100,A
234,A400010,00300,00200,TISSUE TYPING LABORATORY
234,A400010,00300,00500,OPERATION AND MAINTENANCE OF PLANT
234,A400010,00400,00000,RECLASSIFICATIONS
234,A400010,00400,00100,A
234,A400010,00400,00200,CAPITAL COSTS-BLDG & FIXT
234,A400010,00400,00500,OPERATION AND MAINTENANCE OF PLANT
234,A400010,00500,00000,RECLASSIFICATIONS
234,A400010,00500,00100,A
234,A400010,00500,00200,CAPITAL COSTS-BLDG & FIXT
234,A400010,00500,00500,BLOOD BANK
234,A400010,00600,00000,RECLASSIFICATIONS
234,A400010,00600,00100,A
234,A400010,00600,00200,CAPITAL COSTS-MVBLE EQUIPMENT
234,A400010,00600,00500,ADMINISTRATIVE & GENERAL
234,A400010,00700,00000,RECLASSIFICATIONS
234,A400010,00700,00100,A
234,A400010,00700,00200,CAPITAL COSTS-MVBLE EQUIPMENT
234,A400010,00700,00500,OPERATION AND MAINTENANCE OF PLANT
234,A400010,00800,00000,RECLASSIFICATIONS
234,A400010,00800,00100,A
234,A400010,00800,00200,CAPITAL COSTS-MVBLE EQUIPMENT
234,A400010,00800,00500,ADMINISTRATIVE & GENERAL
234,A400010,00900,00000,RECLASSIFICATIONS
234,A400010,00900,00100,A
234,A400010,00900,00200,TISSUE TYPING LABORATORY
234,A400010,00900,00500,BLOOD BANK
234,A400010,01000,00000,RECLASSIFICATIONS
234,A400010,01000,00100,A
234,A400010,01000,00200,CAPITAL COSTS-BLDG & FIXT
234,A400010,01000,00500,OPERATION AND MAINTENANCE OF PLANT
234,A500010,00700,00100,B
234,A500010,00700,00300,OPERATION AND MAINTENANCE OF PLANT
234,A500010,00900,00100,A
234,A500010,00900,00300,ADMINISTRATIVE & GENERAL
234,A500010,01000,00100,B
234,A500010,01200,00100,B
234,A500010,01200,00300,ADMINISTRATIVE & GENERAL
234,A500010,01500,00000,BAD DEBT BLOOD BANK
234,A500010,01500,00100,A
234,A500010,01500,00300,BLOOD BANK
234,A500010,01600,00000,EMPLOYEE PARKING RECEIPTS
234,A500010,01600,00100,B
234,A500010,01600,00300,OPERATION AND MAINTENANCE OF PLANT
234,A500010,01601,00000,UNREALIZED GAIN ON INT RATE SWAP
234,A500010,01601,00100,A
234,A500010,01601,00300,ADMINISTRATIVE & GENERAL
234,A500010,01602,00000,DELIVERY INCOME
234,A500010,01602,00100,B
234,A500010,01602,00300,BLOOD BANK
234,A500010,01604,00000,INCOME TO OFFSET ADMIN & GEN EXPENSE
234,A500010,01604,00100,B
234,A500010,01604,00300,ADMINISTRATIVE & GENERAL
234,A500010,01605,00000,INTEREST RATE SWAP INTEREST
234,A500010,01605,00100,A
234,A500010,01605,00300,ADMINISTRATIVE & GENERAL
234,A51000A,00100,00100,N
234,A60000A,00700,00000,LEASEHOLD IMPROVEMENTS
234,A60000A,00701,00000,WORK IN PROGRESS
234,A60000A,00702,00000,BUILDING IMPROVEMENTS
234,A60000A,00703,00000,COMPUTER HARDWARE
234,A60000A,00704,00000,COMPUTER SOFTWARE
234,A60000B,00800,00000,LEASEHOLD IMPROVEMENTS
234,A60000B,00801,00000,COMPUTER HARDWARE
234,A60000B,00802,00000,COMPUTER SOFTWARE
234,A60000C,00500,00100,N
234,B10000*,00100,00200,CAP BLDG
234,B10000*,00100,00300,CAP COSTS
234,B10000*,00100,00400,EMPLOYEE
234,B10000*,00100,00500,MEDICAL
234,B10000*,00100,00800,ORGAN
234,B10000*,00100,01000,ADMIN &
234,B10000*,00200,00200,OP PLANT &
234,B10000*,00200,00300,MOVABLE
234,B10000*,00200,00400,BENEFITS
234,B10000*,00200,00500,SUPPLIES
234,B10000*,00200,00800,ACQUISITN
234,B10000*,00200,01000,GENERAL
234,B10000*,00300,00200,HOUSEKEEP
234,B10000*,00300,00300,EQUIPMENT
234,B10000*,00300,00800,COSTS
234,B10000*,00400,00200,SQUARE
234,B10000*,00400,00300,DOLLAR
234,B10000*,00400,00400,ADJUST
234,B10000*,00400,00500,COSTED
234,B10000*,00400,00800,NUMBER
234,B10000*,00400,01000,ACCUM
234,B10000*,00500,00200,FEET
234,B10000*,00500,00300,VALUE
234,B10000*,00500,00400,SALARIES
234,B10000*,00500,00500,REQUISIT
234,B10000*,00500,00800,ORGANS
234,B10000*,00500,01000,COSTS
234,B10000*,00600,00200,1
234,B10000*,00600,00300,2
234,B10000*,00600,00400,3
234,B10000*,00600,00500,3
234,B10000*,00600,00800,3
234,B10000*,00600,01000,3
234,B100000,00000,01000,X
234,E000000,00900,00000,DEPOSITS AND PREPAID EXPENSES
234,E000000,02600,00000,COMPUTER HARDWARE/SOFTWARE AND WIP
234,E000000,03100,00000,OTHER LONG-TERM ASSETS
234,E000000,03900,00000,OTHER CURRENT LIABILITIES
234,E000000,04600,00000,BONDS PAYABLE
234,E000000,04700,00000,OTHER LONG-TERM LIABILITIES
234,E000000,04800,00000,DEFERRED RENT LIABILITY
234,E100001,00700,00000,GRANTS AND CONTRACTS
234,E200000,02000,00000,OTHER INCOME
234,E200000,02600,00000,DISCONTINUED 340B PROGRAM
234,S000000,00100,00100,X
234,S000000,00400,00100,2
234,S000000,00500,00100,11/30/2020
234,S000000,00600,00100,10001
234,S000000,00700,00100,N
234,S000000,00800,00100,N
234,S000000,00900,00100,02/14/2022
234,S000000,01000,00100,4
234,S000001,00100,00100,BLOODWORKS
234,S000001,00100,00200,50HL01
234,S000001,00101,00100,921 TERRY AVENUE
234,S000001,00102,00100,SEATTLE
234,S000001,00102,00200,WA
234,S000001,00102,00300,98104
234,S000001,00300,00100,07/01/2019
234,S000001,00300,00200,06/30/2020
234,S000001,00400,00100,6
234,S000001,00400,00300,2
234,S000001,00400,00400,01/01/1997
234,S000001,00401,00300,1
234,S000002,00100,00200,Y
234,S000002,00300,00100,CHIEF FINANCIAL OFFICER
234,S000002,00400,00100,11/23/2020
234,S100001,00700,00100,N
234,S100001,00810,00000,OTHER
234,S100002,00400,00100,DECEASED DONOR WORKUP-LOCAL
234,S100002,00401,00100,DECEASED DONOR WORKUP-IMPORT
234,S100002,00402,00100,HLA ANTIBODY DETECTION
234,S100002,00403,00100,HLA ANTIBODY SPECIFICITY
234,S100002,00404,00100,COMPLEMENT-FIXING HLA ANITBODY SPECI
234,S100002,00405,00100,HLA CLASS I (A B) TYPING
234,S100002,00406,00100,HLA CLASS I &II (A B C DR DQ) TYPING
234,S100002,00407,00100,SPECIMEN PROCESSING (SERUM)
234,S100002,00408,00100,SPECIMEN PROCESSING (CELLS)
234,S100002,00409,00100,LYMPHOCYTE CROSSMATCH
234,S100002,00410,00100,LYMPHOCYTE CROSSMATCH STAT
234,S100002,00411,00100,HIGH-RESOLUTION TYPING  HLA-DPB1
234,S100002,00412,00100,HIGH-RESOLUTION TYPING  HLA-DQA1
234,S100003,00100,00100,MEDICAL DIRECTOR
234,S100003,00100,00300,MEDICAL DIRECTOR
234,S100003,00100,00500,LAB DIRECTOR
234,S100003,00101,00100,EXEC. DIRECTOR
234,S100003,00101,00300,PROCUREMENT COORDINATOR
234,S100003,00101,00500,TECHNICIANS
234,S100003,00102,00100,CLERICAL
234,S100003,00102,00300,PRESERVATION TECHNICIANS
234,S100003,00102,00500,TISSUE TYPING TECH.
234,S100003,00103,00100,OTHER
234,S100003,00103,00300,OTHER
234,S100003,00103,00500,OTHER
234,S200000,00100,00100,N
234,S200000,00200,00100,N
234,S200000,00300,00100,N
234,S200000,00400,00100,Y
234,S200000,00400,00200,A
234,S200000,00500,00100,Y
234,S200000,00600,00300,REPORTING & TAX COMPLIANCE
234,S200000,00700,00100,BLOODWORKS NORTHWEST
235,A000000,00100,00000,0100CAPITAL COSTS-BLDG & FIXT
235,A000000,00200,00000,0200CAPITAL COSTS-MVBLE EQUIPMENT
235,A000000,00300,00000,0300EMPLOYEE BENEFITS
235,A000000,00400,00000,0400ADMINISTRATIVE & GENERAL
235,A000000,00500,00000,0500OPERATION AND MAINTENANCE OF PLANT
235,A000000,00600,00000,0600HOUSEKEEPING
235,A000000,00700,00000,0700MEDICAL SUPPLIES
235,A000000,00800,00000,0800OTHER OVERHEAD
235,A000000,00900,00000,0900PROCUREMENT COORDINATORS
235,A000000,01000,00000,1000PROFESSIONAL EDUCATION
235,A000000,01100,00000,1100PUBLIC EDUCATION
235,A000000,01200,00000,1200CALL CENTER
235,A000000,01300,00000,1300KIDNEY ACQUISITIONS
235,A000000,01400,00000,1400TISSUE TYPING LABORATORY
235,A000000,01500,00000,1500LIVER ACQUISITIONS
235,A000000,01600,00000,1600HEART ACQUISITIONS
235,A000000,01700,00000,1700PANCREAS ACQUISITIONS
235,A000000,01800,00000,1800LUNG ACQUISITIONS
235,A000000,01900,00000,1900INTESTINE          (WKST A2 6 L 23
235,A000000,02100,00000,2100RESEARCH
235,A000000,02200,00000,2200BLOOD BANK
235,A000000,02300,00000,2300LABORATORY-NON-TISSUE TYPING
235,A000000,02400,00000,2400DIALYSIS UNITS
235,A000000,02500,00000,2500TISSUE
235,A100000,01700,00000,MEMBERSHIP DUES
235,A100000,01800,00000,MISCELLANEOUS ADMINISTRATIVE
235,A100000,01900,00000,PENSION CONTRIBUTIONS
235,A20H000,00900,00000,ACCRUED EXPENSES
235,A20K000,00900,00000,ACCRUED EXPENSES
235,A20L000,00900,00000,ACCRUED EXPENSES
235,A20O000,00900,00000,ACCRUED EXPENSES
235,A20O000,02100,00000,TISSUE INDIRECT COST
235,A20O000,02101,00000,TISSUE ADMINISTRATIVE & GENERAL
235,A20O000,02102,00000,OTHER TISSUE ACQ. COSTS-PURCH BONE
235,A20P000,00900,00000,ACCRUED EXPENSES
235,A20U000,00900,00000,ACCRUED EXPENSES
235,A400010,00100,00000,RE-ALLOCATE RENT EXPENSE
235,A400010,00100,00100,A
235,A400010,00100,00200,CAPITAL COSTS-BLDG & FIXT
235,A400010,00100,00500,ADMINISTRATIVE & GENERAL
235,A400010,00200,00000,RECLASS EMPLOYEE GROUP INSURANCE
235,A400010,00200,00100,B
235,A400010,00200,00200,EMPLOYEE BENEFITS
235,A400010,00200,00500,ADMINISTRATIVE & GENERAL
235,A400010,00300,00000,RECLASS PAYROLL TAX - ORGAN
235,A400010,00300,00100,D
235,A400010,00300,00200,EMPLOYEE BENEFITS
235,A400010,00300,00500,PROCUREMENT COORDINATORS
235,A400010,00400,00000,RECLASS PAYROLL TAX - TISSUE
235,A400010,00400,00100,E
235,A400010,00400,00200,EMPLOYEE BENEFITS
235,A400010,00400,00500,TISSUE
235,A400010,00500,00000,RECLASS EQUIPMENT RENTAL
235,A400010,00500,00100,G
235,A400010,00500,00200,ADMINISTRATIVE & GENERAL
235,A400010,00500,00500,CAPITAL COSTS-MVBLE EQUIPMENT
235,A400010,00600,00000,TISSUE ALLOCATION
235,A400010,00600,00100,H
235,A400010,00600,00200,TISSUE
235,A400010,00600,00500,PROCUREMENT COORDINATORS
235,A400010,00700,00000,TISSUE ALLOCATION
235,A400010,00700,00100,H
235,A400010,00700,00500,PUBLIC EDUCATION
235,A400010,00800,00000,CALL CENTER ALLOCATION
235,A400010,00800,00100,I
235,A400010,00800,00200,TISSUE
235,A400010,00800,00500,CALL CENTER
235,A500010,00800,00100,A
235,A500010,00800,00300,PROCUREMENT COORDINATORS
235,A500010,01500,00000,UES-LOBBYING
235,A500010,01500,00100,A
235,A500010,01500,00300,PROCUREMENT COORDINATORS
235,A500010,01600,00000,DONOR FAMILY PICNIC
235,A500010,01600,00100,A
235,A500010,01600,00300,PUBLIC EDUCATION
235,A500010,01601,00000,FUNDRAISING
235,A500010,01601,00100,B
235,A500010,01601,00300,PUBLIC EDUCATION
235,A500010,01602,00000,DONOR TRANSPORT COSTS - KIDNEY
235,A500010,01602,00100,A
235,A500010,01602,00300,KIDNEY ACQUISITIONS
235,A500010,01603,00000,DONOR TRANSPORT COSTS - LIVER
235,A500010,01603,00100,A
235,A500010,01603,00300,LIVER ACQUISITIONS
235,A500010,01604,00000,DONOR TRANSPORT COSTS - LUNG
235,A500010,01604,00100,A
235,A500010,01604,00300,LUNG ACQUISITIONS
235,A500010,01605,00000,DONOR TRANSPORT COSTS - HEART
235,A500010,01605,00100,A
235,A500010,01605,00300,HEART ACQUISITIONS
235,A500010,01606,00000,DONOR TRANSPORT COSTS- PANCREAS
235,A500010,01606,00100,A
235,A500010,01606,00300,PANCREAS ACQUISITIONS
235,A500010,01607,00000,DONOR TRANSPORT COSTS-  INTESTINE
235,A500010,01607,00100,A
235,A500010,01607,00300,INTESTINE          (WKST A2 6 L 23
235,A51000A,00100,00100,N
235,A60000A,00700,00000,LEASEHOLD IMPROVEMENTS
235,A60000A,00701,00000,CIP
235,A60000B,00800,00000,LEASEHOLD IMPROVEMENTS
235,A60000C,00500,00100,N
235,B10000*,00100,00200,CAP BLDG
235,B10000*,00100,00300,CAP COSTS
235,B10000*,00100,00400,EMPLOYEE
235,B10000*,00100,00500,MEDICAL
235,B10000*,00100,00800,ORGAN
235,B10000*,00100,01000,ADMIN &
235,B10000*,00200,00200,OP PLANT &
235,B10000*,00200,00300,MOVABLE
235,B10000*,00200,00400,BENEFITS
235,B10000*,00200,00500,SUPPLIES
235,B10000*,00200,00800,ACQUISITN
235,B10000*,00200,01000,GENERAL
235,B10000*,00300,00200,HOUSEKEEP
235,B10000*,00300,00300,EQUIPMENT
235,B10000*,00300,00800,COSTS
235,B10000*,00400,00200,SQUARE SQ.
235,B10000*,00400,00300,DOLLAR
235,B10000*,00400,00400,ADJUST
235,B10000*,00400,00500,COSTED REQ
235,B10000*,00400,00800,NO. OF ORG
235,B10000*,00400,01000,ACCUM
235,B10000*,00500,00200,FT.)
235,B10000*,00500,00300,VALUE
235,B10000*,00500,00400,SALARIES
235,B10000*,00500,00500,UIS
235,B10000*,00500,00800,ANS
235,B10000*,00500,01000,COSTS
235,B10000*,00600,00200,1
235,B10000*,00600,00300,2
235,B10000*,00600,00400,3
235,B10000*,00600,00500,3
235,B10000*,00600,00800,3
235,B10000*,00600,01000,3
235,B100000,00000,01000,X
235,E000000,00900,00000,OTHER CURRENT ASSETS
235,E000000,02600,00000,CONSTRUCTION IN PROGRESS
235,E200000,01500,00000,FUNDRAISING
235,E200000,01600,00000,MISCELLANEOUS
235,E200000,02600,00000,PAYMENT TO CMS
235,S000000,00100,00100,X
235,S000000,00400,00100,2
235,S000000,00500,00100,09/01/2020
235,S000000,00600,00100,10001
235,S000000,00700,00100,N
235,S000000,00800,00100,N
235,S000000,00900,00100,02/24/2022
235,S000000,01000,00100,4
235,S000001,00100,00100,LOUISIANA ORGAN PROCUREMENT AGENCY
235,S000001,00100,00200,19P001
235,S000001,00101,00100,68190 HWY 190 SERVICE ROAD
235,S000001,00102,00100,COVINGTON
235,S000001,00102,00200,LA
235,S000001,00102,00300,70433
235,S000001,00300,00100,01/01/2019
235,S000001,00300,00200,12/31/2019
235,S000001,00400,00100,6
235,S000001,00400,00300,1
235,S000001,00400,00400,11/27/1987
235,S000001,00401,00300,1
235,S000002,00300,00100,COO
235,S100001,00700,00100,N
235,S100001,00810,00000,INTESTINE
235,S100003,00100,00100,MEDICAL DIRECTOR
235,S100003,00100,00300,MEDICAL DIRECTOR
235,S100003,00100,00500,LAB DIRECTOR
235,S100003,00101,00100,EXEC. DIRECTOR
235,S100003,00101,00300,PROCUREMENT COORDINATOR
235,S100003,00101,00500,TECHNICIANS
235,S100003,00102,00100,CLERICAL
235,S100003,00102,00300,PRESERVATION TECHNICIANS
235,S100003,00102,00500,TISSUE TYPING TECH.
235,S100003,00103,00100,OTHER
235,S100003,00103,00300,OTHER
235,S100003,00103,00500,OTHER
235,S200000,00100,00100,N
235,S200000,00200,00100,N
235,S200000,00300,00100,N
235,S200000,00400,00100,Y
235,S200000,00400,00200,A
235,S200000,00500,00100,N
235,S200000,00600,00300,COO
235,S200000,00700,00100,LOUISIANA ORGAN PROCUREMENT AGENCY
237,A000000,00100,00000,0100CAPITAL COSTS-BLDG & FIXT
237,A000000,00200,00000,0200CAPITAL COSTS-MVBLE EQUIPMENT
237,A000000,00300,00000,0300EMPLOYEE BENEFITS
237,A000000,00400,00000,0400ADMINISTRATIVE & GENERAL
237,A000000,00500,00000,0500OPERATION AND MAINTENANCE OF PLANT
237,A000000,00600,00000,0600HOUSEKEEPING
237,A000000,00700,00000,0700MEDICAL SUPPLIES
237,A000000,00800,00000,0800OTHER OVERHEAD
237,A000000,00900,00000,0900PROCUREMENT COORDINATORS
237,A000000,01000,00000,1000PROFESSIONAL EDUCATION
237,A000000,01100,00000,1100PUBLIC EDUCATION
237,A000000,01300,00000,1300KIDNEY ACQUISITIONS
237,A000000,01400,00000,1400TISSUE TYPING LABORATORY
237,A000000,01500,00000,1500LIVER ACQUISITIONS
237,A000000,01600,00000,1600HEART ACQUISITIONS
237,A000000,01700,00000,1700PANCREAS ACQUISITIONS
237,A000000,01800,00000,1800LUNG ACQUISITIONS
237,A000000,01900,00000,1900OTHER ACQUISITIONS
237,A000000,01901,00000,1901OTHER ACQUISITIONS 2
237,A000000,02100,00000,2100RESEARCH
237,A000000,02200,00000,2200BLOOD BANK
237,A000000,02300,00000,2300LABORATORY-NON-TISSUE TYPING
237,A000000,02400,00000,2400DIALYSIS UNITS
237,A000000,02500,00000,250025    TISSUE
237,A000000,02501,00000,250125.01 EYE UNIT
237,A100000,01700,00000,VEHICLE EXPENSE
237,A100000,01800,00000,OFFICE MEETING EXPENSE
237,A100000,01900,00000,INVESTMENT FEES
237,A100000,01901,00000,PRINTING AND POSTAGE
237,A400010,00100,00000,ALLOCATE LAB DEPRECIATION COST
237,A400010,00100,00100,A
237,A400010,00100,00200,LABORATORY-NON-TISSUE TYPING
237,A400010,00100,00500,CAPITAL COSTS-BLDG & FIXT
237,A400010,00200,00000,ALLOCATE LAB DEPRECIATION COST
237,A400010,00200,00100,B
237,A400010,00200,00200,25.01 EYE UNIT
237,A400010,00200,00500,CAPITAL COSTS-BLDG & FIXT
237,A400010,00300,00000,ALLOCATE LAB COST
237,A400010,00300,00100,C
237,A400010,00300,00200,KIDNEY ACQUISITIONS
237,A400010,00300,00500,LABORATORY-NON-TISSUE TYPING
237,A400010,00400,00000,ALLOCATE LAB COST
237,A400010,00400,00100,C
237,A400010,00400,00200,HEART ACQUISITIONS
237,A400010,00400,00500,LABORATORY-NON-TISSUE TYPING
237,A400010,00500,00000,ALLOCATE LAB COST
237,A400010,00500,00100,C
237,A400010,00500,00200,LIVER ACQUISITIONS
237,A400010,00500,00500,LABORATORY-NON-TISSUE TYPING
237,A400010,00600,00000,ALLOCATE LAB COST
237,A400010,00600,00100,C
237,A400010,00600,00200,PANCREAS ACQUISITIONS
237,A400010,00600,00500,LABORATORY-NON-TISSUE TYPING
237,A400010,00700,00000,ALLOCATE LAB COST
237,A400010,00700,00100,C
237,A400010,00700,00200,25    TISSUE
237,A400010,00700,00500,LABORATORY-NON-TISSUE TYPING
237,A400010,00800,00000,ALLOCATE LAB COST
237,A400010,00800,00100,C
237,A400010,00800,00200,25.01 EYE UNIT
237,A400010,00800,00500,LABORATORY-NON-TISSUE TYPING
237,A400010,00900,00000,ALLOCATE LAB COST
237,A400010,00900,00100,C
237,A400010,00900,00200,LUNG ACQUISITIONS
237,A400010,00900,00500,LABORATORY-NON-TISSUE TYPING
237,A400010,01000,00000,ALLOCATE LAB COST
237,A400010,01000,00100,C
237,A400010,01000,00200,OTHER ACQUISITIONS 2
237,A400010,01000,00500,LABORATORY-NON-TISSUE TYPING
237,A400010,01100,00000,PROCUREMENT COORDINATORS
237,A400010,01100,00100,D
237,A400010,01100,00200,25    TISSUE
237,A400010,01100,00500,PROCUREMENT COORDINATORS
237,A500010,00800,00100,B
237,A500010,00800,00300,LIVER ACQUISITIONS
237,A500010,01200,00100,A
237,A500010,01200,00300,ADMINISTRATIVE & GENERAL
237,A500010,01500,00000,LOBBYING
237,A500010,01500,00100,A
237,A500010,01500,00300,ADMINISTRATIVE & GENERAL
237,A500010,01501,00000,DISALLOWED (NON OPO) EXPENSES
237,A500010,01501,00100,A
237,A500010,01501,00300,ADMINISTRATIVE & GENERAL
237,A500010,01502,00000,DISALLOWED INVESTMENT FEES
237,A500010,01502,00100,A
237,A500010,01502,00300,ADMINISTRATIVE & GENERAL
237,A500010,01503,00000,ORGANS FOR RESEARCH
237,A500010,01503,00100,B
237,A500010,01503,00300,KIDNEY ACQUISITIONS
237,A500010,01504,00000,ORGANS FOR RESEARCH
237,A500010,01504,00100,B
237,A500010,01504,00300,HEART ACQUISITIONS
237,A500010,01505,00000,ORGANS FOR RESEARCH
237,A500010,01505,00100,B
237,A500010,01505,00300,PANCREAS ACQUISITIONS
237,A500010,01506,00000,ORGANS FO RRESEARCH
237,A500010,01506,00100,B
237,A500010,01506,00300,LUNG ACQUISITIONS
237,A500010,01507,00000,ORGANS FOR RESEARCH
237,A500010,01507,00100,B
237,A500010,01507,00300,OTHER ACQUISITIONS
237,A500010,01600,00000,FUNERAL HOME EXPENSES
237,A500010,01600,00100,B
237,A500010,01600,00300,PROFESSIONAL EDUCATION
237,A51000A,00100,00100,N
237,A60000A,00700,00000,OFFICE EQUIPMENT
237,A60000A,00701,00000,ORGANIZATIONAL COSTS
237,A60000B,00800,00000,OFFICE EQUIPMENT
237,A60000B,00801,00000,ORGANIZATIONAL COSTS
237,A60000C,00500,00100,N
237,B10000*,00100,00200,CAP BLDG
237,B10000*,00100,00300,CAP COSTS
237,B10000*,00100,00400,EMPLOYEE
237,B10000*,00100,00500,MEDICAL
237,B10000*,00100,00800,ORGAN
237,B10000*,00100,01000,ADMIN &
237,B10000*,00200,00200,OP PLANT &
237,B10000*,00200,00300,MOVABLE
237,B10000*,00200,00400,BENEFITS
237,B10000*,00200,00500,SUPPLIES
237,B10000*,00200,00800,ACQUISITN
237,B10000*,00200,01000,GENERAL
237,B10000*,00300,00200,HOUSEKEEP
237,B10000*,00300,00300,EQUIPMENT
237,B10000*,00300,00800,COSTS
237,B10000*,00400,00200,SQUARE
237,B10000*,00400,00300,DOLLAR
237,B10000*,00400,00400,ADJUST
237,B10000*,00400,00500,COSTED
237,B10000*,00400,00800,NUMBER
237,B10000*,00400,01000,ACCUM
237,B10000*,00500,00200,FEET
237,B10000*,00500,00300,VALUE
237,B10000*,00500,00400,SALARIES
237,B10000*,00500,00500,REQUISIT
237,B10000*,00500,00800,ORGANS
237,B10000*,00500,01000,COSTS
237,B10000*,00600,00200,1
237,B10000*,00600,00300,2
237,B10000*,00600,00400,3
237,B10000*,00600,00500,3
237,B10000*,00600,00800,3
237,B10000*,00600,01000,3
237,B100000,00000,01000,X
237,E000000,00900,00000,OTHER CURRENT ASSETS
237,E000000,02600,00000,OTHER FIXED ASSETS
237,E000000,03100,00000,OTHER
237,E100001,00700,00000,MEDICARE SETTLEMENT
237,E100002,00900,00000,INVESTMENT MANAGEMENT FEES
237,E200000,01900,00000,LOSS ON SALE OF INVESTMENTS
237,E200000,02000,00000,MISCELANEOUS
237,S000000,00100,00100,X
237,S000000,00400,00100,2
237,S000000,00500,00100,09/01/2020
237,S000000,00600,00100,10001
237,S000000,00700,00100,N
237,S000000,00800,00100,N
237,S000000,00900,00100,03/01/2022
237,S000000,01000,00100,4
237,S000001,00100,00100,CENTER FOR ORGAN RECOVERY AND EDUCA
237,S000001,00100,00200,39P002
237,S000001,00101,00100,204 SIGMA DRIVE
237,S000001,00102,00100,PITTSBURGH
237,S000001,00102,00200,PA
237,S000001,00102,00300,15238
237,S000001,00300,00100,01/01/2019
237,S000001,00300,00200,12/31/2019
237,S000001,00400,00100,6
237,S000001,00400,00300,1
237,S000001,00400,00400,10/17/1978
237,S000001,00401,00300,1
237,S100001,00700,00100,N
237,S100001,00810,00000,MV  INT & RES
237,S100003,00100,00100,MEDICAL DIRECTOR
237,S100003,00100,00300,MEDICAL DIRECTOR
237,S100003,00100,00500,LAB DIRECTOR
237,S100003,00101,00100,EXEC. DIRECTOR
237,S100003,00101,00300,PROCUREMENT COORDINATOR
237,S100003,00101,00500,TECHNICIANS
237,S100003,00102,00100,OTHER
237,S100003,00102,00300,OTHER
237,S100003,00102,00500,OTHER
237,S100003,00103,00100,OTHER
237,S100003,00103,00300,OTHER
237,S100003,00103,00500,OTHER
237,S200000,00100,00100,N
237,S200000,00200,00100,N
237,S200000,00300,00100,N
237,S200000,00400,00100,Y
237,S200000,00400,00200,A
237,S200000,00500,00100,N
237,S200000,00600,00300,CFO
237,S200000,00700,00100,CORE
239,A000000,00100,00000,0100CAPITAL COSTS-BLDG & FIXT
239,A000000,00200,00000,0200CAPITAL COSTS-MVBLE EQUIPMENT
239,A000000,00300,00000,0300EMPLOYEE BENEFITS
239,A000000,00400,00000,0400ADMINISTRATIVE & GENERAL
239,A000000,00500,00000,0500OPERATION AND MAINTENANCE OF PLANT
239,A000000,00600,00000,0600HOUSEKEEPING
239,A000000,00700,00000,0700MEDICAL SUPPLIES
239,A000000,00800,00000,0800OTHER OVERHEAD
239,A000000,00900,00000,0900PROCUREMENT COORDINATORS
239,A000000,01000,00000,1000PROFESSIONAL EDUCATION
239,A000000,01100,00000,1100PUBLIC EDUCATION
239,A000000,01200,00000,1200OTHER ACQUISITION
239,A000000,01201,00000,1201OTHER ACQUISITION
239,A000000,01202,00000,1203OTHER ACQUISITION
239,A000000,01203,00000,1202OTHER ACQUISITION
239,A000000,01204,00000,1204OTHER ACQUISITION
239,A000000,01205,00000,1206OTHER ACQUISITION
239,A000000,01300,00000,1300KIDNEY ACQUISITIONS
239,A000000,01400,00000,1400TISSUE TYPING LABORATORY
239,A000000,01500,00000,1500LIVER ACQUISITIONS
239,A000000,01600,00000,1600HEART ACQUISITIONS
239,A000000,01700,00000,1700PANCREAS ACQUISITIONS
239,A000000,01800,00000,1800LUNG ACQUISITIONS
239,A000000,01900,00000,1900OTHER
239,A000000,01901,00000,1902CHEST XRAY
239,A000000,02100,00000,2100RESEARCH
239,A000000,02200,00000,2200BLOOD BANK
239,A000000,02300,00000,2300LABORATORY-NON-TISSUE TYPING
239,A000000,02400,00000,2400DIALYSIS UNITS
239,A000000,02500,00000,2500OTHER NON-REIMBURSABLE
239,A000000,02501,00000,2501OTHER NON-REIMBURSABLE
239,A000000,02502,00000,2503OTHER NON-REIMBURSABLE
239,A100000,01700,00000,FINANCE DEPARTMENT SALARIES
239,A100000,01800,00000,HUMAN RESOURCES DEPARTMENT SALARIES
239,A100000,01900,00000,INFORMATION TECHNOLOGY DEPT SALARIES
239,A100000,01901,00000,QUALITY SYSTEMS DEPARTMENT SALARIES
239,A100000,01902,00000,CONTRACT SERVICES
239,A100000,01903,00000,AUTO EXPENSES
239,A100000,01904,00000,BANK CHARGES
239,A100000,01905,00000,ADP CHARGES
239,A100000,01906,00000,DUES AND SUBSCRIPTIONS
239,A100000,01907,00000,REPAIRS MAINTENANCE AND LEASES
239,A100000,01908,00000,EXPENSED ASSETS
239,A100000,01909,00000,STATLINE ANSWERING SERVICE
239,A100000,01910,00000,POTENTIAL DONORS
239,A100000,01911,00000,NON-REIMBURSABLE EXPENSES
239,A100000,01912,00000,LOBBYING EXPENSE
239,A20H000,00900,00000,CARDIOLOGY
239,A20H000,00901,00000,RADIOLOGY
239,A20H000,00902,00000,OTHER
239,A20H000,02100,00000,HEART CATHETER
239,A20H000,02101,00000,VENUS CATHETER
239,A20H000,02102,00000,ECHOS
239,A20H000,02103,00000,EKGS
239,A20H000,02104,00000,CHEST XRAY
239,A20K000,00900,00000,RADIOLOGY AND OTHER
239,A20K000,02100,00000,KIDNEY PERFUSION
239,A20K000,02101,00000,VENUS CATHETER
239,A20K000,02102,00000,CHEST XRAY
239,A20L000,00900,00000,OTHER HOSPITAL COSTS
239,A20L000,00902,00000,RADIOLOGY
239,A20L000,02100,00000,VENUS CATHETER
239,A20L000,02101,00000,CHEST XRAY
239,A20P000,00900,00000,RADIOLOGY
239,A20P000,00902,00000,OTHER HOSPITAL COSTS
239,A20P000,02100,00000,CHEST XRAY
239,A20U000,00900,00000,RADIOLOGY
239,A20U000,00901,00000,OTHER HOSPITAL COSTS
239,A20U000,02100,00000,VENUS CATHETER
239,A20U000,02101,00000,BRONCHOSCOPY
239,A20U000,02102,00000,CHEST XRAY
239,A300000,00600,00000,CONSULTANT LAB DIRECTOR
239,A300000,00700,00000,CONTRACT TECHS
239,A300000,00800,00000,GROUP INSURANCE
239,A300000,00900,00000,SEP CONTRIBUTION
239,A300000,01000,00000,FICA MEDICARE TAXES
239,A300000,01001,00000,TN UNEMPLOYMENT TAX
239,A300000,01002,00000,TRAVEL MEETINGS AND SEMINARS
239,A300000,01003,00000,CONTRACT SERVICES
239,A300000,01004,00000,COMMUNICATION EXPENSE
239,A300000,01005,00000,OFFICE EXPENSE
239,A300000,01006,00000,DISPOSABLE SUPPLIES
239,A300000,01007,00000,DUES MEMBERSHIPS AND SUBSCRIPTIONS
239,A300000,01008,00000,REPAIRS MAINTENANCE AND LEASES
239,A300000,01009,00000,OTHER
239,A400010,00100,00000,RECLASSIFICATIONS
239,A400010,00100,00100,A
239,A400010,00100,00200,OTHER NON-REIMBURSABLE
239,A400010,00100,00500,PROCUREMENT COORDINATORS
239,A400010,00200,00000,RECLASSIFICATIONS
239,A400010,00200,00100,A
239,A400010,00200,00200,OTHER NON-REIMBURSABLE
239,A400010,00200,00500,PROFESSIONAL EDUCATION
239,A400010,00300,00000,RECLASSIFICATIONS
239,A400010,00300,00100,A
239,A400010,00300,00200,OTHER NON-REIMBURSABLE
239,A400010,00300,00500,PUBLIC EDUCATION
239,A500010,01500,00000,LOBBYING EXPENSE
239,A500010,01500,00100,A
239,A500010,01500,00300,ADMINISTRATIVE & GENERAL
239,A500010,01600,00000,MISCELLANEOUS INCOME
239,A500010,01600,00100,B
239,A500010,01600,00300,ADMINISTRATIVE & GENERAL
239,A500010,01601,00000,RESEARCH INCOME
239,A500010,01601,00100,B
239,A500010,01601,00300,PROCUREMENT COORDINATORS
239,A500010,01602,00000,NON-REIMBURSABLE EXPENSES
239,A500010,01602,00100,A
239,A500010,01602,00300,ADMINISTRATIVE & GENERAL
239,A51000A,00100,00100,N
239,A60000A,00700,00000,LEASEHOLD IMPROVEMENTS
239,A60000A,00701,00000,TISSUE RECOVERY EQUIPMENT
239,A60000A,00702,00000,KIDNEY PRESERVATION FURN AND FIXT
239,A60000A,00703,00000,HLA LAB FURNITURE AND FIXTURES
239,A60000A,00704,00000,OFFICE FURNITURE AND FIXTURES
239,A60000A,00705,00000,COMPUTER HARDWARE
239,A60000A,00706,00000,COMPUTER SOFTWARE
239,A60000B,00800,00000,LEASEHOLD IMPROVEMENTS
239,A60000B,00801,00000,TISSUE RECOVERY EQUIPMENT
239,A60000B,00802,00000,KIDNEY PRESERVATION FURN AND FIXT
239,A60000B,00803,00000,HLA LAB FURNITURE AND FIXTURES
239,A60000B,00804,00000,OFFICE FURNITURE AND FIXTURES
239,A60000B,00805,00000,COMPUTER HARDWARE
239,A60000B,00806,00000,COMPUTER SOFTWARE
239,B10000*,00100,00200,CAP BLDG
239,B10000*,00100,00300,CAP COSTS
239,B10000*,00100,00400,EMPLOYEE
239,B10000*,00100,00500,MEDICAL
239,B10000*,00100,00800,ORGAN
239,B10000*,00100,01000,ADMIN &
239,B10000*,00200,00200,OP PLANT &
239,B10000*,00200,00300,MOVABLE
239,B10000*,00200,00400,BENEFITS
239,B10000*,00200,00500,SUPPLIES
239,B10000*,00200,00800,ACQUISITN
239,B10000*,00200,01000,GENERAL
239,B10000*,00300,00200,HOUSEKEEP
239,B10000*,00300,00300,EQUIPMENT
239,B10000*,00300,00800,COSTS
239,B10000*,00400,00200,SQUARE
239,B10000*,00400,00300,DOLLAR
239,B10000*,00400,00400,ADJUST
239,B10000*,00400,00500,COSTED
239,B10000*,00400,00800,NUMBER
239,B10000*,00400,01000,ACCUM
239,B10000*,00500,00200,FEET
239,B10000*,00500,00300,VALUE
239,B10000*,00500,00400,SALARIES
239,B10000*,00500,00500,REQUISIT
239,B10000*,00500,00800,ORGANS
239,B10000*,00500,01000,COSTS
239,B10000*,00600,00200,1
239,B10000*,00600,00300,2
239,B10000*,00600,00400,3
239,B10000*,00600,00500,3
239,B10000*,00600,00800,3
239,B10000*,00600,01000,3
239,B100000,00000,01000,X
239,E000000,00900,00000,PREPAID ASSETS
239,E000000,02600,00000,OTHER FIXED ASSETS
239,E000000,03900,00000,SEP PAYABLE
239,E000000,04100,00000,OTHER ACCRUED LIABILITIES
239,E000000,04600,00000,DEFERRED RENT PAYABLE
239,E000000,04700,00000,CAPITAL LEASE PAYABLE
239,E100001,00700,00000,RESEARCH INCOME
239,E100001,00800,00000,MEDICARE REVENUES
239,E100001,00900,00000,TISSUE REVENUES
239,E100001,00901,00000,INTEREST AND DIVIDENDS
239,E100001,00902,00000,GAIN ON SALE OF ASSETS
239,E100001,00903,00000,GRANTS
239,E100001,00904,00000,DONATIONS
239,E100001,00905,00000,MISCELLANEOUS INCOME
239,S000000,00100,00100,X
239,S000000,00400,00100,2
239,S000000,00500,00100,11/23/2020
239,S000000,00600,00100,10001
239,S000000,00700,00100,N
239,S000000,00800,00100,N
239,S000000,00900,00100,03/04/2022
239,S000000,01000,00100,4
239,S000001,00100,00100,MID-SOUTH TRANSPLANT FOUNDATION  INC
239,S000001,00100,00200,44P003
239,S000001,00101,00100,8001 CENTERVIEW PKWY  STE 302
239,S000001,00102,00100,CORDOVA
239,S000001,00102,00200,TN
239,S000001,00102,00300,38018
239,S000001,00200,00100,MID-SOUTH TRANSPLANT FOUNDATION  INC
239,S000001,00200,00200,44HL02
239,S000001,00201,00100,8001 CENTERVIEW PKWY  STE 302
239,S000001,00202,00100,CORDOVA
239,S000001,00202,00200,TN
239,S000001,00202,00300,38018
239,S000001,00300,00100,01/01/2019
239,S000001,00300,00200,12/31/2019
239,S000001,00400,00100,6
239,S000001,00400,00300,1
239,S000001,00400,00400,04/01/1976
239,S000001,00401,00100,6
239,S000001,00401,00300,2
239,S000001,00401,00400,01/01/1979
239,S000002,00300,00100,MGR FINANCE
239,S100001,00700,00100,N
239,S100001,00810,00000,SMALL BOWEL
239,S100001,00811,00000,HEART IMPORTS
239,S100002,00400,00100,FLOW B-CELL CROSSMATCH
239,S100002,00401,00100,FLOW T-CELL CROSSMATCH
239,S100002,00402,00100,LOCAL DECEASED DONOR TYPING
239,S100002,00403,00100,LUMINEX CLASS 1 HI DEF C3D
239,S100002,00404,00100,LUMINEX CLASS 1 HD
239,S100002,00405,00100,LUMINEX CLASS 2 HD C3D
239,S100002,00406,00100,LUMINEX CLASS 2 HD
239,S100002,00407,00100,RPCS CLASS I & II TYPING LOW RES MUL
239,S100002,00408,00100,LUM CL1 PRS AB ID
239,S100002,00409,00100,LUM CL2 PRA/AB ID
239,S100002,00410,00100,STAT FEE
239,S100002,00411,00100,FLOW CLASS 1 HD
239,S100002,00412,00100,PROCESS & ARCHIVE NO TEST
239,S100002,00413,00100,CELL PROCESSING $ FREEZE APOLLO
239,S100002,00414,00100,DNA EXTRA ARCH APOLLO
239,S100002,00415,00100,FACILITATION APOLLO
239,S100003,00100,00100,MEDICAL DIRECTOR
239,S100003,00100,00300,MEDICAL DIRECTOR
239,S100003,00100,00500,LAB DIRECTOR
239,S100003,00101,00100,EXEC. DIRECTOR
239,S100003,00101,00300,PROCUREMENT COORDINATOR
239,S100003,00101,00500,TECHNICIANS
239,S100003,00102,00100,CLERICAL
239,S100003,00102,00300,PRESERVATION TECHNICIANS
239,S100003,00102,00500,TISSUE TYPING TECH.
239,S100003,00103,00100,OTHER
239,S100003,00103,00300,OTHER
239,S100003,00103,00500,OTHER
239,S200000,00100,00100,N
239,S200000,00200,00100,N
239,S200000,00300,00100,N
239,S200000,00400,00100,Y
239,S200000,00400,00200,A
239,S200000,00500,00100,N
239,S200000,00600,00300,BOBBY PATTON
239,S200000,00700,00100,MID-SOUTH TRANSPLANT GOUND.  INC
240,A000000,00100,00000,0100CAPITAL COSTS-BLDG & FIXT
240,A000000,00200,00000,0200CAPITAL COSTS-MVBLE EQUIPMENT
240,A000000,00300,00000,0300EMPLOYEE BENEFITS
240,A000000,00400,00000,0400ADMINISTRATIVE & GENERAL
240,A000000,00500,00000,0500OPERATION AND MAINTENANCE OF PLANT
240,A000000,00600,00000,0600HOUSEKEEPING
240,A000000,00700,00000,0700MEDICAL SUPPLIES
240,A000000,00900,00000,0900PROCUREMENT COORDINATORS
240,A000000,01000,00000,1000PROFESSIONAL EDUCATION
240,A000000,01100,00000,1100PUBLIC EDUCATION
240,A000000,01300,00000,1300KIDNEY ACQUISITIONS
240,A000000,01400,00000,1400TISSUE TYPING LABORATORY
240,A000000,01500,00000,1500LIVER ACQUISITIONS
240,A000000,01600,00000,1600HEART ACQUISITIONS
240,A000000,01700,00000,1700PANCREAS ACQUISITIONS
240,A000000,01800,00000,1800LUNG ACQUISITIONS
240,A000000,01900,00000,1900OTHER 1            (WKST A2 6 L 23
240,A000000,02100,00000,2100RESEARCH
240,A000000,02200,00000,2200BLOOD BANK
240,A000000,02300,00000,2300LABORATORY-NON-TISSUE TYPING
240,A000000,02400,00000,2400DIALYSIS UNITS
240,A100000,01900,00000,DUES & LICENSES
240,A100000,01901,00000,ROUND
240,A100000,01902,00000,PROFESSIONAL FEES
240,A100000,01903,00000,UMG OVERHEAD ALLOCATION
240,A300000,00600,00000,CLINICAL SUPPLIES
240,A400010,00100,00000,RECLASSIFY CAPITAL FROM A&G
240,A400010,00100,00100,A
240,A400010,00100,00200,CAPITAL COSTS-MVBLE EQUIPMENT
240,A400010,00100,00500,ADMINISTRATIVE & GENERAL
240,A51000A,00100,00100,Y
240,A51000B,00100,00200,ADMINISTRATIVE & GENERAL
240,A51000B,00100,00300,ADMINISTRATION & GENERAL
240,A51000B,00200,00200,ADMINISTRATIVE & GENERAL
240,A51000B,00200,00300,ADMINISTRATION & GENERAL
240,A51000B,00300,00200,ADMINISTRATIVE & GENERAL
240,A51000B,00300,00300,ADMINISTRATIVE & GENERAL
240,A51000B,00400,00200,ADMINISTRATIVE & GENERAL
240,A51000B,00400,00300,UMG OVERHEAD
240,A51000C,00100,00100,B
240,A51000C,00100,00200,SAINT LOUIS UNIVERSITY
240,A51000C,00100,00400,SAINT LOUIS UNIVERSITY
240,A51000C,00100,00600,HEALTH CARE & EDUCATION
240,A51000C,00200,00100,B
240,A51000C,00200,00200,SAINT LOUIS UNIVERSITY
240,A51000C,00200,00400,SAINT LOUIS UNIVERSITY UMG
240,A51000C,00200,00600,HEALTH CARE & EDUCATION
240,A51000C,00300,00100,B
240,A51000C,00300,00200,SAINT LOUIS UNIVERSITY
240,A51000C,00300,00400,DEPT. OF SURGERY
240,A51000C,00300,00600,HEALTH CARE & EDUCATION
240,A60000C,00500,00100,N
240,A60000C,00600,00100,N
240,B10000*,00100,00200,CAP BLDG
240,B10000*,00100,00300,CAP COSTS
240,B10000*,00100,00400,EMPLOYEE
240,B10000*,00100,00500,MEDICAL
240,B10000*,00100,00800,ORGAN
240,B10000*,00100,01000,ADMIN &
240,B10000*,00200,00200,OP PLANT &
240,B10000*,00200,00300,MOVABLE
240,B10000*,00200,00400,BENEFITS
240,B10000*,00200,00500,SUPPLIES
240,B10000*,00200,00800,ACQUISITN
240,B10000*,00200,01000,GENERAL
240,B10000*,00300,00200,HOUSEKEEP
240,B10000*,00300,00300,EQUIPMENT
240,B10000*,00300,00800,COSTS
240,B10000*,00400,00200,SQUARE SQ.
240,B10000*,00400,00300,DOLLAR SQ.
240,B10000*,00400,00400,ADJUST
240,B10000*,00400,00500,COSTED REQ
240,B10000*,00400,00800,NO. OF ORG
240,B10000*,00400,01000,ACCUM
240,B10000*,00500,00200,FT.)
240,B10000*,00500,00300,FT.)
240,B10000*,00500,00400,SALARIES
240,B10000*,00500,00500,UIS
240,B10000*,00500,00800,ANS
240,B10000*,00500,01000,COSTS
240,B10000*,00600,00200,1
240,B10000*,00600,00300,2
240,B10000*,00600,00400,3
240,B10000*,00600,00500,3
240,B10000*,00600,00800,3
240,B10000*,00600,01000,3
240,B100000,00000,01000,X
240,E200000,02700,00000,ROUNDING
240,S000000,00100,00100,X
240,S000000,00400,00100,2
240,S000000,00500,00100,11/30/2020
240,S000000,00600,00100,10001
240,S000000,00700,00100,N
240,S000000,00800,00100,N
240,S000000,00900,00100,03/07/2022
240,S000000,01000,00100,4
240,S000001,00100,00100,SLU HLA LABORATORY
240,S000001,00100,00200,26HL04
240,S000001,00101,00100,3635 VISTA AT GRAND
240,S000001,00102,00100,ST. LOUIS
240,S000001,00102,00200,MO
240,S000001,00102,00300,63110-0250
240,S000001,00300,00100,07/01/2019
240,S000001,00300,00200,06/30/2020
240,S000001,00400,00100,5
240,S000001,00400,00300,2
240,S000001,00400,00400,04/01/1989
240,S000001,00401,00300,2
240,S000002,00300,00100,MEDICAL DIRECTOR
240,S100001,00700,00100,N
240,S100001,00810,00000,OTHER
240,S100002,00400,00100,HLA TYPING
240,S100002,00401,00100,DNA LOW RESOLUTION HLA  A  B  C TYPI
240,S100002,00402,00100,DNA LOW RESOLUTION HLA DR  DQ  TYPIN
240,S100002,00404,00100,X-MATCHING
240,S100002,00405,00100,CDC X-MATCH
240,S100002,00406,00100,CDC AUTO X-MATCH
240,S100002,00407,00100,FLOW CYTOMETRY X-MATCH
240,S100002,00409,00100,ANTIBODY SCREENING
240,S100002,00410,00100,LUMINEX  CLASS I 2 ID ANTIBODY SCREE
240,S100002,00411,00100,LUMINEX SINGLE ANTIGEN BEADS: CLASS
240,S100002,00412,00100,LUMINEX SINGLE ANTIGEN BEADS: CLASS
240,S100003,00100,00100,MEDICAL DIRECTOR
240,S100003,00100,00300,MEDICAL DIRECTOR
240,S100003,00100,00500,LAB DIRECTOR
240,S100003,00101,00100,EXEC. DIRECTOR
240,S100003,00101,00300,PROCUREMENT COORDINATOR
240,S100003,00101,00500,TECHNICIANS
240,S100003,00102,00100,CLERICAL
240,S100003,00102,00300,PRESERVATION TECHNICIANS
240,S100003,00102,00500,TISSUE TYPING TECH.
240,S100003,00103,00100,SUPERVISOR
240,S100003,00103,00300,OTHER
240,S100003,00103,00500,SUPERVISOR
240,S200000,00100,00100,N
240,S200000,00200,00100,N
240,S200000,00300,00100,Y
240,S200000,00400,00100,Y
240,S200000,00400,00200,A
240,S200000,00500,00100,N
240,S200000,00600,00300,MEMBER/MANAGER
240,S200000,00700,00100,HELLING  PITTROFF & ASSOCIATES LLC
247,A000000,00100,00000,0100CAPITAL COSTS-BLDG & FIXT
247,A000000,00200,00000,0200CAPITAL COSTS-MVBLE EQUIPMENT
247,A000000,00300,00000,0300EMPLOYEE BENEFITS
247,A000000,00400,00000,0400ADMINISTRATIVE & GENERAL
247,A000000,00500,00000,0500OPERATION AND MAINTENANCE OF PLANT
247,A000000,00600,00000,0600HOUSEKEEPING
247,A000000,00700,00000,0700MEDICAL SUPPLIES
247,A000000,00800,00000,0800OTHER OVERHEAD
247,A000000,00900,00000,0900PROCUREMENT COORDINATORS
247,A000000,01000,00000,1000PROFESSIONAL EDUCATION
247,A000000,01100,00000,1100PUBLIC EDUCATION
247,A000000,01200,00000,1200OTHER ACQUISITION
247,A000000,01300,00000,1300KIDNEY ACQUISITIONS
247,A000000,01400,00000,1400TISSUE TYPING LABORATORY
247,A000000,01500,00000,1500LIVER ACQUISITIONS
247,A000000,01600,00000,1600HEART ACQUISITIONS
247,A000000,01700,00000,1700PANCREAS ACQUISITIONS
247,A000000,01800,00000,1800LUNG ACQUISITIONS
247,A000000,01900,00000,1900OTHER ACQUISITIONS
247,A000000,02100,00000,2100RESEARCH
247,A000000,02200,00000,2200BLOOD BANK
247,A000000,02300,00000,2300LABORATORY-NON-TISSUE TYPING
247,A000000,02400,00000,2400DIALYSIS UNITS
247,A000000,02500,00000,2500OTHER NON-REIMBURSABLE
247,A100000,01700,00000,REPAIRS AND MAINTENANCE
247,A100000,01800,00000,SAFETY
247,A100000,01900,00000,DEVELOPMENT
247,A100000,01901,00000,FUNDRAISING
247,A100000,01902,00000,SERVICE CHARGES
247,A100000,01903,00000,PROECESS IMPROVEMENT
247,A100000,01904,00000,CENTRAL OFFICE
247,A100000,01905,00000,PROFESSIONAL SERVICES
247,A100000,01906,00000,ADMINISTRATION
247,A100000,01908,00000,OTHER
247,A300000,00600,00000,SUPPLIES
247,A300000,00700,00000,CELL PHONE
247,A300000,00800,00000,PURCHASED SERVICES
247,A300000,00900,00000,DUES/SUBS
247,A300000,01000,00000,TRAVEL/MEETINGS
247,A300000,01001,00000,OTHER EXPENSE
247,A500010,00700,00300,BLOOD BANK
247,A500010,01300,00100,A
247,A500010,01300,00300,CAPITAL COSTS-BLDG & FIXT
247,A51000A,00100,00100,Y
247,A51000B,00100,00200,TISSUE TYPING LABORATORY
247,A51000B,00100,00300,HOME OFFICE
247,A51000C,00100,00100,B
247,A51000C,00100,00400,VITALANT
247,A51000C,00100,00600,NON-PROFIT CORPORATION
247,A60000A,00700,00000,LEASEHOLD IMPROVEMENTS
247,A60000B,00800,00000,OTHER
247,A60000C,00500,00100,N
247,B10000*,00100,00200,CAP BLDG
247,B10000*,00100,00300,CAP COSTS
247,B10000*,00100,00400,EMPLOYEE
247,B10000*,00100,00500,MEDICAL
247,B10000*,00100,00800,ORGAN
247,B10000*,00100,01000,ADMIN &
247,B10000*,00200,00200,OP PLANT &
247,B10000*,00200,00300,MOVABLE
247,B10000*,00200,00400,BENEFITS
247,B10000*,00200,00500,SUPPLIES
247,B10000*,00200,00800,ACQUISITN
247,B10000*,00200,01000,GENERAL
247,B10000*,00300,00200,HOUSEKEEP
247,B10000*,00300,00300,EQUIPMENT
247,B10000*,00300,00800,COSTS
247,B10000*,00400,00200,SQUARE
247,B10000*,00400,00300,DOLLAR
247,B10000*,00400,00400,ADJUST
247,B10000*,00400,00500,COSTED
247,B10000*,00400,00800,NUMBER
247,B10000*,00400,01000,ACCUM
247,B10000*,00500,00200,FEET
247,B10000*,00500,00300,VALUE
247,B10000*,00500,00400,SALARIES
247,B10000*,00500,00500,REQUISIT
247,B10000*,00500,00800,ORGANS
247,B10000*,00500,01000,COSTS
247,B10000*,00600,00200,1
247,B10000*,00600,00300,2
247,B10000*,00600,00400,3
247,B10000*,00600,00500,3
247,B10000*,00600,00800,3
247,B10000*,00600,01000,3
247,B100000,00000,01000,X
247,E000000,00900,00000,RESTRICTED CASH
247,E000000,02600,00000,PROPERTY & EQUIPMENT - NET
247,E000000,03100,00000,OTHER
247,E000000,03900,00000,RETIREMENT PLAN LIABILITY
247,E000000,04100,00000,OTHER CURRENT ACCRUED EXPENSES
247,E000000,04600,00000,OTHER LONG TERM LIABILITIES
247,E000000,04700,00000,ACCRUED PENSION & DEFERRED COMPENSAT
247,E000000,04800,00000,ACCRUED POST RETIREMENT HEALTH BENEF
247,E100001,00700,00000,NMDP
247,E200000,01500,00000,MISCELLANEOUS
247,E200000,01600,00000,INTEREST INCOME
247,S000000,00100,00100,X
247,S000000,00400,00100,2
247,S000000,00500,00100,09/25/2020
247,S000000,00600,00100,10001
247,S000000,00700,00100,N
247,S000000,00800,00100,N
247,S000000,00900,00100,03/28/2022
247,S000000,01000,00100,4
247,S000001,00100,00100,VITALANT
247,S000001,00100,00200,50HL02
247,S000001,00101,00100,210 W CATALDO AVENUE
247,S000001,00102,00100,SPOKANE
247,S000001,00102,00200,WA
247,S000001,00102,00300,99201
247,S000001,00300,00100,01/01/2019
247,S000001,00300,00200,12/31/2019
247,S000001,00400,00100,6
247,S000001,00400,00300,2
247,S000001,00400,00400,01/01/1997
247,S000001,00401,00300,1
247,S100001,00700,00100,N
247,S100001,00810,00000,OTHER
247,S100002,00400,00100,HLA-AB TYPING
247,S100002,00401,00100,HLA-DR TYPING
247,S100002,00402,00100,DECEASED DONOR PRELIMINARY AB & DR
247,S100002,00403,00100,CONFIRMATORY AB & DR CAD
247,S100002,00404,00100,ALTRUISTIC DONOR WORKUP
247,S100002,00405,00100,ABORH
247,S100002,00406,00100,ANTIBODY SCREEN
247,S100002,00407,00100,DIRECT/INDIRECT COOMBS
247,S100002,00408,00100,HLA-DPA TYPING
247,S100002,00409,00100,HLA-DPB1 TYPING
247,S100002,00410,00100,HLA-DQA TYPING
247,S100002,00411,00100,FLOWPRAI
247,S100002,00412,00100,FLOW/LUMINEX ANTIBODY ID
247,S100002,00413,00100,ANTI-A TITER
247,S100002,00414,00100,FLOW XM
247,S100002,00415,00100,OUTSIDE PURCHASE FEE
247,S100002,00416,00100,CALL BACK FEE
247,S100002,00417,00100,SAMPLE COLLECTION KIT
247,S100002,00418,00100,SPECIMEN PROCESSING/STORAGE
247,S100002,00419,00100,ANTIBODY ID DSA SUMMARY
247,S100002,00420,00100,MICA TYPING
247,S100002,00421,00100,MOLECULAR HLA-ABC TYPING
247,S100002,00422,00100,B-27 TYPING
247,S100002,00423,00100,AT1R ANTIBODY
247,S100003,00100,00100,MEDICAL DIRECTOR
247,S100003,00100,00300,MEDICAL DIRECTOR
247,S100003,00100,00500,LAB DIRECTOR
247,S100003,00101,00100,EXEC. DIRECTOR
247,S100003,00101,00300,PROCUREMENT COORDINATOR
247,S100003,00101,00500,TECHNICIANS
247,S100003,00102,00100,CLERICAL
247,S100003,00102,00300,PRESERVATION TECHNICIANS
247,S100003,00102,00500,TISSUE TYPING TECH.
247,S100003,00103,00100,OTHER
247,S100003,00103,00300,OTHER
247,S100003,00103,00500,OTHER
247,S200000,00100,00100,N
247,S200000,00200,00100,N
247,S200000,00300,00100,Y
247,S200000,00400,00100,Y
247,S200000,00400,00200,A
247,S200000,00500,00100,Y
250,A000000,00100,00000,0100CAPITAL COSTS-BLDG & FIXT
250,A000000,00200,00000,0200CAPITAL COSTS-MVBLE EQUIPMENT
250,A000000,00300,00000,0300EMPLOYEE BENEFITS
250,A000000,00400,00000,0400ADMINISTRATIVE & GENERAL
250,A000000,00500,00000,0500OPERATION AND MAINTENANCE OF PLANT
250,A000000,00600,00000,0600HOUSEKEEPING
250,A000000,00700,00000,0700MEDICAL SUPPLIES
250,A000000,00800,00000,0800OTHER OVERHEAD
250,A000000,00900,00000,0900PROCUREMENT COORDINATORS
250,A000000,01000,00000,1000PROFESSIONAL EDUCATION
250,A000000,01100,00000,1100PUBLIC EDUCATION
250,A000000,01200,00000,1200OTHER ACQUISITION
250,A000000,01300,00000,1300KIDNEY ACQUISITIONS
250,A000000,01400,00000,1400TISSUE TYPING LABORATORY
250,A000000,01500,00000,1500LIVER ACQUISITIONS
250,A000000,01600,00000,1600HEART ACQUISITIONS
250,A000000,01700,00000,1700PANCREAS ACQUISITIONS
250,A000000,01800,00000,1800LUNG ACQUISITIONS
250,A000000,01900,00000,1900OTHER ACQUISITION  (WKST A2 6 L 23
250,A000000,01901,00000,1901OTHER ACQUISITIONS 2
250,A000000,01902,00000,1902OTHER ACQUISITIONS 3
250,A000000,01903,00000,1903OTHER ACQUISITIONS 4
250,A000000,02100,00000,2100RESEARCH
250,A000000,02200,00000,2200BLOOD BANK
250,A000000,02300,00000,2300LABORATORY-NON-TISSUE TYPING
250,A000000,02400,00000,2400DIALYSIS UNITS
250,A000000,02500,00000,2500OTHER NON-REIMBURSABLE
250,A100000,01700,00000,DUES & SUBSCRIPTIONS
250,A100000,01800,00000,OPERATION & MAINTENANCE
250,A100000,01900,00000,NON-CAPITAL EQUIPMENT
250,A20O000,02100,00000,OTHER ACQUISITIONS 1
250,A20O001,02100,00000,OTHER ACQUISITIONS 2
250,A20O002,02100,00000,OTHER ACQUISITIONS 3
250,A20O003,02100,00000,OTHER ACQUISITIONS 4
250,A300000,00600,00000,TISSUE TYPING SUPPLIES
250,A300000,00700,00000,CONTRACT LABOR/MEDICAL SERVICES
250,A300000,00800,00000,STUDY SUBJECTS/BAD DEBTS
250,A400010,00100,00000,EQUIPMENT RENTAL
250,A400010,00100,00100,A
250,A400010,00100,00200,CAPITAL COSTS-MVBLE EQUIPMENT
250,A400010,00100,00500,ADMINISTRATIVE & GENERAL
250,A500010,00200,00100,B
250,A500010,00200,00300,ADMINISTRATIVE & GENERAL
250,A500010,01400,00100,A
250,A500010,01400,00300,CAPITAL COSTS-MVBLE EQUIPMENT
250,A500010,01500,00000,LEASE PURCHASE
250,A500010,01500,00100,A
250,A500010,01500,00300,CAPITAL COSTS-MVBLE EQUIPMENT
250,A500010,01501,00000,BAD DEBTS
250,A500010,01501,00100,A
250,A500010,01501,00300,TISSUE TYPING LABORATORY
250,A500010,01502,00000,CAPITALIZED EQUIPMENT
250,A500010,01502,00100,A
250,A500010,01502,00300,CAPITAL COSTS-MVBLE EQUIPMENT
250,A500010,01600,00000,PART B COST RECOVERY
250,A500010,01600,00100,B
250,A500010,01600,00300,TISSUE TYPING LABORATORY
250,A51000A,00100,00100,N
250,A60000A,00700,00000,7    PRIOR PERIOD ADJ.
250,A60000C,00500,00100,N
250,B10000*,00100,00200,CAP BLDG
250,B10000*,00100,00300,CAP COSTS
250,B10000*,00100,00400,EMPLOYEE
250,B10000*,00100,00500,MEDICAL
250,B10000*,00100,00800,ORGAN
250,B10000*,00100,01000,ADMIN &
250,B10000*,00200,00200,OP PLANT &
250,B10000*,00200,00300,MOVABLE
250,B10000*,00200,00400,BENEFITS
250,B10000*,00200,00500,SUPPLIES
250,B10000*,00200,00800,ACQUISITN
250,B10000*,00200,01000,GENERAL
250,B10000*,00300,00200,HOUSEKEEP
250,B10000*,00300,00300,EQUIPMENT
250,B10000*,00300,00800,COSTS
250,B10000*,00400,00200,SQUARE SQ.
250,B10000*,00400,00300,DOLLAR
250,B10000*,00400,00400,ADJUST
250,B10000*,00400,00500,COSTED REQ
250,B10000*,00400,00800,NO. OF ORG
250,B10000*,00400,01000,ACCUM
250,B10000*,00500,00200,FT.
250,B10000*,00500,00300,VALUE
250,B10000*,00500,00400,SALARIES
250,B10000*,00500,00500,UIS
250,B10000*,00500,00800,ANS
250,B10000*,00500,01000,COSTS
250,B10000*,00600,00200,1
250,B10000*,00600,00300,2
250,B10000*,00600,00400,3
250,B10000*,00600,00500,3
250,B10000*,00600,00800,3
250,B10000*,00600,01000,3
250,B100000,00000,01000,X
250,E100002,00300,00000,VOLUNTARY TRANSFERS
250,E100002,00400,00000,TRANSFER OUT - PRINCIPAL
250,E100002,00500,00000,TRANSFER OUT - INTEREST
250,E100002,00900,00000,OTHER
250,S000000,00100,00100,X
250,S000000,00400,00100,2
250,S000000,00500,00100,12/08/2020
250,S000000,00600,00100,10001
250,S000000,00700,00100,N
250,S000000,00800,00100,N
250,S000000,00900,00100,04/12/2022
250,S000000,01000,00100,4
250,S000001,00100,00100,CLINIMMUNE LABS
250,S000001,00100,00200,06HL04
250,S000001,00101,00100,12705 E. MONTVIEW BLVD.  SUITE 250
250,S000001,00102,00100,AURORA
250,S000001,00102,00200,CO
250,S000001,00102,00300,80045
250,S000001,00300,00100,07/01/2019
250,S000001,00300,00200,06/30/2020
250,S000001,00400,00100,8
250,S000001,00400,00300,2
250,S000001,00400,00400,11/16/1987
250,S000001,00401,00300,1
250,S100001,00700,00100,N
250,S100001,00810,00000,OTHER
250,S100002,00400,00100,ABO BLOOD TYPING
250,S100002,00401,00100,VIRTUAL XM
250,S100002,00402,00100,DONOR CELL PREP
250,S100002,00403,00100,FINAL CROSSMATCH
250,S100002,00404,00100,PRA HIGH DEF CLASS I
250,S100002,00405,00100,PRA HIGH DEF CLASS II
250,S100002,00406,00100,PRA CRITICAL STAT 6HR
250,S100002,00407,00100,PRA STAT HIGH DEF 24HR
250,S100002,00408,00100,DRB1 DQB1 DPBA HR
250,S100002,00409,00100,PRELIMINARY CROSSMATCH
250,S100002,00410,00100,CYLEX T CELL IMMUNO ASSAY
250,S100002,00411,00100,DNA EXTRACT %2B HOLD
250,S100002,00412,00100,DRBI HR
250,S100002,00413,00100,DQB1 HR
250,S100002,00414,00100,DQBI LR
250,S100002,00415,00100,DRB1 LR
250,S100002,00416,00100,PRA  HIGH DEFINITION
250,S100002,00417,00100,NO SCREEN  SERUM STORAGE
250,S100002,00418,00100,A LR
250,S100002,00419,00100,B LR
250,S100002,00420,00100,B HR
250,S100002,00421,00100,C LR
250,S100002,00422,00100,DPB1
250,S100002,00423,00100,DRB3/4/5 LR
250,S100002,00424,00100,DRB3/4/5 HR
250,S100002,00425,00100,DQA1 LR
250,S100002,00426,00100,A B C DRB1/3/4/5  DQ LR
250,S100002,00427,00100,A B DR LR
250,S100002,00428,00100,PRA AB SCREEN
250,S100002,00429,00100,SHIPPING HANDLING REFERRAL TESTING
250,S100002,00430,00100,C HR
250,S100002,00431,00100,ABO-A SUBTYPING
250,S100002,00432,00100,A B C DR DQ HR
250,S100002,00433,00100,ANTI-A TITER
250,S100002,00434,00100,SERUM TRANSFER FOR ANTI-A TITER
250,S100003,00100,00100,MEDICAL DIRECTOR
250,S100003,00100,00300,MEDICAL DIRECTOR
250,S100003,00100,00500,LAB DIRECTOR
250,S100003,00101,00100,EXEC. DIRECTOR
250,S100003,00101,00300,PROCUREMENT COORDINATOR
250,S100003,00101,00500,TECHNICIANS
250,S100003,00102,00100,CLERICAL
250,S100003,00102,00300,PRESERVATION TECHNICIANS
250,S100003,00102,00500,TISSUE TYPING TECH.
250,S100003,00103,00100,OTHER
250,S100003,00103,00300,OTHER
250,S100003,00103,00500,OTHER
250,S200000,00100,00100,N
250,S200000,00200,00100,N
250,S200000,00300,00100,N
250,S200000,00400,00100,N
250,S200000,00500,00100,N
250,S200000,00600,00300,DIRECTOR
250,S200000,00700,00100,UNIV OF CO
251,A000000,00100,00000,0100CAPITAL COSTS-BLDG & FIXT
251,A000000,00200,00000,0200CAPITAL COSTS-MVBLE EQUIPMENT
251,A000000,00300,00000,0300EMPLOYEE BENEFITS
251,A000000,00400,00000,0400ADMINISTRATIVE & GENERAL
251,A000000,00500,00000,0500OPERATION AND MAINTENANCE OF PLANT
251,A000000,00600,00000,0600HOUSEKEEPING
251,A000000,00700,00000,0700MEDICAL SUPPLIES
251,A000000,00800,00000,0800OTHER OVERHEAD
251,A000000,00900,00000,0900PROCUREMENT COORDINATORS
251,A000000,01000,00000,1000PROFESSIONAL EDUCATION
251,A000000,01100,00000,1100PUBLIC EDUCATION
251,A000000,01300,00000,1300KIDNEY ACQUISITIONS
251,A000000,01400,00000,1400TISSUE TYPING LABORATORY
251,A000000,01500,00000,1500LIVER ACQUISITIONS
251,A000000,01600,00000,1600HEART ACQUISITIONS
251,A000000,01700,00000,1700PANCREAS ACQUISITIONS
251,A000000,01800,00000,1800LUNG ACQUISITIONS
251,A000000,01900,00000,1900OTHER 1            (WKST A2 6 L 23
251,A000000,02100,00000,2100RESEARCH
251,A000000,02200,00000,2200BLOOD BANK
251,A000000,02300,00000,2300LABORATORY-NON-TISSUE TYPING
251,A000000,02400,00000,2400DIALYSIS UNITS
251,A100000,01700,00000,OTHER ADMIN & GENERAL
251,A300000,00600,00000,EQUIPMENT
251,A300000,00700,00000,SUPPLIES
251,A300000,00800,00000,OTHER
251,A300000,00900,00000,DONOR TISSUE TYPING
251,A51000A,00100,00100,Y
251,A51000B,00100,00200,ADMINISTRATIVE & GENERAL
251,A51000C,00100,00100,B
251,A51000C,00100,00200,TRANSPLANT IMMUNOLOGY LAB
251,A51000C,00100,00400,LIFELINK FOUNDATION
251,A51000C,00100,00600,TISSUE TYPING
251,A60000C,00500,00100,N
251,B10000*,00100,00200,CAP BLDG
251,B10000*,00100,00300,CAP COSTS
251,B10000*,00100,00400,EMPLOYEE
251,B10000*,00100,00500,MEDICAL
251,B10000*,00100,00800,ORGAN
251,B10000*,00100,01000,ADMIN &
251,B10000*,00200,00200,OP PLANT &
251,B10000*,00200,00300,MOVABLE
251,B10000*,00200,00400,BENEFITS
251,B10000*,00200,00500,SUPPLIES
251,B10000*,00200,00800,ACQUISITN
251,B10000*,00200,01000,GENERAL
251,B10000*,00300,00200,HOUSEKEEP
251,B10000*,00300,00300,EQUIPMENT
251,B10000*,00300,00800,COSTS
251,B10000*,00400,00200,SQUARE SQ.
251,B10000*,00400,00300,DOLLAR
251,B10000*,00400,00400,ADJUST
251,B10000*,00400,00500,COSTED REQ
251,B10000*,00400,00800,NO. OF ORG
251,B10000*,00400,01000,ACCUM
251,B10000*,00500,00200,FT.)
251,B10000*,00500,00300,VALUE
251,B10000*,00500,00400,SALARIES
251,B10000*,00500,00500,UIS
251,B10000*,00500,00800,ANS
251,B10000*,00500,01000,COSTS
251,B10000*,00600,00200,1
251,B10000*,00600,00300,2
251,B10000*,00600,00400,3
251,B10000*,00600,00500,3
251,B10000*,00600,00800,3
251,B10000*,00600,01000,3
251,B100000,00000,01000,X
251,E000000,00900,00000,OTHER CURRENT ASSETS
251,E000000,02600,00000,OTHER FIXED ASSETS
251,E100002,00300,00000,HOME OFFICE
251,E200000,02600,00000,MEDICARE PAYABLE
251,S000000,00100,00100,X
251,S000000,00400,00100,2
251,S000000,00500,00100,11/25/2020
251,S000000,00600,00100,10001
251,S000000,00700,00100,N
251,S000000,00800,00100,N
251,S000000,00900,00100,04/12/2022
251,S000000,01000,00100,4
251,S000001,00100,00100,LIFELINK TRANSPLANT IMMUNOLOGY LAB
251,S000001,00100,00200,10HL01
251,S000001,00101,00100,9661 DELANEY CREEK BOULEVARD
251,S000001,00102,00100,TAMPA
251,S000001,00102,00200,FL
251,S000001,00102,00300,33619
251,S000001,00300,00100,07/01/2019
251,S000001,00300,00200,06/30/2020
251,S000001,00400,00100,8
251,S000001,00400,00300,2
251,S000001,00400,00400,10/01/1999
251,S000001,00401,00300,2
251,S000002,00100,00200,Y
251,S000002,00300,00100,SR VP/CFO
251,S000002,00400,00100,11/23/2020
251,S100001,00700,00100,N
251,S100001,00810,00000,OTHER
251,S100002,00400,00100,ABO & RH
251,S100002,00401,00100,AFTER HOURS STAT FEE
251,S100002,00402,00100,MAPS
251,S100002,00403,00100,FINAL CROSSMATCH - DECEASED DONOR
251,S100002,00404,00100,FINAL CROSSMATCH - LIVING RELATED
251,S100002,00405,00100,MOLECULAR HLA A B C DR DQ DP TYPING
251,S100002,00406,00100,HLA DECEASED DONOR TYPING-SHARED
251,S100002,00407,00100,HLA DR
251,S100002,00408,00100,PRELIMINARY EXTENSIVE CROSSMATCH
251,S100002,00409,00100,SPECIAL ANTIBODY CHARACTERIZATION I
251,S100002,00410,00100,SPECIAL ANTIBODY CHARACTERIZATIONII
251,S100002,00411,00100,INFECT DISEASE TEST INDIVID EIA ASSA
251,S100002,00412,00100,STAT FEE
251,S100002,00413,00100,C1Q CLASS II ANTIBODY IDENTIF
251,S100002,00414,00100,SUPPLEMENTAL CLASS II ANTIBODY IDEN
251,S100002,00415,00100,OUT OF COUNTRY MAILER
251,S100002,00416,00100,AT1R
251,S100002,00417,00100,CLASS I AND II ANTIBODY SCREENING
251,S100002,00418,00100,CLASS I ANITBODY-LUMINEX SIN
251,S100002,00419,00100,CLASS II ANTIBODY-LUNIMEX SI
251,S100002,00420,00100,DECEASED DONOR CELL STORAGE
251,S100002,00421,00100,HLA CLASS I/II ANTIBODY SCREENING
251,S100002,00422,00100,SERUM SAMPLE STORAGE AND PROCESSING
251,S100002,00423,00100,SUPPLEMENTAL CLASS I ANTIBODY
251,S100002,00424,00100,C1Q CLASS I ANTIBODY IDENTIF
251,S100002,00425,00100,AT 1R DILUTION
251,S100002,00426,00100,FINAL X MATCH DECEASED DONOR
251,S100002,00427,00100,FINAL X MATCH LIVING RELATED
251,S100002,00428,00100,MAILER KIT OUT OF COUNTRY
251,S100003,00100,00100,MEDICAL DIRECTOR
251,S100003,00100,00300,MEDICAL DIRECTOR
251,S100003,00100,00500,LAB DIRECTOR
251,S100003,00101,00100,EXEC. DIRECTOR
251,S100003,00101,00300,PROCUREMENT COORDINATOR
251,S100003,00101,00500,TECHNICIANS
251,S100003,00102,00100,CLERICAL
251,S100003,00102,00300,PRESERVATION TECHNICIANS
251,S100003,00102,00500,TISSUE TYPING TECH.
251,S100003,00103,00100,OTHER
251,S100003,00103,00300,OTHER
251,S100003,00103,00500,OTHER
251,S200000,00100,00100,N
251,S200000,00200,00100,N
251,S200000,00300,00100,Y
251,S200000,00400,00100,Y
251,S200000,00400,00200,A
251,S200000,00500,00100,Y
251,S200000,00600,00300,CFO
251,S200000,00700,00100,LIFELINK FOUNDATION
252,A000000,00100,00000,0100CAPITAL COSTS-BLDG & FIXT
252,A000000,00200,00000,0200CAPITAL COSTS-MVBLE EQUIPMENT
252,A000000,00300,00000,0300EMPLOYEE BENEFITS
252,A000000,00400,00000,0400ADMINISTRATIVE & GENERAL
252,A000000,00500,00000,0500OPERATION AND MAINTENANCE OF PLANT
252,A000000,00600,00000,0600HOUSEKEEPING
252,A000000,00700,00000,0700MEDICAL SUPPLIES
252,A000000,00800,00000,0800OTHER OVERHEAD
252,A000000,00900,00000,0900PROCUREMENT COORDINATORS
252,A000000,01000,00000,1000PROFESSIONAL EDUCATION
252,A000000,01100,00000,1100PUBLIC EDUCATION
252,A000000,01200,00000,1200OTHER ACQUISITION
252,A000000,01300,00000,1300KIDNEY ACQUISITIONS
252,A000000,01400,00000,1400TISSUE TYPING LABORATORY
252,A000000,01500,00000,1500LIVER ACQUISITIONS
252,A000000,01600,00000,1600HEART ACQUISITIONS
252,A000000,01700,00000,1700PANCREAS ACQUISITIONS
252,A000000,01800,00000,1800LUNG ACQUISITIONS
252,A000000,01900,00000,1900OTHER ACQUISITIONS
252,A000000,02100,00000,2100RESEARCH
252,A000000,02200,00000,2200BLOOD BANK
252,A000000,02300,00000,2300LABORATORY-NON-TISSUE TYPING
252,A000000,02400,00000,2400DIALYSIS UNITS
252,A000000,02500,00000,2500OTHER NON-REIMBURSABLE
252,A100000,01700,00000,AUDIO VISUAL
252,A100000,01800,00000,LICENSES  DUES  MEMBERSHIPS
252,A100000,01900,00000,SECURE DOCUMENT HANDLING
252,A300000,00600,00000,LAB ASSISTANT
252,A300000,00700,00000,LAB SUPPLIES & REAGENTS
252,A300000,00800,00000,LAB SUPPLIES FREIGHT
252,A300000,00900,00000,LAB DIRECTOR-IN-TRAINING
252,A500010,01500,00000,CMS LATE FEES / PENALTY
252,A500010,01500,00100,A
252,A500010,01500,00300,ADMINISTRATIVE & GENERAL
252,A51000A,00100,00100,N
252,B10000*,00100,00200,CAP BLDG
252,B10000*,00100,00300,CAP COSTS
252,B10000*,00100,00400,EMPLOYEE
252,B10000*,00100,00500,MEDICAL
252,B10000*,00100,00800,ORGAN
252,B10000*,00100,01000,ADMIN &
252,B10000*,00200,00200,OP PLANT &
252,B10000*,00200,00300,MOVABLE
252,B10000*,00200,00400,BENEFITS
252,B10000*,00200,00500,SUPPLIES
252,B10000*,00200,00800,ACQUISITN
252,B10000*,00200,01000,GENERAL
252,B10000*,00300,00200,HOUSEKEEP
252,B10000*,00300,00300,EQUIPMENT
252,B10000*,00300,00800,COSTS
252,B10000*,00400,00200,SQUARE
252,B10000*,00400,00300,DOLLAR
252,B10000*,00400,00400,ADJUST
252,B10000*,00400,00500,COSTED
252,B10000*,00400,00800,NUMBER
252,B10000*,00400,01000,ACCUM
252,B10000*,00500,00200,FEET
252,B10000*,00500,00300,VALUE
252,B10000*,00500,00400,SALARIES
252,B10000*,00500,00500,REQUISIT
252,B10000*,00500,00800,ORGANS
252,B10000*,00500,01000,COSTS
252,B10000*,00600,00200,1
252,B10000*,00600,00300,2
252,B10000*,00600,00400,3
252,B10000*,00600,00500,3
252,B10000*,00600,00800,3
252,B10000*,00600,01000,3
252,B100000,00000,01000,X
252,S000000,00100,00100,X
252,S000000,00400,00100,2
252,S000000,00500,00100,12/15/2020
252,S000000,00600,00100,10001
252,S000000,00700,00100,N
252,S000000,00800,00100,N
252,S000000,00900,00100,04/15/2022
252,S000000,01000,00100,4
252,S000001,00100,00100,TULANE HISTO & IMMUNOGENETICS LAB
252,S000001,00100,00200,19HL05
252,S000001,00101,00100,1430 TULANE AVE  SL-75
252,S000001,00102,00100,NEW ORLEANS
252,S000001,00102,00200,LA
252,S000001,00102,00300,70112
252,S000001,00300,00100,07/01/2019
252,S000001,00300,00200,06/30/2020
252,S000001,00400,00100,8
252,S000001,00400,00300,2
252,S000001,00400,00400,07/01/1994
252,S000001,00401,00300,2
252,S100001,00700,00100,N
252,S100001,00810,00000,OTHER
252,S100002,00400,00100,HLA CLASS I/II TYPING LOW RES
252,S100002,00401,00100,HLA CLASS II TYPING LOW RES
252,S100002,00402,00100,HLA CLASS II TYPING LOW RES  1 LOCUS
252,S100002,00403,00100,HLA DPB1 + DPA1 TYPING
252,S100002,00404,00100,HLA CLASS I AB ID  SINGLE AG BEADS
252,S100002,00405,00100,HLA CLASS II AB ID  SINGLE AG BEADS
252,S100002,00406,00100,HLA CLASS I AB ID  PHENOTYPIC BEADS
252,S100002,00407,00100,HLA CLASS II AB ID  PHENOTYPIC BEADS
252,S100002,00408,00100,HLA ANTIBODY STAT CHARGE
252,S100002,00409,00100,FLOW T/B-CELL CROSSMATCH
252,S100002,00410,00100,FLOW T/B-CELL CROSSMATCH AUTO
252,S100002,00411,00100,FLOW T/B-CELL CROSSMATCH ADDL SERA
252,S100002,00412,00100,DECEASED DONOR WORKUP IMPORT
252,S100002,00413,00100,DECEASED DONOR WORKUP LOCAL
252,S100002,00414,00100,MISC CALL PAY
252,S100003,00100,00100,MEDICAL DIRECTOR
252,S100003,00100,00300,MEDICAL DIRECTOR
252,S100003,00100,00500,LAB DIRECTOR
252,S100003,00101,00100,EXEC. DIRECTOR
252,S100003,00101,00300,PROCUREMENT COORDINATOR
252,S100003,00101,00500,TECHNICIANS
252,S100003,00102,00100,CLERICAL
252,S100003,00102,00300,PRESERVATION TECHNICIANS
252,S100003,00102,00500,TISSUE TYPING TECH.
252,S100003,00103,00100,OTHER
252,S100003,00103,00300,OTHER
252,S100003,00103,00500,OTHER
252,S200000,00100,00100,N
252,S200000,00200,00100,N
252,S200000,00300,00100,N
252,S200000,00400,00100,Y
252,S200000,00400,00200,A
252,S200000,00500,00100,N
252,S200000,00600,00300,HLA LAB DIRECTOR IN TRAINING
252,S200000,00700,00100,TULANE SCHOOL OF MEDICINE
263,A000000,00100,00000,0100CAPITAL COSTS-BLDG & FIXT
263,A000000,00200,00000,0200CAPITAL COSTS-MVBLE EQUIPMENT
263,A000000,00300,00000,0300EMPLOYEE BENEFITS
263,A000000,00400,00000,0400ADMINISTRATIVE & GENERAL
263,A000000,00500,00000,0500OPERATION AND MAINTENANCE OF PLANT
263,A000000,00600,00000,0600HOUSEKEEPING
263,A000000,00700,00000,0700MEDICAL SUPPLIES
263,A000000,00800,00000,0800OTHER OVERHEAD
263,A000000,00900,00000,0900PROCUREMENT COORDINATORS
263,A000000,01000,00000,1000PROFESSIONAL EDUCATION
263,A000000,01100,00000,1100PUBLIC EDUCATION
263,A000000,01300,00000,1300KIDNEY ACQUISITIONS
263,A000000,01400,00000,1400TISSUE TYPING LABORATORY
263,A000000,01500,00000,1500LIVER ACQUISITIONS
263,A000000,01600,00000,1600HEART ACQUISITIONS
263,A000000,01700,00000,1700PANCREAS ACQUISITIONS
263,A000000,01800,00000,1800LUNG ACQUISITIONS
263,A000000,01900,00000,1900OTHER 1          S 2
263,A000000,02100,00000,2100RESEARCH
263,A000000,02200,00000,2200BLOOD BANK
263,A000000,02300,00000,2300LABORATORY-NON-TISSUE TYPING
263,A000000,02400,00000,2400DIALYSIS UNITS
263,A100000,01700,00000,OTHER ADMIN & GENERAL
263,A20H000,00900,00000,OTHER EXCISION HOSPITAL-OTHER COSTS
263,A20H000,02100,00000,OTHER ACQUISITION COSTS-OTHER COSTS
263,A20K000,00900,00000,OTHER EXCISION HOSPITALOTHER COSTS
263,A20K000,02100,00000,OTHER ACQUISITION COSTS-OTHER COSTS
263,A20L000,00900,00000,OTHER EXCISION HOSPITAL-OTHER COSTS
263,A20L000,02100,00000,OTHER ACQUISITION COSTS-OTHER COSTS
263,A20O000,00900,00000,OTHER EXCISION HOSPITAL-OTHER COSTS
263,A20O000,02100,00000,OTHER ACQUISITION COSTS-OTHER COSTS
263,A20P000,00900,00000,OTHER EXCISION HOSPITALOTHER COSTS
263,A20P000,02100,00000,OTHER ACQUISITION COSTS-OTHER COSTS
263,A20U000,00900,00000,OTHER EXCISION HOSPITAL-OTHER COSTS
263,A20U000,02100,00000,OTHER ACQUISTION COSTS-OTHER COSTS
263,A51000A,00100,00100,Y
263,A51000B,00100,00200,ADMINISTRATIVE & GENERAL
263,A51000C,00100,00100,B
263,A51000C,00100,00200,LIFELINK OF GEORGIA
263,A51000C,00100,00400,LIFELINK FOUNDATION
263,A51000C,00100,00600,ORGAN PROCUREMENT
263,A60000C,00500,00100,N
263,B10000*,00100,00200,CAP BLDG
263,B10000*,00100,00300,CAP COSTS
263,B10000*,00100,00400,EMPLOYEE
263,B10000*,00100,00500,MEDICAL
263,B10000*,00100,00800,ORGAN
263,B10000*,00100,01000,ADMIN &
263,B10000*,00200,00200,OP PLANT &
263,B10000*,00200,00300,MOVABLE
263,B10000*,00200,00400,BENEFITS
263,B10000*,00200,00500,SUPPLIES
263,B10000*,00200,00800,ACQUISITN
263,B10000*,00200,01000,GENERAL
263,B10000*,00300,00200,HOUSEKEEP
263,B10000*,00300,00300,EQUIPMENT
263,B10000*,00300,00800,COSTS
263,B10000*,00400,00200,SQUARE SQ.
263,B10000*,00400,00300,DOLLAR
263,B10000*,00400,00400,ADJUST
263,B10000*,00400,00500,COSTED REQ
263,B10000*,00400,00800,NO. OF ORG
263,B10000*,00400,01000,ACCUM
263,B10000*,00500,00200,FT.)
263,B10000*,00500,00300,VALUE
263,B10000*,00500,00400,SALARIES
263,B10000*,00500,00500,UIS
263,B10000*,00500,00800,ANS
263,B10000*,00500,01000,COSTS
263,B10000*,00600,00200,1
263,B10000*,00600,00300,2
263,B10000*,00600,00400,3
263,B10000*,00600,00500,3
263,B10000*,00600,00800,3
263,B10000*,00600,01000,3
263,B100000,00000,01000,X
263,E000000,00900,00000,OTHER CURRENT ASSETS
263,E000000,02600,00000,OTHER FIXED ASSETS
263,E100002,00400,00000,HOME OFFICE
263,E200000,01500,00000,OUT OF SERVICE AREA FEES
263,E200000,02000,00000,MEDICARE RECEIVABLE NET OF SEQUEST
263,E200000,02600,00000,MEDICARE PAYABLE
263,E200000,02700,00000,NON-ALLOWABLE COSTS
263,S000000,00100,00100,X
263,S000000,00400,00100,2
263,S000000,00500,00100,11/25/2020
263,S000000,00600,00100,10001
263,S000000,00700,00100,N
263,S000000,00800,00100,N
263,S000000,00900,00100,05/10/2022
263,S000000,01000,00100,4
263,S000001,00100,00100,LIFELINK OF GEORGIA
263,S000001,00100,00200,11P002
263,S000001,00101,00100,2875 NORTHWOODS PARKWAY
263,S000001,00102,00100,NORCROSS
263,S000001,00102,00200,GA
263,S000001,00102,00300,30071
263,S000001,00300,00100,07/01/2019
263,S000001,00300,00200,06/30/2020
263,S000001,00400,00100,8
263,S000001,00400,00300,1
263,S000001,00400,00400,10/01/1999
263,S000001,00401,00300,1
263,S000002,00100,00200,Y
263,S000002,00300,00100,CFO/VP
263,S000002,00400,00100,11/23/2020
263,S100001,00700,00100,N
263,S100001,00810,00000,INTESTINE
263,S100003,00100,00100,MEDICAL DIRECTOR
263,S100003,00100,00300,MEDICAL DIRECTOR
263,S100003,00100,00500,LAB DIRECTOR
263,S100003,00101,00100,EXEC. DIRECTOR
263,S100003,00101,00300,PROCUREMENT COORDINATOR
263,S100003,00101,00500,TECHNICIANS
263,S100003,00102,00100,CLERICAL
263,S100003,00102,00300,PRESERVATION TECHNICIANS
263,S100003,00102,00500,TISSUE TYPING TECH.
263,S100003,00103,00100,OTHER
263,S100003,00103,00300,OTHER
263,S100003,00103,00500,OTHER
263,S200000,00100,00100,N
263,S200000,00200,00100,N
263,S200000,00300,00100,Y
263,S200000,00400,00100,Y
263,S200000,00400,00200,A
263,S200000,00500,00100,Y
263,S200000,00600,00300,CFO
263,S200000,00700,00100,LIFELINK FOUNDATION
264,A000000,00100,00000,0100CAPITAL COSTS-BLDG & FIXT
264,A000000,00200,00000,0200CAPITAL COSTS-MVBLE EQUIPMENT
264,A000000,00300,00000,0300EMPLOYEE BENEFITS
264,A000000,00400,00000,0400ADMINISTRATIVE & GENERAL
264,A000000,00500,00000,0500OPERATION AND MAINTENANCE OF PLANT
264,A000000,00600,00000,0600HOUSEKEEPING
264,A000000,00700,00000,0700MEDICAL SUPPLIES
264,A000000,00800,00000,0800OTHER OVERHEAD
264,A000000,00900,00000,0900PROCUREMENT COORDINATORS
264,A000000,01000,00000,1000PROFESSIONAL EDUCATION
264,A000000,01100,00000,1100PUBLIC EDUCATION
264,A000000,01200,00000,1200OTHER ACQUISITION
264,A000000,01300,00000,1300KIDNEY ACQUISITIONS
264,A000000,01400,00000,1400TISSUE TYPING LABORATORY
264,A000000,01500,00000,1500LIVER ACQUISITIONS
264,A000000,01600,00000,1600HEART ACQUISITIONS
264,A000000,01700,00000,1700PANCREAS ACQUISITIONS
264,A000000,01800,00000,1800LUNG ACQUISITIONS
264,A000000,01900,00000,1900OTHER ACQUISITIONS
264,A000000,02100,00000,2100RESEARCH
264,A000000,02200,00000,2200BLOOD BANK
264,A000000,02300,00000,2300LABORATORY-NON-TISSUE TYPING
264,A000000,02400,00000,2400DIALYSIS UNITS
264,A000000,02500,00000,2500OTHER NON-REIMBURSABLE
264,A100000,01700,00000,OTHER EXPENSE
264,A100000,01800,00000,POSTAGE
264,A100000,01900,00000,COMPUTERS/SOFTWARE
264,A100000,01901,00000,COMPUTER HARDWARE/SOFTWARE COORDINAT
264,A100000,01902,00000,UNIVERSITY OVERHEAD
264,A300000,00600,00000,GRADUATE ASSISTANT
264,A300000,00700,00000,COURIER/OVERNIGHT DELIVERY
264,A300000,00800,00000,LABORATORY SUPPLIES
264,A300000,00900,00000,OTHER EXPENSE
264,A51000A,00100,00100,N
264,A60000C,00500,00100,N
264,B10000*,00100,00200,CAP BLDG
264,B10000*,00100,00300,CAP COSTS
264,B10000*,00100,00400,EMPLOYEE
264,B10000*,00100,00500,MEDICAL
264,B10000*,00100,00800,ORGAN
264,B10000*,00100,01000,ADMIN &
264,B10000*,00200,00200,OP PLANT &
264,B10000*,00200,00300,MOVABLE
264,B10000*,00200,00400,BENEFITS
264,B10000*,00200,00500,SUPPLIES
264,B10000*,00200,00800,ACQUISITN
264,B10000*,00200,01000,GENERAL
264,B10000*,00300,00200,HOUSEKEEP
264,B10000*,00300,00300,EQUIPMENT
264,B10000*,00300,00800,COSTS
264,B10000*,00400,00200,SQUARE
264,B10000*,00400,00300,DOLLAR
264,B10000*,00400,00400,ADJUST
264,B10000*,00400,00500,COSTED
264,B10000*,00400,00800,NUMBER
264,B10000*,00400,01000,ACCUM
264,B10000*,00500,00200,FEET
264,B10000*,00500,00300,VALUE
264,B10000*,00500,00400,SALARIES
264,B10000*,00500,00500,REQUISIT
264,B10000*,00500,00800,ORGANS
264,B10000*,00500,01000,COSTS
264,B10000*,00600,00200,1
264,B10000*,00600,00300,2
264,B10000*,00600,00400,3
264,B10000*,00600,00500,3
264,B10000*,00600,00800,3
264,B10000*,00600,01000,3
264,B100000,00000,01000,X
264,S000000,00100,00100,X
264,S000000,00400,00100,2
264,S000000,00500,00100,11/25/2020
264,S000000,00600,00100,10001
264,S000000,00700,00100,N
264,S000000,00800,00100,N
264,S000000,00900,00100,05/10/2022
264,S000000,01000,00100,4
264,S000001,00100,00100,MSU RESEARCH & IMMUNOLOGY LABORATORY
264,S000001,00100,00200,23HL02
264,S000001,00101,00100,1355 BOGUE ST  ROOM B228
264,S000001,00102,00100,EAST LANSING
264,S000001,00102,00200,MI
264,S000001,00102,00300,48824
264,S000001,00300,00100,07/01/2019
264,S000001,00300,00200,06/30/2020
264,S000001,00400,00100,10
264,S000001,00400,00300,2
264,S000001,00400,00400,01/01/1966
264,S000001,00401,00300,1
264,S000002,00300,00100,FINANCIAL ADMINISTRATOR
264,S100001,00700,00100,N
264,S100001,00810,00000,OTHER
264,S100002,00400,00100,SERUM BANKING (W/O PRA)
264,S100002,00401,00100,SUPPLEMENTAL HLA-DR DQ DP MOLECULAR
264,S100002,00402,00100,HLA SINGLE LOCUS LOW RESOLUTION MOLE
264,S100002,00403,00100,HLA-A B C DR DQ DP TRANSPLANT EVAL
264,S100002,00404,00100,T AND B CELL LYMPHOCYTE CROSSMATCH(F
264,S100002,00405,00100,HLA ANTIBODY SCREEN (BEAD ARRAY)
264,S100002,00406,00100,HLA CLASS I PRA/ID (BEAD ARRAY)
264,S100002,00407,00100,HLA CLASS II PRA/ID (BEAD ARRAY)
264,S100002,00408,00100,HLA CLASS I SINGLE ANTIGEN(BEAD ARRA
264,S100002,00409,00100,HLA CLASS II SINGLE ANTIGEN(BEAD ARR
264,S100003,00100,00100,MEDICAL DIRECTOR
264,S100003,00100,00300,MEDICAL DIRECTOR
264,S100003,00100,00500,LAB DIRECTOR
264,S100003,00101,00100,EXEC. DIRECTOR
264,S100003,00101,00300,PROCUREMENT COORDINATOR
264,S100003,00101,00500,TECHNICIANS
264,S100003,00102,00100,CLERICAL
264,S100003,00102,00300,PRESERVATION TECHNICIANS
264,S100003,00102,00500,TISSUE TYPING TECH.
264,S100003,00103,00100,OTHER
264,S100003,00103,00300,OTHER
264,S100003,00103,00500,OTHER
264,S200000,00100,00100,N
264,S200000,00200,00100,N
264,S200000,00300,00100,N
264,S200000,00400,00100,N
264,S200000,00500,00100,Y
264,S200000,00600,00300,FINANCIAL ADMINISTRATOR
264,S200000,00700,00100,MICHIGAN STATE UNIVERSITY
265,A000000,00100,00000,0100CAPITAL COSTS-BLDG & FIXT
265,A000000,00200,00000,0200CAPITAL COSTS-MVBLE EQUIPMENT
265,A000000,00300,00000,0300EMPLOYEE BENEFITS
265,A000000,00400,00000,0400ADMINISTRATIVE & GENERAL
265,A000000,00500,00000,0500OPERATION AND MAINTENANCE OF PLANT
265,A000000,00600,00000,0600HOUSEKEEPING
265,A000000,00700,00000,0700MEDICAL SUPPLIES
265,A000000,00800,00000,0800OTHER OVERHEAD
265,A000000,00900,00000,0900PROCUREMENT COORDINATORS
265,A000000,01000,00000,1000PROFESSIONAL EDUCATION
265,A000000,01100,00000,1100PUBLIC EDUCATION
265,A000000,01200,00000,1200OTHER ACQUISITION
265,A000000,01300,00000,1300KIDNEY ACQUISITIONS
265,A000000,01400,00000,1400TISSUE TYPING LABORATORY
265,A000000,01500,00000,1500LIVER ACQUISITIONS
265,A000000,01600,00000,1600HEART ACQUISITIONS
265,A000000,01700,00000,1700PANCREAS ACQUISITIONS
265,A000000,01800,00000,1800LUNG ACQUISITIONS
265,A000000,01900,00000,1900INTESTINE ACQUISITIONS
265,A000000,01901,00000,1901VCA AQUISITIONS
265,A000000,01902,00000,1902HEART/LUNG ACQUISITIONS
265,A000000,02100,00000,2100RESEARCH
265,A000000,02200,00000,2200BLOOD BANK
265,A000000,02300,00000,2300LABORATORY-NON-TISSUE TYPING
265,A000000,02400,00000,2400DIALYSIS UNITS
265,A000000,02500,00000,2501TISSUE COSTS
265,A100000,01700,00000,EMPLOYMENT RECRUITING
265,A100000,01800,00000,FOOD
265,A100000,01900,00000,FREIGHT & SHIPPING
265,A100000,01902,00000,PRINTING & BINDING
265,A100000,01903,00000,DUES & SUBSCRIPTIONS
265,A100000,01904,00000,POSTAGE
265,A100000,01905,00000,EQUIPMENT ($5 000)
265,A100000,01906,00000,PROFESSIONAL FEES - OTHER
265,A100000,01907,00000,PROFESSIONAL FEES - FUNERAL HOMES
265,A100000,01908,00000,PROFESSIONAL FEES - HOSPITAL AUDIT
265,A100000,01909,00000,ORGANIZATIONAL DEVELOPMENT
265,A100000,01910,00000,COLLABORATIVE & OTHER EXPENSES
265,A100000,01911,00000,OVERAGES & SHORTAGES
265,A20H000,00900,00000,CONSULTATION
265,A20H000,00901,00000,SCREENING
265,A20H000,02100,00000,HOSPITAL - BASE CASE RATE
265,A20H000,02101,00000,HOSPITAL - CASE RATE ORGAN FEE
265,A20H000,02102,00000,HOSPITAL - CASE RATE POTENTIAL FEE
265,A20H000,02103,00000,HOSPITAL - CASE RATE STOP LOSS
265,A20H000,02104,00000,TRANSPORTATION - DONOR
265,A20H000,02105,00000,ACCRUED HOSPITAL CHARGES
265,A20K000,00900,00000,CONSULTATION
265,A20K000,00901,00000,SCREENING
265,A20K000,02100,00000,HOSPITAL - BASE CASE RATE
265,A20K000,02101,00000,HOSPITAL - CASE RATE ORGAN FEE
265,A20K000,02102,00000,HOSPITAL - CASE RATE POTENTIAL FEE
265,A20K000,02103,00000,HOSPITAL - CASE RATE STOP LOSS
265,A20K000,02104,00000,TRANSPORTATION - DONOR
265,A20K000,02105,00000,ACCRUED HOSPITAL CHARGES
265,A20L000,00900,00000,CONSULTATION
265,A20L000,00901,00000,SCREENING
265,A20L000,02100,00000,HOSPITAL - BASE CASE RATE
265,A20L000,02101,00000,HOSPITAL - CASE RATE ORGAN FEE
265,A20L000,02102,00000,HOSPITAL - CASE RATE POTENTIAL FEE
265,A20L000,02103,00000,HOSPITAL - CASE RATE STOP LOSS
265,A20L000,02104,00000,TRANSPORTATION - DONOR
265,A20L000,02105,00000,ACCRUED HOSPITAL CHARGES
265,A20O000,00900,00000,CONSULTATION
265,A20O000,00901,00000,SCREENING
265,A20O000,02100,00000,HOSPITAL - BASE CASE RATE
265,A20O000,02101,00000,HOSPITAL - CASE RATE ORGAN FEE
265,A20O000,02102,00000,HOSPITAL - CASE RATE POTENTIAL FEE
265,A20O000,02103,00000,HOSPITAL - CASE RATE STOP LOSS
265,A20O000,02104,00000,TRANSPORTATION - DONOR
265,A20O000,02105,00000,ACCRUED HOSPITAL CHARGES
265,A20O002,00900,00000,SCREENING
265,A20O002,02100,00000,HOSPITAL - BASE CASE RATE
265,A20O002,02101,00000,HOSPITAL - CASE RATE ORGAN FEE
265,A20O002,02102,00000,HOSPITAL - CASE RATE POTENTIAL FEE
265,A20O002,02103,00000,HOSPITAL - CASE RATE STOP LOSS
265,A20O002,02104,00000,TRANSPORTATION - DONOR
265,A20O002,02105,00000,ACCRUED HOSPITAL CHARGES
265,A20P000,00900,00000,CONSULTATION
265,A20P000,00901,00000,SCREENING
265,A20P000,02100,00000,HOSPITAL - BASE CASE RATE
265,A20P000,02101,00000,HOSPITAL - CASE RATE ORGAN FEE
265,A20P000,02102,00000,HOSPITAL - CASE RATE POTENTIAL FEE
265,A20P000,02103,00000,HOSPITAL - CASE RATE STOP LOSS
265,A20P000,02104,00000,TRANSPORTATION - DONOR
265,A20P000,02105,00000,ACCRUED HOSPITAL CHARGES
265,A20U000,00900,00000,CONSULTATION
265,A20U000,00901,00000,SCREENING
265,A20U000,02100,00000,HOSPITAL - BASE CASE RATE
265,A20U000,02101,00000,HOSPITAL - CASE RATE ORGAN FEE
265,A20U000,02102,00000,HOSPITAL - CASE RATE POTENTIAL FEE
265,A20U000,02103,00000,HOSPITAL - CASE RATE STOP LOSS
265,A20U000,02104,00000,TRANSPORTATION - DONOR
265,A20U000,02105,00000,ACCRUED HOSPITAL CHARGES
265,A400010,00100,00000,RECLASSIFICATIONS
265,A400010,00100,00100,A
265,A400010,00100,00200,KIDNEY ACQUISITIONS
265,A400010,00100,00500,MEDICAL SUPPLIES
265,A400010,00200,00000,RECLASSIFICATIONS
265,A400010,00200,00100,A
265,A400010,00200,00200,TISSUE COSTS
265,A400010,00200,00500,PROCUREMENT COORDINATORS
265,A400010,00300,00000,RECLASSIFICATIONS
265,A400010,00300,00100,A
265,A400010,00300,00200,TISSUE COSTS
265,A400010,00300,00500,MEDICAL SUPPLIES
265,A400010,00400,00000,RECLASSIFICATIONS
265,A400010,00400,00100,A
265,A400010,00400,00200,PANCREAS ACQUISITIONS
265,A400010,00400,00500,KIDNEY ACQUISITIONS
265,A500010,00800,00100,B
265,A500010,00800,00300,ADMINISTRATIVE & GENERAL
265,A500010,01500,00000,PROFESSIONAL FEES - FUNERAL HOMES
265,A500010,01500,00100,A
265,A500010,01500,00300,ADMINISTRATIVE & GENERAL
265,A500010,01600,00000,LOBBY EXP PORTION OF AOPO DUES
265,A500010,01600,00100,B
265,A500010,01600,00300,ADMINISTRATIVE & GENERAL
265,A500010,01601,00000,COLLABORATIVE & NONREIMBURSABLE EXP
265,A500010,01601,00100,A
265,A500010,01601,00300,ADMINISTRATIVE & GENERAL
265,A500010,01602,00000,DONOR FOLLOW-UP
265,A500010,01602,00100,A
265,A500010,01602,00300,PROCUREMENT COORDINATORS
265,A500010,01603,00000,FLYOUT REVENUE OFFSET
265,A500010,01603,00100,B
265,A500010,01603,00300,PROCUREMENT COORDINATORS
265,A500010,01604,00000,KIDNEY SURGEON FEE
265,A500010,01604,00100,B
265,A500010,01604,00300,KIDNEY ACQUISITIONS
265,A500010,01605,00000,DONOR TRANSPORTATION - KIDNEY
265,A500010,01605,00100,A
265,A500010,01605,00300,KIDNEY ACQUISITIONS
265,A500010,01606,00000,DONOR TRANSPORTATION - LIVER
265,A500010,01606,00100,A
265,A500010,01606,00300,LIVER ACQUISITIONS
265,A500010,01607,00000,DONOR TRANSPORTATION - HEART
265,A500010,01607,00100,A
265,A500010,01607,00300,HEART ACQUISITIONS
265,A500010,01608,00000,DONOR TRANSPORTATION - LUNG
265,A500010,01608,00100,A
265,A500010,01608,00300,LUNG ACQUISITIONS
265,A500010,01609,00000,DONOR TRANSPORTATION - PANCREAS
265,A500010,01609,00100,A
265,A500010,01609,00300,PANCREAS ACQUISITIONS
265,A51000A,00100,00100,N
265,A60000A,00700,00000,BUILDING IMPROVEMENTS
265,A60000A,00701,00000,CONSTRUCTION IN PROGRESS
265,A60000A,00702,00000,ASSET CLEARING
265,A60000C,00500,00100,N
265,B10000*,00100,00200,CAP BLDG
265,B10000*,00100,00300,CAP COSTS
265,B10000*,00100,00400,EMPLOYEE
265,B10000*,00100,00500,MEDICAL
265,B10000*,00100,00800,ORGAN
265,B10000*,00100,01000,ADMIN &
265,B10000*,00200,00200,OP PLANT &
265,B10000*,00200,00300,MOVABLE
265,B10000*,00200,00400,BENEFITS
265,B10000*,00200,00500,SUPPLIES
265,B10000*,00200,00800,ACQUISITN
265,B10000*,00200,01000,GENERAL
265,B10000*,00300,00200,HOUSEKEEP
265,B10000*,00300,00300,EQUIPMENT
265,B10000*,00300,00800,COSTS
265,B10000*,00400,00200,SQUARE
265,B10000*,00400,00300,DOLLAR
265,B10000*,00400,00400,ADJUST
265,B10000*,00400,00500,COSTED
265,B10000*,00400,00800,NUMBER
265,B10000*,00400,01000,ACCUM
265,B10000*,00500,00200,FEET
265,B10000*,00500,00300,VALUE
265,B10000*,00500,00400,SALARIES
265,B10000*,00500,00500,REQUISIT
265,B10000*,00500,00800,ORGANS
265,B10000*,00500,01000,COSTS
265,B10000*,00600,00200,1
265,B10000*,00600,00300,2
265,B10000*,00600,00400,3
265,B10000*,00600,00500,3
265,B10000*,00600,00800,3
265,B10000*,00600,01000,3
265,B100000,00000,01000,X
265,E000000,00900,00000,CURRENT ASSETS
265,E000000,02600,00000,CONSTRUCTION IN PROGRESS
265,E000000,03900,00000,OTHER CURRENT LIABILITIES
265,E100001,00700,00000,TISSUE REVENUES
265,E100001,00800,00000,FLYOUT REVENUES
265,E100001,00900,00000,HEART VALVE REVENUES
265,E100001,00901,00000,OTHER SERVICES
265,E200000,02000,00000,CURRENT YEAR SETTLEMENT
265,E200000,02600,00000,PRIOR YEAR SETTLEMENT
265,S000000,00100,00100,X
265,S000000,00400,00100,2
265,S000000,00500,00100,11/25/2020
265,S000000,00600,00100,10001
265,S000000,00700,00100,N
265,S000000,00800,00100,N
265,S000000,00900,00100,05/10/2022
265,S000000,01000,00100,4
265,S000001,00100,00100,CAROLINA DONOR SERVICES
265,S000001,00100,00200,34P001
265,S000001,00101,00100,909 E. ARLINGTON BLVD.
265,S000001,00102,00100,GREENVILLE
265,S000001,00102,00200,NC
265,S000001,00102,00300,27858
265,S000001,00300,00100,07/01/2019
265,S000001,00300,00200,06/30/2020
265,S000001,00400,00100,11
265,S000001,00400,00300,1
265,S000001,00400,00400,07/01/1985
265,S000001,00401,00300,1
265,S000002,00300,00100,CFO
265,S100001,00700,00100,N
265,S100001,00810,00000,INTESTINE
265,S100003,00100,00100,MEDICAL DIRECTOR
265,S100003,00100,00300,MEDICAL DIRECTOR
265,S100003,00100,00500,LAB DIRECTOR
265,S100003,00101,00100,EXEC. DIRECTOR
265,S100003,00101,00300,PROCUREMENT COORDINATOR
265,S100003,00101,00500,TECHNICIANS
265,S100003,00102,00100,CLERICAL
265,S100003,00102,00300,PRESERVATION TECHNICIANS
265,S100003,00102,00500,TISSUE TYPING TECH.
265,S100003,00103,00100,OTHER
265,S100003,00103,00300,OTHER
265,S100003,00103,00500,OTHER
265,S200000,00100,00100,N
265,S200000,00200,00100,N
265,S200000,00300,00100,N
265,S200000,00400,00100,Y
265,S200000,00400,00200,A
265,S200000,00500,00100,N
265,S200000,00600,00300,MANAGER OF FINANCIAL OPERATIONS
265,S200000,00700,00100,CAROLINA DONOR SERVICES
319,A000000,00100,00000,0100CAPITAL COSTS-BLDG & FIXT
319,A000000,00200,00000,0200CAPITAL COSTS-MVBLE EQUIPMENT
319,A000000,00300,00000,0300EMPLOYEE BENEFITS
319,A000000,00400,00000,0400ADMINISTRATIVE & GENERAL
319,A000000,00500,00000,0500OPERATION AND MAINTENANCE OF PLANT
319,A000000,00600,00000,0600HOUSEKEEPING
319,A000000,00700,00000,0700MEDICAL SUPPLIES
319,A000000,00800,00000,0800OTHER OVERHEAD
319,A000000,00900,00000,0900PROCUREMENT COORDINATORS
319,A000000,01000,00000,1000PROFESSIONAL EDUCATION
319,A000000,01100,00000,1100PUBLIC EDUCATION
319,A000000,01200,00000,1200OTHER ACQUISITION
319,A000000,01300,00000,1300KIDNEY ACQUISITIONS
319,A000000,01400,00000,1400TISSUE TYPING LABORATORY
319,A000000,01500,00000,1500LIVER ACQUISITIONS
319,A000000,01600,00000,1600HEART ACQUISITIONS
319,A000000,01700,00000,1700PANCREAS ACQUISITIONS
319,A000000,01800,00000,1800LUNG ACQUISITIONS
319,A000000,01900,00000,1900OTHER ACQUISITIONS
319,A000000,02100,00000,2100RESEARCH
319,A000000,02200,00000,2200BLOOD BANK
319,A000000,02300,00000,2300LABORATORY-NON-TISSUE TYPING
319,A000000,02400,00000,2400DIALYSIS UNITS
319,A000000,02500,00000,2500OTHER NON-REIMBURSABLE
319,A100000,01700,00000,DONOR FAMILY SERVICES
319,A100000,01800,00000,HUMAN RESOURCES
319,A100000,01900,00000,QUALITY IMPROVEMENT
319,A100000,01901,00000,TRAINING & DEVELOPMENT
319,A100000,01902,00000,BUSINESS MEETINGS
319,A100000,01903,00000,DUES
319,A100000,01904,00000,MEDICAL RECORDS STORAGE
319,A100000,01905,00000,POSTAGE
319,A100000,01906,00000,PRINTING & PHOTOCOPIES
319,A100000,01907,00000,PRO FEES
319,A100000,01908,00000,RECRUITING
319,A100000,01909,00000,BUILDING REPAIRS AND MAINT
319,A100000,01910,00000,DEPRECATION
319,A20H000,00900,00000,HOSPITAL CASE RATE
319,A20H000,02100,00000,PERFUSION
319,A20H000,02101,00000,HEART IMPORT OFFER ADM
319,A20K000,00901,00000,HOSPITAL CASE RATES
319,A20K000,02100,00000,KIDNEY PUMPING
319,A20K000,02101,00000,PERFUSION
319,A20L000,00900,00000,HOSPITAL CASE RATES
319,A20L000,02100,00000,PERFUSION
319,A20L000,02101,00000,LIVER PUMPING
319,A20P000,00900,00000,HOSPITAL CASE RATES
319,A20P000,02100,00000,PERFUSION
319,A20U000,00900,00000,HOSPITAL CASE RATE
319,A20U000,02100,00000,PERFUSION
319,A400010,00100,00000,RECLASSIFICATIONS
319,A400010,00100,00100,A
319,A400010,00100,00200,CAPITAL COSTS-BLDG & FIXT
319,A400010,00100,00500,ADMINISTRATIVE & GENERAL
319,A400010,00200,00000,RECLASSIFICATIONS
319,A400010,00200,00100,A
319,A400010,00200,00200,CAPITAL COSTS-BLDG & FIXT
319,A400010,00200,00500,ADMINISTRATIVE & GENERAL
319,A400010,00300,00000,RECLASSIFICATIONS
319,A400010,00300,00100,A
319,A400010,00300,00200,CAPITAL COSTS-BLDG & FIXT
319,A400010,00300,00500,ADMINISTRATIVE & GENERAL
319,A400010,00400,00000,RECLASSIFICATIONS
319,A400010,00400,00100,A
319,A400010,00400,00200,CAPITAL COSTS-BLDG & FIXT
319,A400010,00400,00500,ADMINISTRATIVE & GENERAL
319,A400010,00500,00000,RECLASSIFICATIONS
319,A400010,00500,00100,A
319,A400010,00500,00200,CAPITAL COSTS-BLDG & FIXT
319,A400010,00500,00500,ADMINISTRATIVE & GENERAL
319,A400010,00600,00000,RECLASSIFICATIONS
319,A400010,00600,00100,A
319,A400010,00600,00200,CAPITAL COSTS-BLDG & FIXT
319,A400010,00600,00500,ADMINISTRATIVE & GENERAL
319,A400010,00700,00000,RECLASSIFICATIONS
319,A400010,00700,00100,A
319,A400010,00700,00200,OTHER NON-REIMBURSABLE
319,A400010,00700,00500,PROCUREMENT COORDINATORS
319,A400010,00800,00000,RECLASSIFICATIONS
319,A400010,00800,00100,A
319,A400010,00800,00200,OTHER NON-REIMBURSABLE
319,A400010,00800,00500,PROCUREMENT COORDINATORS
319,A500010,00700,00100,B
319,A500010,00700,00300,CAPITAL COSTS-BLDG & FIXT
319,A500010,00800,00100,B
319,A500010,00800,00300,PROCUREMENT COORDINATORS
319,A500010,00900,00100,B
319,A500010,00900,00300,PUBLIC EDUCATION
319,A500010,01000,00100,B
319,A500010,01000,00300,PROFESSIONAL EDUCATION
319,A500010,01500,00000,CONTRIBUTIONS FOR DONOR MONUMENT
319,A500010,01500,00100,B
319,A500010,01500,00300,ADMINISTRATIVE & GENERAL
319,A500010,01600,00000,TISSUE DRIVE OUT INCOME
319,A500010,01600,00100,B
319,A500010,01600,00300,OTHER NON-REIMBURSABLE
319,A500010,01601,00000,PRO ED EXPENSES NOT ALLOWED
319,A500010,01601,00100,A
319,A500010,01601,00300,PROFESSIONAL EDUCATION
319,A500010,01602,00000,FUNDRAISING EXPENSES
319,A500010,01602,00100,A
319,A500010,01602,00300,PUBLIC EDUCATION
319,A500010,01603,00000,KIDNEY SURGEON FEES NOT ALLOWED
319,A500010,01603,00100,A
319,A500010,01603,00300,KIDNEY ACQUISITIONS
319,A500010,01604,00000,AOPO DUES
319,A500010,01604,00100,A
319,A500010,01604,00300,ADMINISTRATIVE & GENERAL
319,A51000A,00100,00100,N
319,A60000A,00700,00000,FURNITURE
319,A60000A,00701,00000,OFFICE EQUIPMENT
319,A60000A,00702,00000,SOFTWARE
319,A60000A,00703,00000,COMPUTER EQUIPMENT
319,A60000A,00704,00000,LEASEHOLD IMPRV
319,A60000A,00705,00000,MEDICAL EQUIPMENT
319,A60000A,00706,00000,BUILDING IMPROVEMENTS
319,A60000A,00707,00000,TENANT IMPROVEMENTS
319,A60000B,00801,00000,FURNITURE
319,A60000B,00802,00000,OFFICE EQUIP
319,A60000B,00803,00000,SOFTWARE
319,A60000B,00804,00000,COMPUTER EQUIP
319,A60000B,00805,00000,LEASEHOLD IMPRV
319,A60000B,00806,00000,MEDICAL EQUIPMENT
319,A60000B,00807,00000,TENANT IMPRV
319,A60000C,00500,00100,N
319,B10000*,00100,00200,CAP BLDG
319,B10000*,00100,00300,CAP COSTS
319,B10000*,00100,00400,EMPLOYEE
319,B10000*,00100,00500,MEDICAL
319,B10000*,00100,00800,ORGAN
319,B10000*,00100,01000,ADMIN &
319,B10000*,00200,00200,OP PLANT &
319,B10000*,00200,00300,MOVABLE
319,B10000*,00200,00400,BENEFITS
319,B10000*,00200,00500,SUPPLIES
319,B10000*,00200,00800,ACQUISITN
319,B10000*,00200,01000,GENERAL
319,B10000*,00300,00200,HOUSEKEEP
319,B10000*,00300,00300,EQUIPMENT
319,B10000*,00300,00800,COSTS
319,B10000*,00400,00200,SQUARE
319,B10000*,00400,00300,DOLLAR
319,B10000*,00400,00400,ADJUST
319,B10000*,00400,00500,COSTED
319,B10000*,00400,00800,NUMBER
319,B10000*,00400,01000,ACCUM
319,B10000*,00500,00200,FEET
319,B10000*,00500,00300,VALUE
319,B10000*,00500,00400,SALARIES
319,B10000*,00500,00500,REQUISIT
319,B10000*,00500,00800,ORGANS
319,B10000*,00500,01000,COSTS
319,B10000*,00600,00200,1
319,B10000*,00600,00300,2
319,B10000*,00600,00400,3
319,B10000*,00600,00500,3
319,B10000*,00600,00800,3
319,B10000*,00600,01000,3
319,B100000,00000,01000,X
319,E000000,00900,00000,OTHER CURRENT ASSETS
319,E000000,02600,00000,OTHER FIXED ASSETS
319,E000000,03900,00000,CUSTOMER DEPOSITES
319,E000000,04100,00000,TENANT SECURITY DEPOSITS
319,E200000,02000,00000,ORGAN FOR RESEARCH ONLY
319,E200000,02100,00000,TISSUE RECOVERY INCOME
319,E200000,02200,00000,DRIVE OUT INCOME - TISSUE
319,E200000,02300,00000,OTHER INCOME
319,S000000,00100,00100,X
319,S000000,00400,00100,2
319,S000000,00500,00100,01/04/2021
319,S000000,00600,00100,10001
319,S000000,00700,00100,N
319,S000000,00800,00100,N
319,S000000,00900,00100,06/28/2022
319,S000000,01000,00100,4
319,S000001,00100,00100,INTERMOUNTAIN DONOR SERVICES
319,S000001,00100,00200,46P001
319,S000001,00101,00100,6065 SOUTH FASHION BLVD SUITE 125
319,S000001,00102,00100,MURRAY
319,S000001,00102,00200,UT
319,S000001,00102,00300,84107
319,S000001,00300,00100,07/01/2019
319,S000001,00300,00200,06/30/2020
319,S000001,00400,00100,2
319,S000001,00400,00300,1
319,S000001,00400,00400,11/21/1987
319,S000001,00401,00100,2
319,S000001,00401,00300,1
319,S000001,00401,00400,11/21/1987
319,S000002,00300,00100,CHIEF FINANCAIL OFFICER
319,S100001,00700,00100,N
319,S100001,00810,00000,INTESTINE
319,S100001,00811,00000,AORTA & DTA
319,S100001,00812,00000,FEMORAL VEIN
319,S100001,00813,00000,SAPHENOUS VEIN
319,S100001,00814,00000,SPINE  OTHER & RESEARCH
319,S100001,00815,00000,OTHER
319,S100003,00100,00100,MEDICAL DIRECTOR
319,S100003,00100,00300,MEDICAL DIRECTOR
319,S100003,00100,00500,LAB DIRECTOR
319,S100003,00101,00100,EXEC. DIRECTOR
319,S100003,00101,00300,PROCUREMENT COORDINATOR
319,S100003,00101,00500,TECHNICIANS
319,S100003,00102,00100,CLERICAL
319,S100003,00102,00300,PRESERVATION TECHNICIANS
319,S100003,00102,00500,TISSUE TYPING TECH.
319,S100003,00103,00100,OTHER
319,S100003,00103,00300,OTHER
319,S100003,00103,00500,OTHER
319,S200000,00100,00100,N
319,S200000,00200,00100,N
319,S200000,00300,00100,N
319,S200000,00400,00100,Y
319,S200000,00400,00200,A
319,S200000,00400,00300,12/09/2020
319,S200000,00500,00100,N
319,S200000,00600,00300,CFO
319,S200000,00700,00100,DONORCONNECT
326,A000000,00100,00000,0100CAPITAL COSTS-BLDG & FIXT
326,A000000,00200,00000,0200CAPITAL COSTS-MVBLE EQUIPMENT
326,A000000,00300,00000,0300EMPLOYEE BENEFITS
326,A000000,00400,00000,0400ADMINISTRATIVE & GENERAL
326,A000000,00500,00000,0500OPERATION AND MAINTENANCE OF PLANT
326,A000000,00600,00000,0600HOUSEKEEPING
326,A000000,00700,00000,0700MEDICAL SUPPLIES
326,A000000,00800,00000,0800OTHER OVERHEAD
326,A000000,00900,00000,0900PROCUREMENT COORDINATORS
326,A000000,01000,00000,1000PROFESSIONAL EDUCATION
326,A000000,01100,00000,1100PUBLIC EDUCATION
326,A000000,01300,00000,1300KIDNEY ACQUISITIONS
326,A000000,01400,00000,1400TISSUE TYPING LABORATORY
326,A000000,01500,00000,1500LIVER ACQUISITIONS
326,A000000,01600,00000,1600HEART ACQUISITIONS
326,A000000,01700,00000,1700PANCREAS ACQUISITIONS
326,A000000,01800,00000,1800LUNG ACQUISITIONS
326,A000000,01900,00000,1900OTHER ACQUISITIONS
326,A000000,02100,00000,2100RESEARCH
326,A000000,02200,00000,2200BLOOD BANK
326,A000000,02300,00000,2300LABORATORY-NON-TISSUE TYPING
326,A000000,02400,00000,2400DIALYSIS UNITS
326,A100000,01700,00000,MAIL - COURIER SERVICES
326,A100000,01800,00000,ACCREDITIATION
326,A100000,01900,00000,BILLING SERVICES
326,A100000,01901,00000,CONSULTANT
326,A100000,01902,00000,SPACE COST
326,A100000,01903,00000,UTILITIES
326,A100000,01904,00000,BUILDING MAINTANANCE
326,A100000,01905,00000,NEW EQUIPMENT
326,A100000,01906,00000,LICENSURE
326,A100000,01907,00000,PURCHASED SERVICES
326,A100000,01908,00000,MISCELLANOUS
326,A300000,00600,00000,LAB REAGENT AND SUPPLIES
326,A300000,00700,00000,WHITE COATS
326,A300000,00800,00000,STOREROOM
326,A400010,00100,00000,RECLASSIFICATIONS
326,A400010,00100,00100,A
326,A400010,00100,00200,CAPITAL COSTS-BLDG & FIXT
326,A400010,00100,00500,ADMINISTRATIVE & GENERAL
326,A400010,00200,00000,RECLASSIFICATIONS
326,A400010,00200,00100,A
326,A400010,00200,00200,OPERATION AND MAINTENANCE OF PLANT
326,A400010,00200,00500,ADMINISTRATIVE & GENERAL
326,A400010,00300,00000,RECLASSIFICATIONS
326,A400010,00300,00100,A
326,A400010,00300,00200,OPERATION AND MAINTENANCE OF PLANT
326,A400010,00300,00500,ADMINISTRATIVE & GENERAL
326,A400010,00400,00000,RECLASSIFICATIONS
326,A400010,00400,00100,A
326,A400010,00400,00200,OPERATION AND MAINTENANCE OF PLANT
326,A400010,00400,00500,TISSUE TYPING LABORATORY
326,A400010,00500,00000,RECLASSIFICATIONS
326,A400010,00500,00100,A
326,A400010,00500,00200,CAPITAL COSTS-MVBLE EQUIPMENT
326,A400010,00500,00500,ADMINISTRATIVE & GENERAL
326,A500010,01400,00100,B
326,A500010,01400,00300,CAPITAL COSTS-MVBLE EQUIPMENT
326,A500010,01500,00000,EQUIP DEPRECIATION
326,A500010,01500,00100,B
326,A500010,01500,00300,CAPITAL COSTS-MVBLE EQUIPMENT
326,A51000A,00100,00100,Y
326,A51000B,00100,00200,EMPLOYEE BENEFITS
326,A51000B,00100,00300,EMPLOYEE BENEFITS
326,A51000B,00200,00200,ADMINISTRATIVE & GENERAL
326,A51000B,00200,00300,MEDICAL DIRECTOR
326,A51000B,00300,00200,ADMINISTRATIVE & GENERAL
326,A51000B,00300,00300,BILLING SERVICES
326,A51000B,00400,00200,ADMINISTRATIVE & GENERAL
326,A51000B,00400,00300,SPACE COST
326,A51000B,00402,00200,OPERATION AND MAINTENANCE OF PLANT
326,A51000B,00402,00300,MAINTENANCE
326,A51000B,00403,00200,TISSUE TYPING LABORATORY
326,A51000B,00403,00300,LABORATORY
326,A51000C,00100,00000,UNIVERSITY SCHOOL OF MEDICINE
326,A51000C,00100,00100,G
326,A51000C,00100,00200,EMPLOYEE BENEFITS
326,A51000C,00100,00400,UC IRVINE SCHOOL OF MEDICINE
326,A51000C,00100,00600,MEDCIAL SCHOOL
326,A51000C,00200,00000,UNIVERSITY SCHOOL OF MEDICINE
326,A51000C,00200,00100,G
326,A51000C,00200,00200,MEDICAL DIRECTOR
326,A51000C,00200,00400,US IRVINE SCHOOL OF MEDICINE
326,A51000C,00200,00600,MEDICAL SCHOOL
326,A51000C,00300,00000,UNIVERSITY SCHOOL OF MEDICINE
326,A51000C,00300,00100,G
326,A51000C,00300,00200,BILLING SERVICES
326,A51000C,00300,00400,UC IRVINE SCHOOL OF MEDICINE
326,A51000C,00300,00600,MEDICAL SCHOOL
326,A51000C,00400,00000,UNIVERSITY SCHOOL OF MEDICINE
326,A51000C,00400,00100,G
326,A51000C,00400,00200,SPACE COST
326,A51000C,00400,00400,UCI MEDICAL CENTER
326,A51000C,00400,00600,HOSPITAL
326,A51000C,00401,00000,UNIVERSITY SCHOOL OF MEDICINE
326,A51000C,00401,00100,G
326,A51000C,00401,00200,UTILITIES
326,A51000C,00401,00400,UCI MEDICAL CENTER
326,A51000C,00401,00600,HOSPITAL
326,A51000C,00402,00000,UNIVERSITY SCHOOL OF MEDICINE
326,A51000C,00402,00100,G
326,A51000C,00402,00200,MAINTENANCE
326,A51000C,00402,00400,UCI MEDICAL CENTER
326,A51000C,00402,00600,HOSPITAL
326,A51000C,00403,00000,UNIVERSITY SCHOOL OF MEDICINE
326,A51000C,00403,00100,G
326,A51000C,00403,00200,LABORATORY DIRECTOR
326,A51000C,00403,00400,UC IRVINE SCHOOL OF MEDINCE
326,A51000C,00403,00600,MEDICAL SCHOOL
326,A51000C,10000,00200,UNIVERSITY SCHOOL OF MEDICINE
326,A60000C,00500,00100,N
326,B10000*,00100,00200,CAP BLDG
326,B10000*,00100,00300,CAP COSTS
326,B10000*,00100,00400,EMPLOYEE
326,B10000*,00100,00500,MEDICAL
326,B10000*,00100,00800,ORGAN
326,B10000*,00100,01000,ADMIN &
326,B10000*,00200,00200,OP PLANT &
326,B10000*,00200,00300,MOVABLE
326,B10000*,00200,00400,BENEFITS
326,B10000*,00200,00500,SUPPLIES
326,B10000*,00200,00800,ACQUISITN
326,B10000*,00200,01000,GENERAL
326,B10000*,00300,00200,HOUSEKEEP
326,B10000*,00300,00300,EQUIPMENT
326,B10000*,00300,00800,COSTS
326,B10000*,00400,00200,SQUARE
326,B10000*,00400,00300,DOLLAR
326,B10000*,00400,00400,ADJUST
326,B10000*,00400,00500,COSTED
326,B10000*,00400,00800,NUMBER
326,B10000*,00400,01000,ACCUM
326,B10000*,00500,00200,FEET
326,B10000*,00500,00300,VALUE
326,B10000*,00500,00400,SALARIES
326,B10000*,00500,00500,REQUISIT
326,B10000*,00500,00800,ORGANS
326,B10000*,00500,01000,COSTS
326,B10000*,00600,00200,1
326,B10000*,00600,00300,2
326,B10000*,00600,00400,3
326,B10000*,00600,00500,3
326,B10000*,00600,00800,3
326,B10000*,00600,01000,3
326,B100000,00000,01000,X
326,E000000,00900,00000,OTHER CURRENT ASSETS
326,E000000,02600,00000,OTHER FIXED ASSETS
326,E100002,00300,00000,EQUIPMENT DEPRECIATION
326,E100002,00800,00000,EQUIPMENT PURCHASES
326,S000000,00100,00100,X
326,S000000,00400,00100,2
326,S000000,00500,00100,01/25/2021
326,S000000,00600,00100,10001
326,S000000,00700,00100,N
326,S000000,00800,00100,N
326,S000000,00900,00100,07/22/2022
326,S000000,01000,00100,4
326,S000001,00100,00100,UC IRVINE HLA TISSUE TYPING LAB
326,S000001,00100,00200,05HL09
326,S000001,00101,00100,101 THE CITY DRIVE SOUTH BLDG G54
326,S000001,00102,00100,ORANGE
326,S000001,00102,00200,CA
326,S000001,00102,00300,92868
326,S000001,00300,00100,07/01/2019
326,S000001,00300,00200,06/30/2020
326,S000001,00400,00100,8
326,S000001,00400,00300,2
326,S000001,00400,00400,09/20/2002
326,S000001,00401,00300,1
326,S100001,00700,00100,N
326,S100001,00810,00000,OTHER
326,S100002,00400,00100,HLA A B C (CLASS I MOLECULAR TYPE)
326,S100002,00401,00100,HLA DR  DQ (CLASS II MOLECULAR TYPE)
326,S100002,00402,00100,AUTO T&B CROSSMATCH
326,S100002,00403,00100,CYTOTOXIC ANTIBODY SCREENS
326,S100002,00404,00100,ANTIBODY SCREEN CLASS I & II
326,S100002,00405,00100,SINGLE ANTIGEN ANTIBODY ID CLASS I
326,S100002,00406,00100,SINGLE ANTIGEN ANTIBODY ID CLASS II
326,S100002,00407,00100,SINGLE ANTIGEN CROSSMATCH
326,S100002,00408,00100,SPECIUM PROCESSING
326,S100003,00100,00100,MEDICAL DIRECTOR
326,S100003,00100,00300,MEDICAL DIRECTOR
326,S100003,00100,00500,LAB DIRECTOR
326,S100003,00101,00100,EXEC. DIRECTOR
326,S100003,00101,00300,PROCUREMENT COORDINATOR
326,S100003,00101,00500,TECHNICIANS
326,S100003,00102,00100,CLERICAL
326,S100003,00102,00300,PRESERVATION TECHNICIANS
326,S100003,00102,00500,TISSUE TYPING TECH.
326,S100003,00103,00100,OTHER
326,S100003,00103,00300,OTHER
326,S100003,00103,00500,OTHER
326,S200000,00100,00100,N
326,S200000,00200,00100,N
326,S200000,00300,00100,Y
326,S200000,00400,00100,N
326,S200000,00500,00100,N
326,S200000,00600,00300,CONSULTANT
326,S200000,00700,00100,E & L CONSULTANT
331,A000000,00100,00000,0100CAPITAL COSTS-BLDG & FIXT
331,A000000,00200,00000,0200CAPITAL COSTS-MVBLE EQUIPMENT
331,A000000,00300,00000,0300EMPLOYEE BENEFITS
331,A000000,00400,00000,0400ADMINISTRATIVE & GENERAL
331,A000000,00500,00000,0500OPERATION AND MAINTENANCE OF PLANT
331,A000000,00600,00000,0600HOUSEKEEPING
331,A000000,00700,00000,0700MEDICAL SUPPLIES
331,A000000,00800,00000,0800OTHER OVERHEAD
331,A000000,00900,00000,0900PROCUREMENT COORDINATORS
331,A000000,01000,00000,1000PROFESSIONAL EDUCATION
331,A000000,01100,00000,1100PUBLIC EDUCATION
331,A000000,01200,00000,1200OTHER ACQUISITION
331,A000000,01300,00000,1300KIDNEY ACQUISITIONS
331,A000000,01400,00000,1400TISSUE TYPING LABORATORY
331,A000000,01500,00000,1500LIVER ACQUISITIONS
331,A000000,01600,00000,1600HEART ACQUISITIONS
331,A000000,01700,00000,1700PANCREAS ACQUISITIONS
331,A000000,01800,00000,1800LUNG ACQUISITIONS
331,A000000,01900,00000,1900OTHER ACQUISITIONS
331,A000000,02100,00000,2100RESEARCH
331,A000000,02200,00000,2200BLOOD BANK
331,A000000,02300,00000,2300LABORATORY-NON-TISSUE TYPING
331,A000000,02400,00000,2400DIALYSIS UNITS
331,A100000,01700,00000,BENEFITS
331,A100000,01800,00000,DEPRECIATION
331,A100000,01900,00000,PROFESSIONAL FEES
331,A100000,01901,00000,BUILDING EXPENSE
331,A100000,01902,00000,TELEPHONE
331,A100000,01903,00000,UTILITIES
331,A100000,01904,00000,NON-REIMBURSABLE COSTS
331,A300000,00600,00000,SALARIES
331,A300000,00700,00000,DEPRECIATION
331,A300000,00800,00000,ADMIN & GENERAL
331,A300000,00900,00000,BENEFITS
331,A300000,01000,00000,DISPOSAL SERVICE
331,A300000,01001,00000,UTILITIES
331,A300000,01002,00000,SUPPLIES
331,A500010,01500,00000,NON-ALLOWABLE EXPENSES
331,A500010,01500,00100,A
331,A500010,01500,00300,ADMINISTRATIVE & GENERAL
331,A51000A,00100,00100,Y
331,A51000B,00100,00200,ADMINISTRATIVE & GENERAL
331,A51000B,00100,00300,VRL ADMIN COSTS
331,A51000C,00100,00100,B
331,A51000C,00100,00400,EUROFINS VRL  INC.
331,A51000C,00100,00600,BIO-ANALYTICAL TESTING
331,A60000A,00700,00000,FIXED ASSET CLEARING
331,A60000C,00500,00100,N
331,B10000*,00100,00200,CAP BLDG
331,B10000*,00100,00300,CAP COSTS
331,B10000*,00100,00400,EMPLOYEE
331,B10000*,00100,00500,MEDICAL
331,B10000*,00100,00800,ORGAN
331,B10000*,00100,01000,ADMIN &
331,B10000*,00200,00200,OP PLANT &
331,B10000*,00200,00300,MOVABLE
331,B10000*,00200,00400,BENEFITS
331,B10000*,00200,00500,SUPPLIES
331,B10000*,00200,00800,ACQUISITN
331,B10000*,00200,01000,GENERAL
331,B10000*,00300,00200,HOUSEKEEP
331,B10000*,00300,00300,EQUIPMENT
331,B10000*,00300,00800,COSTS
331,B10000*,00400,00200,SQUARE
331,B10000*,00400,00300,DOLLAR
331,B10000*,00400,00400,ADJUST
331,B10000*,00400,00500,COSTED
331,B10000*,00400,00600,ACCUMULATE
331,B10000*,00400,00800,NUMBER
331,B10000*,00400,01000,ACCUM
331,B10000*,00500,00200,FEET
331,B10000*,00500,00300,VALUE
331,B10000*,00500,00400,SALARIES
331,B10000*,00500,00500,REQUISIT
331,B10000*,00500,00600,D COST
331,B10000*,00500,00800,ORGANS
331,B10000*,00500,01000,COSTS
331,B10000*,00600,00200,1
331,B10000*,00600,00300,2
331,B10000*,00600,00400,3
331,B10000*,00600,00500,3
331,B10000*,00600,00800,3
331,B10000*,00600,01000,3
331,B100000,00000,01000,X
331,E000000,00900,00000,OTHER CURRENT ASSETS
331,E000000,02600,00000,OTHER FIXED ASSETS
331,E000000,03100,00000,GOODWILL\INTANGIBLES
331,E000000,03900,00000,ACCRUED EXPENSES
331,E000000,04100,00000,DEFERRED INCOME TAX - NON CURRENT
331,E000000,04600,00000,DEFERRED LEASE LIABILITY
331,E000000,04700,00000,DEFERRED COMPENSATION PAYABLE
331,E000000,04800,00000,DEFERRED INCOME TAXES PAY\(REC)
331,E100001,00700,00000,COST REPORT SETTLEMENT
331,E100001,00800,00000,INTERCOMPANY SALES
331,E100001,00900,00000,SALES - OTHER ADMIN
331,E100002,00300,00000,ADDL EXPENSES FOR AFFILIATE LABS
331,E200000,01500,00000,MISC INCOME
331,E200000,02300,00000,ROUNDING
331,E200000,02600,00000,NONALLOWED EXPENSES
331,E200000,02700,00000,NET MISCLASSIFIED EXPENSE
331,S000000,00100,00100,X
331,S000000,00400,00100,2
331,S000000,00500,00100,06/10/2020
331,S000000,00600,00100,10001
331,S000000,00700,00100,N
331,S000000,00800,00100,N
331,S000000,00900,00100,12/13/2021
331,S000000,01000,00100,4
331,S000001,00100,00100,EUROFINS VRL LOS ANGELES LLC
331,S000001,00100,00200,05HL08
331,S000001,00101,00100,2100 WEST THIRD STREET  SUITE 301
331,S000001,00102,00100,LOS ANGELES
331,S000001,00102,00200,CA
331,S000001,00102,00300,90057
331,S000001,00300,00100,01/01/2019
331,S000001,00300,00200,12/31/2019
331,S000001,00400,00100,2
331,S000001,00400,00300,2
331,S000001,00400,00400,07/08/2004
331,S000001,00401,00300,1
331,S000002,00100,00200,Y
331,S000002,00300,00100,DIRECTOR OF FINANCE
331,S000002,00400,00100,06/05/2020
331,S100001,00700,00100,N
331,S100001,00810,00000,OTHER
331,S100002,00400,00100,CLASS I-SINGLE ANTIGEN BEAD SPECIFIC
331,S100002,00401,00100,CLASS II-SINGLE ANTIGEN BEAD SPECIFI
331,S100002,00402,00100,COMPLETE HLA LOCI TYPING
331,S100002,00403,00100,CROSSMATCH  DTT
331,S100002,00404,00100,CROSSMATCH  PRONASE
331,S100002,00405,00100,DECEASED DONOR ADDITIONAL CROSSMATCH
331,S100002,00406,00100,DECEASED DONOR PARTIAL WORK-UP-LOCAL
331,S100002,00407,00100,HLA - CROSSMATCH  FLOW CYTOMETRY
331,S100002,00408,00100,HLA - CROSSMATCH  LYMPHOCYTOTOXICITY
331,S100002,00409,00100,HLA - PRA - FLOW
331,S100002,00410,00100,HLA - SERUM PROCESSING AND STORAGE
331,S100002,00411,00100,HLA - STAT TESTING
331,S100002,00412,00100,HLA A TYPING  DNA CLASS I
331,S100002,00413,00100,HLA B TYPING  DNA CLASS I
331,S100002,00414,00100,HLA C TYPING  DNA CLASS I
331,S100002,00415,00100,HLA DECEASED DONOR COMPLETE WU IMPOR
331,S100002,00416,00100,HLA DECEASED DONOR COMPLETE WU LOCAL
331,S100002,00417,00100,HLA TYPING  DNA CLASS II
331,S100002,00418,00100,HLA TYPING  DNA CLASS II DPA
331,S100002,00419,00100,HLA TYPING  DNA CLASS II DPB
331,S100002,00420,00100,HLA TYPING  DNA CLASS II DQA
331,S100002,00421,00100,NKR CRYOGENIC VIAL SHIPMENT
331,S100002,00422,00100,NKR DONOR PROCESSING
331,S100002,00423,00100,SERUM  FUTURE CROSSMATCH PROC & STOR
331,S100003,00100,00100,MEDICAL DIRECTOR
331,S100003,00100,00300,MEDICAL DIRECTOR
331,S100003,00100,00500,LAB DIRECTOR
331,S100003,00101,00100,EXEC. DIRECTOR
331,S100003,00101,00300,PROCUREMENT COORDINATOR
331,S100003,00101,00500,TECHNICIANS
331,S100003,00102,00100,CLERICAL
331,S100003,00102,00300,PRESERVATION TECHNICIANS
331,S100003,00102,00500,TISSUE TYPING TECH.
331,S100003,00103,00100,OTHER
331,S100003,00103,00300,OTHER
331,S100003,00103,00500,OTHER
331,S200000,00100,00100,N
331,S200000,00200,00100,N
331,S200000,00300,00100,Y
331,S200000,00400,00100,Y
331,S200000,00400,00200,A
331,S200000,00400,00300,08/30/2020
331,S200000,00500,00100,Y
331,S200000,00600,00300,CONTROLLER
331,S200000,00700,00100,VRL EUROFINS
393,A000000,00100,00000,0100CAPITAL COSTS-BLDG & FIXT
393,A000000,00200,00000,0200CAPITAL COSTS-MVBLE EQUIPMENT
393,A000000,00300,00000,0300EMPLOYEE BENEFITS
393,A000000,00400,00000,0400ADMINISTRATIVE & GENERAL
393,A000000,00500,00000,0500OPERATION AND MAINTENANCE OF PLANT
393,A000000,00600,00000,0600HOUSEKEEPING
393,A000000,00700,00000,0700MEDICAL SUPPLIES
393,A000000,00800,00000,0800OTHER OVERHEAD
393,A000000,00900,00000,0900PROCUREMENT COORDINATORS
393,A000000,01000,00000,1000PROFESSIONAL EDUCATION
393,A000000,01100,00000,1100PUBLIC EDUCATION
393,A000000,01200,00000,1200OTHER ACQUISITION
393,A000000,01300,00000,1300KIDNEY ACQUISITIONS
393,A000000,01400,00000,1400TISSUE TYPING LABORATORY
393,A000000,01500,00000,1500LIVER ACQUISITIONS
393,A000000,01600,00000,1600HEART ACQUISITIONS
393,A000000,01700,00000,1700PANCREAS ACQUISITIONS
393,A000000,01800,00000,1800LUNG ACQUISITIONS
393,A000000,01900,00000,1900OTHER ACQUISITIONS
393,A000000,02100,00000,2100RESEARCH
393,A000000,02200,00000,2200BLOOD BANK
393,A000000,02300,00000,2300LABORATORY-NON-TISSUE TYPING
393,A000000,02400,00000,2400DIALYSIS UNITS
393,A000000,02500,00000,2500OTHER NON-REIMBURSABLE
393,A100000,01700,00000,QUALITY ASSURANCE
393,A100000,01800,00000,LOBBYING
393,A100000,01900,00000,EMPLOYEE RECRUITMENT
393,A100000,01901,00000,OTHER EXPENSES INDIRECT
393,A20H000,00900,00000,OTHER HOSPITAL COSTS
393,A20K000,00900,00000,OTHER HOSPITAL COSTS
393,A20L000,00900,00000,OTHER HOSPITAL COSTS
393,A20P000,00900,00000,OTHER HOSPITAL COSTS
393,A20U000,00900,00000,OTHER HOSPITAL COSTS
393,A400010,00100,00000,RECLASS FACILITY RENT
393,A400010,00100,00100,A
393,A400010,00100,00200,CAPITAL COSTS-BLDG & FIXT
393,A400010,00100,00500,ADMINISTRATIVE & GENERAL
393,A400010,00200,00000,TISSUE ALLOCATION
393,A400010,00200,00100,B
393,A400010,00200,00200,OTHER NON-REIMBURSABLE
393,A400010,00200,00500,PROCUREMENT COORDINATORS
393,A400010,00300,00000,TISSUE ALLOCATION
393,A400010,00300,00100,B
393,A400010,00300,00200,OTHER NON-REIMBURSABLE
393,A400010,00300,00500,PROFESSIONAL EDUCATION
393,A400010,00400,00000,TISSUE ALLOCATION
393,A400010,00400,00100,B
393,A400010,00400,00200,OTHER NON-REIMBURSABLE
393,A400010,00400,00500,PUBLIC EDUCATION
393,A500010,00800,00100,B
393,A500010,00800,00300,PROCUREMENT COORDINATORS
393,A500010,01500,00000,LOBBYING
393,A500010,01500,00100,A
393,A500010,01500,00300,ADMINISTRATIVE & GENERAL
393,A500010,01501,00000,FUNERAL HOME FEES
393,A500010,01501,00100,A
393,A500010,01501,00300,KIDNEY ACQUISITIONS
393,A500010,01502,00000,HOME OFFICE COSTS
393,A500010,01502,00100,A
393,A500010,01502,00300,ADMINISTRATIVE & GENERAL
393,A500010,01600,00000,CHARITABLE CONTRIBUTIONS
393,A500010,01600,00100,A
393,A500010,01600,00300,ADMINISTRATIVE & GENERAL
393,A51000A,00100,00100,Y
393,A51000B,00100,00200,CAPITAL COSTS-BLDG & FIXT
393,A51000B,00100,00300,FACILITY RENT
393,A51000C,00100,00100,A
393,A51000C,00100,00200,DCI DONOR SERVICES INC
393,A51000C,00100,00400,DIALYSIS CLINIC INC
393,A51000C,00100,00600,INDEPENDENT DIALYSIS
393,A60000A,00700,00000,CIP
393,A60000C,00500,00100,N
393,B10000*,00100,00200,CAP BLDG
393,B10000*,00100,00300,CAP COSTS
393,B10000*,00100,00400,EMPLOYEE
393,B10000*,00100,00500,MEDICAL
393,B10000*,00100,00800,ORGAN
393,B10000*,00100,01000,ADMIN &
393,B10000*,00200,00200,OP PLANT &
393,B10000*,00200,00300,MOVABLE
393,B10000*,00200,00400,BENEFITS
393,B10000*,00200,00500,SUPPLIES
393,B10000*,00200,00800,ACQUISITN
393,B10000*,00200,01000,GENERAL
393,B10000*,00300,00200,HOUSEKEEP
393,B10000*,00300,00300,EQUIPMENT
393,B10000*,00300,00800,COSTS
393,B10000*,00400,00200,SQUARE
393,B10000*,00400,00300,SQUARE
393,B10000*,00400,00400,ADJUST
393,B10000*,00400,00500,COSTED
393,B10000*,00400,00800,NUMBER
393,B10000*,00400,01000,ACCUM
393,B10000*,00500,00200,FEET
393,B10000*,00500,00300,FEET
393,B10000*,00500,00400,SALARIES
393,B10000*,00500,00500,REQUISIT
393,B10000*,00500,00800,ORGANS
393,B10000*,00500,01000,COSTS
393,B10000*,00600,00200,1
393,B10000*,00600,00300,2
393,B10000*,00600,00400,3
393,B10000*,00600,00500,3
393,B10000*,00600,00800,3
393,B10000*,00600,01000,3
393,B100000,00000,01000,X
393,E000000,00900,00000,OTHER CURRENT ASSETS
393,E000000,02600,00000,CONSTRUCTION IN PROGRESS
393,E000000,03900,00000,OTHER CURRENT LIABILITIES
393,E100001,00900,00000,TISSUE RECOVERY REVENUE
393,E100002,00300,00000,DISALLOWABLES
393,E100002,00400,00000,INVENTORY VARIANCE
393,E100002,00500,00000,BAD DEBT
393,E100002,00501,00000,RESEARCH
393,E100002,00502,00000,COST REPORT ESTIMATE
393,S000000,00100,00100,X
393,S000000,00400,00100,2
393,S000000,00500,00100,02/28/2020
393,S000000,00600,00100,10001
393,S000000,00700,00100,N
393,S000000,00800,00100,N
393,S000000,00900,00100,02/03/2023
393,S000000,01000,00100,4
393,S000001,00100,00100,TENNESSEE DONOR SERVICES
393,S000001,00100,00200,44P001
393,S000001,00101,00100,1600 HAYES STREET  SUITE 300
393,S000001,00102,00100,NASHVILLE
393,S000001,00102,00200,TN
393,S000001,00102,00300,37203
393,S000001,00300,00100,10/01/2018
393,S000001,00300,00200,09/30/2019
393,S000001,00400,00100,6
393,S000001,00400,00300,1
393,S000001,00400,00400,10/01/1990
393,S000001,00401,00300,1
393,S100001,00700,00100,N
393,S100001,00810,00000,SMALL BOWEL
393,S100003,00100,00100,MEDICAL DIRECTOR
393,S100003,00100,00300,MEDICAL DIRECTOR
393,S100003,00100,00500,LAB DIRECTOR
393,S100003,00101,00100,EXEC. DIRECTOR
393,S100003,00101,00300,PROCUREMENT COORDINATOR
393,S100003,00101,00500,TECHNICIANS
393,S100003,00102,00100,CLERICAL
393,S100003,00102,00300,PRESERVATION TECHNICIANS
393,S100003,00102,00500,TISSUE TYPING TECH.
393,S100003,00103,00100,OTHER
393,S100003,00103,00300,OTHER
393,S100003,00103,00500,OTHER
393,S200000,00100,00100,N
393,S200000,00200,00100,N
393,S200000,00300,00100,Y
393,S200000,00400,00100,Y
393,S200000,00400,00200,A
393,S200000,00500,00100,N
393,S200000,00600,00300,CFO
393,S200000,00700,00100,DCI DONOR SERVICES  INC.
395,A000000,00100,00000,0100CAPITAL COSTS-BLDG & FIXT
395,A000000,00200,00000,0200CAPITAL COSTS-MVBLE EQUIPMENT
395,A000000,00300,00000,0300EMPLOYEE BENEFITS
395,A000000,00400,00000,0400ADMINISTRATIVE & GENERAL
395,A000000,00500,00000,0500OPERATION AND MAINTENANCE OF PLANT
395,A000000,00600,00000,0600HOUSEKEEPING
395,A000000,00700,00000,0700MEDICAL SUPPLIES
395,A000000,00800,00000,0800OTHER OVERHEAD
395,A000000,00900,00000,0900PROCUREMENT COORDINATORS
395,A000000,01000,00000,1000PROFESSIONAL EDUCATION
395,A000000,01100,00000,1100PUBLIC EDUCATION
395,A000000,01300,00000,1300KIDNEY ACQUISITIONS
395,A000000,01400,00000,1400TISSUE TYPING LABORATORY
395,A000000,01500,00000,1500LIVER ACQUISITIONS
395,A000000,01600,00000,1600HEART ACQUISITIONS
395,A000000,01700,00000,1700PANCREAS ACQUISITIONS
395,A000000,01800,00000,1800LUNG ACQUISITIONS
395,A000000,01900,00000,1900OTHER ACQUISITIONS
395,A000000,02100,00000,2100RESEARCH
395,A000000,02200,00000,2200BLOOD BANK
395,A000000,02300,00000,2300LABORATORY-NON-TISSUE TYPING
395,A000000,02400,00000,2400DIALYSIS UNITS
395,A100000,01700,00000,PAYROLL TAXES
395,A100000,01900,00000,POSTAGE
395,A100000,01901,00000,PARKING
395,A300000,00600,00000,PAYROLL TAXES
395,A300000,00700,00000,LAB SUPPLIES AND REAGENTS
395,A300000,00800,00000,COURIER SERVICES
395,A300000,00900,00000,PURCHASE SERVICES
395,A300000,01000,00000,WASTE DISPOSAL
395,A300000,01001,00000,LEASE EQUIPMENT
395,A400010,00100,00000,TO RECLASSIFY PROPERTY INSURANCE
395,A400010,00100,00100,A
395,A400010,00100,00200,CAPITAL COSTS-BLDG & FIXT
395,A400010,00100,00500,ADMINISTRATIVE & GENERAL
395,A400010,00200,00000,TO RECLASSIFY EQUIPMENT LEASE
395,A400010,00200,00100,B
395,A400010,00200,00200,CAPITAL COSTS-MVBLE EQUIPMENT
395,A400010,00200,00500,TISSUE TYPING LABORATORY
395,A400010,00300,00000,TO RECLASIFY RENT COST
395,A400010,00300,00100,C
395,A400010,00300,00200,CAPITAL COSTS-BLDG & FIXT
395,A400010,00300,00500,ADMINISTRATIVE & GENERAL
395,A400010,00400,00000,TO RECLASSIFY LAB DIRECTOR COST
395,A400010,00400,00100,D
395,A400010,00400,00200,ADMINISTRATIVE & GENERAL
395,A400010,00400,00500,TISSUE TYPING LABORATORY
395,A500010,01500,00000,OWNER COMPENSATION
395,A500010,01500,00100,A
395,A500010,01500,00300,ADMINISTRATIVE & GENERAL
395,A500010,01501,00000,OWNER COMPENSATION
395,A500010,01501,00100,A
395,A500010,01501,00300,TISSUE TYPING LABORATORY
395,A500010,01502,00000,OWNER RELATIVE COMP
395,A500010,01502,00100,A
395,A500010,01502,00300,EMPLOYEE BENEFITS
395,A500010,01503,00000,OWNER RELATIVE COMP
395,A500010,01503,00100,A
395,A500010,01503,00300,ADMINISTRATIVE & GENERAL
395,A51000A,00100,00100,N
395,A60000C,00500,00100,N
395,B10000*,00100,00200,CAP BLDG
395,B10000*,00100,00300,CAP COSTS
395,B10000*,00100,00400,EMPLOYEE
395,B10000*,00100,00500,MEDICAL
395,B10000*,00100,00800,ORGAN
395,B10000*,00100,01000,ADMIN &
395,B10000*,00200,00200,OP PLANT &
395,B10000*,00200,00300,MOVABLE
395,B10000*,00200,00400,BENEFITS
395,B10000*,00200,00500,SUPPLIES
395,B10000*,00200,00800,ACQUISITN
395,B10000*,00200,01000,GENERAL
395,B10000*,00300,00200,HOUSEKEEP
395,B10000*,00300,00300,EQUIPMENT
395,B10000*,00300,00800,COSTS
395,B10000*,00400,00200,SQUARE
395,B10000*,00400,00300,DOLLAR
395,B10000*,00400,00400,ADJUST
395,B10000*,00400,00500,COSTED
395,B10000*,00400,00800,NUMBER
395,B10000*,00400,01000,ACCUM
395,B10000*,00500,00200,FEET
395,B10000*,00500,00300,VALUE
395,B10000*,00500,00400,SALARIES
395,B10000*,00500,00500,REQUISIT
395,B10000*,00500,00800,ORGANS
395,B10000*,00500,01000,COSTS
395,B10000*,00600,00200,1
395,B10000*,00600,00300,2
395,B10000*,00600,00400,3
395,B10000*,00600,00500,3
395,B10000*,00600,00800,3
395,B10000*,00600,01000,3
395,B100000,00000,01000,X
395,E000000,00900,00000,OTHER CURRENT ASSETS
395,E000000,02600,00000,OTHER FIXED ASSETS
395,S000000,00100,00100,X
395,S000000,00400,00100,2
395,S000000,00500,00100,06/04/2020
395,S000000,00600,00100,10001
395,S000000,00700,00100,N
395,S000000,00800,00100,N
395,S000000,00900,00100,02/09/2023
395,S000000,01000,00100,4
395,S000001,00100,00100,METIC TRANSPLANTATION LABORATORY
395,S000001,00100,00200,05HL05
395,S000001,00101,00100,129 N. HILL AVENUE  SUITE 104
395,S000001,00102,00100,PASADENA
395,S000001,00102,00200,CA
395,S000001,00102,00300,91106
395,S000001,00300,00100,01/01/2019
395,S000001,00300,00200,12/31/2019
395,S000001,00400,00100,2
395,S000001,00400,00300,2
395,S000001,00400,00400,10/01/1984
395,S000001,00401,00300,1
395,S100001,00700,00100,N
395,S100001,00810,00000,OTHER
395,S100002,00400,00100,LYMPHOCYTOTOXICITY XM
395,S100002,00401,00100,FLOW CYTOMETRY XM
395,S100002,00402,00100,PRONASE XM
395,S100002,00403,00100,FLOW PRA
395,S100002,00404,00100,HLA CLASS I ANTIBDY SPFCTY
395,S100002,00405,00100,HLA CLASS II ANTIBDY SPFCTY
395,S100002,00406,00100,SNG ANTGN ANTBDY SPC CLASS I
395,S100002,00407,00100,SNG ANTGN ANTBDY SPC CLASS II
395,S100002,00408,00100,HLA A DMA TYPING
395,S100002,00409,00100,HLA B DNA TYPING
395,S100002,00410,00100,HLA C DNA TYPING
395,S100002,00411,00100,HLA DRB/DQB1 DNA TYPING
395,S100002,00412,00100,HLA DRB3/DRB4/DRB5 DNA TYPING
395,S100002,00413,00100,HLA DPB1 DNA TYPING
395,S100002,00414,00100,HLA DQA1 DNA TYPING
395,S100002,00415,00100,HLA DPA1 DNA TYPING
395,S100002,00416,00100,HLA A DNA TYPING (HIGH RESOL) II
395,S100002,00417,00100,HLA B DNA PYPING (HIGH RESOL) II
395,S100002,00418,00100,HLA C DNA TYPING (HIGH RESOL) II
395,S100002,00419,00100,HLA DRB1 DNA TYPG (HIGH RESOL) II
395,S100002,00420,00100,HLA DQB1 DNA TYPG (HIGH RESOL) II
395,S100002,00421,00100,HLA DQA1 DNA TYPG (HIGH RESOL) II
395,S100002,00422,00100,HLA DPA1 DNA TYPG (HIGH RESOL) II
395,S100002,00423,00100,HLA DPB1 DNA TYPG (HIGH RESOL) II
395,S100002,00424,00100,HLA DRB3/DRB4/DRB5 DNA TYG(HIGH)II
395,S100002,00425,00100,SERUM PROCESSING
395,S100002,00426,00100,ANTIBODY REANALYSIS & PROCESSING
395,S100003,00100,00100,MEDICAL DIRECTOR
395,S100003,00100,00300,MEDICAL DIRECTOR
395,S100003,00100,00500,LAB DIRECTOR
395,S100003,00101,00100,EXEC. DIRECTOR
395,S100003,00101,00300,PROCUREMENT COORDINATOR
395,S100003,00101,00500,TECHNICIANS
395,S100003,00102,00100,OTHER
395,S100003,00102,00300,OTHER
395,S100003,00102,00500,OTHER
395,S100003,00103,00100,OTHER
395,S100003,00103,00300,OTHER
395,S100003,00103,00500,OTHER
395,S200000,00100,00100,N
395,S200000,00200,00100,N
395,S200000,00300,00100,N
395,S200000,00400,00100,Y
395,S200000,00400,00200,C
395,S200000,00400,00300,12/31/2019
395,S200000,00500,00100,N
395,S200000,00600,00300,CONSULTANT
395,S200000,00700,00100,METIC TRANSPLANTATION LAB
397,A000000,00100,00000,0100CAPITAL COSTS-BLDG & FIXT
397,A000000,00200,00000,0200CAPITAL COSTS-MVBLE EQUIPMENT
397,A000000,00300,00000,0300EMPLOYEE BENEFITS
397,A000000,00400,00000,0400ADMINISTRATIVE & GENERAL
397,A000000,00500,00000,0500OPERATION AND MAINTENANCE OF PLANT
397,A000000,00600,00000,0600HOUSEKEEPING
397,A000000,00700,00000,0700MEDICAL SUPPLIES
397,A000000,00800,00000,0800OTHER OVERHEAD
397,A000000,00900,00000,0900PROCUREMENT COORDINATORS
397,A000000,01000,00000,1000PROFESSIONAL EDUCATION
397,A000000,01100,00000,1100PUBLIC EDUCATION
397,A000000,01200,00000,1200DONOR REFERRAL CENTER
397,A000000,01300,00000,1300KIDNEY ACQUISITIONS
397,A000000,01400,00000,1400TISSUE TYPING LABORATORY
397,A000000,01500,00000,1500LIVER ACQUISITIONS
397,A000000,01600,00000,1600HEART ACQUISITIONS
397,A000000,01700,00000,1700PANCREAS ACQUISITIONS
397,A000000,01800,00000,1800LUNG ACQUISITIONS
397,A000000,01900,00000,1900HEART/LUNG
397,A000000,01901,00000,1901SMALL BOWEL
397,A000000,01902,00000,1902VCA
397,A000000,02100,00000,2100RESEARCH
397,A000000,02200,00000,2200BLOOD BANK
397,A000000,02300,00000,2300LABORATORY-NON-TISSUE TYPING
397,A000000,02400,00000,2400DIALYSIS UNITS
397,A000000,02500,00000,2500TISSUE
397,A000000,02501,00000,2501FOUNDATION
397,A100000,01700,00000,EMPLOYEE BENEFITS
397,A100000,01800,00000,PAYROLL TAXES
397,A100000,01900,00000,EMPLOYMENT EXPENSE
397,A100000,01901,00000,DUES & SUBS
397,A100000,01902,00000,CONTRACT SERVICES
397,A100000,01904,00000,OTHER
397,A20H000,00900,00000,OTHER EXCISION HOSPITAL HEART
397,A20H000,02100,00000,MEDICAL SUPPLIES
397,A20H000,02101,00000,LAB FEES
397,A20H000,02102,00000,OTHER ACQUISITION COSTS
397,A20H000,02103,00000,ALLOCATED DEPT COSTS
397,A20K000,00900,00000,OTHER EXCISION HOSPITAL KIDNEY
397,A20K000,02100,00000,MEDICAL SUPPLIES
397,A20K000,02101,00000,LAB FEES
397,A20K000,02102,00000,OTHER ACQUISITION COSTS
397,A20K000,02103,00000,ALLOCATED DEPT COSTS
397,A20L000,00900,00000,OTHER EXCISION HOSPITAL LIVER
397,A20L000,02100,00000,MEDICAL SUPPLIES
397,A20L000,02101,00000,LAB FEES
397,A20L000,02102,00000,OTHER ACQUISITION COSTS
397,A20L000,02103,00000,ALLOCATED DEPT COSTS
397,A20O000,00900,00000,OTHER EXCISION HOSPITAL HEART/LUNG
397,A20O000,02100,00000,MEDICAL SUPPLIES
397,A20O000,02101,00000,LAB FEES
397,A20O000,02102,00000,OTHER ACQUISITION COSTS
397,A20O000,02103,00000,ALLOCATED DEPT COSTS
397,A20O001,00900,00000,HOSPITAL RELATED COSTS SMALL BOWEL
397,A20O001,02100,00000,MEDICAL SUPPLIES
397,A20O001,02101,00000,LAB FEES
397,A20O001,02102,00000,OTHE ACQUISITION COSTS
397,A20O001,02103,00000,ALLOCATED DEPT COSTS
397,A20O002,02100,00000,MEDICAL SUPPLIES
397,A20P000,00900,00000,OTHER EXCISION HOSPITAL PANCREAS
397,A20P000,02100,00000,MEDICAL SUPPLIES
397,A20P000,02101,00000,LAB FEES
397,A20P000,02102,00000,OTHER ACQUISITION COSTS
397,A20P000,02103,00000,ALLOCATED DEPT COSTS
397,A20U000,00900,00000,OTHER EXCISION HOSPITAL LUNG
397,A20U000,02100,00000,MEDICAL SUPPLIES
397,A20U000,02101,00000,LAB FEES
397,A20U000,02102,00000,OTHER ACQUISITION COSTS
397,A20U000,02103,00000,ALLOCATED DEPT COSTS
397,A400010,00100,00000,RECOVERY SURGEON RECLASS
397,A400010,00100,00100,A
397,A400010,00100,00200,KIDNEY ACQUISITIONS
397,A400010,00100,00500,PROCUREMENT COORDINATORS
397,A400010,00200,00000,RECOVERY SURGEON RECLASS
397,A400010,00200,00100,A
397,A400010,00200,00200,LIVER ACQUISITIONS
397,A400010,00300,00000,RECOVERY SURGEON RECLASS
397,A400010,00300,00100,A
397,A400010,00300,00200,HEART ACQUISITIONS
397,A400010,00400,00000,RECOVERY SURGEON RECLASS
397,A400010,00400,00100,A
397,A400010,00400,00200,PANCREAS ACQUISITIONS
397,A400010,00500,00000,RECOVERY SURGEON RECLASS
397,A400010,00500,00100,A
397,A400010,00500,00200,LUNG ACQUISITIONS
397,A400010,00600,00000,RECOVERY SURGEON RECLASS
397,A400010,00600,00100,A
397,A400010,00600,00200,SMALL BOWEL
397,A400010,00700,00000,CAPITAL RELATED COSTS
397,A400010,00700,00100,B
397,A400010,00700,00200,CAPITAL COSTS-MVBLE EQUIPMENT
397,A400010,00700,00500,ADMINISTRATIVE & GENERAL
397,A400010,00800,00000,CAPITAL RELATED COSTS
397,A400010,00800,00100,B
397,A400010,00800,00500,PROCUREMENT COORDINATORS
397,A400010,00900,00000,OCCUPANCY COSTS
397,A400010,00900,00100,C
397,A400010,00900,00200,OPERATION AND MAINTENANCE OF PLANT
397,A400010,00900,00500,ADMINISTRATIVE & GENERAL
397,A400010,01000,00000,TISSUE OVERHEAD
397,A400010,01000,00100,D
397,A400010,01000,00200,TISSUE
397,A400010,01000,00500,PROFESSIONAL EDUCATION
397,A400010,01100,00000,TISSUE OVERHEAD
397,A400010,01100,00100,D
397,A400010,01100,00500,PUBLIC EDUCATION
397,A400010,01200,00000,TISSUE OVERHEAD
397,A400010,01200,00100,D
397,A400010,01200,00500,DONOR REFERRAL CENTER
397,A400010,01300,00000,A&G OCCUPANCY RECLASS
397,A400010,01300,00100,E
397,A400010,01300,00200,ADMINISTRATIVE & GENERAL
397,A400010,01300,00500,CAPITAL COSTS-MVBLE EQUIPMENT
397,A400010,01400,00000,A&G OCCUPANCY RECLASS
397,A400010,01400,00100,E
397,A400010,01400,00500,OPERATION AND MAINTENANCE OF PLANT
397,A400010,01500,00000,KIDNEY PUMP ROOM OCCUPANCY COST
397,A400010,01500,00100,F
397,A400010,01500,00200,KIDNEY ACQUISITIONS
397,A400010,01500,00500,CAPITAL COSTS-MVBLE EQUIPMENT
397,A400010,01600,00000,KIDNEY PUMP ROOM OCCUPANCY COST
397,A400010,01600,00100,F
397,A400010,01600,00500,OPERATION AND MAINTENANCE OF PLANT
397,A400010,01700,00000,TO RECLASSIFY ALLOWABLE EXPENSES
397,A400010,01700,00100,G
397,A400010,01700,00200,ADMINISTRATIVE & GENERAL
397,A400010,01700,00500,TISSUE
397,A500010,00200,00100,B
397,A500010,00200,00300,ADMINISTRATIVE & GENERAL
397,A500010,00700,00100,A
397,A500010,00700,00300,CAPITAL COSTS-MVBLE EQUIPMENT
397,A500010,00800,00100,B
397,A500010,00800,00300,PROCUREMENT COORDINATORS
397,A500010,01500,00000,AOPO LOBBYING
397,A500010,01500,00100,A
397,A500010,01500,00300,ADMINISTRATIVE & GENERAL
397,A500010,01501,00000,NON-REIMBURSIBLE COSTS TISSUE
397,A500010,01501,00100,A
397,A500010,01501,00300,TISSUE
397,A500010,01502,00000,NON-REIMBURSIBLE COSTS ORGAN
397,A500010,01502,00100,A
397,A500010,01502,00300,PROCUREMENT COORDINATORS
397,A500010,01503,00000,NON REIMBURSIBLE COSTS PROFESSIONAL
397,A500010,01503,00100,A
397,A500010,01503,00300,PROFESSIONAL EDUCATION
397,A500010,01504,00000,NON REIMBURSIBLE COSTS PUBLIC EDU
397,A500010,01504,00100,A
397,A500010,01504,00300,PUBLIC EDUCATION
397,A500010,01505,00000,NON REIMBURSIBLE COSTS ADMIN
397,A500010,01505,00100,A
397,A500010,01505,00300,ADMINISTRATIVE & GENERAL
397,A500010,01506,00000,OTHER INCOME - ADMIN
397,A500010,01506,00100,B
397,A500010,01506,00300,ADMINISTRATIVE & GENERAL
397,A500010,01507,00000,OTHER INCOME - ORGAN
397,A500010,01507,00100,B
397,A500010,01507,00300,PROCUREMENT COORDINATORS
397,A500010,01508,00000,RENTAL SPACE OCCUPANCY COSTS
397,A500010,01508,00100,A
397,A500010,01508,00300,OPERATION AND MAINTENANCE OF PLANT
397,A500010,01509,00000,SURGEON FEE REVENUE
397,A500010,01509,00100,B
397,A500010,01509,00300,PROCUREMENT COORDINATORS
397,A500010,01510,00000,UCSF RESEARCH GRANT
397,A500010,01510,00100,B
397,A500010,01510,00300,PROCUREMENT COORDINATORS
397,A500010,01512,00000,KIDNEY SUPPLY REBATE
397,A500010,01512,00100,B
397,A500010,01512,00300,KIDNEY ACQUISITIONS
397,A500010,01600,00000,CALL CENTER REVENUE
397,A500010,01600,00100,B
397,A500010,01600,00300,DONOR REFERRAL CENTER
397,A51000A,00100,00100,Y
397,A51000B,00100,00200,FOUNDATION
397,A51000B,00100,00300,FOUNDATION
397,A51000C,00100,00100,C
397,A51000C,00100,00400,OUTLIVE YOURSELF FOUNDATION
397,A51000C,00100,00600,FOUNDATION
397,A60000A,00701,00000,FURNITURE & FIXTURES
397,A60000A,00702,00000,MEDICAL EQUIPMENT
397,A60000A,00703,00000,COMPUTER EQUIPMENT
397,A60000A,00704,00000,SOFTWARE
397,A60000B,00801,00000,FURNITURE & FIXTURES
397,A60000B,00802,00000,MEDICAL EQUIPMENT
397,A60000B,00803,00000,COMPUTER EQUIPMENT
397,A60000B,00804,00000,COMPUTER SOFTWARE
397,A60000C,00500,00100,N
397,B10000*,00100,00200,CAP BLDG
397,B10000*,00100,00300,CAP COSTS
397,B10000*,00100,00400,EMPLOYEE
397,B10000*,00100,00500,MEDICAL
397,B10000*,00100,00800,ORGAN
397,B10000*,00100,01000,ADMIN &
397,B10000*,00200,00200,OP PLANT &
397,B10000*,00200,00300,MOVABLE
397,B10000*,00200,00400,BENEFITS
397,B10000*,00200,00500,SUPPLIES
397,B10000*,00200,00800,ACQUISITN
397,B10000*,00200,01000,GENERAL
397,B10000*,00300,00200,HOUSEKEEP
397,B10000*,00300,00300,EQUIPMENT
397,B10000*,00300,00800,COSTS
397,B10000*,00400,00200,SQUARE
397,B10000*,00400,00300,DOLLAR
397,B10000*,00400,00400,ADJUST
397,B10000*,00400,00500,COSTED
397,B10000*,00400,00800,NUMBER
397,B10000*,00400,01000,ACCUM
397,B10000*,00500,00200,FEET
397,B10000*,00500,00300,VALUE
397,B10000*,00500,00400,SALARIES
397,B10000*,00500,00500,REQUISIT
397,B10000*,00500,00800,ORGANS
397,B10000*,00500,01000,COSTS
397,B10000*,00600,00200,1
397,B10000*,00600,00300,2
397,B10000*,00600,00400,3
397,B10000*,00600,00500,3
397,B10000*,00600,00800,3
397,B10000*,00600,01000,3
397,B100000,00000,01000,X
397,E000000,00900,00000,MEDICARE AR
397,E000000,02600,00000,GAIN/LOSS FIXED ASSETS
397,E000000,03100,00000,OTHER ASSETS
397,E000000,03900,00000,DUE TO MEDICARE
397,E000000,04100,00000,ACCURED EXPENSES
397,E000000,04600,00000,LINE OF CREDIT
397,E100002,00300,00000,ROUNDING
397,E100002,00800,00000,ROUNDING
397,E200000,02000,00000,NET UNREALIZED GAINS ON INVESTMENTS
397,E200000,02100,00000,OTHER
397,E200000,02200,00000,RENTAL INCOME
397,E200000,02300,00000,NET ASSETS RELEASED FROM RESTRICTION
397,E200000,02301,00000,REALIZED GAIN ON INVESTMENTS  NET
397,E200000,02600,00000,NET CHANGE IN UNREALIZED LOSSES
397,S000000,00100,00100,X
397,S000000,00400,00100,2
397,S000000,00500,00100,12/08/2022
397,S000000,00600,00100,10001
397,S000000,00700,00100,N
397,S000000,00800,00100,N
397,S000000,00900,00100,02/09/2023
397,S000000,01000,00100,4
397,S000001,00100,00100,SOUTHWEST TRANSPLANT ALLIANCE
397,S000001,00100,00200,45P002
397,S000001,00101,00100,5489 BLAIR ROAD
397,S000001,00102,00100,DALLAS
397,S000001,00102,00200,TX
397,S000001,00102,00300,75231
397,S000001,00300,00100,01/01/2019
397,S000001,00300,00200,12/31/2019
397,S000001,00400,00100,6
397,S000001,00400,00300,1
397,S000001,00400,00400,03/31/1998
397,S000001,00401,00300,1
397,S000002,00100,00200,Y
397,S000002,00300,00100,CHIEF FINANCIAL OFFICER
397,S000002,00400,00100,12/07/2022
397,S100001,00700,00100,N
397,S100001,00810,00000,SM BOWEL
397,S100001,00811,00000,VCA
397,S100003,00100,00100,MEDICAL DIRECTOR
397,S100003,00100,00300,MEDICAL DIRECTOR
397,S100003,00100,00500,LAB DIRECTOR
397,S100003,00101,00100,EXEC. DIRECTOR
397,S100003,00101,00300,PROCUREMENT COORDINATOR
397,S100003,00101,00500,TECHNICIANS
397,S100003,00102,00100,CLERICAL
397,S100003,00102,00300,PRESERVATION TECHNICIANS
397,S100003,00102,00500,TISSUE TYPING TECH.
397,S100003,00103,00100,OTHER
397,S100003,00103,00300,OTHER
397,S100003,00103,00500,OTHER
397,S200000,00100,00100,N
397,S200000,00200,00100,N
397,S200000,00300,00100,Y
397,S200000,00400,00100,Y
397,S200000,00400,00200,A
397,S200000,00500,00100,Y
397,S200000,00600,00300,CFO
397,S200000,00700,00100,SOUTHWEST TRANSPLANT ALLIANCE
402,A000000,00100,00000,0100CAPITAL COSTS-BLDG & FIXT
402,A000000,00200,00000,0200CAPITAL COSTS-MVBLE EQUIPMENT
402,A000000,00300,00000,0300EMPLOYEE BENEFITS
402,A000000,00400,00000,0400ADMINISTRATIVE & GENERAL
402,A000000,00500,00000,0500OPERATION AND MAINTENANCE OF PLANT
402,A000000,00600,00000,0600HOUSEKEEPING
402,A000000,00700,00000,0700MEDICAL SUPPLIES
402,A000000,00800,00000,0800OTHER OVERHEAD
402,A000000,00900,00000,0900PROCUREMENT COORDINATORS
402,A000000,01000,00000,1000PROFESSIONAL EDUCATION
402,A000000,01100,00000,1100PUBLIC EDUCATION
402,A000000,01200,00000,1200OTHER ACQUISITION
402,A000000,01300,00000,1300KIDNEY ACQUISITIONS
402,A000000,01400,00000,1400TISSUE TYPING LABORATORY
402,A000000,01500,00000,1500LIVER ACQUISITIONS
402,A000000,01600,00000,1600HEART ACQUISITIONS
402,A000000,01700,00000,1700PANCREAS ACQUISITIONS
402,A000000,01800,00000,1800LUNG ACQUISITIONS
402,A000000,01900,00000,1900INTESTINE ACQUISITIONS
402,A000000,02100,00000,2100RESEARCH
402,A000000,02200,00000,2200BLOOD BANK
402,A000000,02300,00000,2300LABORATORY-NON-TISSUE TYPING
402,A000000,02400,00000,2400DIALYSIS UNITS
402,A000000,02500,00000,2500FUND RAISING/ADVANCEMENT
402,A000000,02501,00000,2501EYE ACQUISITION
402,A000000,02502,00000,2502TISSUE ACQUISITION
402,A100000,01700,00000,ENDOWMENT GRANTS
402,A100000,01800,00000,OTHER A&G
402,A20H000,00900,00000,HOSPITAL COSTS
402,A20K000,00900,00000,HOSPITAL COSTS
402,A20K000,02100,00000,KIDNEY PUMPING
402,A20L000,00900,00000,HOSPITAL COSTS
402,A20O000,00900,00000,HOSPITAL COSTS
402,A20O000,02101,00000,MEDICAL SUPPLIES/SERVICES
402,A20O000,02102,00000,FUNERAL DIRECTOR EMBALMING/TRANSPORT
402,A20P000,00900,00000,HOSPITAL COSTS
402,A20P000,02100,00000,OTHER
402,A20U000,00900,00000,HOSPITAL COSTS
402,A20U000,02100,00000,INTENSIVIST EXPENSE
402,A400010,00100,00000,TISSUE OVERHEAD - PROF\PUB ED
402,A400010,00100,00100,A
402,A400010,00100,00200,TISSUE ACQUISITION
402,A400010,00100,00500,PUBLIC EDUCATION
402,A400010,00200,00000,TISSUE OVERHEAD - PROCUREMENT
402,A400010,00200,00100,B
402,A400010,00200,00200,TISSUE ACQUISITION
402,A400010,00200,00500,PROCUREMENT COORDINATORS
402,A400010,00300,00000,CAPITAL COSTS
402,A400010,00300,00100,C
402,A400010,00300,00200,CAPITAL COSTS-BLDG & FIXT
402,A400010,00300,00500,ADMINISTRATIVE & GENERAL
402,A500010,00700,00100,B
402,A500010,00700,00300,CAPITAL COSTS-BLDG & FIXT
402,A500010,00800,00100,B
402,A500010,00800,00300,PROCUREMENT COORDINATORS
402,A500010,01200,00100,B
402,A500010,01200,00300,CAPITAL COSTS-BLDG & FIXT
402,A500010,01500,00000,MISC INCOME ADMIN
402,A500010,01500,00100,B
402,A500010,01500,00300,ADMINISTRATIVE & GENERAL
402,A500010,01501,00000,MISC INCOME ORGAN
402,A500010,01501,00100,B
402,A500010,01501,00300,PROCUREMENT COORDINATORS
402,A500010,01502,00000,MISC INCOME BLOOD BANK
402,A500010,01502,00100,B
402,A500010,01502,00300,BLOOD BANK
402,A500010,01503,00000,FUNERAL DIRECTOR EMBALMING
402,A500010,01503,00100,A
402,A500010,01503,00300,TISSUE ACQUISITION
402,A500010,01504,00000,TRANSPORTATION OF DONORS
402,A500010,01504,00100,A
402,A500010,01504,00300,TISSUE ACQUISITION
402,A500010,01505,00000,COMMUNICATION CTR REVENUE
402,A500010,01505,00100,B
402,A500010,01505,00300,ADMINISTRATIVE & GENERAL
402,A500010,01506,00000,LOBBYING EXPENSE
402,A500010,01506,00100,A
402,A500010,01506,00300,PROCUREMENT COORDINATORS
402,A500010,01507,00000,NON EMPLOYEE TRAVEL
402,A500010,01507,00100,A
402,A500010,01507,00300,ADMINISTRATIVE & GENERAL
402,A500010,01508,00000,NON EMPLOYEE TRAVEL
402,A500010,01508,00100,A
402,A500010,01508,00300,PROCUREMENT COORDINATORS
402,A500010,01509,00000,NON EMPLOYEE TRAVEL
402,A500010,01509,00100,A
402,A500010,01509,00300,PUBLIC EDUCATION
402,A500010,01510,00000,NON EMPLOYEE TRAVEL
402,A500010,01510,00100,A
402,A500010,01510,00300,BLOOD BANK
402,A500010,01511,00000,NON EMPLOYEE TRAVEL
402,A500010,01511,00100,A
402,A500010,01511,00300,EYE ACQUISITION
402,A500010,01512,00000,NON EMPLOYEE TRAVEL
402,A500010,01512,00100,A
402,A500010,01512,00300,TISSUE ACQUISITION
402,A500010,01513,00000,NON EMLOYEE MEETING
402,A500010,01513,00100,A
402,A500010,01513,00300,ADMINISTRATIVE & GENERAL
402,A500010,01514,00000,NON EMLOYEE MEETING
402,A500010,01514,00100,A
402,A500010,01514,00300,PROCUREMENT COORDINATORS
402,A500010,01515,00000,NON EMLOYEE MEETING
402,A500010,01515,00100,A
402,A500010,01515,00300,PUBLIC EDUCATION
402,A500010,01516,00000,NON EMPLOYEE MEETING
402,A500010,01516,00100,A
402,A500010,01516,00300,BLOOD BANK
402,A500010,01517,00000,NON EMPLOYEE MEETING
402,A500010,01517,00100,A
402,A500010,01517,00300,FUND RAISING/ADVANCEMENT
402,A500010,01518,00000,NON EMPLOYEE MEETING
402,A500010,01518,00100,A
402,A500010,01518,00300,TISSUE ACQUISITION
402,A500010,01520,00000,SPONSORSHIPD W/O EDUCATION
402,A500010,01520,00100,A
402,A500010,01520,00300,PUBLIC EDUCATION
402,A500010,01521,00000,SPONSORSHIPD W/O EDUCATION
402,A500010,01521,00100,A
402,A500010,01521,00300,FUND RAISING/ADVANCEMENT
402,A500010,01523,00000,BAD DEBT EXPENSE
402,A500010,01523,00100,A
402,A500010,01523,00300,BLOOD BANK
402,A500010,01524,00000,EXCESS KIDNEY SURGEON FEES
402,A500010,01524,00100,A
402,A500010,01524,00300,KIDNEY ACQUISITIONS
402,A500010,01525,00000,NONALLOWABLE EXPENSES
402,A500010,01525,00100,A
402,A500010,01525,00300,PUBLIC EDUCATION
402,A51000A,00100,00100,N
402,B10000*,00100,00200,CAP BLDG
402,B10000*,00100,00300,CAP COSTS
402,B10000*,00100,00400,EMPLOYEE
402,B10000*,00100,00500,MEDICAL
402,B10000*,00100,00800,ORGAN
402,B10000*,00100,01000,ADMIN &
402,B10000*,00200,00200,OP PLANT &
402,B10000*,00200,00300,MOVABLE
402,B10000*,00200,00400,BENEFITS
402,B10000*,00200,00500,SUPPLIES
402,B10000*,00200,00800,ACQUISITN
402,B10000*,00200,01000,GENERAL
402,B10000*,00300,00200,HOUSEKEEP
402,B10000*,00300,00300,EQUIPMENT
402,B10000*,00300,00800,COSTS
402,B10000*,00400,00200,SQUARE
402,B10000*,00400,00300,SQUARE
402,B10000*,00400,00400,ADJUST
402,B10000*,00400,00500,COSTED
402,B10000*,00400,00800,NUMBER
402,B10000*,00400,01000,ACCUM
402,B10000*,00500,00200,FEET
402,B10000*,00500,00300,FEET
402,B10000*,00500,00400,SALARIES
402,B10000*,00500,00500,REQUISIT
402,B10000*,00500,00800,ORGANS
402,B10000*,00500,01000,COSTS
402,B10000*,00600,00200,1
402,B10000*,00600,00300,2
402,B10000*,00600,00400,3
402,B10000*,00600,00500,3
402,B10000*,00600,00800,3
402,B10000*,00600,01000,3
402,B100000,00000,01000,X
402,E000000,00900,00000,OTHER CURRENT - INVESTMENTS
402,E000000,02600,00000,OTHER FIXED ASSETS
402,E000000,04600,00000,OTHER LOANS
402,E100001,00700,00000,OCULAR REVENUE
402,E100001,00800,00000,TISSUE REVENUE
402,E100001,00900,00000,COMMUNICATION CENTER REVENUE
402,E200000,02000,00000,GENERAL GRANTS
402,S000000,00100,00100,X
402,S000000,00400,00100,2
402,S000000,00500,00100,08/31/2020
402,S000000,00600,00100,10001
402,S000000,00700,00100,N
402,S000000,00800,00100,N
402,S000000,00900,00100,02/16/2023
402,S000000,01000,00100,4
402,S000001,00100,00100,CONNECTLIFE
402,S000001,00100,00200,33P001
402,S000001,00101,00100,4444 BRYANT AND STRATTON WAY
402,S000001,00102,00100,WILLIAMSVILLE
402,S000001,00102,00200,NY
402,S000001,00102,00300,14221
402,S000001,00300,00100,01/01/2019
402,S000001,00300,00200,12/31/2019
402,S000001,00400,00100,2
402,S000001,00400,00300,1
402,S000001,00400,00400,03/01/1992
402,S000001,00401,00100,5
402,S000001,00401,00300,1
402,S000002,00100,00200,Y
402,S000002,00300,00100,COO/CFO
402,S000002,00400,00100,08/26/2020
402,S100001,00700,00100,N
402,S100001,00810,00000,INTESTINE
402,S100003,00100,00100,MEDICAL DIRECTOR
402,S100003,00100,00300,MEDICAL DIRECTOR
402,S100003,00100,00500,LAB DIRECTOR
402,S100003,00101,00100,EXEC. DIRECTOR
402,S100003,00101,00300,PROCUREMENT COORDINATOR
402,S100003,00101,00500,TECHNICIANS
402,S100003,00102,00100,CLERICAL
402,S100003,00102,00300,PRESERVATION TECHNICIANS
402,S100003,00102,00500,TISSUE TYPING TECH.
402,S100003,00103,00100,OTHER
402,S100003,00103,00300,OTHER
402,S100003,00103,00500,OTHER
402,S200000,00100,00100,N
402,S200000,00200,00100,N
402,S200000,00300,00100,N
402,S200000,00400,00100,Y
402,S200000,00400,00200,A
402,S200000,00500,00100,Y
402,S200000,00600,00300,COO\CFO
402,S200000,00700,00100,CONNECTLIFE
404,A000000,00100,00000,0100CAPITAL COSTS-BLDG & FIXT
404,A000000,00200,00000,0200CAPITAL COSTS-MVBLE EQUIPMENT
404,A000000,00300,00000,0300EMPLOYEE BENEFITS
404,A000000,00400,00000,0400ADMINISTRATIVE & GENERAL
404,A000000,00500,00000,0500OPERATION AND MAINTENANCE OF PLANT
404,A000000,00600,00000,0600HOUSEKEEPING
404,A000000,00700,00000,0700MEDICAL SUPPLIES
404,A000000,00800,00000,0800OPO SPECIFIC COSTS
404,A000000,00900,00000,0900PROCUREMENT COORDINATORS
404,A000000,01000,00000,1000PROFESSIONAL EDUCATION
404,A000000,01100,00000,1100PUBLIC EDUCATION
404,A000000,01200,00000,1200OTHER ACQUISITION
404,A000000,01300,00000,1300KIDNEY ACQUISITIONS
404,A000000,01400,00000,1400TISSUE TYPING LABORATORY
404,A000000,01500,00000,1500LIVER ACQUISITIONS
404,A000000,01600,00000,1600HEART ACQUISITIONS
404,A000000,01700,00000,1700PANCREAS ACQUISITIONS
404,A000000,01800,00000,1800LUNG ACQUISITIONS
404,A000000,01900,00000,1900OTHER ACQUISITIONS
404,A000000,02100,00000,2100RESEARCH
404,A000000,02200,00000,2200BLOOD BANK
404,A000000,02300,00000,2300LABORATORY-NON-TISSUE TYPING
404,A000000,02400,00000,2400DIALYSIS UNITS
404,A000000,02500,00000,2500OTHER NON-REIMBURSABLE
404,A100000,01700,00000,OTHER ADMINISTRATIVE SALARIES
404,A20H000,00900,00000,OTHER EXCISION HOSPITAL COSTS
404,A20H000,02100,00000,DONOR HOSPITAL BILLS ACCRUED
404,A20K000,00900,00000,OTHER EXCISION HOSPITAL COSTS
404,A20K000,02100,00000,DONOR HOSPITAL BILLS ACCRUED
404,A20L000,00900,00000,OTHER EXCISION HOSPITAL COSTS
404,A20L000,02100,00000,DONOR HOSPITAL BILLS ACCRUED
404,A20O000,02100,00000,DONOR HOSPITAL BILLS ACCRUED
404,A20P000,00900,00000,OTHER EXCISION HOSPITAL COSTS
404,A20P000,02100,00000,DONOR HOSPITAL BILLS ACCRUED
404,A20U000,00900,00000,OTHER EXCISION HOSPITAL COSTS
404,A20U000,02100,00000,DONOR HOSPITAL BILLS ACCRUED
404,A300000,00600,00000,OFFICE SALARIES
404,A300000,00700,00000,OTHER LAB COSTS
404,A300000,00800,00000,REAGENTS AND SUPPLIES
404,A400010,00100,00000,RECLASSIFICATIONS
404,A400010,00100,00100,A
404,A400010,00100,00200,CAPITAL COSTS-BLDG & FIXT
404,A400010,00100,00500,PROCUREMENT COORDINATORS
404,A400010,00200,00000,RECLASSIFICATIONS
404,A400010,00200,00100,A
404,A400010,00200,00200,LIVER ACQUISITIONS
404,A400010,00200,00500,PROCUREMENT COORDINATORS
404,A400010,00300,00000,RECLASSIFICATIONS
404,A400010,00300,00100,A
404,A400010,00300,00200,HEART ACQUISITIONS
404,A400010,00300,00500,PROCUREMENT COORDINATORS
404,A400010,00400,00000,RECLASSIFICATIONS
404,A400010,00400,00100,A
404,A400010,00400,00200,PANCREAS ACQUISITIONS
404,A400010,00400,00500,PROCUREMENT COORDINATORS
404,A400010,00500,00000,RECLASSIFICATIONS
404,A400010,00500,00100,A
404,A400010,00500,00200,LUNG ACQUISITIONS
404,A400010,00500,00500,PROCUREMENT COORDINATORS
404,A400010,00600,00000,RECLASSIFICATIONS
404,A400010,00600,00100,A
404,A400010,00600,00200,OTHER ACQUISITIONS
404,A400010,00600,00500,PROCUREMENT COORDINATORS
404,A400010,00700,00000,RECLASSIFICATIONS
404,A400010,00700,00100,A
404,A400010,00700,00200,RESEARCH
404,A400010,00700,00500,PROCUREMENT COORDINATORS
404,A400010,00800,00000,RECLASSIFICATIONS
404,A400010,00800,00100,A
404,A400010,00800,00200,OTHER NON-REIMBURSABLE
404,A400010,00800,00500,PROCUREMENT COORDINATORS
404,A400010,00900,00000,OPERATION OF PLANT ACCOUNTS
404,A400010,00900,00100,B
404,A400010,00900,00200,TISSUE TYPING LABORATORY
404,A400010,00900,00500,OPERATION AND MAINTENANCE OF PLANT
404,A400010,01000,00000,OPERATION OF PLANT ACCOUNTS
404,A400010,01000,00100,B
404,A400010,01000,00200,OPERATION AND MAINTENANCE OF PLANT
404,A400010,01000,00500,PROCUREMENT COORDINATORS
404,A400010,01100,00000,OPO SPECIFIC COSTS
404,A400010,01100,00100,C
404,A400010,01100,00200,OPO SPECIFIC COSTS
404,A400010,01100,00500,CAPITAL COSTS-BLDG & FIXT
404,A500010,01501,00000,EMPLOYEE BENEFITS
404,A500010,01501,00100,A
404,A500010,01501,00300,EMPLOYEE BENEFITS
404,A500010,01502,00000,ORGAN ACQUISITION OVERHEAD
404,A500010,01502,00100,A
404,A500010,01502,00300,PROCUREMENT COORDINATORS
404,A500010,01503,00000,LIVER ACQUISITION
404,A500010,01503,00100,A
404,A500010,01503,00300,LIVER ACQUISITIONS
404,A500010,01504,00000,HEART ACQUISITION
404,A500010,01504,00100,A
404,A500010,01504,00300,HEART ACQUISITIONS
404,A500010,01505,00000,PANCREAS ACQUISITION
404,A500010,01505,00100,A
404,A500010,01505,00300,PANCREAS ACQUISITIONS
404,A500010,01506,00000,LUNG ACQUISITION
404,A500010,01506,00100,A
404,A500010,01506,00300,LUNG ACQUISITIONS
404,A500010,01507,00000,INTESTINE ACQUISITION
404,A500010,01507,00100,A
404,A500010,01507,00300,OTHER ACQUISITIONS
404,A500010,01508,00000,HL EMPLOYEE BENEFITS
404,A500010,01508,00100,A
404,A500010,01508,00300,EMPLOYEE BENEFITS
404,A500010,01509,00000,TISSUE TYPING LABORATORY
404,A500010,01509,00100,A
404,A500010,01509,00300,TISSUE TYPING LABORATORY
404,A500010,01510,00000,NON-ALLOWABLE COMPENSATION
404,A500010,01510,00100,A
404,A500010,01510,00300,PROCUREMENT COORDINATORS
404,A500010,01511,00000,NON-ALLOWABLE EXPENSES
404,A500010,01511,00100,A
404,A500010,01511,00300,CAPITAL COSTS-MVBLE EQUIPMENT
404,A51000A,00100,00100,Y
404,A51000B,00100,00200,CAPITAL COSTS-BLDG & FIXT
404,A51000B,00100,00300,HOME OFFICE CAPITAL ALLOCATION
404,A51000B,00200,00200,EMPLOYEE BENEFITS
404,A51000B,00200,00300,HOME OFFICE BENEFITS ALLOCATION
404,A51000B,00300,00200,ADMINISTRATIVE & GENERAL
404,A51000B,00300,00300,HOME OFFICE ADMIN AND GENERAL
404,A51000C,00100,00100,B
404,A51000C,00100,00200,UNIVERSITY OF MIAMI
404,A60000C,00500,00100,Y
404,B10000*,00100,00200,CAP BLDG
404,B10000*,00100,00300,CAP COSTS
404,B10000*,00100,00400,EMPLOYEE
404,B10000*,00100,00500,MEDICAL
404,B10000*,00100,00800,ORGAN
404,B10000*,00100,01000,ADMIN &
404,B10000*,00200,00200,OP PLANT &
404,B10000*,00200,00300,MOVABLE
404,B10000*,00200,00400,BENEFITS
404,B10000*,00200,00500,SUPPLIES
404,B10000*,00200,00800,ACQUISITN
404,B10000*,00200,01000,GENERAL
404,B10000*,00300,00200,HOUSEKEEP
404,B10000*,00300,00300,EQUIPMENT
404,B10000*,00300,00800,COSTS
404,B10000*,00400,00200,SQUARE
404,B10000*,00400,00300,DOLLAR
404,B10000*,00400,00400,ADJUST
404,B10000*,00400,00500,COSTED
404,B10000*,00400,00600,NUMBER
404,B10000*,00400,00800,NUMBER
404,B10000*,00400,01000,ACCUM
404,B10000*,00500,00200,FEET
404,B10000*,00500,00300,VALUE
404,B10000*,00500,00400,SALARIES
404,B10000*,00500,00500,REQUISIT
404,B10000*,00500,00600,ORGANS
404,B10000*,00500,00800,ORGANS
404,B10000*,00500,01000,COSTS
404,B10000*,00600,00200,1
404,B10000*,00600,00300,2
404,B10000*,00600,00400,3
404,B10000*,00600,00500,3
404,B10000*,00600,00800,3
404,B10000*,00600,01000,3
404,B100000,00000,01000,X
404,E100001,00700,00000,SURGEON FEES (PASS THROUGH COST)
404,E100001,00800,00000,ADMIN FEES (KIDNEY PRESERVATION)
404,E100001,00900,00000,RESEARCH REVENUE
404,S000000,00100,00100,X
404,S000000,00400,00100,2
404,S000000,00500,00100,10/29/2020
404,S000000,00600,00100,10001
404,S000000,00700,00100,N
404,S000000,00800,00100,N
404,S000000,00900,00100,02/17/2023
404,S000000,01000,00100,4
404,S000001,00100,00100,LIFE ALLIANCE ORGAN RECOVERY AGENCY
404,S000001,00100,00200,10P002
404,S000001,00101,00100,1951 NW 7TH AVE; SUITE 220
404,S000001,00102,00100,MIAMI
404,S000001,00102,00200,FL
404,S000001,00102,00300,33136
404,S000001,00200,00100,UNIVERSITY OF MIAMI - HISTO LAB
404,S000001,00200,00200,10HL02
404,S000001,00201,00100,1600 NW 10TH AVE; ROOM 8145
404,S000001,00202,00100,MIAMI
404,S000001,00202,00200,FL
404,S000001,00202,00300,33136
404,S000001,00300,00100,06/01/2019
404,S000001,00300,00200,05/31/2020
404,S000001,00400,00100,8
404,S000001,00400,00300,1
404,S000001,00400,00400,10/01/1978
404,S000001,00401,00100,8
404,S000001,00401,00300,2
404,S000001,00401,00400,10/01/1978
404,S000002,00300,00100,DIRECTOR OF FINANCE
404,S100001,00700,00100,N
404,S100001,00810,00000,INTESTINE
404,S100002,00400,00100,ABO
404,S100002,00401,00100,B-25 (ALLO)
404,S100002,00402,00100,B-25 (AUTO)
404,S100002,00403,00100,B25-DTT (ALLO)
404,S100002,00404,00100,B25-DTT (AUTO)
404,S100002,00405,00100,B-FLOW XM (ALLO)
404,S100002,00406,00100,B-FLOW XM (AUTO)
404,S100002,00407,00100,CF-SO-NGS
404,S100002,00408,00100,CF-SO-SSOP
404,S100002,00409,00100,ENDO XM (ALLO)
404,S100002,00410,00100,LUMINEX SCREEN
404,S100002,00411,00100,PAIRED EXCHANGE
404,S100002,00412,00100,RHO
404,S100002,00413,00100,SA CLS I & II
404,S100002,00414,00100,SO-SSOP
404,S100002,00415,00100,T-25 (ALLO)
404,S100002,00416,00100,T-25 (AUTO)
404,S100002,00417,00100,T25-DTT (ALLO)
404,S100002,00418,00100,T25-DTT (AUTO)
404,S100002,00419,00100,T-FLOW XM (ALLO)
404,S100002,00420,00100,T-FLOW XM (AUTO)
404,S100002,00421,00100,VIRTUAL XM
404,S100003,00100,00100,MEDICAL DIRECTOR
404,S100003,00100,00300,MEDICAL DIRECTOR
404,S100003,00100,00500,LAB DIRECTOR
404,S100003,00101,00100,EXEC. DIRECTOR
404,S100003,00101,00300,PROCUREMENT COORDINATOR
404,S100003,00101,00500,TECHNICIANS
404,S100003,00102,00100,CLERICAL
404,S100003,00102,00300,PRESERVATION TECHNICIANS
404,S100003,00102,00500,TISSUE TYPING TECH.
404,S100003,00103,00100,OTHER
404,S100003,00103,00300,OTHER
404,S100003,00103,00500,OTHER
404,S200000,00100,00100,N
404,S200000,00200,00100,N
404,S200000,00300,00100,Y
404,S200000,00400,00100,Y
404,S200000,00400,00200,A
404,S200000,00400,00300,05/31/2020
404,S200000,00500,00100,Y
404,S200000,00600,00300,10/29/2020
404,S200000,00700,00100,UNIVERSITY OF MIAMI
406,A000000,00100,00000,0100CAPITAL COSTS-BLDG & FIXT
406,A000000,00200,00000,0200CAPITAL COSTS-MVBLE EQUIPMENT
406,A000000,00300,00000,0300EMPLOYEE BENEFITS
406,A000000,00400,00000,0400ADMINISTRATIVE & GENERAL
406,A000000,00500,00000,0500OPERATION AND MAINTENANCE OF PLANT
406,A000000,00600,00000,0600HOUSEKEEPING
406,A000000,00700,00000,0700MEDICAL SUPPLIES
406,A000000,00800,00000,0800OTHER OVERHEAD
406,A000000,00900,00000,0900PROCUREMENT COORDINATORS
406,A000000,01000,00000,1000PROFESSIONAL EDUCATION
406,A000000,01100,00000,1100PUBLIC EDUCATION
406,A000000,01200,00000,1200NON-RECOVERIES
406,A000000,01201,00000,1201CALL CENTER
406,A000000,01300,00000,1300KIDNEY ACQUISITIONS
406,A000000,01400,00000,1400TISSUE TYPING LABORATORY
406,A000000,01500,00000,1500LIVER ACQUISITIONS
406,A000000,01600,00000,1600HEART ACQUISITIONS
406,A000000,01700,00000,1700PANCREAS ACQUISITIONS
406,A000000,01800,00000,1800LUNG ACQUISITIONS
406,A000000,01900,00000,1900OTHER ACQUISITIONS
406,A000000,02100,00000,2100RESEARCH
406,A000000,02200,00000,2200BLOOD BANK
406,A000000,02300,00000,2300LABORATORY-NON-TISSUE TYPING
406,A000000,02400,00000,2400DIALYSIS UNITS
406,A000000,02500,00000,2500TISSUE
406,A100000,01700,00000,PURCHASED SERVICES
406,A100000,01800,00000,PUBLICATIONS & SUBSCRIPTIONS
406,A100000,01900,00000,MEMBERSHIPS & DUES
406,A100000,01901,00000,SHIPPING & POSTAGE
406,A100000,01902,00000,QUALITY ASSURANCE SALARIES
406,A100000,01903,00000,HUMAN RESOURCES
406,A100000,01904,00000,CONSULTING FEES
406,A100000,01905,00000,BAD DEBT PROVISION
406,A100000,01906,00000,OTHER ADMIN & GENERAL
406,A100000,01907,00000,DONATIONS & CONTRIBUTIONS
406,A20H000,00900,00000,OTHER
406,A20H000,02100,00000,OTHER
406,A20H000,02101,00000,TRANSPORTATION OF TEAMS
406,A20K000,00900,00000,OTHER
406,A20K000,02100,00000,OTHER
406,A20K000,02101,00000,TRANSPORTATION OF TEAMS
406,A20L000,00900,00000,OTHER
406,A20L000,02100,00000,OTHER
406,A20L000,02101,00000,TRANSPORTATION OF TEAMS
406,A20O000,00900,00000,OTHER
406,A20O000,02100,00000,OTHER
406,A20O000,02101,00000,TRANSPORTATION OF TEAMS
406,A20P000,00900,00000,OTHER
406,A20P000,02100,00000,OTHER
406,A20P000,02101,00000,TRANSPORTATION OF TEAMS
406,A20U000,00900,00000,OTHER
406,A20U000,02100,00000,OTHER
406,A20U000,02101,00000,TRANSPORTATION OF TEAMS
406,A400010,00100,00000,EMPLOYEE BENEFITS
406,A400010,00100,00100,A
406,A400010,00100,00200,PROFESSIONAL EDUCATION
406,A400010,00100,00500,EMPLOYEE BENEFITS
406,A400010,00200,00000,EMPLOYEE BENEFITS
406,A400010,00200,00100,A
406,A400010,00200,00200,PROFESSIONAL EDUCATION
406,A400010,00300,00000,EMPLOYEE BENEFITS
406,A400010,00300,00100,A
406,A400010,00300,00200,PUBLIC EDUCATION
406,A400010,00400,00000,EMPLOYEE BENEFITS
406,A400010,00400,00100,A
406,A400010,00400,00200,ADMINISTRATIVE & GENERAL
406,A400010,00500,00000,EMPLOYEE BENEFITS
406,A400010,00500,00100,A
406,A400010,00500,00200,PROCUREMENT COORDINATORS
406,A400010,00600,00000,EMPLOYEE BENEFITS
406,A400010,00600,00100,A
406,A400010,00600,00200,TISSUE
406,A400010,00700,00000,EMPLOYEE BENEFITS
406,A400010,00700,00100,A
406,A400010,00700,00200,ADMINISTRATIVE & GENERAL
406,A400010,00800,00000,EMPLOYEE BENEFITS
406,A400010,00800,00100,A
406,A400010,00800,00200,OPERATION AND MAINTENANCE OF PLANT
406,A400010,00900,00000,TISSUE RECLASS - ORGAN
406,A400010,00900,00100,B
406,A400010,00900,00200,TISSUE
406,A400010,00900,00500,PROCUREMENT COORDINATORS
406,A400010,01000,00000,TISSUE RECLASS PROF & PUB ED
406,A400010,01000,00100,C
406,A400010,01000,00200,TISSUE
406,A400010,01000,00500,PROFESSIONAL EDUCATION
406,A400010,01100,00000,TISSUE RECLASS PROF & PUB ED
406,A400010,01100,00100,C
406,A400010,01100,00500,PUBLIC EDUCATION
406,A400010,01200,00000,CALL CENTER
406,A400010,01200,00100,D
406,A400010,01200,00200,TISSUE
406,A400010,01200,00500,CALL CENTER
406,A400010,01300,00000,MEDICAL DIRECTOR
406,A400010,01300,00100,E
406,A400010,01300,00200,TISSUE
406,A400010,01300,00500,ADMINISTRATIVE & GENERAL
406,A400010,01400,00000,MEDICAL DIRECTOR
406,A400010,01400,00100,E
406,A400010,01400,00200,PROCUREMENT COORDINATORS
406,A400010,01500,00000,TAXES
406,A400010,01500,00100,F
406,A400010,01500,00200,CAPITAL COSTS-BLDG & FIXT
406,A400010,01500,00500,ADMINISTRATIVE & GENERAL
406,A400010,01600,00000,TAXES
406,A400010,01600,00100,F
406,A400010,01600,00200,CAPITAL COSTS-MVBLE EQUIPMENT
406,A400010,01700,00000,TNTEREST
406,A400010,01700,00100,G
406,A400010,01700,00200,CAPITAL COSTS-BLDG & FIXT
406,A400010,01700,00500,ADMINISTRATIVE & GENERAL
406,A400010,01800,00000,TNTEREST
406,A400010,01800,00100,G
406,A400010,01800,00200,CAPITAL COSTS-MVBLE EQUIPMENT
406,A400010,01900,00000,INSURANCE
406,A400010,01900,00100,H
406,A400010,01900,00200,CAPITAL COSTS-BLDG & FIXT
406,A400010,01900,00500,ADMINISTRATIVE & GENERAL
406,A400010,02000,00000,INSURANCE
406,A400010,02000,00100,H
406,A400010,02000,00200,CAPITAL COSTS-MVBLE EQUIPMENT
406,A500010,00800,00100,A
406,A500010,00800,00300,PROCUREMENT COORDINATORS
406,A500010,01200,00100,A
406,A500010,01200,00300,CAPITAL COSTS-BLDG & FIXT
406,A500010,01500,00000,LOBBYING EXPENSE
406,A500010,01500,00100,A
406,A500010,01500,00300,ADMINISTRATIVE & GENERAL
406,A500010,01501,00000,NON-EMPLOYEE MEALS
406,A500010,01501,00100,A
406,A500010,01501,00300,PROFESSIONAL EDUCATION
406,A500010,01600,00000,NON-EMPLOYEE MEALS
406,A500010,01600,00100,A
406,A500010,01600,00300,ADMINISTRATIVE & GENERAL
406,A500010,01601,00000,BAD DEBT PROVISION
406,A500010,01601,00100,A
406,A500010,01601,00300,ADMINISTRATIVE & GENERAL
406,A500010,01605,00000,CONTRIBUTIONS
406,A500010,01605,00100,A
406,A500010,01605,00300,ADMINISTRATIVE & GENERAL
406,A500010,01606,00000,PAIRED KIDNEY
406,A500010,01606,00100,B
406,A500010,01606,00300,PROCUREMENT COORDINATORS
406,A500010,01607,00000,NONALLOWABLE ADVERTISING
406,A500010,01607,00100,A
406,A500010,01607,00300,PUBLIC EDUCATION
406,A500010,01608,00000,NONALLOWABLE EXPENSES
406,A500010,01608,00100,A
406,A500010,01608,00300,ADMINISTRATIVE & GENERAL
406,A500010,01609,00000,NONALLOWABLE EXPENSES
406,A500010,01609,00100,A
406,A500010,01609,00300,PROFESSIONAL EDUCATION
406,A51000A,00100,00100,Y
406,A51000B,00100,00200,ADMINISTRATIVE & GENERAL
406,A51000B,00100,00300,FOUNDATION
406,A51000C,00100,00100,E
406,A51000C,00100,00200,JEFF ORLOWSKI
406,A51000C,00100,00400,LIFESHARE FOUNDATION
406,A51000C,00100,00600,FOUNDATION
406,A60000A,00700,00000,BUILDING IMPROVEMENTS
406,A60000A,00701,00000,LEASEHOLD IMPROVEMENTS
406,A60000A,00702,00000,SOFTWARE
406,A60000B,00800,00000,LEASEHOLD IMPROVEMENT
406,A60000B,00801,00000,SOFTWARE
406,A60000C,00500,00100,N
406,B10000*,00100,00200,CAP BLDG
406,B10000*,00100,00300,CAP COSTS
406,B10000*,00100,00400,EMPLOYEE
406,B10000*,00100,00500,MEDICAL
406,B10000*,00100,00800,ORGAN
406,B10000*,00100,01000,ADMIN &
406,B10000*,00200,00200,OP PLANT &
406,B10000*,00200,00300,MOVABLE
406,B10000*,00200,00400,BENEFITS
406,B10000*,00200,00500,SUPPLIES
406,B10000*,00200,00800,ACQUISITN
406,B10000*,00200,01000,GENERAL
406,B10000*,00300,00200,HOUSEKEEP
406,B10000*,00300,00300,EQUIPMENT
406,B10000*,00300,00800,COSTS
406,B10000*,00400,00200,SQUARE
406,B10000*,00400,00300,DOLLAR
406,B10000*,00400,00400,ADJUST
406,B10000*,00400,00500,COSTED
406,B10000*,00400,00800,NUMBER
406,B10000*,00400,01000,ACCUM
406,B10000*,00500,00200,FEET
406,B10000*,00500,00300,VALUE
406,B10000*,00500,00400,SALARIES
406,B10000*,00500,00500,REQUISIT
406,B10000*,00500,00800,ORGANS
406,B10000*,00500,01000,COSTS
406,B10000*,00600,00200,1
406,B10000*,00600,00300,2
406,B10000*,00600,00400,3
406,B10000*,00600,00500,3
406,B10000*,00600,00800,3
406,B10000*,00600,01000,3
406,B100000,00000,01000,X
406,E000000,00900,00000,OTHER CURRENT ASSETS
406,E000000,02600,00000,SOFTWARE
406,E100001,00700,00000,TISSUE PROCUREMENT REVENUE
406,E200000,01900,00000,MEDICARE ADJUSTMENT
406,E200000,02000,00000,ODEAP GRANT
406,E200000,02100,00000,LOSS ON DISPOSAL OF ASSETS
406,E200000,02200,00000,NOTES RECEIVABLE INTEREST
406,E200000,02300,00000,OTHER INCOME
406,S000000,00100,00100,X
406,S000000,00400,00100,2
406,S000000,00500,00100,07/30/2020
406,S000000,00600,00100,10001
406,S000000,00700,00100,N
406,S000000,00800,00100,N
406,S000000,00900,00100,02/24/2023
406,S000000,01000,00100,4
406,S000001,00100,00100,LIFESHARE TRANSPLANT DONOR SERVICES
406,S000001,00100,00200,37P002
406,S000001,00101,00100,4705 NW EXPRESSWAY
406,S000001,00102,00100,OKLAHOMA CITY
406,S000001,00102,00200,OK
406,S000001,00102,00300,73132
406,S000001,00300,00100,01/01/2019
406,S000001,00300,00200,12/31/2019
406,S000001,00400,00100,2
406,S000001,00400,00300,1
406,S000001,00400,00400,01/01/2017
406,S000001,00401,00300,1
406,S000002,00300,00100,VP FINANCE CFO
406,S100001,00700,00100,N
406,S100001,00810,00000,SMALL INTESTINE/OTHER
406,S100001,00811,00000,VASCULAR
406,S100001,00812,00000,OTHER TISSUE
406,S100003,00100,00100,MEDICAL DIRECTOR
406,S100003,00100,00300,MEDICAL DIRECTOR
406,S100003,00100,00500,LAB DIRECTOR
406,S100003,00101,00100,EXEC. DIRECTOR
406,S100003,00101,00300,PROCUREMENT COORDINATOR
406,S100003,00101,00500,TECHNICIANS
406,S100003,00102,00100,CLERICAL
406,S100003,00102,00300,PRESERVATION TECHNICIANS
406,S100003,00102,00500,TISSUE TYPING TECH.
406,S100003,00103,00100,OTHER
406,S100003,00103,00300,OTHER
406,S100003,00103,00500,OTHER
406,S200000,00100,00100,N
406,S200000,00200,00100,N
406,S200000,00300,00100,Y
406,S200000,00400,00100,Y
406,S200000,00400,00200,A
406,S200000,00500,00100,N
406,S200000,00600,00300,VP FINANCE  CFO
406,S200000,00700,00100,LIFESHARE TRANSPLANT DONOR SERVICES
427,A000000,00100,00000,0100CAPITAL COSTS-BLDG & FIXT
427,A000000,00200,00000,0200CAPITAL COSTS-MVBLE EQUIPMENT
427,A000000,00300,00000,0300EMPLOYEE BENEFITS
427,A000000,00400,00000,0400ADMINISTRATIVE & GENERAL
427,A000000,00500,00000,0500OPERATION AND MAINTENANCE OF PLANT
427,A000000,00600,00000,0600HOUSEKEEPING
427,A000000,00700,00000,0700MEDICAL SUPPLIES
427,A000000,00800,00000,0800OTHER OVERHEAD
427,A000000,00900,00000,0900PROCUREMENT COORDINATORS
427,A000000,01000,00000,1000PROFESSIONAL EDUCATION
427,A000000,01100,00000,1100PUBLIC EDUCATION
427,A000000,01200,00000,1200OTHER ACQUISITION
427,A000000,01300,00000,1300KIDNEY ACQUISITIONS
427,A000000,01400,00000,1400TISSUE TYPING LABORATORY
427,A000000,01500,00000,1500LIVER ACQUISITIONS
427,A000000,01600,00000,1600HEART ACQUISITIONS
427,A000000,01700,00000,1700PANCREAS ACQUISITIONS
427,A000000,01800,00000,1800LUNG ACQUISITIONS
427,A000000,01900,00000,1900INTESTINE ACQUISITIONS
427,A000000,02100,00000,2100RESEARCH
427,A000000,02200,00000,2200BLOOD BANK
427,A000000,02300,00000,2300LABORATORY-NON-TISSUE TYPING
427,A000000,02400,00000,2400DIALYSIS UNITS
427,A000000,02500,00000,2500TISSUE
427,A000000,02501,00000,2501GOLF ALLOCATION
427,A000000,02502,00000,2502UNUSED SPACE
427,A100000,01700,00000,POSTAGE
427,A100000,01800,00000,PAYROLL PROCESSING
427,A100000,01900,00000,BOND AMORTIZATION
427,A100000,01901,00000,MISCELLANEOUS EXPENSES
427,A20H000,00900,00000,XRAY FEES
427,A20K000,02100,00000,OTHER COSTS
427,A300000,00600,00000,PRINTING AND OFFICE SUPPLIES
427,A300000,00700,00000,OPERATING SUPPLIES
427,A300000,00800,00000,MEETING AND TRAVEL
427,A300000,00900,00000,CONSULTANTS
427,A300000,01000,00000,UTILITIES AND PAGERS
427,A400010,00100,00000,RECLASSIFICATIONS
427,A400010,00100,00100,A
427,A400010,00100,00200,TISSUE
427,A400010,00100,00500,PROCUREMENT COORDINATORS
427,A400010,00200,00000,A&G OCCUPANCY RECLASS
427,A400010,00200,00100,B
427,A400010,00200,00200,ADMINISTRATIVE & GENERAL
427,A400010,00200,00500,CAPITAL COSTS-BLDG & FIXT
427,A400010,00300,00000,A&G OCCUPANCY RECLASS
427,A400010,00300,00100,B
427,A400010,00300,00500,OPERATION AND MAINTENANCE OF PLANT
427,A500010,00800,00100,A
427,A500010,00800,00300,PROCUREMENT COORDINATORS
427,A500010,01200,00100,A
427,A500010,01200,00300,ADMINISTRATIVE & GENERAL
427,A500010,01500,00000,LOBBYING EXPENSES
427,A500010,01500,00100,A
427,A500010,01500,00300,PROCUREMENT COORDINATORS
427,A500010,01506,00000,GOLF ALLOCATION
427,A500010,01506,00100,A
427,A500010,01506,00300,GOLF ALLOCATION
427,A500010,01507,00000,OFFSET TISSUE LOST CHARGES
427,A500010,01507,00100,A
427,A500010,01507,00300,TISSUE
427,A500010,01600,00000,UNALLOWABLE PROFESSIONAL EDUC EXPENS
427,A500010,01600,00100,A
427,A500010,01600,00300,PROFESSIONAL EDUCATION
427,A500010,01601,00000,UNALLOWABLE PUBLIC EDUC EXPENSES
427,A500010,01601,00100,A
427,A500010,01601,00300,PUBLIC EDUCATION
427,A500010,01602,00000,UNALLOWABLE ADMIN EXPENSES
427,A500010,01602,00100,A
427,A500010,01602,00300,ADMINISTRATIVE & GENERAL
427,A500010,01603,00000,UNALLOWABLE TRANSPORTATION
427,A500010,01603,00100,A
427,A500010,01603,00300,PROCUREMENT COORDINATORS
427,A500010,01604,00000,OFFSET INCOME RECD FOR LAB SERVICES
427,A500010,01604,00100,A
427,A500010,01604,00300,TISSUE TYPING LABORATORY
427,A51000A,00100,00100,N
427,A60000A,00700,00000,OFFICE EQUIPMENT
427,A60000A,00701,00000,LEASEHOLD IMPROVEMENTS
427,A60000B,00800,00000,OFFICE EQUIPMENT
427,A60000B,00801,00000,LEASEHOLD IMPROVEMENTS
427,A60000C,00500,00100,N
427,B10000*,00100,00200,CAP BLDG
427,B10000*,00100,00300,CAP COSTS
427,B10000*,00100,00400,EMPLOYEE
427,B10000*,00100,00500,MEDICAL
427,B10000*,00100,00800,ORGAN
427,B10000*,00100,01000,ADMIN &
427,B10000*,00200,00200,OP PLANT &
427,B10000*,00200,00300,MOVABLE
427,B10000*,00200,00400,BENEFITS
427,B10000*,00200,00500,SUPPLIES
427,B10000*,00200,00800,ACQUISITN
427,B10000*,00200,01000,GENERAL
427,B10000*,00300,00200,HOUSEKEEP
427,B10000*,00300,00300,EQUIPMENT
427,B10000*,00300,00800,COSTS
427,B10000*,00400,00200,SQUARE
427,B10000*,00400,00300,DOLLAR
427,B10000*,00400,00400,ADJUST
427,B10000*,00400,00500,COSTED
427,B10000*,00400,00800,NUMBER
427,B10000*,00400,01000,ACCUM
427,B10000*,00500,00200,FEET
427,B10000*,00500,00300,VALUE
427,B10000*,00500,00400,SALARIES
427,B10000*,00500,00500,REQUISIT
427,B10000*,00500,00800,ORGANS
427,B10000*,00500,01000,COSTS
427,B10000*,00600,00200,1
427,B10000*,00600,00300,2
427,B10000*,00600,00400,3
427,B10000*,00600,00500,3
427,B10000*,00600,00800,3
427,B10000*,00600,01000,3
427,B100000,00000,01000,X
427,E000000,00900,00000,FLEXIBLE ANNUITY
427,E000000,02600,00000,FIXED ASSET CLEARING ACCOUNT
427,E000000,04100,00000,FLEXIBLE ANNUITY
427,E100001,00700,00000,TISSUE REVENUE
427,E100001,00800,00000,INTERMEDIARY REIMBURSEMENT
427,E200000,01500,00000,UNREALIZED GAIN ON INVESTMENTS
427,E200000,02600,00000,INTEMEDIARY PAYMENT DUE
427,S000000,00100,00100,X
427,S000000,00400,00100,4
427,S000000,00500,00100,08/31/2020
427,S000000,00600,00100,10001
427,S000000,00700,00100,N
427,S000000,00800,00100,N
427,S000000,00900,00100,04/26/2023
427,S000000,01000,00100,4
427,S000001,00100,00100,ORGAN PROCUREMENT AGENCY OF MICHIGAN
427,S000001,00100,00200,23P001
427,S000001,00101,00100,3861 RESEARCH PARK DRIVE
427,S000001,00102,00100,ANN ARBOR
427,S000001,00102,00200,MI
427,S000001,00102,00300,48108
427,S000001,00200,00100,ORGAN PROCUREMENT AGENCY OF MICHIGAN
427,S000001,00200,00200,23HL03
427,S000001,00201,00100,3861 RESEARCH PARK DRIVE
427,S000001,00202,00100,ANN ARBOR
427,S000001,00202,00200,MI
427,S000001,00202,00300,48108
427,S000001,00300,00100,01/01/2019
427,S000001,00300,00200,12/31/2019
427,S000001,00400,00100,6
427,S000001,00400,00300,1
427,S000001,00400,00400,01/01/1979
427,S000001,00401,00100,6
427,S000001,00401,00300,2
427,S000001,00401,00400,01/01/1979
427,S000002,00100,00200,Y
427,S000002,00300,00100,CFO
427,S000002,00400,00100,08/30/2020
427,S100001,00700,00100,N
427,S100001,00810,00000,INTESTINE
427,S100001,00811,00000,OTHER TISSUE
427,S100002,00400,00100,ABO DECEASED
427,S100002,00401,00100,CMV IGG DECEASED
427,S100002,00402,00100,HEART FLOW XM DECEASED
427,S100002,00403,00100,INTESTINE FLOW XM DECEASED
427,S100002,00404,00100,EBV PANEL DECEASED
427,S100002,00405,00100,LIVER FLOW XM DECEASED
427,S100002,00406,00100,LUNG FLOW XM DECEASED
427,S100002,00407,00100,NAT TESTING DECEASED
427,S100002,00408,00100,PANC XM DECEASED
427,S100002,00409,00100,RENAL ONLY XM DECEASED
427,S100002,00410,00100,RENAL W PANC XM DECEASED
427,S100002,00411,00100,SAMPLE STORAGE FEE DECEASED
427,S100002,00412,00100,INFECTIOUS DISEASE VIRAL MARKER DECE
427,S100002,00413,00100,MOLECULAR SSP CLASS I AND II HLA TE
427,S100002,00414,00100,RPR DECEASED
427,S100002,00415,00100,GLYCOSYLATED HGB DECEASED
427,S100002,00416,00100,HBSAG EIA DECEASED
427,S100002,00417,00100,FEE FOR STAT TESTING FRIDAY-SUNDAY
427,S100002,00418,00100,FEE FOR STAT TESTING SUNDAY-FRIDAY
427,S100002,00419,00100,APPOLLO STUDY
427,S100002,00420,00100,ABO GROUPING LIVING
427,S100002,00421,00100,LUMINEX FLOW MIRCROARRAY AB ID LIVIN
427,S100002,00422,00100,LUMINEX FLOW SINGLE AG I/II LIVING
427,S100002,00423,00100,LUMINEX FLOW SINGLE AG II LIVING
427,S100002,00424,00100,FEE FOR STAT TESTING SUNDAY-FRIDAY
427,S100002,00425,00100,FLOW CROSSMATCH LIVING
427,S100002,00426,00100,LIVING FLOW XM ADDITIONAL SERA
427,S100002,00427,00100,MOLECULAR SSP CLASS I AND II HLA TES
427,S100002,00428,00100,SAMPLE STORAGE FEE LIVING
427,S100003,00100,00100,MEDICAL DIRECTOR
427,S100003,00100,00300,MEDICAL DIRECTOR
427,S100003,00100,00500,LAB DIRECTOR
427,S100003,00101,00100,EXEC. DIRECTOR
427,S100003,00101,00300,PROCUREMENT COORDINATOR
427,S100003,00101,00500,TECHNICIANS
427,S100003,00102,00100,CLERICAL
427,S100003,00102,00300,PRESERVATION TECHNICIANS
427,S100003,00102,00500,TISSUE TYPING TECH.
427,S100003,00103,00100,OTHER
427,S100003,00103,00300,OTHER
427,S100003,00103,00500,OTHER
427,S200000,00100,00100,N
427,S200000,00200,00100,N
427,S200000,00300,00100,N
427,S200000,00400,00100,Y
427,S200000,00400,00200,A
427,S200000,00500,00100,Y
427,S200000,00600,00300,CFO
427,S200000,00700,00100,GIFT OF LIFE MICHIGAN
436,A000000,00100,00000,0100CAPITAL COSTS-BLDG & FIXT
436,A000000,00200,00000,0200CAPITAL COSTS-MVBLE EQUIPMENT
436,A000000,00300,00000,0300EMPLOYEE BENEFITS
436,A000000,00400,00000,0400ADMINISTRATIVE & GENERAL
436,A000000,00500,00000,0500OPERATION AND MAINTENANCE OF PLANT
436,A000000,00600,00000,0600HOUSEKEEPING
436,A000000,00700,00000,0700MEDICAL SUPPLIES
436,A000000,00900,00000,0900PROCUREMENT COORDINATORS
436,A000000,01000,00000,1000PROFESSIONAL EDUCATION
436,A000000,01100,00000,1100PUBLIC EDUCATION
436,A000000,01300,00000,1300KIDNEY ACQUISITIONS
436,A000000,01400,00000,1400TISSUE TYPING LABORATORY
436,A000000,01500,00000,1500LIVER ACQUISITIONS
436,A000000,01600,00000,1600HEART ACQUISITIONS
436,A000000,01700,00000,1700PANCREAS ACQUISITIONS
436,A000000,01800,00000,1800LUNG ACQUISITIONS
436,A000000,01900,00000,1900BONE               (WKST A2 6 L 23
436,A000000,01901,00000,1901HEART VALVES
436,A000000,01902,00000,1902SMALL INTESTINE
436,A000000,01903,00000,1903OTHER ORGAN AND TISSUE
436,A000000,02100,00000,2100RESEARCH
436,A000000,02200,00000,2200BLOOD BANK
436,A000000,02300,00000,2300LABORATORY-NON-TISSUE TYPING
436,A000000,02400,00000,2400DIALYSIS UNITS
436,A000000,02500,00000,2500TISSUE PROCUREMENT COSTS
436,A000000,02501,00000,2501BONE               (WKST A2 6 L 23
436,A000000,02502,00000,2502OTHER ORGAN AND TISSUE
436,A100000,01700,00000,BANK SERVICE CHARGE
436,A100000,01800,00000,OTHER ADMIN AND GENERAL
436,A100000,01900,00000,DONOR REGISTERY
436,A100000,01901,00000,UTILITIES/SECURITY/MAINTENANCE
436,A100000,01902,00000,SMALL OFFICE EQUIPMENT
436,A100000,01903,00000,EMPLOYEE RECRUITING
436,A100000,01904,00000,QA/QI SALARIES
436,A100000,01905,00000,DUES AND SUBSCRIPTIONS
436,A100000,01906,00000,ANSWERING SERVICE
436,A100000,01907,00000,UNALLOWABLE MEALS / BAD DEBT / MISC
436,A20H000,00900,00000,OTHER HOSPITAL COSTS
436,A20H000,02100,00000,OTHER ACQUISITION COSTS
436,A20K000,00900,00000,OTHER HOSPITAL COSTS
436,A20K000,02100,00000,OTHER ACQUISITION COSTS
436,A20L000,00900,00000,OTHER HOSPITAL COSTS
436,A20L000,02100,00000,OTHER ACQUISITION COSTS
436,A20O000,00900,00000,OTHER HOSPITAL COSTS
436,A20O000,02100,00000,OTHER ACQUISITION COSTS
436,A20O001,00900,00000,OTHER HOSPITAL COSTS
436,A20O001,02100,00000,OTHER ACQUISITION COSTS
436,A20O002,00900,00000,OTHER HOSPITAL COSTS
436,A20O002,02100,00000,OTHER ACQUISITION COSTS
436,A20O003,00900,00000,OTHER HOSPITAL COSTS
436,A20O003,02100,00000,OTHER ACQUISITION COSTS
436,A20P000,00900,00000,OTHER HOSPITAL COSTS
436,A20P000,02100,00000,OTHER ACQUISITION COSTS
436,A20U000,00900,00000,OTHER HOSPITAL COSTS
436,A20U000,02100,00000,OTHER ACQUISITION COSTS
436,A400010,00100,00000,INDIRECT TISSUE PROCUREMENT COSTS
436,A400010,00100,00100,A
436,A400010,00100,00200,TISSUE PROCUREMENT COSTS
436,A400010,00100,00500,PROCUREMENT COORDINATORS
436,A400010,00200,00000,RECLASS TISSUE ANSWERING SERVICE
436,A400010,00200,00100,B
436,A400010,00200,00200,TISSUE PROCUREMENT COSTS
436,A400010,00200,00500,ADMINISTRATIVE & GENERAL
436,A400010,00300,00000,RECLASS TISSUE ANSWERING SERVICE
436,A400010,00300,00100,B
436,A400010,00300,00500,EMPLOYEE BENEFITS
436,A400010,00400,00000,RECLASS TISSUE ANSWERING SERVICE
436,A400010,00400,00100,B
436,A400010,00400,00500,PROCUREMENT COORDINATORS
436,A400010,00500,00000,RELCASS MARKETING & PR RELATED AG
436,A400010,00500,00100,C
436,A400010,00500,00200,ADMINISTRATIVE & GENERAL
436,A400010,00500,00500,PROCUREMENT COORDINATORS
436,A400010,00600,00000,RECLASS TISSUE OVERHEAD ALLOC COSTS
436,A400010,00600,00100,D
436,A400010,00600,00200,TISSUE PROCUREMENT COSTS
436,A400010,00600,00500,PROCUREMENT COORDINATORS
436,A400010,00700,00000,RECLASS BONE & OTHER ORG AND TISSUE
436,A400010,00700,00100,E
436,A400010,00700,00200,BONE               (WKST A2 6 L 23
436,A400010,00700,00500,BONE               (WKST A2 6 L 23
436,A400010,00800,00000,RECLASS BONE & OTHER ORG AND TISSUE
436,A400010,00800,00100,E
436,A400010,00800,00200,OTHER ORGAN AND TISSUE
436,A400010,00800,00500,OTHER ORGAN AND TISSUE
436,A500010,00700,00100,B
436,A500010,00700,00300,CAPITAL COSTS-BLDG & FIXT
436,A500010,01500,00000,CALL CENTER RENTAL INCOME
436,A500010,01500,00100,B
436,A500010,01500,00300,TISSUE PROCUREMENT COSTS
436,A500010,01501,00000,EMPLOYEE MEALS
436,A500010,01501,00100,A
436,A500010,01501,00300,ADMINISTRATIVE & GENERAL
436,A500010,01601,00000,LOBBYING DUES
436,A500010,01601,00100,A
436,A500010,01601,00300,ADMINISTRATIVE & GENERAL
436,A500010,01602,00000,RESEARCH REVENUE (INTENT FOR RESEARC
436,A500010,01602,00100,B
436,A500010,01602,00300,PROCUREMENT COORDINATORS
436,A500010,01603,00000,LIVER SURGEON FEES
436,A500010,01603,00100,A
436,A500010,01603,00300,LIVER ACQUISITIONS
436,A500010,01604,00000,HEART SURGEON FEES
436,A500010,01604,00100,A
436,A500010,01604,00300,HEART ACQUISITIONS
436,A500010,01605,00000,PANCREAS SURGEON FEES
436,A500010,01605,00100,A
436,A500010,01605,00300,PANCREAS ACQUISITIONS
436,A500010,01606,00000,LUNG SURGEON FEES
436,A500010,01606,00100,A
436,A500010,01606,00300,LUNG ACQUISITIONS
436,A500010,01608,00000,SMALL BOWEL SURGEON FEES
436,A500010,01608,00100,A
436,A500010,01608,00300,SMALL INTESTINE
436,A500010,01613,00000,LIVER SURGEON FEES
436,A500010,01613,00100,A
436,A500010,01613,00300,LIVER ACQUISITIONS
436,A500010,01614,00000,HEART SURGEON FEES
436,A500010,01614,00100,A
436,A500010,01614,00300,HEART ACQUISITIONS
436,A500010,01615,00000,PANCREAS SURGEON FEES
436,A500010,01615,00100,A
436,A500010,01615,00300,PANCREAS ACQUISITIONS
436,A500010,01616,00000,LUNG SURGEON FEES
436,A500010,01616,00100,A
436,A500010,01616,00300,LUNG ACQUISITIONS
436,A500010,01617,00000,SMALL BOWEL SURGEON FEES
436,A500010,01617,00100,A
436,A500010,01617,00300,SMALL INTESTINE
436,A51000A,00100,00100,N
436,A60000A,00700,00000,CONSTRUCTION IN PROGRESS
436,A60000C,00500,00100,N
436,B10000*,00100,00200,CAP BLDG
436,B10000*,00100,00300,CAP COSTS
436,B10000*,00100,00400,EMPLOYEE
436,B10000*,00100,00500,MEDICAL
436,B10000*,00100,00800,ORGAN
436,B10000*,00100,01000,ADMIN &
436,B10000*,00200,00200,OP PLANT &
436,B10000*,00200,00300,MOVABLE
436,B10000*,00200,00400,BENEFITS
436,B10000*,00200,00500,SUPPLIES
436,B10000*,00200,00800,ACQUISITN
436,B10000*,00200,01000,GENERAL
436,B10000*,00300,00200,HOUSEKEEP
436,B10000*,00300,00300,EQUIPMENT
436,B10000*,00300,00800,COSTS
436,B10000*,00400,00200,SQUARE
436,B10000*,00400,00300,DOLLAR
436,B10000*,00400,00400,ADJUST
436,B10000*,00400,00500,COSTED
436,B10000*,00400,00800,NUMBER
436,B10000*,00400,01000,ACCUM
436,B10000*,00500,00200,FEET
436,B10000*,00500,00300,VALUE
436,B10000*,00500,00400,SALARIES
436,B10000*,00500,00500,REQUISIT
436,B10000*,00500,00800,ORGANS
436,B10000*,00500,01000,COSTS
436,B10000*,00600,00200,1
436,B10000*,00600,00300,2
436,B10000*,00600,00400,3
436,B10000*,00600,00500,3
436,B10000*,00600,00800,3
436,B10000*,00600,01000,3
436,B100000,00000,01000,X
436,E000000,00900,00000,ESTIMATED THIRD PARTY RECEIVABLE
436,E000000,02600,00000,CONSTRUCTION WORK IN PROGRESS
436,E000000,03100,00000,OTHER
436,E000000,03900,00000,ESTIMATED THIRD PARTY SETTLEMENTS
436,E000000,04100,00000,ACCRUED INTEREST PAYABLE
436,E200000,02000,00000,MISCELLANEOUS REVENUE
436,E200000,02100,00000,GAIN ON DISPOSAL OF PP&E
436,E200000,02200,00000,UNREALIZED INVESTMENT GAIN
436,E200000,02600,00000,UNREALIZED INVESTMENT LOSS
436,E200000,02700,00000,LOSS ON SALE OF ASSETS
436,E200000,02701,00000,INVESTMENT LOSS
436,S000000,00100,00100,X
436,S000000,00400,00100,2
436,S000000,00500,00100,11/10/2020
436,S000000,00600,00100,10001
436,S000000,00700,00100,N
436,S000000,00800,00100,N
436,S000000,00900,00100,05/10/2023
436,S000000,01000,00100,4
436,S000001,00100,00100,NEBRASKA ORGAN RECOVERY SYSTEM  INC.
436,S000001,00100,00200,28P001
436,S000001,00101,00100,3867 LEAVENWORTH STREET
436,S000001,00102,00100,OMAHA
436,S000001,00102,00200,NE
436,S000001,00102,00300,68105
436,S000001,00300,00100,07/01/2019
436,S000001,00300,00200,06/30/2020
436,S000001,00400,00100,6
436,S000001,00400,00300,1
436,S000001,00400,00400,02/22/1979
436,S000001,00401,00300,1
436,S100001,00700,00100,N
436,S100001,00810,00000,SMALL BOWEL
436,S100001,00811,00000,OTHER TISSUE
436,S100003,00100,00100,MEDICAL DIRECTOR
436,S100003,00100,00300,MEDICAL DIRECTOR
436,S100003,00100,00500,LAB DIRECTOR
436,S100003,00101,00100,EXEC. DIRECTOR
436,S100003,00101,00300,PROCUREMENT COORDINATOR
436,S100003,00101,00500,TECHNICIANS
436,S100003,00102,00100,CLERICAL
436,S100003,00102,00300,PRESERVATION TECHNICIANS
436,S100003,00102,00500,TISSUE TYPING TECH.
436,S100003,00103,00100,OTHER
436,S100003,00103,00300,OTHER
436,S100003,00103,00500,OTHER
436,S200000,00100,00100,N
436,S200000,00200,00100,N
436,S200000,00300,00100,N
436,S200000,00400,00100,Y
436,S200000,00400,00200,A
436,S200000,00400,00300,09/18/2020
436,S200000,00500,00100,N
436,S200000,00600,00300,PARTNER
436,S200000,00700,00100,SEIM JOHNSON  LLP
538,A000000,00100,00000,0100CAPITAL COSTS-BLDG & FIXT
538,A000000,00200,00000,0200CAPITAL COSTS-MVBLE EQUIPMENT
538,A000000,00300,00000,0300EMPLOYEE BENEFITS
538,A000000,00400,00000,0400ADMINISTRATIVE & GENERAL
538,A000000,00500,00000,0500OPERATION AND MAINTENANCE OF PLANT
538,A000000,00600,00000,0600HOUSEKEEPING
538,A000000,00700,00000,0700MEDICAL SUPPLIES
538,A000000,00800,00000,0800OTHER OVERHEAD
538,A000000,00900,00000,0900PROCUREMENT COORDINATORS
538,A000000,01000,00000,1000PROFESSIONAL EDUCATION
538,A000000,01100,00000,1100PUBLIC EDUCATION
538,A000000,01200,00000,1200OTHER ACQUISITION
538,A000000,01300,00000,1300KIDNEY ACQUISITIONS
538,A000000,01400,00000,1400TISSUE TYPING LABORATORY
538,A000000,01500,00000,1500LIVER ACQUISITIONS
538,A000000,01600,00000,1600HEART ACQUISITIONS
538,A000000,01700,00000,1700PANCREAS ACQUISITIONS
538,A000000,01800,00000,1800LUNG ACQUISITIONS
538,A000000,01900,00000,1900OTHER ACQUISITIONS
538,A000000,02100,00000,2100RESEARCH
538,A000000,02200,00000,2200BLOOD BANK
538,A000000,02300,00000,2300LABORATORY-NON-TISSUE TYPING
538,A000000,02400,00000,2400DIALYSIS UNITS
538,A000000,02500,00000,2500TISSUE
538,A000000,02501,00000,2501EYE
538,A100000,01700,00000,DEPRECIATION
538,A100000,01800,00000,POSTAGE
538,A100000,01900,00000,PROFESSIONAL FEES
538,A100000,01901,00000,OTHER ADMIN & GENERAL
538,A400010,00100,00000,TISSUE
538,A400010,00100,00100,A
538,A400010,00100,00200,TISSUE
538,A400010,00100,00500,PROCUREMENT COORDINATORS
538,A400010,00200,00000,TISSUE
538,A400010,00200,00100,A
538,A400010,00200,00500,PROFESSIONAL EDUCATION
538,A400010,00300,00000,TISSUE
538,A400010,00300,00100,A
538,A400010,00300,00500,PUBLIC EDUCATION
538,A400010,00400,00000,DEFAULT
538,A400010,00400,00100,B
538,A400010,00400,00200,TISSUE
538,A400010,00400,00500,PROCUREMENT COORDINATORS
538,A400010,00500,00000,DEFAULT
538,A400010,00500,00100,B
538,A400010,00500,00200,PROFESSIONAL EDUCATION
538,A400010,00600,00000,DEFAULT
538,A400010,00600,00100,B
538,A400010,00600,00200,PUBLIC EDUCATION
538,A500010,00800,00100,A
538,A500010,00800,00300,PROCUREMENT COORDINATORS
538,A500010,01200,00100,A
538,A500010,01200,00300,ADMINISTRATIVE & GENERAL
538,A500010,01500,00000,LOBBYING EXPENSES
538,A500010,01500,00100,A
538,A500010,01500,00300,PROCUREMENT COORDINATORS
538,A500010,01501,00000,FAMILY SERVICES EXPENSES NOT ALLOWED
538,A500010,01501,00100,A
538,A500010,01501,00300,PUBLIC EDUCATION
538,A500010,01502,00000,CASE EXPENSES NOT ALLOWED
538,A500010,01502,00100,A
538,A500010,01502,00300,PROCUREMENT COORDINATORS
538,A500010,01503,00000,BAD DEBTS TISSUE
538,A500010,01503,00100,A
538,A500010,01503,00300,TISSUE
538,A500010,01504,00000,INVESTMENT INCOME
538,A500010,01504,00100,B
538,A500010,01504,00300,PROCUREMENT COORDINATORS
538,A500010,01505,00000,INVESTMENT INCOME
538,A500010,01505,00100,B
538,A500010,01505,00300,PROFESSIONAL EDUCATION
538,A500010,01506,00000,INVESTMENT INCOME
538,A500010,01506,00100,B
538,A500010,01506,00300,PUBLIC EDUCATION
538,A500010,01507,00000,INVESTMENT INCOME
538,A500010,01507,00100,B
538,A500010,01507,00300,TISSUE
538,A500010,01600,00000,INVESTMENT ADVISORY FEES
538,A500010,01600,00100,A
538,A500010,01600,00300,ADMINISTRATIVE & GENERAL
538,A51000A,00100,00100,N
538,B10000*,00100,00200,CAP BLDG
538,B10000*,00100,00300,CAP COSTS
538,B10000*,00100,00400,EMPLOYEE
538,B10000*,00100,00500,MEDICAL
538,B10000*,00100,00800,ORGAN
538,B10000*,00100,01000,ADMIN &
538,B10000*,00200,00200,OP PLANT &
538,B10000*,00200,00300,MOVABLE
538,B10000*,00200,00400,BENEFITS
538,B10000*,00200,00500,SUPPLIES
538,B10000*,00200,00800,ACQUISITN
538,B10000*,00200,01000,GENERAL
538,B10000*,00300,00200,HOUSEKEEP
538,B10000*,00300,00300,EQUIPMENT
538,B10000*,00300,00800,COSTS
538,B10000*,00400,00200,SQUARE
538,B10000*,00400,00300,DOLLAR
538,B10000*,00400,00400,ADJUST
538,B10000*,00400,00500,COSTED
538,B10000*,00400,00800,NUMBER
538,B10000*,00400,01000,ACCUM
538,B10000*,00500,00200,FEET
538,B10000*,00500,00300,VALUE
538,B10000*,00500,00400,SALARIES
538,B10000*,00500,00500,REQUISIT
538,B10000*,00500,00800,ORGANS
538,B10000*,00500,01000,COSTS
538,B10000*,00600,00200,1
538,B10000*,00600,00300,2
538,B10000*,00600,00400,3
538,B10000*,00600,00500,3
538,B10000*,00600,00800,3
538,B10000*,00600,01000,3
538,B100000,00000,01000,X
538,S000000,00100,00100,X
538,S000000,00400,00100,4
538,S000000,00500,00100,09/04/2020
538,S000000,00600,00100,10001
538,S000000,00700,00100,N
538,S000000,00800,00100,N
538,S000000,00900,00100,10/24/2023
538,S000000,01000,00100,4
538,S000001,00100,00100,HAWAII ORGAN PROCUREMENT ORGANIZATIO
538,S000001,00100,00200,12P001
538,S000001,00101,00100,405 N KUAKINI STREET  SUITE 810
538,S000001,00102,00100,HONOLULU
538,S000001,00102,00200,HI
538,S000001,00102,00300,96819
538,S000001,00300,00100,01/01/2019
538,S000001,00300,00200,12/31/2019
538,S000001,00400,00100,6
538,S000001,00400,00300,1
538,S000001,00400,00400,11/21/1987
538,S000001,00401,00300,1
538,S000002,00100,00200,Y
538,S000002,00300,00100,PRESIDENT AND CEO
538,S000002,00400,00100,08/31/2020
538,S100001,00700,00100,N
538,S100001,00810,00000,OTHER
538,S100003,00100,00100,MEDICAL DIRECTOR
538,S100003,00100,00300,MEDICAL DIRECTOR
538,S100003,00100,00500,LAB DIRECTOR
538,S100003,00101,00100,EXEC. DIRECTOR
538,S100003,00101,00300,PROCUREMENT COORDINATOR
538,S100003,00101,00500,TECHNICIANS
538,S100003,00102,00100,CLERICAL
538,S100003,00102,00300,PRESERVATION TECHNICIANS
538,S100003,00102,00500,TISSUE TYPING TECH.
538,S100003,00103,00100,OTHER
538,S100003,00103,00300,OTHER
538,S100003,00103,00500,OTHER
538,S200000,00100,00100,N
538,S200000,00200,00100,N
538,S200000,00300,00100,N
538,S200000,00400,00100,Y
538,S200000,00400,00200,A
538,S200000,00500,00100,Y
538,S200000,00600,00300,DIRECTOR OF AMINISTRATIVE SERVICES
538,S200000,00700,00100,HAWAII ORGAN PROCUREMENT ORGANIZATIO
563,A000000,00100,00000,0100CAPITAL COSTS-BLDG & FIXT
563,A000000,00200,00000,0200CAPITAL COSTS-MVBLE EQUIPMENT
563,A000000,00300,00000,0300EMPLOYEE BENEFITS
563,A000000,00400,00000,0400ADMINISTRATIVE & GENERAL
563,A000000,00500,00000,0500OPERATION AND MAINTENANCE OF PLANT
563,A000000,00600,00000,0600HOUSEKEEPING
563,A000000,00700,00000,0700MEDICAL SUPPLIES
563,A000000,00800,00000,0800OTHER OVERHEAD
563,A000000,00900,00000,0900PROCUREMENT COORDINATORS
563,A000000,01000,00000,1000PROFESSIONAL EDUCATION
563,A000000,01100,00000,1100PUBLIC EDUCATION
563,A000000,01200,00000,1200OTHER ACQUISITION
563,A000000,01300,00000,1300KIDNEY ACQUISITIONS
563,A000000,01400,00000,1400TISSUE TYPING LABORATORY
563,A000000,01500,00000,1500LIVER ACQUISITIONS
563,A000000,01600,00000,1600HEART ACQUISITIONS
563,A000000,01700,00000,1700PANCREAS ACQUISITIONS
563,A000000,01800,00000,1800LUNG ACQUISITIONS
563,A000000,01900,00000,1900OTHER ACQUISITIONS
563,A000000,02100,00000,2100RESEARCH
563,A000000,02200,00000,2200BLOOD BANK
563,A000000,02300,00000,2300LABORATORY-NON-TISSUE TYPING
563,A000000,02400,00000,2400DIALYSIS UNITS
563,A000000,02500,00000,2500NON-REIMBURSABLE TISSUE
563,A000000,02501,00000,2501NON-REIMBURSABLE OCULAR
563,A100000,01700,00000,TEMPORARY HELP
563,A100000,01800,00000,EMPLOYEE BENEFITS
563,A100000,01900,00000,RECRUITMENT
563,A100000,01901,00000,COMPUTER
563,A100000,01902,00000,MINOR EQUIPMENT
563,A100000,01903,00000,REFERENCE MATERIALS
563,A100000,01904,00000,POSTAGE AND COURIER
563,A100000,01905,00000,PRINTING
563,A100000,01906,00000,DEPRECIATION
563,A100000,01907,00000,REPAIRS AND MAINTEANCE
563,A100000,01908,00000,BUILDING OPERATING EXPENSE
563,A100000,01909,00000,OTHER PURCHASED SERVICES
563,A100000,01910,00000,DUES AND SUBSCRIPTIONS
563,A100000,01911,00000,MEETING AND ORGANIZATIONAL EXPENSE
563,A100000,01912,00000,BANK CHARGES
563,A100000,01913,00000,BOND INTEREST AND FEES
563,A100000,01914,00000,BAD DEBT
563,A20H000,00900,00000,OTHER EXCISION HOSPITAL COST IBNR
563,A20H000,00901,00000,HOSPITAL FLAT RATE
563,A20H000,02100,00000,MISC ACQUISITION COSTS
563,A20H000,02101,00000,SEROLOGY
563,A20H000,02102,00000,COORDINATION
563,A20H000,02103,00000,BLOOD SERA STORAGE
563,A20K000,00900,00000,OTHER EXCISION HOSPITAL COSTS IBNR
563,A20K000,00901,00000,HOSPITAL FLAT RATE
563,A20K000,02100,00000,MISC ACQUISITION COSTS
563,A20K000,02101,00000,SEROLOGIES
563,A20K000,02102,00000,COORDINATION
563,A20K000,02103,00000,BLOOD SERA STORAGE
563,A20L000,00900,00000,OTHER EXCISION HOSPITALCOST IBNR
563,A20L000,00901,00000,HOSPITAL FLAT RATE
563,A20L000,02100,00000,MISC  ACQUISITION COSTS
563,A20L000,02101,00000,SEROLOGIES
563,A20L000,02102,00000,COORDINATION
563,A20L000,02103,00000,BLOOD SERA STORAGE
563,A20O000,00900,00000,OTHER EXCISION HOSPITAL COST IBNR
563,A20O000,00901,00000,HOSPITAL FLAT RATE
563,A20O000,02100,00000,MISC ACQUISITION COSTS
563,A20O000,02101,00000,SEROLOGIES
563,A20O000,02102,00000,COORDINATON
563,A20O000,02103,00000,BLOOD SERA STORAGE
563,A20P000,00900,00000,OTHER EXCISION HOSPITAL COST IBNR
563,A20P000,00901,00000,HOSPITAL FLAT RATE
563,A20P000,02101,00000,SEROLOGIES
563,A20P000,02102,00000,COORDINATION
563,A20P000,02103,00000,BLOOD SERA STORAGE
563,A20U000,00900,00000,OTHER EXCISION HOSPITAL COST IBNR
563,A20U000,00901,00000,HOSPITAL FLAT RATE
563,A20U000,02100,00000,MISC  ACQUISITION COSTS
563,A20U000,02101,00000,SEROLOGIES
563,A20U000,02102,00000,COORDINATION
563,A20U000,02103,00000,BLOOD SERA STORAGE
563,A400010,00100,00000,RECLASSIFICATIONS
563,A400010,00100,00100,A
563,A400010,00100,00200,CAPITAL COSTS-BLDG & FIXT
563,A400010,00100,00500,ADMINISTRATIVE & GENERAL
563,A400010,00200,00000,MOVABLE EQUIPMNET
563,A400010,00200,00100,B
563,A400010,00200,00200,CAPITAL COSTS-MVBLE EQUIPMENT
563,A400010,00200,00500,ADMINISTRATIVE & GENERAL
563,A400010,00300,00000,EMPLOYEE BENEFITS
563,A400010,00300,00100,C
563,A400010,00300,00200,EMPLOYEE BENEFITS
563,A400010,00300,00500,ADMINISTRATIVE & GENERAL
563,A400010,00400,00000,CELL PHONES
563,A400010,00400,00100,D
563,A400010,00400,00200,PROCUREMENT COORDINATORS
563,A400010,00400,00500,ADMINISTRATIVE & GENERAL
563,A400010,00500,00000,TISSUE OVERHEAD
563,A400010,00500,00100,E
563,A400010,00500,00200,NON-REIMBURSABLE TISSUE
563,A400010,00500,00500,PROFESSIONAL EDUCATION
563,A400010,00600,00000,TISSUE OVERHEAD
563,A400010,00600,00100,E
563,A400010,00600,00500,PUBLIC EDUCATION
563,A400010,00700,00000,TISSUE OVERHEAD
563,A400010,00700,00100,E
563,A400010,00700,00500,PROCUREMENT COORDINATORS
563,A400010,00800,00000,ADMIN CAPITAL COST
563,A400010,00800,00100,F
563,A400010,00800,00200,ADMINISTRATIVE & GENERAL
563,A400010,00800,00500,CAPITAL COSTS-BLDG & FIXT
563,A400010,00900,00000,ADMIN CAPITAL COST
563,A400010,00900,00100,F
563,A400010,00900,00500,CAPITAL COSTS-MVBLE EQUIPMENT
563,A400010,01000,00000,TISSUE RECOVERY COST
563,A400010,01000,00100,G
563,A400010,01000,00200,NON-REIMBURSABLE TISSUE
563,A400010,01000,00500,CAPITAL COSTS-MVBLE EQUIPMENT
563,A400010,01100,00000,OCULAR ALLOCATION OVERHEAD
563,A400010,01100,00100,H
563,A400010,01100,00200,NON-REIMBURSABLE OCULAR
563,A400010,01100,00500,PROFESSIONAL EDUCATION
563,A400010,01200,00000,OCULAR ALLOCATION OVERHEAD
563,A400010,01200,00100,H
563,A400010,01200,00500,PUBLIC EDUCATION
563,A500010,00800,00100,B
563,A500010,00800,00300,PROCUREMENT COORDINATORS
563,A500010,00900,00100,A
563,A500010,00900,00300,PROFESSIONAL EDUCATION
563,A500010,01500,00000,PERSONAL USE OF AUTO
563,A500010,01500,00100,A
563,A500010,01500,00300,EMPLOYEE BENEFITS
563,A500010,01600,00000,AOPO LOBBYING EXPENSE
563,A500010,01600,00100,A
563,A500010,01600,00300,ADMINISTRATIVE & GENERAL
563,A500010,01601,00000,LOBBYING EXPENSE A&G
563,A500010,01601,00100,A
563,A500010,01601,00300,ADMINISTRATIVE & GENERAL
563,A500010,01602,00000,LOBBYING EXPENSE PE
563,A500010,01602,00100,A
563,A500010,01602,00300,PUBLIC EDUCATION
563,A500010,01603,00000,VRL RENT REVENUE
563,A500010,01603,00100,B
563,A500010,01603,00300,CAPITAL COSTS-BLDG & FIXT
563,A500010,01604,00000,FUNDRAISING COST
563,A500010,01604,00100,A
563,A500010,01604,00300,PUBLIC EDUCATION
563,A500010,01605,00000,DSC REVENUE
563,A500010,01605,00100,B
563,A500010,01605,00300,ADMINISTRATIVE & GENERAL
563,A500010,01606,00000,PAIRED KIDNEY EXCHANGE/PUMP SALARY
563,A500010,01606,00100,A
563,A500010,01606,00300,PROCUREMENT COORDINATORS
563,A500010,01607,00000,PAIRED KIDNEY EXCHANGE/PUMP KIDNEY
563,A500010,01607,00100,A
563,A500010,01607,00300,KIDNEY ACQUISITIONS
563,A500010,01608,00000,PAIRED KIDNEY EXCHANGE/PUMP HEART
563,A500010,01608,00100,A
563,A500010,01608,00300,HEART ACQUISITIONS
563,A500010,01609,00000,PAIRED KIDNEY EXCHANGE/PUMP LIVER
563,A500010,01609,00100,A
563,A500010,01609,00300,LIVER ACQUISITIONS
563,A500010,01610,00000,PAIRED KIDNEY EXCHANGE/PUMP PANCREAS
563,A500010,01610,00100,A
563,A500010,01610,00300,PANCREAS ACQUISITIONS
563,A500010,01611,00000,PAIRED KIDNEY EXCHANGE/PUMP LUNG
563,A500010,01611,00100,A
563,A500010,01611,00300,LUNG ACQUISITIONS
563,A500010,01612,00000,PAIRED KIDNEY EXCHANGE/PUMO H/L SM
563,A500010,01612,00100,A
563,A500010,01612,00300,OTHER ACQUISITIONS
563,A500010,01613,00000,OFFSET INTEREST INCOME ON ALLOW INT
563,A500010,01613,00100,B
563,A500010,01613,00300,CAPITAL COSTS-BLDG & FIXT
563,A500010,01614,00000,NON-ALLOWABLE A&G
563,A500010,01614,00100,A
563,A500010,01614,00300,ADMINISTRATIVE & GENERAL
563,A500010,01615,00000,FUNDRAISING SALARY
563,A500010,01615,00100,A
563,A500010,01615,00300,ADMINISTRATIVE & GENERAL
563,A500010,01616,00000,ORGAN PRESERVATION ALLIANCE
563,A500010,01616,00100,A
563,A500010,01616,00300,ADMINISTRATIVE & GENERAL
563,A500010,01617,00000,MIDWEST KIDNEY NETWORK
563,A500010,01617,00100,B
563,A500010,01617,00300,PROCUREMENT COORDINATORS
563,A500010,01618,00000,U OF TEXAS VENTED REFERRALS
563,A500010,01618,00100,B
563,A500010,01618,00300,PROCUREMENT COORDINATORS
563,A500010,01619,00000,U OF SAN FRANCISCO HYPOTHERMIA STUDY
563,A500010,01619,00100,B
563,A500010,01619,00300,PROCUREMENT COORDINATORS
563,A500010,01620,00000,NON-ALLOWABLE EXPENSES
563,A500010,01620,00100,A
563,A500010,01620,00300,ADMINISTRATIVE & GENERAL
563,A500010,01621,00000,NON-ALLOWABLE EXPENSES
563,A500010,01621,00100,A
563,A500010,01621,00300,PROFESSIONAL EDUCATION
563,A500010,01622,00000,NON-ALLOWABLE EXPENSES
563,A500010,01622,00100,A
563,A500010,01622,00300,PUBLIC EDUCATION
563,A51000A,00100,00100,N
563,A60000C,00500,00100,N
563,B10000*,00100,00200,CAP BLDG
563,B10000*,00100,00300,CAP COSTS
563,B10000*,00100,00400,EMPLOYEE
563,B10000*,00100,00500,MEDICAL
563,B10000*,00100,00800,ORGAN
563,B10000*,00100,01000,ADMIN &
563,B10000*,00200,00200,OP PLANT &
563,B10000*,00200,00300,MOVABLE
563,B10000*,00200,00400,BENEFITS
563,B10000*,00200,00500,SUPPLIES
563,B10000*,00200,00800,ACQUISITN
563,B10000*,00200,01000,GENERAL
563,B10000*,00300,00200,HOUSEKEEP
563,B10000*,00300,00300,EQUIPMENT
563,B10000*,00300,00800,COSTS
563,B10000*,00400,00200,SQUARE
563,B10000*,00400,00300,DOLLAR
563,B10000*,00400,00400,ADJUST
563,B10000*,00400,00500,COSTED
563,B10000*,00400,00800,NUMBER
563,B10000*,00400,01000,ACCUM
563,B10000*,00500,00200,FEET
563,B10000*,00500,00300,VALUE
563,B10000*,00500,00400,SALARIES
563,B10000*,00500,00500,REQUISIT
563,B10000*,00500,00800,ORGANS
563,B10000*,00500,01000,COSTS
563,B10000*,00600,00200,1
563,B10000*,00600,00300,2
563,B10000*,00600,00400,3
563,B10000*,00600,00500,3
563,B10000*,00600,00800,3
563,B10000*,00600,01000,3
563,B100000,00000,01000,X
563,E000000,00900,00000,OTHER CURRENT ASSETS
563,E000000,02600,00000,OTHER ASSETS
563,E000000,03900,00000,IBNR  LEASE  AND ACCRUED EXPENSES
563,E000000,04600,00000,LONG TERM CAPITAL BONDING
563,E200000,02000,00000,OTHER MISC INCOME
563,S000000,00100,00100,X
563,S000000,00400,00100,3
563,S000000,00500,00100,05/04/2021
563,S000000,00600,00100,10001
563,S000000,00700,00100,N
563,S000000,00800,00100,N
563,S000000,00900,00100,01/11/2024
563,S000000,01000,00100,4
563,S000001,00100,00100,UPPER MIDWEST ORGAN PROCUREMENT ORG
563,S000001,00100,00200,24P001
563,S000001,00101,00100,2225 WEST RIVER ROAD NORTH
563,S000001,00102,00100,MINNEAPOLIS
563,S000001,00102,00200,MN
563,S000001,00102,00300,55411
563,S000001,00300,00100,01/01/2019
563,S000001,00300,00200,12/31/2019
563,S000001,00400,00100,4
563,S000001,00400,00300,1
563,S000001,00400,00400,08/01/1989
563,S000001,00401,00300,1
563,S000002,00100,00200,Y
563,S000002,00300,00100,CAO
563,S000002,00400,00100,04/30/2021
563,S100001,00700,00100,N
563,S100001,00810,00000,SMALL BOWEL
563,S100001,00811,00000,VCA
563,S100001,00812,00000,TENDON
563,S100001,00813,00000,VEIN
563,S100001,00814,00000,BONE MARROW
563,S100001,00815,00000,PERICARDIUM
563,S100001,00816,00000,WHOLE GLOBE
563,S100001,00817,00000,OTHER
563,S100001,00818,00000,MISC TISSUE
563,S100003,00100,00100,MEDICAL DIRECTOR
563,S100003,00100,00300,MEDICAL DIRECTOR
563,S100003,00100,00500,LAB DIRECTOR
563,S100003,00101,00100,EXEC. DIRECTOR
563,S100003,00101,00300,PROCUREMENT COORDINATOR
563,S100003,00101,00500,TECHNICIANS
563,S100003,00102,00100,CLERICAL
563,S100003,00102,00300,PRESERVATION TECHNICIANS
563,S100003,00102,00500,TISSUE TYPING TECH.
563,S100003,00103,00100,OTHER
563,S100003,00103,00300,OTHER
563,S100003,00103,00500,OTHER
563,S200000,00100,00100,N
563,S200000,00200,00100,N
563,S200000,00300,00100,N
563,S200000,00400,00100,Y
563,S200000,00400,00200,A
563,S200000,00500,00100,N
563,S200000,00600,00300,SR. MANAGER OF FINANCIAL OPERATIONS
563,S200000,00700,00100,UPPERMIDWEST ORGAN PROCURMENT ORG
564,A000000,00100,00000,0100CAPITAL COSTS-BLDG & FIXT
564,A000000,00200,00000,0200CAPITAL COSTS-MVBLE EQUIPMENT
564,A000000,00300,00000,0300EMPLOYEE BENEFITS
564,A000000,00400,00000,0400ADMINISTRATIVE & GENERAL
564,A000000,00500,00000,0500OPERATION AND MAINTENANCE OF PLANT
564,A000000,00600,00000,0600HOUSEKEEPING
564,A000000,00700,00000,0700MEDICAL SUPPLIES
564,A000000,00800,00000,0800OTHER OVERHEAD
564,A000000,00900,00000,0900PROCUREMENT COORDINATORS
564,A000000,01000,00000,1000PROFESSIONAL EDUCATION
564,A000000,01100,00000,1100PUBLIC EDUCATION
564,A000000,01200,00000,1200OTHER ORGAN ACQUISITION
564,A000000,01201,00000,1201ORGAN ONLY REFERRALS
564,A000000,01300,00000,1300KIDNEY ACQUISITIONS
564,A000000,01400,00000,1400TISSUE TYPING LABORATORY
564,A000000,01500,00000,1500LIVER ACQUISITIONS
564,A000000,01600,00000,1600HEART ACQUISITIONS
564,A000000,01700,00000,1700PANCREAS ACQUISITIONS
564,A000000,01800,00000,1800LUNG ACQUISITIONS
564,A000000,01900,00000,1900OTHER ACQUISITIONS
564,A000000,02100,00000,2100RESEARCH
564,A000000,02200,00000,2200BLOOD BANK
564,A000000,02300,00000,2300LABORATORY-NON-TISSUE TYPING
564,A000000,02400,00000,2400DIALYSIS UNITS
564,A000000,02500,00000,2500TISSUE
564,A000000,02501,00000,2501AFTERCARE
564,A100000,01700,00000,NON-MEDICARE REIMBURSABLE
564,A100000,01800,00000,MISCELLANEOUS
564,A20H000,00900,00000,HOSPITAL BILLS
564,A20H000,02100,00000,ORGAN TESTING
564,A20K000,00900,00000,HOSPITAL BILLS
564,A20K000,02100,00000,ORGAN TESTING
564,A20K000,02101,00000,CLINICAL CONSULTING
564,A20L000,00900,00000,HOSPITAL BILLS
564,A20L000,02100,00000,ORGAN TESTING
564,A20L000,02101,00000,CLINICAL CONSULTING
564,A20O000,00900,00000,HOSPITAL BILLS
564,A20O000,02100,00000,ORGAN TESTING
564,A20P000,00900,00000,HOSPITAL BILLS
564,A20P000,02100,00000,ORGAN TESTING
564,A20U000,00900,00000,HOSPITAL BILLS
564,A20U000,02100,00000,ORGAN TESTING
564,A400010,00100,00000,RENT TO CAPITAL COST
564,A400010,00100,00100,A
564,A400010,00100,00200,CAPITAL COSTS-BLDG & FIXT
564,A400010,00100,00500,ADMINISTRATIVE & GENERAL
564,A400010,00200,00000,CELL PHONES
564,A400010,00200,00100,B
564,A400010,00200,00200,PROCUREMENT COORDINATORS
564,A400010,00200,00500,ADMINISTRATIVE & GENERAL
564,A400010,00300,00000,CELL PHONES
564,A400010,00300,00100,B
564,A400010,00300,00200,TISSUE
564,A400010,00400,00000,TISSUE OVERHEAD
564,A400010,00400,00100,C
564,A400010,00400,00200,TISSUE
564,A400010,00400,00500,PROCUREMENT COORDINATORS
564,A400010,00500,00000,TISSUE OVERHEAD
564,A400010,00500,00100,C
564,A400010,00500,00500,PROFESSIONAL EDUCATION
564,A400010,00600,00000,TISSUE OVERHEAD
564,A400010,00600,00100,C
564,A400010,00600,00500,PUBLIC EDUCATION
564,A400010,00700,00000,SORS/SRC
564,A400010,00700,00100,D
564,A400010,00700,00200,KIDNEY ACQUISITIONS
564,A400010,00700,00500,PROCUREMENT COORDINATORS
564,A400010,00800,00000,SORS/SRC
564,A400010,00800,00100,D
564,A400010,00800,00200,LIVER ACQUISITIONS
564,A400010,00900,00000,SORS/SRC
564,A400010,00900,00100,D
564,A400010,00900,00200,PANCREAS ACQUISITIONS
564,A400010,01000,00000,SORS/SRC
564,A400010,01000,00100,D
564,A400010,01000,00200,OTHER ACQUISITIONS
564,A400010,01100,00000,SORS/SRC
564,A400010,01100,00100,D
564,A400010,01100,00200,TISSUE
564,A400010,01200,00000,ORGAN SUPPLIES
564,A400010,01200,00100,E
564,A400010,01200,00200,KIDNEY ACQUISITIONS
564,A400010,01200,00500,OTHER ORGAN ACQUISITION
564,A400010,01300,00000,ORGAN SUPPLIES
564,A400010,01300,00100,E
564,A400010,01300,00200,LIVER ACQUISITIONS
564,A400010,01400,00000,ORGAN SUPPLIES
564,A400010,01400,00100,E
564,A400010,01400,00200,PANCREAS ACQUISITIONS
564,A400010,01500,00000,ORGAN SUPPLIES
564,A400010,01500,00100,E
564,A400010,01500,00200,OTHER ACQUISITIONS
564,A400010,01600,00000,ORGAN SUPPLIES
564,A400010,01600,00100,E
564,A400010,01600,00200,TISSUE
564,A400010,01700,00000,ABDOMINAL ORGAN TRANSPORT COSTS
564,A400010,01700,00100,F
564,A400010,01700,00200,KIDNEY ACQUISITIONS
564,A400010,01700,00500,HEART ACQUISITIONS
564,A400010,01800,00000,ABDOMINAL ORGAN TRANSPORT COSTS
564,A400010,01800,00100,F
564,A400010,01800,00200,LIVER ACQUISITIONS
564,A400010,01800,00500,LUNG ACQUISITIONS
564,A400010,01900,00000,ABDOMINAL ORGAN TRANSPORT COSTS
564,A400010,01900,00100,F
564,A400010,01900,00200,PANCREAS ACQUISITIONS
564,A400010,02000,00000,ABDOMINAL ORGAN TRANSPORT COSTS
564,A400010,02000,00100,F
564,A400010,02000,00200,OTHER ACQUISITIONS
564,A500010,00800,00100,B
564,A500010,00800,00300,PROCUREMENT COORDINATORS
564,A500010,01200,00100,A
564,A500010,01200,00300,ADMINISTRATIVE & GENERAL
564,A500010,01500,00000,UNREIMBURSABLE - ALCOHOL/GIFTS
564,A500010,01500,00100,A
564,A500010,01500,00300,ADMINISTRATIVE & GENERAL
564,A500010,01501,00000,UNREIMBURSABLE - ALCOHOL/GIFTS
564,A500010,01501,00100,A
564,A500010,01501,00300,EMPLOYEE BENEFITS
564,A500010,01502,00000,UNREIMBURSABLE - ALCOHOL/GIFTS
564,A500010,01502,00100,A
564,A500010,01502,00300,PROCUREMENT COORDINATORS
564,A500010,01503,00000,UNREIMBURSABLE - ALCOHOL/GIFTS
564,A500010,01503,00100,A
564,A500010,01503,00300,PROFESSIONAL EDUCATION
564,A500010,01504,00000,UNREIMBURSABLE - ALCOHOL/GIFTS
564,A500010,01504,00100,A
564,A500010,01504,00300,PUBLIC EDUCATION
564,A500010,01505,00000,UNREIMBURSABLE - ALCOHOL/GIFTS
564,A500010,01505,00100,A
564,A500010,01505,00300,TISSUE
564,A500010,01506,00000,UNREIMBURSABLE - ALCOHOL/GIFTS
564,A500010,01506,00100,A
564,A500010,01506,00300,ORGAN ONLY REFERRALS
564,A500010,01507,00000,UNREIMBURSABLE - ROSE PARADE
564,A500010,01507,00100,A
564,A500010,01507,00300,ADMINISTRATIVE & GENERAL
564,A500010,01508,00000,UNREIMBURSABLE - ROSE PARADE
564,A500010,01508,00100,A
564,A500010,01508,00300,PROCUREMENT COORDINATORS
564,A500010,01509,00000,UNREIMBURSABLE - ROSE PARADE
564,A500010,01509,00100,A
564,A500010,01509,00300,PROFESSIONAL EDUCATION
564,A500010,01510,00000,UNREIMBURSABLE - ROSE PARADE
564,A500010,01510,00100,B
564,A500010,01510,00300,PUBLIC EDUCATION
564,A500010,01511,00000,UNREIMBURSABLE - ROSE PARADE
564,A500010,01511,00100,B
564,A500010,01511,00300,AFTERCARE
564,A500010,01512,00000,MISCELLANEOUS INCOME
564,A500010,01512,00100,B
564,A500010,01512,00300,PROCUREMENT COORDINATORS
564,A500010,01514,00000,LOBBYING
564,A500010,01514,00100,A
564,A500010,01514,00300,PUBLIC EDUCATION
564,A500010,01600,00000,NON-ALLOWABLE EXPENSES
564,A500010,01600,00100,A
564,A500010,01600,00300,EMPLOYEE BENEFITS
564,A500010,01601,00000,NON-ALLOWABLE EXPENSES
564,A500010,01601,00100,A
564,A500010,01601,00300,ADMINISTRATIVE & GENERAL
564,A500010,01602,00000,NON-ALLOWABLE EXPENSES
564,A500010,01602,00100,A
564,A500010,01602,00300,PROCUREMENT COORDINATORS
564,A500010,01603,00000,NON-ALLOWABLE EXPENSES
564,A500010,01603,00100,A
564,A500010,01603,00300,PUBLIC EDUCATION
564,A51000A,00100,00100,N
564,A60000A,00700,00000,MEDICAL EQUIPMENT
564,A60000B,00800,00000,MEDICAL EQUIPMENT
564,A60000C,00500,00100,N
564,B10000*,00100,00200,CAP BLDG
564,B10000*,00100,00300,CAP COSTS
564,B10000*,00100,00400,EMPLOYEE
564,B10000*,00100,00500,MEDICAL
564,B10000*,00100,00800,ORGAN
564,B10000*,00100,01000,ADMIN &
564,B10000*,00200,00200,OP PLANT &
564,B10000*,00200,00300,MOVABLE
564,B10000*,00200,00400,BENEFITS
564,B10000*,00200,00500,SUPPLIES
564,B10000*,00200,00800,ACQUISITN
564,B10000*,00200,01000,GENERAL
564,B10000*,00300,00200,HOUSEKEEP
564,B10000*,00300,00300,EQUIPMENT
564,B10000*,00300,00800,COSTS
564,B10000*,00400,00200,SQUARE
564,B10000*,00400,00300,DOLLAR
564,B10000*,00400,00400,ADJUST
564,B10000*,00400,00500,COSTED
564,B10000*,00400,00800,NUMBER
564,B10000*,00400,01000,ACCUM
564,B10000*,00500,00200,FEET
564,B10000*,00500,00300,VALUE
564,B10000*,00500,00400,SALARIES
564,B10000*,00500,00500,REQUISIT
564,B10000*,00500,00800,ORGANS
564,B10000*,00500,01000,COSTS
564,B10000*,00600,00200,1
564,B10000*,00600,00300,2
564,B10000*,00600,00400,3
564,B10000*,00600,00500,3
564,B10000*,00600,00800,3
564,B10000*,00600,01000,3
564,B100000,00000,01000,X
564,E000000,00900,00000,MEDICARE RECEIVABLE
564,E000000,02600,00000,OTHER FIXED ASSETS
564,E000000,03100,00000,457B PLAN & OTHER LONG TERM ASSETS
564,E000000,03900,00000,ACCRUED MEDICAL LIASBILITIES
564,E000000,04100,00000,CAPI LEASE & DEFERRED RENT - CURRENT
564,E000000,04600,00000,DEFERRED RENT - LONG TERM
564,E000000,04700,00000,457B PLAN & CAPITAL LEASE
564,E000000,04800,00000,OTHER LIABILITIES
564,E100001,00700,00000,IMPORT REVENUE
564,E200000,02000,00000,UNREALIZED GAIN ON INVESTMENTS
564,E200000,02100,00000,TISSUE REVENUE
564,E200000,02200,00000,RESEARCH & OTHER REVEN UE
564,E200000,02600,00000,UNREALIZED GAIN/LOSS ON INVESTMENTS
564,S000000,00100,00100,X
564,S000000,00400,00100,3
564,S000000,00500,00100,10/29/2020
564,S000000,00600,00100,10001
564,S000000,00700,00100,N
564,S000000,00800,00100,N
564,S000000,00900,00100,01/11/2024
564,S000000,01000,00100,4
564,S000001,00100,00100,LIFECENTER NORTHWEST
564,S000001,00100,00200,50P003
564,S000001,00101,00100,3650 131ST AVE SE  SUITE 200
564,S000001,00102,00100,BELLEVUE
564,S000001,00102,00200,WA
564,S000001,00102,00300,98006
564,S000001,00300,00100,01/01/2019
564,S000001,00300,00200,12/31/2019
564,S000001,00400,00100,6
564,S000001,00400,00300,1
564,S000001,00400,00400,01/01/1986
564,S000001,00401,00300,1
564,S000002,00100,00200,Y
564,S000002,00300,00100,CHIEF EXECUTIVE OFFICER
564,S000002,00400,00100,10/22/2020
564,S100001,00700,00100,N
564,S100001,00810,00000,INTESTINE
564,S100001,00811,00000,RESEARCH
564,S100001,00812,00000,VEIN
564,S100001,00813,00000,NERVES
564,S100001,00814,00000,MISCELLANEOUS
564,S100003,00100,00100,MEDICAL DIRECTOR
564,S100003,00100,00300,MEDICAL DIRECTOR
564,S100003,00100,00500,LAB DIRECTOR
564,S100003,00101,00100,EXEC. DIRECTOR
564,S100003,00101,00300,PROCUREMENT COORDINATOR
564,S100003,00101,00500,TECHNICIANS
564,S100003,00102,00100,CLERICAL
564,S100003,00102,00300,PRESERVATION TECHNICIANS
564,S100003,00102,00500,TISSUE TYPING TECH.
564,S100003,00103,00100,OTHER
564,S100003,00103,00300,OTHER
564,S100003,00103,00500,OTHER
564,S200000,00100,00100,N
564,S200000,00200,00100,N
564,S200000,00300,00100,N
564,S200000,00400,00100,Y
564,S200000,00400,00200,A
564,S200000,00500,00100,N
564,S200000,00600,00300,DIRECTOR  FINANCE AND ACCOUNTING
564,S200000,00700,00100,LIFECENTER NORTHWEST
588,A000000,00100,00000,0100CAPITAL COSTS-BLDG & FIXT
588,A000000,00200,00000,0200CAPITAL COSTS-MVBLE EQUIPMENT
588,A000000,00300,00000,0300EMPLOYEE BENEFITS
588,A000000,00400,00000,0400ADMINISTRATIVE & GENERAL
588,A000000,00500,00000,0500OPERATION AND MAINTENANCE OF PLANT
588,A000000,00600,00000,0600HOUSEKEEPING
588,A000000,00700,00000,0700MEDICAL SUPPLIES
588,A000000,00800,00000,0800OTHER OVERHEAD
588,A000000,00900,00000,0900PROCUREMENT COORDINATORS
588,A000000,01000,00000,1000PROFESSIONAL EDUCATION
588,A000000,01100,00000,1100PUBLIC EDUCATION
588,A000000,01200,00000,1200OTHER ACQUISITION
588,A000000,01201,00000,1201NO GO COSTS
588,A000000,01300,00000,1300KIDNEY ACQUISITIONS
588,A000000,01400,00000,1400TISSUE TYPING LABORATORY
588,A000000,01500,00000,1500LIVER ACQUISITIONS
588,A000000,01600,00000,1600HEART ACQUISITIONS
588,A000000,01700,00000,1700PANCREAS ACQUISITIONS
588,A000000,01800,00000,1800LUNG ACQUISITIONS
588,A000000,01900,00000,1900INTESTINE
588,A000000,01901,00000,1901VCA
588,A000000,02100,00000,2100RESEARCH
588,A000000,02200,00000,2200BLOOD BANK
588,A000000,02300,00000,2300LABORATORY-NON-TISSUE TYPING
588,A000000,02400,00000,2400DIALYSIS UNITS
588,A000000,02500,00000,2500OTHER NON-REIMBURSABLE
588,A000000,02501,00000,2501TISSUE PROCUREMENT
588,A000000,02502,00000,2502IOPO FOUNDATION
588,A000000,02503,00000,2503ARC RENTAL SPACE
588,A100000,01700,00000,QUALITY
588,A100000,01800,00000,OTHER
588,A20H000,00900,00000,ALL OTHER EXCISION HOSPITAL
588,A20H000,02100,00000,ALL OTHER ACQUISITION COSTS
588,A20K000,00900,00000,ADDITIONAL EXCISION COSTS
588,A20K000,02100,00000,OTHER ACQUISITION COST
588,A20L000,00900,00000,ALL OTHER EXCISION HOSPITAL
588,A20L000,02100,00000,ALL OTHER ACQUISITION COSTS
588,A20O000,00900,00000,ALL OTHER EXCISION HOSPITAL
588,A20O000,02100,00000,ALL OTHER ACQUISITION COSTS
588,A20O001,00900,00000,OTHER EXCISION HOSPITAL
588,A20P000,00900,00000,ALL OTHER EXCISION HOSPITAL
588,A20P000,02100,00000,ALL OTHER ACQUISITION COSTS
588,A20U000,00900,00000,ALL OTHER EXCISION HOSPITAL
588,A20U000,02100,00000,ALL OTHER ACQUISITION COSTS
588,A400010,00100,00000,MEDICAL DIRECTOR
588,A400010,00100,00100,A
588,A400010,00100,00200,PROCUREMENT COORDINATORS
588,A400010,00100,00500,ADMINISTRATIVE & GENERAL
588,A400010,00200,00000,ADMIN & GENERAL EE BENEFIT COSTS
588,A400010,00200,00100,B
588,A400010,00200,00200,ADMINISTRATIVE & GENERAL
588,A400010,00200,00500,EMPLOYEE BENEFITS
588,A400010,00300,00000,TISSUE OVERHEAD ALLOCATION
588,A400010,00300,00100,C
588,A400010,00300,00200,TISSUE PROCUREMENT
588,A400010,00300,00500,PUBLIC EDUCATION
588,A400010,00400,00000,TISSUE OVERHEAD ALLOCATION
588,A400010,00400,00100,C
588,A400010,00400,00500,OTHER ACQUISITION
588,A400010,00500,00000,DONATION COORDINATOR TISSUE TIME REC
588,A400010,00500,00100,D
588,A400010,00500,00200,TISSUE PROCUREMENT
588,A400010,00500,00500,PROCUREMENT COORDINATORS
588,A400010,00600,00000,ADMIN & GENERAL OCCUPANCY COST
588,A400010,00600,00100,E
588,A400010,00600,00200,ADMINISTRATIVE & GENERAL
588,A400010,00600,00500,CAPITAL COSTS-BLDG & FIXT
588,A400010,00700,00000,ADMIN & GENERAL OCCUPANCY COST
588,A400010,00700,00100,E
588,A400010,00700,00500,CAPITAL COSTS-MVBLE EQUIPMENT
588,A400010,00800,00000,ADMIN & GENERAL OCCUPANCY COST
588,A400010,00800,00100,E
588,A400010,00800,00500,OPERATION AND MAINTENANCE OF PLANT
588,A400010,00900,00000,VITAL LINK SALARY RECLASS
588,A400010,00900,00100,F
588,A400010,00900,00200,PROCUREMENT COORDINATORS
588,A400010,00900,00500,TISSUE PROCUREMENT
588,A400010,01000,00000,ARC LEASED SPACE DEPR RECLASS
588,A400010,01000,00100,G
588,A400010,01000,00200,ARC RENTAL SPACE
588,A400010,01000,00500,CAPITAL COSTS-BLDG & FIXT
588,A400010,01100,00000,ARC LEASED SPACE DEPR RECLASS
588,A400010,01100,00100,G
588,A400010,01100,00500,ADMINISTRATIVE & GENERAL
588,A400010,01200,00000,ARC LEASED SPACE DEPR RECLASS
588,A400010,01200,00100,G
588,A400010,01200,00500,OPERATION AND MAINTENANCE OF PLANT
588,A400010,01300,00000,MOVEABLE EQUIPMENT DEPR RECLASS
588,A400010,01300,00100,H
588,A400010,01300,00200,CAPITAL COSTS-MVBLE EQUIPMENT
588,A400010,01300,00500,CAPITAL COSTS-BLDG & FIXT
588,A400010,01400,00000,MOVEABLE EQUIPMENT DEPR RECLASS
588,A400010,01400,00100,H
588,A400010,01400,00200,ADMINISTRATIVE & GENERAL
588,A400010,01500,00000,MINOR CAPITAL COST RECLASS
588,A400010,01500,00100,J
588,A400010,01500,00200,ADMINISTRATIVE & GENERAL
588,A400010,01500,00500,CAPITAL COSTS-MVBLE EQUIPMENT
588,A500010,00200,00100,B
588,A500010,00200,00300,ADMINISTRATIVE & GENERAL
588,A500010,00800,00100,B
588,A500010,00800,00300,PROCUREMENT COORDINATORS
588,A500010,00900,00100,A
588,A500010,00900,00300,PUBLIC EDUCATION
588,A500010,01100,00100,B
588,A500010,01100,00300,TISSUE PROCUREMENT
588,A500010,01500,00000,AOPO LOBBYING
588,A500010,01500,00100,A
588,A500010,01500,00300,ADMINISTRATIVE & GENERAL
588,A500010,01601,00000,MEDICARE NON REIMBURSIBLE
588,A500010,01601,00100,A
588,A500010,01601,00300,PROCUREMENT COORDINATORS
588,A500010,01602,00000,VITAL LINK CALL CENTER REFERRAL REV
588,A500010,01602,00100,B
588,A500010,01602,00300,TISSUE PROCUREMENT
588,A500010,01603,00000,LIVING KIDNEY REIMBURSEMENT
588,A500010,01603,00100,B
588,A500010,01603,00300,PROCUREMENT COORDINATORS
588,A500010,01611,00000,COURIER SERVICE REVENUE
588,A500010,01611,00100,B
588,A500010,01611,00300,PROCUREMENT COORDINATORS
588,A500010,01612,00000,FOUNDATION IN-KIND REVENUE
588,A500010,01612,00100,B
588,A500010,01612,00300,IOPO FOUNDATION
588,A500010,01620,00000,DLI MGMT FEE REVENUE
588,A500010,01620,00100,B
588,A500010,01620,00300,PUBLIC EDUCATION
588,A500010,01621,00000,NON-ALLOWABLE SPONSORSHIP EXPENSES
588,A500010,01621,00100,A
588,A500010,01621,00300,PUBLIC EDUCATION
588,A500010,01622,00000,NON-ALLOWABLE PAID MEDIA EXPENSES
588,A500010,01622,00100,A
588,A500010,01622,00300,PUBLIC EDUCATION
588,A500010,01623,00000,NONALLOWABLE D2SL-INDY500 GL EXPENSE
588,A500010,01623,00100,A
588,A500010,01623,00300,PUBLIC EDUCATION
588,A51000A,00100,00100,Y
588,A51000B,00100,00200,PROCUREMENT COORDINATORS
588,A51000B,00100,00300,NLW TRANS EXPENSE
588,A51000B,00200,00200,KIDNEY ACQUISITIONS
588,A51000B,00200,00300,NLW TRANS EXPENSE
588,A51000B,00300,00200,LIVER ACQUISITIONS
588,A51000B,00300,00300,NLW TRANS EXPENSE
588,A51000B,00400,00200,HEART ACQUISITIONS
588,A51000B,00400,00300,NLW TRANS EXPENSE
588,A51000B,00401,00200,PANCREAS ACQUISITIONS
588,A51000B,00401,00300,NLW TRANS EXPENSE
588,A51000B,00402,00200,LUNG ACQUISITIONS
588,A51000B,00402,00300,NLW TRANS EXPENSE
588,A51000B,00403,00200,INTESTINE
588,A51000B,00403,00300,NLW TRANS EXPENSE
588,A51000C,00100,00100,C
588,A51000C,00100,00400,NLW  INC
588,A51000C,00100,00600,AIR TRANSPORTATION
588,A51000C,00200,00100,C
588,A51000C,00200,00400,INDIANA DONOR NETWORK FOUNDATION
588,A51000C,00200,00600,FOUNDATION
588,A60000A,00700,00000,BUILDING IMPROVEMENTS
588,A60000A,00701,00000,FIXED ASSET HOLDING
588,A60000A,00702,00000,AIRPLANE
588,A60000B,00800,00000,FIXED ASSET HOLDING
588,A60000B,00801,00000,AIRPLANE
588,A60000C,00500,00100,Y
588,B10000*,00100,00200,CAP BLDG
588,B10000*,00100,00300,CAP COSTS
588,B10000*,00100,00400,EMPLOYEE
588,B10000*,00100,00500,MEDICAL
588,B10000*,00100,00800,ORGAN
588,B10000*,00100,01000,ADMIN &
588,B10000*,00200,00200,OP PLANT &
588,B10000*,00200,00300,MOVABLE
588,B10000*,00200,00400,BENEFITS
588,B10000*,00200,00500,SUPPLIES
588,B10000*,00200,00800,ACQUISITN
588,B10000*,00200,01000,GENERAL
588,B10000*,00300,00200,HOUSEKEEP
588,B10000*,00300,00300,EQUIPMENT
588,B10000*,00300,00800,COSTS
588,B10000*,00400,00200,SQUARE
588,B10000*,00400,00300,DOLLAR
588,B10000*,00400,00400,ADJUST
588,B10000*,00400,00500,COSTED
588,B10000*,00400,00800,NUMBER
588,B10000*,00400,01000,ACCUM
588,B10000*,00500,00200,FEET
588,B10000*,00500,00300,VALUE
588,B10000*,00500,00400,SALARIES
588,B10000*,00500,00500,REQUISIT
588,B10000*,00500,00800,ORGANS
588,B10000*,00500,01000,COSTS
588,B10000*,00600,00200,1
588,B10000*,00600,00300,2
588,B10000*,00600,00400,3
588,B10000*,00600,00500,3
588,B10000*,00600,00800,3
588,B10000*,00600,01000,3
588,B100000,00000,01000,X
588,E000000,00900,00000,DUE FROM THIRD PARTY
588,E000000,02600,00000,ADDITIONAL FIXED ASSETS
588,E000000,03900,00000,THIRD-PARTY SETTLEMENT
588,E000000,04100,00000,OTHER
588,E000000,04600,00000,LONG TERM DEBT
588,E100001,00700,00000,PROCUREMENT REVENUE
588,E100001,00800,00000,AIR AND GROUND TRANSPORTATION
588,E100001,00900,00000,OTHER
588,E100002,00300,00000,TXJET
588,E100002,00400,00000,FOUNDATION DISTRIB
588,E100002,00500,00000,AFTERCARE REV
588,E100002,00800,00000,INTERCOMPANY ELIMINATIONS
588,E200000,01500,00000,REALIZED & UNREALIZED GAIN ON INVEST
588,E200000,02600,00000,REALIZED & UNREALIZED LOSS ON INVEST
588,E200000,02700,00000,ROUNDING
588,S000000,00100,00100,X
588,S000000,00400,00100,4
588,S000000,00500,00100,05/20/2020
588,S000000,00600,00100,10001
588,S000000,00700,00100,N
588,S000000,00800,00100,N
588,S000000,00900,00100,04/10/2024
588,S000000,01000,00100,4
588,S000001,00100,00100,INDIANA ORGAN PROCUREMENT ORG
588,S000001,00100,00200,15P001
588,S000001,00101,00100,3760 GUION ROAD
588,S000001,00102,00100,INDIANAPOLIS
588,S000001,00102,00200,IN
588,S000001,00102,00300,46222
588,S000001,00300,00100,01/01/2019
588,S000001,00300,00200,12/31/2019
588,S000001,00400,00100,6
588,S000001,00400,00300,1
588,S000001,00400,00400,04/01/1988
588,S000001,00401,00300,1
588,S000002,00100,00200,Y
588,S000002,00300,00100,CHIEF EXECUTIVE OFFICER
588,S000002,00400,00100,05/19/2020
588,S100001,00700,00100,N
588,S100001,00810,00000,OTHER\VEIN
588,S100001,00811,00000,INTESTINE
588,S100001,00812,00000,VCA
588,S100003,00100,00100,MEDICAL DIRECTOR
588,S100003,00100,00300,MEDICAL DIRECTOR
588,S100003,00100,00500,LAB DIRECTOR
588,S100003,00101,00100,EXEC. DIRECTOR
588,S100003,00101,00300,PROCUREMENT COORDINATOR
588,S100003,00101,00500,TECHNICIANS
588,S100003,00102,00100,CLERICAL
588,S100003,00102,00300,PRESERVATION TECHNICIANS
588,S100003,00102,00500,TISSUE TYPING TECH.
588,S100003,00103,00100,OTHER
588,S100003,00103,00300,OTHER
588,S100003,00103,00500,OTHER
588,S200000,00100,00100,N
588,S200000,00200,00100,N
588,S200000,00300,00100,Y
588,S200000,00400,00100,Y
588,S200000,00400,00200,A
588,S200000,00500,00100,Y
588,S200000,00600,00300,VICE PRESIDENT  FINANCE & ADMINISTRA
588,S200000,00700,00100,INDIANA DONOR NETWORK
651,A000000,00100,00000,0100CAPITAL COSTS-BLDG & FIXT
651,A000000,00200,00000,0200CAPITAL COSTS-MVBLE EQUIPMENT
651,A000000,00300,00000,0300EMPLOYEE BENEFITS
651,A000000,00400,00000,0400ADMINISTRATIVE & GENERAL
651,A000000,00500,00000,0500OPERATION AND MAINTENANCE OF PLANT
651,A000000,00600,00000,0600HOUSEKEEPING
651,A000000,00700,00000,0700MEDICAL SUPPLIES
651,A000000,00800,00000,0800OTHER OVERHEAD
651,A000000,00900,00000,0900PROCUREMENT COORDINATORS
651,A000000,01000,00000,1000PROFESSIONAL EDUCATION
651,A000000,01100,00000,1100PUBLIC EDUCATION
651,A000000,01200,00000,1200OTHER ACQUISITION
651,A000000,01300,00000,1300KIDNEY ACQUISITIONS
651,A000000,01400,00000,1400TISSUE TYPING LABORATORY
651,A000000,01500,00000,1500LIVER ACQUISITIONS
651,A000000,01600,00000,1600HEART ACQUISITIONS
651,A000000,01700,00000,1700PANCREAS ACQUISITIONS
651,A000000,01800,00000,1800LUNG ACQUISITIONS
651,A000000,01900,00000,1900SMALL BOWEL
651,A000000,01901,00000,1901HEART/LUNG
651,A000000,02100,00000,2100RESEARCH
651,A000000,02200,00000,2200BLOOD BANK
651,A000000,02300,00000,2300LABORATORY-NON-TISSUE TYPING
651,A000000,02400,00000,2400DIALYSIS UNITS
651,A000000,02500,00000,2500OTHER NON-REIMBURSABLE
651,A100000,01700,00000,OTHER OUTSIDE SERVICES/PROFESSIONAL
651,A100000,01800,00000,POSTAGE AND DELIVERY
651,A100000,01900,00000,BUILDING OPERATIONS
651,A100000,01901,00000,OTHER
651,A20H000,00900,00000,OTHER CONTRACTED HOSPITAL COSTS
651,A20H000,02100,00000,PATHOLOGY/BIOPSY
651,A20H000,02101,00000,CARDIAC CATH COST
651,A20H000,02102,00000,OTHER ORGAN RECOVERY COSTS
651,A20H000,02103,00000,FH TRANSPORTATION
651,A20H000,02104,00000,FH EXPENSE
651,A20H000,02105,00000,ORGAN RESEARCH EXPENSE
651,A20K000,00900,00000,OTHER CONTRACTED HOSPITAL COSTS
651,A20K000,02100,00000,OTHER PHYSICIAN FEES
651,A20K000,02101,00000,PATHOLOGY/BIOPSY
651,A20K000,02102,00000,OTHER ORGAN RECOVERY COSTS
651,A20K000,02103,00000,FH TRANSPORTATION
651,A20K000,02104,00000,FH EXPENSE
651,A20L000,00900,00000,OTHER CONTRACTED HOSPITAL COSTS
651,A20L000,02100,00000,OTHER PHYSICIAN FEES
651,A20L000,02101,00000,PATHOLOGY/BIOPSY
651,A20L000,02102,00000,OTHER ORGAN RECOVERY COSTS
651,A20L000,02103,00000,FH TRANSPORTATION
651,A20L000,02104,00000,FH EXPENSE
651,A20L000,02105,00000,ORGAN RESEARCH EXPENSE
651,A20O000,00900,00000,OTHER CONTRACTED HOSPITAL COSTS
651,A20O000,02100,00000,OTHER ORGAN RECOVERY COSTS
651,A20O000,02101,00000,FH EXPENSE
651,A20O001,00900,00000,OTHER CONTRACTED HOSPITAL COSTS
651,A20O001,02100,00000,CARDIAC CATH COST
651,A20O001,02101,00000,OTHER ORGAN RECOVERY COSTS
651,A20P000,00900,00000,OTHER CONTRACTED HOSPITAL COSTS
651,A20P000,02100,00000,OTHER PHYSICIAN FEES
651,A20P000,02101,00000,PATHOLOGY/BIOPSY
651,A20P000,02102,00000,OTHER ORGAN RECOVERY COSTS
651,A20P000,02103,00000,FH TRANSPORTATION
651,A20P000,02104,00000,FH EXPENSE
651,A20U000,00900,00000,OTHER CONTRACTED HOSPITAL COSTS
651,A20U000,02100,00000,OTHER PHYSICIAN FEES
651,A20U000,02101,00000,PATHOLOGY/BIOPSY
651,A20U000,02102,00000,OTHER ORGAN RECOVERY COSTS
651,A20U000,02103,00000,FH TRANSPORTATION
651,A20U000,02104,00000,FH EXPENSE
651,A300000,00600,00000,LAB SUPPLIES (TOTAL DIRECT COSTS)
651,A300000,00700,00000,TRAVEL MEETING AND SEMINARS
651,A300000,00800,00000,LICENSES
651,A300000,00900,00000,OTHER
651,A400010,00100,00000,RECLASS DEPRECIATION
651,A400010,00100,00100,A
651,A400010,00100,00200,CAPITAL COSTS-MVBLE EQUIPMENT
651,A400010,00100,00500,ADMINISTRATIVE & GENERAL
651,A400010,00200,00000,RECLASS DEPRECIATION
651,A400010,00200,00100,A
651,A400010,00200,00200,CAPITAL COSTS-BLDG & FIXT
651,A400010,00200,00500,PROCUREMENT COORDINATORS
651,A400010,00300,00000,RECLASS DEPRECIATION
651,A400010,00300,00100,A
651,A400010,00300,00500,TISSUE TYPING LABORATORY
651,A400010,00400,00000,RECLASS DEPRECIATION
651,A400010,00400,00100,A
651,A400010,00400,00500,OTHER NON-REIMBURSABLE
651,A400010,00500,00000,RECLASS LEASE EXPENSE
651,A400010,00500,00100,B
651,A400010,00500,00200,CAPITAL COSTS-MVBLE EQUIPMENT
651,A400010,00500,00500,ADMINISTRATIVE & GENERAL
651,A400010,00600,00000,RECLASS RENT/UTILITY/BUILDING COSTS
651,A400010,00600,00100,C
651,A400010,00600,00200,OPERATION AND MAINTENANCE OF PLANT
651,A400010,00600,00500,ADMINISTRATIVE & GENERAL
651,A400010,00700,00000,ALLOCATE NON-REIMB COSTS
651,A400010,00700,00100,D
651,A400010,00700,00200,OTHER NON-REIMBURSABLE
651,A400010,00700,00500,PROCUREMENT COORDINATORS
651,A400010,00800,00000,ALLOCATE NON-REIMB COSTS
651,A400010,00800,00100,D
651,A400010,00800,00500,PROFESSIONAL EDUCATION
651,A400010,00900,00000,ALLOCATE NON-REIMB COSTS
651,A400010,00900,00100,D
651,A400010,00900,00500,PUBLIC EDUCATION
651,A500010,01200,00100,A
651,A500010,01200,00300,ADMINISTRATIVE & GENERAL
651,A500010,01500,00000,LOBBYING EXPENSE
651,A500010,01500,00100,A
651,A500010,01500,00300,ADMINISTRATIVE & GENERAL
651,A500010,01501,00000,LOBBYING EXPENSE
651,A500010,01501,00100,A
651,A500010,01501,00300,ADMINISTRATIVE & GENERAL
651,A500010,01502,00000,LOBBYING EXPENSE
651,A500010,01502,00100,A
651,A500010,01502,00300,PROCUREMENT COORDINATORS
651,A500010,01503,00000,LOBBYING EXPENSE
651,A500010,01503,00100,A
651,A500010,01503,00300,PROFESSIONAL EDUCATION
651,A500010,01504,00000,LOBBYING EXPENSE
651,A500010,01504,00100,A
651,A500010,01504,00300,PUBLIC EDUCATION
651,A500010,01505,00000,LOBBYING EXPENSE
651,A500010,01505,00100,A
651,A500010,01505,00300,PUBLIC EDUCATION
651,A500010,01506,00000,ADJ NON REIMBURSABLE EXPENSES
651,A500010,01506,00100,A
651,A500010,01506,00300,ADMINISTRATIVE & GENERAL
651,A500010,01507,00000,ADJ NON REIMBURSABLE EXPENSES
651,A500010,01507,00100,A
651,A500010,01507,00300,PROCUREMENT COORDINATORS
651,A500010,01508,00000,ADJ NON REIMBURSABLE EXPENSES
651,A500010,01508,00100,A
651,A500010,01508,00300,PROFESSIONAL EDUCATION
651,A500010,01509,00000,ADJ NON REIMBURSABLE EXPENSES
651,A500010,01509,00100,A
651,A500010,01509,00300,PUBLIC EDUCATION
651,A500010,01510,00000,ADJ NON REIMBURSABLE EXPENSES
651,A500010,01510,00100,A
651,A500010,01510,00300,TISSUE TYPING LABORATORY
651,A500010,01511,00000,ADJ NON REIMBURSABLE EXPENSES
651,A500010,01511,00100,A
651,A500010,01511,00300,OTHER NON-REIMBURSABLE
651,A500010,01512,00000,VACANT SPACE
651,A500010,01512,00100,B
651,A500010,01512,00300,CAPITAL COSTS-BLDG & FIXT
651,A500010,01513,00000,VACANT SPACE
651,A500010,01513,00100,B
651,A500010,01513,00300,OPERATION AND MAINTENANCE OF PLANT
651,A500010,01514,00000,MISC INCOME
651,A500010,01514,00100,A
651,A500010,01514,00300,ADMINISTRATIVE & GENERAL
651,A500010,01515,00000,MISC INCOME
651,A500010,01515,00100,A
651,A500010,01515,00300,ADMINISTRATIVE & GENERAL
651,A500010,01516,00000,MISC INCOME
651,A500010,01516,00100,A
651,A500010,01516,00300,PROCUREMENT COORDINATORS
651,A500010,01517,00000,CONTRIBUTIONS
651,A500010,01517,00100,A
651,A500010,01517,00300,ADMINISTRATIVE & GENERAL
651,A500010,01518,00000,CONTRIBUTIONS
651,A500010,01518,00100,A
651,A500010,01518,00300,PROFESSIONAL EDUCATION
651,A500010,01519,00000,CONTRIBUTIONS
651,A500010,01519,00100,A
651,A500010,01519,00300,PUBLIC EDUCATION
651,A500010,01520,00000,CONTRIBUTIONS
651,A500010,01520,00100,A
651,A500010,01520,00300,PUBLIC EDUCATION
651,A500010,01521,00000,REMOVE FH TRANS/COSTS
651,A500010,01521,00100,A
651,A500010,01521,00300,KIDNEY ACQUISITIONS
651,A500010,01522,00000,REMOVE FH TRANS/COSTS
651,A500010,01522,00100,A
651,A500010,01522,00300,LIVER ACQUISITIONS
651,A500010,01523,00000,REMOVE FH TRANS/COSTS
651,A500010,01523,00100,A
651,A500010,01523,00300,HEART ACQUISITIONS
651,A500010,01524,00000,REMOVE FH TRANS/COSTS
651,A500010,01524,00100,A
651,A500010,01524,00300,PANCREAS ACQUISITIONS
651,A500010,01525,00000,REMOVE FH TRANS/COSTS
651,A500010,01525,00100,A
651,A500010,01525,00300,LUNG ACQUISITIONS
651,A500010,01526,00000,REMOVE FH TRANS/COSTS
651,A500010,01526,00100,A
651,A500010,01526,00300,SMALL BOWEL
651,A500010,01527,00000,REMOVE INTEREST EXP - SWAP
651,A500010,01527,00100,A
651,A500010,01527,00300,ADMINISTRATIVE & GENERAL
651,A500010,01528,00000,REMOVE ORGAN RESEARCH EXPENSES
651,A500010,01528,00100,A
651,A500010,01528,00300,LIVER ACQUISITIONS
651,A500010,01529,00000,REMOVE ORGAN RESEARCH EXPENSES
651,A500010,01529,00100,A
651,A500010,01529,00300,HEART ACQUISITIONS
651,A500010,01530,00000,REMOVE ORGAN RESEARCH EXPENSES
651,A500010,01530,00100,A
651,A500010,01530,00300,LUNG ACQUISITIONS
651,A500010,01531,00000,REMOVE ORGAN RESEARCH EXPENSES
651,A500010,01531,00100,A
651,A500010,01531,00300,SMALL BOWEL
651,A500010,01601,00000,TO REMOVE NON-ALLOWABLE EXPENSE
651,A500010,01601,00100,A
651,A500010,01601,00300,PROFESSIONAL EDUCATION
651,A500010,01602,00000,TO REMOVE NON-ALLOWABLE EXPENSE
651,A500010,01602,00100,A
651,A500010,01602,00300,PUBLIC EDUCATION
651,A500010,01603,00000,TO ADD BACK EXPENSES DURING PSL PERI
651,A500010,01603,00100,A
651,A500010,01603,00300,PUBLIC EDUCATION
651,A51000A,00100,00100,Y
651,A51000B,00100,00200,ADMINISTRATIVE & GENERAL
651,A51000B,00100,00300,B
651,A51000B,00200,00200,PROCUREMENT COORDINATORS
651,A51000B,00200,00300,B
651,A51000B,00300,00200,PROFESSIONAL EDUCATION
651,A51000B,00300,00300,B
651,A51000C,00100,00100,C
651,A51000C,00100,00200,ALLOSOURCE
651,A51000C,00200,00100,C
651,A51000C,00200,00200,ILLINOIS TRANSPLANT FUND
651,A51000C,00300,00100,C
651,A51000C,00300,00200,GIFT OF HOPE COMMUNITY FOUNDATION
651,A60000A,00700,00000,ASSET IN PROCESS
651,A60000B,00800,00000,ASSET IN PROCESS
651,A60000C,00500,00100,N
651,B10000*,00100,00200,CAP BLDG
651,B10000*,00100,00300,CAP COSTS
651,B10000*,00100,00400,EMPLOYEE
651,B10000*,00100,00500,MEDICAL
651,B10000*,00100,00800,ORGAN
651,B10000*,00100,01000,ADMIN &
651,B10000*,00200,00200,OP PLANT &
651,B10000*,00200,00300,MOVABLE
651,B10000*,00200,00400,BENEFITS
651,B10000*,00200,00500,SUPPLIES
651,B10000*,00200,00800,ACQUISITN
651,B10000*,00200,01000,GENERAL
651,B10000*,00300,00200,HOUSEKEEP
651,B10000*,00300,00300,EQUIPMENT
651,B10000*,00300,00800,COSTS
651,B10000*,00400,00200,SQUARE
651,B10000*,00400,00300,DOLLAR
651,B10000*,00400,00400,ADJUST
651,B10000*,00400,00500,COSTED
651,B10000*,00400,00800,NUMBER
651,B10000*,00400,01000,ACCUM
651,B10000*,00500,00200,FEET
651,B10000*,00500,00300,VALUE
651,B10000*,00500,00400,SALARIES
651,B10000*,00500,00500,REQUISIT
651,B10000*,00500,00800,ORGANS
651,B10000*,00500,01000,COSTS
651,B10000*,00600,00200,1
651,B10000*,00600,00300,2
651,B10000*,00600,00400,3
651,B10000*,00600,00500,3
651,B10000*,00600,00800,3
651,B10000*,00600,01000,3
651,B100000,00000,01000,X
651,E000000,00900,00000,OTHER ASSETS
651,E000000,02600,00000,ASSETS IN PROCESS
651,E000000,03100,00000,OTHER
651,E000000,03900,00000,OTHER LIABILITIES
651,E000000,04600,00000,DEFERRED COMPENSATION LIABILITY
651,E000000,04700,00000,DERIVATIVE FINANCIAL INSTRUMENT
651,E100001,00700,00000,TISSUE BANK REVENUES
651,E100001,00800,00000,NET ASSETS RELEASED FROM RESTRICTION
651,E100002,00300,00000,ROUNDING
651,E100002,00800,00000,INTERNAL LAB EXPENSES ADJUSTMENT
651,E200000,02000,00000,INCREASE IN AFFILIATE
651,E200000,02100,00000,OTHER INCOME
651,E200000,02600,00000,CHANGE IN FMV OF DERIVATIVE
651,E200000,02700,00000,LOSS ON DISPOSAL OF ASSETS
651,E200000,02701,00000,NET ASSETS RELEASED FROM RESTRICTION
651,S000000,00100,00100,X
651,S000000,00400,00100,2
651,S000000,00500,00100,06/22/2020
651,S000000,00600,00100,10001
651,S000000,00700,00100,N
651,S000000,00800,00100,N
651,S000000,00900,00100,07/01/2024
651,S000000,01000,00100,4
651,S000001,00100,00100,GIFT OF HOPE ORGAN & TISSUE DONOR NE
651,S000001,00100,00200,14P001
651,S000001,00101,00100,425 SPRING LAKE DR
651,S000001,00102,00100,ITASCA
651,S000001,00102,00200,IL
651,S000001,00102,00300,60143
651,S000001,00200,00100,GIFT OF HOPE ORGAN & TISSUE DONOR NE
651,S000001,00200,00200,14HL07
651,S000001,00201,00100,425 SPRING LAKE DR
651,S000001,00202,00100,ITASCA
651,S000001,00202,00200,IL
651,S000001,00202,00300,60143
651,S000001,00300,00100,01/01/2019
651,S000001,00300,00200,12/31/2019
651,S000001,00400,00100,6
651,S000001,00400,00300,1
651,S000001,00400,00400,12/16/1986
651,S000001,00401,00100,6
651,S000001,00401,00300,2
651,S000001,00401,00400,12/16/1986
651,S000002,00100,00200,Y
651,S000002,00300,00100,CFO
651,S000002,00400,00100,06/11/2020
651,S100001,00700,00100,N
651,S100001,00810,00000,SMALL BOWEL
651,S100002,00400,00100,STANDARD (CDC) CROSSMATCH
651,S100002,00401,00100,DD - FINAL CROSSMATCH
651,S100002,00402,00100,FLOW CYTOMETRY CROSSMATCH
651,S100002,00403,00100,FROZEN PATHOLOGY SECTION
651,S100002,00404,00100,HEMOGLOBIN A1C
651,S100002,00405,00100,ABO TYPING
651,S100002,00406,00100,SERUM STORAGE
651,S100002,00407,00100,INFECTIOUS DISEASE SEROLOGY - COMPLE
651,S100002,00408,00100,SERUM HANDLING/TRANSPORTATION
651,S100002,00409,00100,PRA/ID - HLA CLASS I AB
651,S100002,00410,00100,PRA/ID - HLA CLASS II AB
651,S100002,00411,00100,SINGLE ANTIGEN BEAD - HLA CLASS I AB
651,S100002,00412,00100,SINGLE ANTIGEN BEAD - HLA CLASS II A
651,S100002,00413,00100,NAT TESTING - WEST NILE VIRUS
651,S100002,00414,00100,NAT TESTING - HBV/HCV/HIV
651,S100002,00415,00100,INFECTIOUS DISEASE SEROLOGY - HBCAB
651,S100002,00416,00100,HLA CLASS I TYPING (A  B  C)
651,S100002,00417,00100,HLA CLS II TYPG (DRB1 DRB3/4/5 DQB1
651,S100003,00100,00100,MEDICAL DIRECTOR
651,S100003,00100,00300,MEDICAL DIRECTOR
651,S100003,00100,00500,LAB DIRECTOR
651,S100003,00101,00100,EXEC. DIRECTOR
651,S100003,00101,00300,PROCUREMENT COORDINATOR
651,S100003,00101,00500,TECHNICIANS
651,S100003,00102,00100,CLERICAL
651,S100003,00102,00300,PRESERVATION TECHNICIANS
651,S100003,00102,00500,TISSUE TYPING TECH.
651,S100003,00103,00100,OTHER
651,S100003,00103,00300,OTHER
651,S100003,00103,00500,OTHER
651,S200000,00100,00100,N
651,S200000,00200,00100,N
651,S200000,00300,00100,Y
651,S200000,00400,00100,Y
651,S200000,00400,00200,A
651,S200000,00500,00100,N
651,S200000,00600,00300,CFO
651,S200000,00700,00100,GIFT OF HOPE ORGAN & TISSUE DONOR NE
661,A000000,00100,00000,0100CAPITAL COSTS-BLDG & FIXT
661,A000000,00200,00000,0200CAPITAL COSTS-MVBLE EQUIPMENT
661,A000000,00300,00000,0300EMPLOYEE BENEFITS
661,A000000,00400,00000,0400ADMINISTRATIVE & GENERAL
661,A000000,00500,00000,0500OPERATION AND MAINTENANCE OF PLANT
661,A000000,00600,00000,0600HOUSEKEEPING
661,A000000,00700,00000,0700MEDICAL SUPPLIES
661,A000000,00800,00000,0800OTHER OVERHEAD
661,A000000,00900,00000,0900PROCUREMENT COORDINATORS
661,A000000,01000,00000,1000PROFESSIONAL EDUCATION
661,A000000,01100,00000,1100PUBLIC EDUCATION
661,A000000,01300,00000,1300KIDNEY ACQUISITIONS
661,A000000,01400,00000,1400TISSUE TYPING LABORATORY
661,A000000,01500,00000,1500LIVER ACQUISITIONS
661,A000000,01600,00000,1600HEART ACQUISITIONS
661,A000000,01700,00000,1700PANCREAS ACQUISITIONS
661,A000000,01800,00000,1800LUNG ACQUISITIONS
661,A000000,01900,00000,1900DOUBLE LUNG      S
661,A000000,01901,00000,1901HEART/LUNG       S 2
661,A000000,01902,00000,1902INTESTINES       S 3
661,A000000,01903,00000,1903OTHER ACQUISITION
661,A000000,02100,00000,2100RESEARCH
661,A000000,02200,00000,2200BLOOD BANK
661,A000000,02300,00000,2300LABORATORY-NON-TISSUE TYPING
661,A000000,02400,00000,2400DIALYSIS UNITS
661,A000000,02500,00000,2500TISSUE RECOVERY SERVICES
661,A000000,02501,00000,2501FOUNDATION EXPENSE
661,A000000,02502,00000,2502EYE BANK
661,A000000,02503,00000,2503CINGULAR SPACE
661,A000000,02504,00000,2504HLA OFFICES + LAB
661,A000000,02505,00000,2505UNUSED SPACE
661,A000000,02506,00000,2506JEFF STAT
661,A000000,02508,00000,2508TX HOUSE
661,A100000,01700,00000,CONSULTING
661,A100000,01800,00000,MISCELLANEOUS
661,A100000,01900,00000,TEMP HELP / MEMBERSHIP FEES
661,A20H000,00900,00000,17187
661,A20H000,02100,00000,LAB - SEROLOGIES
661,A20H000,02101,00000,O
661,A20K000,02100,00000,LAB - SEROLOGIES
661,A20K000,02101,00000,O
661,A20L000,00900,00000,17187
661,A20L000,02100,00000,LAB - SEROLOGIES
661,A20L000,02101,00000,O
661,A20O000,00900,00000,17187
661,A20O000,02100,00000,LAB - SEROLOGIES
661,A20O000,02101,00000,O
661,A20O001,00900,00000,1
661,A20O001,02100,00000,LAB - SEROLOGIES
661,A20O001,02101,00000,O
661,A20O002,02100,00000,LAB - SEROLOGIES
661,A20O002,02101,00000,O
661,A20O003,02100,00000,LAB - SEROLOGIES
661,A20O003,02101,00000,OPEN
661,A20P000,00900,00000,17187
661,A20P000,02100,00000,LAB - SEROLOGIES
661,A20P000,02101,00000,O
661,A20U000,00900,00000,17187
661,A20U000,02100,00000,LAB - SEROLOGIES
661,A20U000,02101,00000,O
661,A400010,00100,00000,RECLASS OF PERFUSION TO EX-RENAL
661,A400010,00100,00100,A
661,A400010,00100,00200,LIVER ACQUISITIONS
661,A400010,00100,00500,KIDNEY ACQUISITIONS
661,A400010,00200,00000,RECLASS OF PERFUSION TO EX-RENAL
661,A400010,00200,00100,B
661,A400010,00200,00200,PANCREAS ACQUISITIONS
661,A400010,00200,00500,KIDNEY ACQUISITIONS
661,A400010,00300,00000,RECLASS TO TISSUE
661,A400010,00300,00100,C
661,A400010,00300,00200,TISSUE RECOVERY SERVICES
661,A400010,00300,00500,PROCUREMENT COORDINATORS
661,A400010,00400,00000,RECLASS TO TISSUE
661,A400010,00400,00100,D
661,A400010,00400,00200,TISSUE RECOVERY SERVICES
661,A400010,00400,00500,PUBLIC EDUCATION
661,A400010,00500,00000,RECLASS TO TISSUE
661,A400010,00500,00100,E
661,A400010,00500,00200,TISSUE RECOVERY SERVICES
661,A400010,00500,00500,PROFESSIONAL EDUCATION
661,A400010,00600,00000,RECLASS H/R EXPENSE - DIRECT COSTS
661,A400010,00600,00100,I
661,A400010,00600,00200,EMPLOYEE BENEFITS
661,A400010,00600,00500,ADMINISTRATIVE & GENERAL
661,A400010,00700,00000,RECLASS RENT & LEASE EXPENSE
661,A400010,00700,00100,J
661,A400010,00700,00200,CAPITAL COSTS-BLDG & FIXT
661,A400010,00700,00500,ADMINISTRATIVE & GENERAL
661,A400010,00800,00000,RECLASS BLD CAP TO A & G
661,A400010,00800,00100,K
661,A400010,00800,00200,ADMINISTRATIVE & GENERAL
661,A400010,00800,00500,CAPITAL COSTS-BLDG & FIXT
661,A400010,00900,00000,RECLASS EQUIP TO A & G
661,A400010,00900,00100,M
661,A400010,00900,00200,ADMINISTRATIVE & GENERAL
661,A400010,00900,00500,OPERATION AND MAINTENANCE OF PLANT
661,A400010,01000,00000,RECLASS PLANT TO A & G
661,A400010,01000,00100,O
661,A400010,01000,00200,ADMINISTRATIVE & GENERAL
661,A400010,01000,00500,CAPITAL COSTS-MVBLE EQUIPMENT
661,A400010,01100,00000,RECOVERY SURGEON ALLOCATION
661,A400010,01100,00100,R
661,A400010,01100,00200,KIDNEY ACQUISITIONS
661,A400010,01100,00500,PROCUREMENT COORDINATORS
661,A400010,01200,00000,RECOVERY SURGEON ALLOCATION
661,A400010,01200,00100,S
661,A400010,01200,00200,LIVER ACQUISITIONS
661,A400010,01200,00500,PROCUREMENT COORDINATORS
661,A400010,01300,00000,RECOVERY SURGEON ALLOCATION
661,A400010,01300,00100,T
661,A400010,01300,00200,PANCREAS ACQUISITIONS
661,A400010,01300,00500,PROCUREMENT COORDINATORS
661,A500010,00500,00100,B
661,A500010,00500,00300,PROCUREMENT COORDINATORS
661,A500010,00800,00100,B
661,A500010,00800,00300,PROCUREMENT COORDINATORS
661,A500010,00900,00100,B
661,A500010,00900,00300,PUBLIC EDUCATION
661,A500010,01200,00100,B
661,A500010,01200,00300,ADMINISTRATIVE & GENERAL
661,A500010,01500,00000,LOBBYING EXPENSE
661,A500010,01500,00100,A
661,A500010,01500,00300,ADMINISTRATIVE & GENERAL
661,A500010,01600,00000,UWHC-REFFERAL REVENUE
661,A500010,01600,00100,B
661,A500010,01600,00300,PROCUREMENT COORDINATORS
661,A500010,01601,00000,MISC INCOME
661,A500010,01601,00100,B
661,A500010,01601,00300,ADMINISTRATIVE & GENERAL
661,A500010,01602,00000,LIVING KIDNEY REVENUE
661,A500010,01602,00100,B
661,A500010,01602,00300,PROCUREMENT COORDINATORS
661,A500010,01603,00000,EYE BANK REVENUE
661,A500010,01603,00100,B
661,A500010,01603,00300,TISSUE RECOVERY SERVICES
661,A500010,01604,00000,COLLABORATIVE EXPENSES
661,A500010,01604,00100,A
661,A500010,01604,00300,PROCUREMENT COORDINATORS
661,A500010,01605,00000,DISALLOW NON-ALLOWABLE EXPENSE
661,A500010,01605,00100,A
661,A500010,01605,00300,PUBLIC EDUCATION
661,A500010,01606,00000,DISALLOW NON-ALLOWABLE EXPENSE
661,A500010,01606,00100,A
661,A500010,01606,00300,ADMINISTRATIVE & GENERAL
661,A500010,01607,00000,DISALLOW NON-ALLOWABLE EXPENSE
661,A500010,01607,00100,A
661,A500010,01607,00300,PROFESSIONAL EDUCATION
661,A500010,01608,00000,DISALLOW NON-ALLOWABLE EXPENSE
661,A500010,01608,00100,A
661,A500010,01608,00300,PROCUREMENT COORDINATORS
661,A500010,01609,00000,DISALLOW NON-ALLOWABLE EXPENSE
661,A500010,01609,00100,A
661,A500010,01609,00300,TISSUE RECOVERY SERVICES
661,A500010,01610,00000,DISALL HERSHEY BLDG EXP 859 FISHBURN
661,A500010,01610,00100,A
661,A500010,01610,00300,OPERATION AND MAINTENANCE OF PLANT
661,A500010,01611,00000,DISALL HERSHEY BLDG EXP 859 FISHBURN
661,A500010,01611,00100,A
661,A500010,01611,00300,TISSUE RECOVERY SERVICES
661,A500010,01613,00000,REMOVED DURING AUDIT LACK OF SUPPORT
661,A500010,01613,00100,A
661,A500010,01613,00300,ADMINISTRATIVE & GENERAL
661,A500010,01614,00000,TO ADJUST EXPENSE TO NET AMT PER AUD
661,A500010,01614,00100,A
661,A500010,01614,00300,PUBLIC EDUCATION
661,A500010,01615,00000,TO REMOVE SPORTS TICKETS RT NBC
661,A500010,01615,00100,A
661,A500010,01615,00300,PUBLIC EDUCATION
661,A500010,01616,00000,ADD. REQUEST TO REMOVE PER PROVIDER
661,A500010,01616,00100,A
661,A500010,01616,00300,PUBLIC EDUCATION
661,A500010,01617,00000,TO REVERSE HFS REF #7
661,A500010,01617,00100,A
661,A500010,01617,00300,PUBLIC EDUCATION
661,A500010,01618,00000,TO CORRECTLY REMOVE AMT FROM CC 4
661,A500010,01618,00100,A
661,A500010,01618,00300,ADMINISTRATIVE & GENERAL
661,A500010,01619,00000,TO REVERSE HFS REF #5
661,A500010,01619,00100,A
661,A500010,01619,00300,PUBLIC EDUCATION
661,A51000A,00100,00100,Y
661,A51000B,00100,00200,PUBLIC EDUCATION
661,A51000B,00100,00300,LODGING
661,A51000B,00200,00200,ADMINISTRATIVE & GENERAL
661,A51000B,00200,00300,LODGING
661,A51000C,00100,00100,B
661,A51000C,00100,00400,TX HOUSE
661,A51000C,00100,00600,LODGING FOR TRANSPLANTATION
661,A51000C,00200,00100,B
661,A51000C,00200,00400,TX HOUSE
661,A51000C,00200,00600,LODGING FOR TRANSPLANTATION
661,A60000A,00700,00000,BUILDING SERVICE EQUIPMENT
661,A60000A,00701,00000,LEASEHOLD IMPROVEMENTS
661,A60000A,00702,00000,CAPITAL ASSETS LEASED
661,A60000B,00800,00000,LEASEHOLD IMPROVEMENTS
661,A60000B,00801,00000,CAPITAL ASSETS LEASED
661,A60000C,00500,00100,N
661,B10000*,00100,00200,CAP BLDG
661,B10000*,00100,00300,CAP COSTS
661,B10000*,00100,00400,EMPLOYEE
661,B10000*,00100,00500,MEDICAL
661,B10000*,00100,00800,ORGAN
661,B10000*,00100,01000,ADMIN &
661,B10000*,00200,00200,OP PLANT &
661,B10000*,00200,00300,MOVABLE
661,B10000*,00200,00400,BENEFITS
661,B10000*,00200,00500,SUPPLIES
661,B10000*,00200,00800,ACQUISITN
661,B10000*,00200,01000,GENERAL
661,B10000*,00300,00200,HOUSEKEEP
661,B10000*,00300,00300,EQUIPMENT
661,B10000*,00300,00800,COSTS
661,B10000*,00400,00200,SQUARE
661,B10000*,00400,00300,DOLLAR
661,B10000*,00400,00400,ADJUST
661,B10000*,00400,00500,COSTED
661,B10000*,00400,00800,NUMBER
661,B10000*,00400,01000,ACCUM
661,B10000*,00500,00200,FEET
661,B10000*,00500,00300,VALUE
661,B10000*,00500,00400,SALARIES
661,B10000*,00500,00500,REQUISIT
661,B10000*,00500,00800,ORGANS
661,B10000*,00500,01000,COSTS
661,B10000*,00600,00200,1
661,B10000*,00600,00300,2
661,B10000*,00600,00400,3
661,B10000*,00600,00500,3
661,B10000*,00600,00800,3
661,B10000*,00600,01000,3
661,B100000,00000,01000,X
661,E000000,00900,00000,OTHER CURRENT ASSETS
661,E000000,02600,00000,OTHER FIXED ASSETS
661,E000000,03100,00000,OTHER ASSETS - NONCURRENT
661,E000000,04100,00000,ACCOUNTS PAYABLE - THIRD PARTY
661,E100001,00700,00000,TISSUE RECOVERY REVENUE
661,E100001,00800,00000,RESEARCH REVENUE
661,E100001,00900,00000,EX-RENAL AIR TRANS REVENUE
661,E100002,00300,00000,ALLOW/BAD DEBT
661,S000000,00100,00100,X
661,S000000,00400,00100,2
661,S000000,00500,00100,08/31/2020
661,S000000,00600,00100,10001
661,S000000,00700,00100,N
661,S000000,00800,00100,N
661,S000000,00900,00100,07/15/2024
661,S000000,01000,00100,4
661,S000001,00100,00100,GIFT OF LIFE DONOR PROGRAM
661,S000001,00100,00200,39P001
661,S000001,00101,00100,401 N. 3RD STREET
661,S000001,00102,00100,PHILADELPHIA
661,S000001,00102,00200,PA
661,S000001,00102,00300,19123
661,S000001,00300,00100,01/01/2019
661,S000001,00300,00200,12/31/2019
661,S000001,00400,00100,8
661,S000001,00400,00300,1
661,S000001,00400,00400,04/01/1978
661,S000001,00401,00300,1
661,S100001,00700,00100,N
661,S100001,00810,00000,VCA
661,S100001,00811,00000,INTESTINE
661,S100001,00812,00000,OTHER REVENUE
661,S100001,00813,00000,RESEARCH
661,S100001,00814,00000,LUNG-DOUBLE
661,S100001,00815,00000,OTHER TISSUE
661,S100003,00100,00100,MEDICAL DIRECTOR
661,S100003,00100,00300,MEDICAL DIRECTOR
661,S100003,00100,00500,LAB DIRECTOR
661,S100003,00101,00100,EXEC. DIRECTOR
661,S100003,00101,00300,PROCUREMENT COORDINATOR
661,S100003,00101,00500,TECHNICIANS
661,S100003,00102,00100,OTHER
661,S100003,00102,00300,OTHER
661,S100003,00102,00500,OTHER
661,S100003,00103,00100,OTHER
661,S100003,00103,00300,OTHER
661,S100003,00103,00500,OTHER
661,S200000,00100,00100,N
661,S200000,00200,00100,N
661,S200000,00300,00100,Y
661,S200000,00400,00100,Y
661,S200000,00400,00200,A
661,S200000,00500,00100,Y
661,S200000,00600,00300,SR. ACCOUNTANT
661,S200000,00700,00100,GIFT OF LIFE DONOR PROGRAM
738,A000000,00100,00000,0100CAPITAL COSTS-BLDG & FIXT
738,A000000,00200,00000,0200CAPITAL COSTS-MVBLE EQUIPMENT
738,A000000,00300,00000,0300EMPLOYEE BENEFITS
738,A000000,00400,00000,0400ADMINISTRATIVE & GENERAL
738,A000000,00500,00000,0500OPERATION AND MAINTENANCE OF PLANT
738,A000000,00600,00000,0600HOUSEKEEPING
738,A000000,00700,00000,0700MEDICAL SUPPLIES
738,A000000,00800,00000,0800OTHER OVERHEAD
738,A000000,00900,00000,0900PROCUREMENT COORDINATORS
738,A000000,01000,00000,1000PROFESSIONAL EDUCATION
738,A000000,01100,00000,1100PUBLIC EDUCATION
738,A000000,01200,00000,1200OTHER ACQUISITION
738,A000000,01300,00000,1300KIDNEY ACQUISITIONS
738,A000000,01400,00000,1400TISSUE TYPING LABORATORY
738,A000000,01500,00000,1500LIVER ACQUISITIONS
738,A000000,01600,00000,1600HEART ACQUISITIONS
738,A000000,01700,00000,1700PANCREAS ACQUISITIONS
738,A000000,01800,00000,1800LUNG ACQUISITIONS
738,A000000,01900,00000,1900OTHER ACQUISITIONS
738,A000000,02100,00000,2100RESEARCH
738,A000000,02200,00000,2200BLOOD BANK
738,A000000,02300,00000,2300LABORATORY-NON-TISSUE TYPING
738,A000000,02400,00000,2400DIALYSIS UNITS
738,A000000,02500,00000,2500TISSUE
738,A000000,02501,00000,2501BUILDING
738,A100000,01700,00000,EQUIPMENT MAINTENANCE
738,A100000,01800,00000,CONSULTING
738,A100000,01900,00000,OTHER ADMINISTRATIVE EXPENSES
738,A100000,01901,00000,CONTRACTED OFFICE SERVICES
738,A100000,01902,00000,EQUIPMENT RENTAL
738,A100000,01903,00000,MINOR EQUIPMENT
738,A100000,01904,00000,LICENSURE  MEMBERSHIP & SUBSCRIPTION
738,A100000,01905,00000,GIFTS  AWARDS & HONORARIUMS
738,A100000,01906,00000,SPONSORSHIPS & CONTRIBUTIONS
738,A100000,01907,00000,INVESTMENT FEES
738,A100000,01908,00000,AMORTIZATION BOND ISSUANCE COSTS
738,A100000,01909,00000,POSTAGE & SHIPPING
738,A100000,01910,00000,BANK FEES
738,A20H000,02100,00000,OTHER SURGEON FEES
738,A20L000,02100,00000,OTHER SURGEON FEES
738,A20P000,02100,00000,OTHER SURGEON FEES
738,A300000,00600,00000,MEDICAL SUPPLIES
738,A300000,00700,00000,TRAVEL
738,A300000,00800,00000,POSTAGE AND SHIPPING
738,A300000,00900,00000,LICENSURE  MEMBERSHIP & SUBSCRIPTION
738,A300000,01000,00000,JANITORIAL AND MAINTENANCE
738,A300000,01001,00000,TELEPHONE
738,A300000,01002,00000,EQUIPMENT RENTAL
738,A300000,01003,00000,IT LICENSING
738,A300000,01004,00000,OFFICE SUPPLIES
738,A300000,01005,00000,CONSULTING
738,A300000,01006,00000,EQUIPMENT AND MAINTENANCE
738,A300000,01007,00000,GIFTS  AWARDS & HONORARIUMS
738,A300000,01008,00000,OTHER SERVICES
738,A400010,00100,00000,RECLASS CALL CENTER TO TISSUE
738,A400010,00100,00100,B
738,A400010,00100,00200,TISSUE
738,A400010,00100,00500,OTHER ACQUISITION
738,A400010,00200,00000,RECLASS CALL CENTER TO TISSUE
738,A400010,00200,00100,B
738,A400010,00200,00200,ADMINISTRATIVE & GENERAL
738,A400010,00300,00000,RECLASS CALL CENTER TO TISSUE
738,A400010,00300,00100,B
738,A400010,00300,00200,PROCUREMENT COORDINATORS
738,A400010,00400,00000,BUILDING MTN SHARE
738,A400010,00400,00100,C
738,A400010,00400,00200,CAPITAL COSTS-BLDG & FIXT
738,A400010,00400,00500,BUILDING
738,A400010,00500,00000,BUILDING MTN SHARE
738,A400010,00500,00100,C
738,A400010,00500,00200,CAPITAL COSTS-MVBLE EQUIPMENT
738,A400010,00600,00000,BUILDING MTN SHARE
738,A400010,00600,00100,C
738,A400010,00600,00200,OPERATION AND MAINTENANCE OF PLANT
738,A400010,00700,00000,AIRPLANE
738,A400010,00700,00100,D
738,A400010,00700,00200,ADMINISTRATIVE & GENERAL
738,A400010,00700,00500,KIDNEY ACQUISITIONS
738,A400010,00800,00000,AIRPLANE
738,A400010,00800,00100,D
738,A400010,00800,00200,LIVER ACQUISITIONS
738,A400010,00900,00000,AIRPLANE
738,A400010,00900,00100,D
738,A400010,00900,00200,HEART ACQUISITIONS
738,A400010,01000,00000,AIRPLANE
738,A400010,01000,00100,D
738,A400010,01000,00200,PANCREAS ACQUISITIONS
738,A400010,01100,00000,AIRPLANE
738,A400010,01100,00100,D
738,A400010,01100,00200,LUNG ACQUISITIONS
738,A400010,01200,00000,AIRPLANE
738,A400010,01200,00100,D
738,A400010,01200,00200,OTHER ACQUISITIONS
738,A400010,01300,00000,AIRPLANE
738,A400010,01300,00100,D
738,A400010,01300,00200,TISSUE
738,A400010,01400,00000,CAPITAL TO ADMIN
738,A400010,01400,00100,E
738,A400010,01400,00200,ADMINISTRATIVE & GENERAL
738,A400010,01400,00500,CAPITAL COSTS-BLDG & FIXT
738,A400010,01500,00000,CAPITAL TO ADMIN
738,A400010,01500,00100,E
738,A400010,01500,00200,ADMINISTRATIVE & GENERAL
738,A400010,01500,00500,CAPITAL COSTS-MVBLE EQUIPMENT
738,A400010,01600,00000,TISSUE
738,A400010,01600,00100,F
738,A400010,01600,00200,TISSUE
738,A400010,01600,00500,PROFESSIONAL EDUCATION
738,A400010,01700,00000,TISSUE
738,A400010,01700,00100,F
738,A400010,01700,00200,TISSUE
738,A400010,01700,00500,PUBLIC EDUCATION
738,A400010,01800,00000,TISSUE
738,A400010,01800,00100,F
738,A400010,01800,00200,TISSUE
738,A400010,01800,00500,PROCUREMENT COORDINATORS
738,A500010,00800,00100,B
738,A500010,00800,00300,PROCUREMENT COORDINATORS
738,A500010,01500,00000,BUILDING
738,A500010,01500,00100,A
738,A500010,01500,00300,BUILDING
738,A500010,01501,00000,NON-ALLOWABLE A&G
738,A500010,01501,00100,A
738,A500010,01501,00300,ADMINISTRATIVE & GENERAL
738,A500010,01502,00000,NON-ALLOWABLE OP
738,A500010,01502,00100,A
738,A500010,01502,00300,PROCUREMENT COORDINATORS
738,A500010,01503,00000,NON-ALLOWABLE FAMILY SERVICES
738,A500010,01503,00100,A
738,A500010,01503,00300,PROCUREMENT COORDINATORS
738,A500010,01504,00000,NON-ALLOWABLE TISSUE TYPING LAB
738,A500010,01504,00100,A
738,A500010,01504,00300,TISSUE TYPING LABORATORY
738,A500010,01505,00000,NON-ALLOWABLE HOSPITAL SERVICES
738,A500010,01505,00100,A
738,A500010,01505,00300,PROFESSIONAL EDUCATION
738,A500010,01506,00000,LOBBYING EXPENSES
738,A500010,01506,00100,A
738,A500010,01506,00300,ADMINISTRATIVE & GENERAL
738,A500010,01600,00000,JET FUEL ADJUSTMENT
738,A500010,01600,00100,A
738,A500010,01600,00300,KIDNEY ACQUISITIONS
738,A500010,01602,00000,NON-ALLOWABLE EXPENSES
738,A500010,01602,00100,A
738,A500010,01602,00300,ADMINISTRATIVE & GENERAL
738,A500010,01603,00000,NON-ALLOWABLE EXPENSES
738,A500010,01603,00100,A
738,A500010,01603,00300,PROCUREMENT COORDINATORS
738,A500010,01604,00000,NON-ALLOWABLE EXPENSES
738,A500010,01604,00100,A
738,A500010,01604,00300,PROFESSIONAL EDUCATION
738,A500010,01605,00000,NON-ALLOWABLE EXPENSES
738,A500010,01605,00100,A
738,A500010,01605,00300,TISSUE TYPING LABORATORY
738,A500010,01606,00000,KIDNEY IN-HOUSE TESTS
738,A500010,01606,00100,A
738,A500010,01606,00300,KIDNEY ACQUISITIONS
738,A500010,01607,00000,LIVER IN-HOUSE TESTS
738,A500010,01607,00100,A
738,A500010,01607,00300,LIVER ACQUISITIONS
738,A500010,01608,00000,HEART IN-HOUSE TESTS
738,A500010,01608,00100,A
738,A500010,01608,00300,HEART ACQUISITIONS
738,A500010,01609,00000,PANCREAS IN-HOUSE TESTS
738,A500010,01609,00100,A
738,A500010,01609,00300,PANCREAS ACQUISITIONS
738,A51000A,00100,00100,N
738,A60000A,00700,00000,TRADEMARK & BRANDING
738,A60000C,00500,00100,N
738,B10000*,00100,00200,CAP BLDG
738,B10000*,00100,00300,CAP COSTS
738,B10000*,00100,00400,EMPLOYEE
738,B10000*,00100,00500,MEDICAL
738,B10000*,00100,00800,ORGAN
738,B10000*,00100,01000,ADMIN &
738,B10000*,00200,00200,OP PLANT &
738,B10000*,00200,00300,MOVABLE
738,B10000*,00200,00400,BENEFITS
738,B10000*,00200,00500,SUPPLIES
738,B10000*,00200,00800,ACQUISITN
738,B10000*,00200,01000,GENERAL
738,B10000*,00300,00200,HOUSEKEEP
738,B10000*,00300,00300,EQUIPMENT
738,B10000*,00300,00800,COSTS
738,B10000*,00400,00200,SQUARE
738,B10000*,00400,00300,DOLLAR
738,B10000*,00400,00400,ADJUST
738,B10000*,00400,00500,COSTED
738,B10000*,00400,00800,NUMBER
738,B10000*,00400,01000,ACCUM
738,B10000*,00500,00200,FEET
738,B10000*,00500,00300,VALUE
738,B10000*,00500,00400,SALARIES
738,B10000*,00500,00500,REQUISIT
738,B10000*,00500,00800,ORGANS
738,B10000*,00500,01000,COSTS
738,B10000*,00600,00200,1
738,B10000*,00600,00300,2
738,B10000*,00600,00400,3
738,B10000*,00600,00500,3
738,B10000*,00600,00800,3
738,B10000*,00600,01000,3
738,B100000,00000,01000,X
738,E000000,00900,00000,OTHER CURRENT ASSETS
738,E000000,02600,00000,CONSTRUCTION IN PROGRESS
738,E000000,03100,00000,TRADEMARK AND BRANDING
738,E000000,03900,00000,TENANT DEPOSITS
738,E000000,04600,00000,BONDS PAYABLE
738,E100002,00800,00000,INVESTMENT FEES
738,S000000,00100,00100,X
738,S000000,00400,00100,3
738,S000000,00500,00100,03/05/2021
738,S000000,00600,00100,10001
738,S000000,00700,00100,N
738,S000000,00800,00100,N
738,S000000,00900,00100,12/19/2024
738,S000000,01000,00100,4
738,S000001,00100,00100,MIDWEST TRANSPLANT NETWORK
738,S000001,00100,00200,17P001
738,S000001,00101,00100,1900 WEST 47TH PLACE
738,S000001,00102,00100,WESTWOOD
738,S000001,00102,00200,KS
738,S000001,00102,00300,66205
738,S000001,00200,00100,MIDWEST TRANSPLANT NETWORK
738,S000001,00200,00200,17HL01
738,S000001,00201,00100,1900 WEST 47TH PLACE
738,S000001,00202,00100,WESTWOOD
738,S000001,00202,00200,KS
738,S000001,00202,00300,66205
738,S000001,00300,00100,01/01/2019
738,S000001,00300,00200,12/31/2019
738,S000001,00400,00100,6
738,S000001,00400,00300,1
738,S000001,00400,00400,10/01/1978
738,S000001,00401,00100,6
738,S000001,00401,00300,2
738,S000001,00401,00400,10/01/1978
738,S000002,00100,00200,Y
738,S000002,00300,00100,CFO
738,S000002,00400,00100,03/04/2021
738,S100001,00700,00100,N
738,S100001,00810,00000,VEINS
738,S100002,00400,00100,STR - ENGRAFTMENT
738,S100002,00401,00100,ABO
738,S100002,00402,00100,FLOW CROSSMATCH B-CELL
738,S100002,00403,00100,ABO: ANTI TIER
738,S100002,00404,00100,LUMINEX CLASS I ANTIBODY
738,S100002,00405,00100,LUMINEX CLASS I SINGLE ANTIGEN
738,S100002,00406,00100,C1Q CLASS I SINGLE ANTIGEN ID
738,S100002,00407,00100,SUPP CLASS I SINGLE ANTIGEN
738,S100002,00408,00100,LUMINEX CLASS II SINGLE ANTIGEN
738,S100002,00409,00100,C1Q CLASS II SINGLE ANTIGEN
738,S100002,00410,00100,SUPP CLASS II
738,S100002,00411,00100,MOLECULAR HLA CLASS I
738,S100002,00412,00100,HLA - DR/DQ/DP ALLELE
738,S100002,00413,00100,NAT VIRAL DETECTION
738,S100002,00414,00100,ANTIBODIES TO HIV-1/HIV-2
738,S100003,00100,00100,MEDICAL DIRECTOR
738,S100003,00100,00300,MEDICAL DIRECTOR
738,S100003,00100,00500,LAB DIRECTOR
738,S100003,00101,00100,EXEC. DIRECTOR
738,S100003,00101,00300,PROCUREMENT COORDINATOR
738,S100003,00101,00500,TECHNICIANS
738,S100003,00102,00100,CLERICAL
738,S100003,00102,00300,PRESERVATION TECHNICIANS
738,S100003,00102,00500,TISSUE TYPING TECH.
738,S100003,00103,00100,OTHER
738,S100003,00103,00300,OTHER
738,S100003,00103,00500,OTHER
738,S200000,00100,00100,N
738,S200000,00200,00100,N
738,S200000,00300,00100,N
738,S200000,00400,00100,Y
738,S200000,00400,00200,A
738,S200000,00400,00300,04/07/2020
738,S200000,00500,00100,N
738,S200000,00600,00300,CFO
738,S200000,00700,00100,MIDWEST TRANSPLANT NETWORK  INC
