274,A000000,00100,00000,0100CAPITAL COSTS-BLDG & FIXT
274,A000000,00200,00000,0200CAPITAL COSTS-MVBLE EQUIPMENT
274,A000000,00300,00000,0300EMPLOYEE BENEFITS
274,A000000,00400,00000,0400ADMINISTRATIVE & GENERAL
274,A000000,00500,00000,0500OPERATION AND MAINTENANCE OF PLANT
274,A000000,00600,00000,0600HOUSEKEEPING
274,A000000,00700,00000,0700MEDICAL SUPPLIES
274,A000000,00800,00000,0800OTHER OVERHEAD
274,A000000,00900,00000,0900PROCUREMENT COORDINATORS
274,A000000,01000,00000,1000PROFESSIONAL EDUCATION
274,A000000,01100,00000,1100PUBLIC EDUCATION
274,A000000,01200,00000,1200QUALITY SERVICES
274,A000000,01201,00000,1201FAMILY SERVICES
274,A000000,01202,00000,1202CALL CENTER
274,A000000,01300,00000,1300KIDNEY ACQUISITIONS
274,A000000,01400,00000,1400TISSUE TYPING LABORATORY
274,A000000,01500,00000,1500LIVER ACQUISITIONS
274,A000000,01600,00000,1600HEART ACQUISITIONS
274,A000000,01700,00000,1700PANCREAS ACQUISITIONS
274,A000000,01800,00000,1800LUNG ACQUISITIONS
274,A000000,01900,00000,1900INTESTINE ACQUISITIONS
274,A000000,01901,00000,1901ORGAN-OTHER
274,A000000,02100,00000,2100RESEARCH
274,A000000,02200,00000,2200BLOOD BANK
274,A000000,02300,00000,2300LABORATORY-NON-TISSUE TYPING
274,A000000,02400,00000,2400DIALYSIS UNITS
274,A000000,02500,00000,2500TISSUE
274,A000000,02501,00000,2501OCULAR
274,A000000,02502,00000,2502NORTHERN NEVADA
274,A000000,02503,00000,2503LIVING DONATION
274,A000000,02504,00000,2504BONE MARROW
274,A100000,01700,00000,A&G
274,A100000,01800,00000,DEPRECIATION
274,A100000,01900,00000,EMPLOYEE BENEFITS
274,A100000,01901,00000,NETWORK DUES
274,A20H000,00900,00000,CARDIOLOGY
274,A20H000,02100,00000,OUTSIDE LAB - HEART
274,A20K000,00900,00000,OTHER HOSPITAL COSTS
274,A20K000,02100,00000,OUTSIDE LAB - KIDNEY
274,A20L000,00900,00000,OTHER HOSPITAL COSTS
274,A20L000,02100,00000,OUTSIDE LAB-LIVER
274,A20O000,00900,00000,OTHER HOSPITAL COSTS
274,A20O000,02100,00000,OUTSIDE LAB-INTESTINE
274,A20O001,00900,00000,OTHER HOSPITAL COSTS
274,A20O001,02100,00000,OUTSIDE LAB-OTHER
274,A20P000,00900,00000,OTHER HOSPITAL COSTS
274,A20P000,02100,00000,OUTSIDE LAB-PANC
274,A20U000,00900,00000,OTHER HOSPITAL COSTS
274,A20U000,02100,00000,OUTSIDE LAB-LUNG
274,A300000,00600,00000,OTHER TISSUE TYPING COSTS
274,A300000,00700,00000,DEPRECIATION
274,A300000,00800,00000,DUES
274,A300000,00900,00000,TRAINING AND TRAVEL
274,A300000,01000,00000,EQUIP
274,A300000,01001,00000,PRESERVATION
274,A300000,01002,00000,TRANSPORTATION FOR SPECIMENS
274,A300000,01003,00000,INSURANCE AND BUILDING
274,A300000,01004,00000,SUPPLIES & OTHER
274,A400010,00100,00000,PAYROLL TAXES
274,A400010,00100,00100,A
274,A400010,00100,00200,PROCUREMENT COORDINATORS
274,A400010,00100,00500,ADMINISTRATIVE & GENERAL
274,A400010,00200,00000,PAYROLL TAXES
274,A400010,00200,00100,A
274,A400010,00200,00200,PROFESSIONAL EDUCATION
274,A400010,00300,00000,PAYROLL TAXES
274,A400010,00300,00100,A
274,A400010,00300,00200,QUALITY SERVICES
274,A400010,00400,00000,PAYROLL TAXES
274,A400010,00400,00100,A
274,A400010,00400,00200,FAMILY SERVICES
274,A400010,00500,00000,PAYROLL TAXES
274,A400010,00500,00100,A
274,A400010,00500,00200,CALL CENTER
274,A400010,00600,00000,PAYROLL TAXES
274,A400010,00600,00100,A
274,A400010,00600,00200,TISSUE TYPING LABORATORY
274,A400010,00700,00000,PAYROLL TAXES
274,A400010,00700,00100,A
274,A400010,00700,00200,TISSUE
274,A400010,00800,00000,PAYROLL TAXES
274,A400010,00800,00100,A
274,A400010,00800,00200,OCULAR
274,A400010,00900,00000,PAYROLL TAXES
274,A400010,00900,00100,A
274,A400010,00900,00200,NORTHERN NEVADA
274,A400010,01000,00000,PAYROLL TAXES
274,A400010,01000,00100,A
274,A400010,01000,00200,LIVING DONATION
274,A400010,01100,00000,PAYROLL TAXES
274,A400010,01100,00100,A
274,A400010,01100,00200,BONE MARROW
274,A400010,01200,00000,TISSUE OVERHEAD
274,A400010,01200,00100,B
274,A400010,01200,00200,TISSUE
274,A400010,01200,00500,PROCUREMENT COORDINATORS
274,A400010,01300,00000,TISSUE OVERHEAD
274,A400010,01300,00100,B
274,A400010,01300,00200,OCULAR
274,A400010,01300,00500,PROFESSIONAL EDUCATION
274,A400010,01400,00000,TISSUE OVERHEAD
274,A400010,01400,00100,B
274,A400010,01400,00500,QUALITY SERVICES
274,A400010,01500,00000,TISSUE OVERHEAD
274,A400010,01500,00100,B
274,A400010,01500,00500,FAMILY SERVICES
274,A400010,01600,00000,TISSUE OVERHEAD
274,A400010,01600,00100,B
274,A400010,01600,00500,CALL CENTER
274,A400010,01700,00000,DIRECT ORGAN AQUISITION COSTS
274,A400010,01700,00100,C
274,A400010,01700,00200,KIDNEY ACQUISITIONS
274,A400010,01700,00500,ORGAN-OTHER
274,A400010,01800,00000,DIRECT ORGAN AQUISITION COSTS
274,A400010,01800,00100,C
274,A400010,01800,00200,LIVER ACQUISITIONS
274,A400010,01900,00000,DIRECT ORGAN AQUISITION COSTS
274,A400010,01900,00100,C
274,A400010,01900,00200,HEART ACQUISITIONS
274,A400010,02000,00000,DIRECT ORGAN AQUISITION COSTS
274,A400010,02000,00100,C
274,A400010,02000,00200,PANCREAS ACQUISITIONS
274,A400010,02100,00000,DIRECT ORGAN AQUISITION COSTS
274,A400010,02100,00100,C
274,A400010,02100,00200,LUNG ACQUISITIONS
274,A400010,02200,00000,BLDG OVEREHAD COST
274,A400010,02200,00100,D
274,A400010,02200,00200,ADMINISTRATIVE & GENERAL
274,A400010,02200,00500,PROCUREMENT COORDINATORS
274,A400010,02300,00000,BLDG OVEREHAD COST
274,A400010,02300,00100,D
274,A400010,02300,00500,PROFESSIONAL EDUCATION
274,A400010,02400,00000,BLDG OVEREHAD COST
274,A400010,02400,00100,D
274,A400010,02400,00500,QUALITY SERVICES
274,A400010,02500,00000,BLDG OVEREHAD COST
274,A400010,02500,00100,D
274,A400010,02500,00500,FAMILY SERVICES
274,A400010,02600,00000,BLDG OVEREHAD COST
274,A400010,02600,00100,D
274,A400010,02600,00500,CALL CENTER
274,A400010,02700,00000,BLDG OVEREHAD COST
274,A400010,02700,00100,D
274,A400010,02700,00500,TISSUE TYPING LABORATORY
274,A400010,02800,00000,BLDG OVEREHAD COST
274,A400010,02800,00100,D
274,A400010,02800,00500,TISSUE
274,A400010,02900,00000,BLDG OVEREHAD COST
274,A400010,02900,00100,D
274,A400010,02900,00500,OCULAR
274,A400010,03000,00000,BLDG OVEREHAD COST
274,A400010,03000,00100,D
274,A400010,03000,00500,NORTHERN NEVADA
274,A400010,03100,00000,BLDG OVEREHAD COST
274,A400010,03100,00100,D
274,A400010,03100,00500,LIVING DONATION
274,A400010,03200,00000,BLDG OVEREHAD COST
274,A400010,03200,00100,D
274,A400010,03200,00500,BONE MARROW
274,A500010,01200,00100,B
274,A500010,01200,00300,CAPITAL COSTS-MVBLE EQUIPMENT
274,A500010,01503,00000,NONALLOWABLE INTEREST EXPENSE
274,A500010,01503,00100,A
274,A500010,01503,00300,CAPITAL COSTS-MVBLE EQUIPMENT
274,A500010,01504,00000,GALA REVENUE
274,A500010,01504,00100,B
274,A500010,01504,00300,PROFESSIONAL EDUCATION
274,A500010,01600,00000,AOPO LOBBYING
274,A500010,01600,00100,A
274,A500010,01600,00300,ADMINISTRATIVE & GENERAL
274,A51000A,00100,00100,N
274,A60000A,00700,00000,CIP
274,B10000*,00100,00200,CAP BLDG
274,B10000*,00100,00300,CAP COSTS
274,B10000*,00100,00400,EMPLOYEE
274,B10000*,00100,00500,MEDICAL
274,B10000*,00100,00800,ORGAN
274,B10000*,00100,01000,ADMIN &
274,B10000*,00200,00200,OP PLANT &
274,B10000*,00200,00300,MOVABLE
274,B10000*,00200,00400,BENEFITS
274,B10000*,00200,00500,SUPPLIES
274,B10000*,00200,00800,ACQUISITN
274,B10000*,00200,01000,GENERAL
274,B10000*,00300,00200,HOUSEKEEP
274,B10000*,00300,00300,EQUIPMENT
274,B10000*,00300,00800,COSTS
274,B10000*,00400,00200,SQUARE
274,B10000*,00400,00300,SQUARE
274,B10000*,00400,00400,ADJUST
274,B10000*,00400,00500,COSTED
274,B10000*,00400,00800,NUMBER
274,B10000*,00400,01000,ACCUM
274,B10000*,00500,00200,FEET
274,B10000*,00500,00300,FEET
274,B10000*,00500,00400,SALARIES
274,B10000*,00500,00500,REQUISIT
274,B10000*,00500,00800,ORGANS
274,B10000*,00500,01000,COSTS
274,B10000*,00600,00200,1
274,B10000*,00600,00300,2
274,B10000*,00600,00400,3
274,B10000*,00600,00500,3
274,B10000*,00600,00800,3
274,B10000*,00600,01000,3
274,B100000,00000,01000,X
274,E000000,00900,00000,457 ASSET
274,E000000,02600,00000,SOFTWARE
274,E000000,03100,00000,OTHER ASSETS
274,E000000,04100,00000,INTERCOMPANY
274,E000000,04600,00000,457 LIABILITY AND OTHER
274,E100001,00700,00000,TISSUE
274,E100001,00800,00000,OCULAR
274,E100001,00900,00000,LIVING DONATION
274,E100001,00901,00000,BONE MARROW LAB
274,E100002,00300,00000,OTHER EXPENSES
274,E200000,02000,00000,OTHER REVENUES
274,E200000,02100,00000,GAIN ON FORGIVENESS OF DEBT (PP)
274,E200000,02600,00000,LOSS FROM INVESTMENTS
274,S000000,00100,00100,X
274,S000000,00400,00100,1
274,S000000,00500,00100,05/20/2022
274,S000000,00600,00100,10001
274,S000000,00700,00100,N
274,S000000,00800,00100,N
274,S000000,01000,00100,4
274,S000001,00100,00100,NEVADA DONOR NETWORK INC
274,S000001,00100,00200,29P001
274,S000001,00101,00100,2055 E SAHARA AVENUE
274,S000001,00102,00100,LAS VEGAS
274,S000001,00102,00200,NV
274,S000001,00102,00300,891043829
274,S000001,00200,00100,NEVADA DONOR NETWORK INC
274,S000001,00200,00200,29HL01
274,S000001,00201,00100,2059 E SAHARA AVENUE
274,S000001,00202,00100,LAS VEGAS
274,S000001,00202,00200,NV
274,S000001,00202,00300,891043829
274,S000001,00300,00100,01/01/2021
274,S000001,00300,00200,12/31/2021
274,S000001,00400,00100,6
274,S000001,00400,00300,1
274,S000001,00400,00400,10/01/1985
274,S000001,00401,00100,6
274,S000001,00401,00300,2
274,S000001,00401,00400,01/01/2006
274,S000002,00100,00200,Y
274,S000002,00300,00100,PRESIDENT/CEO
274,S000002,00400,00100,05/19/2022
274,S100001,00700,00100,N
274,S100001,00810,00000,INTESTINE
274,S100001,00811,00000,DRG
274,S100001,00812,00000,VEINS
274,S100002,00400,00100,HLA CLASS I AND II
274,S100002,00401,00100,ABO TYPING
274,S100002,00402,00100,CROSSMATCH
274,S100002,00403,00100,HLA ANTIBODY
274,S100002,00404,00100,PROCESSING AND STORAGE FEE  RENAL
274,S100003,00100,00100,MEDICAL DIRECTOR
274,S100003,00100,00300,MEDICAL DIRECTOR
274,S100003,00100,00500,LAB DIRECTOR
274,S100003,00101,00100,EXEC. DIRECTOR
274,S100003,00101,00300,PROCUREMENT COORDINATOR
274,S100003,00101,00500,TECHNICIANS
274,S100003,00102,00100,CLERICAL
274,S100003,00102,00300,PRESERVATION TECHNICIANS
274,S100003,00102,00500,TISSUE TYPING TECH.
274,S100003,00103,00100,OTHER
274,S100003,00103,00300,OTHER
274,S100003,00103,00500,OTHER
274,S100003,00104,00300,REFERRAL RESPONDER
274,S200000,00100,00100,N
274,S200000,00200,00100,N
274,S200000,00300,00100,N
274,S200000,00400,00100,Y
274,S200000,00400,00200,A
274,S200000,00500,00100,N
274,S200000,00600,00300,PRESIDENT CEO
274,S200000,00700,00100,NEVADA DONOR NETWORK INC
276,A000000,00100,00000,0100CAPITAL COSTS-BLDG & FIXT
276,A000000,00200,00000,0200CAPITAL COSTS-MVBLE EQUIPMENT
276,A000000,00300,00000,0300EMPLOYEE BENEFITS
276,A000000,00400,00000,0400ADMINISTRATIVE & GENERAL
276,A000000,00500,00000,0500OPERATION AND MAINTENANCE OF PLANT
276,A000000,00600,00000,0600HOUSEKEEPING
276,A000000,00700,00000,0700MEDICAL SUPPLIES
276,A000000,00800,00000,0800OTHER OVERHEAD
276,A000000,00900,00000,0900PROCUREMENT COORDINATORS
276,A000000,01000,00000,1000PROFESSIONAL EDUCATION
276,A000000,01100,00000,1100PUBLIC EDUCATION
276,A000000,01200,00000,1200OTHER ACQUISITION
276,A000000,01300,00000,1300KIDNEY ACQUISITIONS
276,A000000,01400,00000,1400TISSUE TYPING LABORATORY
276,A000000,01500,00000,1500LIVER ACQUISITIONS
276,A000000,01600,00000,1600HEART ACQUISITIONS
276,A000000,01700,00000,1700PANCREAS ACQUISITIONS
276,A000000,01800,00000,1800LUNG ACQUISITIONS
276,A000000,01900,00000,1900OTHER ACQUISITIONS
276,A000000,02100,00000,2100RESEARCH
276,A000000,02200,00000,2200BLOOD BANK
276,A000000,02300,00000,2300LABORATORY-NON-TISSUE TYPING
276,A000000,02400,00000,2400DIALYSIS UNITS
276,A000000,02500,00000,2500OTHER NON-REIMBURSABLE
276,A51000A,00100,00100,N
276,S000000,00100,00100,X
276,S000000,00400,00100,2
276,S000000,00500,00100,05/16/2022
276,S000000,00600,00100,10001
276,S000000,00700,00100,N
276,S000000,00800,00100,N
276,S000000,00900,00100,05/25/2022
276,S000000,01000,00100,4
276,S000001,00100,00100,CENTRAL INDIANA REG BLD CTR
276,S000001,00100,00200,15HL01
276,S000001,00101,00100,3450 N MERIDIAN ST
276,S000001,00102,00100,INDIANAPOLIS
276,S000001,00102,00200,IN
276,S000001,00102,00300,46208-4437
276,S000001,00300,00100,01/01/2021
276,S000001,00300,00200,12/31/2021
276,S000001,00400,00100,6
276,S000001,00400,00300,2
276,S000001,00400,00400,01/01/1997
276,S000001,00401,00300,1
276,S100001,00700,00100,N
276,S100001,00810,00000,OTHER
276,S100003,00100,00100,MEDICAL DIRECTOR
276,S100003,00100,00300,MEDICAL DIRECTOR
276,S100003,00100,00500,LAB DIRECTOR
276,S100003,00101,00100,EXEC. DIRECTOR
276,S100003,00101,00300,PROCUREMENT COORDINATOR
276,S100003,00101,00500,TECHNICIANS
276,S100003,00102,00100,CLERICAL
276,S100003,00102,00300,PRESERVATION TECHNICIANS
276,S100003,00102,00500,TISSUE TYPING TECH.
276,S100003,00103,00100,OTHER
276,S100003,00103,00300,OTHER
276,S100003,00103,00500,OTHER
276,S200000,00100,00100,N
276,S200000,00200,00100,N
276,S200000,00300,00100,N
276,S200000,00400,00100,N
276,S200000,00500,00100,N
307,A000000,00100,00000,0100CAPITAL COSTS-BLDG & FIXT
307,A000000,00200,00000,0200CAPITAL COSTS-MVBLE EQUIPMENT
307,A000000,00300,00000,0300EMPLOYEE BENEFITS
307,A000000,00400,00000,0400ADMINISTRATIVE & GENERAL
307,A000000,00500,00000,0500OPERATION AND MAINTENANCE OF PLANT
307,A000000,00600,00000,0600HOUSEKEEPING
307,A000000,00700,00000,0700MEDICAL SUPPLIES
307,A000000,00800,00000,0801ORGAN ACQUISITION OVERHEAD
307,A000000,00900,00000,0900PROCUREMENT COORDINATORS
307,A000000,01000,00000,1000PROFESSIONAL EDUCATION
307,A000000,01100,00000,1100PUBLIC EDUCATION
307,A000000,01200,00000,1200OTHER ACQUISITION
307,A000000,01300,00000,1300KIDNEY ACQUISITIONS
307,A000000,01400,00000,1400TISSUE TYPING LABORATORY
307,A000000,01500,00000,1500LIVER ACQUISITIONS
307,A000000,01600,00000,1600HEART ACQUISITIONS
307,A000000,01700,00000,1700PANCREAS ACQUISITIONS
307,A000000,01800,00000,1800LUNG ACQUISITIONS
307,A000000,01900,00000,1900SB/I
307,A000000,01901,00000,1901ISLETS
307,A000000,02100,00000,2100RESEARCH
307,A000000,02200,00000,2200BLOOD BANK
307,A000000,02300,00000,2300LABORATORY-NON-TISSUE TYPING
307,A000000,02400,00000,2400DIALYSIS UNITS
307,A000000,02500,00000,2500TISSUE
307,A000000,02501,00000,2501FOUNDATION
307,A000000,02502,00000,2502NON ALLOWABLE SQ FEET
307,A100000,01700,00000,BAD DEBT EXPENSE
307,A100000,01800,00000,BOARD OF DIRECTORS
307,A100000,01900,00000,CONTRACT LABOR
307,A100000,01901,00000,EMPLOYEE BENEFITS
307,A100000,01902,00000,MINOR EQUIP
307,A100000,01903,00000,OTHER
307,A100000,01904,00000,POSTAGE
307,A100000,01905,00000,DONATIONS
307,A20H000,00900,00000,CARDIAC CATH
307,A20H000,00901,00000,EKG
307,A20H000,00902,00000,RADIOLOGY
307,A20H000,02100,00000,ACQUISITION FEE
307,A20H000,02101,00000,ACCTG  LEGAL & AUDIT
307,A20H000,02102,00000,CONTRACT LABOR
307,A20H000,02103,00000,OTHER
307,A20K000,00900,00000,CARDIAC CATH
307,A20K000,00901,00000,EKG
307,A20K000,00902,00000,RADIOLOGY
307,A20K000,00903,00000,BRONCHOSCOPY
307,A20K000,02100,00000,ACQUISITION FEE
307,A20K000,02101,00000,ACCTG  LEGAL & AUDIT
307,A20K000,02102,00000,CONTRACT LABOR
307,A20K000,02103,00000,OTHER
307,A20L000,00900,00000,CARDIAC CATH
307,A20L000,00901,00000,EKG
307,A20L000,00902,00000,RADIOLOGY
307,A20L000,02100,00000,ACQUISITION FEE
307,A20L000,02101,00000,ACCTG  LEGAL & AUDIT
307,A20L000,02102,00000,CONTRACT LABOR
307,A20L000,02103,00000,OTHER
307,A20O000,00900,00000,CARDIAC CATH
307,A20O000,00901,00000,EKG
307,A20O000,00902,00000,RADIOLOGY
307,A20O000,02100,00000,ACQUISITION FEE
307,A20O000,02101,00000,ACCTG  LEGAL & AUDIT
307,A20O000,02102,00000,CONTRACT LABOR
307,A20O000,02103,00000,OTHER
307,A20O001,02100,00000,OTHER
307,A20O001,02103,00000,OTHER
307,A20P000,00900,00000,CARDIAC CATH
307,A20P000,00901,00000,EKG
307,A20P000,00902,00000,RADIOLOGY
307,A20P000,02100,00000,ACQUISITION FEE
307,A20P000,02101,00000,ACCTG  LEGAL & AUDIT
307,A20P000,02102,00000,CONTRACT LABOR
307,A20P000,02103,00000,OTHER
307,A20U000,00900,00000,CARDIAC CATH
307,A20U000,00901,00000,EKG
307,A20U000,00902,00000,RADIOLOGY
307,A20U000,00903,00000,BRONCHOSCOPY
307,A20U000,02100,00000,ACQUISITION FEE
307,A20U000,02101,00000,ACCTG  LEGAL & AUDIT
307,A20U000,02102,00000,CONTRACT LABOR
307,A20U000,02103,00000,OTHER
307,A400010,00100,00000,PROFESSIONAL EDUCATION TO TISSUE
307,A400010,00100,00100,A
307,A400010,00100,00200,TISSUE
307,A400010,00100,00500,PROFESSIONAL EDUCATION
307,A400010,00200,00000,DEPRECIATION RECLASS
307,A400010,00200,00100,B
307,A400010,00200,00200,CAPITAL COSTS-BLDG & FIXT
307,A400010,00200,00500,CAPITAL COSTS-MVBLE EQUIPMENT
307,A400010,00300,00000,PROPERTY TAX
307,A400010,00300,00100,C
307,A400010,00300,00200,CAPITAL COSTS-BLDG & FIXT
307,A400010,00300,00500,ADMINISTRATIVE & GENERAL
307,A400010,00400,00000,STEP DOWN CAPITAL TO A&G
307,A400010,00400,00100,D
307,A400010,00400,00200,ADMINISTRATIVE & GENERAL
307,A400010,00400,00500,CAPITAL COSTS-BLDG & FIXT
307,A400010,00500,00000,STEP DOWN CAPITAL TO A&G
307,A400010,00500,00100,D
307,A400010,00500,00500,CAPITAL COSTS-MVBLE EQUIPMENT
307,A400010,00600,00000,NON-FOUNDATION A&G ALLOCATION
307,A400010,00600,00100,E
307,A400010,00600,00200,ORGAN ACQUISITION OVERHEAD
307,A400010,00600,00500,ADMINISTRATIVE & GENERAL
307,A400010,00700,00000,NON-FOUNDATION A&G ALLOCATION
307,A400010,00700,00100,E
307,A400010,00700,00500,TISSUE
307,A400010,00800,00000,SRC RECLASS
307,A400010,00800,00100,F
307,A400010,00800,00200,PROCUREMENT COORDINATORS
307,A400010,00800,00500,TISSUE
307,A500010,00800,00100,B
307,A500010,00800,00300,PROCUREMENT COORDINATORS
307,A500010,01500,00000,FOUNDATION OPERATING EXPENSE
307,A500010,01500,00100,A
307,A500010,01500,00300,FOUNDATION
307,A500010,01600,00000,OTHER NON ALLOWABLE EXPENSE
307,A500010,01600,00100,A
307,A500010,01600,00300,PROCUREMENT COORDINATORS
307,A500010,01601,00000,OTHER NON ALLOWABLE LINE EXPENSE
307,A500010,01601,00100,A
307,A500010,01601,00300,ADMINISTRATIVE & GENERAL
307,A500010,01602,00000,OTHER NON ALLOWABLE LINE EXPENSE
307,A500010,01602,00100,A
307,A500010,01602,00300,PROFESSIONAL EDUCATION
307,A51000A,00100,00100,N
307,B10000*,00100,00200,CAP BLDG
307,B10000*,00100,00300,CAP COSTS
307,B10000*,00100,00400,EMPLOYEE
307,B10000*,00100,00500,MEDICAL
307,B10000*,00100,00800,ORGAN
307,B10000*,00100,01000,ADMIN &
307,B10000*,00200,00200,OP PLANT &
307,B10000*,00200,00300,MOVABLE
307,B10000*,00200,00400,BENEFITS
307,B10000*,00200,00500,SUPPLIES
307,B10000*,00200,00800,ACQUISITN
307,B10000*,00200,01000,GENERAL
307,B10000*,00300,00200,HOUSEKEEP
307,B10000*,00300,00300,EQUIPMENT
307,B10000*,00300,00800,COSTS
307,B10000*,00400,00200,SQUARE
307,B10000*,00400,00300,SQUARE
307,B10000*,00400,00400,ADJUST
307,B10000*,00400,00500,COSTED
307,B10000*,00400,00600,ACCUM
307,B10000*,00400,00800,NUMBER
307,B10000*,00400,01000,ACCUM
307,B10000*,00500,00200,FEET
307,B10000*,00500,00300,FEET
307,B10000*,00500,00400,SALARIES
307,B10000*,00500,00500,REQUISIT
307,B10000*,00500,00600,COSTS
307,B10000*,00500,00800,ORGANS
307,B10000*,00500,01000,COSTS
307,B10000*,00600,00200,1
307,B10000*,00600,00300,2
307,B10000*,00600,00400,3
307,B10000*,00600,00500,3
307,B10000*,00600,00800,3
307,B10000*,00600,01000,3
307,B100000,00000,01000,X
307,E000000,00900,00000,OTHER CURRENT ASSETS
307,E000000,02600,00000,OTHER FIXED ASSETS
307,E000000,03900,00000,DEFERRED RENT
307,E000000,04100,00000,DUE TO MEDICARE
307,S000000,00100,00100,X
307,S000000,00400,00100,1
307,S000000,00500,00100,06/01/2022
307,S000000,00600,00100,10001
307,S000000,00700,00100,N
307,S000000,00800,00100,N
307,S000000,01000,00100,4
307,S000001,00100,00100,ONELEGACY
307,S000001,00100,00200,05P003
307,S000001,00101,00100,221 SOUTH FIGUEROA STREET
307,S000001,00102,00100,LOS ANGELES
307,S000001,00102,00200,CA
307,S000001,00102,00300,90012
307,S000001,00300,00100,01/01/2021
307,S000001,00300,00200,12/31/2021
307,S000001,00400,00100,8
307,S000001,00400,00300,1
307,S000001,00400,00400,01/01/1978
307,S000001,00401,00300,1
307,S000002,00100,00200,Y
307,S000002,00300,00100,CFO
307,S000002,00400,00100,05/31/2022
307,S100001,00700,00100,N
307,S100001,00810,00000,SB/I
307,S100001,00811,00000,OTHER TISSUE
307,S100003,00100,00100,MEDICAL DIRECTOR
307,S100003,00100,00300,MEDICAL DIRECTOR
307,S100003,00100,00500,LAB DIRECTOR
307,S100003,00101,00100,EXEC. DIRECTOR
307,S100003,00101,00300,PROCUREMENT COORDINATOR
307,S100003,00101,00500,TECHNICIANS
307,S100003,00102,00100,CLERICAL
307,S100003,00102,00300,PRESERVATION TECHNICIANS
307,S100003,00102,00500,TISSUE TYPING TECH.
307,S100003,00103,00100,OTHER
307,S100003,00103,00300,OTHER
307,S100003,00103,00500,OTHER
307,S200000,00100,00100,N
307,S200000,00200,00100,N
307,S200000,00300,00100,N
307,S200000,00400,00100,Y
307,S200000,00400,00200,A
307,S200000,00500,00100,N
307,S200000,00600,00300,CHIEF FINANCIAL OFFICER
307,S200000,00700,00100,ONE LEGACY
327,A000000,00100,00000,0100CAPITAL COSTS-BLDG & FIXT
327,A000000,00200,00000,0200CAPITAL COSTS-MVBLE EQUIPMENT
327,A000000,00300,00000,0300EMPLOYEE BENEFITS
327,A000000,00400,00000,0400ADMINISTRATIVE & GENERAL
327,A000000,00500,00000,0500OPERATION AND MAINTENANCE OF PLANT
327,A000000,00600,00000,0600HOUSEKEEPING
327,A000000,00700,00000,0700MEDICAL SUPPLIES
327,A000000,00800,00000,0800OTHER OVERHEAD
327,A000000,00900,00000,0900PROCUREMENT COORDINATORS
327,A000000,01000,00000,1000PROFESSIONAL EDUCATION
327,A000000,01100,00000,1100PUBLIC EDUCATION
327,A000000,01200,00000,1200OTHER ACQUISITION
327,A000000,01300,00000,1300KIDNEY ACQUISITIONS
327,A000000,01400,00000,1400TISSUE TYPING LABORATORY
327,A000000,01500,00000,1500LIVER ACQUISITIONS
327,A000000,01600,00000,1600HEART ACQUISITIONS
327,A000000,01700,00000,1700PANCREAS ACQUISITIONS
327,A000000,01800,00000,1800LUNG ACQUISITIONS
327,A000000,01900,00000,1900OTHER ACQUISITIONS
327,A000000,02100,00000,2100RESEARCH
327,A000000,02200,00000,2200BLOOD BANK
327,A000000,02300,00000,2300LABORATORY-NON-TISSUE TYPING
327,A000000,02400,00000,2400DIALYSIS UNITS
327,A000000,02500,00000,2500OTHER NON-REIMBURSABLE
327,A51000A,00100,00100,N
327,S000000,00100,00100,X
327,S000000,00400,00100,2
327,S000000,00500,00100,08/05/2022
327,S000000,00600,00100,10001
327,S000000,00700,00100,N
327,S000000,00800,00100,N
327,S000000,00900,00100,08/09/2022
327,S000000,01000,00100,4
327,S000001,00100,00100,COMMUNITY BLOOD CENTER
327,S000001,00100,00200,36HL06
327,S000001,00101,00100,349 S MAIN STREET
327,S000001,00102,00100,DAYTON
327,S000001,00102,00200,OH
327,S000001,00102,00300,45402
327,S000001,00300,00100,01/01/2021
327,S000001,00300,00200,12/31/2021
327,S000001,00400,00100,8
327,S000001,00400,00300,2
327,S000001,00400,00400,10/22/1983
327,S000001,00401,00300,1
327,S100001,00700,00100,N
327,S100001,00810,00000,OTHER
327,S100003,00100,00100,MEDICAL DIRECTOR
327,S100003,00100,00300,MEDICAL DIRECTOR
327,S100003,00100,00500,LAB DIRECTOR
327,S100003,00101,00100,EXEC. DIRECTOR
327,S100003,00101,00300,PROCUREMENT COORDINATOR
327,S100003,00101,00500,TECHNICIANS
327,S100003,00102,00100,CLERICAL
327,S100003,00102,00300,PRESERVATION TECHNICIANS
327,S100003,00102,00500,TISSUE TYPING TECH.
327,S100003,00103,00100,OTHER
327,S100003,00103,00300,OTHER
327,S100003,00103,00500,OTHER
327,S200000,00100,00100,N
327,S200000,00200,00100,N
327,S200000,00300,00100,N
327,S200000,00400,00100,N
327,S200000,00500,00100,N
366,A000000,00100,00000,0100CAPITAL COSTS-BLDG & FIXT
366,A000000,00200,00000,0200CAPITAL COSTS-MVBLE EQUIPMENT
366,A000000,00300,00000,0300EMPLOYEE BENEFITS
366,A000000,00400,00000,0400ADMINISTRATIVE & GENERAL
366,A000000,00500,00000,0500OPERATION AND MAINTENANCE OF PLANT
366,A000000,00600,00000,0600HOUSEKEEPING
366,A000000,00700,00000,0700MEDICAL SUPPLIES
366,A000000,00800,00000,0800DATA PROCESSING
366,A000000,00801,00000,0801SERUM CYTO MCRO TRAYS
366,A000000,00900,00000,0900PROCUREMENT COORDINATORS
366,A000000,01000,00000,1000PROFESSIONAL EDUCATION
366,A000000,01100,00000,1100PUBLIC EDUCATION
366,A000000,01300,00000,1300KIDNEY ACQUISITIONS
366,A000000,01400,00000,1400TISSUE TYPING LABORATORY
366,A000000,01500,00000,1500LIVER ACQUISITIONS
366,A000000,01600,00000,1600HEART ACQUISITIONS
366,A000000,01700,00000,1700PANCREAS ACQUISITIONS
366,A000000,01800,00000,1800LUNG ACQUISITIONS
366,A000000,01900,00000,1900OTHER ACQUISITIONS
366,A000000,02100,00000,2100RESEARCH
366,A000000,02200,00000,2200BLOOD BANK
366,A000000,02300,00000,2300LABORATORY-NON-TISSUE TYPING
366,A000000,02400,00000,2400DIALYSIS UNITS
366,A000000,02500,00000,2500UNRELATED BONE MARROW DONOR
366,A000000,02502,00000,2502RESEARCH AND REFERENCE 61603
366,A100000,01700,00000,OPERATION OF PLANT
366,A100000,01800,00000,HOUSEKEEPING
366,A100000,01900,00000,OTHER ADMIN AND GENERAL
366,A300000,00600,00000,OFFICE SUPPLY
366,A300000,00700,00000,INVENTORIAL EQUIPMENT
366,A300000,00800,00000,TRAVEL
366,A300000,00900,00000,OTHER
366,A400010,00100,00000,CAPITAL BUILDING-RENTAL
366,A400010,00100,00100,A
366,A400010,00100,00200,CAPITAL COSTS-BLDG & FIXT
366,A400010,00100,00500,TISSUE TYPING LABORATORY
366,A400010,00200,00000,CAPITAL COSTS -MVBLE EQUIP
366,A400010,00200,00100,B
366,A400010,00200,00200,CAPITAL COSTS-MVBLE EQUIPMENT
366,A400010,00200,00500,TISSUE TYPING LABORATORY
366,A400010,00300,00000,OPERATION OF PLANT
366,A400010,00300,00100,C
366,A400010,00300,00200,OPERATION AND MAINTENANCE OF PLANT
366,A400010,00300,00500,ADMINISTRATIVE & GENERAL
366,A400010,00400,00000,OPERATION OF PLANT
366,A400010,00400,00100,C
366,A400010,00400,00500,TISSUE TYPING LABORATORY
366,A400010,00500,00000,OPERATION OF PLANT
366,A400010,00500,00100,C
366,A400010,00500,00500,RESEARCH
366,A400010,00600,00000,OPERATION OF PLANT
366,A400010,00600,00100,C
366,A400010,00600,00500,RESEARCH AND REFERENCE 61603
366,A400010,00700,00000,HOUSEKEEPING
366,A400010,00700,00100,D
366,A400010,00700,00200,HOUSEKEEPING
366,A400010,00700,00500,ADMINISTRATIVE & GENERAL
366,A400010,00800,00000,HOUSEKEEPING
366,A400010,00800,00100,D
366,A400010,00800,00500,RESEARCH AND REFERENCE 61603
366,A400010,00900,00000,SALARIES RECLASS
366,A400010,00900,00100,E
366,A400010,00900,00200,ADMINISTRATIVE & GENERAL
366,A400010,00900,00500,RESEARCH
366,A400010,01000,00000,SALARIES RECLASS
366,A400010,01000,00100,E
366,A400010,01000,00200,TISSUE TYPING LABORATORY
366,A400010,01100,00000,SERUM CYTO MCRO TRAYS
366,A400010,01100,00100,G
366,A400010,01100,00200,SERUM CYTO MCRO TRAYS
366,A400010,01100,00500,RESEARCH
366,A500010,01601,00000,AMORTIZATION OF EQUIP
366,A500010,01601,00100,A
366,A500010,01601,00300,CAPITAL COSTS-MVBLE EQUIPMENT
366,A500010,01602,00000,2021 INVENTORIAL EQUIPMENT
366,A500010,01602,00100,A
366,A500010,01602,00300,CAPITAL COSTS-MVBLE EQUIPMENT
366,A500010,01603,00000,ACADEMIC OVERHEAD RESEARCH
366,A500010,01603,00100,A
366,A500010,01603,00300,RESEARCH
366,A500010,01604,00000,ACADEMIC OVERHEAD ADJ
366,A500010,01604,00100,A
366,A500010,01604,00300,RESEARCH AND REFERENCE 61603
366,A500010,01605,00000,LABORATORY REVENUE RECHARGES
366,A500010,01605,00100,A
366,A500010,01605,00300,TISSUE TYPING LABORATORY
366,A500010,01606,00000,LABORATORY REVENUE RECHARGES
366,A500010,01606,00100,A
366,A500010,01606,00300,RESEARCH AND REFERENCE 61603
366,A500010,01607,00000,LABORATORY REVENUE RECHARGES
366,A500010,01607,00100,A
366,A500010,01607,00300,RESEARCH
366,A500010,01608,00000,LABORATORY REVENUE RECHARGES
366,A500010,01608,00100,A
366,A500010,01608,00300,ADMINISTRATIVE & GENERAL
366,A500010,01609,00000,REMOVE INTERDEPARTMENTAL SUPPORT
366,A500010,01609,00100,A
366,A500010,01609,00300,TISSUE TYPING LABORATORY
366,A500010,01610,00000,REMOVE INTERDEPARTMENTAL SUPPORT
366,A500010,01610,00100,A
366,A500010,01610,00300,RESEARCH
366,A51000A,00100,00100,Y
366,A51000B,00100,00200,ADMINISTRATIVE & GENERAL
366,A51000B,00100,00300,UNIVERSITY OVERHEAD
366,A51000C,00100,00100,G
366,A51000C,00100,00200,UCLA
366,A51000C,00100,00400,UCLA
366,A51000C,00100,00600,UNIVERSITY
366,A60000C,00500,00100,N
366,B10000*,00100,00200,CAP BLDG
366,B10000*,00100,00300,CAP COSTS
366,B10000*,00100,00400,EMPLOYEE
366,B10000*,00100,00500,MEDICAL
366,B10000*,00100,00800,ORGAN
366,B10000*,00100,01000,ADMIN &
366,B10000*,00200,00200,OP PLANT &
366,B10000*,00200,00300,MOVABLE
366,B10000*,00200,00400,BENEFITS
366,B10000*,00200,00500,SUPPLIES
366,B10000*,00200,00800,ACQUISITN
366,B10000*,00200,01000,GENERAL
366,B10000*,00300,00200,HOUSEKEEP
366,B10000*,00300,00300,EQUIPMENT
366,B10000*,00300,00800,COSTS
366,B10000*,00400,00200,SQUARE
366,B10000*,00400,00300,DOLLAR
366,B10000*,00400,00400,ADJUST
366,B10000*,00400,00500,COSTED
366,B10000*,00400,00600,UNDEFINED
366,B10000*,00400,00800,NUMBER
366,B10000*,00400,01000,ACCUM
366,B10000*,00500,00200,FEET
366,B10000*,00500,00300,VALUE
366,B10000*,00500,00400,SALARIES
366,B10000*,00500,00500,REQUISIT
366,B10000*,00500,00800,ORGANS
366,B10000*,00500,01000,COSTS
366,B10000*,00600,00200,1
366,B10000*,00600,00300,2
366,B10000*,00600,00400,3
366,B10000*,00600,00500,3
366,B10000*,00600,00800,3
366,B10000*,00600,01000,3
366,B100000,00000,01000,X
366,E100002,00300,00000,ADD IN A-5 ADJUSTMENTS
366,S000000,00100,00100,X
366,S000000,00400,00100,1
366,S000000,00500,00100,11/28/2022
366,S000000,00600,00100,10001
366,S000000,00700,00100,N
366,S000000,00800,00100,N
366,S000000,01000,00100,4
366,S000001,00100,00100,UCLA IMMUNOGENETICS LAB
366,S000001,00100,00200,05HL03
366,S000001,00101,00100,1000 VETERAN AVENUE
366,S000001,00102,00100,LOS ANGELES
366,S000001,00102,00200,CA
366,S000001,00102,00300,90024
366,S000001,00300,00100,07/01/2021
366,S000001,00300,00200,06/30/2022
366,S000001,00400,00100,10
366,S000001,00400,00300,2
366,S000001,00400,00400,04/01/1978
366,S000001,00401,00300,1
366,S000002,00100,00200,Y
366,S000002,00300,00100,CHIEF ADMINISTRATIVE OFFICER
366,S000002,00400,00100,11/22/2022
366,S100001,00700,00100,N
366,S100001,00810,00000,OTHER
366,S100002,00400,00100,ANTI-ANGIOTENSIN TYPE 1 RECEPTORS (A
366,S100002,00401,00100,ASP ? ANTIBODY SPECIFICITY PROFILE
366,S100002,00402,00100,ASP DONOR PREDICTION (CPT#86807)
366,S100002,00403,00100,CELIAC DISEASE - ASSOCIATED HLA TYPI
366,S100002,00404,00100,CELL STORAGE
366,S100002,00405,00100,DECEASED CROSSMATCH  ADDITIONAL
366,S100002,00406,00100,DECEASED DONOR PARTIAL - WORKUP
366,S100002,00407,00100,DECEASED TYPING & CROSSMATCHES  LOCA
366,S100002,00408,00100,ENDOTHELIAL CELL CROSSMATCH
366,S100002,00409,00100,ENGRAFTMENT ANALYSIS: POST TRANSPLAN
366,S100002,00410,00100,ENGRAFTMENT ANALYSIS: POST TRANSPLAN
366,S100002,00411,00100,ENGRAFTMENT ANALYSIS: POST TRANSPLAN
366,S100002,00412,00100,ENGRAFTMENT ANALYSIS: POST TRANSPLAN
366,S100002,00413,00100,ENGRAFTMENT ANALYSIS: POST TRANSPLAN
366,S100002,00414,00100,ENGRAFTMENT: PRE-TRANSPLANT COMPARAT
366,S100002,00415,00100,ENGRAFTMENT: PRE-TRANSPLANT EACH ADD
366,S100002,00416,00100,FLOW PRA + ID CLASS I  ROUTINE
366,S100002,00417,00100,FLOW PRA + ID CLASS II  ROUTINE
366,S100002,00418,00100,HLA-A (HIGH RESOLUTION)
366,S100002,00419,00100,HLA-A (INTERMEDIATE RESOLUTION)
366,S100002,00420,00100,HLA-A  B  C  DRB1 3 4 5  DQB1  DQA1
366,S100002,00421,00100,HLA-A B C (INTERMEDIATE RESOLUTION)
366,S100002,00422,00100,HLA-A B DRB1 - INTERMEDIATE RESOLUTI
366,S100002,00423,00100,HLA-A2 SUBTYPING DNA (HIGH RESOLUTIO
366,S100002,00424,00100,HLA-B (HIGH RESOLUTION)
366,S100002,00425,00100,HLA-B (INTERMEDIATE RESOLUTION)
366,S100002,00426,00100,HLA-B*1502
366,S100002,00427,00100,HLA-B*5701
366,S100002,00428,00100,HLA-B*5801
366,S100002,00429,00100,HLA-B27
366,S100002,00430,00100,HLA-C (HIGH RESOLUTION)
366,S100002,00431,00100,HLA-C (INTERMEDIATE RESOLUTION)
366,S100002,00432,00100,HLA-DPA CLASS 1 (HIGH RESOLUTION)
366,S100002,00433,00100,HLA-DPA CLASS I - INTERMEDIATE RESOL
366,S100002,00434,00100,HLA-DPA1 (INTERMEDIATE RESOLUTION)
366,S100002,00435,00100,HLA-DPB1 (HIGH RESOLUTION)
366,S100002,00436,00100,HLA-DPB1 (INTERMEDIATE RESOLUTION)
366,S100002,00437,00100,HLA-DPB1(INTERMEDIATE RESOLUTION.)
366,S100002,00438,00100,HLA-DQA1  (HIGH RESOLUTION)
366,S100002,00439,00100,HLA-DQA1 (INTERMEDIATE RESOLUTION)
366,S100002,00440,00100,HLA-DQB1 (HIGH RESOLUTION)
366,S100002,00441,00100,HLA-DQB1 (INTERMEDIATE RESOLUTION)
366,S100002,00442,00100,HLA-DRB1 (HIGH RESOLUTION)
366,S100002,00443,00100,HLA-DRB1 (INTERMEDIATE RESOLUTION)
366,S100002,00444,00100,HLA-DRB1  DRB3  4  5 (INTERMEDIATE R
366,S100002,00445,00100,HLA-DRB1 DQB1 (INTERMEDIATE RESOLUTI
366,S100002,00446,00100,HLA-DRB3/4/5 (HIGH RESOLUTION)
366,S100002,00447,00100,HR PATIENT TYPING-HLA-A B C  DRB1  D
366,S100002,00448,00100,KIR GENOTYPE
366,S100002,00449,00100,MICA ANTIBODY
366,S100002,00450,00100,MICA GENOTYPING
366,S100002,00451,00100,NARCOLEPSY - HLA-DRB1 DQB1 TYPING
366,S100002,00452,00100,SERA STORAGE (6 MONTHS)
366,S100002,00453,00100,SERUM PROCESSING & SERA STORAGE - PE
366,S100002,00454,00100,SINGLE ANTIGEN ANTIBODY ID  CLASS I
366,S100002,00455,00100,SINGLE ANTIGEN ANTIBODY ID  CLASS I
366,S100002,00456,00100,SINGLE ANTIGEN ID C1Q  CLASS I
366,S100002,00457,00100,SINGLE ANTIGEN ID C1Q  CLASS II
366,S100002,00458,00100,SINGLE ANTIGEN ID TITRATION  CLASS I
366,S100002,00459,00100,SINGLE ANTIGEN ID TITRATION  CLASS I
366,S100002,00460,00100,STAT TEST SET-UP
366,S100002,00461,00100,STAT TEST SET-UP FEE-HLA TYPING
366,S100002,00462,00100,STAT TEST SET-UP FEE-SABS
366,S100002,00463,00100,T&B-CELL CYTOTOXIC CROSSMATCH
366,S100002,00464,00100,T&B-CELL FLOW CROSSMATCH
366,S100002,00465,00100,T&B-CELL FLOW CROSSMATCH WITH PRONAS
366,S100003,00100,00100,MEDICAL DIRECTOR
366,S100003,00100,00300,MEDICAL DIRECTOR
366,S100003,00100,00500,LAB DIRECTOR
366,S100003,00101,00100,EXEC. DIRECTOR
366,S100003,00101,00300,PROCUREMENT COORDINATOR
366,S100003,00101,00500,TECHNICIANS
366,S100003,00102,00100,CLERICAL
366,S100003,00102,00300,PRESERVATION TECHNICIANS
366,S100003,00102,00500,TISSUE TYPING TECH.
366,S100003,00103,00100,OTHER
366,S100003,00103,00300,OTHER
366,S100003,00103,00500,OTHER
366,S200000,00100,00100,N
366,S200000,00200,00100,N
366,S200000,00300,00100,Y
366,S200000,00400,00100,N
366,S200000,00500,00100,N
366,S200000,00600,00300,DIRECTOR - CLIENT SERVICES
366,S200000,00700,00100,TOYON ASSOCIATES
382,A000000,00100,00000,0100CAPITAL COSTS-BLDG & FIXT
382,A000000,00200,00000,0200CAPITAL COSTS-MVBLE EQUIPMENT
382,A000000,00300,00000,0300EMPLOYEE BENEFITS
382,A000000,00400,00000,0400ADMINISTRATIVE & GENERAL
382,A000000,00500,00000,0500OPERATION AND MAINTENANCE OF PLANT
382,A000000,00600,00000,0600HOUSEKEEPING
382,A000000,00700,00000,0700MEDICAL SUPPLIES
382,A000000,00800,00000,0800OTHER OVERHEAD
382,A000000,00900,00000,0900PROCUREMENT COORDINATORS
382,A000000,01000,00000,1000PROFESSIONAL EDUCATION
382,A000000,01100,00000,1100PUBLIC EDUCATION
382,A000000,01200,00000,1200OTHER ACQUISITION
382,A000000,01201,00000,1201OTHER ACQUISITION
382,A000000,01300,00000,1300KIDNEY ACQUISITIONS
382,A000000,01400,00000,1400TISSUE TYPING LABORATORY
382,A000000,01500,00000,1500LIVER ACQUISITIONS
382,A000000,01600,00000,1600HEART ACQUISITIONS
382,A000000,01700,00000,1700PANCREAS ACQUISITIONS
382,A000000,01800,00000,1800LUNG ACQUISITIONS
382,A000000,01900,00000,1900OTHER ACQUISITIONS
382,A000000,02100,00000,2100RESEARCH
382,A000000,02200,00000,2200BLOOD BANK
382,A000000,02300,00000,2300LABORATORY-NON-TISSUE TYPING
382,A000000,02400,00000,2400DIALYSIS UNITS
382,A000000,02500,00000,2500OTHER NON-REIMBURSABLE
382,A100000,01700,00000,DONOR FAMILY SERVICES
382,A100000,01800,00000,HUMAN RESOURCES
382,A100000,01900,00000,QUALITY IMPROVEMENT
382,A100000,01901,00000,TRAINING & DEVELOPMENT
382,A100000,01902,00000,BUSINESS MEETINGS
382,A100000,01903,00000,DUES
382,A100000,01904,00000,MEDICAL RECORD STORGE
382,A100000,01905,00000,POSTAGE
382,A100000,01906,00000,PRINTING & PHOTOCOPIES
382,A100000,01907,00000,PROFESSIONAL FEES
382,A100000,01908,00000,RECRUITING
382,A100000,01909,00000,REPAIRS & MAINTENANCE
382,A100000,01910,00000,DEPRECIATION
382,A20H000,00900,00000,HOSPITAL CASE RATES
382,A20H000,02100,00000,PERFUSION
382,A20H000,02101,00000,HEART IMPORT OFFER ADMIN
382,A20K000,00900,00000,HOSPITAL CASE RATES
382,A20K000,02100,00000,PERFUSION
382,A20K000,02101,00000,KIDNEY PUMPING
382,A20L000,00900,00000,HOSPITAL CASE RATES
382,A20L000,02100,00000,PERFUSION
382,A20P000,00900,00000,HOSPITAL CASE RATES
382,A20P000,02100,00000,PERFUSION
382,A20U000,00900,00000,HOSPITAL CASE RATES
382,A20U000,02100,00000,PERFUSION
382,A400010,00100,00000,RECLASSIFICATIONS
382,A400010,00100,00100,A
382,A400010,00100,00200,CAPITAL COSTS-BLDG & FIXT
382,A400010,00100,00500,ADMINISTRATIVE & GENERAL
382,A400010,00200,00000,RECLASSIFICATIONS
382,A400010,00200,00100,A
382,A400010,00200,00200,CAPITAL COSTS-BLDG & FIXT
382,A400010,00200,00500,ADMINISTRATIVE & GENERAL
382,A400010,00300,00000,RECLASSIFICATIONS
382,A400010,00300,00100,A
382,A400010,00300,00200,CAPITAL COSTS-BLDG & FIXT
382,A400010,00300,00500,ADMINISTRATIVE & GENERAL
382,A400010,00400,00000,RECLASSIFICATIONS
382,A400010,00400,00100,A
382,A400010,00400,00200,CAPITAL COSTS-BLDG & FIXT
382,A400010,00400,00500,ADMINISTRATIVE & GENERAL
382,A400010,00500,00000,RECLASSIFICATIONS
382,A400010,00500,00100,A
382,A400010,00500,00200,OTHER NON-REIMBURSABLE
382,A400010,00500,00500,ADMINISTRATIVE & GENERAL
382,A400010,00600,00000,RECLASSIFICATIONS
382,A400010,00600,00100,A
382,A400010,00600,00200,OTHER NON-REIMBURSABLE
382,A400010,00600,00500,PROCUREMENT COORDINATORS
382,A500010,00100,00100,A
382,A500010,00200,00100,B
382,A500010,00200,00300,PROCUREMENT COORDINATORS
382,A500010,00700,00100,B
382,A500010,00700,00300,CAPITAL COSTS-BLDG & FIXT
382,A500010,00800,00100,B
382,A500010,00800,00300,PROCUREMENT COORDINATORS
382,A500010,00900,00100,B
382,A500010,00900,00300,PUBLIC EDUCATION
382,A500010,01500,00000,CONTRIBUTIONS DONOR MEMORIAL
382,A500010,01500,00100,B
382,A500010,01500,00300,ADMINISTRATIVE & GENERAL
382,A500010,01600,00000,DRIVE OUT INCOME
382,A500010,01600,00100,B
382,A500010,01600,00300,OTHER NON-REIMBURSABLE
382,A500010,01601,00000,AOPO DUES
382,A500010,01601,00100,A
382,A500010,01601,00300,ADMINISTRATIVE & GENERAL
382,A500010,01602,00000,FUNDRAISING EXPENSES
382,A500010,01602,00100,A
382,A500010,01602,00300,PUBLIC EDUCATION
382,A500010,01603,00000,A&G EXPENSES NOT ALLOWED
382,A500010,01603,00100,A
382,A500010,01603,00300,ADMINISTRATIVE & GENERAL
382,A500010,01604,00000,PRO ED EXPENSES NOT ALLOWED
382,A500010,01604,00100,A
382,A500010,01604,00300,PROFESSIONAL EDUCATION
382,A500010,01605,00000,KIDNEY SURGEON FEES NOT ALLOWED
382,A500010,01605,00100,A
382,A500010,01605,00300,KIDNEY ACQUISITIONS
382,A500010,01606,00000,DONOR TRANSFER EXPENSES
382,A500010,01606,00100,A
382,A500010,01606,00300,KIDNEY ACQUISITIONS
382,A51000A,00100,00100,N
382,A60000A,00700,00000,FURNITURE
382,A60000A,00701,00000,OFFICE EQUIPMENT
382,A60000A,00702,00000,SOFTWARE
382,A60000A,00703,00000,COMPUTERS
382,A60000A,00704,00000,MEDICAL EQUIPMENT
382,A60000A,00705,00000,BLDG IMPROVEMENTS
382,A60000A,00706,00000,TENANT IMPROVEMENTS
382,A60000B,00800,00000,FURNITURE
382,A60000B,00801,00000,OFFICE EQUIPMENT
382,A60000B,00802,00000,SOFTWARE
382,A60000B,00803,00000,COMPUTER EQUIPMENT
382,A60000B,00804,00000,MEDICAL EQIUPMENT
382,A60000B,00805,00000,TENANT IMPROVEMENTS
382,A60000C,00500,00100,N
382,B10000*,00100,00200,CAP BLDG
382,B10000*,00100,00300,CAP COSTS
382,B10000*,00100,00400,EMPLOYEE
382,B10000*,00100,00500,MEDICAL
382,B10000*,00100,00800,ORGAN
382,B10000*,00100,01000,ADMIN &
382,B10000*,00200,00200,OP PLANT &
382,B10000*,00200,00300,MOVABLE
382,B10000*,00200,00400,BENEFITS
382,B10000*,00200,00500,SUPPLIES
382,B10000*,00200,00800,ACQUISITN
382,B10000*,00200,01000,GENERAL
382,B10000*,00300,00200,HOUSEKEEP
382,B10000*,00300,00300,EQUIPMENT
382,B10000*,00300,00800,COSTS
382,B10000*,00400,00200,SQUARE
382,B10000*,00400,00300,DOLLAR
382,B10000*,00400,00400,ADJUST
382,B10000*,00400,00500,COSTED
382,B10000*,00400,00800,NUMBER
382,B10000*,00400,01000,ACCUM
382,B10000*,00500,00200,FEET
382,B10000*,00500,00300,VALUE
382,B10000*,00500,00400,SALARIES
382,B10000*,00500,00500,REQUISIT
382,B10000*,00500,00800,ORGANS
382,B10000*,00500,01000,COSTS
382,B10000*,00600,00200,1
382,B10000*,00600,00300,2
382,B10000*,00600,00400,3
382,B10000*,00600,00500,3
382,B10000*,00600,00800,3
382,B10000*,00600,01000,3
382,B100000,00000,01000,X
382,E000000,00900,00000,PREPAID EXPENSES
382,E000000,02600,00000,OTHER FIXED ASSETS
382,E000000,03900,00000,CUSTOMER DEPOSITS
382,E000000,04100,00000,TENANT SECURITY DEPOSITS
382,E200000,02000,00000,RESEARCH ONLY ORGAN REVENUE
382,E200000,02100,00000,TISSUE REVENUE
382,E200000,02200,00000,OTHER INCOME
382,E200000,02300,00000,TISSUE DRIVE OUT INCOME
382,E200000,02301,00000,LOSS ON INVESTMENTS
382,S000000,00100,00100,X
382,S000000,00400,00100,1
382,S000000,00500,00100,12/01/2022
382,S000000,00600,00100,10001
382,S000000,00700,00100,N
382,S000000,00800,00100,N
382,S000000,01000,00100,4
382,S000001,00100,00100,DONORCONNECT
382,S000001,00100,00200,46P001
382,S000001,00101,00100,6065 S FASHION BLVD SUITE 125
382,S000001,00102,00100,MURRAY
382,S000001,00102,00200,UT
382,S000001,00102,00300,84107
382,S000001,00300,00100,07/01/2021
382,S000001,00300,00200,06/30/2022
382,S000001,00400,00100,2
382,S000001,00400,00300,1
382,S000001,00400,00400,11/21/1987
382,S000001,00401,00300,1
382,S100001,00700,00100,N
382,S100001,00810,00000,AORTO & DTA
382,S100001,00811,00000,VEINS FEMORAL & SAPHENOUS
382,S100001,00812,00000,TISSUE FOR RESEARCH
382,S100001,00813,00000,SPINE
382,S100001,00814,00000,INTESTINE
382,S100003,00100,00100,MEDICAL DIRECTOR
382,S100003,00100,00300,MEDICAL DIRECTOR
382,S100003,00100,00500,LAB DIRECTOR
382,S100003,00101,00100,EXEC. DIRECTOR
382,S100003,00101,00300,PROCUREMENT COORDINATOR
382,S100003,00101,00500,TECHNICIANS
382,S100003,00102,00100,CLERICAL
382,S100003,00102,00300,PRESERVATION TECHNICIANS
382,S100003,00102,00500,TISSUE TYPING TECH.
382,S100003,00103,00100,OTHER
382,S100003,00103,00300,OTHER
382,S100003,00103,00500,OTHER
382,S200000,00100,00100,N
382,S200000,00200,00100,N
382,S200000,00300,00100,N
382,S200000,00400,00100,Y
382,S200000,00400,00200,A
382,S200000,00400,00300,12/07/2022
382,S200000,00500,00100,N
382,S200000,00600,00300,CFO
382,S200000,00700,00100,DONORCONNECT
433,A000000,00100,00000,0100CAPITAL COSTS-BLDG & FIXT
433,A000000,00200,00000,0200CAPITAL COSTS-MVBLE EQUIPMENT
433,A000000,00300,00000,0300EMPLOYEE BENEFITS
433,A000000,00400,00000,0400ADMINISTRATIVE & GENERAL
433,A000000,00500,00000,0500OPERATION AND MAINTENANCE OF PLANT
433,A000000,00600,00000,0600HOUSEKEEPING
433,A000000,00700,00000,0700MEDICAL SUPPLIES
433,A000000,00800,00000,0800OTHER OVERHEAD
433,A000000,00900,00000,0900PROCUREMENT COORDINATORS
433,A000000,01000,00000,1000PROFESSIONAL EDUCATION
433,A000000,01100,00000,1100PUBLIC EDUCATION
433,A000000,01300,00000,1300KIDNEY ACQUISITIONS
433,A000000,01400,00000,1400TISSUE TYPING LABORATORY
433,A000000,01500,00000,1500LIVER ACQUISITIONS
433,A000000,01600,00000,1600HEART ACQUISITIONS
433,A000000,01700,00000,1700PANCREAS ACQUISITIONS
433,A000000,01800,00000,1800LUNG ACQUISITIONS
433,A000000,01900,00000,1900CLUSTER            (WKST A2 6 L 23
433,A000000,01901,00000,1901SMALL INTESTINE
433,A000000,01902,00000,1902HEART/LUNGS      S 3
433,A000000,02100,00000,2100RESEARCH
433,A000000,02200,00000,2200BLOOD BANK
433,A000000,02300,00000,2300LABORATORY-NON-TISSUE TYPING
433,A000000,02400,00000,2400DIALYSIS UNITS
433,A000000,02500,00000,250025
433,A100000,01700,00000,INFORMATION SYSTEMS PROFESSIONAL
433,A100000,01800,00000,POSTAGE & SHIPPING
433,A100000,01900,00000,RECRUITING
433,A100000,01901,00000,DUES/SUBSCRIPTIONS
433,A100000,01902,00000,BANK & INVESTMENT FEES
433,A100000,01903,00000,MILEAGE REIMBURSEMENT
433,A100000,01904,00000,AUTOMOBILE LEASE & MAINTENANCE
433,A100000,01905,00000,OTHER MISCELLANEOUS
433,A100000,01906,00000,SMALL EQUIP/FURNITURE
433,A100000,01907,00000,PROFESSIONAL SERVICES
433,A100000,01908,00000,PROPERTY TAXES
433,A100000,01909,00000,GAIN OR LOSS ON A FIXED ASSET
433,A20H000,00900,00000,OTHER HOSPITAL COST
433,A20H000,02100,00000,OTHER MEDICAL SUPPLIES
433,A20H000,02101,00000,PROVIDER AUDIT FEES
433,A20H000,02102,00000,COST REPORT ADJUSTED TRANSPORTATION
433,A20H000,02103,00000,TXC
433,A20K000,00900,00000,OTHER HOSPITAL COST
433,A20K000,02100,00000,OTHER MEDICAL SUPPLIES
433,A20K000,02101,00000,PROVIDER AUDIT FEES
433,A20K000,02102,00000,COST REPORT ADJUSTED TRANSPORTATION
433,A20K000,02103,00000,TXC
433,A20L000,00900,00000,OTHER HOSPITAL COST
433,A20L000,02100,00000,OTHER MEDICAL SUPPLIES
433,A20L000,02101,00000,PROVIDER AUDIT FEES
433,A20L000,02102,00000,COST REPORT ADJUSTED TRANSPORTATION
433,A20L000,02103,00000,TXC
433,A20O000,00900,00000,OTHER HOSPITAL COSTS
433,A20O000,02100,00000,MEDICAL SUPPLIES IN OFFICE / TXC
433,A20O000,02101,00000,PROVIDER AUDIT FEES
433,A20O000,02102,00000,COST REPORT ADJUSTED TRANSPORTATION
433,A20O001,00900,00000,OTHER HOSPITAL COST
433,A20O001,02100,00000,MEDICAL SUPPLIES IN OFFICE
433,A20O001,02101,00000,PROVIDER AUDIT FEES
433,A20O001,02102,00000,COST REPORT ADJUSTED TRANSPORTATION
433,A20O001,02103,00000,TXC
433,A20O002,00900,00000,OTHER HOSPITAL COSTS
433,A20O002,02100,00000,MEDICAL SUPPLIES IN OFFICE/TXC
433,A20O002,02101,00000,PROVIDER AUDIT FEES
433,A20O002,02102,00000,COST REPORT ADJUSTED TRANSPORTATION
433,A20O002,02103,00000,TXC
433,A20O003,02100,00000,COST REPORT ADJUSTED SURGEON FEE
433,A20O003,02101,00000,COST REPORT ADJUSTED TRANSPORTATION
433,A20P000,00900,00000,OTHER HOSPITAL COST
433,A20P000,02100,00000,OTHER MEDICAL SUPPLIES
433,A20P000,02101,00000,PROVIDER AUDIT FEES
433,A20P000,02102,00000,COST REPORT ADJUSTED TRANSPORTATION
433,A20P000,02103,00000,TXC
433,A20U000,00900,00000,OTHER HOSPITAL COST
433,A20U000,02100,00000,OTHER MEDICAL SUPPLIES
433,A20U000,02101,00000,PROVIDER AUDIT FEES
433,A20U000,02102,00000,COST REPORT ADJUSTED TRANSPORTATION
433,A20U000,02103,00000,TXC
433,A500010,00500,00100,B
433,A500010,00500,00300,PROCUREMENT COORDINATORS
433,A500010,01300,00100,A
433,A500010,01300,00300,CAPITAL COSTS-BLDG & FIXT
433,A500010,01500,00000,15   CTS AGREEMENT
433,A500010,01500,00100,B
433,A500010,01500,00300,PUBLIC EDUCATION
433,A500010,01501,00000,GAIN OR LOSS ON A FIXED ASSET
433,A500010,01501,00100,B
433,A500010,01501,00300,ADMINISTRATIVE & GENERAL
433,A500010,01600,00000,NON-REIMB ADMIN & GEN (LOBBYING COST
433,A500010,01600,00100,B
433,A500010,01600,00300,ADMINISTRATIVE & GENERAL
433,A500010,01601,00000,NON-REIMB - TXC
433,A500010,01601,00100,B
433,A500010,01601,00300,PROCUREMENT COORDINATORS
433,A500010,01602,00000,NON- REIMB ADMIN & GEN
433,A500010,01602,00100,B
433,A500010,01602,00300,ADMINISTRATIVE & GENERAL
433,A500010,01603,00000,NON-REIMB - PUBLIC EDUC
433,A500010,01603,00100,B
433,A500010,01603,00300,PUBLIC EDUCATION
433,A51000A,00100,00100,Y
433,A51000B,00100,00200,PROCUREMENT COORDINATORS
433,A51000B,00100,00300,ORGAN ACQUISTION
433,A51000C,00100,00100,B
433,A51000C,00100,00400,MIAMI VALLEY HOSPITAL
433,A51000C,00100,00600,HOSPITAL
433,A51000C,00200,00100,B
433,A51000C,00200,00400,KIDNEY FOUNDATION OF NWO
433,A51000C,00200,00600,FOUNDATION
433,A60000A,00700,00000,CONSTRUCTION IN PROGRESS
433,A60000A,00701,00000,AMORTIZED ASSETS
433,A60000B,00800,00000,ACCUMULATED AMORTIZATION
433,A60000C,00500,00100,N
433,B10000*,00100,00200,CAP BLDG
433,B10000*,00100,00300,CAP COSTS
433,B10000*,00100,00400,EMPLOYEE
433,B10000*,00100,00500,MEDICAL
433,B10000*,00100,00800,ORGAN
433,B10000*,00100,01000,ADMIN &
433,B10000*,00200,00200,OP PLANT &
433,B10000*,00200,00300,MOVABLE
433,B10000*,00200,00400,BENEFITS
433,B10000*,00200,00500,SUPPLIES
433,B10000*,00200,00800,ACQUISITN
433,B10000*,00200,01000,GENERAL
433,B10000*,00300,00200,HOUSEKEEP
433,B10000*,00300,00300,EQUIPMENT
433,B10000*,00300,00800,COSTS
433,B10000*,00400,00200,SQUARE
433,B10000*,00400,00300,DOLLAR
433,B10000*,00400,00400,ADJUST
433,B10000*,00400,00500,COSTED
433,B10000*,00400,00800,NUMBER
433,B10000*,00400,01000,ACCUM
433,B10000*,00500,00200,FEET
433,B10000*,00500,00300,VALUE
433,B10000*,00500,00400,SALARIES
433,B10000*,00500,00500,REQUISIT
433,B10000*,00500,00800,ORGANS
433,B10000*,00500,01000,COSTS
433,B10000*,00600,00200,1
433,B10000*,00600,00300,2
433,B10000*,00600,00400,3
433,B10000*,00600,00500,3
433,B10000*,00600,00800,3
433,B10000*,00600,01000,3
433,B100000,00000,01000,X
433,E000000,00900,00000,PREPAID DEPOSITS
433,E000000,02600,00000,CONSTRUCTION IN PROGRESS
433,E100001,00700,00000,TISSUE CONSENT  RESEARCH  HEART VAL
433,E100001,00800,00000,PROFESSIONAL SEMINAR FEES
433,E200000,01500,00000,REALIZED GAIN ON INVESTMENT
433,E200000,02200,00000,CTS AGREEMENT
433,E200000,02300,00000,UNEARNED INCOME (LOSS) ON INVESTMENT
433,E200000,02600,00000,EDUCATIONAL GRANTS
433,E200000,02700,00000,GAIN/ LOSS ON FIXED ASSET
433,E200000,02701,00000,INTEREST EXPENSE
433,E200000,02702,00000,UNEARNED INCOME (LOSS) ON INVESTMENT
433,E200000,02703,00000,PPP LOAN FORGIVENESS RETURN
433,S000000,00100,00100,X
433,S000000,00400,00100,2
433,S000000,00500,00100,04/18/2022
433,S000000,00600,00100,10001
433,S000000,00700,00100,N
433,S000000,00800,00100,N
433,S000000,00900,00100,04/27/2023
433,S000000,01000,00100,4
433,S000001,00100,00100,LIFE CONNECTION OF OHIO
433,S000001,00100,00200,36P001
433,S000001,00101,00100,3661 BRIARFIELD BLVD  STE 105
433,S000001,00102,00100,MAUMEE
433,S000001,00102,00200,OH
433,S000001,00102,00300,43537
433,S000001,00300,00100,01/01/2021
433,S000001,00300,00200,12/31/2021
433,S000001,00400,00100,8
433,S000001,00400,00300,1
433,S000001,00400,00400,10/01/1978
433,S000001,00401,00300,1
433,S000002,00100,00200,Y
433,S000002,00300,00100,PRESIDENT & CEO
433,S000002,00400,00100,04/15/2022
433,S100001,00700,00100,N
433,S100001,00810,00000,TISSUE CONSENT FEE
433,S100001,00811,00000,RESEARCH
433,S100001,00812,00000,HEART VALVES
433,S100001,00813,00000,CLUSTER
433,S100001,00814,00000,SM. INTESTINE
433,S100001,00815,00000,AORTA
433,S100003,00100,00100,MEDICAL DIRECTOR
433,S100003,00100,00300,MEDICAL DIRECTOR
433,S100003,00100,00500,LAB DIRECTOR
433,S100003,00101,00100,EXEC. DIRECTOR
433,S100003,00101,00300,PROCUREMENT COORDINATOR
433,S100003,00101,00500,TECHNICIANS
433,S100003,00102,00100,CLERICAL
433,S100003,00102,00300,PRESERVATION TECHNICIANS
433,S100003,00102,00500,TISSUE TYPING TECH.
433,S100003,00103,00100,CLERICAL
433,S100003,00103,00300,OTHER
433,S100003,00103,00500,OTHER
433,S200000,00100,00100,N
433,S200000,00200,00100,N
433,S200000,00300,00100,Y
433,S200000,00400,00100,Y
433,S200000,00400,00200,A
433,S200000,00400,00300,03/17/2022
433,S200000,00500,00100,N
433,S200000,00600,00300,DIR. OF FINANCE
433,S200000,00700,00100,LIFE CONNECTION OF OHIO
490,A000000,00100,00000,0100CAPITAL COSTS-BLDG & FIXT
490,A000000,00200,00000,0200CAPITAL COSTS-MVBLE EQUIPMENT
490,A000000,00300,00000,0300EMPLOYEE BENEFITS
490,A000000,00400,00000,0400ADMINISTRATIVE & GENERAL
490,A000000,00500,00000,0500OPERATION AND MAINTENANCE OF PLANT
490,A000000,00600,00000,0600HOUSEKEEPING
490,A000000,00700,00000,0700MEDICAL SUPPLIES
490,A000000,00800,00000,0800OTHER OVERHEAD
490,A000000,00900,00000,0900PROCUREMENT COORDINATORS
490,A000000,01000,00000,1000PROFESSIONAL EDUCATION
490,A000000,01100,00000,1100PUBLIC EDUCATION
490,A000000,01200,00000,1200AUTO AND VANS
490,A000000,01201,00000,1201ORGAN PRESERVATION
490,A000000,01300,00000,1300KIDNEY ACQUISITIONS
490,A000000,01400,00000,1400TISSUE TYPING LABORATORY
490,A000000,01500,00000,1500LIVER ACQUISITIONS
490,A000000,01600,00000,1600HEART ACQUISITIONS
490,A000000,01700,00000,1700PANCREAS ACQUISITIONS
490,A000000,01800,00000,1800LUNG ACQUISITIONS
490,A000000,01900,00000,1900DOUBLE LUNGS
490,A000000,01901,00000,1902INTESTINE
490,A000000,01902,00000,1901ISLET CELLS
490,A000000,01903,00000,1904OTHER ACQUISITIONS
490,A000000,02100,00000,2100RESEARCH
490,A000000,02200,00000,2200BLOOD BANK
490,A000000,02300,00000,2300LABORATORY-NON-TISSUE TYPING
490,A000000,02400,00000,2400DIALYSIS UNITS
490,A000000,02500,00000,2500TISSUE RECOVERY
490,A100000,01700,00000,UTILITIES
490,A100000,01800,00000,AUTO AND VANS
490,A100000,01900,00000,OFFICE MAINTENANCE
490,A100000,01901,00000,CALL CENTER
490,A20H000,00900,00000,OTHER HOSPITAL COST
490,A20H000,02100,00000,ORGAN RECOVERY FEE
490,A20K000,00900,00000,OTHER HOSPITAL COST
490,A20K000,02100,00000,ORGAN RECOVERY FEE
490,A20L000,00900,00000,OTHER HOSPITAL COST
490,A20L000,02100,00000,ORGAN RECOVERY FEE
490,A20O000,00900,00000,OTHER HOSPITAL COST
490,A20O000,02100,00000,ORGAN RECOVERY FEE
490,A20O001,00900,00000,OTHER HOSPITAL COST
490,A20O001,02100,00000,ORGAN RECOVERY FEE
490,A20O002,00900,00000,OTHER HOSPITAL COST
490,A20P000,00900,00000,OTHER HOSPITAL COST
490,A20P000,02100,00000,ORGAN RECOVERY FEE
490,A20U000,00900,00000,OTHER HOSPITAL COST
490,A20U000,02100,00000,ORGAN RECOVERY FEE
490,A400010,00100,00000,RECLASSIFICATIONS
490,A400010,00100,00100,A
490,A400010,00100,00200,CAPITAL COSTS-BLDG & FIXT
490,A400010,00100,00500,ADMINISTRATIVE & GENERAL
490,A400010,00200,00000,RECLASSIFICATIONS
490,A400010,00200,00100,A
490,A400010,00200,00200,CAPITAL COSTS-MVBLE EQUIPMENT
490,A400010,00200,00500,ADMINISTRATIVE & GENERAL
490,A400010,00300,00000,RECLASSIFICATIONS
490,A400010,00300,00100,A
490,A400010,00300,00200,AUTO AND VANS
490,A400010,00300,00500,ADMINISTRATIVE & GENERAL
490,A400010,00400,00000,RECLASSIFICATIONS
490,A400010,00400,00100,A
490,A400010,00400,00200,OPERATION AND MAINTENANCE OF PLANT
490,A400010,00400,00500,ADMINISTRATIVE & GENERAL
490,A400010,00500,00000,RECLASSIFICATIONS
490,A400010,00500,00100,A
490,A400010,00500,00200,CAPITAL COSTS-MVBLE EQUIPMENT
490,A400010,00500,00500,ADMINISTRATIVE & GENERAL
490,A400010,00600,00000,RECLASSIFICATIONS
490,A400010,00600,00100,A
490,A400010,00600,00200,CAPITAL COSTS-MVBLE EQUIPMENT
490,A400010,00600,00500,ADMINISTRATIVE & GENERAL
490,A400010,00700,00000,RECLASSIFICATIONS
490,A400010,00700,00100,A
490,A400010,00700,00200,TISSUE RECOVERY
490,A400010,00700,00500,PUBLIC EDUCATION
490,A500010,00800,00100,B
490,A500010,00800,00300,PROCUREMENT COORDINATORS
490,A500010,01200,00100,A
490,A500010,01200,00300,ADMINISTRATIVE & GENERAL
490,A500010,01500,00000,AOPO LOBBYING EXPENSE
490,A500010,01500,00100,A
490,A500010,01500,00300,ADMINISTRATIVE & GENERAL
490,A500010,01600,00000,NON-ALLOWABLE PUBLIC & PROFEESIONAL
490,A500010,01600,00100,A
490,A500010,01600,00300,PROFESSIONAL EDUCATION
490,A500010,01601,00000,NON-LOH STAFF
490,A500010,01601,00100,A
490,A500010,01601,00300,ADMINISTRATIVE & GENERAL
490,A51000A,00100,00100,Y
490,A51000B,00100,00200,ADMINISTRATIVE & GENERAL
490,A51000B,00100,00300,UAHSF CENTRAL ADMIN
490,A51000C,00100,00100,B
490,A51000C,00100,00200,UAHSF
490,A51000C,00100,00400,UAHSF
490,A60000C,00500,00100,N
490,B10000*,00100,00200,CAP BLDG
490,B10000*,00100,00300,CAP COSTS
490,B10000*,00100,00400,EMPLOYEE
490,B10000*,00100,00500,MEDICAL
490,B10000*,00100,00800,ORGAN
490,B10000*,00100,01000,ADMIN &
490,B10000*,00200,00200,OP PLANT &
490,B10000*,00200,00300,MOVABLE
490,B10000*,00200,00400,BENEFITS
490,B10000*,00200,00500,SUPPLIES
490,B10000*,00200,00800,ACQUISITN
490,B10000*,00200,01000,GENERAL
490,B10000*,00300,00200,HOUSEKEEP
490,B10000*,00300,00300,EQUIPMENT
490,B10000*,00300,00800,COSTS
490,B10000*,00400,00200,SQUARE
490,B10000*,00400,00300,DOLLAR
490,B10000*,00400,00400,ADJUST
490,B10000*,00400,00500,COSTED
490,B10000*,00400,00800,NUMBER
490,B10000*,00400,01000,ACCUM
490,B10000*,00500,00200,FEET
490,B10000*,00500,00300,VALUE
490,B10000*,00500,00400,SALARIES
490,B10000*,00500,00500,REQUISIT
490,B10000*,00500,00800,ORGANS
490,B10000*,00500,01000,COSTS
490,B10000*,00600,00200,1
490,B10000*,00600,00300,2
490,B10000*,00600,00400,3
490,B10000*,00600,00500,3
490,B10000*,00600,00800,3
490,B10000*,00600,01000,3
490,B100000,00000,01000,X
490,E000000,00900,00000,OTHER CURRENT ASSETS
490,E000000,02600,00000,OTHER FIXED ASSETS
490,E100001,00700,00000,MISCELLANEOUS
490,S000000,00100,00100,X
490,S000000,00400,00100,2
490,S000000,00500,00100,04/06/2022
490,S000000,00600,00100,10001
490,S000000,00700,00100,N
490,S000000,00800,00100,N
490,S000000,00900,00100,08/01/2023
490,S000000,01000,00100,4
490,S000001,00100,00100,LEGACY OF HOPE
490,S000001,00100,00200,01P001
490,S000001,00101,00100,500 22ND STREET NORTH
490,S000001,00102,00100,BIRMINGHAM
490,S000001,00102,00200,AL
490,S000001,00102,00300,35233
490,S000001,00300,00100,10/01/2020
490,S000001,00300,00200,09/30/2021
490,S000001,00400,00100,7
490,S000001,00400,00300,1
490,S000001,00400,00400,01/01/1979
490,S000001,00401,00300,1
490,S100001,00700,00100,N
490,S100001,00810,00000,DOUBLE LUNG
490,S100001,00811,00000,INTESTINE
490,S100001,00812,00000,RESEARCH
490,S100003,00100,00100,MEDICAL DIRECTOR
490,S100003,00100,00300,MEDICAL DIRECTOR
490,S100003,00100,00500,LAB DIRECTOR
490,S100003,00101,00100,EXEC. DIRECTOR
490,S100003,00101,00300,PROCUREMENT COORDINATOR
490,S100003,00101,00500,TECHNICIANS
490,S100003,00102,00100,CLERICAL
490,S100003,00102,00300,PRESERVATION TECHNICIANS
490,S100003,00102,00500,TISSUE TYPING TECH.
490,S100003,00103,00100,OTHER
490,S100003,00103,00300,OTHER
490,S100003,00103,00500,OTHER
490,S200000,00100,00100,N
490,S200000,00200,00100,N
490,S200000,00300,00100,Y
490,S200000,00400,00100,N
490,S200000,00500,00100,N
490,S200000,00600,00300,ACCOUNTANT
490,S200000,00700,00100,UNIV OF ALA HEALTH SERVICES FDN
491,A000000,00100,00000,0100CAPITAL COSTS-BLDG & FIXT
491,A000000,00200,00000,0200CAPITAL COSTS-MVBLE EQUIPMENT
491,A000000,00300,00000,0300EMPLOYEE BENEFITS
491,A000000,00400,00000,0400ADMINISTRATIVE & GENERAL
491,A000000,00500,00000,0500OPERATION AND MAINTENANCE OF PLANT
491,A000000,00600,00000,0600HOUSEKEEPING
491,A000000,00700,00000,0700MEDICAL SUPPLIES
491,A000000,00800,00000,0800OTHER OVERHEAD
491,A000000,00900,00000,0900PROCUREMENT COORDINATORS
491,A000000,01000,00000,1000PROFESSIONAL EDUCATION
491,A000000,01100,00000,1100PUBLIC EDUCATION
491,A000000,01200,00000,1200OTHER ACQUISITION
491,A000000,01300,00000,1300KIDNEY ACQUISITIONS
491,A000000,01400,00000,1400TISSUE TYPING LABORATORY
491,A000000,01500,00000,1500LIVER ACQUISITIONS
491,A000000,01600,00000,1600HEART ACQUISITIONS
491,A000000,01700,00000,1700PANCREAS ACQUISITIONS
491,A000000,01800,00000,1800LUNG ACQUISITIONS
491,A000000,01900,00000,1900OTHER ACQUISITIONS
491,A000000,02100,00000,2100RESEARCH
491,A000000,02200,00000,2200BLOOD BANK
491,A000000,02300,00000,2300LABORATORY-NON-TISSUE TYPING
491,A000000,02400,00000,2400DIALYSIS UNITS
491,A000000,02500,00000,2500OTHER NON-REIMBURSABLE
491,A100000,01700,00000,QUALITY ASSURANCE
491,A100000,01800,00000,LOBBYING
491,A100000,01900,00000,EMPLOYEE RECRUITMENT
491,A100000,01901,00000,OTHER EXPENSES-INDIRECT
491,A20H000,00900,00000,OTHER HOSPITAL COSTS
491,A20K000,00900,00000,OTHER HOSPITAL COSTS
491,A20L000,00900,00000,OTHER HOSPITAL COSTS
491,A20P000,00900,00000,OTHER HOSPITAL COSTS
491,A20U000,00900,00000,OTHER HOSPITAL COSTS
491,A400010,00100,00000,TISSUE ALLOCATION
491,A400010,00100,00100,A
491,A400010,00100,00200,OTHER NON-REIMBURSABLE
491,A400010,00100,00500,PROCUREMENT COORDINATORS
491,A400010,00200,00000,TISSUE ALLOCATION
491,A400010,00200,00100,A
491,A400010,00200,00200,OTHER NON-REIMBURSABLE
491,A400010,00200,00500,PROFESSIONAL EDUCATION
491,A400010,00300,00000,TISSUE ALLOCATION
491,A400010,00300,00100,A
491,A400010,00300,00200,OTHER NON-REIMBURSABLE
491,A400010,00300,00500,PUBLIC EDUCATION
491,A400010,00400,00000,RECLASS FACILITY RENT
491,A400010,00400,00100,B
491,A400010,00400,00200,CAPITAL COSTS-BLDG & FIXT
491,A400010,00400,00500,ADMINISTRATIVE & GENERAL
491,A500010,00800,00100,B
491,A500010,00800,00300,PROCUREMENT COORDINATORS
491,A500010,01500,00000,CHARITABLE CONTRIBUTIONS
491,A500010,01500,00100,A
491,A500010,01500,00300,ADMINISTRATIVE & GENERAL
491,A51000A,00100,00100,Y
491,A51000B,00100,00200,ADMINISTRATIVE & GENERAL
491,A51000B,00100,00300,DIVISION OVERHEAD COSTS
491,A51000C,00100,00100,B
491,A51000C,00100,00200,SIERRA DONOR SERVICES
491,A51000C,00100,00400,DCI DONOR SERVICES INC
491,A51000C,00100,00600,ORGAN PROCUREMENT ORGANIZATION
491,A60000C,00500,00100,N
491,B10000*,00100,00200,CAP BLDG
491,B10000*,00100,00300,CAP COSTS
491,B10000*,00100,00400,EMPLOYEE
491,B10000*,00100,00500,MEDICAL
491,B10000*,00100,00800,ORGAN
491,B10000*,00100,01000,ADMIN &
491,B10000*,00200,00200,OP PLANT &
491,B10000*,00200,00300,MOVABLE
491,B10000*,00200,00400,BENEFITS
491,B10000*,00200,00500,SUPPLIES
491,B10000*,00200,00800,ACQUISITN
491,B10000*,00200,01000,GENERAL
491,B10000*,00300,00200,HOUSEKEEP
491,B10000*,00300,00300,EQUIPMENT
491,B10000*,00300,00800,COSTS
491,B10000*,00400,00200,SQUARE
491,B10000*,00400,00300,DOLLAR
491,B10000*,00400,00400,ADJUST
491,B10000*,00400,00500,COSTED
491,B10000*,00400,00800,NUMBER
491,B10000*,00400,01000,ACCUM
491,B10000*,00500,00200,FEET
491,B10000*,00500,00300,VALUE
491,B10000*,00500,00400,SALARIES
491,B10000*,00500,00500,REQUISIT
491,B10000*,00500,00800,ORGANS
491,B10000*,00500,01000,COSTS
491,B10000*,00600,00200,1
491,B10000*,00600,00300,2
491,B10000*,00600,00400,3
491,B10000*,00600,00500,3
491,B10000*,00600,00800,3
491,B10000*,00600,01000,3
491,B100000,00000,01000,X
491,E000000,00900,00000,OTHER CURRENT ASSETS
491,E000000,02600,00000,OTHER FIXED ASSETS
491,E000000,03900,00000,INTERCOMPANY PAYABLES
491,E000000,04100,00000,OTHER CURRENT LIABILITIES
491,E100001,00800,00000,OTHER ORGAN RELATED FEES
491,E100001,00900,00000,TISSUE RECOVERY REVENUE
491,E100002,00300,00000,DISALLOWABLES
491,E100002,00400,00000,INVENTORY VARIANCE
491,E100002,00500,00000,BAD DEBT
491,E100002,00800,00000,COST REPORT ESTIMATE
491,E100002,00900,00000,RENTAL INCOME
491,E100002,01000,00000,PURCHASE DISCOUNTS
491,S000000,00100,00100,X
491,S000000,00400,00100,2
491,S000000,00500,00100,02/28/2022
491,S000000,00600,00100,10001
491,S000000,00700,00100,N
491,S000000,00800,00100,N
491,S000000,00900,00100,08/08/2023
491,S000000,01000,00100,4
491,S000001,00100,00100,SIERRA DONOR SERVICES
491,S000001,00100,00200,05P004
491,S000001,00101,00100,3940 INDUSTRIAL BLVD
491,S000001,00102,00100,WEST SACRAMENTO
491,S000001,00102,00200,CA
491,S000001,00102,00300,95691
491,S000001,00300,00100,10/01/2020
491,S000001,00300,00200,09/30/2021
491,S000001,00400,00100,6
491,S000001,00400,00300,1
491,S000001,00400,00400,10/01/1990
491,S000001,00401,00300,1
491,S000002,00100,00200,Y
491,S000002,00300,00100,CFO
491,S000002,00400,00100,02/25/2022
491,S100001,00700,00100,N
491,S100001,00810,00000,SMALL BOWEL
491,S100003,00100,00100,MEDICAL DIRECTOR
491,S100003,00100,00300,MEDICAL DIRECTOR
491,S100003,00100,00500,LAB DIRECTOR
491,S100003,00101,00100,EXEC. DIRECTOR
491,S100003,00101,00300,PROCUREMENT COORDINATOR
491,S100003,00101,00500,TECHNICIANS
491,S100003,00102,00100,CLERICAL
491,S100003,00102,00300,PRESERVATION TECHNICIANS
491,S100003,00102,00500,TISSUE TYPING TECH.
491,S100003,00103,00100,OTHER
491,S100003,00103,00300,OTHER
491,S100003,00103,00500,OTHER
491,S200000,00100,00100,N
491,S200000,00200,00100,N
491,S200000,00300,00100,Y
491,S200000,00400,00100,Y
491,S200000,00400,00200,A
491,S200000,00500,00100,N
491,S200000,00600,00300,CFO
491,S200000,00700,00100,DCI DONOR SERVICES  INC.
492,A000000,00100,00000,0100CAPITAL COSTS-BLDG & FIXT
492,A000000,00200,00000,0200CAPITAL COSTS-MVBLE EQUIPMENT
492,A000000,00300,00000,0300EMPLOYEE BENEFITS
492,A000000,00400,00000,0400ADMINISTRATIVE & GENERAL
492,A000000,00500,00000,0500OPERATION AND MAINTENANCE OF PLANT
492,A000000,00600,00000,0600HOUSEKEEPING
492,A000000,00700,00000,0700MEDICAL SUPPLIES
492,A000000,00800,00000,0800OTHER OVERHEAD
492,A000000,00900,00000,0900PROCUREMENT COORDINATORS
492,A000000,01000,00000,1000PROFESSIONAL EDUCATION
492,A000000,01100,00000,1100PUBLIC EDUCATION
492,A000000,01200,00000,1200OTHER ACQUISITION
492,A000000,01300,00000,1300KIDNEY ACQUISITIONS
492,A000000,01400,00000,1400TISSUE TYPING LABORATORY
492,A000000,01500,00000,1500LIVER ACQUISITIONS
492,A000000,01600,00000,1600HEART ACQUISITIONS
492,A000000,01700,00000,1700PANCREAS ACQUISITIONS
492,A000000,01800,00000,1800LUNG ACQUISITIONS
492,A000000,01900,00000,1900OTHER ACQUISITIONS
492,A000000,02100,00000,2100RESEARCH
492,A000000,02200,00000,2200BLOOD BANK
492,A000000,02300,00000,2300LABORATORY-NON-TISSUE TYPING
492,A000000,02400,00000,2400DIALYSIS UNITS
492,A000000,02500,00000,2500OTHER NON-REIMBURSABLE
492,A100000,01700,00000,QUALITY ASSURANCE
492,A100000,01800,00000,LOBBYING
492,A100000,01900,00000,EMPLOYEE RECRUITMENT
492,A100000,01901,00000,OTHER EXPENSES-INDIRECT
492,A20H000,00900,00000,OTHER HOSPITAL COSTS
492,A20K000,00900,00000,OTHER HOSPITAL COSTS
492,A20L000,00900,00000,OTHER HOSPITAL COSTS
492,A20O000,00900,00000,OTHER HOSPITAL COSTS
492,A20P000,00900,00000,OTHER HOSPITAL COSTS
492,A20U000,00900,00000,OTHER HOSPITAL COSTS
492,A400010,00100,00000,TISSUE ALLOCATION
492,A400010,00100,00100,A
492,A400010,00100,00200,OTHER NON-REIMBURSABLE
492,A400010,00100,00500,PROCUREMENT COORDINATORS
492,A400010,00200,00000,TISSUE ALLOCATION
492,A400010,00200,00100,A
492,A400010,00200,00200,OTHER NON-REIMBURSABLE
492,A400010,00200,00500,PROFESSIONAL EDUCATION
492,A400010,00300,00000,TISSUE ALLOCATION
492,A400010,00300,00100,A
492,A400010,00300,00200,OTHER NON-REIMBURSABLE
492,A400010,00300,00500,PUBLIC EDUCATION
492,A400010,00400,00000,RECLASS FACILITY RENT
492,A400010,00400,00100,B
492,A400010,00400,00200,CAPITAL COSTS-BLDG & FIXT
492,A400010,00400,00500,ADMINISTRATIVE & GENERAL
492,A500010,00800,00100,B
492,A500010,00800,00300,PROCUREMENT COORDINATORS
492,A500010,01500,00000,LOBBYING
492,A500010,01500,00100,A
492,A500010,01500,00300,ADMINISTRATIVE & GENERAL
492,A500010,01501,00000,CHARITABLE CONTRIBUTIONS
492,A500010,01501,00100,A
492,A500010,01501,00300,ADMINISTRATIVE & GENERAL
492,A500010,01502,00000,FUNERAL HOME FEES
492,A500010,01502,00100,A
492,A500010,01502,00300,KIDNEY ACQUISITIONS
492,A51000A,00100,00100,Y
492,A51000B,00100,00200,CAPITAL COSTS-BLDG & FIXT
492,A51000B,00100,00300,FACILITY RENT
492,A51000B,00200,00200,ADMINISTRATIVE & GENERAL
492,A51000B,00200,00300,OVERHEAD ALLOCATION
492,A51000C,00100,00100,A
492,A51000C,00100,00200,DCI DONOR SERVICES  INC
492,A51000C,00100,00400,DIALYSIS CLINIC INC
492,A51000C,00100,00600,INDEPENDENT DIALYSIS
492,A60000A,00700,00000,CONSTRUCTION IN PROGRESS
492,A60000C,00500,00100,N
492,B10000*,00100,00200,CAP BLDG
492,B10000*,00100,00300,CAP COSTS
492,B10000*,00100,00400,EMPLOYEE
492,B10000*,00100,00500,MEDICAL
492,B10000*,00100,00800,ORGAN
492,B10000*,00100,01000,ADMIN &
492,B10000*,00200,00200,OP PLANT &
492,B10000*,00200,00300,MOVABLE
492,B10000*,00200,00400,BENEFITS
492,B10000*,00200,00500,SUPPLIES
492,B10000*,00200,00800,ACQUISITN
492,B10000*,00200,01000,GENERAL
492,B10000*,00300,00200,HOUSEKEEP
492,B10000*,00300,00300,EQUIPMENT
492,B10000*,00300,00800,COSTS
492,B10000*,00400,00200,SQUARE
492,B10000*,00400,00300,SQUARE
492,B10000*,00400,00400,ADJUST
492,B10000*,00400,00500,COSTED
492,B10000*,00400,00800,NUMBER
492,B10000*,00400,01000,ACCUM
492,B10000*,00500,00200,FEET
492,B10000*,00500,00300,FEET
492,B10000*,00500,00400,SALARIES
492,B10000*,00500,00500,REQUISIT
492,B10000*,00500,00800,ORGANS
492,B10000*,00500,01000,COSTS
492,B10000*,00600,00200,1
492,B10000*,00600,00300,2
492,B10000*,00600,00400,3
492,B10000*,00600,00500,3
492,B10000*,00600,00800,3
492,B10000*,00600,01000,3
492,B100000,00000,01000,X
492,E000000,00900,00000,OTHER CURRENT ASSETS
492,E000000,02600,00000,OTHER FIXED ASSETS
492,E000000,03900,00000,INTERCOMPANY PAYABLES
492,E000000,04100,00000,OTHER CURRENT LIABILITIES
492,E100001,00800,00000,OTHER ORGAN RELATED FEES
492,E100001,00900,00000,TISSUE RECOVERY REVENUE
492,E100002,00300,00000,DISALLOWABLES
492,E100002,00400,00000,BAD DEBT
492,E100002,00800,00000,COST REPORT ESTIMATE
492,E100002,00900,00000,PURCHASE DISCOUNTS
492,E100002,01000,00000,INVENTORY VARIANCE
492,S000000,00100,00100,X
492,S000000,00400,00100,2
492,S000000,00500,00100,02/28/2022
492,S000000,00600,00100,10001
492,S000000,00700,00100,N
492,S000000,00800,00100,N
492,S000000,00900,00100,08/08/2023
492,S000000,01000,00100,4
492,S000001,00100,00100,TENNESSEE DONOR SERVICES
492,S000001,00100,00200,44P001
492,S000001,00101,00100,566 MAINSTREAM DRIVE  SUITE 300
492,S000001,00102,00100,NASHVILLE
492,S000001,00102,00200,TN
492,S000001,00102,00300,37228
492,S000001,00300,00100,10/01/2020
492,S000001,00300,00200,09/30/2021
492,S000001,00400,00100,6
492,S000001,00400,00300,1
492,S000001,00400,00400,10/01/1990
492,S000001,00401,00300,1
492,S000002,00100,00200,Y
492,S000002,00300,00100,CFO
492,S000002,00400,00100,02/25/2022
492,S100001,00700,00100,N
492,S100001,00810,00000,SMALL BOWEL
492,S100003,00100,00100,MEDICAL DIRECTOR
492,S100003,00100,00300,MEDICAL DIRECTOR
492,S100003,00100,00500,LAB DIRECTOR
492,S100003,00101,00100,EXEC. DIRECTOR
492,S100003,00101,00300,PROCUREMENT COORDINATOR
492,S100003,00101,00500,TECHNICIANS
492,S100003,00102,00100,CLERICAL
492,S100003,00102,00300,PRESERVATION TECHNICIANS
492,S100003,00102,00500,TISSUE TYPING TECH.
492,S100003,00103,00100,OTHER
492,S100003,00103,00300,OTHER
492,S100003,00103,00500,OTHER
492,S200000,00100,00100,N
492,S200000,00200,00100,N
492,S200000,00300,00100,Y
492,S200000,00400,00100,Y
492,S200000,00400,00200,A
492,S200000,00500,00100,N
492,S200000,00600,00300,CFO
492,S200000,00700,00100,DCI DONOR SERVICES  INC.
493,A000000,00100,00000,0100CAPITAL COSTS-BLDG & FIXT
493,A000000,00200,00000,0200CAPITAL COSTS-MVBLE EQUIPMENT
493,A000000,00300,00000,0300EMPLOYEE BENEFITS
493,A000000,00400,00000,0400ADMINISTRATIVE & GENERAL
493,A000000,00500,00000,0500OPERATION AND MAINTENANCE OF PLANT
493,A000000,00600,00000,0600HOUSEKEEPING
493,A000000,00700,00000,0700MEDICAL SUPPLIES
493,A000000,00800,00000,0800OTHER OVERHEAD
493,A000000,00900,00000,0900PROCUREMENT COORDINATORS
493,A000000,01000,00000,1000PROFESSIONAL EDUCATION
493,A000000,01100,00000,1100PUBLIC EDUCATION
493,A000000,01200,00000,1200DONOR REFERRAL CALLS
493,A000000,01201,00000,1201OTHER ACQUISITION
493,A000000,01300,00000,1300KIDNEY ACQUISITIONS
493,A000000,01400,00000,1400TISSUE TYPING LABORATORY
493,A000000,01500,00000,1500LIVER ACQUISITIONS
493,A000000,01600,00000,1600HEART ACQUISITIONS
493,A000000,01700,00000,1700PANCREAS ACQUISITIONS
493,A000000,01800,00000,1800LUNG ACQUISITIONS
493,A000000,01900,00000,1900SMALL BOWELS
493,A000000,01901,00000,1901OTHER ACQUISITIONS
493,A000000,02100,00000,2100RESEARCH
493,A000000,02200,00000,2200BLOOD BANK
493,A000000,02300,00000,2300LABORATORY-NON-TISSUE TYPING
493,A000000,02400,00000,2400DIALYSIS UNITS
493,A000000,02500,00000,2500OTHER NON-REIMBURSABLE
493,A100000,01700,00000,CONTRACT LABOR
493,A100000,01800,00000,DUES & SUBCRIPTIONS
493,A100000,01900,00000,POSTAGE & FREIGHT
493,A100000,01901,00000,MISC EXPENSE
493,A20H000,00900,00000,RADIOLOGY
493,A20H000,02100,00000,MISC ORGAN COSTS
493,A20K000,00900,00000,RADIOLOGY
493,A20K000,02100,00000,MISC ORGAN COSTS
493,A20L000,00900,00000,RADIOLOGY
493,A20L000,02100,00000,MISC ORGAN COSTS
493,A20O000,00900,00000,RADIOLOGY
493,A20O000,02100,00000,MISC ORGAN COST
493,A20P000,00900,00000,RADIOLOGY
493,A20P000,02100,00000,MISC ORGAN COSTS
493,A20U000,00900,00000,RADIOLOGY
493,A20U000,02100,00000,MISC ORGAN COSTS
493,A400010,00100,00000,OFFICE SPACE LEASES
493,A400010,00100,00100,A
493,A400010,00100,00200,CAPITAL COSTS-BLDG & FIXT
493,A400010,00100,00500,ADMINISTRATIVE & GENERAL
493,A400010,00200,00000,EQUIMENT LEASES
493,A400010,00200,00100,B
493,A400010,00200,00200,CAPITAL COSTS-MVBLE EQUIPMENT
493,A400010,00200,00500,ADMINISTRATIVE & GENERAL
493,A400010,00300,00000,INSURANCE RECLASS
493,A400010,00300,00100,C
493,A400010,00300,00200,CAPITAL COSTS-MVBLE EQUIPMENT
493,A400010,00300,00500,ADMINISTRATIVE & GENERAL
493,A400010,00400,00000,DONOR REFERRAL CALLS
493,A400010,00400,00100,D
493,A400010,00400,00200,DONOR REFERRAL CALLS
493,A400010,00400,00500,ADMINISTRATIVE & GENERAL
493,A400010,00500,00000,BUILDING DEPR
493,A400010,00500,00100,E
493,A400010,00500,00200,CAPITAL COSTS-BLDG & FIXT
493,A400010,00500,00500,CAPITAL COSTS-MVBLE EQUIPMENT
493,A500010,00800,00100,B
493,A500010,00800,00300,PROCUREMENT COORDINATORS
493,A500010,01500,00000,INTEREST INCOME
493,A500010,01500,00100,B
493,A500010,01500,00300,CAPITAL COSTS-BLDG & FIXT
493,A500010,01600,00000,LOBBYING EXPENSE
493,A500010,01600,00100,A
493,A500010,01600,00300,ADMINISTRATIVE & GENERAL
493,A51000A,00100,00100,N
493,A60000A,00700,00000,CIP
493,A60000C,00500,00100,N
493,B10000*,00100,00200,CAP BLDG
493,B10000*,00100,00300,CAP COSTS
493,B10000*,00100,00400,EMPLOYEE
493,B10000*,00100,00500,MEDICAL
493,B10000*,00100,00800,ORGAN
493,B10000*,00100,01000,ADMIN &
493,B10000*,00200,00200,OP PLANT &
493,B10000*,00200,00300,MOVABLE
493,B10000*,00200,00400,BENEFITS
493,B10000*,00200,00500,SUPPLIES
493,B10000*,00200,00800,ACQUISITN
493,B10000*,00200,01000,GENERAL
493,B10000*,00300,00200,HOUSEKEEP
493,B10000*,00300,00300,EQUIPMENT
493,B10000*,00300,00800,COSTS
493,B10000*,00400,00200,SQUARE
493,B10000*,00400,00300,DOLLAR
493,B10000*,00400,00400,ADJUST
493,B10000*,00400,00500,COSTED
493,B10000*,00400,00800,NUMBER
493,B10000*,00400,01000,ACCUM
493,B10000*,00500,00200,FEET
493,B10000*,00500,00300,VALUE
493,B10000*,00500,00400,SALARIES
493,B10000*,00500,00500,REQUISIT
493,B10000*,00500,00800,ORGANS
493,B10000*,00500,01000,COSTS
493,B10000*,00600,00200,1
493,B10000*,00600,00300,2
493,B10000*,00600,00400,3
493,B10000*,00600,00500,3
493,B10000*,00600,00800,3
493,B10000*,00600,01000,3
493,B100000,00000,01000,X
493,E000000,00900,00000,OTHER CURRENT ASSETS
493,E000000,02600,00000,CIP
493,E000000,03900,00000,DUE TO MEDICARE
493,E000000,04100,00000,ACCRUED EXPENSES
493,E000000,04600,00000,LOAN CLOSING FEES
493,E000000,04700,00000,PPP LOAN PAYABLE - LONG TERM
493,E100001,00700,00000,MEDICARE ADJUSTMENT
493,E100001,00800,00000,SURGEON FEE REVENUE
493,E100002,00300,00000,MEDICARE CONTRACTUAL
493,E100002,00400,00000,ROUNDING
493,E100002,00800,00000,ROUNDING
493,E200000,01500,00000,PPP LOAN FORGIVENESS
493,E200000,02600,00000,INVESTMENT LOSS
493,S000000,00100,00100,X
493,S000000,00400,00100,2
493,S000000,00500,00100,03/31/2022
493,S000000,00600,00100,10001
493,S000000,00700,00100,N
493,S000000,00800,00100,N
493,S000000,00900,00100,08/08/2023
493,S000000,01000,00100,4
493,S000001,00100,00100,TEXAS ORGAN SHARING ALLIANCE
493,S000001,00100,00200,45P004
493,S000001,00101,00100,5051 HAMILTON WOLFE DRIVE
493,S000001,00102,00100,SAN ANTONIO
493,S000001,00102,00200,TX
493,S000001,00102,00300,78229
493,S000001,00300,00100,01/01/2021
493,S000001,00300,00200,12/31/2021
493,S000001,00400,00100,6
493,S000001,00400,00300,1
493,S000001,00400,00400,04/10/1979
493,S000001,00401,00300,1
493,S000002,00100,00200,Y
493,S000002,00300,00100,SR VP & COO
493,S000002,00400,00100,03/31/2022
493,S100001,00700,00100,N
493,S100001,00810,00000,SMALL BOWELS
493,S100003,00100,00100,MEDICAL DIRECTOR
493,S100003,00100,00300,MEDICAL DIRECTOR
493,S100003,00100,00500,LAB DIRECTOR
493,S100003,00101,00100,EXEC. DIRECTOR
493,S100003,00101,00300,PROCUREMENT COORDINATOR
493,S100003,00101,00500,TECHNICIANS
493,S100003,00102,00100,CLERICAL
493,S100003,00102,00300,PRESERVATION TECHNICIANS
493,S100003,00102,00500,TISSUE TYPING TECH.
493,S100003,00103,00100,OTHER
493,S100003,00103,00300,OTHER
493,S100003,00103,00500,OTHER
493,S200000,00100,00100,N
493,S200000,00200,00100,N
493,S200000,00300,00100,N
493,S200000,00400,00100,Y
493,S200000,00400,00200,A
493,S200000,00500,00100,N
493,S200000,00600,00300,SENIOR VP & COO
493,S200000,00700,00100,TOSA
494,A000000,00100,00000,0100CAPITAL COSTS-BLDG & FIXT
494,A000000,00200,00000,0200CAPITAL COSTS-MVBLE EQUIPMENT
494,A000000,00300,00000,0300EMPLOYEE BENEFITS
494,A000000,00400,00000,0400ADMINISTRATIVE & GENERAL
494,A000000,00500,00000,0500OPERATION AND MAINTENANCE OF PLANT
494,A000000,00600,00000,0600HOUSEKEEPING
494,A000000,00700,00000,0700MEDICAL SUPPLIES
494,A000000,00800,00000,0800OTHER OVERHEAD
494,A000000,00900,00000,0900PROCUREMENT COORDINATORS
494,A000000,01000,00000,1000PROFESSIONAL EDUCATION
494,A000000,01100,00000,1100PUBLIC EDUCATION
494,A000000,01200,00000,1200OTHER ACQUISITION
494,A000000,01300,00000,1300KIDNEY ACQUISITIONS
494,A000000,01400,00000,1400TISSUE TYPING LABORATORY
494,A000000,01500,00000,1500LIVER ACQUISITIONS
494,A000000,01600,00000,1600HEART ACQUISITIONS
494,A000000,01700,00000,1700PANCREAS ACQUISITIONS
494,A000000,01800,00000,1800LUNG ACQUISITIONS
494,A000000,01900,00000,1900OTHER ACQUISITIONS
494,A000000,02100,00000,2100RESEARCH
494,A000000,02200,00000,2200BLOOD BANK
494,A000000,02300,00000,2300LABORATORY-NON-TISSUE TYPING
494,A000000,02400,00000,2400DIALYSIS UNITS
494,A000000,02500,00000,2500OTHER NON-REIMBURSABLE
494,A100000,01700,00000,OTHER ADMIN AND GENERAL
494,A300000,00600,00000,OTHER TISSUE TYPING COST
494,A500010,00100,00100,B
494,A500010,00100,00300,OTHER NON-REIMBURSABLE
494,A500010,00200,00100,B
494,A500010,00200,00300,MEDICAL SUPPLIES
494,A500010,01000,00100,B
494,A500010,01000,00300,ADMINISTRATIVE & GENERAL
494,A500010,01500,00000,MISCELLANEOUS INCOME
494,A500010,01500,00100,B
494,A500010,01500,00300,OTHER NON-REIMBURSABLE
494,A500010,01600,00000,HOME OFFICE WORKERS COMPENSATION
494,A500010,01600,00100,A
494,A500010,01600,00300,EMPLOYEE BENEFITS
494,A51000A,00100,00100,Y
494,A51000B,00100,00200,CAPITAL COSTS-BLDG & FIXT
494,A51000B,00100,00300,CAPITAL COST-BLDG & FIXT MMC
494,A51000B,00200,00200,CAPITAL COSTS-BLDG & FIXT
494,A51000B,00200,00300,CAPITAL COST-BLDG & FIXT MH
494,A51000B,00300,00200,EMPLOYEE BENEFITS
494,A51000B,00300,00300,EMPLOYEE BENEFIT
494,A51000B,00400,00200,ADMINISTRATIVE & GENERAL
494,A51000B,00400,00300,ADMINISTRATIVE & GENERAL
494,A51000B,00401,00200,OPERATION AND MAINTENANCE OF PLANT
494,A51000B,00401,00300,OPERATION AND MAINTENANCE OF PLANT
494,A51000C,00100,00100,B
494,A51000C,00100,00200,MAINEHEALTH
494,A51000C,00100,00400,CORPORATE OFFICE
494,A60000A,00700,00000,LEASHOLD IMPROVMENTS
494,B10000*,00100,00200,CAP BLDG
494,B10000*,00100,00300,CAP COSTS
494,B10000*,00100,00400,EMPLOYEE
494,B10000*,00100,00500,MEDICAL
494,B10000*,00100,00800,ORGAN
494,B10000*,00100,01000,ADMIN &
494,B10000*,00200,00200,OP PLANT &
494,B10000*,00200,00300,MOVABLE
494,B10000*,00200,00400,BENEFITS
494,B10000*,00200,00500,SUPPLIES
494,B10000*,00200,00800,ACQUISITN
494,B10000*,00200,01000,GENERAL
494,B10000*,00300,00200,HOUSEKEEP
494,B10000*,00300,00300,EQUIPMENT
494,B10000*,00300,00800,COSTS
494,B10000*,00400,00200,SQUARE
494,B10000*,00400,00300,DOLLAR
494,B10000*,00400,00400,ADJUST
494,B10000*,00400,00500,COSTED
494,B10000*,00400,00800,NUMBER
494,B10000*,00400,01000,ACCUM
494,B10000*,00500,00200,FEET
494,B10000*,00500,00300,VALUE
494,B10000*,00500,00400,SALARIES
494,B10000*,00500,00500,REQUISIT
494,B10000*,00500,00800,ORGANS
494,B10000*,00500,01000,COSTS
494,B10000*,00600,00200,1
494,B10000*,00600,00300,2
494,B10000*,00600,00400,3
494,B10000*,00600,00500,3
494,B10000*,00600,00800,3
494,B10000*,00600,01000,3
494,B100000,00000,01000,X
494,E000000,00900,00000,OTHER CURRENT
494,E000000,02600,00000,OTHER FIXED ASSETS
494,E000000,03100,00000,OTHER LONG TERM ASSETS
494,E000000,03900,00000,DUE TO AFF-MH SEHR
494,E000000,04100,00000,DEFFERED REVENUE
494,E000000,04600,00000,DUE TO OTHER FUNDS
494,E100001,00700,00000,OTHER PATIENT SERVICE FEES
494,E200000,01500,00000,OOI
494,E200000,01600,00000,CHANGE IN FAIR VALUE OF INVESTMENT
494,E200000,02600,00000,EQUITY TRANSFER FROM AFFILIATES
494,S000000,00100,00100,X
494,S000000,00400,00100,2
494,S000000,00500,00100,03/01/2022
494,S000000,00600,00100,10001
494,S000000,00700,00100,N
494,S000000,00800,00100,N
494,S000000,00900,00100,08/08/2023
494,S000000,01000,00100,4
494,S000001,00100,00100,NORDX
494,S000001,00100,00200,20HL02
494,S000001,00101,00100,301A US ROUTE ONE
494,S000001,00102,00100,SCARBOROUGH
494,S000001,00102,00200,ME
494,S000001,00102,00300,04074
494,S000001,00300,00100,10/01/2020
494,S000001,00300,00200,09/30/2021
494,S000001,00400,00100,2
494,S000001,00400,00300,2
494,S000001,00400,00400,10/01/1997
494,S000001,00401,00300,2
494,S000002,00100,00200,Y
494,S000002,00300,00100,CHIEF FINANCIAL OFFICER
494,S000002,00400,00100,02/23/2022
494,S100001,00700,00100,N
494,S100001,00810,00000,OTHER
494,S100002,00400,00100,ABC (CLASS 1)
494,S100002,00401,00100,CLASS 1 DNA
494,S100002,00402,00100,DR (CLASS II)
494,S100002,00403,00100,CLASS II DNA
494,S100002,00404,00100,ABO
494,S100002,00405,00100,AUTO XM (CDC)
494,S100002,00406,00100,PTXM
494,S100002,00407,00100,FCXM
494,S100002,00408,00100,WBC I
494,S100002,00409,00100,WBC II
494,S100002,00410,00100,AB ID I
494,S100002,00411,00100,AB ID II
494,S100002,00412,00100,STAT
494,S100003,00100,00100,MEDICAL DIRECTOR
494,S100003,00100,00300,MEDICAL DIRECTOR
494,S100003,00100,00500,LAB DIRECTOR
494,S100003,00101,00100,EXEC. DIRECTOR
494,S100003,00101,00300,PROCUREMENT COORDINATOR
494,S100003,00101,00500,TECHNICIANS
494,S100003,00102,00100,CLERICAL
494,S100003,00102,00300,PRESERVATION TECHNICIANS
494,S100003,00102,00500,TISSUE TYPING TECH.
494,S100003,00103,00100,OTHER
494,S100003,00103,00300,OTHER
494,S100003,00103,00500,OTHER
494,S200000,00100,00100,N
494,S200000,00200,00100,N
494,S200000,00300,00100,Y
494,S200000,00400,00100,N
494,S200000,00500,00100,N
494,S200000,00600,00300,REIMBURSEMENT MANAGER
494,S200000,00700,00100,MAINEHEALTH
495,A000000,00100,00000,0100CAPITAL COSTS-BLDG & FIXT
495,A000000,00200,00000,0200CAPITAL COSTS-MVBLE EQUIPMENT
495,A000000,00300,00000,0300EMPLOYEE BENEFITS
495,A000000,00400,00000,0400ADMINISTRATIVE & GENERAL
495,A000000,00500,00000,0500OPERATION AND MAINTENANCE OF PLANT
495,A000000,00600,00000,0600HOUSEKEEPING
495,A000000,00700,00000,0700MEDICAL SUPPLIES
495,A000000,00800,00000,0800OTHER OVERHEAD
495,A000000,00900,00000,0900PROCUREMENT COORDINATORS
495,A000000,01000,00000,1000PROFESSIONAL EDUCATION
495,A000000,01100,00000,1100PUBLIC EDUCATION
495,A000000,01200,00000,1200OTHER ACQUISITION
495,A000000,01300,00000,1300KIDNEY ACQUISITIONS
495,A000000,01400,00000,1400TISSUE TYPING LABORATORY
495,A000000,01500,00000,1500LIVER ACQUISITIONS
495,A000000,01600,00000,1600HEART ACQUISITIONS
495,A000000,01700,00000,1700PANCREAS ACQUISITIONS
495,A000000,01800,00000,1800LUNG ACQUISITIONS
495,A000000,01900,00000,1900OTHER ACQUISITIONS
495,A000000,02100,00000,2100RESEARCH
495,A000000,02200,00000,2200BLOOD BANK
495,A000000,02300,00000,2300LABORATORY-NON-TISSUE TYPING
495,A000000,02400,00000,2400DIALYSIS UNITS
495,A000000,02500,00000,2500OTHER NON-REIMBURSABLE
495,A100000,01700,00000,QUALITY ASSURANCE
495,A100000,01800,00000,EMPLOYEE RECRUITMENT
495,A100000,01900,00000,OTHER EXPENSES-INDIRECT
495,A20H000,00900,00000,OTHER EXPENSES-INDIRECT
495,A20K000,00900,00000,OTHER EXPENSES-INDIRECT
495,A20L000,00900,00000,OTHER EXPENSES-INDIRECT
495,A20O000,00900,00000,OTHER EXPENSES-INDIRECT
495,A20P000,00900,00000,OTHER EXPENSES-INDIRECT
495,A20U000,00900,00000,OTHER EXPENSES-INDIRECT
495,A400010,00100,00000,TISSUE ALLOCATION
495,A400010,00100,00100,A
495,A400010,00100,00200,OTHER NON-REIMBURSABLE
495,A400010,00100,00500,PROCUREMENT COORDINATORS
495,A400010,00200,00000,TISSUE ALLOCATION
495,A400010,00200,00100,A
495,A400010,00200,00200,OTHER NON-REIMBURSABLE
495,A400010,00200,00500,PROFESSIONAL EDUCATION
495,A400010,00300,00000,TISSUE ALLOCATION
495,A400010,00300,00100,A
495,A400010,00300,00200,OTHER NON-REIMBURSABLE
495,A400010,00300,00500,PUBLIC EDUCATION
495,A500010,00800,00100,B
495,A500010,00800,00300,PROCUREMENT COORDINATORS
495,A51000A,00100,00100,Y
495,A51000B,00100,00200,ADMINISTRATIVE & GENERAL
495,A51000B,00100,00300,DIVISION OVERHEAD EXPENSE
495,A51000C,00100,00100,A
495,A51000C,00100,00200,NEW MEXICO DONOR SERVICES
495,A51000C,00100,00400,DCI DONOR SERVICES INC
495,A51000C,00100,00600,ORGAN PROCUREMENT ORGANIZATION
495,A60000C,00500,00100,N
495,B10000*,00100,00200,CAP BLDG
495,B10000*,00100,00300,CAP COSTS
495,B10000*,00100,00400,EMPLOYEE
495,B10000*,00100,00500,MEDICAL
495,B10000*,00100,00800,ORGAN
495,B10000*,00100,01000,ADMIN &
495,B10000*,00200,00200,OP PLANT &
495,B10000*,00200,00300,MOVABLE
495,B10000*,00200,00400,BENEFITS
495,B10000*,00200,00500,SUPPLIES
495,B10000*,00200,00800,ACQUISITN
495,B10000*,00200,01000,GENERAL
495,B10000*,00300,00200,HOUSEKEEP
495,B10000*,00300,00300,EQUIPMENT
495,B10000*,00300,00800,COSTS
495,B10000*,00400,00200,SQUARE
495,B10000*,00400,00300,DOLLAR
495,B10000*,00400,00400,ADJUST
495,B10000*,00400,00500,COSTED
495,B10000*,00400,00800,NUMBER
495,B10000*,00400,01000,ACCUM
495,B10000*,00500,00200,FEET
495,B10000*,00500,00300,VALUE
495,B10000*,00500,00400,SALARIES
495,B10000*,00500,00500,REQUISIT
495,B10000*,00500,00800,ORGANS
495,B10000*,00500,01000,COSTS
495,B10000*,00600,00200,1
495,B10000*,00600,00300,2
495,B10000*,00600,00400,3
495,B10000*,00600,00500,3
495,B10000*,00600,00800,3
495,B10000*,00600,01000,3
495,B100000,00000,01000,X
495,E000000,00900,00000,OTHER CURRENT ASSETS
495,E000000,02600,00000,OTHER FIXED ASSETS
495,E000000,03900,00000,INTERCOMPANY PAYABLES
495,E000000,04100,00000,OTHER CURRENT LIABILITIES
495,E100001,00800,00000,OTHER ORGAN RELATED FEES
495,E100001,00900,00000,TISSUE RECOVERY REVENUE
495,E100002,00300,00000,DISALLOWABLES
495,E100002,00400,00000,INVENTORY VARIANCE
495,E100002,00500,00000,BAD DEBT
495,E100002,00800,00000,PURCHASE DISCOUNTS
495,E100002,00900,00000,ESTIMATED COST REPORT REIMBURSEMENT
495,S000000,00100,00100,X
495,S000000,00400,00100,2
495,S000000,00500,00100,03/01/2022
495,S000000,00600,00100,10001
495,S000000,00700,00100,N
495,S000000,00800,00100,N
495,S000000,00900,00100,08/08/2023
495,S000000,01000,00100,4
495,S000001,00100,00100,NEW MEXICO DONOR SERVICES
495,S000001,00100,00200,32P001
495,S000001,00101,00100,1609 UNIVERSITY BLVD NE
495,S000001,00102,00100,ALBUQUERQUE
495,S000001,00102,00200,NM
495,S000001,00102,00300,87102
495,S000001,00300,00100,10/01/2020
495,S000001,00300,00200,09/30/2021
495,S000001,00400,00100,6
495,S000001,00400,00300,1
495,S000001,00400,00400,10/01/1992
495,S000001,00401,00300,1
495,S000002,00100,00200,Y
495,S000002,00300,00100,CFO
495,S000002,00400,00100,02/25/2022
495,S100001,00700,00100,N
495,S100001,00810,00000,SMALL BOWEL
495,S100003,00100,00100,MEDICAL DIRECTOR
495,S100003,00100,00300,MEDICAL DIRECTOR
495,S100003,00100,00500,LAB DIRECTOR
495,S100003,00101,00100,EXEC. DIRECTOR
495,S100003,00101,00300,PROCUREMENT COORDINATOR
495,S100003,00101,00500,TECHNICIANS
495,S100003,00102,00100,CLERICAL
495,S100003,00102,00300,PRESERVATION TECHNICIANS
495,S100003,00102,00500,TISSUE TYPING TECH.
495,S100003,00103,00100,OTHER
495,S100003,00103,00300,OTHER
495,S100003,00103,00500,OTHER
495,S200000,00100,00100,N
495,S200000,00200,00100,N
495,S200000,00300,00100,Y
495,S200000,00400,00100,Y
495,S200000,00400,00200,A
495,S200000,00500,00100,N
495,S200000,00600,00300,CFO
495,S200000,00700,00100,DCI DONOR SERVICES  INC.
496,A000000,00100,00000,0100CAPITAL COSTS-BLDG & FIXT
496,A000000,00200,00000,0200CAPITAL COSTS-MVBLE EQUIPMENT
496,A000000,00300,00000,0300EMPLOYEE BENEFITS
496,A000000,00400,00000,0400ADMINISTRATIVE & GENERAL
496,A000000,00500,00000,0500OPERATION AND MAINTENANCE OF PLANT
496,A000000,00600,00000,0600HOUSEKEEPING
496,A000000,00700,00000,0700MEDICAL SUPPLIES
496,A000000,00800,00000,0800OTHER OVERHEAD
496,A000000,00900,00000,0900PROCUREMENT COORDINATORS
496,A000000,01000,00000,1000PROFESSIONAL EDUCATION
496,A000000,01100,00000,1100PUBLIC EDUCATION
496,A000000,01200,00000,1200OTHER ACQUISITION
496,A000000,01300,00000,1300KIDNEY ACQUISITIONS
496,A000000,01400,00000,1400TISSUE TYPING LABORATORY
496,A000000,01500,00000,1500LIVER ACQUISITIONS
496,A000000,01600,00000,1600HEART ACQUISITIONS
496,A000000,01700,00000,1700PANCREAS ACQUISITIONS
496,A000000,01800,00000,1800LUNG ACQUISITIONS
496,A000000,01900,00000,1900OTHER ACQUISITIONS
496,A000000,02100,00000,2100RESEARCH
496,A000000,02200,00000,2200BLOOD BANK
496,A000000,02300,00000,2300LABORATORY-NON-TISSUE TYPING
496,A000000,02400,00000,2400DIALYSIS UNITS
496,A000000,02500,00000,2500OTHER NON-REIMBURSABLE
496,A300000,00600,00000,LABORATORY SUPPLIES
496,A300000,00700,00000,MINOR MEDICAL EQUIPMENT
496,A300000,00800,00000,FREIGHT IN
496,A300000,00900,00000,OTHER DIRECT EXPENSES
496,A300000,01000,00000,OTHER INDIRECT EXPENSES
496,A500010,01500,00000,HOME OFFICE COSTS
496,A500010,01500,00100,A
496,A500010,01500,00300,TISSUE TYPING LABORATORY
496,A51000A,00100,00100,Y
496,A51000B,00100,00200,TISSUE TYPING LABORATORY
496,A51000B,00100,00300,DATA PROCESSING - CORPORATE
496,A51000B,00200,00200,TISSUE TYPING LABORATORY
496,A51000B,00200,00300,COMPUTER SOFTWARE - DCI
496,A51000B,00300,00200,TISSUE TYPING LABORATORY
496,A51000B,00300,00300,RENT PAID TO CORPORATE
496,A51000B,00400,00200,TISSUE TYPING LABORATORY
496,A51000B,00400,00300,CORPORATE ALLOCATION
496,A51000C,00100,00100,B
496,A51000C,00100,00200,DCI LABORATORY
496,A51000C,00100,00400,DIALYSIS CLINIC INC
496,A51000C,00100,00600,INDEPENDENT DIALYSIS
496,A60000A,00700,00000,COMPUTER EQUIPMENT
496,A60000B,00800,00000,COMPUTER EQUIPMENT
496,A60000C,00500,00100,N
496,B10000*,00100,00200,CAP BLDG
496,B10000*,00100,00300,CAP COSTS
496,B10000*,00100,00400,EMPLOYEE
496,B10000*,00100,00500,MEDICAL
496,B10000*,00100,00800,ORGAN
496,B10000*,00100,01000,ADMIN &
496,B10000*,00200,00200,OP PLANT &
496,B10000*,00200,00300,MOVABLE
496,B10000*,00200,00400,BENEFITS
496,B10000*,00200,00500,SUPPLIES
496,B10000*,00200,00800,ACQUISITN
496,B10000*,00200,01000,GENERAL
496,B10000*,00300,00200,HOUSEKEEP
496,B10000*,00300,00300,EQUIPMENT
496,B10000*,00300,00800,COSTS
496,B10000*,00400,00200,SQUARE
496,B10000*,00400,00300,DOLLAR
496,B10000*,00400,00400,ADJUST
496,B10000*,00400,00500,COSTED
496,B10000*,00400,00800,NUMBER
496,B10000*,00400,01000,ACCUM
496,B10000*,00500,00200,FEET
496,B10000*,00500,00300,VALUE
496,B10000*,00500,00400,SALARIES
496,B10000*,00500,00500,REQUISIT
496,B10000*,00500,00800,ORGANS
496,B10000*,00500,01000,COSTS
496,B10000*,00600,00200,1
496,B10000*,00600,00300,2
496,B10000*,00600,00400,3
496,B10000*,00600,00500,3
496,B10000*,00600,00800,3
496,B10000*,00600,01000,3
496,B100000,00000,01000,X
496,E000000,00900,00000,OTHER CURRENT ASSETS
496,E000000,02600,00000,OTHER FIXED ASSETS
496,E000000,04100,00000,SUSPENSE
496,E100002,00300,00000,PROVIDER COST REIMBURSEMENT
496,S000000,00100,00100,X
496,S000000,00400,00100,2
496,S000000,00500,00100,02/28/2022
496,S000000,00600,00100,10001
496,S000000,00700,00100,N
496,S000000,00800,00100,N
496,S000000,00900,00100,08/08/2023
496,S000000,01000,00100,4
496,S000001,00100,00100,DCI LABORATORY
496,S000001,00100,00200,44HL01
496,S000001,00101,00100,1616 HAYES STREET
496,S000001,00102,00100,NASHVILLE
496,S000001,00102,00200,TN
496,S000001,00102,00300,37203
496,S000001,00300,00100,10/01/2020
496,S000001,00300,00200,09/30/2021
496,S000001,00400,00100,6
496,S000001,00400,00300,2
496,S000001,00400,00400,10/01/1978
496,S000001,00401,00300,1
496,S000002,00100,00200,Y
496,S000002,00300,00100,LABORATORY DIRECTOR
496,S000002,00400,00100,02/24/2022
496,S100001,00700,00100,N
496,S100001,00810,00000,OTHER
496,S100002,00400,00100,HLA-CLASS I SINGLE ANTIGEN (EX. B27)
496,S100002,00401,00100,ABO TYPING
496,S100002,00402,00100,T CELL CROSSMATCH - CYTOTOXIC/AHG
496,S100002,00403,00100,FLOW CYTOMETRY CROSSMATCH (T AND B C
496,S100002,00404,00100,HLA CLASS I ANTIBODY SCREEN - FLOW C
496,S100002,00405,00100,HLA CLASS I AND CLASS II ANTIBODY SC
496,S100002,00406,00100,DECEASED DONOR WORKUP - LOCAL
496,S100002,00407,00100,SERUM ARCHIVE
496,S100002,00408,00100,A1 TITER (SENDOUT)
496,S100002,00409,00100,FLOW CYTOMETRY AUTO-CROSSMATCH (T AN
496,S100002,00410,00100,HLA CLASS I ANTIBODY ID WITH C1Q BIN
496,S100002,00411,00100,HLA CLASS II ANTIBODY ID WITH C1Q BI
496,S100002,00412,00100,FLOW PRA STAT CHARGE
496,S100002,00413,00100,DNA EXTRACT AND HOLD
496,S100002,00414,00100,HLA-DPB1 TYPING
496,S100002,00415,00100,HLA CLASS I SINGLE LOCUS TYPING - LO
496,S100002,00416,00100,HLA CLASS II  ONE LOCUS  LOW RESOLUT
496,S100002,00417,00100,DECEASED DONOR WORK-UP IMPORT
496,S100002,00418,00100,HLA CLASS I AND CLASS II ANTIBODY SC
496,S100002,00419,00100,T CELL CROSSMATCH - CYTOOXIC/AHG (NO
496,S100002,00420,00100,FLOW CYTOMETRY CROSSMATCH (T AND B C
496,S100002,00421,00100,T CEL CYTOTOXIC CROSSMATCH (CHARGE T
496,S100002,00422,00100,FLOW CYTOMETRY CROSSMATCH - T AND B
496,S100002,00423,00100,ABO REVERSE TYPING ONLY
496,S100002,00424,00100,HLA CLASS I ANTIBODY ID - LUMINEX SI
496,S100002,00425,00100,HLA CLASS II ANTIBODY ID - LUMINEX S
496,S100002,00426,00100,FLOW CROSSMATCH WITH TITERS
496,S100002,00427,00100,T AND B CELL CYTOTOXIC CROSSMATCH
496,S100002,00428,00100,A1 TITER (NO DONOR)
496,S100002,00429,00100,HLA CLASS I ANTIBODY ID - LUMINEX SI
496,S100002,00430,00100,HLA CLASS II ANTIBODY ID - LUMINEX S
496,S100002,00431,00100,HLA COMP TYPING:HR(HLA-A B C DR DRB3
496,S100003,00100,00100,MEDICAL DIRECTOR
496,S100003,00100,00300,MEDICAL DIRECTOR
496,S100003,00100,00500,LAB DIRECTOR
496,S100003,00101,00100,EXEC. DIRECTOR
496,S100003,00101,00300,PROCUREMENT COORDINATOR
496,S100003,00101,00500,TECHNICIANS
496,S100003,00102,00100,CLERICAL
496,S100003,00102,00300,PRESERVATION TECHNICIANS
496,S100003,00102,00500,TISSUE TYPING TECH.
496,S100003,00103,00100,OTHER
496,S100003,00103,00300,OTHER
496,S100003,00103,00500,OTHER
496,S200000,00100,00100,N
496,S200000,00200,00100,N
496,S200000,00300,00100,Y
496,S200000,00400,00100,Y
496,S200000,00400,00200,A
496,S200000,00500,00100,N
496,S200000,00600,00300,LABORATORY DIRECTOR
496,S200000,00700,00100,DIALYSIS CLINIC INC
497,A000000,00100,00000,0100CAPITAL COSTS-BLDG & FIXT
497,A000000,00200,00000,0200CAPITAL COSTS-MVBLE EQUIPMENT
497,A000000,00300,00000,0300EMPLOYEE BENEFITS
497,A000000,00400,00000,0400ADMINISTRATIVE & GENERAL
497,A000000,00500,00000,0500OPERATION AND MAINTENANCE OF PLANT
497,A000000,00600,00000,0600HOUSEKEEPING
497,A000000,00700,00000,0700MEDICAL SUPPLIES
497,A000000,00800,00000,0800OTHER OVERHEAD
497,A000000,00900,00000,0900PROCUREMENT COORDINATORS
497,A000000,01000,00000,1000PROFESSIONAL EDUCATION
497,A000000,01100,00000,1100PUBLIC EDUCATION
497,A000000,01200,00000,1200OTHER ACQUISITION
497,A000000,01300,00000,1300KIDNEY ACQUISITIONS
497,A000000,01400,00000,1400TISSUE TYPING LABORATORY
497,A000000,01500,00000,1500LIVER ACQUISITIONS
497,A000000,01600,00000,1600HEART ACQUISITIONS
497,A000000,01700,00000,1700PANCREAS ACQUISITIONS
497,A000000,01800,00000,1800LUNG ACQUISITIONS
497,A000000,01900,00000,1900OTHER ACQUISITIONS
497,A000000,02100,00000,2100RESEARCH
497,A000000,02200,00000,2200BLOOD BANK
497,A000000,02300,00000,2300LABORATORY-NON-TISSUE TYPING
497,A000000,02400,00000,2400DIALYSIS UNITS
497,A100000,01700,00000,BENEFITS
497,A100000,01800,00000,DEPRECIATION
497,A100000,01900,00000,PROFESSIONAL FEES
497,A100000,01901,00000,BUILDING EXPENSE
497,A100000,01902,00000,TELEPHONE
497,A100000,01903,00000,UTILITIES
497,A100000,01904,00000,NON-REIMBURSABLE COSTS
497,A300000,00600,00000,SALARIES
497,A300000,00700,00000,DEPRECIATION
497,A300000,00800,00000,ADMIN & GENERAL
497,A300000,00900,00000,BENEFITS
497,A300000,01000,00000,DISPOSAL SERVICE
497,A300000,01001,00000,UTILITIES
497,A300000,01002,00000,SUPPLIES
497,A300000,01003,00000,ACQ COSTS ON NEW SUBSIDIARIES
497,A500010,01500,00000,ACQUISITION COST ON NEW SUBS
497,A500010,01500,00100,A
497,A500010,01500,00300,TISSUE TYPING LABORATORY
497,A500010,01501,00000,HCTTL TIME BILL-BACKS
497,A500010,01501,00100,B
497,A500010,01501,00300,TISSUE TYPING LABORATORY
497,A51000A,00100,00100,Y
497,A51000B,00100,00200,ADMINISTRATIVE & GENERAL
497,A51000B,00100,00300,VRL ADMIN COSTS
497,A51000C,00100,00100,B
497,A51000C,00100,00400,EUROFINS VRL  INC.
497,A51000C,00100,00600,BIO-ANALYTICAL TESTING
497,A60000A,00700,00000,FIXED ASSET CLEARING
497,A60000C,00500,00100,N
497,B10000*,00100,00200,CAP BLDG
497,B10000*,00100,00300,CAP COSTS
497,B10000*,00100,00400,EMPLOYEE
497,B10000*,00100,00500,MEDICAL
497,B10000*,00100,00800,ORGAN
497,B10000*,00100,01000,ADMIN &
497,B10000*,00200,00200,OP PLANT &
497,B10000*,00200,00300,MOVABLE
497,B10000*,00200,00400,BENEFITS
497,B10000*,00200,00500,SUPPLIES
497,B10000*,00200,00800,ACQUISITN
497,B10000*,00200,01000,GENERAL
497,B10000*,00300,00200,HOUSEKEEP
497,B10000*,00300,00300,EQUIPMENT
497,B10000*,00300,00800,COSTS
497,B10000*,00400,00200,SQUARE
497,B10000*,00400,00300,DOLLAR
497,B10000*,00400,00400,ADJUST
497,B10000*,00400,00500,COSTED
497,B10000*,00400,00600,ACCUMULATE
497,B10000*,00400,00800,NUMBER
497,B10000*,00400,01000,ACCUM
497,B10000*,00500,00200,FEET
497,B10000*,00500,00300,VALUE
497,B10000*,00500,00400,SALARIES
497,B10000*,00500,00500,REQUISIT
497,B10000*,00500,00600,D COST
497,B10000*,00500,00800,ORGANS
497,B10000*,00500,01000,COSTS
497,B10000*,00600,00200,1
497,B10000*,00600,00300,2
497,B10000*,00600,00400,3
497,B10000*,00600,00500,3
497,B10000*,00600,00800,3
497,B10000*,00600,01000,3
497,B100000,00000,01000,X
497,E000000,00900,00000,OTHER CURRENT ASSETS
497,E000000,02600,00000,OTHER FIXED ASSETS
497,E000000,03100,00000,OTHER ASSETS
497,E000000,03900,00000,ACCRUED EXPENSES
497,E000000,04100,00000,DEFERRED INCOME TAX - NON CURRENT
497,E000000,04600,00000,DEFERRED LEASE LIABILITY
497,E000000,04700,00000,DEFERRED COMPENSATION PAYABLE
497,E000000,04800,00000,DEFERRED INCOME TAXES PAY\(REC)
497,E100001,00700,00000,NET REVENUE
497,E100001,00800,00000,INTERCOMPANY SALES
497,E100001,00900,00000,SALES - OTHER ADMIN
497,E100002,00300,00000,ADDL EXPENSES FOR AFFILIATE LABS
497,E200000,01500,00000,MISC INCOME
497,E200000,02300,00000,ROUNDING
497,E200000,02600,00000,INTEREST EXP
497,E200000,02700,00000,INCOME TAX EXP
497,S000000,00100,00100,X
497,S000000,00400,00100,2
497,S000000,00500,00100,03/25/2022
497,S000000,00600,00100,10001
497,S000000,00700,00100,N
497,S000000,00800,00100,N
497,S000000,00900,00100,09/05/2023
497,S000000,01000,00100,4
497,S000001,00100,00100,EUROFINS VRL HAWAII
497,S000001,00100,00200,12HL01
497,S000001,00101,00100,2226 LILIHA STREET
497,S000001,00102,00100,HONOLULU
497,S000001,00102,00200,HI
497,S000001,00102,00300,96817
497,S000001,00300,00100,10/12/2020
497,S000001,00300,00200,12/31/2020
497,S000001,00400,00100,2
497,S000001,00400,00300,2
497,S000001,00400,00400,07/08/2004
497,S000001,00401,00300,1
497,S000002,00100,00200,Y
497,S000002,00300,00100,DIRECTOR OF FINANCE
497,S000002,00400,00100,07/22/2021
497,S100001,00700,00100,N
497,S100001,00810,00000,OTHER
497,S100002,00400,00100,CDC CROSSMATCH  DECEASED DONOR  RENA
497,S100002,00401,00100,CDC CROSSMATCH  INITIAL AUTO  RENAL
497,S100002,00402,00100,COLLECTION KITS  (DOMESTIC)
497,S100002,00403,00100,CPRA & AB IDENTIFICATION  CLASS I
497,S100002,00404,00100,CPRA & AB IDENTIFICATION  CLASS II
497,S100002,00405,00100,HBCAB DONOR EIA
497,S100002,00406,00100,HBSAG DONOR EIA
497,S100002,00407,00100,HBV DONOR NAT
497,S100002,00408,00100,HCV DONOR NAT
497,S100002,00409,00100,HCVAB DONOR EIA
497,S100002,00410,00100,HIV 1/2 DONOR EIA
497,S100002,00411,00100,HIV DONOR NAT
497,S100002,00412,00100,HLA CLASS I NULL
497,S100002,00413,00100,HLA-A  B  C  DR  DQ RENAL
497,S100002,00414,00100,HLA-A  B  C  DR  DQA  DQB  DPB DECEA
497,S100002,00415,00100,MONTHLY AB SCREEN  CLASS I & II
497,S100002,00416,00100,SINGLE ANTIGEN AB IDENTIFICATION  CL
497,S100002,00417,00100,SINGLE ANTIGEN AB IDENTIFICATION  CL
497,S100003,00100,00100,MEDICAL DIRECTOR
497,S100003,00100,00300,MEDICAL DIRECTOR
497,S100003,00100,00500,LAB DIRECTOR
497,S100003,00101,00100,EXEC. DIRECTOR
497,S100003,00101,00300,PROCUREMENT COORDINATOR
497,S100003,00101,00500,TECHNICIANS
497,S100003,00102,00100,CLERICAL
497,S100003,00102,00300,PRESERVATION TECHNICIANS
497,S100003,00102,00500,TISSUE TYPING TECH.
497,S100003,00103,00100,OTHER
497,S100003,00103,00300,OTHER
497,S100003,00103,00500,OTHER
497,S200000,00100,00100,N
497,S200000,00200,00100,N
497,S200000,00300,00100,Y
497,S200000,00400,00100,Y
497,S200000,00400,00200,A
497,S200000,00500,00100,Y
497,S200000,00600,00300,CONTROLLER
497,S200000,00700,00100,VRL EUROFINS
498,A000000,00100,00000,0100CAPITAL COSTS-BLDG & FIXT
498,A000000,00200,00000,0200CAPITAL COSTS-MVBLE EQUIPMENT
498,A000000,00300,00000,0300EMPLOYEE BENEFITS
498,A000000,00400,00000,0400ADMINISTRATIVE & GENERAL
498,A000000,00500,00000,0500OPERATION AND MAINTENANCE OF PLANT
498,A000000,00600,00000,0600HOUSEKEEPING
498,A000000,00700,00000,0700MEDICAL SUPPLIES
498,A000000,00800,00000,0800OTHER OVERHEAD
498,A000000,00900,00000,0900PROCUREMENT COORDINATORS
498,A000000,01000,00000,1000PROFESSIONAL EDUCATION
498,A000000,01100,00000,1100PUBLIC EDUCATION
498,A000000,01300,00000,1300KIDNEY ACQUISITIONS
498,A000000,01400,00000,1400TISSUE TYPING LABORATORY
498,A000000,01500,00000,1500LIVER ACQUISITIONS
498,A000000,01600,00000,1600HEART ACQUISITIONS
498,A000000,01700,00000,1700PANCREAS ACQUISITIONS
498,A000000,01800,00000,1800LUNG ACQUISITIONS
498,A000000,01900,00000,1900INTESTINE        S 2
498,A000000,02100,00000,2100RESEARCH
498,A000000,02200,00000,2200BLOOD BANK
498,A000000,02300,00000,2300LABORATORY-NON-TISSUE TYPING
498,A000000,02400,00000,2400DIALYSIS UNITS
498,A000000,02500,00000,2500TISSUE
498,A100000,01700,00000,OUTSIDE CONSULTANTS
498,A100000,01800,00000,MISC
498,A100000,01900,00000,FUNDRAISING
498,A20H000,00900,00000,DONOR HOSPITAL OTHER
498,A20K000,00900,00000,DONOR HOSPITAL OTHER
498,A20K000,02100,00000,INTENSIVIST EXPS
498,A20L000,00900,00000,DONOR HOSPITAL OTHER
498,A20L000,02100,00000,INTENSIVIST EXP
498,A20O000,00900,00000,DONOR HOSPITAL OTHER
498,A20O000,02100,00000,INTENSIVIST EXP
498,A20P000,00900,00000,DONOR HOSPITAL OTHER
498,A20P000,02100,00000,INTENSIVIST EXP
498,A20U000,00900,00000,DONOR HOSPITAL OTHER
498,A20U000,02100,00000,INTENSIVIST EXP
498,A400010,00100,00000,TISSUE OVERHEAD RECLASS
498,A400010,00100,00100,A
498,A400010,00100,00200,TISSUE
498,A400010,00100,00500,PROCUREMENT COORDINATORS
498,A400010,00200,00000,TISSUE OVERHEAD RECLASS
498,A400010,00200,00100,A
498,A400010,00200,00500,PROFESSIONAL EDUCATION
498,A400010,00300,00000,TISSUE OVERHEAD RECLASS
498,A400010,00300,00100,A
498,A400010,00300,00500,PUBLIC EDUCATION
498,A500010,00700,00300,CAPITAL COSTS-BLDG & FIXT
498,A500010,00800,00100,B
498,A500010,00800,00300,PROCUREMENT COORDINATORS
498,A500010,00900,00100,A
498,A500010,00900,00300,PROFESSIONAL EDUCATION
498,A500010,01200,00100,B
498,A500010,01200,00300,CAPITAL COSTS-BLDG & FIXT
498,A500010,01300,00100,A
498,A500010,01300,00300,CAPITAL COSTS-BLDG & FIXT
498,A500010,01500,00000,EYEBANKS
498,A500010,01500,00100,B
498,A500010,01500,00300,PROCUREMENT COORDINATORS
498,A500010,01600,00000,LOBBYING
498,A500010,01600,00100,A
498,A500010,01600,00300,ADMINISTRATIVE & GENERAL
498,A500010,01601,00000,SPONORSHIPS/DONATIONS
498,A500010,01601,00100,A
498,A500010,01601,00300,ADMINISTRATIVE & GENERAL
498,A500010,01602,00000,DONOR RECOGNITION MEMORIAL
498,A500010,01602,00100,A
498,A500010,01602,00300,PUBLIC EDUCATION
498,A500010,01603,00000,STAFF MEETINGS & REWARDS
498,A500010,01603,00100,A
498,A500010,01603,00300,ADMINISTRATIVE & GENERAL
498,A500010,01604,00000,STAFF MEETINGS & REWARDS
498,A500010,01604,00100,A
498,A500010,01604,00300,PROCUREMENT COORDINATORS
498,A500010,01605,00000,STAFF MEETINGS & REWARDS
498,A500010,01605,00100,A
498,A500010,01605,00300,PROFESSIONAL EDUCATION
498,A500010,01606,00000,STAFF MEETINGS & REWARDS
498,A500010,01606,00100,A
498,A500010,01606,00300,PUBLIC EDUCATION
498,A51000A,00100,00100,N
498,A60000A,00700,00000,CAPITAL LEASE
498,A60000A,00701,00000,SOFTWARE DEVELOPMENT
498,A60000A,00702,00000,CIP
498,A60000B,00800,00000,CAPITAL LEASE
498,A60000B,00801,00000,SOFTWARE DEVELOPMENT
498,A60000B,00802,00000,CIP
498,A60000C,00500,00100,N
498,B10000*,00100,00200,CAP BLDG
498,B10000*,00100,00300,CAP COSTS
498,B10000*,00100,00400,EMPLOYEE
498,B10000*,00100,00500,MEDICAL
498,B10000*,00100,00800,ORGAN
498,B10000*,00100,01000,ADMIN &
498,B10000*,00200,00200,OP PLANT &
498,B10000*,00200,00300,MOVABLE
498,B10000*,00200,00400,BENEFITS
498,B10000*,00200,00500,SUPPLIES
498,B10000*,00200,00800,ACQUISITN
498,B10000*,00200,01000,GENERAL
498,B10000*,00300,00200,HOUSEKEEP
498,B10000*,00300,00300,EQUIPMENT
498,B10000*,00300,00800,COSTS
498,B10000*,00400,00200,SQUARE
498,B10000*,00400,00300,DOLLAR
498,B10000*,00400,00400,ADJUST
498,B10000*,00400,00500,COSTED
498,B10000*,00400,00800,NUMBER
498,B10000*,00400,01000,ACCUM
498,B10000*,00500,00200,FEET
498,B10000*,00500,00300,VALUE
498,B10000*,00500,00400,SALARIES
498,B10000*,00500,00500,REQUISIT
498,B10000*,00500,00800,ORGANS
498,B10000*,00500,01000,COSTS
498,B10000*,00600,00200,1
498,B10000*,00600,00300,2
498,B10000*,00600,00400,3
498,B10000*,00600,00500,3
498,B10000*,00600,00800,3
498,B10000*,00600,01000,3
498,B100000,00000,01000,X
498,E000000,00900,00000,OTHER CURRENT ASSETS
498,E000000,02600,00000,OTHER FIXED ASSETS
498,S000000,00100,00100,X
498,S000000,00400,00100,2
498,S000000,00500,00100,05/13/2022
498,S000000,00600,00100,10001
498,S000000,00700,00100,N
498,S000000,00800,00100,N
498,S000000,00900,00100,09/05/2023
498,S000000,01000,00100,4
498,S000001,00100,00100,KENTUCKY ORGAN DONOR AFFILIATES  IN
498,S000001,00100,00200,18P001
498,S000001,00101,00100,10301 LINN STATION ROAD
498,S000001,00102,00100,LOUISVILLE
498,S000001,00102,00200,KY
498,S000001,00102,00300,40223
498,S000001,00300,00100,01/01/2021
498,S000001,00300,00200,12/31/2021
498,S000001,00400,00100,6
498,S000001,00400,00300,1
498,S000001,00400,00400,07/01/1987
498,S000001,00401,00300,1
498,S000002,00100,00200,Y
498,S000002,00300,00100,VP & CFO
498,S000002,00400,00100,05/11/2022
498,S100001,00700,00100,N
498,S100001,00810,00000,INTESTINE
498,S100001,00811,00000,VEIN
498,S100001,00812,00000,VIVIGEN
498,S100001,00813,00000,COSTAL CARTIAGE
498,S100001,00814,00000,FOA
498,S100001,00815,00000,AL
498,S100003,00100,00100,MEDICAL DIRECTOR
498,S100003,00100,00300,MEDICAL DIRECTOR
498,S100003,00100,00500,LAB DIRECTOR
498,S100003,00101,00100,EXEC. DIRECTOR
498,S100003,00101,00300,PROCUREMENT COORDINATOR
498,S100003,00101,00500,TECHNICIANS
498,S100003,00102,00100,CLERICAL
498,S100003,00102,00300,PRESERVATION TECHNICIANS
498,S100003,00102,00500,TISSUE TYPING TECH.
498,S100003,00103,00100,OTHER
498,S100003,00103,00300,OTHER
498,S100003,00103,00500,OTHER
498,S200000,00100,00100,N
498,S200000,00200,00100,N
498,S200000,00300,00100,N
498,S200000,00400,00100,Y
498,S200000,00400,00200,A
498,S200000,00400,00300,06/08/2022
498,S200000,00500,00100,Y
498,S200000,00600,00300,VP & CFO
498,S200000,00700,00100,KODA
499,A000000,00100,00000,0100CAPITAL COSTS-BLDG & FIXT
499,A000000,00200,00000,0200CAPITAL COSTS-MVBLE EQUIPMENT
499,A000000,00300,00000,0300EMPLOYEE BENEFITS
499,A000000,00400,00000,0400ADMINISTRATIVE & GENERAL
499,A000000,00500,00000,0500OPERATION AND MAINTENANCE OF PLANT
499,A000000,00600,00000,0600HOUSEKEEPING
499,A000000,00700,00000,0700MEDICAL SUPPLIES
499,A000000,00800,00000,0800OTHER OVERHEAD
499,A000000,00900,00000,0900PROCUREMENT COORDINATORS
499,A000000,01000,00000,1000PROFESSIONAL EDUCATION
499,A000000,01100,00000,1100PUBLIC EDUCATION
499,A000000,01300,00000,1300KIDNEY ACQUISITIONS
499,A000000,01400,00000,1400TISSUE TYPING LABORATORY
499,A000000,01500,00000,1500LIVER ACQUISITIONS
499,A000000,01600,00000,1600HEART ACQUISITIONS
499,A000000,01700,00000,1700PANCREAS ACQUISITIONS
499,A000000,01800,00000,1800LUNG ACQUISITIONS
499,A000000,01900,00000,1900VCA/INTESTINE    S
499,A000000,02100,00000,2100RESEARCH
499,A000000,02200,00000,2200BLOOD BANK
499,A000000,02300,00000,2300LABORATORY-NON-TISSUE TYPING
499,A000000,02400,00000,2400DIALYSIS UNITS
499,A000000,02500,00000,2500TISSUE
499,A000000,02501,00000,2501SKIN PROCESSING
499,A100000,01700,00000,POSTAGE
499,A100000,01800,00000,EDUCATION
499,A100000,01900,00000,GAIN/LOSS ON ASSETS
499,A100000,01901,00000,ADVISORY/BANK/LATE FEES
499,A20H000,00900,00000,OTHER HOSPITAL
499,A20K000,00900,00000,OTHER HOSPITAL
499,A20K000,00901,00000,PERFUSION COSTS
499,A20L000,00900,00000,OTHER HOSPITAL
499,A20O000,00900,00000,OTHER HOSPITAL
499,A20P000,00900,00000,OTHER HOSPITAL
499,A20U000,00900,00000,OTHER HOSPITAL
499,A400010,00100,00000,RENT/LEASE FOR BLDG
499,A400010,00100,00100,A
499,A400010,00100,00200,CAPITAL COSTS-BLDG & FIXT
499,A400010,00100,00500,ADMINISTRATIVE & GENERAL
499,A400010,00200,00000,TISSUE COST FR PROCURE TO NON-REIMB
499,A400010,00200,00100,B
499,A400010,00200,00200,TISSUE
499,A400010,00200,00500,PROCUREMENT COORDINATORS
499,A400010,00300,00000,TISSUE COST FR PUB ED TO NON-REIMB
499,A400010,00300,00100,C
499,A400010,00300,00200,TISSUE
499,A400010,00300,00500,PUBLIC EDUCATION
499,A400010,00400,00000,TISSUE COST FR PROF ED TO NON-REIMB
499,A400010,00400,00100,D
499,A400010,00400,00200,TISSUE
499,A400010,00400,00500,PROFESSIONAL EDUCATION
499,A400010,00500,00000,CONTRACT SERV NON ORG
499,A400010,00500,00100,E
499,A400010,00500,00200,OPERATION AND MAINTENANCE OF PLANT
499,A400010,00500,00500,PROCUREMENT COORDINATORS
499,A400010,00600,00000,POL DEPT COSTS TO KIDNEY ACQUSITION
499,A400010,00600,00100,F
499,A400010,00600,00200,KIDNEY ACQUISITIONS
499,A400010,00600,00500,SKIN PROCESSING
499,A400010,00700,00000,POL DEPT COSTS TO ORGAN PROC COORD
499,A400010,00700,00100,G
499,A400010,00700,00200,PROCUREMENT COORDINATORS
499,A400010,00700,00500,SKIN PROCESSING
499,A500010,00700,00100,B
499,A500010,00700,00300,ADMINISTRATIVE & GENERAL
499,A500010,01500,00000,DONATIONS
499,A500010,01500,00100,A
499,A500010,01500,00300,ADMINISTRATIVE & GENERAL
499,A500010,01501,00000,RESEARCH ORGAN REVENUE
499,A500010,01501,00100,B
499,A500010,01501,00300,PROCUREMENT COORDINATORS
499,A500010,01502,00000,ALCOHOL
499,A500010,01502,00100,A
499,A500010,01502,00300,ADMINISTRATIVE & GENERAL
499,A500010,01503,00000,LOBBYING AOPO
499,A500010,01503,00100,A
499,A500010,01503,00300,ADMINISTRATIVE & GENERAL
499,A500010,01504,00000,LATE FEES
499,A500010,01504,00100,A
499,A500010,01504,00300,ADMINISTRATIVE & GENERAL
499,A500010,01600,00000,SURG FEES OVER $1 250 PER DONOR
499,A500010,01600,00100,A
499,A500010,01600,00300,KIDNEY ACQUISITIONS
499,A500010,01601,00000,LIVING DONOR COSTS
499,A500010,01601,00100,A
499,A500010,01601,00300,PROCUREMENT COORDINATORS
499,A500010,01602,00000,NONALLOWABLE EXP
499,A500010,01602,00100,A
499,A500010,01602,00300,ADMINISTRATIVE & GENERAL
499,A500010,01603,00000,NONALLOWABLE EXP
499,A500010,01603,00100,A
499,A500010,01603,00300,PROCUREMENT COORDINATORS
499,A500010,01604,00000,NONALLOWABLE EXP
499,A500010,01604,00100,A
499,A500010,01604,00300,PUBLIC EDUCATION
499,A500010,01605,00000,DLMD ACCTING
499,A500010,01605,00100,A
499,A500010,01605,00300,ADMINISTRATIVE & GENERAL
499,A500010,01606,00000,GAIN / (LOSS) ON ASSETS
499,A500010,01606,00100,B
499,A500010,01606,00300,ADMINISTRATIVE & GENERAL
499,A500010,01608,00000,ONLINE STORE
499,A500010,01608,00100,B
499,A500010,01608,00300,PUBLIC EDUCATION
499,A51000A,00100,00100,N
499,A60000C,00500,00100,N
499,B10000*,00100,00200,CAP BLDG
499,B10000*,00100,00300,CAP COSTS
499,B10000*,00100,00400,EMPLOYEE
499,B10000*,00100,00500,MEDICAL
499,B10000*,00100,00800,ORGAN
499,B10000*,00100,01000,ADMIN &
499,B10000*,00200,00200,OP PLANT &
499,B10000*,00200,00300,MOVABLE
499,B10000*,00200,00400,BENEFITS
499,B10000*,00200,00500,SUPPLIES
499,B10000*,00200,00800,ACQUISITN
499,B10000*,00200,01000,GENERAL
499,B10000*,00300,00200,HOUSEKEEP
499,B10000*,00300,00300,EQUIPMENT
499,B10000*,00300,00800,COSTS
499,B10000*,00400,00200,SQUARE
499,B10000*,00400,00300,DOLLAR
499,B10000*,00400,00400,ADJUST
499,B10000*,00400,00500,COSTED
499,B10000*,00400,00800,NUMBER
499,B10000*,00400,01000,ACCUM
499,B10000*,00500,00200,FEET
499,B10000*,00500,00300,VALUE
499,B10000*,00500,00400,SALARIES
499,B10000*,00500,00500,REQUISIT
499,B10000*,00500,00800,ORGANS
499,B10000*,00500,01000,COSTS
499,B10000*,00600,00200,1
499,B10000*,00600,00300,2
499,B10000*,00600,00400,3
499,B10000*,00600,00500,3
499,B10000*,00600,00800,3
499,B10000*,00600,01000,3
499,B100000,00000,01000,X
499,E000000,00900,00000,OTHER CURRENT ASSETS
499,E000000,02600,00000,OTHER FIXED ASSETS
499,E000000,03100,00000,31 31 DEFERRED COMP/RESTRICTED CASH
499,E000000,03900,00000,ACCRUED EXPENSES
499,E000000,04600,00000,DEFERRED COMPENSATION
499,E000000,04700,00000,RESTRICTED LIABILITY
499,E100001,00700,00000,BONE
499,E100001,00800,00000,SKIN
499,E100001,00900,00000,MISC ORGANS
499,E100001,00901,00000,CORNEA/HV/VEINS
499,E200000,02000,00000,DONATIONS
499,E200000,02100,00000,CALL CENTER REVENUE
499,E200000,02200,00000,GRANT
499,E200000,02300,00000,MISC
499,S000000,00100,00100,X
499,S000000,00400,00100,2
499,S000000,00500,00100,05/17/2022
499,S000000,00600,00100,10001
499,S000000,00700,00100,N
499,S000000,00800,00100,N
499,S000000,00900,00100,09/05/2023
499,S000000,01000,00100,4
499,S000001,00100,00100,THE LIVING LEGACY FOUNDATION
499,S000001,00100,00200,21P001
499,S000001,00101,00100,1730 TWIN SPRINGS ROAD  SUITE 200
499,S000001,00102,00100,BALTIMORE
499,S000001,00102,00200,MD
499,S000001,00102,00300,21227
499,S000001,00300,00100,01/01/2021
499,S000001,00300,00200,12/31/2021
499,S000001,00400,00100,8
499,S000001,00400,00300,1
499,S000001,00400,00400,01/01/2013
499,S000001,00401,00300,1
499,S000002,00100,00200,Y
499,S000002,00300,00100,CHIEF FINANCIAL OFFICER
499,S000002,00400,00100,05/17/2022
499,S100001,00700,00100,N
499,S100001,00810,00000,VCA
499,S100001,00811,00000,INTESTINES
499,S100001,00812,00000,VEIN/NERVES
499,S100003,00100,00100,MEDICAL DIRECTOR
499,S100003,00100,00300,MEDICAL DIRECTOR
499,S100003,00100,00500,LAB DIRECTOR
499,S100003,00101,00100,EXEC. DIRECTOR
499,S100003,00101,00300,PROCUREMENT COORDINATOR
499,S100003,00101,00500,TECHNICIANS
499,S100003,00102,00100,CLERICAL
499,S100003,00102,00300,PRESERVATION TECHNICIANS
499,S100003,00102,00500,TISSUE TYPING TECH.
499,S100003,00103,00100,CLERICAL
499,S100003,00103,00300,OTHER
499,S100003,00103,00500,OTHER
499,S200000,00100,00100,N
499,S200000,00200,00100,N
499,S200000,00300,00100,N
499,S200000,00400,00100,Y
499,S200000,00400,00200,A
499,S200000,00500,00100,Y
499,S200000,00600,00300,CFO
499,S200000,00700,00100,THE LIVING LEGACY FOUNDATION
500,A000000,00100,00000,0100CAPITAL COSTS-BLDG & FIXT
500,A000000,00200,00000,0200CAPITAL COSTS-MVBLE EQUIPMENT
500,A000000,00300,00000,0300EMPLOYEE BENEFITS
500,A000000,00400,00000,0400ADMINISTRATIVE & GENERAL
500,A000000,00500,00000,0500OPERATION AND MAINTENANCE OF PLANT
500,A000000,00600,00000,0600HOUSEKEEPING
500,A000000,00700,00000,0700MEDICAL SUPPLIES
500,A000000,00800,00000,0800OTHER OVERHEAD
500,A000000,00900,00000,0900PROCUREMENT COORDINATORS
500,A000000,01000,00000,1000PROFESSIONAL EDUCATION
500,A000000,01100,00000,1100PUBLIC EDUCATION
500,A000000,01200,00000,1200OTHER ACQUISITION
500,A000000,01300,00000,1300KIDNEY ACQUISITIONS
500,A000000,01400,00000,1400TISSUE TYPING LABORATORY
500,A000000,01500,00000,1500LIVER ACQUISITIONS
500,A000000,01600,00000,1600HEART ACQUISITIONS
500,A000000,01700,00000,1700PANCREAS ACQUISITIONS
500,A000000,01800,00000,1800LUNG ACQUISITIONS
500,A000000,01900,00000,1900BOWEL
500,A000000,01901,00000,1901VCA
500,A000000,01902,00000,1903OTHER ACQUISITIONS
500,A000000,02100,00000,2100RESEARCH
500,A000000,02200,00000,2200BLOOD BANK
500,A000000,02300,00000,2300LABORATORY-NON-TISSUE TYPING
500,A000000,02400,00000,2400DIALYSIS UNITS
500,A000000,02500,00000,2500TISSUE RECOVERY
500,A100000,01700,00000,DUES AND MEMBERSHIPS
500,A20H000,00900,00000,HOSPITAL FEES
500,A20H000,02100,00000,RECOVERY SUPPLIES
500,A20K000,00900,00000,HOSPITAL FEES
500,A20K000,02100,00000,RECOVERY SUPPLIES
500,A20L000,00900,00000,HOSPITAL FEES
500,A20L000,02100,00000,RECOVERY SUPPLIES
500,A20O000,00900,00000,HOSPITAL FEES
500,A20O001,00900,00000,HOSPITAL FEES
500,A20P000,00900,00000,HOSPITAL FEES
500,A20P000,02100,00000,RECOVERY SUPPLIES
500,A20U000,00900,00000,HOSPITAL FEES
500,A20U000,02100,00000,RECOVERY SUPPLIES
500,A400010,00100,00000,RECLASSIFICATIONS
500,A400010,00100,00100,A
500,A400010,00100,00200,TISSUE RECOVERY
500,A400010,00100,00500,PROCUREMENT COORDINATORS
500,A400010,00200,00000,RECLASSIFICATIONS
500,A400010,00200,00100,A
500,A400010,00200,00200,TISSUE RECOVERY
500,A400010,00200,00500,PROFESSIONAL EDUCATION
500,A400010,00300,00000,RECLASSIFICATIONS
500,A400010,00300,00100,A
500,A400010,00300,00200,TISSUE RECOVERY
500,A400010,00300,00500,PUBLIC EDUCATION
500,A400010,00400,00000,RECLASSIFICATIONS
500,A400010,00400,00100,A
500,A400010,00400,00200,ADMINISTRATIVE & GENERAL
500,A400010,00400,00500,CAPITAL COSTS-BLDG & FIXT
500,A400010,00500,00000,RECLASSIFICATIONS
500,A400010,00500,00100,A
500,A400010,00500,00200,ADMINISTRATIVE & GENERAL
500,A400010,00500,00500,CAPITAL COSTS-MVBLE EQUIPMENT
500,A400010,00600,00000,RECLASSIFICATIONS
500,A400010,00600,00100,A
500,A400010,00600,00200,KIDNEY ACQUISITIONS
500,A400010,00600,00500,PROCUREMENT COORDINATORS
500,A400010,00700,00000,RECLASSIFICATIONS
500,A400010,00700,00100,A
500,A400010,00700,00200,LIVER ACQUISITIONS
500,A400010,00700,00500,PROCUREMENT COORDINATORS
500,A500010,00700,00100,B
500,A500010,00700,00300,CAPITAL COSTS-BLDG & FIXT
500,A500010,00800,00100,B
500,A500010,00800,00300,PROCUREMENT COORDINATORS
500,A500010,01400,00100,A
500,A500010,01400,00300,CAPITAL COSTS-MVBLE EQUIPMENT
500,A500010,01500,00000,LOBBYING FROM DUES
500,A500010,01500,00100,A
500,A500010,01500,00300,ADMINISTRATIVE & GENERAL
500,A51000A,00100,00100,Y
500,A51000B,00100,00200,ADMINISTRATIVE & GENERAL
500,A51000B,00100,00300,DIRECT OPO COSTS
500,A51000B,00200,00200,OPERATION AND MAINTENANCE OF PLANT
500,A51000B,00200,00300,DIRECT OPO COSTS
500,A51000B,00300,00200,PROCUREMENT COORDINATORS
500,A51000B,00300,00300,DIRECT OPO COSTS
500,A51000B,00400,00200,PROFESSIONAL EDUCATION
500,A51000B,00400,00300,DIRECT OPO COSTS
500,A51000B,00401,00200,PUBLIC EDUCATION
500,A51000B,00401,00300,DIRECT OPO COSTS
500,A51000B,00402,00200,TISSUE RECOVERY
500,A51000B,00402,00300,DIRECT OPO COSTS
500,A51000C,00100,00100,B
500,A51000C,00100,00200,NEW ENGLAND DONOR SERVICES  INC.
500,A51000C,00100,00400,NEW ENGLAND DONOR SERVICES  INC.
500,A51000C,00100,00600,PARENT COMPANY
500,A60000A,00700,00000,LEASEHOLD IMPROVEMENTS
500,A60000B,00800,00000,LEASEHOLD IMPROVEMENTS
500,A60000C,00500,00100,N
500,B10000*,00100,00200,CAP BLDG
500,B10000*,00100,00300,CAP COSTS
500,B10000*,00100,00400,EMPLOYEE
500,B10000*,00100,00500,MEDICAL
500,B10000*,00100,00800,ORGAN
500,B10000*,00100,01000,ADMIN &
500,B10000*,00200,00200,OP PLANT &
500,B10000*,00200,00300,MOVABLE
500,B10000*,00200,00400,BENEFITS
500,B10000*,00200,00500,SUPPLIES
500,B10000*,00200,00800,ACQUISITN
500,B10000*,00200,01000,GENERAL
500,B10000*,00300,00200,HOUSEKEEP
500,B10000*,00300,00300,EQUIPMENT
500,B10000*,00300,00800,COSTS
500,B10000*,00400,00200,SQUARE
500,B10000*,00400,00300,DOLLAR
500,B10000*,00400,00400,ADJUST
500,B10000*,00400,00500,COSTED
500,B10000*,00400,00800,NUMBER
500,B10000*,00400,01000,ACCUM
500,B10000*,00500,00200,FEET
500,B10000*,00500,00300,VALUE
500,B10000*,00500,00400,SALARIES
500,B10000*,00500,00500,REQUISIT
500,B10000*,00500,00800,ORGANS
500,B10000*,00500,01000,COSTS
500,B10000*,00600,00200,1
500,B10000*,00600,00300,2
500,B10000*,00600,00400,3
500,B10000*,00600,00500,3
500,B10000*,00600,00800,3
500,B10000*,00600,01000,3
500,B100000,00000,01000,X
500,E000000,00900,00000,DUE FROM CMS
500,E000000,02600,00000,OTHER FIXED ASSETS
500,E000000,03100,00000,DUE FROM AFFILIATED ORGANIZATIONS
500,E000000,04100,00000,ACCRUED EXPENSES
500,E200000,01500,00000,OTHER REVENUE
500,E200000,01600,00000,MEDICARE ADJUSTMENT
500,S000000,00100,00100,X
500,S000000,00400,00100,2
500,S000000,00500,00100,05/18/2022
500,S000000,00600,00100,10001
500,S000000,00700,00100,N
500,S000000,00800,00100,N
500,S000000,00900,00100,09/05/2023
500,S000000,01000,00100,4
500,S000001,00100,00100,NEW ENGLAND ORGAN BANK  INC.
500,S000001,00100,00200,22P001
500,S000001,00101,00100,60 FIRST AVENUE
500,S000001,00102,00100,WALTHAM
500,S000001,00102,00200,MA
500,S000001,00102,00300,02451
500,S000001,00300,00100,01/01/2021
500,S000001,00300,00200,12/31/2021
500,S000001,00400,00100,6
500,S000001,00400,00300,1
500,S000001,00400,00400,07/01/2004
500,S000001,00401,00300,1
500,S000002,00300,00100,CHIEF FINANCIAL OFFICER
500,S100001,00700,00100,N
500,S100001,00810,00000,BOWEL
500,S100001,00811,00000,VCA
500,S100003,00100,00100,MEDICAL DIRECTOR
500,S100003,00100,00300,MEDICAL DIRECTOR
500,S100003,00100,00500,LAB DIRECTOR
500,S100003,00101,00100,EXEC. DIRECTOR
500,S100003,00101,00300,PROCUREMENT COORDINATOR
500,S100003,00101,00500,TECHNICIANS
500,S100003,00102,00100,CLERICAL
500,S100003,00102,00300,PRESERVATION TECHNICIANS
500,S100003,00102,00500,TISSUE TYPING TECH.
500,S100003,00103,00100,OTHER
500,S100003,00103,00300,OTHER
500,S100003,00103,00500,OTHER
500,S200000,00100,00100,N
500,S200000,00200,00100,N
500,S200000,00300,00100,Y
500,S200000,00400,00100,Y
500,S200000,00400,00200,A
500,S200000,00400,00300,05/12/2022
500,S200000,00500,00100,Y
500,S200000,00600,00300,CHIEF FINANCIAL OFFICER
500,S200000,00700,00100,NEW ENGLAND DONOR SERVICES  INC.
501,A000000,00100,00000,0100CAPITAL COSTS-BLDG & FIXT
501,A000000,00200,00000,0200CAPITAL COSTS-MVBLE EQUIPMENT
501,A000000,00300,00000,0300EMPLOYEE BENEFITS
501,A000000,00400,00000,0400ADMINISTRATIVE & GENERAL
501,A000000,00500,00000,0500OPERATION AND MAINTENANCE OF PLANT
501,A000000,00600,00000,0600HOUSEKEEPING
501,A000000,00700,00000,0700MEDICAL SUPPLIES
501,A000000,00900,00000,0900PROCUREMENT COORDINATORS
501,A000000,01000,00000,1000PROFESSIONAL EDUCATION
501,A000000,01100,00000,1100PUBLIC EDUCATION
501,A000000,01300,00000,1300KIDNEY ACQUISITIONS
501,A000000,01400,00000,1400TISSUE TYPING LABORATORY
501,A000000,01500,00000,1500LIVER ACQUISITIONS
501,A000000,01600,00000,1600HEART ACQUISITIONS
501,A000000,01700,00000,1700PANCREAS ACQUISITIONS
501,A000000,01800,00000,1800LUNG ACQUISITIONS
501,A000000,01900,00000,1900SM BOWEL
501,A000000,01901,00000,1901HEART\LUNG
501,A000000,02100,00000,2100RESEARCH
501,A000000,02200,00000,2200BLOOD BANK
501,A000000,02300,00000,2300LABORATORY-NON-TISSUE TYPING
501,A000000,02400,00000,2400DIALYSIS UNITS
501,A000000,02500,00000,2500TISSUE
501,A000000,02501,00000,2501CFL
501,A000000,02502,00000,2502DMV
501,A000000,02503,00000,2503FOUNDATION
501,A100000,01700,00000,AUTO
501,A100000,01800,00000,OTHER
501,A100000,01900,00000,REPAIRS AND MAINTENANCE
501,A100000,01901,00000,FOUNDATION OVERHEAD RECLASS
501,A100000,01902,00000,BAD DEBT EXPENSE
501,A100000,01903,00000,INTERCOMPANY EXPENSE
501,A100000,01904,00000,MANAGEMENT SERVICES
501,A20H000,00900,00000,OTHER HOSPITAL OR
501,A20H000,00901,00000,EVAL COSTS
501,A20H000,00902,00000,EKG
501,A20H000,02100,00000,SEROLOGY RADIOLOGY OTHER
501,A20H000,02101,00000,BIOPSY
501,A20H000,02102,00000,CONSULTS
501,A20H000,02103,00000,ECHOS
501,A20H000,02104,00000,CARDIAC CATH
501,A20K000,00900,00000,OTHER HOSPITAL OR
501,A20K000,00901,00000,EVAL COSTS
501,A20K000,02100,00000,SEROLOGIES  RADIOLOGY OTHER
501,A20K000,02101,00000,BIOPSIES
501,A20K000,02102,00000,CONSULTS
501,A20L000,00900,00000,OTHER HOSPITAL OR
501,A20L000,00901,00000,EVAL COSTS
501,A20L000,02100,00000,SEROLOGIES RADIOLOGY OTHER
501,A20L000,02101,00000,BIOPSIES
501,A20L000,02102,00000,CONSULT
501,A20O000,00900,00000,OTHER HOSPITAL OR
501,A20O000,00901,00000,EVAL COSTS
501,A20O000,02100,00000,SEROLOGY RADIOLOGY OTHER
501,A20O000,02101,00000,BIOPSY
501,A20O000,02102,00000,CONSULTS
501,A20P000,00900,00000,OTHER HOSPITAL OR
501,A20P000,00901,00000,EVAL COSTS
501,A20P000,02100,00000,SEROLOGY RADIOLOGY OTHER
501,A20P000,02101,00000,BIOPSY
501,A20P000,02102,00000,CONSULTS
501,A20U000,00900,00000,OTHER HOSPITAL OR
501,A20U000,00901,00000,EVAL COSTS
501,A20U000,02100,00000,SEROLOGY RADIOLOGY OTHER
501,A20U000,02101,00000,BIOPSY
501,A20U000,02102,00000,CONSULTS
501,A300000,00600,00000,SUPPLIES
501,A300000,00700,00000,OFFICE SUPPLIES
501,A300000,00800,00000,TELEPHONE
501,A300000,00900,00000,MEETINGS AND MILEAGE
501,A300000,01000,00000,DUES AND CONT ED
501,A300000,01001,00000,REPAIRS AND MAINTENANCE
501,A300000,01002,00000,DEPRECIATION
501,A300000,01003,00000,DATA PROCESSING
501,A300000,01004,00000,MISC LAB EXPENSES
501,A400010,00100,00000,TELEPHONE EXPENSES
501,A400010,00100,00100,A
501,A400010,00100,00200,PROCUREMENT COORDINATORS
501,A400010,00100,00500,ADMINISTRATIVE & GENERAL
501,A400010,00200,00000,TELEPHONE EXPENSES
501,A400010,00200,00100,A
501,A400010,00200,00200,TISSUE TYPING LABORATORY
501,A400010,00300,00000,TELEPHONE EXPENSES
501,A400010,00300,00100,A
501,A400010,00300,00200,TISSUE
501,A400010,00400,00000,LEASEHOLD IMPROVE RECLASS
501,A400010,00400,00100,B
501,A400010,00400,00200,CAPITAL COSTS-BLDG & FIXT
501,A400010,00400,00500,CAPITAL COSTS-MVBLE EQUIPMENT
501,A400010,00500,00000,TISSUE ALLOCATION
501,A400010,00500,00100,C
501,A400010,00500,00200,TISSUE
501,A400010,00500,00500,PROCUREMENT COORDINATORS
501,A400010,00600,00000,TISSUE ALLOCATION
501,A400010,00600,00100,C
501,A400010,00600,00500,PROFESSIONAL EDUCATION
501,A400010,00700,00000,TISSUE ALLOCATION
501,A400010,00700,00100,C
501,A400010,00700,00500,PUBLIC EDUCATION
501,A400010,00800,00000,A&G OCCUPANCY RECLASS
501,A400010,00800,00100,D
501,A400010,00800,00200,ADMINISTRATIVE & GENERAL
501,A400010,00800,00500,CAPITAL COSTS-BLDG & FIXT
501,A400010,00900,00000,A&G OCCUPANCY RECLASS
501,A400010,00900,00100,D
501,A400010,00900,00500,CAPITAL COSTS-MVBLE EQUIPMENT
501,A400010,01000,00000,FOUNDATION OVERHEAD EXP RECLASS
501,A400010,01000,00100,F
501,A400010,01000,00200,ADMINISTRATIVE & GENERAL
501,A400010,01000,00500,FOUNDATION
501,A400010,01100,00000,FOUNDATION INVESTMENT FEES
501,A400010,01100,00100,G
501,A400010,01100,00200,ADMINISTRATIVE & GENERAL
501,A400010,01100,00500,FOUNDATION
501,A500010,00800,00100,B
501,A500010,00800,00300,PROCUREMENT COORDINATORS
501,A500010,01600,00000,NONREIMBURSABLE EXPENSE - ADMIN
501,A500010,01600,00100,A
501,A500010,01600,00300,ADMINISTRATIVE & GENERAL
501,A500010,01601,00000,NONREIMBURSABLE EXPENSE PROC COORD
501,A500010,01601,00100,A
501,A500010,01601,00300,PROCUREMENT COORDINATORS
501,A500010,01602,00000,NONREIMBURSABLE EXPENSE DPD
501,A500010,01602,00100,A
501,A500010,01602,00300,PROFESSIONAL EDUCATION
501,A500010,01603,00000,NONREIMBURSABLE EXPENSE - CORP COMM
501,A500010,01603,00100,A
501,A500010,01603,00300,PUBLIC EDUCATION
501,A500010,01604,00000,NONREIMBURSABLE EXPENSE - KIDNEY
501,A500010,01604,00100,A
501,A500010,01604,00300,KIDNEY ACQUISITIONS
501,A500010,01605,00000,NONREIMBURSABLE EXPENSE - DEPRECIATI
501,A500010,01605,00100,A
501,A500010,01605,00300,CAPITAL COSTS-MVBLE EQUIPMENT
501,A500010,01606,00000,LOBBYING OFFSET
501,A500010,01606,00100,A
501,A500010,01606,00300,PROCUREMENT COORDINATORS
501,A500010,01608,00000,LIFE INSURANCE UNREALIZED GAIN\LOSS
501,A500010,01608,00100,A
501,A500010,01608,00300,EMPLOYEE BENEFITS
501,A500010,01609,00000,INTEREST OFFSET
501,A500010,01609,00100,B
501,A500010,01609,00300,CAPITAL COSTS-BLDG & FIXT
501,A500010,01610,00000,ALLOWABLE INVESTMENT FEES
501,A500010,01610,00100,A
501,A500010,01610,00300,ADMINISTRATIVE & GENERAL
501,A500010,01611,00000,HP III BUILDING LEASED SPACE OFFSET
501,A500010,01611,00100,A
501,A500010,01611,00300,CAPITAL COSTS-BLDG & FIXT
501,A500010,01612,00000,BAD DEBT EXPENSE
501,A500010,01612,00100,A
501,A500010,01612,00300,ADMINISTRATIVE & GENERAL
501,A500010,01614,00000,RESEARCH
501,A500010,01614,00100,A
501,A500010,01614,00300,PROCUREMENT COORDINATORS
501,A51000A,00100,00100,Y
501,A51000B,00100,00200,CFL
501,A51000B,00100,00300,FOUNDATION
501,A51000B,00200,00200,FOUNDATION
501,A51000B,00200,00300,FOUNDATION
501,A51000B,00300,00200,CAPITAL COSTS-BLDG & FIXT
501,A51000B,00300,00300,HP III BLDG
501,A51000B,00400,00200,ADMINISTRATIVE & GENERAL
501,A51000B,00400,00300,LIFE LOGISTICS
501,A51000B,00401,00200,KIDNEY ACQUISITIONS
501,A51000B,00401,00300,LIFE LOGISTICS
501,A51000B,00402,00200,LIVER ACQUISITIONS
501,A51000B,00402,00300,LIFE LOGISTICS
501,A51000B,00403,00200,HEART ACQUISITIONS
501,A51000B,00403,00300,LIFE LOGISTICS
501,A51000B,00404,00200,PANCREAS ACQUISITIONS
501,A51000B,00404,00300,LIFE LOGISTICS
501,A51000B,00405,00200,LUNG ACQUISITIONS
501,A51000B,00405,00300,LIFE LOGISTICS
501,A51000B,00406,00200,SM BOWEL
501,A51000B,00406,00300,LIFE LOGISTICS
501,A51000B,00407,00200,HEART\LUNG
501,A51000B,00407,00300,LIFE LOGISTICS
501,A51000B,00408,00200,TISSUE
501,A51000B,00408,00300,LIFE LOGISTICS
501,A51000C,00100,00100,C
501,A51000C,00100,00400,LIFE LOGISTICS LLC
501,A51000C,00100,00600,AIR TRANSPORT
501,A51000C,00200,00100,C
501,A51000C,00200,00400,HIGHLANDS PLAZA THREE LLC
501,A51000C,00200,00600,PROPERTY MGMT
501,A51000C,00300,00100,C
501,A51000C,00300,00400,DONATE LIFE FOUNDATION
501,A51000C,00300,00600,FOUNDATION
501,A60000A,00700,00000,DF MEMORIAL
501,A60000A,00701,00000,CENTER FOR LIFE
501,A60000A,00702,00000,CIP
501,A60000A,00703,00000,LAB
501,A60000A,00704,00000,LIFE LOGISTICS
501,A60000A,00705,00000,LEASHOLD IMPROVEMENTS STL
501,A60000B,00800,00000,DF MEMORIAL
501,A60000B,00801,00000,CENTER FOR LIFE
501,A60000B,00803,00000,LAB
501,A60000B,00804,00000,LIFE LOGISTICS
501,A60000B,00805,00000,LEASEHOLD IMPROVEMENTS STL
501,A60000C,00500,00100,N
501,B10000*,00100,00200,CAP BLDG
501,B10000*,00100,00300,CAP COSTS
501,B10000*,00100,00400,EMPLOYEE
501,B10000*,00100,00500,MEDICAL
501,B10000*,00100,00800,ORGAN
501,B10000*,00100,01000,ADMIN &
501,B10000*,00200,00200,OP PLANT &
501,B10000*,00200,00300,MOVABLE
501,B10000*,00200,00400,BENEFITS
501,B10000*,00200,00500,SUPPLIES
501,B10000*,00200,00800,ACQUISITN
501,B10000*,00200,01000,GENERAL
501,B10000*,00300,00200,HOUSEKEEP
501,B10000*,00300,00300,EQUIPMENT
501,B10000*,00300,00800,COSTS
501,B10000*,00400,00200,SQUARE
501,B10000*,00400,00300,DOLLAR
501,B10000*,00400,00400,ADJUST
501,B10000*,00400,00500,COSTED
501,B10000*,00400,00800,NUMBER
501,B10000*,00400,01000,ACCUM
501,B10000*,00500,00200,FEET
501,B10000*,00500,00300,VALUE
501,B10000*,00500,00400,SALARIES
501,B10000*,00500,00500,REQUISIT
501,B10000*,00500,00800,ORGANS
501,B10000*,00500,01000,COSTS
501,B10000*,00600,00200,1
501,B10000*,00600,00300,2
501,B10000*,00600,00400,3
501,B10000*,00600,00500,3
501,B10000*,00600,00800,3
501,B10000*,00600,01000,3
501,B100000,00000,01000,X
501,E000000,00900,00000,CURRENT ASSETS - OTHER
501,E000000,02600,00000,OTHER FIXED ASSETS
501,E000000,03100,00000,OTHER ASSETS
501,E000000,03900,00000,DUE TO MEDICARE
501,E000000,04600,00000,DEFFERED COMP
501,E000000,04700,00000,OTHER NONCURRENT LIABILITIES
501,E100001,00700,00000,INVESTMENT GAINS
501,E100001,00800,00000,DONATIONS
501,E100001,00900,00000,RENT
501,E100001,00901,00000,OTHER
501,E100002,00300,00000,POST AUDIT AJE TRANSFERS
501,E100002,00400,00000,POST AUDIT AJE LAB REV\EXP
501,E100002,00500,00000,INVESTMENT FEES
501,E100002,00501,00000,ROUNDING
501,E100002,00800,00000,LAB EXPENSES
501,E100002,00900,00000,HP III RXP
501,E100002,01000,00000,FOUNDATION
501,E100002,01001,00000,ROUNDING
501,E200000,02000,00000,UNREALIZED GAIN\LOSS  ON INVESTMENTS
501,E200000,02100,00000,EARNINGS FROM RELATED ORGANIZATION
501,E200000,02600,00000,LOSS FROM RELATED ORGANIZATION
501,E200000,02700,00000,CONTRIBUTIONS TO RELATED ORG
501,S000000,00100,00100,X
501,S000000,00400,00100,2
501,S000000,00500,00100,05/23/2022
501,S000000,00600,00100,10001
501,S000000,00700,00100,N
501,S000000,00800,00100,N
501,S000000,00900,00100,09/05/2023
501,S000000,01000,00100,4
501,S000001,00100,00100,MID-AMERICA TRANSPLANT SERVICES
501,S000001,00100,00200,26P002
501,S000001,00101,00100,1110 HIGHLANDS PLAZA DR E  STE 100
501,S000001,00102,00100,SAINT LOUIS
501,S000001,00102,00200,MO
501,S000001,00102,00300,63110
501,S000001,00200,00100,MID-AMERICA TRANSPLANT SERVICES
501,S000001,00200,00200,26HL06
501,S000001,00201,00100,1110 HIGHLANDS PLAZA DR E  STE 100
501,S000001,00202,00100,SAINT LOUIS
501,S000001,00202,00200,MO
501,S000001,00202,00300,63110
501,S000001,00300,00100,01/01/2021
501,S000001,00300,00200,12/31/2021
501,S000001,00400,00100,8
501,S000001,00400,00300,1
501,S000001,00400,00400,04/01/1988
501,S000001,00401,00300,1
501,S000002,00100,00200,Y
501,S000002,00300,00100,CHIEF FINANCIAL OFFICER
501,S000002,00400,00100,05/20/2022
501,S100001,00700,00100,N
501,S100001,00810,00000,SM BOWEL
501,S100001,00811,00000,VEIN\OTHER
501,S100002,00400,00100,HLA
501,S100003,00100,00100,MEDICAL DIRECTOR
501,S100003,00100,00300,MEDICAL DIRECTOR
501,S100003,00100,00500,LAB DIRECTOR
501,S100003,00101,00100,EXEC. DIRECTOR
501,S100003,00101,00300,PROCUREMENT COORDINATOR
501,S100003,00101,00500,TECHNICIANS
501,S100003,00102,00100,CLERICAL
501,S100003,00102,00300,PRESERVATION TECHNICIANS
501,S100003,00102,00500,TISSUE TYPING TECH.
501,S100003,00103,00100,OTHER
501,S100003,00103,00300,OTHER
501,S100003,00103,00500,OTHER
501,S200000,00100,00100,N
501,S200000,00200,00100,N
501,S200000,00300,00100,Y
501,S200000,00400,00100,Y
501,S200000,00400,00200,A
501,S200000,00500,00100,Y
501,S200000,00600,00300,DIRECTOR OF ACCOUNTING &  FINANCE
501,S200000,00700,00100,MIDAMERICA TRANSPLANT
502,A000000,00100,00000,0100CAPITAL COSTS-BLDG & FIXT
502,A000000,00200,00000,0200CAPITAL COSTS-MVBLE EQUIPMENT
502,A000000,00300,00000,0300EMPLOYEE BENEFITS
502,A000000,00400,00000,0400ADMINISTRATIVE & GENERAL
502,A000000,00500,00000,0500OPERATION AND MAINTENANCE OF PLANT
502,A000000,00600,00000,0600HOUSEKEEPING
502,A000000,00700,00000,0700MEDICAL SUPPLIES
502,A000000,00800,00000,0800OTHER OVERHEAD
502,A000000,00900,00000,0900PROCUREMENT COORDINATORS
502,A000000,01000,00000,1000PROFESSIONAL EDUCATION
502,A000000,01100,00000,1100PUBLIC EDUCATION
502,A000000,01200,00000,1200OTHER ACQUISITION
502,A000000,01300,00000,1300KIDNEY ACQUISITIONS
502,A000000,01400,00000,1400TISSUE TYPING LABORATORY
502,A000000,01500,00000,1500LIVER ACQUISITIONS
502,A000000,01600,00000,1600HEART ACQUISITIONS
502,A000000,01700,00000,1700PANCREAS ACQUISITIONS
502,A000000,01800,00000,1800LUNG ACQUISITIONS
502,A000000,01900,00000,1900OTHER ACQUISITIONS
502,A000000,02100,00000,2100RESEARCH
502,A000000,02200,00000,2200BLOOD BANK
502,A000000,02300,00000,2300LABORATORY-NON-TISSUE TYPING
502,A000000,02400,00000,2400DIALYSIS UNITS
502,A000000,02500,00000,2500FOUNDATION
502,A000000,02501,00000,2501BONE & TISSUE
502,A100000,01700,00000,POSTAGE
502,A100000,01800,00000,BOOKS & SUBSCRIPTIONS
502,A100000,01901,00000,EQUIP MAINT & REPAIRS
502,A100000,01902,00000,COMPUTER SUPPORT
502,A100000,01903,00000,AUTO EXPENSE
502,A100000,01904,00000,DUES & EXPENSE
502,A100000,01906,00000,CONSULTANT
502,A100000,01907,00000,RECRUITMENT EXPENSE
502,A100000,01908,00000,QUALITY OF WORK LIFE
502,A100000,01909,00000,PRINTING
502,A100000,01910,00000,BANKCHARGES
502,A100000,01911,00000,INTEREST
502,A100000,01912,00000,PART TIME PERSONNEL
502,A20H000,02100,00000,TRANSPORTATION SURGEONS
502,A20K000,02100,00000,TRANSPORTATION SURGEONS
502,A20K000,02101,00000,BIOPSY OH
502,A20L000,00900,00000,OTHER
502,A20L000,02100,00000,TRANSPORTATION SURGEONS
502,A20O000,00900,00000,OTHER
502,A20P000,02100,00000,TRANSPORTATION SURGEONS
502,A20U000,02100,00000,TRANSPORTATIONSURGEONS
502,A300000,00600,00000,OTHER TISUE TYPING COST
502,A300000,00700,00000,BLOOD BANK REAGENTS
502,A300000,00800,00000,HLA REAGENTS
502,A300000,00900,00000,AMORTIZATION OF LAB SOFTWARE
502,A400010,00100,00000,TISSUE OVERHEAD RECLASS
502,A400010,00100,00100,A
502,A400010,00100,00200,BONE & TISSUE
502,A400010,00100,00500,PROCUREMENT COORDINATORS
502,A500010,00800,00100,B
502,A500010,00800,00300,OTHER ACQUISITION
502,A500010,01603,00000,BAD DEBT - LAB
502,A500010,01603,00100,A
502,A500010,01603,00300,TISSUE TYPING LABORATORY
502,A500010,01604,00000,MOLECULAR LAB
502,A500010,01604,00100,A
502,A500010,01604,00300,CAPITAL COSTS-BLDG & FIXT
502,A500010,01607,00000,LEGISLATIVE LOBBYING
502,A500010,01607,00100,A
502,A500010,01607,00300,ADMINISTRATIVE & GENERAL
502,A51000A,00100,00100,Y
502,A51000B,00100,00200,FOUNDATION
502,A51000B,00100,00300,FOUNDATION COSTS
502,A51000C,00100,00100,C
502,A51000C,00100,00400,SHARING NETWORK FOUNDATION
502,A51000C,00100,00600,FOUNDATION
502,A60000A,00700,00000,LEASEHOLD IMPROVEMENTS
502,A60000B,00800,00000,LEASEHOLDIMPROVEMENT
502,A60000C,00500,00100,N
502,B10000*,00100,00200,CAP BLDG
502,B10000*,00100,00300,CAP COSTS
502,B10000*,00100,00400,EMPLOYEE
502,B10000*,00100,00500,MEDICAL
502,B10000*,00100,00800,ORGAN
502,B10000*,00100,01000,ADMIN &
502,B10000*,00200,00200,OP PLANT &
502,B10000*,00200,00300,MOVABLE
502,B10000*,00200,00400,BENEFITS
502,B10000*,00200,00500,SUPPLIES
502,B10000*,00200,00800,ACQUISITN
502,B10000*,00200,01000,GENERAL
502,B10000*,00300,00200,HOUSEKEEP
502,B10000*,00300,00300,EQUIPMENT
502,B10000*,00300,00800,COSTS
502,B10000*,00400,00200,SQUARE
502,B10000*,00400,00300,DOLLAR
502,B10000*,00400,00400,ADJUST
502,B10000*,00400,00500,COSTED
502,B10000*,00400,00800,NUMBER
502,B10000*,00400,01000,ACCUM
502,B10000*,00500,00200,FEET
502,B10000*,00500,00300,VALUE
502,B10000*,00500,00400,SALARIES
502,B10000*,00500,00500,REQUISIT
502,B10000*,00500,00800,ORGANS
502,B10000*,00500,01000,COSTS
502,B10000*,00600,00200,1
502,B10000*,00600,00300,2
502,B10000*,00600,00400,3
502,B10000*,00600,00500,3
502,B10000*,00600,00800,3
502,B10000*,00600,01000,3
502,B100000,00000,01000,X
502,E000000,00900,00000,CASH SURRENDER LIFE INSURANCE
502,E000000,02600,00000,OTHER FIXED ASSETS
502,E000000,03100,00000,SOFTWARE
502,E000000,03900,00000,MEDICARE SETTLEMENT
502,E000000,04100,00000,CURRENT PORTION OF LONG TERM DEBT
502,E000000,04600,00000,DEFERRED COMPENSATION
502,E000000,04700,00000,LONG TERM DEBT
502,E000000,04800,00000,DEFERRED RENT
502,E100001,00700,00000,EST MEDICARE SETTLEMENT
502,E100001,00800,00000,OTHE PROCUREMENT REVENUE
502,E100002,00300,00000,PAYROLL REIMBURSEMENTS
502,E100002,00400,00000,MOLECULAR LAB
502,E100002,00500,00000,NONREIMBURSABLE COSTS
502,E100002,00501,00000,INTEREST EXPENSE
502,E100002,00800,00000,SHARING NETWORK FOUNDATION EXPENSE
502,E100002,00900,00000,INVESTMENT EXPENSES
502,E200000,01500,00000,GRANTS FROM SHARING NETWORK FOUNDATI
502,E200000,01600,00000,LICENSE PLATE GRANTS
502,E200000,01700,00000,OTHER REVENUE
502,E200000,01800,00000,MISCELLANEOUS INCOME
502,E200000,01900,00000,INTEREST INCOME
502,E200000,02000,00000,INSURANCE SETTLEMENT
502,E200000,02100,00000,PAYROLL REIMBURSEMENTS
502,E200000,02200,00000,GAIN ON DISPOSAL OF PROPERTY
502,E200000,02600,00000,CASH SURRENDER VALUE OF LIFE INSUR
502,E200000,02700,00000,MOLECULAR RESEARCH LAB
502,E200000,02701,00000,GAIN/LOSS FROM INVESTMENTS
502,E200000,02702,00000,MISC EXPENSE
502,S000000,00100,00100,X
502,S000000,00400,00100,2
502,S000000,00500,00100,05/31/2022
502,S000000,00600,00100,10001
502,S000000,00700,00100,N
502,S000000,00800,00100,N
502,S000000,00900,00100,09/05/2023
502,S000000,01000,00100,4
502,S000001,00100,00100,NEW JERSEY ORGAN & TISSUE SHARING NE
502,S000001,00100,00200,31P001
502,S000001,00101,00100,691 CENTRAL AVENUE
502,S000001,00102,00100,NEW PROVIDENCE
502,S000001,00102,00200,NJ
502,S000001,00102,00300,07974
502,S000001,00200,00100,NEW JERSEY ORGAN & TISSUE SHARING NE
502,S000001,00200,00200,31HL01
502,S000001,00201,00100,691 CENTRAL AVENUE
502,S000001,00202,00100,NEW PROVIDENCE
502,S000001,00202,00200,NJ
502,S000001,00202,00300,07974
502,S000001,00300,00100,01/01/2021
502,S000001,00300,00200,12/31/2021
502,S000001,00400,00100,6
502,S000001,00400,00300,1
502,S000001,00400,00400,01/01/1984
502,S000001,00401,00300,2
502,S000001,00401,00400,01/01/1984
502,S000002,00100,00200,Y
502,S000002,00300,00100,DIRECTOR OF FINANCE
502,S000002,00400,00100,05/28/2022
502,S100001,00700,00100,N
502,S100001,00810,00000,INTESTINE
502,S100002,00400,00100,ABO TITER
502,S100002,00401,00100,ABO TYPE
502,S100002,00402,00100,ABSORB LUMINEX SINGLE ANTIGEN BEAD C
502,S100002,00403,00100,ABSORB LUMINEX SINGLE ANTIGEN BEAD C
502,S100002,00404,00100,AUTOCROSSMATCH  T AND B CELLS  (FLOW
502,S100002,00405,00100,AUTOCROSSMATCH  T AND B CELLS  (FLOW
502,S100002,00406,00100,AUTOCROSSMATCH  T AND B CELLS  AHG O
502,S100002,00407,00100,DNA REFLEX TESTING
502,S100002,00408,00100,DNA CLASS I  HIGH RESOLUTION (SEND O
502,S100002,00409,00100,DNA CLASS II  HIGH RESOLUTION (SEND
502,S100002,00410,00100,DP-DNA HLA CLASS II TYPING
502,S100002,00411,00100,DQA - DNA HLA CLASS II TYPING
502,S100002,00412,00100,FINAL MAJOR CROSSMATCH  CLASS I AND
502,S100002,00413,00100,FINAL MAJOR CROSSMATCH  T AND B CELL
502,S100002,00414,00100,FLOW NON PRONASE T CELL AUTO CROSSMA
502,S100002,00415,00100,FLOW NON PRONASE T CELL MAJOR CROSSM
502,S100002,00416,00100,FLOW NON PRONASE T CELL MAJOR CROSSM
502,S100002,00417,00100,FLOW NON PRONASE T CELL MAJOR CROSSM
502,S100002,00418,00100,HLA ANTIBODY SCREENING  CLASS I (FLO
502,S100002,00419,00100,HLA ANTIBODY SCREENING  CLASS II (FL
502,S100002,00420,00100,HLA CLASS I LSPRA
502,S100002,00421,00100,HLA CLASS I TYPING  SEROLOGICAL OR D
502,S100002,00422,00100,HLA CLASS II LSPRA
502,S100002,00423,00100,HLA CLASS II TYPING  SEROLOGICAL OR
502,S100002,00424,00100,LRD OR IMPORT MAJOR X-MATCH  T AND B
502,S100002,00425,00100,LSPRA CLASS -I- ADSORB
502,S100002,00426,00100,LSPRA CLASS -II- ADSORB
502,S100002,00427,00100,LUMINEX SINGLE ANTIGEN BEAD C-I
502,S100002,00428,00100,LUMINEX SINGLE ANTIGEN BEAD C-II
502,S100002,00429,00100,LYMPHOCYTE CRYOPRESERVATION PROTOCOL
502,S100002,00430,00100,OFF HOURS STAT FEE
502,S100002,00431,00100,RBC ANTIBODY ID
502,S100002,00432,00100,RBC ANTIBODY SCREENING
502,S100002,00433,00100,RENAL ABSORB FLOW PRA I
502,S100002,00434,00100,RENAL ABSORB FLOW PRA II
502,S100002,00435,00100,RH TYPE
502,S100002,00436,00100,SAMPLE HANDLING CHARGES
502,S100002,00437,00100,VIRTUAL CROSSMATCH PREDICTIVE ALGORI
502,S100002,00438,00100,RBC AB SCREEN
502,S100003,00100,00100,MEDICAL DIRECTOR
502,S100003,00100,00300,MEDICAL DIRECTOR
502,S100003,00100,00500,LAB DIRECTOR
502,S100003,00101,00100,EXEC. DIRECTOR
502,S100003,00101,00300,PROCUREMENT COORDINATOR
502,S100003,00101,00500,TECHNICIANS
502,S100003,00102,00100,CLERICAL
502,S100003,00102,00300,PRESERVATION TECHNICIANS
502,S100003,00102,00500,TISSUE TYPING TECH.
502,S100003,00103,00100,OTHER
502,S100003,00103,00300,OTHER
502,S100003,00103,00500,OTHER
502,S200000,00100,00100,N
502,S200000,00200,00100,N
502,S200000,00300,00100,Y
502,S200000,00400,00100,Y
502,S200000,00400,00200,A
502,S200000,00500,00100,Y
502,S200000,00600,00300,DIRECTOR OF FINANCE
502,S200000,00700,00100,NJ SHARING NETWORK
503,A000000,00100,00000,0100CAPITAL COSTS-BLDG & FIXT
503,A000000,00200,00000,0200CAPITAL COSTS-MVBLE EQUIPMENT
503,A000000,00300,00000,0300EMPLOYEE BENEFITS
503,A000000,00400,00000,0400ADMINISTRATIVE & GENERAL
503,A000000,00500,00000,0500OPERATION AND MAINTENANCE OF PLANT
503,A000000,00600,00000,0600HOUSEKEEPING
503,A000000,00700,00000,0700MEDICAL SUPPLIES
503,A000000,00800,00000,0800OTHER OVERHEAD
503,A000000,00900,00000,0900PROCUREMENT COORDINATORS
503,A000000,01000,00000,1000PROFESSIONAL EDUCATION
503,A000000,01100,00000,1100PUBLIC EDUCATION
503,A000000,01200,00000,1200OTHER ACQUISITION
503,A000000,01300,00000,1300KIDNEY ACQUISITIONS
503,A000000,01400,00000,1400TISSUE TYPING LABORATORY
503,A000000,01500,00000,1500LIVER ACQUISITIONS
503,A000000,01600,00000,1600HEART ACQUISITIONS
503,A000000,01700,00000,1700PANCREAS ACQUISITIONS
503,A000000,01800,00000,1800LUNG ACQUISITIONS
503,A000000,01900,00000,1900OTHER ACQUISITIONS
503,A000000,02100,00000,2100RESEARCH
503,A000000,02200,00000,2200BLOOD BANK
503,A000000,02300,00000,2300LABORATORY-NON-TISSUE TYPING
503,A000000,02400,00000,2400DIALYSIS UNITS
503,A000000,02500,00000,2500TISSUE RELATED COSTS- LIFENET HEALTH
503,A000000,02501,00000,2501TISSUE RELATED COSTS- FTS
503,A000000,02502,00000,2502TISSUE RELATED COSTS-SWAI
503,A000000,02503,00000,2503TISSUE RELATED COSTS-LDMF
503,A000000,02504,00000,2504TISSUE RELATED COSTS-LNH CANANDA
503,A000000,02505,00000,2505TISSUE RELATED COSTS-IRM
503,A000000,02506,00000,2506TISSUE RELATED COSTS- LNH NW
503,A000000,02507,00000,2508TISSUE RELATED COSTS-LIFENET EUROPE
503,A100000,01700,00000,OTHER ADMIN AND GENERAL
503,A20H000,00900,00000,OTHER EXCISION RELATED
503,A20H000,00901,00000,HOSPITAL CHARGES - CASE RATE FEES
503,A20K000,00900,00000,OTHER EXCISION RELATED
503,A20K000,00901,00000,HOSPITAL CHARGES - CASE RATE FEES
503,A20L000,00900,00000,OTHER EXCISION RELATED
503,A20L000,00901,00000,HOSPITAL CHARGES - CASE RATE FEES
503,A20O000,00900,00000,OTHER EXCISION RELATED
503,A20O000,00901,00000,HOSPITAL CHARGES - CASE RATE FEES
503,A20P000,00900,00000,OTHER EXCISION RELATED
503,A20P000,00901,00000,HOSPITAL CHARGES - CASE RATE FEES
503,A20U000,00900,00000,OTHER EXCISION RELATED
503,A20U000,00901,00000,HOSPITAL CHARGES - CASE RATE FEES
503,A400010,00100,00000,RECLASSIFICATIONS
503,A400010,00100,00100,A
503,A400010,00100,00200,TISSUE RELATED COSTS- LIFENET HEALTH
503,A400010,00100,00500,PROCUREMENT COORDINATORS
503,A400010,00200,00000,RECLASSIFICATIONS
503,A400010,00200,00100,A
503,A400010,00200,00200,TISSUE RELATED COSTS- LIFENET HEALTH
503,A400010,00200,00500,PROFESSIONAL EDUCATION
503,A400010,00300,00000,RECLASSIFICATIONS
503,A400010,00300,00100,A
503,A400010,00300,00200,TISSUE RELATED COSTS- LIFENET HEALTH
503,A400010,00300,00500,PUBLIC EDUCATION
503,A400010,00400,00000,RECLASSIFICATIONS
503,A400010,00400,00100,A
503,A400010,00400,00200,TISSUE RELATED COSTS- LIFENET HEALTH
503,A400010,00400,00500,OTHER ACQUISITION
503,A500010,00800,00300,PROCUREMENT COORDINATORS
503,A500010,01500,00000,BAD DEBT EXPENSE
503,A500010,01500,00100,A
503,A500010,01500,00300,ADMINISTRATIVE & GENERAL
503,A500010,01600,00000,DONOR CENTER REVENUE
503,A500010,01600,00100,A
503,A500010,01600,00300,OTHER ACQUISITION
503,A500010,01601,00000,LOBBYING EXPENSE
503,A500010,01601,00100,A
503,A500010,01601,00300,PROCUREMENT COORDINATORS
503,A500010,01602,00000,CONTRIBUTIONS
503,A500010,01602,00100,A
503,A500010,01602,00300,ADMINISTRATIVE & GENERAL
503,A500010,01603,00000,LOSS ON ASSET DISPOSAL
503,A500010,01603,00100,A
503,A500010,01603,00300,ADMINISTRATIVE & GENERAL
503,A500010,01604,00000,LIVING KIDNEY
503,A500010,01604,00100,B
503,A500010,01604,00300,PROCUREMENT COORDINATORS
503,A500010,01605,00000,UNREALIZED GAIN ON INVESTMENTS
503,A500010,01605,00100,A
503,A500010,01605,00300,ADMINISTRATIVE & GENERAL
503,A500010,01606,00000,BOARD EXPENSES
503,A500010,01606,00100,A
503,A500010,01606,00300,ADMINISTRATIVE & GENERAL
503,A500010,01607,00000,G&A EXPENSE
503,A500010,01607,00100,A
503,A500010,01607,00300,ADMINISTRATIVE & GENERAL
503,A500010,01608,00000,ORGAN OVERHEAD EXPENSE
503,A500010,01608,00100,A
503,A500010,01608,00300,PROCUREMENT COORDINATORS
503,A500010,01610,00000,ORGAN OVERHEAD EXPENSE
503,A500010,01610,00100,A
503,A500010,01610,00300,PUBLIC EDUCATION
503,A500010,01611,00000,ORGAN OVERHEAD EXPENSE
503,A500010,01611,00100,A
503,A500010,01611,00300,OTHER ACQUISITION
503,A51000A,00100,00100,N
503,A60000A,00700,00000,CONSTRUCTION IN PROGRESS
503,A60000C,00500,00100,N
503,B10000*,00100,00200,CAP BLDG
503,B10000*,00100,00300,CAP COSTS
503,B10000*,00100,00400,EMPLOYEE
503,B10000*,00100,00500,MEDICAL
503,B10000*,00100,00800,ORGAN
503,B10000*,00100,01000,ADMIN &
503,B10000*,00200,00200,OP PLANT &
503,B10000*,00200,00300,MOVABLE
503,B10000*,00200,00400,BENEFITS
503,B10000*,00200,00500,SUPPLIES
503,B10000*,00200,00800,ACQUISITN
503,B10000*,00200,01000,GENERAL
503,B10000*,00300,00200,HOUSEKEEP
503,B10000*,00300,00300,EQUIPMENT
503,B10000*,00300,00800,COSTS
503,B10000*,00400,00200,SQUARE
503,B10000*,00400,00300,DOLLAR
503,B10000*,00400,00400,ADJUST
503,B10000*,00400,00500,COSTED
503,B10000*,00400,00800,NUMBER
503,B10000*,00400,01000,ACCUM
503,B10000*,00500,00200,FEET
503,B10000*,00500,00300,VALUE
503,B10000*,00500,00400,SALARIES
503,B10000*,00500,00500,REQUISIT
503,B10000*,00500,00800,ORGANS
503,B10000*,00500,01000,COSTS
503,B10000*,00600,00200,1
503,B10000*,00600,00300,2
503,B10000*,00600,00400,3
503,B10000*,00600,00500,3
503,B10000*,00600,00800,3
503,B10000*,00600,01000,3
503,B100000,00000,01000,X
503,E000000,00900,00000,OTHER CURRENT ASSETS
503,E000000,02600,00000,CONSTRUCTION IN PROGRESS
503,E000000,03100,00000,OTHER ASSETS
503,E000000,04600,00000,DEFERRED INCOME
503,E000000,04700,00000,OTHER LONG TERM LIAB
503,E100002,00800,00000,ELIMINATION ENTRY
503,E200000,01500,00000,TISSUE BANK REVENUE
503,E200000,01600,00000,DONOR CENTER REVENUE
503,E200000,01700,00000,OTHER INCOME
503,E200000,01800,00000,MEDICARE
503,S000000,00100,00100,X
503,S000000,00400,00100,2
503,S000000,00500,00100,05/27/2022
503,S000000,00600,00100,10001
503,S000000,00700,00100,N
503,S000000,00800,00100,N
503,S000000,00900,00100,09/05/2023
503,S000000,01000,00100,4
503,S000001,00100,00100,LIFENET HEALTH
503,S000001,00100,00200,49P001
503,S000001,00101,00100,1864 CONCERT DRIVE
503,S000001,00102,00100,VIRGINIA BEACH
503,S000001,00102,00200,VA
503,S000001,00102,00300,23453
503,S000001,00300,00100,01/01/2021
503,S000001,00300,00200,12/31/2021
503,S000001,00400,00100,8
503,S000001,00400,00300,1
503,S000001,00400,00400,10/01/1987
503,S000001,00401,00300,1
503,S000002,00100,00200,Y
503,S000002,00300,00100,CFO
503,S000002,00400,00100,05/27/2022
503,S100001,00700,00100,N
503,S100001,00810,00000,INTESTINE
503,S100003,00100,00100,MEDICAL DIRECTOR
503,S100003,00100,00300,MEDICAL DIRECTOR
503,S100003,00100,00500,LAB DIRECTOR
503,S100003,00101,00100,EXEC. DIRECTOR
503,S100003,00101,00300,PROCUREMENT COORDINATOR
503,S100003,00101,00500,TECHNICIANS
503,S100003,00102,00100,CLERICAL
503,S100003,00102,00300,PRESERVATION TECHNICIANS
503,S100003,00102,00500,TISSUE TYPING TECH.
503,S100003,00103,00100,OTHER
503,S100003,00103,00300,OTHER
503,S100003,00103,00500,OTHER
503,S200000,00100,00100,N
503,S200000,00200,00100,N
503,S200000,00300,00100,N
503,S200000,00400,00100,Y
503,S200000,00400,00200,A
503,S200000,00500,00100,N
503,S200000,00600,00300,SENIOR STAFF ACCOUNTANT
503,S200000,00700,00100,LIFENET HEALTH
504,A000000,00100,00000,0100CAPITAL COSTS-BLDG & FIXT
504,A000000,00200,00000,0200CAPITAL COSTS-MVBLE EQUIPMENT
504,A000000,00300,00000,0300EMPLOYEE BENEFITS
504,A000000,00400,00000,0400ADMINISTRATIVE & GENERAL
504,A000000,00500,00000,0500OPERATION AND MAINTENANCE OF PLANT
504,A000000,00600,00000,0600HOUSEKEEPING
504,A000000,00700,00000,0700MEDICAL SUPPLIES
504,A000000,00800,00000,0800OTHER OVERHEAD
504,A000000,00900,00000,0900PROCUREMENT COORDINATORS
504,A000000,01000,00000,1000PROFESSIONAL EDUCATION
504,A000000,01100,00000,1100PUBLIC EDUCATION
504,A000000,01200,00000,1200OTHER ACQUISITION
504,A000000,01300,00000,1300KIDNEY ACQUISITIONS
504,A000000,01400,00000,1400TISSUE TYPING LABORATORY
504,A000000,01500,00000,1500LIVER ACQUISITIONS
504,A000000,01600,00000,1600HEART ACQUISITIONS
504,A000000,01700,00000,1700PANCREAS ACQUISITIONS
504,A000000,01800,00000,1800LUNG ACQUISITIONS
504,A000000,01900,00000,1900OTHER ACQUISITIONS
504,A000000,01901,00000,1901OTHER ACQUISITIONS
504,A000000,02100,00000,2100RESEARCH
504,A000000,02200,00000,2200BLOOD BANK
504,A000000,02300,00000,2300LABORATORY-NON-TISSUE TYPING
504,A000000,02400,00000,2400DIALYSIS UNITS
504,A000000,02500,00000,2500OTHER NON-REIMBURSABLE
504,A100000,01700,00000,PAYROLL TAXES & BENEFITS
504,A100000,01800,00000,CONTRACT SERVICES
504,A100000,01900,00000,DEPRECIATION
504,A100000,01901,00000,OCCUPANCY & MAINTENANCE
504,A100000,01902,00000,OTHER EXPENSES
504,A20H000,00900,00000,HOSPITAL CHARGES
504,A20H000,02100,00000,MEDICAL SUPPLIES
504,A20H000,02101,00000,RECOVERY FEES & OTHER COSTS
504,A20K000,00900,00000,HOSPITAL CHARGES
504,A20K000,02100,00000,MEDICAL SUPPLIES
504,A20K000,02101,00000,RECOVERY FEES & OTHER COSTS
504,A20L000,00900,00000,HOSPITAL CHARGES
504,A20L000,02100,00000,MEDICAL SUPPLIES
504,A20L000,02101,00000,RECOVERY FEES & OTHER COSTS
504,A20O000,00900,00000,HOSPITAL CHARGES
504,A20O000,02100,00000,MEDICAL SUPPLIES
504,A20O000,02101,00000,RECOVERY FEES & OTHER COSTS
504,A20P000,00900,00000,HOSPITAL CHARGES
504,A20P000,02100,00000,MEDICAL SUPPLIES
504,A20P000,02101,00000,RECOVERY FEES & OTHER COSTS
504,A20U000,00900,00000,HOSPITAL CHARGES
504,A20U000,02100,00000,MEDICAL SUPPLIES
504,A20U000,02101,00000,RECOVERY FEES & OTHER COSTS
504,A400010,00100,00000,RECLASSIFICATIONS
504,A400010,00100,00100,A
504,A400010,00100,00200,CAPITAL COSTS-BLDG & FIXT
504,A400010,00100,00500,ADMINISTRATIVE & GENERAL
504,A400010,00200,00000,RECLASSIFICATIONS
504,A400010,00200,00100,A
504,A400010,00200,00200,CAPITAL COSTS-MVBLE EQUIPMENT
504,A400010,00200,00500,ADMINISTRATIVE & GENERAL
504,A400010,00300,00000,RECLASSIFICATIONS
504,A400010,00300,00100,A
504,A400010,00300,00200,OPERATION AND MAINTENANCE OF PLANT
504,A400010,00300,00500,ADMINISTRATIVE & GENERAL
504,A400010,00400,00000,RECLASSIFICATIONS
504,A400010,00400,00100,A
504,A400010,00400,00200,OTHER NON-REIMBURSABLE
504,A400010,00400,00500,PROFESSIONAL EDUCATION
504,A400010,00500,00000,RECLASSIFICATIONS
504,A400010,00500,00100,A
504,A400010,00500,00200,OTHER NON-REIMBURSABLE
504,A400010,00500,00500,PUBLIC EDUCATION
504,A400010,00600,00000,RECLASSIFICATIONS
504,A400010,00600,00100,A
504,A400010,00600,00200,OTHER NON-REIMBURSABLE
504,A400010,00600,00500,PROCUREMENT COORDINATORS
504,A500010,00800,00100,B
504,A500010,00800,00300,PROCUREMENT COORDINATORS
504,A500010,01500,00000,SCHOLARSHIPS
504,A500010,01500,00100,A
504,A500010,01500,00300,PUBLIC EDUCATION
504,A500010,01501,00000,LOBBYING
504,A500010,01501,00100,A
504,A500010,01501,00300,ADMINISTRATIVE & GENERAL
504,A500010,01502,00000,ALCOHOL
504,A500010,01502,00100,A
504,A500010,01502,00300,ADMINISTRATIVE & GENERAL
504,A500010,01503,00000,OTHER G&A NON-REIMBURSABLE
504,A500010,01503,00100,A
504,A500010,01503,00300,ADMINISTRATIVE & GENERAL
504,A500010,01504,00000,DONOR FAMILY INCIDENTALS
504,A500010,01504,00100,A
504,A500010,01504,00300,ADMINISTRATIVE & GENERAL
504,A51000A,00100,00100,N
504,A60000C,00500,00100,N
504,B10000*,00100,00200,CAP BLDG
504,B10000*,00100,00300,CAP COSTS
504,B10000*,00100,00400,EMPLOYEE
504,B10000*,00100,00500,MEDICAL
504,B10000*,00100,00800,ORGAN
504,B10000*,00100,01000,ADMIN &
504,B10000*,00200,00200,OP PLANT &
504,B10000*,00200,00300,MOVABLE
504,B10000*,00200,00400,BENEFITS
504,B10000*,00200,00500,SUPPLIES
504,B10000*,00200,00800,ACQUISITN
504,B10000*,00200,01000,GENERAL
504,B10000*,00300,00200,HOUSEKEEP
504,B10000*,00300,00300,EQUIPMENT
504,B10000*,00300,00800,COSTS
504,B10000*,00400,00200,SQUARE
504,B10000*,00400,00300,DOLLAR
504,B10000*,00400,00400,ADJUST
504,B10000*,00400,00500,COSTED
504,B10000*,00400,00800,NUMBER
504,B10000*,00400,01000,ACCUM
504,B10000*,00500,00200,FEET
504,B10000*,00500,00300,VALUE
504,B10000*,00500,00400,SALARIES
504,B10000*,00500,00500,REQUISIT
504,B10000*,00500,00800,ORGANS
504,B10000*,00500,01000,COSTS
504,B10000*,00600,00200,1
504,B10000*,00600,00300,2
504,B10000*,00600,00400,3
504,B10000*,00600,00500,3
504,B10000*,00600,00800,3
504,B10000*,00600,01000,3
504,B100000,00000,01000,X
504,E000000,00900,00000,OTHER CURRENT ASSETS
504,E000000,02600,00000,OTHER FIXED ASSETS
504,E000000,03900,00000,ACCRUED BENEFITS PAYABLE
504,E000000,04600,00000,DEFERRED RENT
504,E100001,00700,00000,TISSUE PROCUREMENT REVENUE
504,E100001,00800,00000,OTHER PROCUREMENT REVENUE
504,E200000,02000,00000,PPP LOAN FORGIVENESS
504,S000000,00100,00100,X
504,S000000,00400,00100,2
504,S000000,00500,00100,05/23/2022
504,S000000,00600,00100,10001
504,S000000,00700,00100,N
504,S000000,00800,00100,N
504,S000000,00900,00100,09/05/2023
504,S000000,01000,00100,4
504,S000001,00100,00100,WASHINGTON REGIONAL TRANSPLANT COMMU
504,S000001,00100,00200,49P003
504,S000001,00101,00100,3190 FAIRVIEW PARK DRIVE  SUITE 700
504,S000001,00102,00100,FALLS CHURCH
504,S000001,00102,00200,VA
504,S000001,00102,00300,22042
504,S000001,00300,00100,01/01/2021
504,S000001,00300,00200,12/31/2021
504,S000001,00400,00100,6
504,S000001,00400,00300,1
504,S000001,00400,00400,09/01/1987
504,S000001,00401,00300,1
504,S000002,00300,00100,703-641-0100
504,S100001,00700,00100,N
504,S100001,00810,00000,VIVIGEN AND VEINS
504,S100003,00100,00100,MEDICAL DIRECTOR
504,S100003,00100,00300,MEDICAL DIRECTOR
504,S100003,00100,00500,LAB DIRECTOR
504,S100003,00101,00100,EXEC. DIRECTOR
504,S100003,00101,00300,PROCUREMENT COORDINATOR
504,S100003,00101,00500,TECHNICIANS
504,S100003,00102,00100,CLERICAL
504,S100003,00102,00300,PRESERVATION TECHNICIANS
504,S100003,00102,00500,TISSUE TYPING TECH.
504,S100003,00103,00100,OTHER ADMINISTRATIVE
504,S100003,00103,00300,PROFESSIONAL ED
504,S100003,00103,00500,OTHER
504,S100003,00104,00300,PUBLIC ED
504,S100003,00105,00300,OTHER NON-REIMBURSABLE
504,S200000,00100,00100,N
504,S200000,00200,00100,N
504,S200000,00300,00100,N
504,S200000,00400,00100,Y
504,S200000,00400,00200,A
504,S200000,00500,00100,N
504,S200000,00600,00300,CFO
504,S200000,00700,00100,WASHINGTON REGIONAL TRANSPLANT COMMU
505,A000000,00100,00000,0100CAPITAL COSTS-BLDG & FIXT
505,A000000,00200,00000,0200CAPITAL COSTS-MVBLE EQUIPMENT
505,A000000,00300,00000,0300EMPLOYEE BENEFITS
505,A000000,00400,00000,0400ADMINISTRATIVE & GENERAL
505,A000000,00500,00000,0500OPERATION AND MAINTENANCE OF PLANT
505,A000000,00600,00000,0600HOUSEKEEPING
505,A000000,00700,00000,0700MEDICAL SUPPLIES
505,A000000,00900,00000,0900PROCUREMENT COORDINATORS
505,A000000,01000,00000,1000PROFESSIONAL EDUCATION
505,A000000,01100,00000,1100PUBLIC EDUCATION
505,A000000,01300,00000,1300KIDNEY ACQUISITIONS
505,A000000,01400,00000,1400TISSUE TYPING LABORATORY
505,A000000,01500,00000,1500LIVER ACQUISITIONS
505,A000000,01600,00000,1600HEART ACQUISITIONS
505,A000000,01700,00000,1700PANCREAS ACQUISITIONS
505,A000000,01800,00000,1800LUNG ACQUISITIONS
505,A000000,01900,00000,1900HEART\LUNG
505,A000000,01901,00000,1901SMALL BOWEL
505,A000000,01902,00000,1902PANCREAS ISLETS
505,A000000,02100,00000,2100RESEARCH
505,A000000,02200,00000,2200BLOOD BANK
505,A000000,02300,00000,2300LABORATORY-NON-TISSUE TYPING
505,A000000,02400,00000,2400DIALYSIS UNITS
505,A000000,02500,00000,2500TISSUE
505,A100000,01700,00000,OTHER CONSULTING EXPENSES
505,A100000,01800,00000,FACILITY OPERATING EXPENSES
505,A100000,01900,00000,OTHER OPERATING EXPENSES
505,A20H000,00900,00000,HOSPITAL CHARGES
505,A20H000,00901,00000,CARDIAC CATH
505,A20H000,00902,00000,X-RAY
505,A20H000,02100,00000,HOSPITAL
505,A20H000,02101,00000,BIOPSY
505,A20H000,02102,00000,MTF FAMILY CONSENTS
505,A20H000,02103,00000,OTHER CLINICAL EXPENSE
505,A20H000,02104,00000,OTHER PHYSICIAN CHARGES
505,A20H000,02105,00000,RECOVERY SITE FEE
505,A20H000,02106,00000,SEROLOGY TESTING
505,A20H000,02107,00000,OTHER ORGAN RECOVERY EXPENSES
505,A20K000,00900,00000,HOSPITAL CHARGES
505,A20K000,00901,00000,CARDIAC CATH
505,A20K000,00902,00000,X-RAY
505,A20K000,02100,00000,HOSPITAL
505,A20K000,02101,00000,BIOPSY
505,A20K000,02102,00000,MTF FAMILY CONSENTS
505,A20K000,02103,00000,OTHER CLINICAL EXPENSE
505,A20K000,02104,00000,OTHER PHYSICIAN CHARGES
505,A20K000,02105,00000,RECOVERY SITE FEE
505,A20K000,02106,00000,SEROLOGY TESTING
505,A20K000,02107,00000,OTHER ORGAN RECOVERY EXPENSES
505,A20L000,00900,00000,HOSPITAL CHARGES
505,A20L000,00901,00000,CARDIAC CATH
505,A20L000,00902,00000,X-RAY
505,A20L000,02100,00000,HOSPITAL
505,A20L000,02101,00000,BIOPSY
505,A20L000,02102,00000,MTF FAMILY CONSENTS
505,A20L000,02103,00000,OTHER CLINICAL EXPENSE
505,A20L000,02104,00000,OTHER PHYSICIAN CHARGES
505,A20L000,02105,00000,RECOVERY SITE FEE
505,A20L000,02106,00000,SEROLOGY TESTING
505,A20L000,02107,00000,OTHER ORGAN RECOVERY EXPENSES
505,A20O000,00900,00000,HOSPITAL CHARGES
505,A20O000,00901,00000,CARDAC CATH
505,A20O000,00902,00000,X-RAY
505,A20O000,02100,00000,HOSPITAL
505,A20O000,02101,00000,BIOPSY
505,A20O000,02102,00000,MTF FAMILY CONSENTS
505,A20O000,02103,00000,OTHER CLINICAL EXPENSE
505,A20O000,02104,00000,OTHER PHYSICIAN CHARGES
505,A20O000,02105,00000,RECOVERY SITE FEE
505,A20O000,02106,00000,SEROLOGY TESTING
505,A20O000,02107,00000,OTHER ORGAN RECOVERY EXPENSES
505,A20O001,00900,00000,HOSPITLA CHARGES
505,A20O001,00901,00000,CARDIAC CATH
505,A20O001,00902,00000,X-RAY
505,A20O001,00903,00000,OTHER EXCISION HOSPITAL
505,A20O001,02100,00000,HOSPITAL
505,A20O001,02101,00000,BIOPSY
505,A20O001,02102,00000,MTF FAMILY CONSENTS
505,A20O001,02103,00000,OTHER CLINICAL EXPENSE
505,A20O001,02104,00000,OTHER PHYSICIAN CHARGES
505,A20O001,02105,00000,RECOVERY SITE FEE
505,A20O001,02106,00000,SEROLOGY TESTING
505,A20O001,02107,00000,OTHER DONOR MAINTENANCE EXPENSE
505,A20O002,00900,00000,OTHER EXCISION HOSPITAL COSTS
505,A20O002,00901,00000,CARDIAC CATH COST
505,A20O002,00902,00000,X-RAY COST
505,A20O002,02100,00000,HOSPITAL
505,A20O002,02101,00000,BIOPSY
505,A20O002,02102,00000,MTF FAMILY CONSENTS
505,A20O002,02103,00000,OTHER CLINICAL EXPENSE
505,A20O002,02104,00000,OTHER PHYSICIAN CHARGES
505,A20O002,02105,00000,RECOVERY SITE FEE
505,A20O002,02106,00000,SEROLOGY TESTING
505,A20O002,02107,00000,OTHER DONOR MAINTENANCE EXPENSE
505,A20P000,00900,00000,HOSPITAL CHARGES
505,A20P000,00901,00000,CARDIAC CATH
505,A20P000,00902,00000,X-RAY
505,A20P000,02100,00000,HOSPITAL
505,A20P000,02101,00000,BIOPSY
505,A20P000,02102,00000,MTF FAMILY CONSENTS
505,A20P000,02103,00000,OTHER CLINICAL EXPENSE
505,A20P000,02104,00000,OTHER PHYSICIAN CHARGES
505,A20P000,02105,00000,RECOVERY SITE FEE
505,A20P000,02106,00000,SEROLOGY TESTING
505,A20P000,02107,00000,OTHER ORGAN RECOVERY EXPENSES
505,A20U000,00900,00000,HOSPITAL CHARGES
505,A20U000,00901,00000,CARDIAC CATH
505,A20U000,00902,00000,X-RAY
505,A20U000,02100,00000,HOSPITAL
505,A20U000,02101,00000,BIOPSY
505,A20U000,02102,00000,MTF FAMILY CONSENTS
505,A20U000,02103,00000,OTHER CLINICAL EXPENSE
505,A20U000,02104,00000,OTHER PHYSICIAN CHARGES
505,A20U000,02105,00000,RECOVERY SITE FEE
505,A20U000,02106,00000,SEROLOGY TESTING
505,A20U000,02107,00000,OTHER ORGAN RECOVERY EXPENSES
505,A400010,00100,00000,TISSUE OVERHEAD RECLASS
505,A400010,00100,00100,A
505,A400010,00100,00200,TISSUE
505,A400010,00100,00500,PROCUREMENT COORDINATORS
505,A400010,00200,00000,TISSUE OVERHEAD RECLASS
505,A400010,00200,00100,A
505,A400010,00200,00500,PROFESSIONAL EDUCATION
505,A400010,00300,00000,A&G OCCUPANCY COST RECLASS
505,A400010,00300,00100,B
505,A400010,00300,00200,ADMINISTRATIVE & GENERAL
505,A400010,00300,00500,CAPITAL COSTS-BLDG & FIXT
505,A400010,00400,00000,A&G OCCUPANCY COST RECLASS
505,A400010,00400,00100,B
505,A400010,00400,00500,CAPITAL COSTS-MVBLE EQUIPMENT
505,A400010,00500,00000,403B PENSION EXPENSE RECLASS
505,A400010,00500,00100,D
505,A400010,00500,00200,ADMINISTRATIVE & GENERAL
505,A400010,00500,00500,EMPLOYEE BENEFITS
505,A400010,00600,00000,403B PENSION EXPENSE RECLASS
505,A400010,00600,00100,D
505,A400010,00600,00200,PROCUREMENT COORDINATORS
505,A400010,00700,00000,403B PENSION EXPENSE RECLASS
505,A400010,00700,00100,D
505,A400010,00700,00200,PROFESSIONAL EDUCATION
505,A400010,00800,00000,403B PENSION EXPENSE RECLASS
505,A400010,00800,00100,D
505,A400010,00800,00200,TISSUE
505,A400010,00900,00000,DEPRECIATION EXP RECLASS
505,A400010,00900,00100,E
505,A400010,00900,00200,PROCUREMENT COORDINATORS
505,A400010,00900,00500,CAPITAL COSTS-MVBLE EQUIPMENT
505,A400010,01000,00000,DEPRECIATION EXP RECLASS
505,A400010,01000,00100,E
505,A400010,01000,00200,TISSUE
505,A400010,01100,00000,LEASEHOLD DEPR RECLASS
505,A400010,01100,00100,F
505,A400010,01100,00200,PROCUREMENT COORDINATORS
505,A400010,01100,00500,CAPITAL COSTS-MVBLE EQUIPMENT
505,A400010,01200,00000,LEASEHOLD DEPR RECLASS
505,A400010,01200,00100,F
505,A400010,01200,00200,TISSUE
505,A500010,00800,00100,B
505,A500010,00800,00300,PROCUREMENT COORDINATORS
505,A500010,01500,00000,NON-ALLOWABLE SURGEON FEES - KIDNEY
505,A500010,01500,00100,A
505,A500010,01500,00300,KIDNEY ACQUISITIONS
505,A500010,01501,00000,BANK & INVESTMENT FEES
505,A500010,01501,00100,A
505,A500010,01501,00300,ADMINISTRATIVE & GENERAL
505,A500010,01502,00000,BANK FEES
505,A500010,01502,00100,A
505,A500010,01502,00300,ADMINISTRATIVE & GENERAL
505,A500010,01503,00000,LOBBYING OFFSET
505,A500010,01503,00100,A
505,A500010,01503,00300,ADMINISTRATIVE & GENERAL
505,A500010,01504,00000,SIGHTLIFE REFERRAL CALL CENTER REV
505,A500010,01504,00100,B
505,A500010,01504,00300,ADMINISTRATIVE & GENERAL
505,A500010,01505,00000,SIERRA DONOR CALL CENTER REV
505,A500010,01505,00100,B
505,A500010,01505,00300,ADMINISTRATIVE & GENERAL
505,A500010,01506,00000,TRANSPLANT GAMES EXPENSE
505,A500010,01506,00100,A
505,A500010,01506,00300,PROFESSIONAL EDUCATION
505,A500010,01507,00000,PAIRED KIDNEY EXCHANGE REV
505,A500010,01507,00100,B
505,A500010,01507,00300,PROCUREMENT COORDINATORS
505,A500010,01508,00000,ANABIOS CALL CENTER REVENUE
505,A500010,01508,00100,B
505,A500010,01508,00300,ADMINISTRATIVE & GENERAL
505,A51000A,00100,00100,N
505,A60000A,00700,00000,LEASEHOLD IMPROVEMENTS
505,A60000B,00800,00000,LEASEHOLD IMPROVEMENTS
505,A60000C,00500,00100,N
505,B10000*,00100,00200,CAP BLDG
505,B10000*,00100,00300,CAP COSTS
505,B10000*,00100,00400,EMPLOYEE
505,B10000*,00100,00500,MEDICAL
505,B10000*,00100,00800,ORGAN
505,B10000*,00100,01000,ADMIN &
505,B10000*,00200,00200,OP PLANT &
505,B10000*,00200,00300,MOVABLE
505,B10000*,00200,00400,BENEFITS
505,B10000*,00200,00500,SUPPLIES
505,B10000*,00200,00800,ACQUISITN
505,B10000*,00200,01000,GENERAL
505,B10000*,00300,00200,HOUSEKEEP
505,B10000*,00300,00300,EQUIPMENT
505,B10000*,00300,00800,COSTS
505,B10000*,00400,00200,SQUARE
505,B10000*,00400,00300,DOLLAR
505,B10000*,00400,00400,ADJUST
505,B10000*,00400,00500,COSTED
505,B10000*,00400,00800,NUMBER
505,B10000*,00400,01000,ACCUM
505,B10000*,00500,00200,FEET
505,B10000*,00500,00300,VALUE
505,B10000*,00500,00400,SALARIES
505,B10000*,00500,00500,REQUISIT
505,B10000*,00500,00800,ORGANS
505,B10000*,00500,01000,COSTS
505,B10000*,00600,00200,1
505,B10000*,00600,00300,2
505,B10000*,00600,00400,3
505,B10000*,00600,00500,3
505,B10000*,00600,00800,3
505,B10000*,00600,01000,3
505,B100000,00000,01000,X
505,E000000,00900,00000,MEDICARE SETTLEMENT RECEIVABLE
505,E000000,02600,00000,OTHER FIXED ASSETS
505,E000000,03100,00000,OTHER ASSETS
505,E000000,03900,00000,ACCRUAL FOR ORGAN RETRIEVAL SERVICES
505,E000000,04100,00000,NOTE PAYABLE (PPP)
505,E000000,04600,00000,DEFERRED LEASE PAYABLE
505,E000000,04700,00000,ACCRUED LEGAL SETTLEMENT
505,E100001,00700,00000,TISSUE REVENUE
505,E100001,00800,00000,ORGAN RESEARCH REVENUE
505,E100001,00900,00000,MEDICARE CONTRACTUAL ADJUSTMENT
505,E100002,00300,00000,OTHER EXPENSES
505,E100002,00400,00000,PRIOR PERIOD ADJUSTMENT
505,E100002,00500,00000,ROUNDING
505,E100002,00800,00000,OTHER EXPENSES
505,E100002,00900,00000,ROUNDING
505,E200000,01500,00000,NET ASSETS RELEASED FROM RESTRICTION
505,E200000,02000,00000,OTHER INCOME & EXPENSE
505,E200000,02100,00000,CHANGE IN TEMP RESTRICTED ASSETS
505,E200000,02200,00000,OTHER REVENUE
505,E200000,02300,00000,NET ASSETS WITH DONOR RESTRICTIONS
505,E200000,02600,00000,CHANGE IN TEMP RESTRICTED NET ASSETS
505,E200000,02700,00000,LEGAL SETTLEMENT
505,S000000,00100,00100,X
505,S000000,00400,00100,2
505,S000000,00500,00100,06/01/2022
505,S000000,00600,00100,10001
505,S000000,00700,00100,N
505,S000000,00800,00100,N
505,S000000,00900,00100,09/07/2023
505,S000000,01000,00100,4
505,S000001,00100,00100,DONOR NETWORK WEST
505,S000001,00100,00200,05P005
505,S000001,00101,00100,12667 ALCOSTA BLVD  SUITE 500
505,S000001,00102,00100,SAN RAMON
505,S000001,00102,00200,CA
505,S000001,00102,00300,94583
505,S000001,00300,00100,01/01/2021
505,S000001,00300,00200,12/31/2021
505,S000001,00400,00100,6
505,S000001,00400,00300,1
505,S000001,00400,00400,11/01/1987
505,S000001,00401,00300,1
505,S000002,00100,00200,Y
505,S000002,00300,00100,CHIEF FINANCIAL OFFICER
505,S000002,00400,00100,05/31/2022
505,S100001,00700,00100,N
505,S100001,00810,00000,SMALL BOWEL
505,S100001,00811,00000,VERTEBRAL SEGMENT
505,S100001,00812,00000,OTHER\VEIN
505,S100003,00100,00100,MEDICAL DIRECTOR
505,S100003,00100,00300,MEDICAL DIRECTOR
505,S100003,00100,00500,LAB DIRECTOR
505,S100003,00101,00100,EXEC. DIRECTOR
505,S100003,00101,00300,PROCUREMENT COORDINATOR
505,S100003,00101,00500,TECHNICIANS
505,S100003,00102,00100,CLERICAL
505,S100003,00102,00300,PRESERVATION TECHNICIANS
505,S100003,00102,00500,TISSUE TYPING TECH.
505,S100003,00103,00100,OTHER
505,S100003,00103,00300,OTHER
505,S100003,00103,00500,OTHER
505,S200000,00100,00100,N
505,S200000,00200,00100,N
505,S200000,00300,00100,N
505,S200000,00400,00100,Y
505,S200000,00400,00200,A
505,S200000,00500,00100,N
505,S200000,00600,00300,CONTROLLER
505,S200000,00700,00100,DONOR NETWORK WEST
506,A000000,00100,00000,0100CAPITAL COSTS-BLDG & FIXT
506,A000000,00200,00000,0200CAPITAL COSTS-MVBLE EQUIPMENT
506,A000000,00300,00000,0300EMPLOYEE BENEFITS
506,A000000,00400,00000,0400ADMINISTRATIVE & GENERAL
506,A000000,00500,00000,0500OPERATION AND MAINTENANCE OF PLANT
506,A000000,00600,00000,0600HOUSEKEEPING
506,A000000,00700,00000,0700MEDICAL SUPPLIES
506,A000000,00800,00000,0800OTHER OVERHEAD
506,A000000,00900,00000,0900PROCUREMENT COORDINATORS
506,A000000,01000,00000,1000PROFESSIONAL EDUCATION
506,A000000,01100,00000,1100PUBLIC EDUCATION
506,A000000,01200,00000,1200OTHER ACQUISITION
506,A000000,01300,00000,1300KIDNEY ACQUISITIONS
506,A000000,01400,00000,1400TISSUE TYPING LABORATORY
506,A000000,01500,00000,1500LIVER ACQUISITIONS
506,A000000,01600,00000,1600HEART ACQUISITIONS
506,A000000,01700,00000,1700PANCREAS ACQUISITIONS
506,A000000,01800,00000,1800LUNG ACQUISITIONS
506,A000000,01900,00000,1900SMALL BOWELS
506,A000000,01901,00000,1901ISLETT CELLS
506,A000000,01902,00000,1902HEART VALVE ACQUISITIONS
506,A000000,01903,00000,1903HEART/LUNG ACQUISITIONS
506,A000000,02100,00000,2100RESEARCH
506,A000000,02200,00000,2200BLOOD BANK
506,A000000,02300,00000,2300LABORATORY-NON-TISSUE TYPING
506,A000000,02400,00000,2400DIALYSIS UNITS
506,A000000,02500,00000,2500TISSUE RECOVERY
506,A000000,02501,00000,2501RECOVERY FACILITY - LOWRY
506,A000000,02502,00000,2502FOUNDATION
506,A000000,02503,00000,2503SPRUCE PROPERTY MANAGEMENT
506,A100000,01700,00000,EMPLOYEE BENEFITS
506,A100000,01800,00000,PAYROLL TAXES
506,A100000,01900,00000,HIRING EXPENSE
506,A100000,01901,00000,REPAIRS / MAINTENANCE / LEASES
506,A100000,01902,00000,TEMPORARY SERVICES
506,A100000,01903,00000,DEPRECIATION
506,A100000,01904,00000,DUES & SUBSCRIPTIONS
506,A100000,01905,00000,CONSULTING FEES
506,A100000,01906,00000,UTILITIES
506,A100000,01907,00000,CONTRACT LABOR
506,A100000,01908,00000,GRANTMAKING
506,A100000,01909,00000,CASE RELATED TRAVEL
506,A20H000,02100,00000,OTHER COSTS
506,A20H000,02101,00000,RADIOLOGY
506,A20H000,02102,00000,CARDIOLOGY
506,A20K000,02100,00000,OTHER COSTS
506,A20K000,02101,00000,RADIOLOGY
506,A20K000,02102,00000,CARDIOLOGY
506,A20L000,00900,00000,OTHER EXCISION HOSPITAL COSTS
506,A20L000,02100,00000,OTHER COSTS
506,A20L000,02101,00000,RADIOLOGY
506,A20L000,02102,00000,CARDIOLOGY
506,A20O000,02100,00000,OTHER COSTS
506,A20O000,02101,00000,RADIOLOGY
506,A20O000,02102,00000,CARDIOLOGY
506,A20P000,00900,00000,OTHER EXCISION HOSPITAL COSTS
506,A20P000,02100,00000,OTHER COSTS
506,A20P000,02101,00000,RADIOLOGY
506,A20P000,02102,00000,CARDIOLOGY
506,A20U000,02100,00000,OTHER COSTS
506,A20U000,02101,00000,RADIOLOGY
506,A20U000,02102,00000,CARDIOLOGY
506,A400010,00100,00000,RECOVERY CENTER
506,A400010,00100,00100,A
506,A400010,00100,00200,TISSUE RECOVERY
506,A400010,00100,00500,RECOVERY FACILITY - LOWRY
506,A400010,00200,00000,RECOVERY CENTER
506,A400010,00200,00100,A
506,A400010,00200,00200,PROCUREMENT COORDINATORS
506,A400010,00300,00000,RECOVERY CENTER
506,A400010,00300,00100,A
506,A400010,00300,00200,ADMINISTRATIVE & GENERAL
506,A400010,00400,00000,REPAIRS
506,A400010,00400,00100,C
506,A400010,00400,00200,OPERATION AND MAINTENANCE OF PLANT
506,A400010,00400,00500,ADMINISTRATIVE & GENERAL
506,A400010,00500,00000,REPAIRS
506,A400010,00500,00100,C
506,A400010,00500,00500,PROCUREMENT COORDINATORS
506,A400010,00600,00000,REPAIRS
506,A400010,00600,00100,C
506,A400010,00600,00500,PROFESSIONAL EDUCATION
506,A400010,00700,00000,REPAIRS
506,A400010,00700,00100,C
506,A400010,00700,00500,PUBLIC EDUCATION
506,A400010,00800,00000,REPAIRS
506,A400010,00800,00100,C
506,A400010,00800,00500,TISSUE RECOVERY
506,A400010,00900,00000,CAPITAL COSTS
506,A400010,00900,00100,D
506,A400010,00900,00200,CAPITAL COSTS-BLDG & FIXT
506,A400010,00900,00500,ADMINISTRATIVE & GENERAL
506,A400010,01000,00000,CAPITAL COSTS
506,A400010,01000,00100,D
506,A400010,01000,00200,CAPITAL COSTS-MVBLE EQUIPMENT
506,A400010,01000,00500,PROCUREMENT COORDINATORS
506,A400010,01100,00000,CAPITAL COSTS
506,A400010,01100,00100,D
506,A400010,01100,00500,TISSUE RECOVERY
506,A400010,01200,00000,CAPITAL COSTS
506,A400010,01200,00100,D
506,A400010,01200,00500,RECOVERY FACILITY - LOWRY
506,A400010,01300,00000,ADMIN ASSISTANT
506,A400010,01300,00100,G
506,A400010,01300,00200,PROCUREMENT COORDINATORS
506,A400010,01300,00500,ADMINISTRATIVE & GENERAL
506,A400010,01400,00000,FAMILY SERVICES & GEN SUPPLIES
506,A400010,01400,00100,H
506,A400010,01400,00200,TISSUE RECOVERY
506,A400010,01400,00500,PROCUREMENT COORDINATORS
506,A400010,01500,00000,FAMILY SERVICES & GEN SUPPLIES
506,A400010,01500,00100,H
506,A400010,01500,00200,OTHER ACQUISITION
506,A400010,01500,00500,MEDICAL SUPPLIES
506,A400010,01600,00000,TISSUE RECOVERY OH
506,A400010,01600,00100,I
506,A400010,01600,00200,TISSUE RECOVERY
506,A400010,01600,00500,PROCUREMENT COORDINATORS
506,A400010,01700,00000,TISSUE RECOVERY OH
506,A400010,01700,00100,I
506,A400010,01700,00500,PROFESSIONAL EDUCATION
506,A400010,01800,00000,TISSUE RECOVERY OH
506,A400010,01800,00100,I
506,A400010,01800,00500,PUBLIC EDUCATION
506,A400010,01900,00000,200 SPRUCE
506,A400010,01900,00100,J
506,A400010,01900,00200,CAPITAL COSTS-BLDG & FIXT
506,A400010,01900,00500,SPRUCE PROPERTY MANAGEMENT
506,A400010,02000,00000,TISSUE RECLASSIFICATION
506,A400010,02000,00100,K
506,A400010,02000,00200,TISSUE RECOVERY
506,A400010,02000,00500,PROCUREMENT COORDINATORS
506,A500010,00800,00100,B
506,A500010,00800,00300,PROCUREMENT COORDINATORS
506,A500010,01200,00100,B
506,A500010,01200,00300,SPRUCE PROPERTY MANAGEMENT
506,A500010,01500,00000,STAFF EXPENSE
506,A500010,01500,00100,A
506,A500010,01500,00300,ADMINISTRATIVE & GENERAL
506,A500010,01501,00000,STAFF EXPENSE
506,A500010,01501,00100,A
506,A500010,01501,00300,PROCUREMENT COORDINATORS
506,A500010,01502,00000,STAFF EXPENSE
506,A500010,01502,00100,A
506,A500010,01502,00300,PROFESSIONAL EDUCATION
506,A500010,01503,00000,STAFF EXPENSE
506,A500010,01503,00100,A
506,A500010,01503,00300,PUBLIC EDUCATION
506,A500010,01504,00000,CONTRIBUTION EXPENSE
506,A500010,01504,00100,A
506,A500010,01504,00300,ADMINISTRATIVE & GENERAL
506,A500010,01505,00000,CONTRIBUTION EXPENSE
506,A500010,01505,00100,A
506,A500010,01505,00300,PROCUREMENT COORDINATORS
506,A500010,01506,00000,NON REIMB. MEDICARE COSTS
506,A500010,01506,00100,A
506,A500010,01506,00300,ADMINISTRATIVE & GENERAL
506,A500010,01507,00000,LOBBYING EXPENSE
506,A500010,01507,00100,A
506,A500010,01507,00300,ADMINISTRATIVE & GENERAL
506,A500010,01508,00000,LOBBYING EXPENSE - AOPO
506,A500010,01508,00100,A
506,A500010,01508,00300,ADMINISTRATIVE & GENERAL
506,A500010,01509,00000,NON REIMB. MEDICARE COSTS
506,A500010,01509,00100,A
506,A500010,01509,00300,PROCUREMENT COORDINATORS
506,A500010,01510,00000,NON REIMB. MEDICARE COSTS
506,A500010,01510,00100,A
506,A500010,01510,00300,PROFESSIONAL EDUCATION
506,A500010,01511,00000,NON REIMB. MEDICARE COSTS
506,A500010,01511,00100,A
506,A500010,01511,00300,PUBLIC EDUCATION
506,A500010,01513,00000,SPONSORSHIPS
506,A500010,01513,00100,A
506,A500010,01513,00300,PROFESSIONAL EDUCATION
506,A500010,01514,00000,SPONSORSHIPS
506,A500010,01514,00100,A
506,A500010,01514,00300,PUBLIC EDUCATION
506,A500010,01515,00000,DAI EVENTS
506,A500010,01515,00100,A
506,A500010,01515,00300,PUBLIC EDUCATION
506,A500010,01516,00000,DAI EVENTS
506,A500010,01516,00100,A
506,A500010,01516,00300,PROCUREMENT COORDINATORS
506,A500010,01517,00000,DAI EVENTS
506,A500010,01517,00100,A
506,A500010,01517,00300,TISSUE RECOVERY
506,A500010,01518,00000,OFFSET DLO; TRANSPLANTE SCIENCE EXP
506,A500010,01518,00100,A
506,A500010,01518,00300,PUBLIC EDUCATION
506,A500010,01520,00000,RELATED PARTY COST ADJUSTMENT
506,A500010,01520,00100,A
506,A500010,01520,00300,CAPITAL COSTS-BLDG & FIXT
506,A500010,01521,00000,RELATED PARTY COST ADJUSTMENT
506,A500010,01521,00100,A
506,A500010,01521,00300,SPRUCE PROPERTY MANAGEMENT
506,A500010,01522,00000,OFFSET LIVING DONOR EXCHANGE PROGRAM
506,A500010,01522,00100,B
506,A500010,01522,00300,PROCUREMENT COORDINATORS
506,A51000A,00100,00100,N
506,A60000C,00500,00100,N
506,B10000*,00100,00200,CAP BLDG
506,B10000*,00100,00300,CAP COSTS
506,B10000*,00100,00400,EMPLOYEE
506,B10000*,00100,00500,MEDICAL
506,B10000*,00100,00800,ORGAN
506,B10000*,00100,01000,ADMIN &
506,B10000*,00200,00200,OP PLANT &
506,B10000*,00200,00300,MOVABLE
506,B10000*,00200,00400,BENEFITS
506,B10000*,00200,00500,SUPPLIES
506,B10000*,00200,00800,ACQUISITN
506,B10000*,00200,01000,GENERAL
506,B10000*,00300,00200,HOUSEKEEP
506,B10000*,00300,00300,EQUIPMENT
506,B10000*,00300,00800,COSTS
506,B10000*,00400,00200,SQUARE
506,B10000*,00400,00300,SQUARE
506,B10000*,00400,00400,ADJUST
506,B10000*,00400,00500,COSTED
506,B10000*,00400,00800,NUMBER
506,B10000*,00400,01000,ACCUM
506,B10000*,00500,00200,FEET
506,B10000*,00500,00300,FEET
506,B10000*,00500,00400,SALARIES
506,B10000*,00500,00500,REQUISIT
506,B10000*,00500,00800,ORGANS
506,B10000*,00500,01000,COSTS
506,B10000*,00600,00200,1
506,B10000*,00600,00300,2
506,B10000*,00600,00400,3
506,B10000*,00600,00500,3
506,B10000*,00600,00800,3
506,B10000*,00600,01000,3
506,B100000,00000,01000,X
506,E000000,00900,00000,OTHER CURRENT ASSETS
506,E000000,02600,00000,CIP
506,E000000,03100,00000,INTEREST IN NET ASSETS OF AFFILIATES
506,E000000,03900,00000,OTHER LIABILITIES
506,E100001,00700,00000,TISSURE RECOVERY FEES
506,E200000,01500,00000,CAM INCOME
506,E200000,01600,00000,CHANGE IN NET ASSETS OF AFFILIATE
506,E200000,02000,00000,ASSET DISPOSAL
506,E200000,02100,00000,RESTR CONTRIBUTIONS ORGAN/TISSUE
506,E200000,02200,00000,LIVING DONOR EXCHANGE INCOME
506,S000000,00100,00100,X
506,S000000,00400,00100,2
506,S000000,00500,00100,05/27/2022
506,S000000,00600,00100,10001
506,S000000,00700,00100,N
506,S000000,00800,00100,N
506,S000000,00900,00100,09/07/2023
506,S000000,01000,00100,4
506,S000001,00100,00100,DONOR ALLIANCE
506,S000001,00100,00200,06P001
506,S000001,00101,00100,200 SPRUCE ST  SUITE 200
506,S000001,00102,00100,DENVER
506,S000001,00102,00200,CO
506,S000001,00102,00300,80230
506,S000001,00300,00100,01/01/2021
506,S000001,00300,00200,12/31/2021
506,S000001,00400,00100,6
506,S000001,00400,00300,1
506,S000001,00400,00400,11/07/1985
506,S000001,00401,00300,1
506,S100001,00700,00100,N
506,S100001,00810,00000,SMALL BOWEL
506,S100003,00100,00100,MEDICAL DIRECTOR
506,S100003,00100,00300,MEDICAL DIRECTOR
506,S100003,00100,00500,LAB DIRECTOR
506,S100003,00101,00100,EXEC. DIRECTOR
506,S100003,00101,00300,PROCUREMENT COORDINATOR
506,S100003,00101,00500,TECHNICIANS
506,S100003,00102,00100,CLERICAL
506,S100003,00102,00300,PRESERVATION TECHNICIANS
506,S100003,00102,00500,TISSUE TYPING TECH.
506,S100003,00103,00100,OTHER ADMIN
506,S100003,00103,00300,TISSUE EMPLOYEES
506,S100003,00103,00500,OTHER
506,S200000,00100,00100,N
506,S200000,00200,00100,N
506,S200000,00300,00100,N
506,S200000,00400,00100,Y
506,S200000,00400,00200,A
506,S200000,00500,00100,N
506,S200000,00600,00300,PARTNER
506,S200000,00700,00100,PLANTE & MORAN  PLLC
507,A000000,00100,00000,0100CAPITAL COSTS-BLDG & FIXT
507,A000000,00200,00000,0200CAPITAL COSTS-MVBLE EQUIPMENT
507,A000000,00300,00000,0300EMPLOYEE BENEFITS
507,A000000,00400,00000,0400ADMINISTRATIVE & GENERAL
507,A000000,00500,00000,0500OPERATION AND MAINTENANCE OF PLANT
507,A000000,00600,00000,0600HOUSEKEEPING
507,A000000,00700,00000,0700MEDICAL SUPPLIES
507,A000000,00800,00000,0800OTHER OVERHEAD
507,A000000,00900,00000,0900PROCUREMENT COORDINATORS
507,A000000,01000,00000,1000PROFESSIONAL EDUCATION
507,A000000,01100,00000,1100PUBLIC EDUCATION
507,A000000,01200,00000,1200ORGAN ACQUISITION OVERHEAD
507,A000000,01300,00000,1300KIDNEY ACQUISITIONS
507,A000000,01400,00000,1400TISSUE TYPING LABORATORY
507,A000000,01500,00000,1500LIVER ACQUISITIONS
507,A000000,01600,00000,1600HEART ACQUISITIONS
507,A000000,01700,00000,1700PANCREAS ACQUISITIONS
507,A000000,01800,00000,1800LUNG ACQUISITIONS
507,A000000,01900,00000,1900INTESTINE        S
507,A000000,01901,00000,1901VCA
507,A000000,02100,00000,2100RESEARCH
507,A000000,02200,00000,2200BLOOD BANK
507,A000000,02300,00000,2300LABORATORY-NON-TISSUE TYPING
507,A000000,02400,00000,2400DIALYSIS UNITS
507,A000000,02500,00000,2500TISSUE
507,A000000,02501,00000,250125.01 FOUNDATION COSTS CENTER
507,A100000,01700,00000,TRANSPORTATION/AUTO EXPENSES
507,A100000,01800,00000,EMPLOYEE RECRUITMENT
507,A100000,01900,00000,APPLICATION/OTHER FEES
507,A100000,01901,00000,BOARD OF DIRECTORS
507,A100000,01902,00000,EQUIPMENT LEASE
507,A100000,01903,00000,DEPRECIATION EXPENSE
507,A100000,01904,00000,WEBSITE/SOFTWARE/LICENSES
507,A100000,01905,00000,OFFICE RELOCATION EXPENSES
507,A100000,01906,00000,ROUNDING ADJ
507,A20H000,02100,00000,TISSUE TYPING EXPENSE
507,A20H000,02101,00000,HEART  PRESERVATION
507,A20H000,02102,00000,TRANSPORTATION HEART/LUNG
507,A20H000,02103,00000,HEART FLY OUT COST
507,A20K000,00900,00000,KIDNEY EXCHANGE
507,A20K000,02100,00000,KIDNEY BIOPSY NEEDLES
507,A20K000,02101,00000,KIDNEY PUMPING COST
507,A20K000,02102,00000,TRANSPORTATION KIDNEY PUMPS
507,A20K000,02103,00000,OUTSIDE LABS KIDNEY BIOPSY
507,A20K000,02104,00000,OUTSIDE LAB TRANSPORTATION KIDNEY B
507,A20K000,02105,00000,TISSUE TYPING TRANSPORTATION
507,A20K000,02106,00000,IMPORT KIDNEY PUMPING SERVICE
507,A20K000,02107,00000,LABS-HLA DONOR TESTING
507,A20K000,02108,00000,LIVEONNY EMPLOYEE SURGEON
507,A20K000,02109,00000,ROUNDING
507,A20L000,02100,00000,LIVEONNY SURGEON EMPLOYEE
507,A20L000,02101,00000,LIVER BIOPSY NEEDLES
507,A20L000,02102,00000,OUTSIDE LAB LIVER BIOPOSIES
507,A20L000,02103,00000,LIVER BIOSPY TRANSPORTATION
507,A20L000,02104,00000,LIVER ACTIVASE
507,A20O000,02100,00000,PRESERVATION FLYOUT SERVICE
507,A20O000,02101,00000,LIVER ACTIVASE
507,A20O000,02102,00000,ORDC BIOPSY GRANT EXPENSE
507,A20O000,02103,00000,TRANSPORATION IMPORT KIDNEY
507,A20O002,02100,00000,LIVER ACTIVASE
507,A20O002,02101,00000,ORDC BIOPSY GRANT EXPENSE
507,A20O002,02102,00000,TRANSPORATION IMPORT KIDNEY
507,A20O003,02100,00000,LIVER ACTIVASE
507,A20O003,02101,00000,ORDC BIOPSY GRANT EXPENSE
507,A20O003,02102,00000,TRANSPORATION IMPORT KIDNEY
507,A20P000,02100,00000,LIVEONNY SURGEON EMPLOYEE
507,A20P000,02101,00000,TRANSPORTATION TISSUE TYPING
507,A20U000,02101,00000,TRANSPORTATION HEART LUNG
507,A20U000,02102,00000,LUNG FLYOUT COST
507,A20U000,02103,00000,TRANSPORATION IMPORT KIDNEY
507,A400010,00100,00000,RECLASS RENT & ELECTRIC
507,A400010,00100,00100,A
507,A400010,00100,00200,CAPITAL COSTS-BLDG & FIXT
507,A400010,00100,00500,ADMINISTRATIVE & GENERAL
507,A400010,00200,00000,OPERATION & MAINTENANCE
507,A400010,00200,00100,B
507,A400010,00200,00200,CAPITAL COSTS-BLDG & FIXT
507,A400010,00200,00500,OPERATION AND MAINTENANCE OF PLANT
507,A400010,00300,00000,RECLASS MOVABLE EQUIPMENT
507,A400010,00300,00100,C
507,A400010,00300,00200,CAPITAL COSTS-MVBLE EQUIPMENT
507,A400010,00300,00500,ADMINISTRATIVE & GENERAL
507,A400010,00400,00000,ALLOCATE COST TO TISSUE FOR O/H
507,A400010,00400,00100,D
507,A400010,00400,00200,TISSUE
507,A400010,00400,00500,ORGAN ACQUISITION OVERHEAD
507,A400010,00500,00000,AMT EXCLUDED FROM TISSUE O/H ALLOCA
507,A400010,00500,00100,E
507,A400010,00500,00200,ORGAN ACQUISITION OVERHEAD
507,A400010,00500,00500,ORGAN ACQUISITION OVERHEAD
507,A400010,00600,00000,RECLASS PRESERVATION COSTS
507,A400010,00600,00100,F
507,A400010,00600,00200,KIDNEY ACQUISITIONS
507,A400010,00700,00000,RECLASS PRESERVATION COSTS
507,A400010,00700,00100,F
507,A400010,00700,00200,LIVER ACQUISITIONS
507,A400010,00800,00000,RECLASS PRESERVATION COSTS
507,A400010,00800,00100,F
507,A400010,00800,00200,HEART ACQUISITIONS
507,A400010,00900,00000,RECLASS PRESERVATION COSTS
507,A400010,00900,00100,F
507,A400010,00900,00200,PANCREAS ACQUISITIONS
507,A400010,01000,00000,RECLASS PRESERVATION COSTS
507,A400010,01000,00100,F
507,A400010,01000,00200,LUNG ACQUISITIONS
507,A400010,01000,00500,PROCUREMENT COORDINATORS
507,A400010,01100,00000,RECLASS PRESERVATION COSTS
507,A400010,01100,00100,F
507,A400010,01100,00200,INTESTINE        S
507,A400010,01100,00500,ORGAN ACQUISITION OVERHEAD
507,A400010,01200,00000,RECLASS PRESERVATION COSTS
507,A400010,01200,00100,F
507,A400010,01200,00200,VCA
507,A400010,01300,00000,ALLOCATE CAPITAL COSTS TO TISSUE
507,A400010,01300,00100,H
507,A400010,01300,00200,TISSUE
507,A400010,01300,00500,CAPITAL COSTS-BLDG & FIXT
507,A400010,01400,00000,ALLOCATE CAPITAL COSTS TO TISSUE
507,A400010,01400,00100,H
507,A400010,01400,00200,ADMINISTRATIVE & GENERAL
507,A400010,01400,00500,CAPITAL COSTS-MVBLE EQUIPMENT
507,A400010,01500,00000,ALLOCATE CAPITAL COSTS TO TISSUE
507,A400010,01500,00100,H
507,A400010,01500,00200,25.01 FOUNDATION COSTS CENTER
507,A500010,00800,00100,B
507,A500010,00800,00300,PROCUREMENT COORDINATORS
507,A500010,01200,00100,A
507,A500010,01200,00300,ADMINISTRATIVE & GENERAL
507,A500010,01500,00000,IMPORT KIDNEY PUMPING REVENUE
507,A500010,01500,00100,B
507,A500010,01500,00300,KIDNEY ACQUISITIONS
507,A500010,01600,00000,KIDNEY EXCHANGE REVENUE
507,A500010,01600,00100,B
507,A500010,01600,00300,KIDNEY ACQUISITIONS
507,A500010,01602,00000,ORGAN DONOR TRANSPORTATION
507,A500010,01602,00100,B
507,A500010,01602,00300,PROCUREMENT COORDINATORS
507,A500010,01603,00000,HEART FLY OUT COST OFFSET
507,A500010,01603,00100,A
507,A500010,01603,00300,HEART ACQUISITIONS
507,A500010,01604,00000,LUNG FLYOUT COST OFFSET
507,A500010,01604,00100,A
507,A500010,01604,00300,LUNG ACQUISITIONS
507,A51000A,00100,00100,N
507,A60000A,00700,00000,LEASEHOLD IMPROVEMENTS
507,A60000A,00701,00000,PROCUREMENT EQUIPMENT
507,A60000B,00800,00000,8    LEASEHOLD IMPROVEMENTS
507,A60000C,00500,00100,N
507,B10000*,00100,00200,CAP BLDG
507,B10000*,00100,00300,CAP COSTS
507,B10000*,00100,00400,EMPLOYEE
507,B10000*,00100,00500,MEDICAL
507,B10000*,00100,00800,ORGAN
507,B10000*,00100,01000,ADMIN &
507,B10000*,00200,00200,OP PLANT &
507,B10000*,00200,00300,MOVABLE
507,B10000*,00200,00400,BENEFITS
507,B10000*,00200,00500,SUPPLIES
507,B10000*,00200,00800,ACQUISITN
507,B10000*,00200,01000,GENERAL
507,B10000*,00300,00200,HOUSEKEEP
507,B10000*,00300,00300,EQUIPMENT
507,B10000*,00300,00800,COSTS
507,B10000*,00400,00200,SQUARE
507,B10000*,00400,00300,DOLLAR
507,B10000*,00400,00400,ADJUST
507,B10000*,00400,00500,COSTED
507,B10000*,00400,00800,NUMBER
507,B10000*,00400,01000,ACCUM
507,B10000*,00500,00200,FEET
507,B10000*,00500,00300,VALUE
507,B10000*,00500,00400,SALARIES
507,B10000*,00500,00500,REQUISIT
507,B10000*,00500,00800,ORGANS
507,B10000*,00500,01000,COSTS
507,B10000*,00600,00200,1
507,B10000*,00600,00300,2
507,B10000*,00600,00400,3
507,B10000*,00600,00500,3
507,B10000*,00600,00800,3
507,B10000*,00600,01000,3
507,B100000,00000,01000,X
507,E000000,00900,00000,OTHER CURRENT ASSETS
507,E000000,02600,00000,OTHER FIXED ASSETS
507,E000000,03100,00000,DEFERRED COMP 457B & OPERATING LEASE
507,E000000,03900,00000,ACCRUED EXPENSES
507,E000000,04100,00000,DUE TO MEDICARE
507,E000000,04600,00000,OPERATING LEASE LIABILITY
507,E000000,04800,00000,DEFERRED COMPENSATION 457B
507,E100001,00700,00000,RESEARCH & GRANTS
507,E100001,00800,00000,IMPORT ORGAN PRESERVATION SERVI
507,E100001,00900,00000,TISSUE REVENUE
507,E100001,00901,00000,MANAGEMENT FEE
507,E100001,00902,00000,OTHER INCOME
507,E100001,00903,00000,PROGRAM SERVICES
507,E100002,00300,00000,ROUNDING
507,E100002,00800,00000,FOUNDATION COST CENTER
507,E200000,01500,00000,ROUNDING
507,E200000,02704,00000,RENT EXP ADDED TO REVENUE
507,S000000,00100,00100,X
507,S000000,00400,00100,2
507,S000000,00500,00100,05/25/2022
507,S000000,00600,00100,10001
507,S000000,00700,00100,N
507,S000000,00800,00100,N
507,S000000,00900,00100,09/07/2023
507,S000000,01000,00100,4
507,S000001,00100,00100,LIVEONNY  INC.
507,S000001,00100,00200,33P003
507,S000001,00101,00100,30-30 47TH AVENUE  9TH FLOOR
507,S000001,00102,00100,LONG ISLAND CITY
507,S000001,00102,00200,NY
507,S000001,00102,00300,11101
507,S000001,00300,00100,01/01/2021
507,S000001,00300,00200,12/31/2021
507,S000001,00400,00100,6
507,S000001,00400,00300,1
507,S000001,00400,00400,04/01/1979
507,S000001,00401,00300,1
507,S000002,00100,00200,Y
507,S000002,00300,00100,CFO
507,S000002,00400,00100,05/24/2022
507,S100001,00700,00100,N
507,S100001,00810,00000,INTESTINE
507,S100001,00811,00000,KID-PUMP-IMP
507,S100001,00812,00000,KIDNEY EXCHAN
507,S100001,00813,00000,RESEARCH/OTHE
507,S100001,00814,00000,FLYOUTS
507,S100001,00815,00000,DTA
507,S100001,00816,00000,SAPHENOUS
507,S100001,00817,00000,AORTOILLIAC
507,S100001,00818,00000,FEMORAL
507,S100001,00819,00000,VCA/TRACHEA
507,S100001,00820,00000,OTHER
507,S100003,00100,00100,MEDICAL DIRECTOR
507,S100003,00100,00300,MEDICAL DIRECTOR
507,S100003,00100,00500,LAB DIRECTOR
507,S100003,00101,00100,EXEC. DIRECTOR
507,S100003,00101,00300,PROCUREMENT COORDINATOR
507,S100003,00101,00500,TECHNICIANS
507,S100003,00102,00100,CLERICAL
507,S100003,00102,00300,PRESERVATION TECHNICIANS
507,S100003,00102,00500,TISSUE TYPING TECH.
507,S100003,00103,00100,OTHER
507,S100003,00103,00300,DONOR CENTER/ALLOCATION
507,S100003,00103,00500,OTHER
507,S100003,00104,00100,TRAINING & ED
507,S100003,00104,00300,TISSUE
507,S100003,00105,00300,PI & DATA
507,S100003,00106,00300,HOSPITAL SERVICES
507,S100003,00107,00300,COMMUNITY
507,S100003,00108,00300,FAMILY SERVICES
507,S200000,00100,00100,N
507,S200000,00200,00100,N
507,S200000,00300,00100,N
507,S200000,00400,00100,Y
507,S200000,00400,00200,A
507,S200000,00500,00100,N
507,S200000,00600,00300,VP FINANCIAL SERVICES
507,S200000,00700,00100,LIVEONNY
508,A000000,00100,00000,0100CAPITAL COSTS-BLDG & FIXT
508,A000000,00200,00000,0200CAPITAL COSTS-MVBLE EQUIPMENT
508,A000000,00300,00000,0300EMPLOYEE BENEFITS
508,A000000,00400,00000,0400ADMINISTRATIVE & GENERAL
508,A000000,00500,00000,0500OPERATION AND MAINTENANCE OF PLANT
508,A000000,00600,00000,0600HOUSEKEEPING
508,A000000,00700,00000,0700MEDICAL SUPPLIES
508,A000000,00800,00000,0800OTHER OVERHEAD
508,A000000,00900,00000,0900PROCUREMENT COORDINATORS
508,A000000,01000,00000,1000PROFESSIONAL EDUCATION
508,A000000,01100,00000,1100PUBLIC EDUCATION
508,A000000,01200,00000,1200OTHER ACQUISITION
508,A000000,01300,00000,1300KIDNEY ACQUISITIONS
508,A000000,01400,00000,1400TISSUE TYPING LABORATORY
508,A000000,01500,00000,1500LIVER ACQUISITIONS
508,A000000,01600,00000,1600HEART ACQUISITIONS
508,A000000,01700,00000,1700PANCREAS ACQUISITIONS
508,A000000,01800,00000,1800LUNG ACQUISITIONS
508,A000000,01900,00000,1900INTESTINE
508,A000000,02100,00000,2100RESEARCH
508,A000000,02200,00000,2200BLOOD BANK
508,A000000,02300,00000,2300LABORATORY-NON-TISSUE TYPING
508,A000000,02400,00000,2400DIALYSIS UNITS
508,A000000,02500,00000,2500OTHER NON-REIMBURSABLE
508,A100000,01700,00000,PROFESSIONAL CONSULTING FEES  DUES
508,A100000,01800,00000,INDIRECT COST ALLOCATION
508,A20H000,00900,00000,UNALLOCATED HOSPITAL BILLS
508,A20K000,00900,00000,UNACCOUNTED HOSPITAL BILLS
508,A20L000,00900,00000,UNACCOUNTED HOSPITAL BILS
508,A20P000,00900,00000,ANR DONOR COSTS
508,A20U000,00900,00000,ANR DONOR COSTS
508,A400010,00100,00000,BUILDING RENT
508,A400010,00100,00100,A
508,A400010,00100,00200,CAPITAL COSTS-BLDG & FIXT
508,A400010,00100,00500,ADMINISTRATIVE & GENERAL
508,A400010,00200,00000,LEASED VEHICLES
508,A400010,00200,00100,B
508,A400010,00200,00200,CAPITAL COSTS-MVBLE EQUIPMENT
508,A400010,00200,00500,ADMINISTRATIVE & GENERAL
508,A400010,00300,00000,PROF ED AND PUBLIC ED COSTS
508,A400010,00300,00100,C
508,A400010,00300,00200,PROFESSIONAL EDUCATION
508,A400010,00300,00500,ADMINISTRATIVE & GENERAL
508,A400010,00400,00000,PROF ED AND PUBLIC ED COSTS
508,A400010,00400,00100,C
508,A400010,00400,00200,PUBLIC EDUCATION
508,A400010,00500,00000,CLINICAL CONSULTING FEES
508,A400010,00500,00100,D
508,A400010,00500,00200,PROCUREMENT COORDINATORS
508,A400010,00500,00500,ADMINISTRATIVE & GENERAL
508,A500010,00700,00100,B
508,A500010,00700,00300,CAPITAL COSTS-BLDG & FIXT
508,A500010,00800,00100,B
508,A500010,00800,00300,PROCUREMENT COORDINATORS
508,A500010,00900,00100,B
508,A500010,00900,00300,ADMINISTRATIVE & GENERAL
508,A500010,01500,00000,NON-ALLOWABLE COST
508,A500010,01500,00100,A
508,A500010,01500,00300,ADMINISTRATIVE & GENERAL
508,A500010,01600,00000,AOPO LOBBYING
508,A500010,01600,00100,A
508,A500010,01600,00300,ADMINISTRATIVE & GENERAL
508,A500010,01601,00000,CL  DFS & HD SERVICES REVENUE
508,A500010,01601,00100,B
508,A500010,01601,00300,PROCUREMENT COORDINATORS
508,A500010,01602,00000,CL ADMIN SERVICES REVENUE
508,A500010,01602,00100,B
508,A500010,01602,00300,ADMINISTRATIVE & GENERAL
508,A500010,01603,00000,EXCESS SURGEON FEES
508,A500010,01603,00100,A
508,A500010,01603,00300,KIDNEY ACQUISITIONS
508,A51000A,00100,00100,Y
508,A51000B,00100,00200,ADMINISTRATIVE & GENERAL
508,A51000B,00100,00300,INDIRECT COST
508,A51000C,00100,00100,B
508,A51000C,00100,00400,ALBANY MEDICAL COLLEGE
508,A51000C,00100,00600,MEDICAL SCHOOL
508,A60000A,00700,00000,CAPITAL LEASE
508,A60000B,00800,00000,CAPITAL LEASE
508,A60000C,00500,00100,N
508,B10000*,00100,00200,CAP BLDG
508,B10000*,00100,00300,CAP COSTS
508,B10000*,00100,00400,EMPLOYEE
508,B10000*,00100,00500,MEDICAL
508,B10000*,00100,00800,ORGAN
508,B10000*,00100,01000,ADMIN &
508,B10000*,00200,00200,OP PLANT &
508,B10000*,00200,00300,MOVABLE
508,B10000*,00200,00400,BENEFITS
508,B10000*,00200,00500,SUPPLIES
508,B10000*,00200,00800,ACQUISITN
508,B10000*,00200,01000,GENERAL
508,B10000*,00300,00200,HOUSEKEEP
508,B10000*,00300,00300,EQUIPMENT
508,B10000*,00300,00800,COSTS
508,B10000*,00400,00200,SQUARE
508,B10000*,00400,00300,DOLLAR
508,B10000*,00400,00400,ADJUST
508,B10000*,00400,00500,COSTED
508,B10000*,00400,00600,NUMBER
508,B10000*,00400,00800,NUMBER
508,B10000*,00400,01000,ACCUM
508,B10000*,00500,00200,FEET
508,B10000*,00500,00300,VALUE
508,B10000*,00500,00400,SALARIES
508,B10000*,00500,00500,REQUISIT
508,B10000*,00500,00600,ORGANS
508,B10000*,00500,00800,ORGANS
508,B10000*,00500,01000,COSTS
508,B10000*,00600,00200,1
508,B10000*,00600,00300,2
508,B10000*,00600,00400,3
508,B10000*,00600,00500,3
508,B10000*,00600,00800,3
508,B10000*,00600,01000,3
508,B100000,00000,01000,X
508,S000000,00100,00100,X
508,S000000,00400,00100,2
508,S000000,00500,00100,05/31/2022
508,S000000,00600,00100,10001
508,S000000,00700,00100,N
508,S000000,00800,00100,N
508,S000000,00900,00100,09/07/2023
508,S000000,01000,00100,4
508,S000001,00100,00100,CENTER FOR DONATION AND TRANSPLANT
508,S000001,00100,00200,33P004
508,S000001,00101,00100,218 GREAT OAKS BLVD
508,S000001,00102,00100,ALBANY
508,S000001,00102,00200,NY
508,S000001,00102,00300,12203
508,S000001,00300,00100,01/01/2021
508,S000001,00300,00200,12/31/2021
508,S000001,00400,00100,6
508,S000001,00400,00300,1
508,S000001,00400,00400,01/01/1980
508,S000001,00401,00300,1
508,S000002,00100,00200,Y
508,S000002,00300,00100,DIRECTOR OF FINANCE
508,S000002,00400,00100,05/27/2022
508,S100001,00700,00100,N
508,S100001,00810,00000,LARGE INTESTINE
508,S100003,00100,00100,MEDICAL DIRECTOR
508,S100003,00100,00300,MEDICAL DIRECTOR
508,S100003,00100,00500,LAB DIRECTOR
508,S100003,00101,00100,EXEC. DIRECTOR
508,S100003,00101,00300,PROCUREMENT COORDINATOR
508,S100003,00101,00500,TECHNICIANS
508,S100003,00102,00100,CLERICAL
508,S100003,00102,00300,PRESERVATION TECHNICIANS
508,S100003,00102,00500,TISSUE TYPING TECH.
508,S100003,00103,00100,OTHER
508,S100003,00103,00300,OTHER
508,S100003,00103,00500,OTHER
508,S200000,00100,00100,N
508,S200000,00200,00100,N
508,S200000,00300,00100,Y
508,S200000,00400,00100,Y
508,S200000,00400,00200,A
508,S200000,00500,00100,Y
508,S200000,00600,00300,EXECUTIVE DIRECTOR
508,S200000,00700,00100,CENTER FOR DONATION & TRANSPLANT
509,A000000,00100,00000,0100CAPITAL COSTS-BLDG & FIXT
509,A000000,00200,00000,0200CAPITAL COSTS-MVBLE EQUIPMENT
509,A000000,00300,00000,0300EMPLOYEE BENEFITS
509,A000000,00400,00000,0400ADMINISTRATIVE & GENERAL
509,A000000,00500,00000,0500OPERATION AND MAINTENANCE OF PLANT
509,A000000,00600,00000,0600HOUSEKEEPING
509,A000000,00700,00000,0700MEDICAL SUPPLIES
509,A000000,00800,00000,0800OTHER OVERHEAD
509,A000000,00900,00000,0900PROCUREMENT COORDINATORS
509,A000000,01000,00000,1000PROFESSIONAL EDUCATION
509,A000000,01100,00000,1100PUBLIC EDUCATION
509,A000000,01200,00000,1200BEREAVEMENT SERVICES
509,A000000,01201,00000,1201CMFE SERVICES
509,A000000,01202,00000,1202QUALITY SYSTEMS
509,A000000,01203,00000,1203REFERRAL SERVICES
509,A000000,01204,00000,1204ORGAN PRESERVATION
509,A000000,01205,00000,1205OTHER ACQUISITION
509,A000000,01206,00000,1206MEDICAL SUPPORT SERVICES
509,A000000,01207,00000,1207TRANSPORTATION
509,A000000,01300,00000,1300KIDNEY ACQUISITIONS
509,A000000,01400,00000,1400TISSUE TYPING LABORATORY
509,A000000,01500,00000,1500LIVER ACQUISITIONS
509,A000000,01600,00000,1600HEART ACQUISITIONS
509,A000000,01700,00000,1700PANCREAS ACQUISITIONS
509,A000000,01800,00000,1800LUNG ACQUISITIONS
509,A000000,01900,00000,1900OTHER ACQUISITIONS
509,A000000,02100,00000,2100RESEARCH
509,A000000,02200,00000,2200BLOOD BANK
509,A000000,02300,00000,2300LABORATORY-NON-TISSUE TYPING
509,A000000,02400,00000,2400DIALYSIS UNITS
509,A000000,02500,00000,2500OTHER NON-REIMBURSABLE - TISSUE
509,A000000,02501,00000,2501OTHER NON-REIMBURSABLE - DEVELOPMENT
509,A20H000,00900,00000,HOSPITAL CASE RATES (HOSPITAL BILL)
509,A20H000,02100,00000,OTHER ACQUISITION COSTS
509,A20K000,00900,00000,HOSPITAL CASE RATES (HOSPITAL BILL)
509,A20K000,02100,00000,OTHER ACQUISITION COSTS
509,A20L000,00900,00000,HOSPITAL CASE RATES (HOSPITAL BILL)
509,A20L000,02100,00000,OTHER ACQUISITION COSTS
509,A20O000,00900,00000,HOSPITAL CASE RATES (HOSPITAL BILL)
509,A20O000,02100,00000,OTHER ACQUISITION COSTS
509,A20P000,00900,00000,HOSPITAL CASE RATES (HOSPITAL BILL)
509,A20P000,02100,00000,OTHER ACQUISITION COSTS
509,A20U000,00900,00000,HOSPITAL CASE RATES (HOSPITAL BILL)
509,A20U000,02100,00000,OTHER ACQUISITION COSTS
509,A400010,00100,00000,RECLASSIFICATIONS
509,A400010,00100,00100,A
509,A400010,00100,00200,OTHER NON-REIMBURSABLE - TISSUE
509,A400010,00100,00500,PROCUREMENT COORDINATORS
509,A400010,00200,00000,RECLASSIFICATIONS
509,A400010,00200,00100,A
509,A400010,00200,00200,OTHER NON-REIMBURSABLE - TISSUE
509,A400010,00200,00500,PROFESSIONAL EDUCATION
509,A400010,00300,00000,RECLASSIFICATIONS
509,A400010,00300,00100,A
509,A400010,00300,00200,OTHER NON-REIMBURSABLE - TISSUE
509,A400010,00300,00500,PUBLIC EDUCATION
509,A400010,00400,00000,RECLASSIFICATIONS
509,A400010,00400,00100,A
509,A400010,00400,00200,OTHER NON-REIMBURSABLE - TISSUE
509,A400010,00400,00500,BEREAVEMENT SERVICES
509,A400010,00500,00000,RECLASSIFICATIONS
509,A400010,00500,00100,A
509,A400010,00500,00200,OTHER NON-REIMBURSABLE - TISSUE
509,A400010,00500,00500,CMFE SERVICES
509,A400010,00600,00000,RECLASSIFICATIONS
509,A400010,00600,00100,A
509,A400010,00600,00200,OTHER NON-REIMBURSABLE - TISSUE
509,A400010,00600,00500,QUALITY SYSTEMS
509,A400010,00700,00000,RECLASSIFICATIONS
509,A400010,00700,00100,A
509,A400010,00700,00200,OTHER NON-REIMBURSABLE - TISSUE
509,A400010,00700,00500,REFERRAL SERVICES
509,A400010,00800,00000,RECLASSIFICATIONS
509,A400010,00800,00100,A
509,A400010,00800,00200,OTHER NON-REIMBURSABLE - TISSUE
509,A400010,00800,00500,ORGAN PRESERVATION
509,A400010,00900,00000,RECLASSIFICATIONS
509,A400010,00900,00100,A
509,A400010,00900,00200,OTHER NON-REIMBURSABLE - TISSUE
509,A400010,00900,00500,MEDICAL SUPPORT SERVICES
509,A400010,01000,00000,RECLASSIFICATIONS
509,A400010,01000,00100,A
509,A400010,01000,00200,OTHER NON-REIMBURSABLE - TISSUE
509,A400010,01000,00500,TRANSPORTATION
509,A400010,01100,00000,RECLASSIFICATIONS
509,A400010,01100,00100,A
509,A400010,01100,00200,PROCUREMENT COORDINATORS
509,A400010,01100,00500,ADMINISTRATIVE & GENERAL
509,A400010,01200,00000,RECLASSIFICATIONS
509,A400010,01200,00100,A
509,A400010,01200,00200,PROFESSIONAL EDUCATION
509,A400010,01200,00500,ADMINISTRATIVE & GENERAL
509,A400010,01300,00000,RECLASSIFICATIONS
509,A400010,01300,00100,A
509,A400010,01300,00200,PUBLIC EDUCATION
509,A400010,01300,00500,ADMINISTRATIVE & GENERAL
509,A400010,01400,00000,RECLASSIFICATIONS
509,A400010,01400,00100,A
509,A400010,01400,00200,BEREAVEMENT SERVICES
509,A400010,01400,00500,ADMINISTRATIVE & GENERAL
509,A400010,01500,00000,RECLASSIFICATIONS
509,A400010,01500,00100,A
509,A400010,01500,00200,CMFE SERVICES
509,A400010,01500,00500,ADMINISTRATIVE & GENERAL
509,A400010,01600,00000,RECLASSIFICATIONS
509,A400010,01600,00100,A
509,A400010,01600,00200,QUALITY SYSTEMS
509,A400010,01600,00500,ADMINISTRATIVE & GENERAL
509,A400010,01700,00000,RECLASSIFICATIONS
509,A400010,01700,00100,A
509,A400010,01700,00200,REFERRAL SERVICES
509,A400010,01700,00500,ADMINISTRATIVE & GENERAL
509,A400010,01800,00000,RECLASSIFICATIONS
509,A400010,01800,00100,A
509,A400010,01800,00200,ORGAN PRESERVATION
509,A400010,01800,00500,ADMINISTRATIVE & GENERAL
509,A400010,01900,00000,RECLASSIFICATIONS
509,A400010,01900,00100,A
509,A400010,01900,00200,MEDICAL SUPPORT SERVICES
509,A400010,01900,00500,ADMINISTRATIVE & GENERAL
509,A400010,02000,00000,RECLASSIFICATIONS
509,A400010,02000,00100,A
509,A400010,02000,00200,TRANSPORTATION
509,A400010,02000,00500,ADMINISTRATIVE & GENERAL
509,A400010,02100,00000,RECLASSIFICATIONS
509,A400010,02100,00100,A
509,A400010,02100,00200,OTHER NON-REIMBURSABLE - TISSUE
509,A400010,02100,00500,ADMINISTRATIVE & GENERAL
509,A400010,02200,00000,RECLASSIFICATIONS
509,A400010,02200,00100,A
509,A400010,02200,00200,OTHER NON-REIMBURSABLE - DEVELOPMENT
509,A400010,02200,00500,ADMINISTRATIVE & GENERAL
509,A400010,02300,00000,RECLASSIFICATIONS
509,A400010,02300,00100,A
509,A400010,02300,00200,OTHER NON-REIMBURSABLE - DEVELOPMENT
509,A400010,02300,00500,ADMINISTRATIVE & GENERAL
509,A400010,02400,00000,RECLASSIFICATIONS
509,A400010,02400,00100,A
509,A400010,02400,00200,OTHER NON-REIMBURSABLE - DEVELOPMENT
509,A400010,02400,00500,PUBLIC EDUCATION
509,A500010,00700,00100,B
509,A500010,00700,00300,ADMINISTRATIVE & GENERAL
509,A500010,01200,00100,A
509,A500010,01200,00300,ADMINISTRATIVE & GENERAL
509,A500010,01500,00000,CALL CENTER INCOME
509,A500010,01500,00100,B
509,A500010,01500,00300,REFERRAL SERVICES
509,A500010,01600,00000,LOBBYING EXPENSE
509,A500010,01600,00100,A
509,A500010,01600,00300,ADMINISTRATIVE & GENERAL
509,A500010,01601,00000,HOSPITAL STAFF APPRECIATION
509,A500010,01601,00100,A
509,A500010,01601,00300,PROFESSIONAL EDUCATION
509,A500010,01602,00000,NON-ALLOWABLE EXPENSES
509,A500010,01602,00100,A
509,A500010,01602,00300,ADMINISTRATIVE & GENERAL
509,A500010,01603,00000,SPONSORSHIPS
509,A500010,01603,00100,A
509,A500010,01603,00300,ADMINISTRATIVE & GENERAL
509,A500010,01604,00000,PROFESSIONAL SERVICE-REINHARDT
509,A500010,01604,00100,B
509,A500010,01604,00300,PROFESSIONAL EDUCATION
509,A51000A,00100,00100,N
509,A60000A,00700,00000,BUILDING IMPROVEMENTS
509,A60000A,00701,00000,SOFTWARE
509,A60000A,00702,00000,FURNITURE
509,A60000A,00703,00000,DEFERRED FINANCING
509,A60000B,00800,00000,BUILDING IMPROVEMENTS
509,A60000B,00801,00000,SOFTWARE
509,A60000B,00802,00000,FURNITURE
509,A60000B,00803,00000,DEFERRED FINANCING
509,B10000*,00100,00200,CAP BLDG
509,B10000*,00100,00300,CAP COSTS
509,B10000*,00100,00400,EMPLOYEE
509,B10000*,00100,00500,MEDICAL
509,B10000*,00100,00800,ORGAN
509,B10000*,00100,01000,ADMIN &
509,B10000*,00200,00200,OP PLANT &
509,B10000*,00200,00300,MOVABLE
509,B10000*,00200,00400,BENEFITS
509,B10000*,00200,00500,SUPPLIES
509,B10000*,00200,00800,ACQUISITN
509,B10000*,00200,01000,GENERAL
509,B10000*,00300,00200,HOUSEKEEP
509,B10000*,00300,00300,EQUIPMENT
509,B10000*,00300,00800,COSTS
509,B10000*,00400,00200,SQUARE
509,B10000*,00400,00300,DOLLAR
509,B10000*,00400,00400,ADJUST
509,B10000*,00400,00500,COSTED
509,B10000*,00400,00800,NUMBER
509,B10000*,00400,01000,ACCUM
509,B10000*,00500,00200,FEET
509,B10000*,00500,00300,VALUE
509,B10000*,00500,00400,SALARIES
509,B10000*,00500,00500,REQUISIT
509,B10000*,00500,00800,ORGANS
509,B10000*,00500,01000,COSTS
509,B10000*,00600,00200,1
509,B10000*,00600,00300,2
509,B10000*,00600,00400,3
509,B10000*,00600,00500,3
509,B10000*,00600,00800,3
509,B10000*,00600,01000,3
509,B100000,00000,01000,X
509,E000000,00900,00000,OTHER CURRENT ASSETS
509,E000000,02600,00000,OTHER FIXED ASSETS-FURNITURE
509,E200000,02000,00000,BWC DISTRIBUTION
509,E200000,02100,00000,TISSUE INCOME
509,S000000,00100,00100,X
509,S000000,00400,00100,2
509,S000000,00500,00100,06/01/2022
509,S000000,00600,00100,10001
509,S000000,00700,00100,N
509,S000000,00800,00100,N
509,S000000,00900,00100,09/07/2023
509,S000000,01000,00100,4
509,S000001,00100,00100,LIFEBANC
509,S000001,00100,00200,36P002
509,S000001,00101,00100,4775 RICHMOND ROAD
509,S000001,00102,00100,CLEVELAND
509,S000001,00102,00200,OH
509,S000001,00102,00300,44128
509,S000001,00300,00100,01/01/2021
509,S000001,00300,00200,12/31/2021
509,S000001,00400,00100,6
509,S000001,00400,00300,1
509,S000001,00400,00400,08/01/1986
509,S000001,00401,00300,1
509,S000002,00100,00200,Y
509,S000002,00300,00100,SR. DIRECTOR OF FINANCE
509,S000002,00400,00100,05/31/2022
509,S100001,00700,00100,N
509,S100001,00810,00000,INTESTINE
509,S100001,00811,00000,TISSUES
509,S100003,00100,00100,MEDICAL DIRECTOR
509,S100003,00100,00300,MEDICAL DIRECTOR
509,S100003,00100,00500,LAB DIRECTOR
509,S100003,00101,00100,EXEC. DIRECTOR
509,S100003,00101,00300,PROCUREMENT COORDINATOR
509,S100003,00101,00500,TECHNICIANS
509,S100003,00102,00100,CLERICAL
509,S100003,00102,00300,PRESERVATION TECHNICIANS
509,S100003,00102,00500,TISSUE TYPING TECH.
509,S100003,00103,00100,OTHER
509,S100003,00103,00300,OTHER
509,S100003,00103,00500,OTHER
509,S200000,00100,00100,N
509,S200000,00200,00100,N
509,S200000,00300,00100,N
509,S200000,00400,00100,Y
509,S200000,00400,00200,A
509,S200000,00400,00300,06/06/2022
509,S200000,00500,00100,N
509,S200000,00600,00300,SR. DIRECTOR OF FINANCE
509,S200000,00700,00100,LIFEBANC
510,A000000,00100,00000,0100CAPITAL COSTS-BLDG & FIXT
510,A000000,00200,00000,0200CAPITAL COSTS-MVBLE EQUIPMENT
510,A000000,00300,00000,0300EMPLOYEE BENEFITS
510,A000000,00400,00000,0400ADMINISTRATIVE & GENERAL
510,A000000,00500,00000,0500OPERATION AND MAINTENANCE OF PLANT
510,A000000,00600,00000,0600HOUSEKEEPING
510,A000000,00700,00000,0700MEDICAL SUPPLIES
510,A000000,00800,00000,0800OTHER OVERHEAD
510,A000000,00900,00000,0900PROCUREMENT COORDINATORS
510,A000000,01000,00000,1000PROFESSIONAL EDUCATION
510,A000000,01100,00000,1100PUBLIC EDUCATION
510,A000000,01200,00000,1200REFERRAL CENTER
510,A000000,01300,00000,1300KIDNEY ACQUISITIONS
510,A000000,01400,00000,1400TISSUE TYPING LABORATORY
510,A000000,01500,00000,1500LIVER ACQUISITIONS
510,A000000,01600,00000,1600HEART ACQUISITIONS
510,A000000,01700,00000,1700PANCREAS ACQUISITIONS
510,A000000,01800,00000,1800LUNG ACQUISITIONS
510,A000000,01900,00000,1900SMALL BOWEL
510,A000000,02100,00000,2100RESEARCH
510,A000000,02200,00000,2200BLOOD BANK
510,A000000,02300,00000,2300LABORATORY-NON-TISSUE TYPING
510,A000000,02400,00000,2400DIALYSIS UNITS
510,A000000,02500,00000,2500TISSUE
510,A000000,02501,00000,2501MEMORIAL
510,A100000,01700,00000,OTHER
510,A100000,01800,00000,NONREIMBURSEABLE
510,A100000,01900,00000,CONSULTING
510,A100000,01901,00000,PURCHASED SERVICES
510,A100000,01902,00000,DUES/SUBSCRIPTIONS
510,A100000,01903,00000,SPECIALITY ITEMS
510,A20H000,00900,00000,OTHER HOSPITAL EXCISION COSTS
510,A20H000,00901,00000,DONOR HOSPITAL CHARGES ACCRUAL
510,A20H000,02100,00000,OTHER PROFESSIONAL FEES
510,A20K000,00900,00000,OTHER HOSPITAL EXCISION COSTS
510,A20K000,00901,00000,DONOR HOSPITAL CHARGES ACCRUAL
510,A20K000,02100,00000,OTHER PROFESSIONAL FEES
510,A20L000,00900,00000,OTHER HOSPITAL EXCISION COSTS
510,A20L000,00901,00000,DONOR HOSPITAL CHARGES ACCRUAL
510,A20L000,02100,00000,OTHER PROFESSIONAL FEES
510,A20O000,00900,00000,OTHER HOSPITAL EXCISION COSTS
510,A20O000,02100,00000,OTHER PROFESSIONAL FEES
510,A20P000,00900,00000,OTHER HOSPITAL EXCISION COSTS
510,A20P000,00901,00000,DONOR HOSPITAL CHARGES ACCRUAL
510,A20P000,02100,00000,OTHER PROFESSIONAL FEES
510,A20U000,00900,00000,OTHER HOSPITAL EXCISION COSTS
510,A20U000,00901,00000,DONOR HOSPITAL CHARGES ACCRUAL
510,A20U000,02100,00000,OTHER PROFESSIONAL FEES
510,A400010,00100,00000,RECLASSIFICATIONS
510,A400010,00100,00100,A
510,A400010,00100,00200,TISSUE
510,A400010,00100,00500,PROCUREMENT COORDINATORS
510,A400010,00200,00000,RECLASSIFICATIONS
510,A400010,00200,00100,A
510,A400010,00200,00200,TISSUE
510,A400010,00200,00500,PROFESSIONAL EDUCATION
510,A400010,00300,00000,RECLASSIFICATIONS
510,A400010,00300,00100,A
510,A400010,00300,00200,TISSUE
510,A400010,00300,00500,PUBLIC EDUCATION
510,A400010,00400,00000,RECLASSIFICATIONS
510,A400010,00400,00100,A
510,A400010,00400,00200,TISSUE
510,A400010,00400,00500,REFERRAL CENTER
510,A400010,00500,00000,RECLASSIFICATIONS
510,A400010,00500,00100,A
510,A400010,00500,00200,ADMINISTRATIVE & GENERAL
510,A400010,00500,00500,EMPLOYEE BENEFITS
510,A500010,00700,00100,B
510,A500010,00700,00300,CAPITAL COSTS-BLDG & FIXT
510,A500010,00800,00100,B
510,A500010,00800,00300,PROCUREMENT COORDINATORS
510,A500010,01500,00000,IMPORT REVENUE
510,A500010,01500,00100,B
510,A500010,01500,00300,PROCUREMENT COORDINATORS
510,A500010,01501,00000,OTHER ORGAN
510,A500010,01501,00100,B
510,A500010,01501,00300,PROCUREMENT COORDINATORS
510,A500010,01502,00000,LOBBYING
510,A500010,01502,00100,A
510,A500010,01502,00300,ADMINISTRATIVE & GENERAL
510,A500010,01503,00000,CALL CENTER FEES
510,A500010,01503,00100,B
510,A500010,01503,00300,REFERRAL CENTER
510,A500010,01600,00000,NONREIMBURSEABLE EXPENSES
510,A500010,01600,00100,A
510,A500010,01600,00300,ADMINISTRATIVE & GENERAL
510,A51000A,00100,00100,N
510,A60000C,00500,00100,N
510,B10000*,00100,00200,CAP BLDG
510,B10000*,00100,00300,CAP COSTS
510,B10000*,00100,00400,EMPLOYEE
510,B10000*,00100,00500,MEDICAL
510,B10000*,00100,00800,ORGAN
510,B10000*,00100,01000,ADMIN &
510,B10000*,00200,00200,OP PLANT &
510,B10000*,00200,00300,MOVABLE
510,B10000*,00200,00400,BENEFITS
510,B10000*,00200,00500,SUPPLIES
510,B10000*,00200,00800,ACQUISITN
510,B10000*,00200,01000,GENERAL
510,B10000*,00300,00200,HOUSEKEEP
510,B10000*,00300,00300,EQUIPMENT
510,B10000*,00300,00800,COSTS
510,B10000*,00400,00200,SQUARE
510,B10000*,00400,00300,DOLLAR
510,B10000*,00400,00400,ADJUST
510,B10000*,00400,00500,COSTED
510,B10000*,00400,00800,NUMBER
510,B10000*,00400,01000,ACCUM
510,B10000*,00500,00200,FEET
510,B10000*,00500,00300,VALUE
510,B10000*,00500,00400,SALARIES
510,B10000*,00500,00500,REQUISIT
510,B10000*,00500,00800,ORGANS
510,B10000*,00500,01000,COSTS
510,B10000*,00600,00200,1
510,B10000*,00600,00300,2
510,B10000*,00600,00400,3
510,B10000*,00600,00500,3
510,B10000*,00600,00800,3
510,B10000*,00600,01000,3
510,B100000,00000,01000,X
510,E000000,00900,00000,MEDICARE RECEIVABLE
510,E000000,02600,00000,OTHER FIXED ASSETS
510,E000000,03100,00000,INVESTMENT IN SUPPORTING COMPANY
510,E000000,04600,00000,DEFERRED LEASE INCENTIVE
510,E000000,04700,00000,DEFERRED COMPENSATION
510,E100001,00700,00000,TISSUE REVENUE
510,E100001,00800,00000,RESEARCH REVENUE
510,E100001,00900,00000,MEDICARE RECEIVABLE 2021 ESTIMATE
510,E200000,02000,00000,LIFECENTER MEMORIAL REVENUE
510,E200000,02100,00000,OTHER MISC INCOME
510,E200000,02200,00000,COMM CENTER INCOME
510,E200000,02300,00000,LEASE INCOME
510,S000000,00100,00100,X
510,S000000,00400,00100,2
510,S000000,00500,00100,05/06/2022
510,S000000,00600,00100,10001
510,S000000,00700,00100,N
510,S000000,00800,00100,N
510,S000000,00900,00100,09/07/2023
510,S000000,01000,00100,4
510,S000001,00100,00100,LIFECENTER ORGAN DONOR NETWORK
510,S000001,00100,00200,36P003
510,S000001,00101,00100,615 ELSINORE PLACE  SUITE 400
510,S000001,00102,00100,CINCINNATI
510,S000001,00102,00200,OH
510,S000001,00102,00300,45202
510,S000001,00300,00100,01/01/2021
510,S000001,00300,00200,12/31/2021
510,S000001,00400,00100,2
510,S000001,00400,00300,1
510,S000001,00400,00400,05/06/1983
510,S000001,00401,00100,6
510,S000001,00401,00300,1
510,S000002,00100,00200,Y
510,S000002,00300,00100,FINANCE & ACCOUNTING MANAGER
510,S000002,00400,00100,05/05/2022
510,S100001,00700,00100,N
510,S100001,00810,00000,OTHER - SMALL BOWEL
510,S100001,00811,00000,OTHER - VEINS
510,S100003,00100,00100,MEDICAL DIRECTOR
510,S100003,00100,00300,MEDICAL DIRECTOR
510,S100003,00100,00500,LAB DIRECTOR
510,S100003,00101,00100,EXEC. DIRECTOR
510,S100003,00101,00300,PROCUREMENT COORDINATOR
510,S100003,00101,00500,TECHNICIANS
510,S100003,00102,00100,CLERICAL
510,S100003,00102,00300,PRESERVATION TECHNICIANS
510,S100003,00102,00500,TISSUE TYPING TECH.
510,S100003,00103,00100,OTHER
510,S100003,00103,00300,OTHER
510,S100003,00103,00500,OTHER
510,S200000,00100,00100,N
510,S200000,00200,00100,N
510,S200000,00300,00100,N
510,S200000,00400,00100,Y
510,S200000,00400,00200,A
510,S200000,00500,00100,N
510,S200000,00600,00300,FINANCE & ACCOUNTING MANAGER
510,S200000,00700,00100,LIFECENTER ORGAN DONOR NETWORK
511,A000000,00100,00000,0100CAPITAL COSTS-BLDG & FIXT
511,A000000,00200,00000,0200CAPITAL COSTS-MVBLE EQUIPMENT
511,A000000,00300,00000,0300EMPLOYEE BENEFITS
511,A000000,00400,00000,0400ADMINISTRATIVE & GENERAL
511,A000000,00500,00000,0500OPERATION AND MAINTENANCE OF PLANT
511,A000000,00600,00000,0600HOUSEKEEPING
511,A000000,00700,00000,0700MEDICAL SUPPLIES
511,A000000,00800,00000,0800OTHER OVERHEAD
511,A000000,00900,00000,0900PROCUREMENT COORDINATORS
511,A000000,01000,00000,1000PROFESSIONAL EDUCATION
511,A000000,01100,00000,1100PUBLIC EDUCATION
511,A000000,01200,00000,1200OTHER ACQUISITION
511,A000000,01300,00000,1300KIDNEY ACQUISITIONS
511,A000000,01400,00000,1400TISSUE TYPING LABORATORY
511,A000000,01500,00000,1500LIVER ACQUISITIONS
511,A000000,01600,00000,1600HEART ACQUISITIONS
511,A000000,01700,00000,1700PANCREAS ACQUISITIONS
511,A000000,01800,00000,1800LUNG ACQUISITIONS
511,A000000,01900,00000,1900SMALL BOWEL
511,A000000,02100,00000,2100RESEARCH
511,A000000,02200,00000,2200BLOOD BANK
511,A000000,02300,00000,2300LABORATORY-NON-TISSUE TYPING
511,A000000,02400,00000,2400DIALYSIS UNITS
511,A000000,02500,00000,2500TISSUE
511,A000000,02501,00000,2501PLACENTA ACQUISITION
511,A100000,01700,00000,BANK/INVEST FEES
511,A100000,01800,00000,CONSULTING FEES
511,A100000,01900,00000,OTHER ADMIN & GENERAL
511,A100000,01901,00000,DUES/SUBSCRIPTIONS
511,A100000,01902,00000,POSTAGE/SHIPPING
511,A100000,01903,00000,NONREIMBURSEABLE
511,A20H000,00900,00000,OTHER HOSPITAL EXCISION COSTS
511,A20H000,00901,00000,DONOR HOSPITAL CHARGES ACCRUAL
511,A20H000,02100,00000,OTHER ACQUISITION COSTS MISC
511,A20H000,02101,00000,OTHER PROFESSIONAL FEES
511,A20H000,02102,00000,HEART RESEARCH
511,A20K000,00900,00000,OTHER HOSPITAL EXCISION COSTS
511,A20K000,00901,00000,DONOR HOSPITAL ACCRUAL
511,A20K000,02100,00000,OTHER PROFESSIONAL FEES
511,A20K000,02101,00000,OTHER ACQUISITION
511,A20K000,02102,00000,PERFUSION FEES
511,A20L000,00900,00000,OTHER HOSPITAL EXCISION COSTS
511,A20L000,00901,00000,DONOR HOSPITAL CHARGES ACCRUAL
511,A20L000,02100,00000,OTHER ACQUISITION COSTS MISC
511,A20L000,02101,00000,OTHER PROFESSIONAL FES
511,A20O000,00900,00000,OTHER HOSPITAL EXCISION COSTS
511,A20O000,00901,00000,DONOR HOSPITAL CHARGES ACCRUAL
511,A20O000,02100,00000,OTHER ACQUISITION CHARGES
511,A20P000,00900,00000,OTHER HOSPITAL EXCISION COSTS
511,A20P000,00901,00000,DONOR HOSPITAL CHARGES ACCRUAL
511,A20P000,02100,00000,OTHER ACQUISITION COSTS MISC
511,A20P000,02101,00000,OTHER PROFESSIONAL FEES
511,A20U000,00900,00000,OTHER HOSPITAL EXCISION COSTS
511,A20U000,00901,00000,DONOR HOSPITAL CHARGES ACCRUAL
511,A20U000,02100,00000,OTHER PROFESSIONAL FEES
511,A20U000,02101,00000,OTHER ACQUISITION COSTS MISC
511,A400010,00100,00000,RECLASSIFICATIONS
511,A400010,00100,00100,A
511,A400010,00100,00200,TISSUE
511,A400010,00100,00500,PROCUREMENT COORDINATORS
511,A400010,00200,00000,RECLASSIFICATIONS
511,A400010,00200,00100,A
511,A400010,00200,00200,TISSUE
511,A400010,00200,00500,PROFESSIONAL EDUCATION
511,A400010,00300,00000,RECLASSIFICATIONS
511,A400010,00300,00100,A
511,A400010,00300,00200,TISSUE
511,A400010,00300,00500,PUBLIC EDUCATION
511,A400010,00400,00000,RECLASSIFICATIONS
511,A400010,00400,00100,A
511,A400010,00400,00200,TISSUE
511,A400010,00400,00500,OTHER ACQUISITION
511,A400010,00500,00000,RECLASSIFICATIONS
511,A400010,00500,00100,A
511,A400010,00500,00200,ADMINISTRATIVE & GENERAL
511,A400010,00500,00500,EMPLOYEE BENEFITS
511,A500010,00800,00100,A
511,A500010,00800,00300,PROCUREMENT COORDINATORS
511,A500010,01500,00000,DIRECTED CONTRIBUTIONS
511,A500010,01500,00100,B
511,A500010,01500,00300,PUBLIC EDUCATION
511,A500010,01501,00000,LOBBYING FEES
511,A500010,01501,00100,A
511,A500010,01501,00300,ADMINISTRATIVE & GENERAL
511,A500010,01502,00000,NONREIMBURSEABLE
511,A500010,01502,00100,A
511,A500010,01502,00300,ADMINISTRATIVE & GENERAL
511,A500010,01503,00000,NONREIMBURSEABLE
511,A500010,01503,00100,A
511,A500010,01503,00300,PROCUREMENT COORDINATORS
511,A500010,01504,00000,NONREIMBURSEABLE
511,A500010,01504,00100,A
511,A500010,01504,00300,PROFESSIONAL EDUCATION
511,A500010,01505,00000,NONREIMBURSEABLE
511,A500010,01505,00100,A
511,A500010,01505,00300,PUBLIC EDUCATION
511,A500010,01600,00000,RESEARCH
511,A500010,01600,00100,A
511,A500010,01600,00300,HEART ACQUISITIONS
511,A500010,01601,00000,NON-ALLOWABLE EXPS
511,A500010,01601,00100,A
511,A500010,01601,00300,ADMINISTRATIVE & GENERAL
511,A500010,01602,00000,NON-ALLOWABLE EXPS
511,A500010,01602,00100,A
511,A500010,01602,00300,PUBLIC EDUCATION
511,A500010,01603,00000,NON-ALLOWABLE EXPS
511,A500010,01603,00100,A
511,A500010,01603,00300,OTHER ACQUISITION
511,A51000A,00100,00100,N
511,A60000A,00700,00000,LEASEHOLD IMPROVEMENTS
511,A60000A,00701,00000,PROJECTS IN PROGRESS
511,A60000B,00800,00000,LEASEHOLD IMPROVEMENTS
511,A60000C,00500,00100,N
511,B10000*,00100,00200,CAP BLDG
511,B10000*,00100,00300,CAP COSTS
511,B10000*,00100,00400,EMPLOYEE
511,B10000*,00100,00500,MEDICAL
511,B10000*,00100,00800,ORGAN
511,B10000*,00100,01000,ADMIN &
511,B10000*,00200,00200,OP PLANT &
511,B10000*,00200,00300,MOVABLE
511,B10000*,00200,00400,BENEFITS
511,B10000*,00200,00500,SUPPLIES
511,B10000*,00200,00800,ACQUISITN
511,B10000*,00200,01000,GENERAL
511,B10000*,00300,00200,HOUSEKEEP
511,B10000*,00300,00300,EQUIPMENT
511,B10000*,00300,00800,COSTS
511,B10000*,00400,00200,SQUARE
511,B10000*,00400,00300,SQUARE
511,B10000*,00400,00400,ADJUST
511,B10000*,00400,00500,COSTED
511,B10000*,00400,00800,NUMBER
511,B10000*,00400,01000,ACCUM
511,B10000*,00500,00200,FEET
511,B10000*,00500,00300,FEET
511,B10000*,00500,00400,SALARIES
511,B10000*,00500,00500,REQUISIT
511,B10000*,00500,00800,ORGANS
511,B10000*,00500,01000,COSTS
511,B10000*,00600,00200,1
511,B10000*,00600,00300,2
511,B10000*,00600,00400,3
511,B10000*,00600,00500,3
511,B10000*,00600,00800,3
511,B10000*,00600,01000,3
511,B100000,00000,01000,X
511,E000000,00900,00000,ESTIMATED MEDICARE RECEIVABLE
511,E000000,02600,00000,PROJECTS IN PROGRESS
511,E000000,03100,00000,INV IN SUPPORTING ORG
511,E000000,03900,00000,ACCRUED EXPENSES
511,E000000,04600,00000,INTEREST RATE SWAP
511,E100001,00700,00000,TISSUE REVENUE
511,E100001,00800,00000,RESEARCH REVENUE
511,E100001,00900,00000,MEDICARE RECEIVABLE ESTIMATE
511,E100001,00901,00000,PLACENTA ACQUISITION
511,E200000,02000,00000,MISCELLANEOUS
511,E200000,02100,00000,GAIN ON INVESTMENTS
511,E200000,02200,00000,INCOME FROM SUPPORTING ORG
511,S000000,00100,00100,X
511,S000000,00400,00100,2
511,S000000,00500,00100,05/31/2022
511,S000000,00600,00100,10001
511,S000000,00700,00100,N
511,S000000,00800,00100,N
511,S000000,00900,00100,09/07/2023
511,S000000,01000,00100,4
511,S000001,00100,00100,LIFELINE OF OHIO ORGAN PROCUREMENT
511,S000001,00100,00200,36P005
511,S000001,00101,00100,770 KINNEAR ROAD
511,S000001,00102,00100,COLUMBUS
511,S000001,00102,00200,OH
511,S000001,00102,00300,43212
511,S000001,00300,00100,01/01/2021
511,S000001,00300,00200,12/31/2021
511,S000001,00400,00100,2
511,S000001,00400,00300,1
511,S000001,00400,00400,10/01/1984
511,S000001,00401,00100,6
511,S000001,00401,00300,1
511,S000002,00300,00100,CHIEF FINANCIAL OFFICER
511,S100001,00700,00100,N
511,S100001,00810,00000,SMALL BOWEL
511,S100001,00811,00000,VEINS
511,S100001,00812,00000,PLACENTA
511,S100003,00100,00100,MEDICAL DIRECTOR
511,S100003,00100,00300,MEDICAL DIRECTOR
511,S100003,00100,00500,LAB DIRECTOR
511,S100003,00101,00100,EXEC. DIRECTOR
511,S100003,00101,00300,PROCUREMENT COORDINATOR
511,S100003,00101,00500,TECHNICIANS
511,S100003,00102,00100,CLERICAL
511,S100003,00102,00300,PRESERVATION TECHNICIANS
511,S100003,00102,00500,TISSUE TYPING TECH.
511,S100003,00103,00100,OTHER
511,S100003,00103,00300,OTHER
511,S100003,00103,00500,OTHER
511,S200000,00100,00100,N
511,S200000,00200,00100,N
511,S200000,00300,00100,N
511,S200000,00400,00100,Y
511,S200000,00400,00200,A
511,S200000,00400,00300,07/01/2022
511,S200000,00500,00100,Y
511,S200000,00600,00300,CHIEF FINANCIAL OFFICER
511,S200000,00700,00100,LIFELINE OF OHIO ORGAN PROCUREMENT
512,A000000,00100,00000,0100CAPITAL COSTS-BLDG & FIXT
512,A000000,00200,00000,0200CAPITAL COSTS-MVBLE EQUIPMENT
512,A000000,00300,00000,0300EMPLOYEE BENEFITS
512,A000000,00400,00000,0400ADMINISTRATIVE & GENERAL
512,A000000,00500,00000,0500OPERATION AND MAINTENANCE OF PLANT
512,A000000,00600,00000,0600HOUSEKEEPING
512,A000000,00700,00000,0700MEDICAL SUPPLIES
512,A000000,00800,00000,0800OTHER OVERHEAD
512,A000000,00900,00000,0900PROCUREMENT COORDINATORS
512,A000000,01000,00000,1000PROFESSIONAL EDUCATION
512,A000000,01100,00000,1100PUBLIC EDUCATION
512,A000000,01200,00000,1200OTHER ACQUISITION
512,A000000,01300,00000,1300KIDNEY ACQUISITIONS
512,A000000,01400,00000,1400TISSUE TYPING LABORATORY
512,A000000,01500,00000,1500LIVER ACQUISITIONS
512,A000000,01600,00000,1600HEART ACQUISITIONS
512,A000000,01700,00000,1700PANCREAS ACQUISITIONS
512,A000000,01800,00000,1800LUNG ACQUISITIONS
512,A000000,01900,00000,1900INTESTINE ACQUISITIONS
512,A000000,02100,00000,2100RESEARCH
512,A000000,02200,00000,2200BLOOD BANK
512,A000000,02300,00000,2300LABORATORY-NON-TISSUE TYPING
512,A000000,02400,00000,2400DIALYSIS UNITS
512,A000000,02500,00000,2501TISSUE COSTS
512,A100000,01700,00000,EMPLOYMENT RECRUITING
512,A100000,01800,00000,FOOD
512,A100000,01900,00000,FREIGHT & SHIPPING
512,A100000,01901,00000,ORGANIZATIONAL DEVELOPMENT
512,A100000,01902,00000,PRINTING & BINDING
512,A100000,01903,00000,DUES & SUBSCRIPTIONS
512,A100000,01904,00000,POSTAGE
512,A100000,01905,00000,EQUIPMENT ($5 000)
512,A100000,01906,00000,PROFESSIONAL FEES - OTHER
512,A100000,01907,00000,PROFESSIONAL FEES - FUNERAL HOMES
512,A100000,01908,00000,PROFESSIONAL FEES - HOSPITAL AUDIT
512,A100000,01909,00000,PROPERTY TAX
512,A100000,01910,00000,COLLABORATIVE & OTHER EXPENSES
512,A100000,01911,00000,ROUNDING
512,A20H000,00900,00000,CONSULTATION
512,A20H000,00901,00000,SCREENING
512,A20H000,02100,00000,HOSPITAL - BASE CASE RATE
512,A20H000,02101,00000,HOSPITAL - CASE RATE ORGAN FEE
512,A20H000,02102,00000,HOSPITAL - CASE RATE POTENTIAL FEE
512,A20H000,02103,00000,HOSPITAL - DISCONTINUED
512,A20H000,02104,00000,HOSPITAL - CASE RATE STOP LOSS
512,A20H000,02105,00000,TRANSPORTATION-DONOR
512,A20H000,02106,00000,ACCRUED HOSPITAL CHARGES
512,A20K000,00900,00000,CONSULTATION
512,A20K000,00901,00000,SCREENING
512,A20K000,02100,00000,HOSPITAL - BASE CASE RATE
512,A20K000,02101,00000,HOSPITAL - CASE RATE ORGAN FEE
512,A20K000,02102,00000,HOSPITAL - CASE RATE POTENTIAL FEE
512,A20K000,02103,00000,HOSPITAL - CASE RATE DISCONTINUE FEE
512,A20K000,02104,00000,HOSPITAL - CASE RATE STOP LOSS
512,A20K000,02105,00000,TRANSPORTATION - DONOR
512,A20K000,02106,00000,ACCRUED HOSPITAL CHARGES
512,A20L000,00900,00000,CONSULTATION
512,A20L000,00901,00000,SCREENING
512,A20L000,02100,00000,HOSPITAL - BASE CASE RATE
512,A20L000,02101,00000,HOSPITAL - CASE RATE ORGAN FEE
512,A20L000,02102,00000,HOSPITAL - CASE RATE POTENTIAL FEE
512,A20L000,02103,00000,HOSPITAL - DISCONTINUE FEE
512,A20L000,02104,00000,TRANSPORTATION - DONOR
512,A20L000,02105,00000,HOSPITAL - CASE RATE STOP LOSS
512,A20L000,02106,00000,ACCRUED HOSPITAL CHARGES
512,A20O000,00900,00000,CONSULTATION
512,A20O000,00901,00000,SCREENING
512,A20O000,02100,00000,TRANSPORTATION - DONOR
512,A20O000,02101,00000,HOSPITAL - BASE CASE RATE
512,A20O000,02102,00000,HOSPITAL - ORGAN FEE
512,A20O000,02103,00000,ACCRUED HOSPITAL CHARGES
512,A20P000,00900,00000,CONSULTATION
512,A20P000,00901,00000,SCREENING
512,A20P000,02100,00000,TRANSPORTATION - DONOR
512,A20P000,02101,00000,HOSPITAL BASE CASE RATE
512,A20P000,02102,00000,HOSPITAL - ORGAN FEE
512,A20P000,02103,00000,HOSPITAL - BASE POTENTIAL
512,A20P000,02104,00000,HOSPITAL - CASE RATE STOP LOSS
512,A20P000,02105,00000,ACCRUED HOSPITAL CHARGES
512,A20U000,00900,00000,CONSULTATION
512,A20U000,00901,00000,SCREENING
512,A20U000,02100,00000,HOSPITAL - BASE CASE RATE
512,A20U000,02101,00000,HOSPITAL - CASE RATE ORGAN FEE
512,A20U000,02102,00000,HOSPITAL - CASE RATE POTENTIAL
512,A20U000,02103,00000,HOSPITAL - CASE RATE DISCONTINUE
512,A20U000,02104,00000,HOSPITAL - CASE RATE STOP LOSS
512,A20U000,02105,00000,TRANSPORTATION - DONOR
512,A20U000,02106,00000,ACCRUED HOSPITAL CHARGES
512,A400010,00100,00000,RECLASSIFICATIONS
512,A400010,00100,00100,A
512,A400010,00100,00200,KIDNEY ACQUISITIONS
512,A400010,00100,00500,MEDICAL SUPPLIES
512,A400010,00200,00000,RECLASSIFICATIONS
512,A400010,00200,00100,A
512,A400010,00200,00200,TISSUE COSTS
512,A400010,00200,00500,PROCUREMENT COORDINATORS
512,A400010,00300,00000,RECLASSIFICATIONS
512,A400010,00300,00100,A
512,A400010,00300,00200,TISSUE COSTS
512,A400010,00300,00500,MEDICAL SUPPLIES
512,A500010,00800,00100,B
512,A500010,00800,00300,ADMINISTRATIVE & GENERAL
512,A500010,01500,00000,PROFESSIONAL FEES - FUNERAL HOMES
512,A500010,01500,00100,A
512,A500010,01500,00300,ADMINISTRATIVE & GENERAL
512,A500010,01600,00000,LOBBY EXP PORTION OF AOPO DUES
512,A500010,01600,00100,B
512,A500010,01600,00300,ADMINISTRATIVE & GENERAL
512,A500010,01601,00000,COLLABORATIVE & NONREIMBURSABLE EXP
512,A500010,01601,00100,A
512,A500010,01601,00300,ADMINISTRATIVE & GENERAL
512,A500010,01602,00000,DONOR FOLLOW-UP
512,A500010,01602,00100,A
512,A500010,01602,00300,PROCUREMENT COORDINATORS
512,A500010,01603,00000,FLYOUT REVENUE OFFSET
512,A500010,01603,00100,B
512,A500010,01603,00300,PROCUREMENT COORDINATORS
512,A500010,01604,00000,KIDNEY SURGEON FEE
512,A500010,01604,00100,B
512,A500010,01604,00300,KIDNEY ACQUISITIONS
512,A51000A,00100,00100,N
512,B10000*,00100,00200,CAP BLDG
512,B10000*,00100,00300,CAP COSTS
512,B10000*,00100,00400,EMPLOYEE
512,B10000*,00100,00500,MEDICAL
512,B10000*,00100,00800,ORGAN
512,B10000*,00100,01000,ADMIN &
512,B10000*,00200,00200,OP PLANT &
512,B10000*,00200,00300,MOVABLE
512,B10000*,00200,00400,BENEFITS
512,B10000*,00200,00500,SUPPLIES
512,B10000*,00200,00800,ACQUISITN
512,B10000*,00200,01000,GENERAL
512,B10000*,00300,00200,HOUSEKEEP
512,B10000*,00300,00300,EQUIPMENT
512,B10000*,00300,00800,COSTS
512,B10000*,00400,00200,SQUARE
512,B10000*,00400,00300,DOLLAR
512,B10000*,00400,00400,ADJUST
512,B10000*,00400,00500,COSTED
512,B10000*,00400,00800,NUMBER
512,B10000*,00400,01000,ACCUM
512,B10000*,00500,00200,FEET
512,B10000*,00500,00300,VALUE
512,B10000*,00500,00400,SALARIES
512,B10000*,00500,00500,REQUISIT
512,B10000*,00500,00800,ORGANS
512,B10000*,00500,01000,COSTS
512,B10000*,00600,00200,1
512,B10000*,00600,00300,2
512,B10000*,00600,00400,3
512,B10000*,00600,00500,3
512,B10000*,00600,00800,3
512,B10000*,00600,01000,3
512,B100000,00000,01000,X
512,E000000,00900,00000,OTHER CURRENT ASSET
512,E000000,02600,00000,CONSTRUCTION IN PROGRESS
512,E000000,04100,00000,OTHER CURRENT LIABILITIES
512,E100001,00700,00000,TISSUE REVENUE
512,E100001,00800,00000,FLYOUT REVENUE
512,E100001,00900,00000,HEART VALVE REVENUE
512,E100001,00901,00000,OTHER SERVICES
512,E200000,01500,00000,CURRENT YEAR SETTLEMENT
512,E200000,02600,00000,PRIOR YEAR SETTLEMENT
512,S000000,00100,00100,X
512,S000000,00400,00100,2
512,S000000,00500,00100,05/25/2022
512,S000000,00600,00100,10001
512,S000000,00700,00100,N
512,S000000,00800,00100,N
512,S000000,00900,00100,09/15/2023
512,S000000,01000,00100,4
512,S000001,00100,00100,HONORBRIDGE
512,S000001,00100,00200,34P001
512,S000001,00101,00100,909 E. ARLINGTON BLVD.
512,S000001,00102,00100,GREENVILLE
512,S000001,00102,00200,NC
512,S000001,00102,00300,27858
512,S000001,00300,00100,01/01/2021
512,S000001,00300,00200,12/31/2021
512,S000001,00400,00100,11
512,S000001,00400,00300,1
512,S000001,00400,00400,07/01/1985
512,S000001,00401,00300,1
512,S000002,00100,00200,Y
512,S000002,00300,00100,CFO
512,S100001,00700,00100,N
512,S100001,00810,00000,INTESTINE
512,S100003,00100,00100,MEDICAL DIRECTOR
512,S100003,00100,00300,MEDICAL DIRECTOR
512,S100003,00100,00500,LAB DIRECTOR
512,S100003,00101,00100,EXEC. DIRECTOR
512,S100003,00101,00300,PROCUREMENT COORDINATOR
512,S100003,00101,00500,TECHNICIANS
512,S100003,00102,00100,CLERICAL
512,S100003,00102,00300,PRESERVATION TECHNICIANS
512,S100003,00102,00500,TISSUE TYPING TECH.
512,S100003,00103,00100,OTHER
512,S100003,00103,00300,OTHER
512,S100003,00103,00500,OTHER
512,S200000,00100,00100,N
512,S200000,00200,00100,N
512,S200000,00300,00100,N
512,S200000,00400,00100,Y
512,S200000,00400,00200,A
512,S200000,00400,00300,05/11/2022
512,S200000,00500,00100,N
512,S200000,00600,00300,MANAGER OF FINANCIAL OPERATIONS
512,S200000,00700,00100,HONORBRIDGE
513,A000000,00100,00000,0100CAPITAL COSTS-BLDG & FIXT
513,A000000,00200,00000,0200CAPITAL COSTS-MVBLE EQUIPMENT
513,A000000,00300,00000,0300EMPLOYEE BENEFITS
513,A000000,00400,00000,0400ADMINISTRATIVE & GENERAL
513,A000000,00500,00000,0500OPERATION AND MAINTENANCE OF PLANT
513,A000000,00600,00000,0600HOUSEKEEPING
513,A000000,00700,00000,0700MEDICAL SUPPLIES
513,A000000,00800,00000,0800OTHER OVERHEAD
513,A000000,00900,00000,0900PROCUREMENT COORDINATORS
513,A000000,01000,00000,1000PROFESSIONAL EDUCATION
513,A000000,01100,00000,1100PUBLIC EDUCATION
513,A000000,01200,00000,1200CALL CENTER
513,A000000,01201,00000,120112.01 OTHER ACQUISITION COSTS
513,A000000,01300,00000,1300KIDNEY ACQUISITIONS
513,A000000,01400,00000,1400TISSUE TYPING LABORATORY
513,A000000,01500,00000,1500LIVER ACQUISITIONS
513,A000000,01600,00000,1600HEART ACQUISITIONS
513,A000000,01700,00000,1700PANCREAS ACQUISITIONS
513,A000000,01800,00000,1800LUNG ACQUISITIONS
513,A000000,01900,00000,1900SMALL BOWEL      S
513,A000000,01901,00000,1901MULTI VISCERAL
513,A000000,01902,00000,1902HEART/LUNG       S 3
513,A000000,02100,00000,2100RESEARCH
513,A000000,02200,00000,2200BLOOD BANK
513,A000000,02300,00000,2300LABORATORY-NON-TISSUE TYPING
513,A000000,02400,00000,2400DIALYSIS UNITS
513,A000000,02500,00000,2500TISSUE RECOVERY
513,A100000,01900,00000,COMPUTER EQUIP & SOFTWARE
513,A100000,01901,00000,BANK SVC CHARGES
513,A100000,01902,00000,LATE FEES & MISCELLANEOUS CHARGES
513,A100000,01903,00000,POSTAGE & SHIPPING
513,A100000,01904,00000,DUES & SUBSCRIPTIONS
513,A100000,01905,00000,LOBBYING EXPENSE
513,A100000,01906,00000,CONSULTING
513,A100000,01907,00000,LEASED VEHICLE EXPENSES
513,A100000,01908,00000,MILEAGE & PARKING
513,A100000,01909,00000,DEPRECIATION & AMORTIZATION
513,A100000,01910,00000,BOARD OF DIRECTORS
513,A100000,01911,00000,UNIFORMS
513,A100000,01912,00000,MINOR OFFICE EQUIPMENT
513,A100000,01913,00000,MISCELLANEOUS
513,A100000,01914,00000,PRINTING COSTS
513,A100000,01915,00000,TEMPORARY OFFICE HELP
513,A100000,01916,00000,EMPLOYEE INSURANCE
513,A100000,01917,00000,PAYROLL TAXES
513,A100000,01918,00000,OTHER EMPLOYEE BENEFITS
513,A20H000,00900,00000,BLOOD SUPPLIES
513,A20H000,00901,00000,PATHOLOGY
513,A20H000,00902,00000,OTHER EXCISION COSTS
513,A20H000,00903,00000,DONOR HOSPITAL ACCRUALS
513,A20H000,02100,00000,SEROLOGY & MICROBIOLOGY
513,A20H000,02101,00000,LAB SUPPLIES
513,A20H000,02102,00000,AMBR BILLING
513,A20H000,02103,00000,OTHER PROFESSIONAL FEES
513,A20H000,02104,00000,OTHER ACQUISITION COSTS
513,A20K000,00900,00000,BLOOD SUPPLIES
513,A20K000,00901,00000,PATHOLOGY
513,A20K000,00902,00000,OTHER EXCISION COSTS
513,A20K000,00903,00000,DONOR HOSPITAL ACCRUALS
513,A20K000,02100,00000,SEROLOGY & MICROBIOLOGY
513,A20K000,02101,00000,LAB SUPPLIES
513,A20K000,02102,00000,AMBR BILLING
513,A20K000,02103,00000,OTHER PROFESSIONAL FEES
513,A20K000,02104,00000,OTHER ACQUISITION COSTS
513,A20L000,00900,00000,BLOOD SUPPLIES
513,A20L000,00901,00000,PATHOLOGY
513,A20L000,00902,00000,OTHER EXCISION COSTS
513,A20L000,00903,00000,DONOR HOSPITAL ACCRUALS
513,A20L000,02100,00000,SEROLOGY & MICROBIOLOGY
513,A20L000,02101,00000,LAB SUPPLIES
513,A20L000,02102,00000,AMBR BILLING
513,A20L000,02103,00000,OTHER PROFESSIONAL FEES
513,A20L000,02104,00000,OTHER ACQUISITION COSTS
513,A20O000,00900,00000,BLOOD SUPPLIES
513,A20O000,00901,00000,PATHOLOGY
513,A20O000,00902,00000,OTHER EXCISION COSTS
513,A20O000,00903,00000,DONOR HOSPITAL ACCRUALS
513,A20O000,02100,00000,SEROLOGY & MICROBIOLOGY
513,A20O000,02101,00000,LAB SUPPLIES
513,A20O000,02102,00000,AMBR BILLING
513,A20O000,02103,00000,OTHER PROFESSIONAL FEES
513,A20O001,00900,00000,BLOOD SUPPLIES
513,A20O001,00901,00000,PATHOLOGY
513,A20O001,00902,00000,OTHER EXCISION COSTS
513,A20O001,00903,00000,DONOR HOSPITAL ACCRUALS
513,A20O001,02100,00000,SEROLOGY & MICROBIOLOGY
513,A20O001,02101,00000,LAB SUPPLIES
513,A20O001,02102,00000,AMBR BILLING
513,A20O001,02103,00000,OTHER PROFESSIONAL FEES
513,A20O001,02104,00000,OTHER ACQUISITION COSTS
513,A20O002,00900,00000,BLOOD SUPPLIES
513,A20O002,00901,00000,PATHOLOGY
513,A20O002,00902,00000,OTHER EXCISION COSTS
513,A20O002,00903,00000,DONOR HOSPITAL ACCRUALS
513,A20O002,02100,00000,SEROLOGY & MICROBIOLOGY
513,A20O002,02101,00000,LAB SUPPLIES
513,A20O002,02102,00000,AMBR BILLING
513,A20O002,02103,00000,OTHER PROFESSIONAL FEES
513,A20P000,00900,00000,BLOOD SUPPLIES
513,A20P000,00901,00000,PATHOLOGY
513,A20P000,00902,00000,OTHER EXCISION COSTS
513,A20P000,00903,00000,DONOR HOSPITAL ACCRUALS
513,A20P000,02100,00000,SEROLOGY & MICROBIOLOGY
513,A20P000,02101,00000,LAB SUPPLIES
513,A20P000,02102,00000,AMRB BILLING
513,A20P000,02103,00000,OTHER PROFESSIONAL FEES
513,A20P000,02104,00000,OTHER ACQUISITION COSTS
513,A20U000,00900,00000,BLOOD SUPPLIES
513,A20U000,00901,00000,PATHOLOGY
513,A20U000,00902,00000,OTHER EXCISION COSTS
513,A20U000,00903,00000,DONOR HOSPITAL ACCRUALS
513,A20U000,02100,00000,SEROLOGY & MICROBIOLOGY
513,A20U000,02101,00000,LAB SUPPLIES
513,A20U000,02102,00000,AMBR BILLING
513,A20U000,02103,00000,OTHER PROFESSIONAL FEES
513,A20U000,02104,00000,OTHER ACQUISITION COSTS
513,A400010,00100,00000,TISSUE OVERHEAD RECLASS
513,A400010,00100,00100,A
513,A400010,00100,00200,TISSUE RECOVERY
513,A400010,00100,00500,PROCUREMENT COORDINATORS
513,A400010,00200,00000,BENEFITS RECLASS
513,A400010,00200,00100,B
513,A400010,00200,00200,ADMINISTRATIVE & GENERAL
513,A400010,00200,00500,EMPLOYEE BENEFITS
513,A400010,00300,00000,BENEFITS RECLASS
513,A400010,00300,00100,B
513,A400010,00300,00200,PROCUREMENT COORDINATORS
513,A400010,00400,00000,BENEFITS RECLASS
513,A400010,00400,00100,B
513,A400010,00400,00200,PROFESSIONAL EDUCATION
513,A400010,00500,00000,BENEFITS RECLASS
513,A400010,00500,00100,B
513,A400010,00500,00200,PUBLIC EDUCATION
513,A400010,00600,00000,BENEFITS RECLASS
513,A400010,00600,00100,B
513,A400010,00600,00200,CALL CENTER
513,A400010,00700,00000,BENEFITS RECLASS
513,A400010,00700,00100,B
513,A400010,00700,00200,TISSUE RECOVERY
513,A400010,00800,00000,SURGEON SALARY & BENEFITS RECLASS
513,A400010,00800,00100,C
513,A400010,00800,00200,KIDNEY ACQUISITIONS
513,A400010,00800,00500,PROCUREMENT COORDINATORS
513,A400010,00900,00000,SURGEON SALARY & BENEFITS RECLASS
513,A400010,00900,00100,C
513,A400010,00900,00200,LIVER ACQUISITIONS
513,A400010,01000,00000,SURGEON SALARY & BENEFITS RECLASS
513,A400010,01000,00100,C
513,A400010,01000,00200,PANCREAS ACQUISITIONS
513,A400010,01100,00000,A&G OCCUPANCY COSTS
513,A400010,01100,00100,D
513,A400010,01100,00200,ADMINISTRATIVE & GENERAL
513,A400010,01100,00500,CAPITAL COSTS-BLDG & FIXT
513,A400010,01200,00000,A&G OCCUPANCY COSTS
513,A400010,01200,00100,D
513,A400010,01200,00500,CAPITAL COSTS-MVBLE EQUIPMENT
513,A400010,01300,00000,A&G OCCUPANCY COSTS
513,A400010,01300,00100,D
513,A400010,01300,00500,OPERATION AND MAINTENANCE OF PLANT
513,A500010,00200,00100,A
513,A500010,00200,00300,ADMINISTRATIVE & GENERAL
513,A500010,00800,00100,B
513,A500010,00800,00300,PROCUREMENT COORDINATORS
513,A500010,01200,00100,A
513,A500010,01200,00300,ADMINISTRATIVE & GENERAL
513,A500010,01500,00000,BANK INCENTIVE
513,A500010,01500,00100,A
513,A500010,01500,00300,ADMINISTRATIVE & GENERAL
513,A500010,01600,00000,MISC INCOME
513,A500010,01600,00100,A
513,A500010,01600,00300,PROCUREMENT COORDINATORS
513,A500010,01601,00000,INCOME FROM SPECIAL EVENTS
513,A500010,01601,00100,A
513,A500010,01601,00300,PUBLIC EDUCATION
513,A500010,01602,00000,LOBBYING FEES
513,A500010,01602,00100,B
513,A500010,01602,00300,12.01 OTHER ACQUISITION COSTS
513,A500010,01604,00000,PY DONOR EVALUATION REFUND
513,A500010,01604,00100,A
513,A500010,01604,00300,PROCUREMENT COORDINATORS
513,A51000A,00100,00100,N
513,A60000A,00700,00000,LEASEHOLD IMPROVEMENT
513,A60000B,00800,00000,LEASEHOLD IMPROVEMENT
513,A60000C,00500,00100,N
513,B10000*,00100,00200,CAP BLDG
513,B10000*,00100,00300,CAP COSTS
513,B10000*,00100,00400,EMPLOYEE
513,B10000*,00100,00500,MEDICAL
513,B10000*,00100,00800,ORGAN
513,B10000*,00100,01000,ADMIN &
513,B10000*,00200,00200,OP PLANT &
513,B10000*,00200,00300,MOVABLE
513,B10000*,00200,00400,BENEFITS
513,B10000*,00200,00500,SUPPLIES
513,B10000*,00200,00800,ACQUISITN
513,B10000*,00200,01000,GENERAL
513,B10000*,00300,00200,HOUSEKEEP
513,B10000*,00300,00300,EQUIPMENT
513,B10000*,00300,00800,COSTS
513,B10000*,00400,00200,SQUARE
513,B10000*,00400,00300,SQUARE
513,B10000*,00400,00400,ADJUST
513,B10000*,00400,00500,COSTED
513,B10000*,00400,00800,NUMBER
513,B10000*,00400,01000,ACCUM
513,B10000*,00500,00200,FEET
513,B10000*,00500,00300,FEET
513,B10000*,00500,00400,SALARIES
513,B10000*,00500,00500,REQUISIT
513,B10000*,00500,00800,ORGANS
513,B10000*,00500,01000,COSTS
513,B10000*,00600,00200,1
513,B10000*,00600,00300,2
513,B10000*,00600,00400,3
513,B10000*,00600,00500,3
513,B10000*,00600,00800,3
513,B10000*,00600,01000,3
513,B100000,00000,01000,X
513,E000000,00900,00000,OTHER CURRENT ASSETS
513,E000000,02600,00000,CONSTRUCTION IN PROGRESS
513,E000000,03100,00000,UNAMORITIZED LOAN COSTS
513,E000000,03900,00000,DEFERRED RENT
513,E100001,00900,00000,TISSUE REVENUES
513,E200000,01500,00000,SPECIAL EVENT REVENUES
513,E200000,01600,00000,MISCELLANEOUS INCOME
513,E200000,01700,00000,BAD DEBT RECOVERY
513,E200000,02000,00000,GAIN ON SALE OF ASSET
513,E200000,02100,00000,UNREALIZED GAIN ON INVESTMENTS
513,E200000,02200,00000,PPP LOAN FORGIVENESS
513,E200000,02600,00000,NON ALLOWABLE EXPENSES
513,E200000,02700,00000,BAD DEBT EXPENSE
513,S000000,00100,00100,X
513,S000000,00400,00100,2
513,S000000,00500,00100,05/24/2022
513,S000000,00600,00100,10001
513,S000000,00700,00100,N
513,S000000,00800,00100,N
513,S000000,00900,00100,09/15/2023
513,S000000,01000,00100,4
513,S000001,00100,00100,WE ARE SHARING HOPE SC
513,S000001,00100,00200,42P001
513,S000001,00101,00100,3950 FABER PLACE DRIVE
513,S000001,00101,00200,SUITE 400
513,S000001,00102,00100,CHARLESTON
513,S000001,00102,00200,SC
513,S000001,00102,00300,29405
513,S000001,00300,00100,01/01/2021
513,S000001,00300,00200,12/31/2021
513,S000001,00400,00100,6
513,S000001,00400,00300,1
513,S000001,00400,00400,05/10/1984
513,S000001,00401,00300,1
513,S000002,00100,00200,Y
513,S000002,00300,00100,CFO
513,S000002,00400,00100,05/23/2022
513,S100001,00700,00100,N
513,S100001,00810,00000,CV
513,S100001,00811,00000,SMALL BOWEL
513,S100001,00812,00000,TISSUE RESEARCH
513,S100001,00813,00000,MULTI VISCERAL
513,S100003,00100,00100,MEDICAL DIRECTOR
513,S100003,00100,00300,MEDICAL DIRECTOR
513,S100003,00100,00500,LAB DIRECTOR
513,S100003,00101,00100,EXEC. DIRECTOR
513,S100003,00101,00300,PROCUREMENT COORDINATOR
513,S100003,00101,00500,TECHNICIANS
513,S100003,00102,00100,CLERICAL
513,S100003,00102,00300,PRESERVATION TECHNICIANS
513,S100003,00102,00500,TISSUE TYPING TECH.
513,S100003,00103,00100,OTHER
513,S100003,00103,00300,OTHER
513,S100003,00103,00500,OTHER
513,S200000,00100,00100,N
513,S200000,00200,00100,N
513,S200000,00300,00100,N
513,S200000,00400,00100,Y
513,S200000,00400,00200,A
513,S200000,00400,00300,05/31/2022
513,S200000,00500,00100,N
513,S200000,00600,00300,CFO
513,S200000,00700,00100,WE ARE SHARING HOPE SC
514,A000000,00100,00000,0100CAPITAL COSTS-BLDG & FIXT
514,A000000,00200,00000,0200CAPITAL COSTS-MVBLE EQUIPMENT
514,A000000,00300,00000,0300EMPLOYEE BENEFITS
514,A000000,00400,00000,0400ADMINISTRATIVE & GENERAL
514,A000000,00500,00000,0500OPERATION AND MAINTENANCE OF PLANT
514,A000000,00600,00000,0600HOUSEKEEPING
514,A000000,00700,00000,0700MEDICAL SUPPLIES
514,A000000,00800,00000,0800OTHER OVERHEAD
514,A000000,00900,00000,0900PROCUREMENT COORDINATORS
514,A000000,01000,00000,1000PROFESSIONAL EDUCATION
514,A000000,01100,00000,1100PUBLIC EDUCATION
514,A000000,01200,00000,1200OTHER ACQUISITION
514,A000000,01201,00000,1201NO GO COSTS
514,A000000,01300,00000,1300KIDNEY ACQUISITIONS
514,A000000,01400,00000,1400TISSUE TYPING LABORATORY
514,A000000,01500,00000,1500LIVER ACQUISITIONS
514,A000000,01600,00000,1600HEART ACQUISITIONS
514,A000000,01700,00000,1700PANCREAS ACQUISITIONS
514,A000000,01800,00000,1800LUNG ACQUISITIONS
514,A000000,01900,00000,1900INTESTINE
514,A000000,01901,00000,1901VCA
514,A000000,02100,00000,2100RESEARCH
514,A000000,02200,00000,2200BLOOD BANK
514,A000000,02300,00000,2300LABORATORY-NON-TISSUE TYPING
514,A000000,02400,00000,2400DIALYSIS UNITS
514,A000000,02500,00000,2500OTHER NON-REIMBURSABLE
514,A000000,02501,00000,2501TISSUE PROCUREMENT
514,A000000,02502,00000,2502IOPO FOUNDATION
514,A000000,02503,00000,2503ARC RENTAL SPACE
514,A100000,01700,00000,QUALITY
514,A100000,01800,00000,OTHER
514,A20H000,00900,00000,ALL OTHER EXCISION HOSPITAL
514,A20H000,02100,00000,ALL OTHER ACQUISITION COSTS
514,A20K000,00900,00000,ADDITIONAL EXCISION COSTS
514,A20K000,02100,00000,OTHER ACQUISITION COST
514,A20L000,00900,00000,ALL OTHER EXCISION HOSPITAL
514,A20L000,02100,00000,ALL OTHER ACQUISITION COSTS
514,A20O000,00900,00000,ALL OTHER EXCISION HOSPITAL
514,A20O000,02100,00000,ALL OTHER ACQUISITION COSTS
514,A20P000,00900,00000,ALL OTHER EXCISION HOSPITAL
514,A20P000,02100,00000,ALL OTHER ACQUISITION COSTS
514,A20U000,00900,00000,ALL OTHER EXCISION HOSPITAL
514,A20U000,02100,00000,ALL OTHER ACQUISITION COSTS
514,A400010,00100,00000,MEDICAL DIRECTOR
514,A400010,00100,00100,A
514,A400010,00100,00200,PROCUREMENT COORDINATORS
514,A400010,00100,00500,ADMINISTRATIVE & GENERAL
514,A400010,00200,00000,ADMIN & GENERAL EE BENEFIT COSTS
514,A400010,00200,00100,B
514,A400010,00200,00200,ADMINISTRATIVE & GENERAL
514,A400010,00200,00500,EMPLOYEE BENEFITS
514,A400010,00300,00000,TISSUE OVERHEAD ALLOCATION
514,A400010,00300,00100,C
514,A400010,00300,00200,TISSUE PROCUREMENT
514,A400010,00300,00500,PUBLIC EDUCATION
514,A400010,00400,00000,TISSUE OVERHEAD ALLOCATION
514,A400010,00400,00100,C
514,A400010,00400,00500,OTHER ACQUISITION
514,A400010,00500,00000,DONATION COORDINATOR TISSUE TIME REC
514,A400010,00500,00100,D
514,A400010,00500,00200,TISSUE PROCUREMENT
514,A400010,00500,00500,PROCUREMENT COORDINATORS
514,A400010,00600,00000,ADMIN & GENERAL OCCUPANCY COST
514,A400010,00600,00100,E
514,A400010,00600,00200,ADMINISTRATIVE & GENERAL
514,A400010,00600,00500,CAPITAL COSTS-BLDG & FIXT
514,A400010,00700,00000,ADMIN & GENERAL OCCUPANCY COST
514,A400010,00700,00100,E
514,A400010,00700,00500,CAPITAL COSTS-MVBLE EQUIPMENT
514,A400010,00800,00000,ADMIN & GENERAL OCCUPANCY COST
514,A400010,00800,00100,E
514,A400010,00800,00500,OPERATION AND MAINTENANCE OF PLANT
514,A400010,00900,00000,VITAL LINK SALARY RECLASS
514,A400010,00900,00100,F
514,A400010,00900,00200,PROCUREMENT COORDINATORS
514,A400010,00900,00500,TISSUE PROCUREMENT
514,A400010,01000,00000,ARC LEASED SPACE DEPR RECLASS
514,A400010,01000,00100,G
514,A400010,01000,00200,ARC RENTAL SPACE
514,A400010,01000,00500,CAPITAL COSTS-BLDG & FIXT
514,A400010,01100,00000,ARC LEASED SPACE DEPR RECLASS
514,A400010,01100,00100,G
514,A400010,01100,00500,OPERATION AND MAINTENANCE OF PLANT
514,A400010,01200,00000,MOVEABLE EQUIPMENT DEPR RECLASS
514,A400010,01200,00100,H
514,A400010,01200,00200,CAPITAL COSTS-MVBLE EQUIPMENT
514,A400010,01200,00500,CAPITAL COSTS-BLDG & FIXT
514,A400010,01300,00000,MOVEABLE EQUIPMENT DEPR RECLASS
514,A400010,01300,00100,H
514,A400010,01300,00200,ADMINISTRATIVE & GENERAL
514,A400010,01400,00000,MINOR CAPITAL COST RECLASS
514,A400010,01400,00100,J
514,A400010,01400,00200,ADMINISTRATIVE & GENERAL
514,A400010,01400,00500,CAPITAL COSTS-MVBLE EQUIPMENT
514,A400010,01500,00000,SUPPLY CHAIN RECLASS
514,A400010,01500,00100,K
514,A400010,01500,00200,PROCUREMENT COORDINATORS
514,A400010,01500,00500,TISSUE PROCUREMENT
514,A400010,01600,00000,3750 BLDG LEASED SPACE RECLASS
514,A400010,01600,00100,L
514,A400010,01600,00200,ARC RENTAL SPACE
514,A400010,01600,00500,CAPITAL COSTS-BLDG & FIXT
514,A400010,01700,00000,3750 BLDG LEASED SPACE RECLASS
514,A400010,01700,00100,L
514,A400010,01700,00500,OPERATION AND MAINTENANCE OF PLANT
514,A500010,00200,00100,B
514,A500010,00200,00300,ADMINISTRATIVE & GENERAL
514,A500010,00800,00100,B
514,A500010,00800,00300,PROCUREMENT COORDINATORS
514,A500010,01100,00100,B
514,A500010,01100,00300,TISSUE PROCUREMENT
514,A500010,01500,00000,AOPO LOBBYING
514,A500010,01500,00100,A
514,A500010,01500,00300,ADMINISTRATIVE & GENERAL
514,A500010,01601,00000,MEDICARE NON REIMBURSIBLE
514,A500010,01601,00100,A
514,A500010,01601,00300,PROCUREMENT COORDINATORS
514,A500010,01602,00000,VITAL LINK CALL CENTER REFERRAL REV
514,A500010,01602,00100,B
514,A500010,01602,00300,TISSUE PROCUREMENT
514,A500010,01603,00000,LIVING KIDNEY REIMBURSEMENT
514,A500010,01603,00100,B
514,A500010,01603,00300,PROCUREMENT COORDINATORS
514,A500010,01604,00000,FUNERAL HOME CHARGES - TISSUE
514,A500010,01604,00100,A
514,A500010,01604,00300,TISSUE PROCUREMENT
514,A500010,01611,00000,COURIER SERVICE REVENUE
514,A500010,01611,00100,B
514,A500010,01611,00300,PROCUREMENT COORDINATORS
514,A500010,01620,00000,DLI MGMT FEE REVENUE
514,A500010,01620,00100,B
514,A500010,01620,00300,PUBLIC EDUCATION
514,A500010,01625,00000,TO REMOVE NON-ALLOWABLE DTSL EXPENSE
514,A500010,01625,00100,A
514,A500010,01625,00300,PUBLIC EDUCATION
514,A500010,01630,00000,TO REMOVE NON-ALLOWABLE SPONSORSHIP
514,A500010,01630,00100,A
514,A500010,01630,00300,PUBLIC EDUCATION
514,A51000A,00100,00100,Y
514,A51000B,00100,00200,PROCUREMENT COORDINATORS
514,A51000B,00100,00300,NLW TRANS EXPENSE
514,A51000B,00200,00200,KIDNEY ACQUISITIONS
514,A51000B,00200,00300,NLW TRANS EXPENSE
514,A51000B,00300,00200,LIVER ACQUISITIONS
514,A51000B,00300,00300,NLW TRANS EXPENSE
514,A51000B,00400,00200,HEART ACQUISITIONS
514,A51000B,00400,00300,NLW TRANS EXPENSE
514,A51000B,00401,00200,PANCREAS ACQUISITIONS
514,A51000B,00401,00300,NLW TRANS EXPENSE
514,A51000B,00402,00200,LUNG ACQUISITIONS
514,A51000B,00402,00300,NLW TRANS EXPENSE
514,A51000B,00403,00200,INTESTINE
514,A51000B,00403,00300,NLW TRANS EXPENSE
514,A51000C,00100,00100,C
514,A51000C,00100,00400,NLW  INC
514,A51000C,00100,00600,AIR TRANSPORTATION
514,A51000C,00200,00100,C
514,A51000C,00200,00400,INDIANA DONOR NETWORK FOUNDATION
514,A51000C,00200,00600,FOUNDATION
514,A60000A,00700,00000,BUILDING IMPROVEMENTS
514,A60000A,00701,00000,FIXED ASSET HOLDING
514,A60000A,00702,00000,AIRPLANE
514,A60000B,00800,00000,FIXED ASSET HOLDING
514,A60000B,00801,00000,AIRPLANE
514,A60000C,00500,00100,Y
514,B10000*,00100,00200,CAP BLDG
514,B10000*,00100,00300,CAP COSTS
514,B10000*,00100,00400,EMPLOYEE
514,B10000*,00100,00500,MEDICAL
514,B10000*,00100,00800,ORGAN
514,B10000*,00100,01000,ADMIN &
514,B10000*,00200,00200,OP PLANT &
514,B10000*,00200,00300,MOVABLE
514,B10000*,00200,00400,BENEFITS
514,B10000*,00200,00500,SUPPLIES
514,B10000*,00200,00800,ACQUISITN
514,B10000*,00200,01000,GENERAL
514,B10000*,00300,00200,HOUSEKEEP
514,B10000*,00300,00300,EQUIPMENT
514,B10000*,00300,00800,COSTS
514,B10000*,00400,00200,SQUARE
514,B10000*,00400,00300,DOLLAR
514,B10000*,00400,00400,ADJUST
514,B10000*,00400,00500,COSTED
514,B10000*,00400,00800,NUMBER
514,B10000*,00400,01000,ACCUM
514,B10000*,00500,00200,FEET
514,B10000*,00500,00300,VALUE
514,B10000*,00500,00400,SALARIES
514,B10000*,00500,00500,REQUISIT
514,B10000*,00500,00800,ORGANS
514,B10000*,00500,01000,COSTS
514,B10000*,00600,00200,1
514,B10000*,00600,00300,2
514,B10000*,00600,00400,3
514,B10000*,00600,00500,3
514,B10000*,00600,00800,3
514,B10000*,00600,01000,3
514,B100000,00000,01000,X
514,E000000,00900,00000,DUE FROM THIRD PARTY
514,E000000,02600,00000,ADDITIONAL FIXED ASSETS
514,E000000,03900,00000,THIRD-PARTY SETTLEMENT
514,E000000,04100,00000,OTHER
514,E000000,04600,00000,LONG TERM DEBT
514,E100001,00700,00000,PROCUREMENT REVENUE
514,E100001,00800,00000,AIR AND GROUND TRANSPORTATION
514,E100001,00900,00000,OTHER
514,E100002,00300,00000,TXJET
514,E100002,00400,00000,FOUNDATION DISTRIB
514,E100002,00500,00000,WS A VARIANCE
514,E100002,00800,00000,INTERCOMPANY ELIMINATIONS
514,E100002,00900,00000,ROUNDING
514,E200000,01500,00000,REALIZED & UNREALIZED GAIN ON INVEST
514,E200000,02600,00000,REALIZED & UNREALIZED LOSS ON INVEST
514,E200000,02700,00000,ROUNDING
514,S000000,00100,00100,X
514,S000000,00400,00100,2
514,S000000,00500,00100,05/06/2022
514,S000000,00600,00100,10001
514,S000000,00700,00100,N
514,S000000,00800,00100,N
514,S000000,00900,00100,09/18/2023
514,S000000,01000,00100,4
514,S000001,00100,00100,INDIANA ORGAN PROCUREMENT ORG
514,S000001,00100,00200,15P001
514,S000001,00101,00100,3760 GUION ROAD
514,S000001,00102,00100,INDIANAPOLIS
514,S000001,00102,00200,IN
514,S000001,00102,00300,46222
514,S000001,00300,00100,01/01/2021
514,S000001,00300,00200,12/31/2021
514,S000001,00400,00100,6
514,S000001,00400,00300,1
514,S000001,00400,00400,04/01/1988
514,S000001,00401,00300,1
514,S000002,00100,00200,Y
514,S000002,00300,00100,CHIEF EXECUTIVE OFFICER
514,S000002,00400,00100,05/05/2022
514,S100001,00700,00100,N
514,S100001,00810,00000,OTHER\VEIN
514,S100001,00811,00000,INTESTINE
514,S100001,00812,00000,VCA
514,S100003,00100,00100,MEDICAL DIRECTOR
514,S100003,00100,00300,MEDICAL DIRECTOR
514,S100003,00100,00500,LAB DIRECTOR
514,S100003,00101,00100,EXEC. DIRECTOR
514,S100003,00101,00300,PROCUREMENT COORDINATOR
514,S100003,00101,00500,TECHNICIANS
514,S100003,00102,00100,CLERICAL
514,S100003,00102,00300,PRESERVATION TECHNICIANS
514,S100003,00102,00500,TISSUE TYPING TECH.
514,S100003,00103,00100,OTHER
514,S100003,00103,00300,OTHER
514,S100003,00103,00500,OTHER
514,S200000,00100,00100,N
514,S200000,00200,00100,N
514,S200000,00300,00100,Y
514,S200000,00400,00100,Y
514,S200000,00400,00200,A
514,S200000,00500,00100,Y
514,S200000,00600,00300,FINANCIAL CONTROLLER
514,S200000,00700,00100,INDIANA DONOR NETWORK
515,A000000,00100,00000,0100CAPITAL COSTS-BLDG & FIXT
515,A000000,00200,00000,0200CAPITAL COSTS-MVBLE EQUIPMENT
515,A000000,00300,00000,0300EMPLOYEE BENEFITS
515,A000000,00400,00000,0400ADMINISTRATIVE & GENERAL
515,A000000,00500,00000,0500OPERATION AND MAINTENANCE OF PLANT
515,A000000,00600,00000,0600HOUSEKEEPING
515,A000000,00700,00000,0700MEDICAL SUPPLIES
515,A000000,00800,00000,0800OTHER OVERHEAD
515,A000000,00900,00000,0900PROCUREMENT COORDINATORS
515,A000000,01000,00000,1000PROFESSIONAL EDUCATION
515,A000000,01100,00000,1100PUBLIC EDUCATION
515,A000000,01200,00000,1200OTHER ACQUISITION
515,A000000,01300,00000,1300KIDNEY ACQUISITIONS
515,A000000,01400,00000,1400TISSUE TYPING LABORATORY
515,A000000,01500,00000,1500LIVER ACQUISITIONS
515,A000000,01600,00000,1600HEART ACQUISITIONS
515,A000000,01700,00000,1700PANCREAS ACQUISITIONS
515,A000000,01800,00000,1800LUNG ACQUISITIONS
515,A000000,01900,00000,1900OTHER ACQUISITIONS
515,A000000,02100,00000,2100RESEARCH
515,A000000,02200,00000,2200BLOOD BANK
515,A000000,02300,00000,2300LABORATORY-NON-TISSUE TYPING
515,A000000,02400,00000,2400DIALYSIS UNITS
515,A000000,02500,00000,2500TISSUE
515,A100000,01700,00000,COMPUTERS AND RELATED EQUIPMENT
515,A100000,01800,00000,OFFICE EQUIPMENT
515,A100000,01900,00000,DUES AND SUBSCRIPTIONS
515,A100000,01901,00000,CONTRACT SERVICES
515,A100000,01902,00000,QUALITY ASSURANCE
515,A100000,01903,00000,MOVING AND STORAGE EXPENSE
515,A100000,01904,00000,PAYROLL COSTS
515,A100000,01905,00000,NON IDN EXPENSES
515,A100000,01906,00000,OTHER EXPENSE
515,A100000,01907,00000,FUNDRAISING
515,A100000,01908,00000,RECRUITING
515,A100000,01909,00000,EMPLOYMENT EXPENSE
515,A100000,01910,00000,NON-REIMBURSABLE EXPENSE
515,A20H000,00900,00000,CASE RATES
515,A20H000,02100,00000,OTHER ACQUISITION COSTS
515,A20K000,00900,00000,CASE RATES
515,A20K000,02100,00000,KIDNEY PUMP EXPENSE
515,A20L000,00900,00000,CASE RATES
515,A20L000,02100,00000,OTHER ACQUISITION COSTS
515,A20O000,00900,00000,CASE RATES
515,A20O000,02100,00000,OTHER DONOR COSTS
515,A20O000,02101,00000,OTHER COSTS
515,A20P000,00900,00000,CASE RATES
515,A20P000,02100,00000,OTHER ACQUISITION COSTS
515,A20U000,00900,00000,CASE RATES
515,A20U000,02100,00000,OTHER ACQUISITION COSTS
515,A400010,00100,00000,BENEFIT RECLASS
515,A400010,00100,00100,A
515,A400010,00100,00200,ADMINISTRATIVE & GENERAL
515,A400010,00100,00500,EMPLOYEE BENEFITS
515,A400010,00200,00000,RENT
515,A400010,00200,00100,B
515,A400010,00200,00200,CAPITAL COSTS-MVBLE EQUIPMENT
515,A400010,00200,00500,ADMINISTRATIVE & GENERAL
515,A400010,00300,00000,TISSUE ALLOCATION
515,A400010,00300,00100,C
515,A400010,00300,00200,TISSUE
515,A400010,00300,00500,PROCUREMENT COORDINATORS
515,A400010,00400,00000,TISSUE ALLOCATION
515,A400010,00400,00100,C
515,A400010,00400,00500,PROFESSIONAL EDUCATION
515,A400010,00500,00000,TISSUE ALLOCATION
515,A400010,00500,00100,C
515,A400010,00500,00500,PUBLIC EDUCATION
515,A400010,00600,00000,A&G OCCUPANCY COST RECLASS
515,A400010,00600,00100,D
515,A400010,00600,00200,ADMINISTRATIVE & GENERAL
515,A400010,00600,00500,CAPITAL COSTS-BLDG & FIXT
515,A400010,00700,00000,A&G OCCUPANCY COST RECLASS
515,A400010,00700,00100,D
515,A400010,00700,00500,CAPITAL COSTS-MVBLE EQUIPMENT
515,A400010,00800,00000,A&G OCCUPANCY COST RECLASS
515,A400010,00800,00100,D
515,A400010,00800,00500,OPERATION AND MAINTENANCE OF PLANT
515,A400010,00900,00000,A&G OCCUPANCY COST RECLASS
515,A400010,00900,00100,D
515,A400010,00900,00500,HOUSEKEEPING
515,A400010,01000,00000,SPS
515,A400010,01000,00100,E
515,A400010,01000,00200,KIDNEY ACQUISITIONS
515,A400010,01000,00500,MEDICAL SUPPLIES
515,A400010,01100,00000,SPS
515,A400010,01100,00100,E
515,A400010,01100,00200,LIVER ACQUISITIONS
515,A400010,01200,00000,SPS
515,A400010,01200,00100,E
515,A400010,01200,00200,PANCREAS ACQUISITIONS
515,A500010,00200,00100,B
515,A500010,00200,00300,ADMINISTRATIVE & GENERAL
515,A500010,00700,00100,B
515,A500010,00700,00300,CAPITAL COSTS-BLDG & FIXT
515,A500010,00800,00100,B
515,A500010,00800,00300,PROCUREMENT COORDINATORS
515,A500010,01200,00100,B
515,A500010,01200,00300,CAPITAL COSTS-BLDG & FIXT
515,A500010,01500,00000,LOBBYING
515,A500010,01500,00100,A
515,A500010,01500,00300,ADMINISTRATIVE & GENERAL
515,A500010,01501,00000,LOBBYING PORTION OF AOPO DUES
515,A500010,01501,00100,A
515,A500010,01501,00300,PROCUREMENT COORDINATORS
515,A500010,01600,00000,EXPENSES FOR NON-IDN EMPLOYEES
515,A500010,01600,00100,A
515,A500010,01600,00300,PROFESSIONAL EDUCATION
515,A500010,01601,00000,FUNDRAISING COSTS
515,A500010,01601,00100,A
515,A500010,01601,00300,ADMINISTRATIVE & GENERAL
515,A500010,01602,00000,UW EXTERNAL IMPORT SERVICE
515,A500010,01602,00100,B
515,A500010,01602,00300,PROCUREMENT COORDINATORS
515,A500010,01608,00000,COMM CTR REFERRAL CALL REIMBURSEMENT
515,A500010,01608,00100,B
515,A500010,01608,00300,PROCUREMENT COORDINATORS
515,A500010,01609,00000,CONTRIBUTIONS
515,A500010,01609,00100,B
515,A500010,01609,00300,ADMINISTRATIVE & GENERAL
515,A500010,01611,00000,CEU REVENUE
515,A500010,01611,00100,B
515,A500010,01611,00300,TISSUE
515,A500010,01615,00000,MISC REVENUE
515,A500010,01615,00100,B
515,A500010,01615,00300,ADMINISTRATIVE & GENERAL
515,A500010,01616,00000,LIVER IMPORT EXPENSE GROSS UP
515,A500010,01616,00100,A
515,A500010,01616,00300,LIVER ACQUISITIONS
515,A500010,01617,00000,HEART IMPORT EXPENSE GROSS UP
515,A500010,01617,00100,A
515,A500010,01617,00300,HEART ACQUISITIONS
515,A500010,01618,00000,PANCREAS IMPORT EXPENSE GROSS UP
515,A500010,01618,00100,A
515,A500010,01618,00300,PANCREAS ACQUISITIONS
515,A500010,01619,00000,LUNG(S) IMPORT EXPENSE GROSS UP
515,A500010,01619,00100,A
515,A500010,01619,00300,LUNG ACQUISITIONS
515,A500010,01624,00000,MISC REVENUE = KPR
515,A500010,01624,00100,B
515,A500010,01624,00300,KIDNEY ACQUISITIONS
515,A500010,01628,00000,SEROLOGY\NANO COOLER REBATES
515,A500010,01628,00100,B
515,A500010,01628,00300,TISSUE
515,A500010,01629,00000,EMBALMING PATHOLOGY REVENUE
515,A500010,01629,00100,B
515,A500010,01629,00300,TISSUE
515,A500010,01630,00000,IDLE SPACE
515,A500010,01630,00100,A
515,A500010,01630,00300,CAPITAL COSTS-BLDG & FIXT
515,A500010,01631,00000,IDLE SPACE
515,A500010,01631,00100,A
515,A500010,01631,00300,OPERATION AND MAINTENANCE OF PLANT
515,A51000A,00100,00100,N
515,A60000A,00700,00000,SOFTWARE
515,A60000A,00701,00000,LEASEHOLD IMPROVEMENTS
515,A60000A,00702,00000,EQUIPMENT
515,A60000A,00703,00000,MEDICAL WORK ROOM EQUIPMENT
515,A60000A,00704,00000,FURNITURE
515,A60000A,00705,00000,BUILDING IMPROVEMENTS
515,A60000B,00800,00000,SOFTWARE
515,A60000B,00801,00000,LEASEHOLD IMPROVEMENTS
515,A60000B,00802,00000,EQUIPMENT
515,A60000B,00803,00000,MEDICAL WORK ROOM EQUIPMENT
515,A60000B,00804,00000,FURNITURE
515,A60000C,00500,00100,N
515,B10000*,00100,00200,CAP BLDG
515,B10000*,00100,00300,CAP COSTS
515,B10000*,00100,00400,EMPLOYEE
515,B10000*,00100,00500,MEDICAL
515,B10000*,00100,00800,ORGAN
515,B10000*,00100,01000,ADMIN &
515,B10000*,00200,00200,OP PLANT &
515,B10000*,00200,00300,MOVABLE
515,B10000*,00200,00400,BENEFITS
515,B10000*,00200,00500,SUPPLIES
515,B10000*,00200,00800,ACQUISITN
515,B10000*,00200,01000,GENERAL
515,B10000*,00300,00200,HOUSEKEEP
515,B10000*,00300,00300,EQUIPMENT
515,B10000*,00300,00800,COSTS
515,B10000*,00400,00200,SQUARE
515,B10000*,00400,00300,DOLLAR
515,B10000*,00400,00400,ADJUST
515,B10000*,00400,00500,COSTED
515,B10000*,00400,00800,NUMBER
515,B10000*,00400,01000,ACCUM
515,B10000*,00500,00200,FEET
515,B10000*,00500,00300,VALUE
515,B10000*,00500,00400,SALARIES
515,B10000*,00500,00500,REQUISIT
515,B10000*,00500,00800,ORGANS
515,B10000*,00500,01000,COSTS
515,B10000*,00600,00200,1
515,B10000*,00600,00300,2
515,B10000*,00600,00400,3
515,B10000*,00600,00500,3
515,B10000*,00600,00800,3
515,B10000*,00600,01000,3
515,B100000,00000,01000,X
515,E000000,00900,00000,OTHER CURRENT ASSETS
515,E000000,02600,00000,OTHER FIXED ASSETS
515,E000000,03100,00000,INTEREST IN ALLOSOURCE
515,E000000,03900,00000,ACCRUED EXPENSES
515,E000000,04100,00000,CURRENT MATURITIES OF LONG TERM DEBT
515,E000000,04600,00000,UNAMORTIZED DEBT ISSUANCE COSTS
515,E100001,00800,00000,ORGAN PROCUREMENT REVENUE
515,E100001,00900,00000,TISSUE PROCUREMENT REVENUE
515,E100002,00800,00000,FUNDRAISING EXPENSES
515,E100002,00900,00000,INTEREST EXPENSE
515,E100002,01000,00000,FUNDRAISING DIRECT BENENFIT
515,E200000,01500,00000,MISC INCOME
515,E200000,01600,00000,RENT INCOME
515,E200000,01700,00000,GRANT REVENUE
515,E200000,01800,00000,CHANGE IN INTEREST FROM INVSTMT ALLO
515,E200000,01900,00000,SPECIAL EVENTS REVENUE
515,E200000,02000,00000,GAIN ON LOAN EXINGUISHMENT
515,E200000,02100,00000,NET ASSETS RELEASED FROM RESTRICTION
515,E200000,02200,00000,RESTRICT CONTRIBUTIONS\GRANTS
515,E200000,02600,00000,CHNAGE IN NET ASSETS OF ALLOSOURCE
515,E200000,02700,00000,FUNDRAISING EXPENSE
515,E200000,02701,00000,INTEREST EXPENSE
515,E200000,02702,00000,LOSS ON DISPOSAL OF ASSETS
515,S000000,00100,00100,X
515,S000000,00400,00100,2
515,S000000,00500,00100,05/12/2022
515,S000000,00600,00100,10001
515,S000000,00700,00100,N
515,S000000,00800,00100,N
515,S000000,00900,00100,09/18/2023
515,S000000,01000,00100,4
515,S000001,00100,00100,IOWA DONOR NETWORK
515,S000001,00100,00200,16P001
515,S000001,00101,00100,550 MADISON AVENUE N
515,S000001,00102,00100,NORTH LIBERTY
515,S000001,00102,00200,IA
515,S000001,00102,00300,52317
515,S000001,00300,00100,01/01/2021
515,S000001,00300,00200,12/31/2021
515,S000001,00400,00100,6
515,S000001,00400,00300,1
515,S000001,00400,00400,03/01/1994
515,S000001,00401,00300,1
515,S000002,00100,00200,Y
515,S000002,00300,00100,CEO
515,S000002,00400,00100,05/11/2022
515,S100001,00700,00100,N
515,S100001,00810,00000,INTESTINE
515,S100001,00811,00000,VEIN
515,S100001,00812,00000,OTHER TISSUE
515,S100003,00100,00100,MEDICAL DIRECTOR
515,S100003,00100,00300,MEDICAL DIRECTOR
515,S100003,00100,00500,LAB DIRECTOR
515,S100003,00101,00100,EXEC. DIRECTOR
515,S100003,00101,00300,PROCUREMENT COORDINATOR
515,S100003,00101,00500,TECHNICIANS
515,S100003,00102,00100,CLERICAL
515,S100003,00102,00300,PRESERVATION TECHNICIANS
515,S100003,00102,00500,TISSUE TYPING TECH.
515,S100003,00103,00100,OTHER
515,S100003,00103,00300,OTHER
515,S100003,00103,00500,OTHER
515,S200000,00100,00100,N
515,S200000,00200,00100,N
515,S200000,00300,00100,N
515,S200000,00400,00100,Y
515,S200000,00400,00200,A
515,S200000,00500,00100,Y
515,S200000,00600,00300,MANAGER OF FINANCE
515,S200000,00700,00100,IOWA DONOR NETWORK
516,A000000,00100,00000,0100CAPITAL COSTS-BLDG & FIXT
516,A000000,00200,00000,0200CAPITAL COSTS-MVBLE EQUIPMENT
516,A000000,00300,00000,0300EMPLOYEE BENEFITS
516,A000000,00400,00000,0400ADMINISTRATIVE & GENERAL
516,A000000,00500,00000,0500OPERATION AND MAINTENANCE OF PLANT
516,A000000,00600,00000,0600HOUSEKEEPING
516,A000000,00700,00000,0700MEDICAL SUPPLIES
516,A000000,00800,00000,0800OTHER OVERHEAD
516,A000000,00900,00000,0900PROCUREMENT COORDINATORS
516,A000000,01000,00000,1000PROFESSIONAL EDUCATION
516,A000000,01100,00000,1100PUBLIC EDUCATION
516,A000000,01200,00000,1200OTHER ACQUISITION
516,A000000,01300,00000,1300KIDNEY ACQUISITIONS
516,A000000,01400,00000,1400TISSUE TYPING LABORATORY
516,A000000,01500,00000,1500LIVER ACQUISITIONS
516,A000000,01600,00000,1600HEART ACQUISITIONS
516,A000000,01700,00000,1700PANCREAS ACQUISITIONS
516,A000000,01800,00000,1800LUNG ACQUISITIONS
516,A000000,01900,00000,1900OTHER ACQUISITIONS
516,A000000,02100,00000,2100RESEARCH
516,A000000,02200,00000,2200BLOOD BANK
516,A000000,02300,00000,2300LABORATORY-NON-TISSUE TYPING
516,A000000,02400,00000,2400DIALYSIS UNITS
516,A000000,02500,00000,2500OTHER NON-REIMBURSABLE
516,A100000,01700,00000,LICENSES AND FEES
516,A100000,01800,00000,INDIRECT COSTS
516,A100000,01900,00000,MOVING EXPENSE
516,A300000,00600,00000,REAGENTS AND LAB SUPPLIES
516,A300000,00700,00000,NON-CAPITAL EQUIPMENT
516,A500010,01500,00000,TEST INCOME
516,A500010,01500,00100,B
516,A500010,01500,00300,TISSUE TYPING LABORATORY
516,A500010,01600,00000,OVERHEAD ADJUSTMENT PER PRIOR YEAR
516,A500010,01600,00100,A
516,A500010,01600,00300,ADMINISTRATIVE & GENERAL
516,A51000A,00100,00100,N
516,A60000C,00500,00100,N
516,B10000*,00100,00200,CAP BLDG
516,B10000*,00100,00300,CAP COSTS
516,B10000*,00100,00400,EMPLOYEE
516,B10000*,00100,00500,MEDICAL
516,B10000*,00100,00800,ORGAN
516,B10000*,00100,01000,ADMIN &
516,B10000*,00200,00200,OP PLANT &
516,B10000*,00200,00300,MOVABLE
516,B10000*,00200,00400,BENEFITS
516,B10000*,00200,00500,SUPPLIES
516,B10000*,00200,00800,ACQUISITN
516,B10000*,00200,01000,GENERAL
516,B10000*,00300,00200,HOUSEKEEP
516,B10000*,00300,00300,EQUIPMENT
516,B10000*,00300,00800,COSTS
516,B10000*,00400,00200,SQUARE
516,B10000*,00400,00300,DOLLAR
516,B10000*,00400,00400,ADJUST
516,B10000*,00400,00500,COSTED
516,B10000*,00400,00800,NUMBER
516,B10000*,00400,01000,ACCUM
516,B10000*,00500,00200,FEET
516,B10000*,00500,00300,VALUE
516,B10000*,00500,00400,SALARIES
516,B10000*,00500,00500,REQUISIT
516,B10000*,00500,00800,ORGANS
516,B10000*,00500,01000,COSTS
516,B10000*,00600,00200,1
516,B10000*,00600,00300,2
516,B10000*,00600,00400,3
516,B10000*,00600,00500,3
516,B10000*,00600,00800,3
516,B10000*,00600,01000,3
516,B100000,00000,01000,X
516,S000000,00100,00100,X
516,S000000,00400,00100,2
516,S000000,00500,00100,05/10/2022
516,S000000,00600,00100,10001
516,S000000,00700,00100,N
516,S000000,00800,00100,N
516,S000000,00900,00100,09/18/2023
516,S000000,01000,00100,4
516,S000001,00100,00100,ALBANY MED COLLEGE TRANSPLANT IMMUNO
516,S000001,00100,00200,33HL05
516,S000001,00101,00100,47 NEW SCOTLAND AVE
516,S000001,00101,00200,MAIL CODE 122
516,S000001,00102,00100,ALBANY
516,S000001,00102,00200,NY
516,S000001,00102,00300,12208
516,S000001,00300,00100,01/01/2021
516,S000001,00300,00200,12/31/2021
516,S000001,00400,00100,6
516,S000001,00400,00300,2
516,S000001,00400,00400,02/26/1986
516,S000001,00401,00300,1
516,S000002,00100,00200,Y
516,S000002,00300,00100,LABORATORY DIRECTOR
516,S000002,00400,00100,05/10/2022
516,S100001,00700,00100,N
516,S100001,00810,00000,OTHER
516,S100002,00400,00100,LUMINEX CLASS I&II AB SCREEN
516,S100002,00401,00100,LUMINEX SINGLE AG CLASS I AB ID
516,S100002,00402,00100,LUMINEX SINGLE AG CLASS II AB ID
516,S100002,00403,00100,B-CELL X-MATCH  RELATED 1ST
516,S100002,00404,00100,B-CELL X-MATCH  CADAVER 1ST
516,S100002,00405,00100,T-CELL X-MATCH  RELATED  1ST XM
516,S100002,00406,00100,T-CELL X-MATCH  CADAVER  1ST
516,S100002,00407,00100,FLOW X-MATCH  DECEASED
516,S100002,00408,00100,FLOW X-MATCH  LIVING DONOR
516,S100002,00409,00100,FLOW X-MATCH  LIVING DONOR  ADD SERA
516,S100002,00410,00100,FLOW X-MATCH  DECEASED  ADD SERA
516,S100002,00411,00100,HLA TYPING  SEROLOGY  CADAVER DONOR
516,S100002,00412,00100,DR TYPING  SEROLOGY  CADAVER DONOR
516,S100002,00413,00100,DNA CAD DONOR HLA-A B C DR DQ
516,S100002,00414,00100,DNA LIVE DONOR HLA-A B C DR DQ
516,S100002,00415,00100,DNA PATIENT HLA-A B C DR DQ
516,S100003,00100,00100,MEDICAL DIRECTOR
516,S100003,00100,00300,MEDICAL DIRECTOR
516,S100003,00100,00500,LAB DIRECTOR
516,S100003,00101,00100,EXEC. DIRECTOR
516,S100003,00101,00300,PROCUREMENT COORDINATOR
516,S100003,00101,00500,TECHNICIANS
516,S100003,00102,00100,CLERICAL
516,S100003,00102,00300,PRESERVATION TECHNICIANS
516,S100003,00102,00500,TISSUE TYPING TECH.
516,S100003,00103,00100,OTHER
516,S100003,00103,00300,OTHER
516,S100003,00103,00500,OTHER
516,S200000,00100,00100,N
516,S200000,00200,00100,N
516,S200000,00300,00100,N
516,S200000,00400,00100,N
516,S200000,00500,00100,N
516,S200000,00600,00300,LAB DIRECTOR
516,S200000,00700,00100,ALBANY MEDICAL COLLEGE
517,A000000,00100,00000,0100CAPITAL COSTS-BLDG & FIXT
517,A000000,00200,00000,0200CAPITAL COSTS-MVBLE EQUIPMENT
517,A000000,00300,00000,0300EMPLOYEE BENEFITS
517,A000000,00400,00000,0400ADMINISTRATIVE & GENERAL
517,A000000,00500,00000,0500OPERATION AND MAINTENANCE OF PLANT
517,A000000,00600,00000,0600HOUSEKEEPING
517,A000000,00700,00000,0700MEDICAL SUPPLIES
517,A000000,00800,00000,0800OTHER OVERHEAD
517,A000000,00900,00000,0900PROCUREMENT COORDINATORS
517,A000000,01000,00000,1000PROFESSIONAL EDUCATION
517,A000000,01100,00000,1100PUBLIC EDUCATION
517,A000000,01200,00000,1200OTHER ACQUISITION
517,A000000,01300,00000,1300KIDNEY ACQUISITIONS
517,A000000,01400,00000,1400TISSUE TYPING LABORATORY
517,A000000,01500,00000,1500LIVER ACQUISITIONS
517,A000000,01600,00000,1600HEART ACQUISITIONS
517,A000000,01700,00000,1700PANCREAS ACQUISITIONS
517,A000000,01800,00000,1800LUNG ACQUISITIONS
517,A000000,01900,00000,1900OTHER ACQUISITIONS
517,A000000,02100,00000,2100RESEARCH
517,A000000,02200,00000,2200BLOOD BANK
517,A000000,02300,00000,2300LABORATORY-NON-TISSUE TYPING
517,A000000,02400,00000,2400DIALYSIS UNITS
517,A000000,02500,00000,2500OTHER NON-REIMBURSABLE
517,A300000,00600,00000,FREIGHT
517,A300000,00700,00000,PURCHASED SERVICE
517,A500010,01501,00000,GAIN/LOSS ON SALE OF ASSETS
517,A500010,01501,00100,A
517,A500010,01501,00300,CAPITAL COSTS-MVBLE EQUIPMENT
517,A500010,01600,00000,OTHER OPERATING REVENUE
517,A500010,01600,00100,B
517,A500010,01600,00300,ADMINISTRATIVE & GENERAL
517,A51000A,00100,00100,Y
517,A51000B,00100,00200,ADMINISTRATIVE & GENERAL
517,A51000B,00100,00300,ADMINISTRATIVE
517,A51000C,00100,00100,B
517,A51000C,00100,00400,SANFORD
517,A51000C,00100,00600,HOME OFFICE
517,A60000C,00500,00100,N
517,B10000*,00100,00200,CAP BLDG
517,B10000*,00100,00300,CAP COSTS
517,B10000*,00100,00400,EMPLOYEE
517,B10000*,00100,00500,MEDICAL
517,B10000*,00100,00800,ORGAN
517,B10000*,00100,01000,ADMIN &
517,B10000*,00200,00200,OP PLANT &
517,B10000*,00200,00300,MOVABLE
517,B10000*,00200,00400,BENEFITS
517,B10000*,00200,00500,SUPPLIES
517,B10000*,00200,00800,ACQUISITN
517,B10000*,00200,01000,GENERAL
517,B10000*,00300,00200,HOUSEKEEP
517,B10000*,00300,00300,EQUIPMENT
517,B10000*,00300,00800,COSTS
517,B10000*,00400,00200,SQUARE
517,B10000*,00400,00300,DOLLAR
517,B10000*,00400,00400,ADJUST
517,B10000*,00400,00500,COSTED
517,B10000*,00400,00800,NUMBER
517,B10000*,00400,01000,ACCUM
517,B10000*,00500,00200,FEET
517,B10000*,00500,00300,VALUE
517,B10000*,00500,00400,SALARIES
517,B10000*,00500,00500,REQUISIT
517,B10000*,00500,00800,ORGANS
517,B10000*,00500,01000,COSTS
517,B10000*,00600,00200,1
517,B10000*,00600,00300,2
517,B10000*,00600,00400,3
517,B10000*,00600,00500,3
517,B10000*,00600,00800,3
517,B10000*,00600,01000,3
517,B100000,00000,01000,X
517,E000000,00900,00000,OTHER CURRENT ASSETS
517,E000000,02600,00000,OTHER FIXED ASSETS
517,E200000,02000,00000,OTHER OPERATING REVENUE
517,E200000,02100,00000,GAIN/LOSS ON SALE OF FIXED ASSETS
517,S000000,00100,00100,X
517,S000000,00400,00100,2
517,S000000,00500,00100,05/13/2022
517,S000000,00600,00100,10001
517,S000000,00700,00100,N
517,S000000,00800,00100,N
517,S000000,00900,00100,09/18/2023
517,S000000,01000,00100,4
517,S000001,00100,00100,SANFORD HISTOCOMPATABILITY LAB
517,S000001,00100,00200,35HL02
517,S000001,00101,00100,737 BROADWAY
517,S000001,00102,00100,FARGO
517,S000001,00102,00200,ND
517,S000001,00102,00300,58122
517,S000001,00300,00100,01/01/2021
517,S000001,00300,00200,12/31/2021
517,S000001,00400,00100,6
517,S000001,00400,00300,2
517,S000001,00400,00400,11/27/2000
517,S000001,00401,00300,1
517,S000002,00100,00200,Y
517,S000002,00300,00100,PRESIDENT & CEO
517,S000002,00400,00100,05/13/2022
517,S100001,00700,00100,N
517,S100001,00810,00000,OTHER
517,S100002,00400,00100,HLA B27 TYPING
517,S100002,00401,00100,HLA-A B C TYPING
517,S100002,00402,00100,HLA CLASS I MOLECULAR TYPING
517,S100002,00403,00100,HLA CLASS II MOLECULAR TYPING
517,S100002,00404,00100,HLA DR  DQ SINGLE LOCUS TYPING
517,S100002,00405,00100,HLA CLASS II DP TYPING
517,S100002,00406,00100,FLOW CROSSMATCH ALLO OR AUTO ONLY
517,S100002,00407,00100,FLOW CROSSMATCH ALL + AUTO
517,S100002,00408,00100,SINGLE ANTIGEN CLASS 1
517,S100002,00409,00100,SINGLE ANTIGEN CLASS II
517,S100003,00100,00100,MEDICAL DIRECTOR
517,S100003,00100,00300,MEDICAL DIRECTOR
517,S100003,00100,00500,LAB DIRECTOR
517,S100003,00101,00100,EXEC. DIRECTOR
517,S100003,00101,00300,PROCUREMENT COORDINATOR
517,S100003,00101,00500,TECHNICIANS
517,S100003,00102,00100,CLERICAL
517,S100003,00102,00300,PRESERVATION TECHNICIANS
517,S100003,00102,00500,TISSUE TYPING TECH.
517,S100003,00103,00100,OTHER
517,S100003,00103,00300,OTHER
517,S100003,00103,00500,OTHER
517,S200000,00100,00100,N
517,S200000,00200,00100,N
517,S200000,00300,00100,Y
517,S200000,00400,00100,Y
517,S200000,00400,00200,A
517,S200000,00500,00100,N
517,S200000,00600,00300,DIRECTOR OF REIMBURSEMENT
517,S200000,00700,00100,SANFORD
518,A000000,00100,00000,0100CAPITAL COSTS-BLDG & FIXT
518,A000000,00200,00000,0200CAPITAL COSTS-MVBLE EQUIPMENT
518,A000000,00300,00000,0300EMPLOYEE BENEFITS
518,A000000,00400,00000,0400ADMINISTRATIVE & GENERAL
518,A000000,00500,00000,0500OPERATION AND MAINTENANCE OF PLANT
518,A000000,00600,00000,0600HOUSEKEEPING
518,A000000,00700,00000,0700MEDICAL SUPPLIES
518,A000000,00800,00000,0800OTHER OVERHEAD
518,A000000,00900,00000,0900PROCUREMENT COORDINATORS
518,A000000,01000,00000,1000PROFESSIONAL EDUCATION
518,A000000,01100,00000,1100PUBLIC EDUCATION
518,A000000,01200,00000,1200OTHER ACQUISITION
518,A000000,01300,00000,1300KIDNEY ACQUISITIONS
518,A000000,01400,00000,1400TISSUE TYPING LABORATORY
518,A000000,01500,00000,1500LIVER ACQUISITIONS
518,A000000,01600,00000,1600HEART ACQUISITIONS
518,A000000,01700,00000,1700PANCREAS ACQUISITIONS
518,A000000,01800,00000,1800LUNG ACQUISITIONS
518,A000000,01900,00000,1900OTHER ACQUISITIONS 2
518,A000000,01901,00000,1901OTHER ACQUISITIONS 3
518,A000000,01902,00000,1902OTHER ACQUISITIONS 4
518,A000000,01903,00000,1903OTHER ACQUISITIONS 4
518,A000000,02100,00000,2100RESEARCH
518,A000000,02200,00000,2200BLOOD BANK
518,A000000,02300,00000,2300LABORATORY-NON-TISSUE TYPING
518,A000000,02400,00000,2400DIALYSIS UNITS
518,A000000,02500,00000,2500OTHER NON-REIMBURSABLE
518,A100000,01700,00000,TECHNICAL STAFF
518,A100000,01800,00000,OTHER OUTSIDE SERVICES
518,A100000,01900,00000,FACILITY COSTS
518,A100000,01901,00000,OTHER PEOPLE COSTS
518,A100000,01902,00000,OTHER FINANCIAL EXPENSE
518,A20O000,02100,00000,OTHER ACQUISITIONS 1
518,A20O001,02100,00000,OTHER ACQUISITIONS 2
518,A20O002,02100,00000,OTHER ACQUISITIONS 3
518,A20O003,02100,00000,OTHER ACQUISITIONS 4
518,A300000,00600,00000,TECH ASSISTANTS
518,A300000,00700,00000,LAB SUPPLIES
518,A300000,00900,00000,EQUIPMENT COSTS
518,A300000,01000,00000,FREIGHT
518,A300000,01001,00000,TELEPHONE
518,A300000,01002,00000,LICENSES/FEES
518,A300000,01003,00000,OTHER PEOPLE COSTS
518,A300000,01004,00000,LIABILITY INSURANCE
518,A300000,01005,00000,OTHER OUTSIDE SERVICES
518,A300000,01006,00000,BOOKS AND SUBSCRIPTIONS
518,A300000,01007,00000,ELECTRCITY
518,A400010,00100,00000,RENT
518,A400010,00100,00100,A
518,A400010,00100,00200,CAPITAL COSTS-BLDG & FIXT
518,A400010,00100,00500,ADMINISTRATIVE & GENERAL
518,A400010,00200,00000,DEPRECIATION
518,A400010,00200,00100,B
518,A400010,00200,00200,CAPITAL COSTS-BLDG & FIXT
518,A400010,00200,00500,ADMINISTRATIVE & GENERAL
518,A400010,00300,00000,JANITORIAL SERVICE
518,A400010,00300,00100,C
518,A400010,00300,00200,CAPITAL COSTS-BLDG & FIXT
518,A400010,00300,00500,ADMINISTRATIVE & GENERAL
518,A500010,00100,00100,A
518,A500010,00100,00300,TISSUE TYPING LABORATORY
518,A500010,01200,00100,B
518,A500010,01200,00300,ADMINISTRATIVE & GENERAL
518,A500010,01500,00000,SE DISCOUNTS
518,A500010,01500,00100,A
518,A500010,01500,00300,ADMINISTRATIVE & GENERAL
518,A500010,01502,00000,NTS CLIN LAB
518,A500010,01502,00100,A
518,A500010,01502,00300,LABORATORY-NON-TISSUE TYPING
518,A51000A,00100,00100,N
518,A60000C,00500,00100,N
518,B10000*,00100,00200,CAP BLDG
518,B10000*,00100,00300,CAP COSTS
518,B10000*,00100,00400,EMPLOYEE
518,B10000*,00100,00500,MEDICAL
518,B10000*,00100,00800,ORGAN
518,B10000*,00100,01000,ADMIN &
518,B10000*,00200,00200,OP PLANT &
518,B10000*,00200,00300,MOVABLE
518,B10000*,00200,00400,BENEFITS
518,B10000*,00200,00500,SUPPLIES
518,B10000*,00200,00800,ACQUISITN
518,B10000*,00200,01000,GENERAL
518,B10000*,00300,00200,HOUSEKEEP
518,B10000*,00300,00300,EQUIPMENT
518,B10000*,00300,00800,COSTS
518,B10000*,00400,00200,SQUARE
518,B10000*,00400,00300,DOLLAR
518,B10000*,00400,00400,ADJUST
518,B10000*,00400,00500,COSTED
518,B10000*,00400,00800,NUMBER
518,B10000*,00400,01000,ACCUM
518,B10000*,00500,00200,FEET
518,B10000*,00500,00300,VALUE
518,B10000*,00500,00400,SALARIES
518,B10000*,00500,00500,REQUISIT
518,B10000*,00500,00800,ORGANS
518,B10000*,00500,01000,COSTS
518,B10000*,00600,00200,1
518,B10000*,00600,00300,2
518,B10000*,00600,00400,3
518,B10000*,00600,00500,3
518,B10000*,00600,00800,3
518,B10000*,00600,01000,3
518,B100000,00000,01000,X
518,E000000,00900,00000,ROUNDING
518,E000000,02600,00000,OTHER FIXED ASSETS
518,E000000,03900,00000,ROUNDING
518,E000000,04100,00000,OTHER FEES/TAXES PAYABLE
518,E200000,02000,00000,ROUNDING
518,E200000,02600,00000,OTHER EXPENSES (ROUNDING)
518,S000000,00100,00100,X
518,S000000,00400,00100,2
518,S000000,00500,00100,05/03/2022
518,S000000,00600,00100,10001
518,S000000,00700,00100,N
518,S000000,00800,00100,N
518,S000000,00900,00100,09/18/2023
518,S000000,01000,00100,4
518,S000001,00100,00100,SOUTHWEST IMMUNODIAGNOSTICS  INC.
518,S000001,00100,00200,45HL04
518,S000001,00101,00100,8122 DATAPOINT #912
518,S000001,00102,00100,SAN ANTONIO
518,S000001,00102,00200,TX
518,S000001,00102,00300,78229
518,S000001,00300,00100,01/01/2021
518,S000001,00300,00200,12/31/2021
518,S000001,00400,00100,2
518,S000001,00400,00300,2
518,S000001,00400,00400,02/07/1985
518,S000001,00401,00300,1
518,S000002,00100,00200,Y
518,S000002,00300,00100,DIRECTOR OF ACCOUNTING
518,S000002,00400,00100,04/29/2022
518,S100001,00700,00100,N
518,S100001,00810,00000,OTHER
518,S100002,00400,00100,HLA-DRB3  4  5 (LOW RESOLUTION)
518,S100002,00401,00100,BLOOD TYPING  ABO ONLY
518,S100002,00402,00100,AUTOCROSSMATCH
518,S100002,00403,00100,HLA-B DNA (LOW RESOLUTION)
518,S100002,00404,00100,HLA-DR: DNA SSP
518,S100002,00405,00100,HLA-DD: SSP CLASS I
518,S100002,00406,00100,HLA-DD: DNA CLASS II
518,S100002,00407,00100,ABO ISOAGGLUTIN ANTIBODY TITER
518,S100002,00408,00100,FLOW CROSSMATCH
518,S100002,00409,00100,FLOW CROSSMATCH (STAT)
518,S100002,00410,00100,ANTIBODY SCREEN BY FLOW
518,S100002,00411,00100,ANTIBODY SPECIFICITY CLASS I
518,S100002,00412,00100,ANTIBODY SPECIFICITY CLASS II
518,S100002,00413,00100,ABO ISOAGGLUTIN ANTIBODY TITER (STAT
518,S100002,00414,00100,HLA-A  B  C DNA (LOW RESOLUTION)
518,S100002,00416,00100,AHG-ABO TITER
518,S100002,00417,00100,HLA-DP TYPING
518,S100002,00418,00100,FLOW CROSSMATCH W/ TITER
518,S100002,00419,00100,ANTIBODY SPECIFICITY CLASS I (STAT)
518,S100002,00420,00100,ANTIBODY SPECIFICITY CLASS II (STAT)
518,S100002,00421,00100,CELL ISOLATION AND FREEZE
518,S100002,00422,00100,ABO BLOOD GROUP: MOLECULAR
518,S100002,00424,00100,ABO BLOOD GROUP: MOLECULAR (STAT)
518,S100002,00425,00100,LD SERUM FREEZE
518,S100003,00100,00100,MEDICAL DIRECTOR
518,S100003,00100,00300,MEDICAL DIRECTOR
518,S100003,00100,00500,LAB DIRECTOR
518,S100003,00101,00100,EXEC. DIRECTOR
518,S100003,00101,00300,PROCUREMENT COORDINATOR
518,S100003,00101,00500,TECHNICIANS
518,S100003,00102,00100,CLERICAL
518,S100003,00102,00300,PRESERVATION TECHNICIANS
518,S100003,00102,00500,TISSUE TYPING TECH.
518,S100003,00103,00100,OTHER
518,S100003,00103,00300,OTHER
518,S100003,00103,00500,OTHER
518,S200000,00100,00100,N
518,S200000,00200,00100,N
518,S200000,00300,00100,N
518,S200000,00400,00100,Y
518,S200000,00400,00200,C
518,S200000,00500,00100,N
518,S200000,00600,00300,DIRECTOR OF ACCOUNTING
518,S200000,00700,00100,SOUTHWEST IMMUNODIAGNOSTICS  INC.
519,A000000,00100,00000,0100CAPITAL COSTS-BLDG & FIXT
519,A000000,00200,00000,0200CAPITAL COSTS-MVBLE EQUIPMENT
519,A000000,00300,00000,0300EMPLOYEE BENEFITS
519,A000000,00400,00000,0400ADMINISTRATIVE & GENERAL
519,A000000,00500,00000,0500OPERATION AND MAINTENANCE OF PLANT
519,A000000,00600,00000,0600HOUSEKEEPING
519,A000000,00700,00000,0700MEDICAL SUPPLIES
519,A000000,00800,00000,0800OTHER OVERHEAD
519,A000000,00900,00000,0900PROCUREMENT COORDINATORS
519,A000000,01000,00000,1000PROFESSIONAL EDUCATION
519,A000000,01100,00000,1100PUBLIC EDUCATION
519,A000000,01200,00000,1200OTHER ACQUISITION
519,A000000,01300,00000,1300KIDNEY ACQUISITIONS
519,A000000,01400,00000,1400TISSUE TYPING LABORATORY
519,A000000,01500,00000,1500LIVER ACQUISITIONS
519,A000000,01600,00000,1600HEART ACQUISITIONS
519,A000000,01700,00000,1700PANCREAS ACQUISITIONS
519,A000000,01800,00000,1800LUNG ACQUISITIONS
519,A000000,01900,00000,1900OTHER ACQUISITIONS
519,A000000,02100,00000,2100RESEARCH
519,A000000,02200,00000,2200BLOOD BANK
519,A000000,02300,00000,2300LABORATORY-NON-TISSUE TYPING
519,A000000,02400,00000,2400DIALYSIS UNITS
519,A000000,02500,00000,2500OTHER NON-REIMBURSABLE
519,A100000,01700,00000,A&G OTHER
519,A300000,00900,00000,CLERICAL
519,A300000,01000,00000,ADMINISTRATIVE
519,A300000,01001,00000,MEDICAL SUPPLIES
519,A500010,01200,00100,A
519,A500010,01200,00300,CAPITAL COSTS-MVBLE EQUIPMENT
519,A500010,01500,00000,OTHER INCOME
519,A500010,01500,00100,B
519,A500010,01500,00300,TISSUE TYPING LABORATORY
519,A51000A,00100,00100,Y
519,A51000B,00100,00200,ADMINISTRATIVE & GENERAL
519,A51000B,00100,00300,MANAGEMENT SVCS
519,A51000C,00100,00000,HEALTHCARE ORGANIZATION
519,A51000C,00100,00100,G
519,A51000C,00100,00200,ALLOGEN LABORATORIES
519,A51000C,00100,00400,CLEVELAND CLINIC
519,A51000C,00100,00600,CLEVELAND CLINIC
519,A51000C,10000,00200,HEALTHCARE ORGANIZATION
519,A60000C,00500,00100,N
519,B10000*,00100,00200,CAP BLDG
519,B10000*,00100,00300,CAP COSTS
519,B10000*,00100,00400,EMPLOYEE
519,B10000*,00100,00500,MEDICAL
519,B10000*,00100,00800,ORGAN
519,B10000*,00100,01000,ADMIN &
519,B10000*,00200,00200,OP PLANT &
519,B10000*,00200,00300,MOVABLE
519,B10000*,00200,00400,BENEFITS
519,B10000*,00200,00500,SUPPLIES
519,B10000*,00200,00800,ACQUISITN
519,B10000*,00200,01000,GENERAL
519,B10000*,00300,00200,HOUSEKEEP
519,B10000*,00300,00300,EQUIPMENT
519,B10000*,00300,00800,COSTS
519,B10000*,00400,00200,SQUARE
519,B10000*,00400,00300,DOLLAR
519,B10000*,00400,00400,ADJUST
519,B10000*,00400,00500,COSTED
519,B10000*,00400,00800,NUMBER
519,B10000*,00400,01000,ACCUM
519,B10000*,00500,00200,FEET
519,B10000*,00500,00300,VALUE
519,B10000*,00500,00400,SALARIES
519,B10000*,00500,00500,REQUISIT
519,B10000*,00500,00800,ORGANS
519,B10000*,00500,01000,COSTS
519,B10000*,00600,00200,1
519,B10000*,00600,00300,2
519,B10000*,00600,00400,3
519,B10000*,00600,00500,3
519,B10000*,00600,00800,3
519,B10000*,00600,01000,3
519,B100000,00000,01000,X
519,E000000,00900,00000,OTHER CURRENT ASSETS
519,E000000,02600,00000,AD-CIP & BUDGET ACCRLS-CY
519,E200000,01500,00000,INTEREST INCOME
519,S000000,00100,00100,X
519,S000000,00400,00100,2
519,S000000,00500,00100,05/24/2022
519,S000000,00600,00100,10001
519,S000000,00700,00100,N
519,S000000,00800,00100,N
519,S000000,00900,00100,10/10/2023
519,S000000,01000,00100,4
519,S000001,00100,00100,CC MEDICAL SVC. INC. DBA ALLOGEN LAB
519,S000001,00100,00200,36HL07
519,S000001,00101,00100,105254 EUCLID AVENUE  C100
519,S000001,00102,00100,CLEVELAND
519,S000001,00102,00200,OH
519,S000001,00102,00300,44106
519,S000001,00300,00100,01/01/2021
519,S000001,00300,00200,12/31/2021
519,S000001,00400,00100,6
519,S000001,00400,00300,2
519,S000001,00400,00400,07/22/2011
519,S000001,00401,00300,1
519,S000002,00100,00200,Y
519,S000002,00300,00100,CHEIF ACCOUNTING OFFICER
519,S000002,00400,00100,05/20/2022
519,S100001,00700,00100,N
519,S100001,00810,00000,OTHER
519,S100002,00400,00100,AB ID & VPRA ? CLASS I LUMINEX ? C1
519,S100002,00401,00100,AB ID & VPRA ? CLASS II LUMINEX ? C
519,S100002,00402,00100,AB PRA FLOW
519,S100002,00403,00100,AT1R ANTIBODY DETERMINATION (PER SA
519,S100002,00404,00100,CELLS PROCESSING AND STORAGE
519,S100002,00405,00100,CHIMERISMTESTING?STR
519,S100002,00406,00100,CLASS I LUMINEX PHENOTYPE BEADS
519,S100002,00407,00100,CLASS II LUMINEX PHENOTYPE BEADS
519,S100002,00408,00100,HLA?A   B TYPING
519,S100002,00409,00100,HLA?A B CW DR DQ DRB345 ? RSSOP
519,S100002,00410,00100,HLA?A B CW DR DQ DRW TYPING ? DECEA
519,S100002,00411,00100,NON?BMT?HLA?A B CW DR DQ DP  DRB345
519,S100002,00413,00100,SERUM PROCESSING AND STORAGE
519,S100002,00414,00100,SPECIMEN ACQUISITION?KIT?DAILY TEST
519,S100002,00416,00100,STAT/AFTER?HOURSREQUEST
519,S100002,00417,00100,XM T & B FLOW ALLO? ADDITIONAL SERU
519,S100002,00418,00100,XM T&B FLOW ALLO ? DECEASED DONOR
519,S100002,00419,00100,XM VIRTUAL?SINGLE INDIVIDUAL
519,S100003,00100,00100,MEDICAL DIRECTOR
519,S100003,00100,00300,MEDICAL DIRECTOR
519,S100003,00100,00500,LAB DIRECTOR
519,S100003,00101,00100,EXEC. DIRECTOR
519,S100003,00101,00300,PROCUREMENT COORDINATOR
519,S100003,00101,00500,TECHNICIANS
519,S100003,00102,00100,CLERICAL
519,S100003,00102,00300,PRESERVATION TECHNICIANS
519,S100003,00102,00500,TISSUE TYPING TECH.
519,S100003,00103,00100,OTHER
519,S100003,00103,00300,OTHER
519,S100003,00103,00500,OTHER
519,S200000,00100,00100,N
519,S200000,00200,00100,N
519,S200000,00300,00100,Y
519,S200000,00400,00100,Y
519,S200000,00400,00200,A
519,S200000,00500,00100,Y
519,S200000,00600,00300,SENIOR DIRECTOR REVENUE & REIMBURSEM
519,S200000,00700,00100,CLEVELAND CLINIC
520,A000000,00100,00000,0100CAPITAL COSTS-BLDG & FIXT
520,A000000,00200,00000,0200CAPITAL COSTS-MVBLE EQUIPMENT
520,A000000,00300,00000,0300EMPLOYEE BENEFITS
520,A000000,00400,00000,0400ADMINISTRATIVE & GENERAL
520,A000000,00500,00000,0500OPERATION AND MAINTENANCE OF PLANT
520,A000000,00600,00000,0600HOUSEKEEPING
520,A000000,00700,00000,0700MEDICAL SUPPLIES
520,A000000,00800,00000,0800OTHER OVERHEAD
520,A000000,00900,00000,0900PROCUREMENT COORDINATORS
520,A000000,01000,00000,1000PROFESSIONAL EDUCATION
520,A000000,01100,00000,1100PUBLIC EDUCATION
520,A000000,01200,00000,1200FAMILY SERVICES
520,A000000,01201,00000,1201QUALITY SYSTEMS
520,A000000,01202,00000,1202POTENTIAL DONOR COSTS
520,A000000,01300,00000,1300KIDNEY ACQUISITIONS
520,A000000,01400,00000,1400TISSUE TYPING LABORATORY
520,A000000,01500,00000,1500LIVER ACQUISITIONS
520,A000000,01600,00000,1600HEART ACQUISITIONS
520,A000000,01700,00000,1700PANCREAS ACQUISITIONS
520,A000000,01800,00000,1800LUNG ACQUISITIONS
520,A000000,01900,00000,1900OTHER ACQUISITIONS
520,A000000,02100,00000,2100RESEARCH
520,A000000,02200,00000,2200BLOOD BANK
520,A000000,02300,00000,2300LABORATORY-NON-TISSUE TYPING
520,A000000,02400,00000,2400DIALYSIS UNITS
520,A000000,02500,00000,2500OTHER NON-REIMBURSABLE
520,A100000,01700,00000,SMALL EQUIPMENT
520,A20H000,00900,00000,OTHER EXCISION COSTS
520,A20H000,00901,00000,STANDARDIZED CASE RATES
520,A20H000,02100,00000,OTHER ACQUISITON COSTS
520,A20K000,00900,00000,OTHER EXCISION COSTS
520,A20K000,00901,00000,STANDARDIZED CASE RATE
520,A20K000,02100,00000,OTHER ACQUISITON COSTS
520,A20L000,00900,00000,OTHER EXCISION COSTS
520,A20L000,00901,00000,STANDARDIZED CASE RATE
520,A20L000,02100,00000,OTHER ACQUISITION COSTS
520,A20O000,00901,00000,STANDARDIZED CASE RATE
520,A20O000,02100,00000,OTHER ACQUISITION COSTS
520,A20P000,00900,00000,OTHER EXCISION COSTS
520,A20P000,00901,00000,STANDARDIZED CASE RATE
520,A20P000,02100,00000,OTHER ACQUISITION COSTS
520,A20U000,00900,00000,OTHER EXCISION COSTS
520,A20U000,00901,00000,STANDARDIZED CASE RATE
520,A20U000,02100,00000,OTHER ACQUISITION COSTS
520,A400010,00100,00000,RECLASSIFICATIONS
520,A400010,00100,00100,A
520,A400010,00100,00200,OTHER NON-REIMBURSABLE
520,A400010,00100,00500,PROCUREMENT COORDINATORS
520,A400010,00200,00000,RECLASSIFICATIONS
520,A400010,00200,00100,A
520,A400010,00200,00200,OTHER NON-REIMBURSABLE
520,A400010,00200,00500,PROFESSIONAL EDUCATION
520,A400010,00300,00000,RECLASSIFICATIONS
520,A400010,00300,00100,A
520,A400010,00300,00200,OTHER NON-REIMBURSABLE
520,A400010,00300,00500,PUBLIC EDUCATION
520,A400010,00400,00000,RECLASSIFICATIONS
520,A400010,00400,00100,A
520,A400010,00400,00200,OTHER NON-REIMBURSABLE
520,A400010,00400,00500,FAMILY SERVICES
520,A400010,00500,00000,RECLASSIFICATIONS
520,A400010,00500,00100,A
520,A400010,00500,00200,OTHER NON-REIMBURSABLE
520,A400010,00500,00500,QUALITY SYSTEMS
520,A400010,00600,00000,RECLASSIFICATIONS
520,A400010,00600,00100,A
520,A400010,00600,00200,PROCUREMENT COORDINATORS
520,A400010,00600,00500,OTHER NON-REIMBURSABLE
520,A400010,00700,00000,RECLASSIFICATIONS
520,A400010,00700,00100,A
520,A400010,00700,00200,OTHER NON-REIMBURSABLE
520,A400010,00700,00500,PROCUREMENT COORDINATORS
520,A400010,00800,00000,DEFAULT
520,A400010,00800,00100,B
520,A400010,00800,00200,OTHER NON-REIMBURSABLE
520,A400010,00800,00500,PROCUREMENT COORDINATORS
520,A500010,00800,00100,B
520,A500010,00800,00300,PROCUREMENT COORDINATORS
520,A500010,01100,00100,B
520,A500010,01100,00300,MEDICAL SUPPLIES
520,A500010,01500,00000,COST OF MEALS OTHER THAN PERSONNEL
520,A500010,01500,00100,A
520,A500010,01500,00300,PROFESSIONAL EDUCATION
520,A500010,01501,00000,TRAVEL NOT RELATED TO PATIENT CARE
520,A500010,01501,00100,A
520,A500010,01501,00300,PROFESSIONAL EDUCATION
520,A500010,01502,00000,ENTERTAINMENT
520,A500010,01502,00100,A
520,A500010,01502,00300,PROFESSIONAL EDUCATION
520,A500010,01503,00000,GIFTS AND DONATIONS
520,A500010,01503,00100,A
520,A500010,01503,00300,PROFESSIONAL EDUCATION
520,A500010,01504,00000,COST OF MEALS OTHER THAN PERSONNEL
520,A500010,01504,00100,A
520,A500010,01504,00300,PUBLIC EDUCATION
520,A500010,01505,00000,EMPLOYEE TRAVEL
520,A500010,01505,00100,A
520,A500010,01505,00300,PUBLIC EDUCATION
520,A500010,01506,00000,ENTERTAINMENT
520,A500010,01506,00100,A
520,A500010,01506,00300,PUBLIC EDUCATION
520,A500010,01507,00000,COST OF MEALS OTHER THAN PERSONNEL
520,A500010,01507,00100,A
520,A500010,01507,00300,FAMILY SERVICES
520,A500010,01508,00000,TRAVEL NOT RELATED TO PATIENT CARE
520,A500010,01508,00100,A
520,A500010,01508,00300,FAMILY SERVICES
520,A500010,01509,00000,ENTERTAINMENT
520,A500010,01509,00100,A
520,A500010,01509,00300,FAMILY SERVICES
520,A500010,01510,00000,GIFTS AND DONATIONS
520,A500010,01510,00100,A
520,A500010,01510,00300,FAMILY SERVICES
520,A500010,01511,00000,COST OF MEALS OTHER THAN PERSONNEL
520,A500010,01511,00100,A
520,A500010,01511,00300,QUALITY SYSTEMS
520,A500010,01512,00000,TRAVEL NOT RELATED TO PATIENT CARE
520,A500010,01512,00100,A
520,A500010,01512,00300,QUALITY SYSTEMS
520,A500010,01513,00000,ENTERTAINMENT
520,A500010,01513,00100,A
520,A500010,01513,00300,QUALITY SYSTEMS
520,A500010,01514,00000,TRAVEL NOT RELATED TO PATIENT CARE
520,A500010,01514,00100,A
520,A500010,01514,00300,EMPLOYEE BENEFITS
520,A500010,01515,00000,TRAVEL NOT RELATED TO PATIENT CARE
520,A500010,01515,00100,A
520,A500010,01515,00300,ADMINISTRATIVE & GENERAL
520,A500010,01516,00000,ALCOHOL
520,A500010,01516,00100,A
520,A500010,01516,00300,ADMINISTRATIVE & GENERAL
520,A500010,01517,00000,COST OF MEALS OTHER THAN PERSONNEL
520,A500010,01517,00100,A
520,A500010,01517,00300,ADMINISTRATIVE & GENERAL
520,A500010,01518,00000,ENTERTAINMENT
520,A500010,01518,00100,A
520,A500010,01518,00300,ADMINISTRATIVE & GENERAL
520,A500010,01519,00000,UNALLOWABLE COSTS
520,A500010,01519,00100,A
520,A500010,01519,00300,ADMINISTRATIVE & GENERAL
520,A500010,01520,00000,GIFTS AND DONATIONS
520,A500010,01520,00100,A
520,A500010,01520,00300,ADMINISTRATIVE & GENERAL
520,A500010,01521,00000,TRAVEL NOT RELATED TO PATIENT CARE
520,A500010,01521,00100,A
520,A500010,01521,00300,PROCUREMENT COORDINATORS
520,A500010,01522,00000,ENTERTAINMENT
520,A500010,01522,00100,A
520,A500010,01522,00300,PROCUREMENT COORDINATORS
520,A500010,01523,00000,COST OF MEALS OTHER THAN PERSONNEL
520,A500010,01523,00100,A
520,A500010,01523,00300,OTHER NON-REIMBURSABLE
520,A500010,01524,00000,TRAVEL NOT RELATED TO PATIENT CARE
520,A500010,01524,00100,A
520,A500010,01524,00300,OTHER NON-REIMBURSABLE
520,A500010,01525,00000,ENTERTAINMENT
520,A500010,01525,00100,A
520,A500010,01525,00300,OTHER NON-REIMBURSABLE
520,A500010,01526,00000,TISSUE TRANSPORTATION REIMBURSEMENT
520,A500010,01526,00100,B
520,A500010,01526,00300,OTHER NON-REIMBURSABLE
520,A500010,01527,00000,ORGAN FUNERAL HOME
520,A500010,01527,00100,A
520,A500010,01527,00300,PROCUREMENT COORDINATORS
520,A500010,01528,00000,LOBBYING EXPENSE
520,A500010,01528,00100,A
520,A500010,01528,00300,ADMINISTRATIVE & GENERAL
520,A500010,01529,00000,GROSS UP HEART
520,A500010,01529,00100,A
520,A500010,01529,00300,HEART ACQUISITIONS
520,A500010,01530,00000,GROSS UP LUNG
520,A500010,01530,00100,A
520,A500010,01530,00300,LUNG ACQUISITIONS
520,A500010,01531,00000,AVIATION TRANSPORT REVENUE
520,A500010,01531,00100,A
520,A500010,01531,00300,PANCREAS ACQUISITIONS
520,A500010,01600,00000,GROSS UP SMALL BOWEL
520,A500010,01600,00100,A
520,A500010,01600,00300,OTHER ACQUISITIONS
520,A51000A,00100,00100,N
520,A60000A,00700,00000,LEASEHOLD IMPROVEMENTS
520,A60000B,00800,00000,LEASEHOLD IMPROVEMENTS
520,A60000C,00500,00100,N
520,B10000*,00100,00200,CAP BLDG
520,B10000*,00100,00300,CAP COSTS
520,B10000*,00100,00400,EMPLOYEE
520,B10000*,00100,00500,MEDICAL
520,B10000*,00100,00800,ORGAN
520,B10000*,00100,01000,ADMIN &
520,B10000*,00200,00200,OP PLANT &
520,B10000*,00200,00300,MOVABLE
520,B10000*,00200,00400,BENEFITS
520,B10000*,00200,00500,SUPPLIES
520,B10000*,00200,00800,ACQUISITN
520,B10000*,00200,01000,GENERAL
520,B10000*,00300,00200,HOUSEKEEP
520,B10000*,00300,00300,EQUIPMENT
520,B10000*,00300,00800,COSTS
520,B10000*,00400,00200,SQUARE
520,B10000*,00400,00300,DOLLAR
520,B10000*,00400,00400,ADJUST
520,B10000*,00400,00500,COSTED
520,B10000*,00400,00800,NUMBER
520,B10000*,00400,01000,ACCUM
520,B10000*,00500,00200,FEET
520,B10000*,00500,00300,VALUE
520,B10000*,00500,00400,SALARIES
520,B10000*,00500,00500,REQUISIT
520,B10000*,00500,00800,ORGANS
520,B10000*,00500,01000,COSTS
520,B10000*,00600,00200,1
520,B10000*,00600,00300,2
520,B10000*,00600,00400,3
520,B10000*,00600,00500,3
520,B10000*,00600,00800,3
520,B10000*,00600,01000,3
520,B100000,00000,01000,X
520,E000000,00900,00000,OTHER CURRENT ASSETS
520,E000000,02600,00000,CONSTRUCTION IN PROGRESS
520,E000000,03900,00000,EMPLOYEE EXPENSE PAYABLE
520,E000000,04100,00000,ACCRUED EXPENSES
520,E000000,04600,00000,RETAINAGE PAYABLE
520,E100001,00700,00000,TISSUE PROCUREMENT REVENUE
520,E100001,00800,00000,CORNEA REVENUE
520,E200000,01500,00000,GAIN ON SALE OF FIXED ASSETS
520,E200000,01600,00000,FLYOUT REVENUE
520,E200000,01700,00000,MIDSOUTH TRIAGE
520,E200000,01800,00000,MISCELLANEOUS INCOME
520,E200000,01900,00000,DMV LICENSE PLATES
520,E200000,02000,00000,DONATIONS MEMORIAL
520,E200000,02100,00000,PPP GRANT
520,E200000,02600,00000,MISCELLANEOUS INCOME
520,E200000,02700,00000,MEDICARE REIMBURSEMENT
520,S000000,00100,00100,X
520,S000000,00400,00100,2
520,S000000,00500,00100,06/01/2022
520,S000000,00600,00100,10001
520,S000000,00700,00100,N
520,S000000,00800,00100,N
520,S000000,00900,00100,10/12/2023
520,S000000,01000,00100,4
520,S000001,00100,00100,ARKANSAS REGIONAL ORGAN RECOVERY AGE
520,S000001,00100,00200,04P001
520,S000001,00101,00100,1701 ALDERSGATE ROAD  SUITE 4
520,S000001,00102,00100,LITTLE ROCK
520,S000001,00102,00200,AR
520,S000001,00102,00300,72205
520,S000001,00300,00100,01/01/2021
520,S000001,00300,00200,12/31/2021
520,S000001,00400,00100,6
520,S000001,00400,00300,1
520,S000001,00400,00400,05/01/1987
520,S000001,00401,00300,1
520,S000002,00100,00200,Y
520,S000002,00300,00100,DIRECTOR OF FINANCE
520,S000002,00400,00100,05/31/2022
520,S100001,00700,00100,N
520,S100001,00810,00000,SMALL BOWEL
520,S100001,00811,00000,AORTIC VALVES
520,S100001,00812,00000,DESCENDING THORASIC AORTIC
520,S100001,00813,00000,VEINS/ARTERIES
520,S100001,00814,00000,SPECIALTY GRAFTS
520,S100001,00815,00000,OTHER
520,S100003,00100,00100,MEDICAL DIRECTOR
520,S100003,00100,00300,MEDICAL DIRECTOR
520,S100003,00100,00500,LAB DIRECTOR
520,S100003,00101,00100,EXEC. DIRECTOR
520,S100003,00101,00300,PROCUREMENT COORDINATOR
520,S100003,00101,00500,TECHNICIANS
520,S100003,00102,00100,CLERICAL
520,S100003,00102,00300,PRESERVATION TECHNICIANS
520,S100003,00102,00500,TISSUE TYPING TECH.
520,S100003,00103,00100,DONATION DEVELOPMENT
520,S100003,00103,00300,FAMILY SERVICES
520,S100003,00103,00500,OTHER
520,S100003,00104,00100,TISSUE
520,S200000,00100,00100,N
520,S200000,00200,00100,N
520,S200000,00300,00100,N
520,S200000,00400,00100,Y
520,S200000,00400,00200,A
520,S200000,00400,00300,07/01/2022
520,S200000,00500,00100,N
520,S200000,00600,00300,DIRECTOR OF FINANCE
520,S200000,00700,00100,AR REGIONAL ORGAN RECOVERY AGECNY
521,A000000,00100,00000,0100CAPITAL COSTS-BLDG & FIXT
521,A000000,00200,00000,0200CAPITAL COSTS-MVBLE EQUIPMENT
521,A000000,00300,00000,0300EMPLOYEE BENEFITS
521,A000000,00400,00000,0400ADMINISTRATIVE & GENERAL
521,A000000,00500,00000,0500OPERATION AND MAINTENANCE OF PLANT
521,A000000,00600,00000,0600HOUSEKEEPING
521,A000000,00700,00000,0700MEDICAL SUPPLIES
521,A000000,00800,00000,0800OTHER OVERHEAD
521,A000000,00900,00000,0900PROCUREMENT COORDINATORS
521,A000000,01000,00000,1000PROFESSIONAL EDUCATION
521,A000000,01100,00000,1100PUBLIC EDUCATION
521,A000000,01200,00000,1200OTHER ACQUISITION
521,A000000,01300,00000,1300KIDNEY ACQUISITIONS
521,A000000,01400,00000,1400TISSUE TYPING LABORATORY
521,A000000,01500,00000,1500LIVER ACQUISITIONS
521,A000000,01600,00000,1600HEART ACQUISITIONS
521,A000000,01700,00000,1700PANCREAS ACQUISITIONS
521,A000000,01800,00000,1800LUNG ACQUISITIONS
521,A000000,01900,00000,1900OTHER ACQUISITIONS
521,A000000,02100,00000,2100RESEARCH
521,A000000,02200,00000,2200BLOOD BANK
521,A000000,02300,00000,2300LABORATORY-NON-TISSUE TYPING
521,A000000,02400,00000,2400DIALYSIS UNITS
521,A000000,02500,00000,2500OTHER NON-REIMBURSABLE
521,A100000,01700,00000,REPAIRS & MAINTENANCE
521,A100000,01800,00000,VEHICLES
521,A100000,01900,00000,DEVELOPMENT
521,A100000,01901,00000,FUNDRAISING
521,A100000,01902,00000,SERVICE CHARGES
521,A100000,01903,00000,PROECESS IMPROVEMENT
521,A100000,01904,00000,CENTRAL OFFICE
521,A100000,01905,00000,PROFESSIONAL SERVICES
521,A100000,01906,00000,ADMINISTRATION
521,A100000,01908,00000,OTHER
521,A300000,00600,00000,SUPPLIES
521,A300000,00700,00000,CELL PHONE
521,A300000,00800,00000,PURCHASED SERVICES
521,A300000,00900,00000,DUES/SUBSCRIPTIONS
521,A300000,01000,00000,TRAVEL/MEETINGS
521,A300000,01001,00000,INSURANCE
521,A300000,01002,00000,OTHER EXPENSES
521,A500010,01300,00100,A
521,A500010,01300,00300,CAPITAL COSTS-BLDG & FIXT
521,A500010,01500,00000,HLA DIRECTOR
521,A500010,01500,00100,A
521,A500010,01500,00300,TISSUE TYPING LABORATORY
521,A51000A,00100,00100,Y
521,A51000B,00100,00200,TISSUE TYPING LABORATORY
521,A51000B,00100,00300,HOME OFFICE
521,A51000B,00200,00200,TISSUE TYPING LABORATORY
521,A51000B,00200,00300,HOME OFFICE
521,A51000B,00300,00200,TISSUE TYPING LABORATORY
521,A51000B,00300,00300,OCCUPANCY
521,A51000B,00400,00200,BLOOD BANK
521,A51000B,00400,00300,OCCUPANCY
521,A51000B,00401,00200,TISSUE TYPING LABORATORY
521,A51000B,00401,00300,EXECUTIVE DIRECTOR
521,A51000C,00100,00100,B
521,A51000C,00100,00400,VITALANT
521,A51000C,00100,00600,NON-PROFIT CORPORATION
521,A60000A,00700,00000,LEASEHOLD IMPROVEMENTS
521,A60000B,00800,00000,OTHER
521,A60000C,00500,00100,N
521,B10000*,00100,00200,CAP BLDG
521,B10000*,00100,00300,CAP COSTS
521,B10000*,00100,00400,EMPLOYEE
521,B10000*,00100,00500,MEDICAL
521,B10000*,00100,00800,ORGAN
521,B10000*,00100,01000,ADMIN &
521,B10000*,00200,00200,OP PLANT &
521,B10000*,00200,00300,MOVABLE
521,B10000*,00200,00400,BENEFITS
521,B10000*,00200,00500,SUPPLIES
521,B10000*,00200,00800,ACQUISITN
521,B10000*,00200,01000,GENERAL
521,B10000*,00300,00200,HOUSEKEEP
521,B10000*,00300,00300,EQUIPMENT
521,B10000*,00300,00800,COSTS
521,B10000*,00400,00200,SQUARE
521,B10000*,00400,00300,DOLLAR
521,B10000*,00400,00400,ADJUST
521,B10000*,00400,00500,COSTED
521,B10000*,00400,00800,NUMBER
521,B10000*,00400,01000,ACCUM
521,B10000*,00500,00200,FEET
521,B10000*,00500,00300,VALUE
521,B10000*,00500,00400,SALARIES
521,B10000*,00500,00500,REQUISIT
521,B10000*,00500,00800,ORGANS
521,B10000*,00500,01000,COSTS
521,B10000*,00600,00200,1
521,B10000*,00600,00300,2
521,B10000*,00600,00400,3
521,B10000*,00600,00500,3
521,B10000*,00600,00800,3
521,B10000*,00600,01000,3
521,B100000,00000,01000,X
521,E000000,00900,00000,RESTRICTED CASH
521,E000000,02600,00000,PROPERTY & EQUIPMENT - NET
521,E000000,03100,00000,OTHER
521,E000000,03900,00000,RETIREMENT PLAN LIABILITY
521,E000000,04100,00000,OTHER CURRENT ACCRUED EXPENSES
521,E000000,04600,00000,OTHER LONG TERM LIABILITIES
521,E000000,04700,00000,ACCRUED PENSION & DEFERRED COMPENSAT
521,E000000,04800,00000,ACCRUED POST RETIREMENT HEALTH BENEF
521,E100001,00700,00000,NMDP
521,E200000,01500,00000,MISCELLANEOUS
521,E200000,01600,00000,INTEREST INCOME
521,S000000,00100,00100,X
521,S000000,00400,00100,2
521,S000000,00500,00100,06/03/2022
521,S000000,00600,00100,10001
521,S000000,00700,00100,N
521,S000000,00800,00100,N
521,S000000,00900,00100,10/12/2023
521,S000000,01000,00100,4
521,S000001,00100,00100,VITALANT
521,S000001,00100,00200,05HL04
521,S000001,00101,00100,10536 PETER A MCCUEN BLVD
521,S000001,00102,00100,MATHER
521,S000001,00102,00200,CA
521,S000001,00102,00300,95655
521,S000001,00300,00100,01/01/2021
521,S000001,00300,00200,12/31/2021
521,S000001,00400,00100,2
521,S000001,00400,00300,2
521,S000001,00400,00400,01/01/1986
521,S000001,00401,00300,1
521,S100001,00700,00100,N
521,S100001,00810,00000,OTHER
521,S100002,00400,00100,AB LS CLASS I
521,S100002,00401,00100,AB LS CLASS II
521,S100002,00402,00100,AB SCN CLASS I ONLY
521,S100002,00403,00100,AB SCN CLASS II ONLY
521,S100002,00404,00100,AB SCN I+II
521,S100002,00405,00100,ADS TREATMENT
521,S100002,00406,00100,BUCCAL SWAB EXTRACTION
521,S100002,00407,00100,FXM-AUTO
521,S100002,00408,00100,FXM-CAD FINAL
521,S100002,00409,00100,FXM-CAD FINAL
521,S100002,00410,00100,HL HLA FLOW CROSSMATCH
521,S100002,00411,00100,HL HLA A B C DR DQ DP IR
521,S100002,00412,00100,HL DECEASED DONOR WORKUP FEE
521,S100002,00413,00100,HL STAT CHARGE AFTER HOURS
521,S100002,00414,00100,HL OVERNIGHT CARRIER
521,S100002,00415,00100,HIRES HLA-B
521,S100002,00416,00100,HIRES HLA-C
521,S100002,00417,00100,HIRES HLA-DR
521,S100002,00418,00100,HIRES HLA-DQ
521,S100002,00419,00100,HIRES HLA-DP
521,S100002,00420,00100,DTT TREATMENT
521,S100002,00421,00100,RT-PCR CLASS I
521,S100002,00422,00100,RT-PCR CLASS II
521,S100002,00423,00100,RT-PCR COMB
521,S100002,00424,00100,RT-PCR STAT TRAY
521,S100002,00425,00100,SERUMPROCESSING
521,S100002,00426,00100,SERUM PROCESSING
521,S100002,00430,00100,SMF COURIER
521,S100002,00431,00100,SO 1ST KIT
521,S100002,00432,00100,SO 2ND CLOT
521,S100002,00433,00100,SO ADDITIONAL ACD
521,S100002,00434,00100,SO DONOR
521,S100002,00435,00100,SO DONOR ACD
521,S100002,00436,00100,SO DONOR SWABS
521,S100002,00437,00100,SO REACTIVATION CLOT
521,S100002,00438,00100,SO UNACCEPTABLE CLOT
521,S100002,00439,00100,VXM
521,S100003,00100,00100,MEDICAL DIRECTOR
521,S100003,00100,00300,MEDICAL DIRECTOR
521,S100003,00100,00500,LAB DIRECTOR
521,S100003,00101,00100,EXEC. DIRECTOR
521,S100003,00101,00300,PROCUREMENT COORDINATOR
521,S100003,00101,00500,TECHNICIANS
521,S100003,00102,00100,CLERICAL
521,S100003,00102,00300,PRESERVATION TECHNICIANS
521,S100003,00102,00500,TISSUE TYPING TECH.
521,S100003,00103,00100,OTHER
521,S100003,00103,00300,OTHER
521,S100003,00103,00500,OTHER
521,S200000,00100,00100,N
521,S200000,00200,00100,N
521,S200000,00300,00100,Y
521,S200000,00400,00100,Y
521,S200000,00400,00200,A
521,S200000,00500,00100,Y
521,S200000,00600,00300,DIRECTOR
521,S200000,00700,00100,VITALANT
522,A000000,00100,00000,0100CAPITAL COSTS-BLDG & FIXT
522,A000000,00200,00000,0200CAPITAL COSTS-MVBLE EQUIPMENT
522,A000000,00300,00000,0300EMPLOYEE BENEFITS
522,A000000,00400,00000,0400ADMINISTRATIVE & GENERAL
522,A000000,00500,00000,0500OPERATION AND MAINTENANCE OF PLANT
522,A000000,00600,00000,0600HOUSEKEEPING
522,A000000,00700,00000,0700MEDICAL SUPPLIES
522,A000000,00800,00000,0800OTHER OVERHEAD
522,A000000,00900,00000,0900PROCUREMENT COORDINATORS
522,A000000,01000,00000,1000PROFESSIONAL EDUCATION
522,A000000,01100,00000,1100PUBLIC EDUCATION
522,A000000,01200,00000,1200OTHER ACQUISITION
522,A000000,01300,00000,1300KIDNEY ACQUISITIONS
522,A000000,01400,00000,1400TISSUE TYPING LABORATORY
522,A000000,01500,00000,1500LIVER ACQUISITIONS
522,A000000,01600,00000,1600HEART ACQUISITIONS
522,A000000,01700,00000,1700PANCREAS ACQUISITIONS
522,A000000,01800,00000,1800LUNG ACQUISITIONS
522,A000000,01900,00000,1900OTHER ACQUISITIONS
522,A000000,02100,00000,2100RESEARCH
522,A000000,02200,00000,2200BLOOD BANK
522,A000000,02300,00000,2300LABORATORY-NON-TISSUE TYPING
522,A000000,02400,00000,2400DIALYSIS UNITS
522,A100000,01700,00000,BENEFITS
522,A100000,01800,00000,DEPRECIATION
522,A100000,01900,00000,PROFESSIONAL FEES
522,A100000,01901,00000,BUILDING EXPENSE
522,A100000,01902,00000,TELEPHONE
522,A100000,01903,00000,UTILITIES
522,A100000,01904,00000,NON-REIMBURSABLE COSTS
522,A300000,00600,00000,SALARIES
522,A300000,00700,00000,DEPRECIATION
522,A300000,00800,00000,ADMIN & GENERAL
522,A300000,00900,00000,BENEFITS
522,A300000,01000,00000,DISPOSAL SERVICE
522,A300000,01001,00000,UTILITIES
522,A300000,01002,00000,SUPPLIES
522,A500010,01601,00000,LATE FEES
522,A500010,01601,00100,A
522,A500010,01601,00300,LABORATORY-NON-TISSUE TYPING
522,A51000A,00100,00100,Y
522,A51000B,00100,00200,ADMINISTRATIVE & GENERAL
522,A51000B,00100,00300,VRL ADMIN COSTS
522,A51000C,00100,00100,B
522,A51000C,00100,00400,EUROFINS VRL  INC.
522,A51000C,00100,00600,BIO-ANALYTICAL TESTING
522,A60000A,00700,00000,FIXED ASSET CLEARING
522,A60000C,00500,00100,N
522,B10000*,00100,00200,CAP BLDG
522,B10000*,00100,00300,CAP COSTS
522,B10000*,00100,00400,EMPLOYEE
522,B10000*,00100,00500,MEDICAL
522,B10000*,00100,00800,ORGAN
522,B10000*,00100,01000,ADMIN &
522,B10000*,00200,00200,OP PLANT &
522,B10000*,00200,00300,MOVABLE
522,B10000*,00200,00400,BENEFITS
522,B10000*,00200,00500,SUPPLIES
522,B10000*,00200,00800,ACQUISITN
522,B10000*,00200,01000,GENERAL
522,B10000*,00300,00200,HOUSEKEEP
522,B10000*,00300,00300,EQUIPMENT
522,B10000*,00300,00800,COSTS
522,B10000*,00400,00200,SQUARE
522,B10000*,00400,00300,DOLLAR
522,B10000*,00400,00400,ADJUST
522,B10000*,00400,00500,COSTED
522,B10000*,00400,00600,ACCUMULATE
522,B10000*,00400,00800,NUMBER
522,B10000*,00400,01000,ACCUM
522,B10000*,00500,00200,FEET
522,B10000*,00500,00300,VALUE
522,B10000*,00500,00400,SALARIES
522,B10000*,00500,00500,REQUISIT
522,B10000*,00500,00600,D COST
522,B10000*,00500,00800,ORGANS
522,B10000*,00500,01000,COSTS
522,B10000*,00600,00200,1
522,B10000*,00600,00300,2
522,B10000*,00600,00400,3
522,B10000*,00600,00500,3
522,B10000*,00600,00800,3
522,B10000*,00600,01000,3
522,B100000,00000,01000,X
522,E000000,00900,00000,OTHER CURRENT ASSETS
522,E000000,02600,00000,OTHER FIXED ASSETS
522,E000000,03100,00000,OTHER ASSETS
522,E000000,03900,00000,ACCRUED EXPENSES
522,E000000,04100,00000,DEFERRED INCOME TAX - NON CURRENT
522,E000000,04600,00000,OTHER NON-CURRENT LIABILITIES
522,E000000,04700,00000,DEFERRED COMPENSATION PAYABLE
522,E000000,04800,00000,DEFERRED INCOME TAXES PAY\(REC)
522,E100001,00700,00000,NET REVENUE
522,E100001,00800,00000,INTERCOMPANY SALES
522,E100001,00900,00000,SALES - OTHER ADMIN
522,E100002,00300,00000,ADDL EXPENSES FOR AFFILIATE LABS
522,E200000,01500,00000,MISC INCOME
522,E200000,02300,00000,ROUNDING
522,E200000,02600,00000,INTEREST EXP
522,E200000,02700,00000,INCOME TAX EXP
522,E200000,02701,00000,OTHER EXPENSES
522,S000000,00100,00100,X
522,S000000,00400,00100,2
522,S000000,00500,00100,05/26/2022
522,S000000,00600,00100,10001
522,S000000,00700,00100,N
522,S000000,00800,00100,N
522,S000000,00900,00100,10/11/2023
522,S000000,01000,00100,4
522,S000001,00100,00100,EUROFINS VRL LOS ANGELES LLC
522,S000001,00100,00200,05HL08
522,S000001,00101,00100,2100 WEST THIRD STREET  SUITE 301
522,S000001,00102,00100,LOS ANGELES
522,S000001,00102,00200,CA
522,S000001,00102,00300,90057
522,S000001,00300,00100,01/01/2021
522,S000001,00300,00200,12/31/2021
522,S000001,00400,00100,2
522,S000001,00400,00300,2
522,S000001,00400,00400,07/08/2004
522,S000001,00401,00300,1
522,S000002,00100,00200,Y
522,S000002,00300,00100,DIRECTOR OF FINANCE
522,S000002,00400,00100,05/24/2022
522,S100001,00700,00100,N
522,S100001,00810,00000,OTHER
522,S100002,00400,00100,CLASS I-SINGLE ANTIGEN BEAD SPECIFIC
522,S100002,00401,00100,CLASS II-SINGLE ANTIGEN BEAD SPECIFI
522,S100002,00402,00100,COMPLETE HLA LOCI TYPING
522,S100002,00403,00100,CROSSMATCH  DTT
522,S100002,00404,00100,CROSSMATCH  PRONASE
522,S100002,00405,00100,DECEASED DONOR ADDITIONAL CROSSMATCH
522,S100002,00406,00100,DECEASED DONOR PARTIAL WORK-UP-LOCAL
522,S100002,00407,00100,HLA - CROSSMATCH  FLOW CYTOMETRY
522,S100002,00408,00100,HLA - CROSSMATCH  LYMPHOCYTOTOXICITY
522,S100002,00409,00100,HLA - PRA - FLOW
522,S100002,00410,00100,HLA - SERUM PROCESSING AND STORAGE
522,S100002,00411,00100,HLA - STAT TESTING
522,S100002,00412,00100,HLA A TYPING  DNA CLASS I
522,S100002,00413,00100,HLA B TYPING  DNA CLASS I
522,S100002,00414,00100,HLA C TYPING  DNA CLASS I
522,S100002,00415,00100,HLA DECEASED DONOR COMPLETE WU IMPOR
522,S100002,00416,00100,HLA DECEASED DONOR COMPLETE WU LOCAL
522,S100002,00417,00100,HLA TYPING  DNA CLASS II
522,S100002,00418,00100,HLA TYPING  DNA CLASS II DPA
522,S100002,00419,00100,HLA TYPING  DNA CLASS II DPB
522,S100002,00420,00100,HLA TYPING  DNA CLASS II DQA
522,S100002,00421,00100,NKR CRYOGENIC VIAL SHIPMENT
522,S100002,00422,00100,NKR DONOR PROCESSING
522,S100002,00423,00100,SERUM  FUTURE CROSSMATCH PROC & STOR
522,S100002,00424,00100,SERUM  FUTURE CROSSMATCH PROC & STOR
522,S100003,00100,00100,MEDICAL DIRECTOR
522,S100003,00100,00300,MEDICAL DIRECTOR
522,S100003,00100,00500,LAB DIRECTOR
522,S100003,00101,00100,EXEC. DIRECTOR
522,S100003,00101,00300,PROCUREMENT COORDINATOR
522,S100003,00101,00500,TECHNICIANS
522,S100003,00102,00100,CLERICAL
522,S100003,00102,00300,PRESERVATION TECHNICIANS
522,S100003,00102,00500,TISSUE TYPING TECH.
522,S100003,00103,00100,OTHER
522,S100003,00103,00300,OTHER
522,S100003,00103,00500,OTHER
522,S200000,00100,00100,N
522,S200000,00200,00100,N
522,S200000,00300,00100,Y
522,S200000,00400,00100,Y
522,S200000,00400,00200,A
522,S200000,00500,00100,Y
522,S200000,00600,00300,CONTROLLER
522,S200000,00700,00100,VRL EUROFINS
523,A000000,00100,00000,0100CAPITAL COSTS-BLDG & FIXT
523,A000000,00200,00000,0200CAPITAL COSTS-MVBLE EQUIPMENT
523,A000000,00300,00000,0300EMPLOYEE BENEFITS
523,A000000,00400,00000,0400ADMINISTRATIVE & GENERAL
523,A000000,00500,00000,0500OPERATION AND MAINTENANCE OF PLANT
523,A000000,00600,00000,0600HOUSEKEEPING
523,A000000,00700,00000,0700MEDICAL SUPPLIES
523,A000000,00800,00000,0800OTHER OVERHEAD
523,A000000,00900,00000,0900PROCUREMENT COORDINATORS
523,A000000,01000,00000,1000PROFESSIONAL EDUCATION
523,A000000,01100,00000,1100PUBLIC EDUCATION
523,A000000,01200,00000,1200OTHER ACQUISITION
523,A000000,01300,00000,1300KIDNEY ACQUISITIONS
523,A000000,01400,00000,1400TISSUE TYPING LABORATORY
523,A000000,01500,00000,1500LIVER ACQUISITIONS
523,A000000,01600,00000,1600HEART ACQUISITIONS
523,A000000,01700,00000,1700PANCREAS ACQUISITIONS
523,A000000,01800,00000,1800LUNG ACQUISITIONS
523,A000000,01900,00000,1900OTHER ACQUISITIONS
523,A000000,02100,00000,2100RESEARCH
523,A000000,02200,00000,2200BLOOD BANK
523,A000000,02300,00000,2300LABORATORY-NON-TISSUE TYPING
523,A000000,02400,00000,2400DIALYSIS UNITS
523,A000000,02500,00000,2500OTHER AFFILIATE LABS
523,A100000,01800,00000,CONTRIBUTIONS
523,A100000,01900,00000,OTHER
523,A100000,01901,00000,NON-REIMBURSABLE EXPENSES
523,A300000,00600,00000,TRAINING/EDUCATION TRANSPLANT
523,A300000,00700,00000,OTHER TISSUE TYPING SUPPLIES
523,A300000,00800,00000,OTHER TISSUE TYPING COSTS
523,A400010,00100,00000,DENVER ADMIN ONLY
523,A400010,00100,00100,B
523,A400010,00100,00200,TISSUE TYPING LABORATORY
523,A400010,00100,00500,ADMINISTRATIVE & GENERAL
523,A400010,00200,00000,DENVER ADMIN ONLY
523,A400010,00200,00100,B
523,A400010,00200,00200,LABORATORY-NON-TISSUE TYPING
523,A500010,01500,00000,NONALLOWABLE EXPENSE
523,A500010,01500,00100,A
523,A500010,01500,00300,ADMINISTRATIVE & GENERAL
523,A500010,01601,00000,FY 2018 SAN RAMON START UP COSTS
523,A500010,01601,00100,A
523,A500010,01601,00300,OTHER AFFILIATE LABS
523,A51000A,00100,00100,Y
523,A51000B,00100,00200,ADMINISTRATIVE & GENERAL
523,A51000B,00100,00300,VRL ADMIN COSTS
523,A51000C,00100,00100,B
523,A51000C,00100,00400,EUROFINS VRL  INC
523,A51000C,00100,00600,BIO-ANALYTICAL TESTING
523,A60000A,00700,00000,FIXED ASSET CLEARING
523,A60000C,00500,00100,N
523,B10000*,00100,00200,CAP BLDG
523,B10000*,00100,00300,CAP COSTS
523,B10000*,00100,00400,EMPLOYEE
523,B10000*,00100,00500,MEDICAL
523,B10000*,00100,00800,ORGAN
523,B10000*,00100,01000,ADMIN &
523,B10000*,00200,00200,OP PLANT &
523,B10000*,00200,00300,MOVABLE
523,B10000*,00200,00400,BENEFITS
523,B10000*,00200,00500,SUPPLIES
523,B10000*,00200,00800,ACQUISITN
523,B10000*,00200,01000,GENERAL
523,B10000*,00300,00200,HOUSEKEEP
523,B10000*,00300,00300,EQUIPMENT
523,B10000*,00300,00800,COSTS
523,B10000*,00400,00200,SQUARE
523,B10000*,00400,00300,DOLLAR
523,B10000*,00400,00400,ADJUST
523,B10000*,00400,00500,COSTED
523,B10000*,00400,00600,ACCUMULATE
523,B10000*,00400,00800,NUMBER
523,B10000*,00400,01000,ACCUM
523,B10000*,00500,00200,FEET
523,B10000*,00500,00300,VALUE
523,B10000*,00500,00400,SALARIES
523,B10000*,00500,00500,REQUISIT
523,B10000*,00500,00600,D COST
523,B10000*,00500,00800,ORGANS
523,B10000*,00500,01000,COSTS
523,B10000*,00600,00200,1
523,B10000*,00600,00300,2
523,B10000*,00600,00400,3
523,B10000*,00600,00500,3
523,B10000*,00600,00800,3
523,B10000*,00600,01000,3
523,B100000,00000,01000,X
523,E000000,00900,00000,DUE TO\FROM MEDICARE
523,E000000,02600,00000,OTHER FIXED ASSETS
523,E000000,03100,00000,OTHER ASSETS
523,E000000,03900,00000,ACCRUED EXPENSES
523,E000000,04100,00000,OTHER CURRENT LIABILITIES
523,E000000,04600,00000,OTHER NON-CURRENT LIABILITIES
523,E000000,04800,00000,DEFERRED INCOME TAXES PAY\(REC)
523,E100001,00700,00000,NET REVENUE
523,E100002,00300,00000,ADDL EXPENSES FOR AFFILIATE LABS
523,E200000,02300,00000,ROUNDING
523,E200000,02600,00000,INTEREST EXP
523,E200000,02700,00000,INCOME TAX EXP
523,E200000,02701,00000,OTHER EXPENSES
523,S000000,00100,00100,X
523,S000000,00400,00100,2
523,S000000,00500,00100,05/26/2022
523,S000000,00600,00100,10001
523,S000000,00700,00100,N
523,S000000,00800,00100,N
523,S000000,00900,00100,10/12/2023
523,S000000,01000,00100,4
523,S000001,00100,00100,LABS  INC.
523,S000001,00100,00200,06HL05
523,S000001,00101,00100,6933-B SOUTH REVERE PARKWAY
523,S000001,00102,00100,CENTENNIAL
523,S000001,00102,00200,CO
523,S000001,00102,00300,80112
523,S000001,00300,00100,01/01/2021
523,S000001,00300,00200,12/31/2021
523,S000001,00400,00100,2
523,S000001,00400,00300,2
523,S000001,00400,00400,12/01/2007
523,S000001,00401,00300,1
523,S000002,00100,00200,Y
523,S000002,00300,00100,DIRECTOR OF FINANCE
523,S000002,00400,00100,05/24/2022
523,S100001,00700,00100,N
523,S100001,00810,00000,OTHER
523,S100002,00400,00100,T0118: CROSSMATCH: FLOW CYTOMETRY
523,S100002,00401,00100,T0161: HLA ANTIBODY SCREEN
523,S100002,00402,00100,T0168: HLA ANTIBODY CLASS II ID
523,S100002,00403,00100,T0170: HLA CLASS I SINGLE ANTIGEN
523,S100002,00404,00100,T0171: HLA CLASS II SINGLE ANTIGEN
523,S100002,00405,00100,T0178: CROSSMATCH:FLOW CYTOMETRY
523,S100002,00406,00100,T0182: HLA-DRB1 LOW RESOLUTION
523,S100002,00407,00100,T0184: HLA-A B LOW RESOLUTION
523,S100002,00408,00100,T1401: ABO/RH - AUTOMATED
523,S100002,00409,00100,T1403: ABO/RH
523,S100002,00410,00100,T1405: ABO/RH
523,S100002,00411,00100,T1405: ABO/RH
523,S100002,00412,00100,T1816: ABO A1 SUBTYPE
523,S100002,00413,00100,T1817: ABO A1 SUBTYPING
523,S100002,00414,00100,T2722: WNV
523,S100002,00415,00100,T2749: HBA1C
523,S100002,00416,00100,T2770: ULTRIO HIV/HBV/HCV
523,S100002,00417,00100,T3502: CMV TOTAL AB
523,S100002,00418,00100,T3504: CMV IGG (EIA)
523,S100002,00419,00100,T3505: CMV IGM (EIA)
523,S100002,00420,00100,T3513: EBV IGG (EIA)
523,S100002,00421,00100,T3546: HTLV I/II AB - AVIOQ
523,S100002,00422,00100,T3588: CHAGAS (EIA)
523,S100002,00423,00100,T3826: IDM PROFILE # 329
523,S100002,00424,00100,T5003: HLA-DP
523,S100002,00425,00100,T5005: HLA-CW
523,S100002,00426,00100,T5006: HLA - DRB3 4 5 LOW-INTERMEDIA
523,S100002,00427,00100,T5007: HLA DQA1
523,S100002,00428,00100,T5013: HLA-A B C DR DQ DP
523,S100002,00429,00100,T5014: HLA-DQB1
523,S100002,00430,00100,T7112: PROCESSING & STORAGE FEE: SER
523,S100002,00431,00100,T7112: PROCESSING & STORAGE FEE: SER
523,S100002,00432,00100,T7113: PROCESSING & STORAGE FEE: SER
523,S100002,00433,00100,T7119: PROCESSING & STORAGE FEE: LYM
523,S100002,00434,00100,T7119: PROCESSING & STORAGE FEE: LYM
523,S100002,00435,00100,T9994: STAT FLOW CROSSMATCH CHARGE
523,S100002,00436,00100,T9997: INFECTIOUS DISEASE STAT CHARG
523,S100002,00437,00100,T9998: STAT HLA TYPING CHARGE
523,S100002,00438,00100,37856D: DIALYSIS KIT
523,S100003,00100,00100,MEDICAL DIRECTOR
523,S100003,00100,00300,MEDICAL DIRECTOR
523,S100003,00100,00500,LAB DIRECTOR
523,S100003,00101,00100,EXEC. DIRECTOR
523,S100003,00101,00300,PROCUREMENT COORDINATOR
523,S100003,00101,00500,TECHNICIANS
523,S100003,00102,00100,CLERICAL
523,S100003,00102,00300,PRESERVATION TECHNICIANS
523,S100003,00102,00500,TISSUE TYPING TECH.
523,S100003,00103,00100,OTHER
523,S100003,00103,00300,OTHER
523,S100003,00103,00500,OTHER
523,S200000,00100,00100,N
523,S200000,00200,00100,N
523,S200000,00300,00100,Y
523,S200000,00400,00100,Y
523,S200000,00400,00200,A
523,S200000,00500,00100,Y
523,S200000,00600,00300,CONTROLLER
523,S200000,00700,00100,VRL EUROFINS
525,A000000,00100,00000,0100CAPITAL COSTS-BLDG & FIXT
525,A000000,00200,00000,0200CAPITAL COSTS-MVBLE EQUIPMENT
525,A000000,00300,00000,0300EMPLOYEE BENEFITS
525,A000000,00400,00000,0400ADMINISTRATIVE & GENERAL
525,A000000,00500,00000,0500OPERATION AND MAINTENANCE OF PLANT
525,A000000,00600,00000,0600HOUSEKEEPING
525,A000000,00700,00000,0700MEDICAL SUPPLIES
525,A000000,00800,00000,0800OTHER OVERHEAD
525,A000000,00900,00000,0900PROCUREMENT COORDINATORS
525,A000000,01000,00000,1000PROFESSIONAL EDUCATION
525,A000000,01100,00000,1100PUBLIC EDUCATION
525,A000000,01200,00000,1200OTHER ACQUISITION
525,A000000,01300,00000,1300KIDNEY ACQUISITIONS
525,A000000,01400,00000,1400TISSUE TYPING LABORATORY
525,A000000,01500,00000,1500LIVER ACQUISITIONS
525,A000000,01600,00000,1600HEART ACQUISITIONS
525,A000000,01700,00000,1700PANCREAS ACQUISITIONS
525,A000000,01800,00000,1800LUNG ACQUISITIONS
525,A000000,01900,00000,1900OTHER ACQUISITIONS
525,A000000,02100,00000,2100RESEARCH
525,A000000,02200,00000,2200BLOOD BANK
525,A000000,02300,00000,2300LABORATORY-NON-TISSUE TYPING
525,A000000,02400,00000,2400DIALYSIS UNITS
525,A100000,01700,00000,BENEFITS
525,A100000,01800,00000,DEPRECIATION
525,A100000,01900,00000,PROFESSIONAL FEES
525,A100000,01901,00000,BUILDING EXPENSE
525,A100000,01902,00000,TELEPHONE
525,A100000,01903,00000,UTILITIES
525,A100000,01904,00000,NON-REIMBURSABLE COSTS
525,A300000,00600,00000,SALARIES
525,A300000,00700,00000,DEPRECIATION
525,A300000,00800,00000,ADMIN & GENERAL
525,A300000,00900,00000,BENEFITS
525,A300000,01000,00000,DISPOSAL SERVICE
525,A300000,01001,00000,UTILITIES
525,A300000,01002,00000,SUPPLIES
525,A300000,01003,00000,ACQ COSTS ON NEW SUBSIDIARIES
525,A500010,01500,00000,NON-REIMBURSABLE COSTS
525,A500010,01500,00100,A
525,A500010,01500,00300,TISSUE TYPING LABORATORY
525,A51000A,00100,00100,Y
525,A51000B,00100,00200,ADMINISTRATIVE & GENERAL
525,A51000B,00100,00300,VRL ADMIN COSTS
525,A51000C,00100,00100,B
525,A51000C,00100,00400,EUROFINS VRL  INC.
525,A51000C,00100,00600,BIO-ANALYTICAL TESTING
525,A60000A,00700,00000,FIXED ASSET CLEARING
525,A60000C,00500,00100,N
525,B10000*,00100,00200,CAP BLDG
525,B10000*,00100,00300,CAP COSTS
525,B10000*,00100,00400,EMPLOYEE
525,B10000*,00100,00500,MEDICAL
525,B10000*,00100,00800,ORGAN
525,B10000*,00100,01000,ADMIN &
525,B10000*,00200,00200,OP PLANT &
525,B10000*,00200,00300,MOVABLE
525,B10000*,00200,00400,BENEFITS
525,B10000*,00200,00500,SUPPLIES
525,B10000*,00200,00800,ACQUISITN
525,B10000*,00200,01000,GENERAL
525,B10000*,00300,00200,HOUSEKEEP
525,B10000*,00300,00300,EQUIPMENT
525,B10000*,00300,00800,COSTS
525,B10000*,00400,00200,SQUARE
525,B10000*,00400,00300,DOLLAR
525,B10000*,00400,00400,ADJUST
525,B10000*,00400,00500,COSTED
525,B10000*,00400,00600,ACCUMULATE
525,B10000*,00400,00800,NUMBER
525,B10000*,00400,01000,ACCUM
525,B10000*,00500,00200,FEET
525,B10000*,00500,00300,VALUE
525,B10000*,00500,00400,SALARIES
525,B10000*,00500,00500,REQUISIT
525,B10000*,00500,00600,D COST
525,B10000*,00500,00800,ORGANS
525,B10000*,00500,01000,COSTS
525,B10000*,00600,00200,1
525,B10000*,00600,00300,2
525,B10000*,00600,00400,3
525,B10000*,00600,00500,3
525,B10000*,00600,00800,3
525,B10000*,00600,01000,3
525,B100000,00000,01000,X
525,E000000,00900,00000,OTHER CURRENT ASSETS
525,E000000,02600,00000,OTHER FIXED ASSETS
525,E000000,03100,00000,OTHER ASSETS
525,E000000,03900,00000,ACCRUED EXPENSES
525,E000000,04100,00000,DEFERRED INCOME TAX - NON CURRENT
525,E000000,04600,00000,OTHER NON-CURRENT LIABILITIES
525,E000000,04700,00000,DEFERRED COMPENSATION PAYABLE
525,E000000,04800,00000,DEFERRED INCOME TAXES PAY\(REC)
525,E100001,00700,00000,NET REVENUE
525,E100001,00800,00000,INTERCOMPANY SALES
525,E100001,00900,00000,SALES - OTHER ADMIN
525,E100002,00300,00000,ADDL EXPENSES FOR AFFILIATE LABS
525,E200000,01500,00000,MISC INCOME
525,E200000,02300,00000,ROUNDING
525,E200000,02600,00000,INTEREST EXP
525,E200000,02700,00000,INCOME TAX EXP
525,E200000,02701,00000,OTHER EXPENSES
525,S000000,00100,00100,X
525,S000000,00400,00100,2
525,S000000,00500,00100,05/26/2022
525,S000000,00600,00100,10001
525,S000000,00700,00100,N
525,S000000,00800,00100,N
525,S000000,00900,00100,10/11/2023
525,S000000,01000,00100,4
525,S000001,00100,00100,EUROFINS VRL HAWAII
525,S000001,00100,00200,12HL01
525,S000001,00101,00100,2226 LILIHA STREET
525,S000001,00102,00100,HONOLULU
525,S000001,00102,00200,HI
525,S000001,00102,00300,96817
525,S000001,00300,00100,01/01/2021
525,S000001,00300,00200,12/31/2021
525,S000001,00400,00100,2
525,S000001,00400,00300,2
525,S000001,00400,00400,07/08/2004
525,S000001,00401,00300,1
525,S000002,00100,00200,Y
525,S000002,00300,00100,DIRECTOR OF FINANCE
525,S000002,00400,00100,05/24/2022
525,S100001,00700,00100,N
525,S100001,00810,00000,OTHER
525,S100002,00400,00100,CDC CROSSMATCH  DECEASED DONOR  RENA
525,S100002,00401,00100,CDC CROSSMATCH  INITIAL AUTO  RENAL
525,S100002,00402,00100,CDC CROSSMATCH  LIVING DONOR  RENAL
525,S100002,00403,00100,CPRA & AB IDENTIFICATION  CLASS I
525,S100002,00404,00100,CPRA & AB IDENTIFICATION  CLASS II
525,S100002,00405,00100,HBCAB DONOR EIA
525,S100002,00406,00100,HBSAG DONOR EIA
525,S100002,00407,00100,HBV DONOR NAT
525,S100002,00408,00100,HCV DONOR NAT
525,S100002,00409,00100,HCVAB DONOR EIA
525,S100002,00410,00100,HIV 1/2 DONOR EIA
525,S100002,00411,00100,HIV DONOR NAT
525,S100002,00412,00100,IDM PROFILE #245 (HBCAB  HBSAG  HCV
525,S100002,00413,00100,ULTRIO ELITE (HIV/HCV/HBV NAT)
525,S100002,00414,00100,HLA CLASS I NULL
525,S100002,00415,00100,HLA CLASS II NULL
525,S100002,00416,00100,HLA-A  B  C  DR  DQ RENAL
525,S100002,00417,00100,HLA-A  B  C  DR  DQA  DQB  DPB DECEA
525,S100002,00418,00100,HLA-DPB RENAL
525,S100002,00419,00100,HLA-DQA  RENAL
525,S100002,00420,00100,MONTHLY AB SCREEN  CLASS I & II
525,S100002,00421,00100,SINGLE ANTIGEN AB IDENTIFICATION  CL
525,S100002,00422,00100,SINGLE ANTIGEN AB IDENTIFICATION  CL
525,S100003,00100,00100,MEDICAL DIRECTOR
525,S100003,00100,00300,MEDICAL DIRECTOR
525,S100003,00100,00500,LAB DIRECTOR
525,S100003,00101,00100,EXEC. DIRECTOR
525,S100003,00101,00300,PROCUREMENT COORDINATOR
525,S100003,00101,00500,TECHNICIANS
525,S100003,00102,00100,CLERICAL
525,S100003,00102,00300,PRESERVATION TECHNICIANS
525,S100003,00102,00500,TISSUE TYPING TECH.
525,S100003,00103,00100,OTHER
525,S100003,00103,00300,OTHER
525,S100003,00103,00500,OTHER
525,S200000,00100,00100,N
525,S200000,00200,00100,N
525,S200000,00300,00100,Y
525,S200000,00400,00100,Y
525,S200000,00400,00200,A
525,S200000,00500,00100,Y
525,S200000,00600,00300,CONTROLLER
525,S200000,00700,00100,VRL EUROFINS
526,A000000,00100,00000,0100CAPITAL COSTS-BLDG & FIXT
526,A000000,00200,00000,0200CAPITAL COSTS-MVBLE EQUIPMENT
526,A000000,00300,00000,0300EMPLOYEE BENEFITS
526,A000000,00400,00000,0400ADMINISTRATIVE & GENERAL
526,A000000,00500,00000,0500OPERATION AND MAINTENANCE OF PLANT
526,A000000,00600,00000,0600HOUSEKEEPING
526,A000000,00700,00000,0700MEDICAL SUPPLIES
526,A000000,00800,00000,0800OTHER OVERHEAD
526,A000000,00900,00000,0900PROCUREMENT COORDINATORS
526,A000000,01000,00000,1000PROFESSIONAL EDUCATION
526,A000000,01100,00000,1100PUBLIC EDUCATION
526,A000000,01300,00000,1300KIDNEY ACQUISITIONS
526,A000000,01400,00000,1400TISSUE TYPING LABORATORY
526,A000000,01500,00000,1500LIVER ACQUISITIONS
526,A000000,01600,00000,1600HEART ACQUISITIONS
526,A000000,01700,00000,1700PANCREAS ACQUISITIONS
526,A000000,01800,00000,1800LUNG ACQUISITIONS
526,A000000,01900,00000,1900OTHER ACQUISITIONS
526,A000000,02100,00000,2100RESEARCH
526,A000000,02200,00000,2200BLOOD BANK
526,A000000,02300,00000,2300LABORATORY-NON-TISSUE TYPING
526,A000000,02400,00000,2400DIALYSIS UNITS
526,A100000,01900,00000,ADMIN LEASE EXPENSE
526,A100000,01901,00000,DUES AND SUBSCRIPTIONS
526,A100000,01902,00000,ADMIN MISC
526,A300000,00600,00000,REAGENTS AND SUPPLIES
526,A300000,00700,00000,LAB EQUIPMENT LEASE
526,A300000,00800,00000,LAB EQUIPMENT EXPENSE
526,A300000,00900,00000,PROFICIENCY TESTING
526,A300000,00901,00000,SPECIMEN TRANSPORT
526,A300000,00902,00000,CONTINUING EDUCATION
526,A300000,00903,00000,MISCELLANEOUS LAB
526,A300000,00904,00000,GENERAL LIABILITY
526,A500010,01500,00000,OTHER INCOME
526,A500010,01500,00100,B
526,A500010,01500,00300,ADMINISTRATIVE & GENERAL
526,A51000A,00100,00100,N
526,B10000*,00100,00200,CAP BLDG
526,B10000*,00100,00300,CAP COSTS
526,B10000*,00100,00400,EMPLOYEE
526,B10000*,00100,00500,MEDICAL
526,B10000*,00100,00800,ORGAN
526,B10000*,00100,01000,ADMIN &
526,B10000*,00200,00200,OP PLANT &
526,B10000*,00200,00300,MOVABLE
526,B10000*,00200,00400,BENEFITS
526,B10000*,00200,00500,SUPPLIES
526,B10000*,00200,00800,ACQUISITN
526,B10000*,00200,01000,GENERAL
526,B10000*,00300,00200,HOUSEKEEP
526,B10000*,00300,00300,EQUIPMENT
526,B10000*,00300,00800,COSTS
526,B10000*,00400,00200,SQUARE
526,B10000*,00400,00300,DOLLAR
526,B10000*,00400,00400,ADJUST
526,B10000*,00400,00500,COSTED
526,B10000*,00400,00800,NUMBER
526,B10000*,00400,01000,ACCUM
526,B10000*,00500,00200,FEET
526,B10000*,00500,00300,VALUE
526,B10000*,00500,00400,SALARIES
526,B10000*,00500,00500,REQUISIT
526,B10000*,00500,00800,ORGANS
526,B10000*,00500,01000,COSTS
526,B10000*,00600,00200,1
526,B10000*,00600,00300,2
526,B10000*,00600,00400,3
526,B10000*,00600,00500,3
526,B10000*,00600,00800,3
526,B10000*,00600,01000,3
526,B100000,00000,01000,X
526,E200000,02200,00000,DUE FROM MEDICARE
526,S000000,00100,00100,X
526,S000000,00400,00100,2
526,S000000,00500,00100,05/27/2022
526,S000000,00600,00100,10001
526,S000000,00700,00100,N
526,S000000,00800,00100,N
526,S000000,00900,00100,10/12/2023
526,S000000,01000,00100,4
526,S000001,00100,00100,THE ROGOSIN INSTITUTE IGT
526,S000001,00100,00200,33HL04
526,S000001,00101,00100,430 E 71ST STREET
526,S000001,00102,00100,NEW YORK
526,S000001,00102,00200,NY
526,S000001,00102,00300,10021
526,S000001,00300,00100,01/01/2021
526,S000001,00300,00200,12/31/2021
526,S000001,00400,00100,6
526,S000001,00400,00300,2
526,S000001,00400,00400,04/10/1995
526,S000001,00401,00300,2
526,S000002,00300,00100,CHIEF  DPT OR TRANSPLANT MEDICINE
526,S100001,00700,00100,N
526,S100001,00810,00000,OTHER
526,S100002,00401,00100,HLA-ABC-DRDQ
526,S100002,00402,00100,HLA-ABC
526,S100002,00403,00100,HLA-DRDQ
526,S100002,00404,00100,CDC-XM
526,S100002,00405,00100,LD FLOW XM
526,S100002,00406,00100,LUMX PAN PRA CI
526,S100002,00407,00100,LUMX PAN PRA CII
526,S100002,00408,00100,LUMX S AG BD CI
526,S100002,00409,00100,LUMX S AG BD CII
526,S100002,00410,00100,PROCESS
526,S100002,00411,00100,ABO
526,S100002,00412,00100,E FLOW XM
526,S100002,00413,00100,CONFIRMATORY TYPING
526,S100002,00414,00100,SPECIAL HANDLING CHARGE
526,S100002,00415,00100,STAT LUMN S AG BD CI
526,S100002,00416,00100,STAT LUMN S AG BD CII
526,S100002,00417,00100,HLA-ABC-DRDQ-STAT
526,S100002,00418,00100,HLA LOW RES ALLEL
526,S100002,00419,00100,HLA HIGH RES ALLEL
526,S100002,00420,00100,MODIFIED LUMINEX
526,S100002,00421,00100,ABO A-1 SUB TYPE
526,S100002,00422,00100,EXPEDITED TEST
526,S100002,00423,00100,CAD DONOR
526,S100002,00424,00100,DECEASED DONOR FLOW
526,S100002,00425,00100,VXM
526,S100002,00426,00100,T CELL CROSSMATCH
526,S100002,00427,00100,COMP AUTO T CDC
526,S100002,00428,00100,COMP AUTO T7B CDC
526,S100002,00429,00100,E FLOW XM
526,S100002,00430,00100,LUMX S AG BD CI
526,S100002,00431,00100,LUMX S AG BD CII
526,S100002,00432,00100,VXM
526,S100002,00433,00100,DECEASED DONOR FLOW
526,S100002,00434,00100,DSA ANALYSIS
526,S100002,00435,00100,AUTO T 7 B CELL FLOW
526,S100002,00436,00100,CDC PRA
526,S100003,00100,00100,MEDICAL DIRECTOR
526,S100003,00100,00300,MEDICAL DIRECTOR
526,S100003,00100,00500,LAB DIRECTOR
526,S100003,00101,00100,EXEC. DIRECTOR
526,S100003,00101,00300,PROCUREMENT COORDINATOR
526,S100003,00101,00500,TECHNICIANS
526,S100003,00102,00100,CLERICAL
526,S100003,00102,00300,PRESERVATION TECHNICIANS
526,S100003,00102,00500,TISSUE TYPING TECH.
526,S100003,00103,00100,OTHER
526,S100003,00103,00300,OTHER
526,S100003,00103,00500,OTHER
526,S200000,00100,00100,N
526,S200000,00200,00100,N
526,S200000,00300,00100,N
526,S200000,00400,00100,N
526,S200000,00500,00100,N
526,S200000,00600,00300,ADMINISTRATIVE DIRECTOR
526,S200000,00700,00100,THE ROGOSIN INSTITUTE
527,A000000,00100,00000,0100CAPITAL COSTS-BLDG & FIXT
527,A000000,00200,00000,0200CAPITAL COSTS-MVBLE EQUIPMENT
527,A000000,00300,00000,0300EMPLOYEE BENEFITS
527,A000000,00400,00000,0400ADMINISTRATIVE & GENERAL
527,A000000,00500,00000,0500OPERATION AND MAINTENANCE OF PLANT
527,A000000,00600,00000,0600HOUSEKEEPING
527,A000000,00700,00000,0700MEDICAL SUPPLIES
527,A000000,00800,00000,0800OTHER OVERHEAD
527,A000000,00900,00000,0900PROCUREMENT COORDINATORS
527,A000000,01000,00000,1000PROFESSIONAL EDUCATION
527,A000000,01100,00000,1100PUBLIC EDUCATION
527,A000000,01200,00000,1200OTHER ACQUISITION
527,A000000,01300,00000,1300KIDNEY ACQUISITIONS
527,A000000,01400,00000,1400TISSUE TYPING LABORATORY
527,A000000,01500,00000,1500LIVER ACQUISITIONS
527,A000000,01600,00000,1600HEART ACQUISITIONS
527,A000000,01700,00000,1700PANCREAS ACQUISITIONS
527,A000000,01800,00000,1800LUNG ACQUISITIONS
527,A000000,01900,00000,1900OTHER ACQUISITIONS
527,A000000,02100,00000,2100RESEARCH
527,A000000,02200,00000,2200BLOOD BANK
527,A000000,02300,00000,2300LABORATORY-NON-TISSUE TYPING
527,A000000,02400,00000,2400DIALYSIS UNITS
527,A000000,02500,00000,2500OTHER NON-REIMBURSABLE
527,A300000,00600,00000,LAB SUPPLIES
527,A300000,00601,00000,TRAVEL & MEETINGS
527,A300000,00602,00000,PURCHASED SERVICES
527,A300000,00603,00000,RELATED PARTY OVERHEAD BILLINGS
527,A300000,00604,00000,PURCHASED SERVICES
527,A300000,00605,00000,MEDICAL DIRECTOR
527,A300000,00606,00000,BAD DEBT
527,A300000,00607,00000,OFFICE SUPPLIES
527,A300000,00700,00000,FREIGHT
527,A500010,01500,00000,BAD DEBT
527,A500010,01500,00100,A
527,A500010,01500,00300,TISSUE TYPING LABORATORY
527,A51000A,00100,00100,Y
527,A51000B,00100,00200,TISSUE TYPING LABORATORY
527,A51000B,00100,00300,SANFORD BISMARCK
527,A51000C,00100,00100,C
527,A51000C,00100,00200,SANFORD BISMARCK
527,A51000C,00100,00400,SANFORD HEALTH
527,A51000C,00100,00600,HEALTHCARE
527,B10000*,00100,00200,CAP BLDG
527,B10000*,00100,00300,CAP COSTS
527,B10000*,00100,00400,EMPLOYEE
527,B10000*,00100,00500,MEDICAL
527,B10000*,00100,00800,ORGAN
527,B10000*,00100,01000,ADMIN &
527,B10000*,00200,00200,OP PLANT &
527,B10000*,00200,00300,MOVABLE
527,B10000*,00200,00400,BENEFITS
527,B10000*,00200,00500,SUPPLIES
527,B10000*,00200,00800,ACQUISITN
527,B10000*,00200,01000,GENERAL
527,B10000*,00300,00200,HOUSEKEEP
527,B10000*,00300,00300,EQUIPMENT
527,B10000*,00300,00800,COSTS
527,B10000*,00400,00200,SQUARE
527,B10000*,00400,00300,DOLLAR
527,B10000*,00400,00400,ADJUST
527,B10000*,00400,00500,COSTED
527,B10000*,00400,00800,NUMBER
527,B10000*,00400,01000,ACCUM
527,B10000*,00500,00200,FEET
527,B10000*,00500,00300,VALUE
527,B10000*,00500,00400,SALARIES
527,B10000*,00500,00500,REQUISIT
527,B10000*,00500,00800,ORGANS
527,B10000*,00500,01000,COSTS
527,B10000*,00600,00200,1
527,B10000*,00600,00300,2
527,B10000*,00600,00400,3
527,B10000*,00600,00500,3
527,B10000*,00600,00800,3
527,B10000*,00600,01000,3
527,B100000,00000,01000,X
527,S000000,00100,00100,X
527,S000000,00400,00100,2
527,S000000,00500,00100,05/27/2022
527,S000000,00600,00100,10001
527,S000000,00700,00100,N
527,S000000,00800,00100,N
527,S000000,00900,00100,10/11/2023
527,S000000,01000,00100,4
527,S000001,00100,00100,SANFORD WEST HISTOCOMPABILITY LAB
527,S000001,00100,00200,35HL01
527,S000001,00101,00100,300 NORTH 7TH STREET
527,S000001,00102,00100,BISMARCK
527,S000001,00102,00200,ND
527,S000001,00102,00300,58501
527,S000001,00200,00100,SANFORD WEST HISTOCOMPABILITY LAB
527,S000001,00200,00200,35HL01
527,S000001,00201,00100,300 NORTH 7TH STREET
527,S000001,00202,00100,BISMARCK
527,S000001,00202,00200,ND
527,S000001,00202,00300,58501
527,S000001,00300,00100,01/01/2021
527,S000001,00300,00200,12/31/2021
527,S000001,00400,00100,6
527,S000001,00400,00300,2
527,S000001,00400,00400,01/01/1990
527,S000001,00401,00300,1
527,S000002,00100,00200,Y
527,S000002,00300,00100,VICE PRESIDENT  FINANCE
527,S000002,00400,00100,05/27/2022
527,S100001,00700,00100,N
527,S100001,00810,00000,OTHER
527,S100002,00400,00100,HLA-A  B  C  DR  DQA  DQB  DP TYPING
527,S100002,00401,00100,HLA-ABC TYPING DNA
527,S100002,00402,00100,HLA DR/DQ TYPING DNA
527,S100002,00403,00100,SINGLE ANTIGEN ABC
527,S100002,00404,00100,AUTO T & B CELL XM
527,S100002,00405,00100,ALLO T & B CELL XM
527,S100002,00406,00100,HLA ANTIBODY CLASS I
527,S100002,00407,00100,HLA ANTIBODY CLASS II
527,S100002,00408,00100,FLOW AUTO CROSSMATCH (FARGO)
527,S100002,00409,00100,FLOW ALLO CROSSMATCH (FARGO)86825
527,S100002,00410,00100,HLA B27
527,S100002,00411,00100,HLA PLT
527,S100002,00412,00100,CELIAC (DQ2 8)
527,S100002,00413,00100,LIFESOURCE: HLA-CLASS I/II TYPING (M
527,S100002,00414,00100,HLA A B  OR C SINGLE LOCUS TYPING
527,S100002,00415,00100,HLA DQ2 8 TYPING (CELIAC)
527,S100003,00100,00100,MEDICAL DIRECTOR
527,S100003,00100,00300,MEDICAL DIRECTOR
527,S100003,00100,00500,LAB DIRECTOR
527,S100003,00101,00100,EXEC. DIRECTOR
527,S100003,00101,00300,PROCUREMENT COORDINATOR
527,S100003,00101,00500,TECHNICIANS
527,S100003,00102,00100,CLERICAL
527,S100003,00102,00300,PRESERVATION TECHNICIANS
527,S100003,00102,00500,TISSUE TYPING TECH.
527,S100003,00103,00100,OTHER
527,S100003,00103,00300,OTHER
527,S100003,00103,00500,OTHER
527,S200000,00100,00100,N
527,S200000,00200,00100,N
527,S200000,00300,00100,Y
527,S200000,00400,00100,N
527,S200000,00500,00100,N
527,S200000,00600,00300,REIMBURSEMENT MANAGER
527,S200000,00700,00100,SANFORD BISMARCK
528,A000000,00100,00000,0100CAPITAL COSTS-BLDG & FIXT
528,A000000,00200,00000,0200CAPITAL COSTS-MVBLE EQUIPMENT
528,A000000,00300,00000,0300EMPLOYEE BENEFITS
528,A000000,00400,00000,0400ADMINISTRATIVE & GENERAL
528,A000000,00500,00000,0500OPERATION AND MAINTENANCE OF PLANT
528,A000000,00600,00000,0600HOUSEKEEPING
528,A000000,00700,00000,0700MEDICAL SUPPLIES
528,A000000,00800,00000,0800OTHER OVERHEAD
528,A000000,00900,00000,0900PROCUREMENT COORDINATORS
528,A000000,01000,00000,1000PROFESSIONAL EDUCATION
528,A000000,01100,00000,1100PUBLIC EDUCATION
528,A000000,01200,00000,1200DONOR RESOURCE CENTER
528,A000000,01300,00000,1300KIDNEY ACQUISITIONS
528,A000000,01400,00000,1400TISSUE TYPING LABORATORY
528,A000000,01500,00000,1500LIVER ACQUISITIONS
528,A000000,01600,00000,1600HEART ACQUISITIONS
528,A000000,01700,00000,1700PANCREAS ACQUISITIONS
528,A000000,01800,00000,1800LUNG ACQUISITIONS
528,A000000,01900,00000,1900HEART / LUNG
528,A000000,01901,00000,1901SMALL BOWEL & OTHER
528,A000000,01902,00000,1903TISSUE DIRECTS
528,A000000,01904,00000,1904OTHER ACQUISITIONS
528,A000000,02100,00000,2100RESEARCH
528,A000000,02200,00000,2200BLOOD BANK
528,A000000,02300,00000,2300LABORATORY-NON-TISSUE TYPING
528,A000000,02400,00000,2400DIALYSIS UNITS
528,A000000,02500,00000,2500OTHER NON-REIMBURSABLE - TISSUE
528,A100000,01700,00000,UTILITIES
528,A100000,01800,00000,OTHER PROFESSIONAL SERVICES
528,A100000,01900,00000,TOTAL OTHER OPERATING EXPENSES
528,A20H000,00900,00000,OTHER EXCISION HOSPITAL
528,A20H000,00901,00000,CASE RATES
528,A20H000,00902,00000,SEROLOGY
528,A20H000,00903,00000,MED UNSUITABLE / POTENTIAL DONOR
528,A20H000,00904,00000,HEART CATH
528,A20H000,02100,00000,OTHER ACQUISITION COSTS
528,A20H000,02101,00000,CONSULTING
528,A20H000,02102,00000,CARDIOLOGY
528,A20H000,02103,00000,SURGEON FEE - RESEARCH ORGAN
528,A20K000,00900,00000,OTHER EXCISION HOSPITAL
528,A20K000,00901,00000,CASE RATES
528,A20K000,00902,00000,SEROLOGY
528,A20K000,00903,00000,MED UNSUITABLE / POTENTIAL DONOR
528,A20K000,02100,00000,OTHER ACQUISITION COSTS
528,A20K000,02101,00000,CONSULTING
528,A20K000,02102,00000,TRANSPORTATION
528,A20L000,00900,00000,OTHER EXCISION HOSPITAL
528,A20L000,00901,00000,CASE RATES
528,A20L000,00902,00000,SEROLOGY
528,A20L000,00903,00000,MED UNSUITABLE / POTENTIAL DONOR
528,A20L000,02100,00000,OTHER ACQUISITION COSTS
528,A20L000,02101,00000,CONSULTING
528,A20O000,00900,00000,CASE RATES
528,A20O000,00901,00000,SEROLOGY
528,A20O000,00902,00000,CARDIOLOGY - HEART CATH
528,A20O000,02100,00000,CONSULTING
528,A20O000,02101,00000,CARDIOLOGY
528,A20O001,00900,00000,OTHER EXCISION HOSPITAL
528,A20O001,00901,00000,CASE RATES
528,A20O001,00902,00000,SERIOLOGY
528,A20O001,00903,00000,MED UNSUITABLE / POTENTIAL DONOR
528,A20O001,02100,00000,CONSULTING
528,A20O001,02101,00000,SURGEON FEES - RESEARCH ORGANS
528,A20O002,00900,00000,CASE RATES
528,A20O002,00901,00000,SEROLOGY
528,A20O002,00902,00000,MED UNSUITABLE / POTENTIAL DONOR
528,A20O002,02100,00000,CONSULTING
528,A20P000,00900,00000,OTHER EXCISION HOSPITAL
528,A20P000,00901,00000,CASE RATES
528,A20P000,00902,00000,SEROLOGY
528,A20P000,00903,00000,MEDICALLY UNSUITABLE
528,A20P000,02100,00000,CONSULTING
528,A20P000,02101,00000,SURGEON FEES - RESEARCH ORGANS
528,A20U000,00900,00000,MEDICALLY UNSUITABLE
528,A20U000,00901,00000,CASE RATES
528,A20U000,00902,00000,SEROLOGY
528,A20U000,02100,00000,CONSULTING
528,A400010,00100,00000,RECLASS TISSUE DIRECTS
528,A400010,00100,00100,A
528,A400010,00100,00200,OTHER NON-REIMBURSABLE - TISSUE
528,A400010,00100,00500,TISSUE DIRECTS
528,A400010,00200,00000,RECLASS LEASE COSTS
528,A400010,00200,00100,B
528,A400010,00200,00200,CAPITAL COSTS-BLDG & FIXT
528,A400010,00200,00500,ADMINISTRATIVE & GENERAL
528,A400010,00300,00000,RECLASS TISSUE EQUIV COSTS
528,A400010,00300,00100,F
528,A400010,00300,00200,OTHER NON-REIMBURSABLE - TISSUE
528,A400010,00300,00500,PUBLIC EDUCATION
528,A400010,00400,00000,RECLASS TISSUE EQUIV COSTS
528,A400010,00400,00100,F
528,A400010,00400,00500,PROFESSIONAL EDUCATION
528,A400010,00500,00000,RECLASS TISSUE EQUIV COSTS
528,A400010,00500,00100,F
528,A400010,00500,00500,DONOR RESOURCE CENTER
528,A400010,00600,00000,RECLASS KIDNEY PUMP VEHICLES
528,A400010,00600,00100,G
528,A400010,00600,00200,KIDNEY ACQUISITIONS
528,A400010,00600,00500,CAPITAL COSTS-MVBLE EQUIPMENT
528,A400010,00700,00000,SQ FOOTAGE A&G
528,A400010,00700,00100,H
528,A400010,00700,00200,ADMINISTRATIVE & GENERAL
528,A400010,00700,00500,CAPITAL COSTS-BLDG & FIXT
528,A400010,00800,00000,SQ FOOTAGE A&G
528,A400010,00800,00100,H
528,A400010,00800,00200,ADMINISTRATIVE & GENERAL
528,A400010,00800,00500,CAPITAL COSTS-MVBLE EQUIPMENT
528,A400010,00900,00000,TISSUE VEHICLE DEPRECIATION RECLASS
528,A400010,00900,00100,I
528,A400010,00900,00200,OTHER NON-REIMBURSABLE - TISSUE
528,A400010,00900,00500,CAPITAL COSTS-MVBLE EQUIPMENT
528,A400010,01000,00000,RECOVERY SURGEON  RECLASS FROM A&G
528,A400010,01000,00100,J
528,A400010,01000,00200,KIDNEY ACQUISITIONS
528,A400010,01000,00500,ADMINISTRATIVE & GENERAL
528,A400010,01100,00000,RECOVERY SURGEON  RECLASS FROM A&G
528,A400010,01100,00100,J
528,A400010,01100,00200,LIVER ACQUISITIONS
528,A400010,01200,00000,RECOVERY SURGEON  RECLASS FROM A&G
528,A400010,01200,00100,J
528,A400010,01200,00200,PANCREAS ACQUISITIONS
528,A400010,01300,00000,DEFAULT
528,A400010,01300,00100,K
528,A400010,01300,00200,OTHER NON-REIMBURSABLE - TISSUE
528,A400010,01300,00500,PROCUREMENT COORDINATORS
528,A500010,00800,00100,B
528,A500010,00800,00300,PROCUREMENT COORDINATORS
528,A500010,01000,00100,B
528,A500010,01000,00300,PUBLIC EDUCATION
528,A500010,01500,00000,CALL CENTER SERVICE FEES
528,A500010,01500,00100,B
528,A500010,01500,00300,DONOR RESOURCE CENTER
528,A500010,01600,00000,NON-ALLOWABLE
528,A500010,01600,00100,A
528,A500010,01600,00300,ADMINISTRATIVE & GENERAL
528,A500010,01601,00000,NON-ALLOWABLE - ORGAN
528,A500010,01601,00100,A
528,A500010,01601,00300,PROCUREMENT COORDINATORS
528,A500010,01602,00000,NON-ALLOWABLE - PROF EDUC
528,A500010,01602,00100,A
528,A500010,01602,00300,PROFESSIONAL EDUCATION
528,A500010,01603,00000,NON-ALLOWABLE - PUBLIC
528,A500010,01603,00100,A
528,A500010,01603,00300,PUBLIC EDUCATION
528,A500010,01606,00000,DEPRECIATION - CAPITALIZED INTEREST
528,A500010,01606,00100,A
528,A500010,01606,00300,CAPITAL COSTS-BLDG & FIXT
528,A500010,01610,00000,NON-ALLOWABLE - TISSUE
528,A500010,01610,00100,A
528,A500010,01610,00300,OTHER NON-REIMBURSABLE - TISSUE
528,A51000A,00100,00100,N
528,A60000A,00700,00000,LEASEHOLD IMPROVEMENTS
528,A60000A,00701,00000,MEDICAL EQUIPMENT
528,A60000A,00702,00000,FURNITURE
528,A60000A,00703,00000,PHONE SYSTEM
528,A60000A,00704,00000,OFFICE EQUIPMENT
528,A60000A,00705,00000,CIP - NEW BUILDING & PHONE SYSTEM
528,A60000B,00800,00000,LEASEHOLD IMPROVEMENTS
528,A60000B,00801,00000,FURNITURE
528,A60000B,00802,00000,MEDICAL & OFFICE EQUIPMENT
528,A60000B,00803,00000,PHONE SYSTEM
528,A60000C,00500,00100,N
528,B10000*,00100,00200,CAP BLDG
528,B10000*,00100,00300,CAP COSTS
528,B10000*,00100,00400,EMPLOYEE
528,B10000*,00100,00500,MEDICAL
528,B10000*,00100,00800,ORGAN
528,B10000*,00100,01000,ADMIN &
528,B10000*,00200,00200,OP PLANT &
528,B10000*,00200,00300,MOVABLE
528,B10000*,00200,00400,BENEFITS
528,B10000*,00200,00500,SUPPLIES
528,B10000*,00200,00800,ACQUISITN
528,B10000*,00200,01000,GENERAL
528,B10000*,00300,00200,HOUSEKEEP
528,B10000*,00300,00300,EQUIPMENT
528,B10000*,00300,00800,COSTS
528,B10000*,00400,00200,SQUARE
528,B10000*,00400,00300,DOLLAR
528,B10000*,00400,00400,ADJUST
528,B10000*,00400,00500,COSTED
528,B10000*,00400,00800,NUMBER
528,B10000*,00400,01000,ACCUM
528,B10000*,00500,00200,FEET
528,B10000*,00500,00300,VALUE
528,B10000*,00500,00400,SALARIES
528,B10000*,00500,00500,REQUISIT
528,B10000*,00500,00800,ORGANS
528,B10000*,00500,01000,COSTS
528,B10000*,00600,00200,1
528,B10000*,00600,00300,2
528,B10000*,00600,00400,3
528,B10000*,00600,00500,3
528,B10000*,00600,00800,3
528,B10000*,00600,01000,3
528,B100000,00000,01000,X
528,E000000,00900,00000,ESTIMATED THIRD PARTY RECEIVABLE
528,E000000,02600,00000,CIP - BUILDING
528,E000000,03900,00000,DEFERRED LEASE COSTS
528,E100001,00700,00000,RESEARCH INCOME
528,E100001,00800,00000,CALL CENTER SERVICE FEES
528,E100001,00900,00000,TISSUE REVENUE
528,E100001,00901,00000,KIDNEY PROCUREMENT REVENUE - PR YR
528,E200000,02000,00000,ROUNDING DIFFERENCE
528,E200000,02100,00000,CHANGE IN MARKET VALUE OF INVESTMENT
528,E200000,02200,00000,CHARITABLE CONTRIBUTIONS
528,E200000,02300,00000,SEMINAR FEES
528,E200000,02600,00000,LOSS ON DISPOSAL OF ASSETS
528,S000000,00100,00100,X
528,S000000,00400,00100,2
528,S000000,00500,00100,05/26/2022
528,S000000,00600,00100,10001
528,S000000,00700,00100,N
528,S000000,00800,00100,N
528,S000000,00900,00100,10/11/2023
528,S000000,01000,00100,4
528,S000001,00100,00100,LIFEGIFT
528,S000001,00100,00200,45P003
528,S000001,00101,00100,2510 WESTRIDGE STREET
528,S000001,00102,00100,HOUSTON
528,S000001,00102,00200,TX
528,S000001,00102,00300,77054
528,S000001,00300,00100,01/01/2021
528,S000001,00300,00200,12/31/2021
528,S000001,00400,00100,6
528,S000001,00400,00300,1
528,S000001,00400,00400,10/01/1987
528,S000001,00401,00300,1
528,S000002,00100,00200,Y
528,S000002,00300,00100,SR. EXECUTIVE VICE PRESIDENT / CFO
528,S000002,00400,00100,05/25/2022
528,S100001,00700,00100,N
528,S100001,00810,00000,LIVER SEGMENT
528,S100001,00811,00000,OTHER TISSUES
528,S100001,00812,00000,SMALL BOWEL
528,S100003,00100,00100,MEDICAL DIRECTOR
528,S100003,00100,00300,MEDICAL DIRECTOR
528,S100003,00100,00500,LAB DIRECTOR
528,S100003,00101,00100,EXEC. DIRECTOR
528,S100003,00101,00300,PROCUREMENT COORDINATOR
528,S100003,00101,00500,TECHNICIANS
528,S100003,00102,00100,CLERICAL
528,S100003,00102,00300,PRESERVATION TECHNICIANS
528,S100003,00102,00500,TISSUE TYPING TECH.
528,S100003,00103,00100,ADMIN & MANAGERS
528,S100003,00103,00300,DONOR RESOURCE CENTER
528,S100003,00103,00500,OTHER
528,S200000,00100,00100,N
528,S200000,00200,00100,N
528,S200000,00300,00100,N
528,S200000,00400,00100,Y
528,S200000,00400,00200,A
528,S200000,00400,00300,06/30/2022
528,S200000,00500,00100,N
528,S200000,00600,00300,SR EXEC VP & CFO
528,S200000,00700,00100,LIFEGIFT
529,A000000,00100,00000,0100CAPITAL COSTS-BLDG & FIXT
529,A000000,00200,00000,0200CAPITAL COSTS-MVBLE EQUIPMENT
529,A000000,00300,00000,0300EMPLOYEE BENEFITS
529,A000000,00400,00000,0400ADMINISTRATIVE & GENERAL
529,A000000,00500,00000,0500OPERATION AND MAINTENANCE OF PLANT
529,A000000,00600,00000,0600HOUSEKEEPING
529,A000000,00700,00000,0700MEDICAL SUPPLIES
529,A000000,00800,00000,0800OTHER OVERHEAD
529,A000000,00900,00000,0900PROCUREMENT COORDINATORS
529,A000000,01000,00000,1000PROFESSIONAL EDUCATION
529,A000000,01100,00000,1100PUBLIC EDUCATION
529,A000000,01200,00000,1200OTHER ACQUISITION
529,A000000,01300,00000,1300KIDNEY ACQUISITIONS
529,A000000,01400,00000,1400TISSUE TYPING LABORATORY
529,A000000,01500,00000,1500LIVER ACQUISITIONS
529,A000000,01600,00000,1600HEART ACQUISITIONS
529,A000000,01700,00000,1700PANCREAS ACQUISITIONS
529,A000000,01800,00000,1800LUNG ACQUISITIONS
529,A000000,01900,00000,1900OTHER ACQUISITIONS
529,A000000,02100,00000,2100RESEARCH
529,A000000,02200,00000,2200BLOOD BANK
529,A000000,02300,00000,2300LABORATORY-NON-TISSUE TYPING
529,A000000,02400,00000,2400DIALYSIS UNITS
529,A000000,02500,00000,2500OTHER NON-REIMBURSABLE
529,A100000,01700,00000,REPAIRS AND MAINTENANCE
529,A100000,01800,00000,SAFETY
529,A100000,01900,00000,DEVELOPMENT
529,A100000,01901,00000,FUNDRAISING
529,A100000,01902,00000,SERVICE CHARGES
529,A100000,01903,00000,PROECESS IMPROVEMENT
529,A100000,01904,00000,CENTRAL OFFICE
529,A100000,01905,00000,PROFESSIONAL SERVICES
529,A100000,01906,00000,ADMINISTRATION
529,A100000,01908,00000,OTHER
529,A300000,00600,00000,SUPPLIES
529,A300000,00700,00000,CELL PHONE
529,A300000,00800,00000,PURCHASED SERVICES
529,A300000,00900,00000,DUES/SUBS
529,A300000,01000,00000,TRAVEL/MEETINGS
529,A300000,01001,00000,INSURANCE
529,A300000,01002,00000,OTHER EXPENSE
529,A500010,01300,00100,A
529,A500010,01300,00300,CAPITAL COSTS-BLDG & FIXT
529,A500010,01500,00000,HLA DIRECTOR
529,A500010,01500,00100,A
529,A500010,01500,00300,TISSUE TYPING LABORATORY
529,A51000A,00100,00100,Y
529,A51000B,00100,00200,TISSUE TYPING LABORATORY
529,A51000B,00100,00300,HOME OFFICE
529,A51000B,00200,00200,TISSUE TYPING LABORATORY
529,A51000B,00200,00300,HOME OFFICE
529,A51000B,00300,00200,TISSUE TYPING LABORATORY
529,A51000B,00300,00300,OCCUPANCY
529,A51000B,00400,00200,BLOOD BANK
529,A51000B,00400,00300,OCCUPANCY
529,A51000B,00401,00200,TISSUE TYPING LABORATORY
529,A51000B,00401,00300,EXECUTIVE DIRECTOR
529,A51000C,00100,00100,B
529,A51000C,00100,00400,VITALANT
529,A51000C,00100,00600,NON-PROFIT CORPORATION
529,A60000A,00700,00000,LEASEHOLD IMPROVEMENTS
529,A60000B,00800,00000,OTHER
529,A60000C,00500,00100,N
529,B10000*,00100,00200,CAP BLDG
529,B10000*,00100,00300,CAP COSTS
529,B10000*,00100,00400,EMPLOYEE
529,B10000*,00100,00500,MEDICAL
529,B10000*,00100,00800,ORGAN
529,B10000*,00100,01000,ADMIN &
529,B10000*,00200,00200,OP PLANT &
529,B10000*,00200,00300,MOVABLE
529,B10000*,00200,00400,BENEFITS
529,B10000*,00200,00500,SUPPLIES
529,B10000*,00200,00800,ACQUISITN
529,B10000*,00200,01000,GENERAL
529,B10000*,00300,00200,HOUSEKEEP
529,B10000*,00300,00300,EQUIPMENT
529,B10000*,00300,00800,COSTS
529,B10000*,00400,00200,SQUARE
529,B10000*,00400,00300,DOLLAR
529,B10000*,00400,00400,ADJUST
529,B10000*,00400,00500,COSTED
529,B10000*,00400,00800,NUMBER
529,B10000*,00400,01000,ACCUM
529,B10000*,00500,00200,FEET
529,B10000*,00500,00300,VALUE
529,B10000*,00500,00400,SALARIES
529,B10000*,00500,00500,REQUISIT
529,B10000*,00500,00800,ORGANS
529,B10000*,00500,01000,COSTS
529,B10000*,00600,00200,1
529,B10000*,00600,00300,2
529,B10000*,00600,00400,3
529,B10000*,00600,00500,3
529,B10000*,00600,00800,3
529,B10000*,00600,01000,3
529,B100000,00000,01000,X
529,E000000,00900,00000,RESTRICTED CASH
529,E000000,02600,00000,PROPERTY & EQUIPMENT - NET
529,E000000,03100,00000,OTHER
529,E000000,03900,00000,RETIREMENT PLAN LIABILITY
529,E000000,04100,00000,OTHER CURRENT ACCRUED EXPENSES
529,E000000,04600,00000,OTHER LONG TERM LIABILITIES
529,E000000,04700,00000,ACCRUED PENSION & DEFERRED COMPENSAT
529,E000000,04800,00000,ACCRUED POST RETIREMENT HEALTH BENEF
529,E100001,00700,00000,NMDP
529,E200000,01500,00000,MISCELLANEOUS
529,E200000,01600,00000,INTEREST INCOME
529,S000000,00100,00100,X
529,S000000,00400,00100,2
529,S000000,00500,00100,06/03/2022
529,S000000,00600,00100,10001
529,S000000,00700,00100,N
529,S000000,00800,00100,N
529,S000000,00900,00100,10/12/2023
529,S000000,01000,00100,4
529,S000001,00100,00100,VITALANT
529,S000001,00100,00200,50HL02
529,S000001,00101,00100,210 W CATALDO AVENUE
529,S000001,00102,00100,SPOKANE
529,S000001,00102,00200,WA
529,S000001,00102,00300,99201
529,S000001,00300,00100,01/01/2021
529,S000001,00300,00200,12/31/2021
529,S000001,00400,00100,6
529,S000001,00400,00300,2
529,S000001,00400,00400,01/01/1997
529,S000001,00401,00300,1
529,S100001,00700,00100,N
529,S100001,00810,00000,OTHER
529,S100002,00400,00100,HLA-AB TYPING
529,S100002,00401,00100,HLA-DR TYPING
529,S100002,00402,00100,DECEASED DONOR WORKUP
529,S100002,00403,00100,CELL FREEZING AND STORAGE
529,S100002,00404,00100,ALTRUISTIC DONOR WORKUP
529,S100002,00405,00100,ABORH
529,S100002,00406,00100,ANTIBODY SCREEN
529,S100002,00407,00100,DIRECT/INDIRECT COOMBS
529,S100002,00408,00100,HLA-DPA TYPING
529,S100002,00409,00100,HLA-DPB1 TYPING
529,S100002,00410,00100,HLA-DQA TYPING
529,S100002,00411,00100,FLOWPRAI
529,S100002,00412,00100,FLOW/LUMINEX ANTIBODY ID
529,S100002,00413,00100,ANTI-A TITER
529,S100002,00414,00100,FLOW XM
529,S100002,00415,00100,OUTSIDE PURCHASE FEE
529,S100002,00416,00100,CALL BACK FEE
529,S100002,00417,00100,SAMPLE COLLECTION KIT
529,S100002,00418,00100,SPECIMEN PROCESSING/STORAGE
529,S100002,00419,00100,ANTIBODY ID DSA SUMMARY
529,S100002,00420,00100,MICA TYPING
529,S100002,00421,00100,MOLECULAR HLA-ABC TYPING
529,S100002,00422,00100,B-27 TYPING
529,S100002,00423,00100,AT1R ANTIBODY
529,S100003,00100,00100,MEDICAL DIRECTOR
529,S100003,00100,00300,MEDICAL DIRECTOR
529,S100003,00100,00500,LAB DIRECTOR
529,S100003,00101,00100,EXEC. DIRECTOR
529,S100003,00101,00300,PROCUREMENT COORDINATOR
529,S100003,00101,00500,TECHNICIANS
529,S100003,00102,00100,CLERICAL
529,S100003,00102,00300,PRESERVATION TECHNICIANS
529,S100003,00102,00500,TISSUE TYPING TECH.
529,S100003,00103,00100,OTHER
529,S100003,00103,00300,OTHER
529,S100003,00103,00500,OTHER
529,S200000,00100,00100,N
529,S200000,00200,00100,N
529,S200000,00300,00100,Y
529,S200000,00400,00100,Y
529,S200000,00400,00200,A
529,S200000,00500,00100,Y
529,S200000,00600,00300,DIRECTOR
529,S200000,00700,00100,VITALANT
530,A000000,00100,00000,0100CAPITAL COSTS-BLDG & FIXT
530,A000000,00200,00000,0200CAPITAL COSTS-MVBLE EQUIPMENT
530,A000000,00300,00000,0300EMPLOYEE BENEFITS
530,A000000,00400,00000,0400ADMINISTRATIVE & GENERAL
530,A000000,00500,00000,0500OPERATION AND MAINTENANCE OF PLANT
530,A000000,00600,00000,0600HOUSEKEEPING
530,A000000,00700,00000,0700MEDICAL SUPPLIES
530,A000000,00800,00000,0800OTHER OVERHEAD
530,A000000,00900,00000,0900PROCUREMENT COORDINATORS
530,A000000,01000,00000,1000PROFESSIONAL EDUCATION
530,A000000,01100,00000,1100PUBLIC EDUCATION
530,A000000,01200,00000,1200OTHER ACQUISITION
530,A000000,01300,00000,1300KIDNEY ACQUISITIONS
530,A000000,01400,00000,1400TISSUE TYPING LABORATORY
530,A000000,01500,00000,1500LIVER ACQUISITIONS
530,A000000,01600,00000,1600HEART ACQUISITIONS
530,A000000,01700,00000,1700PANCREAS ACQUISITIONS
530,A000000,01800,00000,1800LUNG ACQUISITIONS
530,A000000,01900,00000,1900OTHER ACQUISITIONS
530,A000000,02100,00000,2100RESEARCH
530,A000000,02200,00000,2200BLOOD BANK
530,A000000,02300,00000,2300LABORATORY-NON-TISSUE TYPING
530,A000000,02400,00000,2400DIALYSIS UNITS
530,A000000,02500,00000,2500OTHER NON-REIMBURSABLE
530,A100000,01700,00000,AMORTIZATION - START UP COSTS
530,A300000,00600,00000,LAB SUPPLIES
530,A300000,00700,00000,LAB FEES & PERMITS
530,A300000,00800,00000,LAB COAT CLEANING/UNIFORMS
530,A300000,00900,00000,LAB EQUIPMENT
530,A300000,01000,00000,MEDICAL WASTE REMOVAL
530,A400010,00100,00000,RECLASS TISSUE TYPING EXPENSE
530,A400010,00100,00100,A
530,A400010,00100,00200,TISSUE TYPING LABORATORY
530,A400010,00100,00500,CAPITAL COSTS-BLDG & FIXT
530,A400010,00200,00000,RECLASS TISSUE TYPING EXPENSE
530,A400010,00200,00100,A
530,A400010,00200,00500,CAPITAL COSTS-MVBLE EQUIPMENT
530,A400010,00300,00000,RECLASS TISSUE TYPING EXPENSE
530,A400010,00300,00100,A
530,A400010,00300,00500,EMPLOYEE BENEFITS
530,A51000A,00100,00100,N
530,B10000*,00100,00200,CAP BLDG
530,B10000*,00100,00300,CAP COSTS
530,B10000*,00100,00400,EMPLOYEE
530,B10000*,00100,00500,MEDICAL
530,B10000*,00100,00800,ORGAN
530,B10000*,00100,01000,ADMIN &
530,B10000*,00200,00200,OP PLANT &
530,B10000*,00200,00300,MOVABLE
530,B10000*,00200,00400,BENEFITS
530,B10000*,00200,00500,SUPPLIES
530,B10000*,00200,00800,ACQUISITN
530,B10000*,00200,01000,GENERAL
530,B10000*,00300,00200,HOUSEKEEP
530,B10000*,00300,00300,EQUIPMENT
530,B10000*,00300,00800,COSTS
530,B10000*,00400,00200,SQUARE
530,B10000*,00400,00300,DOLLAR
530,B10000*,00400,00400,ADJUST
530,B10000*,00400,00500,COSTED
530,B10000*,00400,00800,NUMBER
530,B10000*,00400,01000,ACCUM
530,B10000*,00500,00200,FEET
530,B10000*,00500,00300,VALUE
530,B10000*,00500,00400,SALARIES
530,B10000*,00500,00500,REQUISIT
530,B10000*,00500,00800,ORGANS
530,B10000*,00500,01000,COSTS
530,B10000*,00600,00200,1
530,B10000*,00600,00300,2
530,B10000*,00600,00400,3
530,B10000*,00600,00500,3
530,B10000*,00600,00800,3
530,B10000*,00600,01000,3
530,B100000,00000,01000,X
530,E000000,00900,00000,OTHER CURRENT ASSETS
530,E000000,02600,00000,OTHER FIXED ASSETS
530,E000000,03100,00000,START UP COSTS AND ACCUM AMORT
530,E200000,01500,00000,OTHER INCOME
530,S000000,00100,00100,X
530,S000000,00400,00100,2
530,S000000,00500,00100,06/09/2022
530,S000000,00600,00100,10001
530,S000000,00700,00100,N
530,S000000,00800,00100,N
530,S000000,00900,00100,10/17/2023
530,S000000,01000,00100,4
530,S000001,00100,00100,APPLIED IMMUNOGENETICS LABORATORY
530,S000001,00100,00200,21HL02
530,S000001,00101,00100,11419 CRONRIDGE DRIVE  STE 17
530,S000001,00102,00100,OWINGS MILLS
530,S000001,00102,00200,MD
530,S000001,00102,00300,21117
530,S000001,00300,00100,01/01/2021
530,S000001,00300,00200,12/31/2021
530,S000001,00400,00100,3
530,S000001,00400,00300,2
530,S000001,00400,00400,11/20/2019
530,S000001,00401,00300,1
530,S000002,00300,00100,CEO
530,S100001,00700,00100,N
530,S100001,00810,00000,OTHER
530,S100002,00400,00100,DECEASED DONOR WORK UP
530,S100002,00401,00100,FLOW CYTOMETRY
530,S100002,00402,00100,LYMPHOCYTOTOXIC CROSSMATCH
530,S100002,00403,00100,SERUM STORAGE FOR CROSSMATCH
530,S100002,00404,00100,DNA EXTRACTION
530,S100002,00405,00100,STAT FEE FOR STAT TESTING
530,S100002,00406,00100,HLA CLASS II-DP TYPING
530,S100002,00407,00100,HLA CLASS I TYPING
530,S100002,00408,00100,HLA CLASS II TYPING
530,S100002,00409,00100,HLA ANTIBODY CLASS I
530,S100002,00410,00100,HLA ANTIBODY CLASS II
530,S100003,00100,00100,MEDICAL DIRECTOR
530,S100003,00100,00300,MEDICAL DIRECTOR
530,S100003,00100,00500,LAB DIRECTOR
530,S100003,00101,00100,EXEC. DIRECTOR
530,S100003,00101,00300,PROCUREMENT COORDINATOR
530,S100003,00101,00500,TECHNICIANS
530,S100003,00102,00100,CLERICAL
530,S100003,00102,00300,PRESERVATION TECHNICIANS
530,S100003,00102,00500,TISSUE TYPING TECH.
530,S100003,00103,00100,OTHER
530,S100003,00103,00300,OTHER
530,S100003,00103,00500,ADMIN/C;ERCIAL
530,S200000,00100,00100,N
530,S200000,00200,00100,N
530,S200000,00300,00100,N
530,S200000,00400,00100,N
530,S200000,00500,00100,Y
530,S200000,00600,00300,DIRECTOR
530,S200000,00700,00100,SALTMARSH  CLEAVELAND & GUND
531,A000000,00100,00000,0100CAPITAL COSTS-BLDG & FIXT
531,A000000,00200,00000,0200CAPITAL COSTS-MVBLE EQUIPMENT
531,A000000,00300,00000,0300EMPLOYEE BENEFITS
531,A000000,00400,00000,0400ADMINISTRATIVE & GENERAL
531,A000000,00500,00000,0500OPERATION AND MAINTENANCE OF PLANT
531,A000000,00600,00000,0600HOUSEKEEPING
531,A000000,00700,00000,0700MEDICAL SUPPLIES
531,A000000,00800,00000,0800OTHER OVERHEAD
531,A000000,00900,00000,0900PROCUREMENT COORDINATORS
531,A000000,01000,00000,1000PROFESSIONAL EDUCATION
531,A000000,01100,00000,1100PUBLIC EDUCATION
531,A000000,01300,00000,1300KIDNEY ACQUISITIONS
531,A000000,01400,00000,1400TISSUE TYPING LABORATORY
531,A000000,01500,00000,1500LIVER ACQUISITIONS
531,A000000,01600,00000,1600HEART ACQUISITIONS
531,A000000,01700,00000,1700PANCREAS ACQUISITIONS
531,A000000,01800,00000,1800LUNG ACQUISITIONS
531,A000000,01900,00000,1900OTHER ACQUISITIONS
531,A000000,02100,00000,2100RESEARCH
531,A000000,02200,00000,2200BLOOD BANK
531,A000000,02300,00000,2300LABORATORY-NON-TISSUE TYPING
531,A000000,02400,00000,2400DIALYSIS UNITS
531,A100000,01700,00000,OUALITY COMPLIANCE
531,A100000,01800,00000,SUPPORT SERVICES
531,A100000,01900,00000,SPECIMEN MANAGEMENT
531,A100000,01901,00000,CLIENT SERVICES
531,A100000,01902,00000,FACILITIES ADMIN
531,A100000,01903,00000,FACILITIES BLDG
531,A100000,01904,00000,LOGISTICS
531,A300000,00600,00000,REAGENTS AND SUPPLIES
531,A300000,00700,00000,DEPRECIATION
531,A300000,00800,00000,MISCELLANEOUS OPERATIONS
531,A300000,00900,00000,OTHER EXPENSES
531,A500010,00900,00100,A
531,A500010,00900,00300,ADMINISTRATIVE & GENERAL
531,A500010,01500,00000,GROSS RECEIPTS TAX - NMIL
531,A500010,01500,00100,A
531,A500010,01500,00300,TISSUE TYPING LABORATORY
531,A500010,01501,00000,GROSS RECEIPTS TAX OTHER LAB
531,A500010,01501,00100,A
531,A500010,01501,00300,LABORATORY-NON-TISSUE TYPING
531,A500010,01502,00000,MISCELLANEOUS INCOME
531,A500010,01502,00100,B
531,A500010,01502,00300,ADMINISTRATIVE & GENERAL
531,A500010,01503,00000,LOSS ON SALE OF ASSETS
531,A500010,01503,00100,A
531,A500010,01503,00300,LABORATORY-NON-TISSUE TYPING
531,A500010,01600,00000,PROMOTIONAL EXPENSE
531,A500010,01600,00100,A
531,A500010,01600,00300,ADMINISTRATIVE & GENERAL
531,A500010,01601,00000,CONTRIBUTION EXPENSE
531,A500010,01601,00100,A
531,A500010,01601,00300,ADMINISTRATIVE & GENERAL
531,A500010,01603,00000,LOBBYING EXPENSE
531,A500010,01603,00100,A
531,A500010,01603,00300,ADMINISTRATIVE & GENERAL
531,A500010,01605,00000,COMMUNITY SERVICE
531,A500010,01605,00100,A
531,A500010,01605,00300,ADMINISTRATIVE & GENERAL
531,A500010,01606,00000,LEASE INCOME
531,A500010,01606,00100,B
531,A500010,01606,00300,ADMINISTRATIVE & GENERAL
531,A500010,01608,00000,SPECIALTY LAB BASE- TTL
531,A500010,01608,00100,A
531,A500010,01608,00300,TISSUE TYPING LABORATORY
531,A500010,01609,00000,SPECIALTY LAB BASE - NON TTL
531,A500010,01609,00100,A
531,A500010,01609,00300,LABORATORY-NON-TISSUE TYPING
531,A500010,01610,00000,WOODWARD BUILDING BASE - TTL
531,A500010,01610,00100,A
531,A500010,01610,00300,TISSUE TYPING LABORATORY
531,A500010,01611,00000,WOODWARD BUILDING BASE - NON TTL
531,A500010,01611,00100,A
531,A500010,01611,00300,LABORATORY-NON-TISSUE TYPING
531,A500010,01612,00000,WOODWARD BUILDING BASE - ADMIN & GEN
531,A500010,01612,00100,A
531,A500010,01612,00300,ADMINISTRATIVE & GENERAL
531,A500010,01613,00000,WOODWARD BUILDING RESEARCH
531,A500010,01613,00100,A
531,A500010,01613,00300,RESEARCH
531,A51000A,00100,00100,N
531,B10000*,00100,00200,CAP BLDG
531,B10000*,00100,00300,CAP COSTS
531,B10000*,00100,00400,EMPLOYEE
531,B10000*,00100,00500,MEDICAL
531,B10000*,00100,00800,ORGAN
531,B10000*,00100,01000,ADMIN &
531,B10000*,00200,00200,OP PLANT &
531,B10000*,00200,00300,MOVABLE
531,B10000*,00200,00400,BENEFITS
531,B10000*,00200,00500,SUPPLIES
531,B10000*,00200,00800,ACQUISITN
531,B10000*,00200,01000,GENERAL
531,B10000*,00300,00200,HOUSEKEEP
531,B10000*,00300,00300,EQUIPMENT
531,B10000*,00300,00800,COSTS
531,B10000*,00400,00200,SQUARE
531,B10000*,00400,00300,DOLLAR
531,B10000*,00400,00400,ADJUST
531,B10000*,00400,00500,COSTED
531,B10000*,00400,00800,NUMBER
531,B10000*,00400,01000,ACCUM
531,B10000*,00500,00200,FEET
531,B10000*,00500,00300,VALUE
531,B10000*,00500,00400,SALARIES
531,B10000*,00500,00500,REQUISIT
531,B10000*,00500,00800,ORGANS
531,B10000*,00500,01000,COSTS
531,B10000*,00600,00200,1
531,B10000*,00600,00300,2
531,B10000*,00600,00400,3
531,B10000*,00600,00500,3
531,B10000*,00600,00800,3
531,B10000*,00600,01000,3
531,B100000,00000,01000,X
531,E200000,01500,00000,OTHER SERVICES INCOME
531,E200000,01600,00000,LAB MANAGEMENT FEES
531,E200000,01800,00000,RECORD RESEARCH INCOME
531,E200000,01900,00000,MISCELLANEOUS INCOME
531,E200000,02000,00000,GAIN ON SALE OF ASSETS
531,E200000,02100,00000,DUE FROM MEDICARE
531,S000000,00100,00100,X
531,S000000,00400,00100,2
531,S000000,00500,00100,06/06/2022
531,S000000,00600,00100,10001
531,S000000,00700,00100,N
531,S000000,00800,00100,N
531,S000000,00900,00100,10/17/2023
531,S000000,01000,00100,4
531,S000001,00100,00100,NEW MEXICO IMMUNOGENETICS LABORATOR
531,S000001,00100,00200,32HL01
531,S000001,00101,00100,6121 INDIAN SCHOOL RD NE STE 122
531,S000001,00102,00100,ALBUQURQUE
531,S000001,00102,00200,NM
531,S000001,00102,00300,87110
531,S000001,00300,00100,01/01/2021
531,S000001,00300,00200,12/31/2021
531,S000001,00400,00100,2
531,S000001,00400,00300,2
531,S000001,00400,00400,01/01/2018
531,S000001,00401,00300,1
531,S000002,00300,00100,CHIEF FINANCIAL OFFICER
531,S100001,00700,00100,N
531,S100001,00810,00000,OTHER
531,S100002,00401,00100,PRA FEE FOR SERUM PROCESSING
531,S100002,00402,00100,PRA FEE FOR SERUM PROCESSING
531,S100002,00403,00100,PRA FEE FOR SERUM PROCESSING
531,S100002,00404,00100,HLA ABC CLASS I
531,S100002,00405,00100,HLA ABDR CLASS I  II
531,S100002,00406,00100,CADAV PRELIM CROSSMATCH BY FLOW
531,S100002,00407,00100,PRELIMINARY/FINAL FLOW CROSSMATCH
531,S100002,00408,00100,AUTO CROSSMATCH BY FLOW
531,S100002,00409,00100,CADAVERIC HLA TYPING BY DNA
531,S100002,00410,00100,CADAVERIC HLA TYPING BY DNA
531,S100002,00411,00100,HLA PRETXP AB SCREEN
531,S100002,00412,00100,LUMINEX SGL AG CL I
531,S100002,00413,00100,LUMINEX SGL AG CL II
531,S100002,00414,00100,C I SINGLE LOCUS
531,S100002,00415,00100,C II SINGLE LOCUS
531,S100002,00416,00100,PRELIM VIRTUAL XM
531,S100002,00417,00100,FLOW CROSSMATCH STAT
531,S100002,00418,00100,HLA ABDR CLASS I  II
531,S100002,00419,00100,PRELIMINARY/FINAL FLOW CROSSMATCH
531,S100002,00420,00100,HLA PRETXP AB SCREEN
531,S100002,00421,00100,LUMINEX SGL AG CL I
531,S100002,00422,00100,LUMINEX SGL AG CL II
531,S100002,00423,00100,PRELIM VIRTUAL XM
531,S100002,00424,00100,FLOW CROSSMATCH STAT
531,S100003,00100,00100,MEDICAL DIRECTOR
531,S100003,00100,00300,MEDICAL DIRECTOR
531,S100003,00100,00500,LAB DIRECTOR
531,S100003,00101,00100,EXEC. DIRECTOR
531,S100003,00101,00300,PROCUREMENT COORDINATOR
531,S100003,00101,00500,TECHNICIANS
531,S100003,00102,00100,CLERICAL
531,S100003,00102,00300,PRESERVATION TECHNICIANS
531,S100003,00102,00500,TISSUE TYPING TECH.
531,S100003,00103,00100,OTHER
531,S100003,00103,00300,OTHER
531,S100003,00103,00500,OTHER
531,S200000,00100,00100,N
531,S200000,00200,00100,N
531,S200000,00300,00100,N
531,S200000,00400,00100,Y
531,S200000,00400,00200,A
531,S200000,00500,00100,N
531,S200000,00600,00300,FIXED ASSET ACCOUNTANT
531,S200000,00700,00100,TRICORE
532,A000000,00100,00000,0100CAPITAL COSTS-BLDG & FIXT
532,A000000,00200,00000,0200CAPITAL COSTS-MVBLE EQUIPMENT
532,A000000,00300,00000,0300EMPLOYEE BENEFITS
532,A000000,00400,00000,0400ADMINISTRATIVE & GENERAL
532,A000000,00500,00000,0500OPERATION AND MAINTENANCE OF PLANT
532,A000000,00600,00000,0600HOUSEKEEPING
532,A000000,00700,00000,0700MEDICAL SUPPLIES
532,A000000,00800,00000,0800OTHER OVERHEAD
532,A000000,00900,00000,0900PROCUREMENT COORDINATORS
532,A000000,01000,00000,1000PROFESSIONAL EDUCATION
532,A000000,01100,00000,1100PUBLIC EDUCATION
532,A000000,01200,00000,1200CALL CENTER
532,A000000,01300,00000,1300KIDNEY ACQUISITIONS
532,A000000,01400,00000,1400TISSUE TYPING LABORATORY
532,A000000,01500,00000,1500LIVER ACQUISITIONS
532,A000000,01600,00000,1600HEART ACQUISITIONS
532,A000000,01700,00000,1700PANCREAS ACQUISITIONS
532,A000000,01800,00000,1800LUNG ACQUISITIONS
532,A000000,01900,00000,1900INTESTINE          (WKST A2 6 L 23
532,A000000,02100,00000,2100RESEARCH
532,A000000,02200,00000,2200BLOOD BANK
532,A000000,02300,00000,2300LABORATORY-NON-TISSUE TYPING
532,A000000,02400,00000,2400DIALYSIS UNITS
532,A000000,02500,00000,2500TISSUE
532,A100000,01700,00000,MEMBERSHIP DUES
532,A100000,01800,00000,MISCELLANEOUS ADMINISTRATIVE
532,A100000,01900,00000,PENSION CONTRIBUTIONS
532,A100000,01901,00000,CALL CENTER
532,A20H000,00900,00000,ACCRUED EXPENSES
532,A20K000,00900,00000,ACCRUED EXPENSES
532,A20L000,00900,00000,ACCRUED EXPENSES
532,A20O000,00900,00000,ACCRUED EXPENSES
532,A20O000,02100,00000,TISSUE INDIRECT COST
532,A20O000,02101,00000,TISSUE ADMINISTRATIVE & GENERAL
532,A20O000,02102,00000,OTHER TISSUE ACQ. COSTS-PURCH BONE
532,A20P000,00900,00000,ACCRUED EXPENSES
532,A20U000,00900,00000,ACCRUED EXPENSES
532,A400010,00100,00000,RE-ALLOCATE RENT EXPENSE
532,A400010,00100,00100,A
532,A400010,00100,00200,CAPITAL COSTS-BLDG & FIXT
532,A400010,00100,00500,ADMINISTRATIVE & GENERAL
532,A400010,00200,00000,RECLASS EMPLOYEE GROUP INSURANCE
532,A400010,00200,00100,B
532,A400010,00200,00200,EMPLOYEE BENEFITS
532,A400010,00200,00500,ADMINISTRATIVE & GENERAL
532,A400010,00300,00000,RECLASS PAYROLL TAX - ORGAN
532,A400010,00300,00100,D
532,A400010,00300,00200,EMPLOYEE BENEFITS
532,A400010,00300,00500,PROCUREMENT COORDINATORS
532,A400010,00400,00000,RECLASS PAYROLL TAX - TISSUE
532,A400010,00400,00100,E
532,A400010,00400,00200,EMPLOYEE BENEFITS
532,A400010,00400,00500,TISSUE
532,A400010,00500,00000,RECLASS EQUIPMENT RENTAL
532,A400010,00500,00100,G
532,A400010,00500,00200,ADMINISTRATIVE & GENERAL
532,A400010,00500,00500,CAPITAL COSTS-MVBLE EQUIPMENT
532,A400010,00600,00000,TISSUE ALLOCATION
532,A400010,00600,00100,H
532,A400010,00600,00200,TISSUE
532,A400010,00600,00500,PROCUREMENT COORDINATORS
532,A400010,00700,00000,TISSUE ALLOCATION
532,A400010,00700,00100,H
532,A400010,00700,00500,PUBLIC EDUCATION
532,A400010,00800,00000,TISSUE ALLOCATION
532,A400010,00800,00100,H
532,A400010,00800,00500,PROFESSIONAL EDUCATION
532,A400010,00900,00000,INTEREST EXPENSE
532,A400010,00900,00100,J
532,A400010,00900,00200,CAPITAL COSTS-BLDG & FIXT
532,A400010,00900,00500,ADMINISTRATIVE & GENERAL
532,A500010,00700,00100,B
532,A500010,00700,00300,CAPITAL COSTS-BLDG & FIXT
532,A500010,00800,00100,B
532,A500010,00800,00300,PROCUREMENT COORDINATORS
532,A500010,01200,00100,B
532,A500010,01200,00300,CAPITAL COSTS-BLDG & FIXT
532,A500010,01500,00000,UES-LOBBYING
532,A500010,01500,00100,A
532,A500010,01500,00300,PROCUREMENT COORDINATORS
532,A500010,01501,00000,FUNDRAISING
532,A500010,01501,00100,B
532,A500010,01501,00300,PUBLIC EDUCATION
532,A500010,01502,00000,SPONSORSHIPS
532,A500010,01502,00100,B
532,A500010,01502,00300,PUBLIC EDUCATION
532,A500010,01601,00000,LOSS ON ADVANCE REFUNDING
532,A500010,01601,00100,A
532,A500010,01601,00300,CAPITAL COSTS-BLDG & FIXT
532,A51000A,00100,00100,N
532,A60000A,00700,00000,LEASEHOLD IMPROVEMENTS
532,A60000A,00701,00000,CIP
532,A60000B,00800,00000,LEASEHOLD IMPROVEMENTS
532,A60000C,00500,00100,N
532,B10000*,00100,00200,CAP BLDG
532,B10000*,00100,00300,CAP COSTS
532,B10000*,00100,00400,EMPLOYEE
532,B10000*,00100,00500,MEDICAL
532,B10000*,00100,00800,ORGAN
532,B10000*,00100,01000,ADMIN &
532,B10000*,00200,00200,OP PLANT &
532,B10000*,00200,00300,MOVABLE
532,B10000*,00200,00400,BENEFITS
532,B10000*,00200,00500,SUPPLIES
532,B10000*,00200,00800,ACQUISITN
532,B10000*,00200,01000,GENERAL
532,B10000*,00300,00200,HOUSEKEEP
532,B10000*,00300,00300,EQUIPMENT
532,B10000*,00300,00800,COSTS
532,B10000*,00400,00200,SQUARE SQ.
532,B10000*,00400,00300,DOLLAR
532,B10000*,00400,00400,ADJUST
532,B10000*,00400,00500,COSTED REQ
532,B10000*,00400,00800,NO. OF ORG
532,B10000*,00400,01000,ACCUM
532,B10000*,00500,00200,FT.)
532,B10000*,00500,00300,VALUE
532,B10000*,00500,00400,SALARIES
532,B10000*,00500,00500,UIS
532,B10000*,00500,00800,ANS
532,B10000*,00500,01000,COSTS
532,B10000*,00600,00200,1
532,B10000*,00600,00300,2
532,B10000*,00600,00400,3
532,B10000*,00600,00500,3
532,B10000*,00600,00800,3
532,B10000*,00600,01000,3
532,B100000,00000,01000,X
532,E000000,00900,00000,OTHER CURRENT ASSETS
532,E000000,02600,00000,CONSTRUCTION IN PROGRESS
532,E200000,01500,00000,FUNDRAISING
532,E200000,01600,00000,MISCELLANEOUS
532,E200000,01700,00000,RECEIVED FROM CMS
532,E200000,02000,00000,GAIN/ LOSS
532,E200000,02100,00000,PPP REVENUE
532,E200000,02600,00000,GAIN/LOSS
532,S000000,00100,00100,X
532,S000000,00400,00100,2
532,S000000,00500,00100,07/08/2022
532,S000000,00600,00100,10001
532,S000000,00700,00100,N
532,S000000,00800,00100,N
532,S000000,00900,00100,10/19/2023
532,S000000,01000,00100,4
532,S000001,00100,00100,LOUISIANA ORGAN PROCUREMENT AGENCY
532,S000001,00100,00200,19P001
532,S000001,00101,00100,68190 HWY 190 SERVICE ROAD
532,S000001,00102,00100,COVINGTON
532,S000001,00102,00200,LA
532,S000001,00102,00300,70433
532,S000001,00300,00100,01/01/2021
532,S000001,00300,00200,12/31/2021
532,S000001,00400,00100,6
532,S000001,00400,00300,1
532,S000001,00400,00400,11/27/1987
532,S000001,00401,00300,1
532,S000002,00100,00200,Y
532,S000002,00300,00100,CEO
532,S000002,00400,00100,07/06/2022
532,S100001,00700,00100,N
532,S100001,00810,00000,INTESTINE
532,S100001,00811,00000,SAPH VEINS
532,S100003,00100,00100,MEDICAL DIRECTOR
532,S100003,00100,00300,MEDICAL DIRECTOR
532,S100003,00100,00500,LAB DIRECTOR
532,S100003,00101,00100,EXEC. DIRECTOR
532,S100003,00101,00300,PROCUREMENT COORDINATOR
532,S100003,00101,00500,TECHNICIANS
532,S100003,00102,00100,CLERICAL
532,S100003,00102,00300,PRESERVATION TECHNICIANS
532,S100003,00102,00500,TISSUE TYPING TECH.
532,S100003,00103,00100,OTHER
532,S100003,00103,00300,OTHER
532,S100003,00103,00500,OTHER
532,S200000,00100,00100,N
532,S200000,00200,00100,N
532,S200000,00300,00100,N
532,S200000,00400,00100,Y
532,S200000,00400,00200,A
532,S200000,00500,00100,N
532,S200000,00600,00300,COO
532,S200000,00700,00100,LOUISIANA ORGAN PROCUREMENT AGENCY
533,A000000,00100,00000,0100CAPITAL COSTS-BLDG & FIXT
533,A000000,00200,00000,0200CAPITAL COSTS-MVBLE EQUIPMENT
533,A000000,00300,00000,0300EMPLOYEE BENEFITS
533,A000000,00400,00000,0400ADMINISTRATIVE & GENERAL
533,A000000,00500,00000,0500OPERATION AND MAINTENANCE OF PLANT
533,A000000,00600,00000,0600HOUSEKEEPING
533,A000000,00700,00000,0700MEDICAL SUPPLIES
533,A000000,00800,00000,0800OTHER OVERHEAD
533,A000000,00900,00000,0900PROCUREMENT COORDINATORS
533,A000000,01000,00000,1000PROFESSIONAL EDUCATION
533,A000000,01100,00000,1100PUBLIC EDUCATION
533,A000000,01200,00000,1200OTHER ACQUISITION
533,A000000,01300,00000,1300KIDNEY ACQUISITIONS
533,A000000,01400,00000,1400TISSUE TYPING LABORATORY
533,A000000,01500,00000,1500LIVER ACQUISITIONS
533,A000000,01600,00000,1600HEART ACQUISITIONS
533,A000000,01700,00000,1700PANCREAS ACQUISITIONS
533,A000000,01800,00000,1800LUNG ACQUISITIONS
533,A000000,01900,00000,1900OTHER ACQUISITIONS
533,A000000,02100,00000,2100RESEARCH
533,A000000,02200,00000,2200BLOOD BANK
533,A000000,02300,00000,2300LABORATORY-NON-TISSUE TYPING
533,A000000,02400,00000,2400DIALYSIS UNITS
533,A000000,02500,00000,2500OTHER NON-REIMBURSABLE
533,A100000,01700,00000,FINANCE DEPARTMENT
533,A100000,01800,00000,HUMAN RESOURCES
533,A100000,01900,00000,QUALITY SYSTEMS
533,A100000,01903,00000,BANK CHARGES
533,A100000,01904,00000,ADP CHARGES
533,A100000,01905,00000,DUES AND SUBSCRIPTIONS
533,A100000,01906,00000,REPAIRS  MAINTENANCE AND LEASES
533,A100000,01907,00000,EXPENSED ASSETS
533,A100000,01908,00000,STATLINE ANSWERING SERVICE
533,A100000,01910,00000,NON-REIMBURSABLE
533,A100000,01911,00000,PERSONAL EXPENSE
533,A100000,01912,00000,CONTRACT SERVICES
533,A100000,01913,00000,AUTOMOBILE EXPENSES
533,A100000,01914,00000,POTENTIAL DONOR EXPENSE
533,A20H000,00900,00000,OTHER HOSPITAL COSTS
533,A20H000,00901,00000,CARDIOLOGY
533,A20H000,00902,00000,RADIOLOGY
533,A20H000,02100,00000,ANGIOGRAM
533,A20H000,02101,00000,HEART CATHETER
533,A20H000,02102,00000,VENUS CATHETER
533,A20H000,02103,00000,ECHOS
533,A20H000,02104,00000,EKGS
533,A20H000,02105,00000,CHEST XRAY
533,A20H000,02106,00000,SEROLOGY
533,A20H000,02107,00000,PATHOLOGY AND BIOPSY
533,A20K000,00900,00000,OTHER HOSPITAL COSTS
533,A20K000,00901,00000,RADIOLOGY
533,A20K000,00902,00000,CARDIOLOGY
533,A20K000,02100,00000,VENS CATHETER
533,A20K000,02101,00000,CHEST XRAY
533,A20K000,02102,00000,SEROLOGY
533,A20K000,02103,00000,PATHGOLOGY AND BIOPSY
533,A20K000,02104,00000,KIDNEY PERFUSION
533,A20L000,00900,00000,OTHER HOSPITAL COSTS
533,A20L000,00901,00000,CARDIOLOGY
533,A20L000,00902,00000,RADIOLOGY
533,A20L000,02100,00000,OTHER LIVER COSTS
533,A20L000,02101,00000,HEART CATHETER
533,A20L000,02102,00000,VENUS CATHETER
533,A20L000,02103,00000,CHEST XRAY
533,A20L000,02104,00000,SEROLOGY
533,A20L000,02105,00000,PATHOLOGY AND BIOPSY
533,A20O000,00900,00000,RADIOLOGY
533,A20O000,02100,00000,OTHER SMALL INTESTINE COSTS
533,A20P000,00900,00000,OTHER HOSPITAL COSTS
533,A20P000,00901,00000,RADIOLOGY
533,A20P000,02100,00000,SEROLOGY
533,A20P000,02101,00000,VENUS CATHETER
533,A20P000,02102,00000,CHEST XRAY
533,A20U000,00900,00000,OTHER HOSPITAL COSTS
533,A20U000,00901,00000,RADIOLOGY
533,A20U000,00902,00000,EEG
533,A20U000,02100,00000,BRONCHOSCOPY
533,A20U000,02101,00000,PATHOLOGY
533,A20U000,02102,00000,VENUS CATHETER
533,A20U000,02103,00000,RADIOLOGY
533,A300000,00600,00000,CONSULTANT LAB DIRECTOR
533,A300000,00700,00000,CONTRACT TECHS
533,A300000,00800,00000,EMPLOYEE BENEFITS
533,A300000,00900,00000,EMPLOYEE TAXES
533,A300000,01000,00000,TRAVEL  MEETINGS  SEMINARS (EDUCATIO
533,A300000,01001,00000,CONTRACT SERVICES
533,A300000,01002,00000,COMMUNICATION
533,A300000,01003,00000,OFFICE SUPPLIES
533,A300000,01004,00000,DISPOSABLE SUPPLIES
533,A300000,01005,00000,DUES AND MEMBERSHIPS
533,A300000,01006,00000,OTHER
533,A400010,00100,00000,RECLASSIFICATIONS
533,A400010,00100,00100,A
533,A400010,00100,00200,OTHER NON-REIMBURSABLE
533,A400010,00100,00500,PROFESSIONAL EDUCATION
533,A400010,00200,00000,RECLASSIFICATIONS
533,A400010,00200,00100,A
533,A400010,00200,00200,OTHER NON-REIMBURSABLE
533,A400010,00200,00500,PUBLIC EDUCATION
533,A400010,00300,00000,RECLASSIFICATIONS
533,A400010,00300,00100,A
533,A400010,00300,00200,OTHER NON-REIMBURSABLE
533,A400010,00300,00500,PROCUREMENT COORDINATORS
533,A500010,01500,00000,LOBBYING EXPENSE
533,A500010,01500,00100,A
533,A500010,01500,00300,ADMINISTRATIVE & GENERAL
533,A500010,01600,00000,RESEARCH INCOME
533,A500010,01600,00100,B
533,A500010,01600,00300,PROCUREMENT COORDINATORS
533,A500010,01601,00000,MISCELLANEOUS INCOME
533,A500010,01601,00100,B
533,A500010,01601,00300,ADMINISTRATIVE & GENERAL
533,A500010,01602,00000,NON-REIMBURSABLE EXPENSES
533,A500010,01602,00100,A
533,A500010,01602,00300,ADMINISTRATIVE & GENERAL
533,A500010,01603,00000,INTEREST EXPENSE
533,A500010,01603,00100,A
533,A500010,01603,00300,ADMINISTRATIVE & GENERAL
533,A500010,01604,00000,DISALLOW NONREIMBURSABLE EXPS
533,A500010,01604,00100,A
533,A500010,01604,00300,ADMINISTRATIVE & GENERAL
533,A500010,01605,00000,DISALLOW NONREIMBURSABLE EXPS
533,A500010,01605,00100,A
533,A500010,01605,00300,PROCUREMENT COORDINATORS
533,A500010,01606,00000,DISALLOW NONREIMBURSABLE EXPS
533,A500010,01606,00100,A
533,A500010,01606,00300,PUBLIC EDUCATION
533,A51000A,00100,00100,N
533,A60000A,00700,00000,LEASEHOLD IMPROVEMENTS
533,A60000A,00701,00000,TISSUE RECOVERY EQUIPMENT
533,A60000A,00702,00000,KIDNEY PRESERVATION FURN & EQUIPMENT
533,A60000A,00703,00000,HLA LAB FURN & FIXT
533,A60000A,00704,00000,OFFICE FURN & FIXT
533,A60000A,00705,00000,COMPUTER HARDWARE
533,A60000A,00706,00000,COMPUTER SOFTWARE
533,A60000B,00800,00000,LEASEHOLD IMPROVEMENTS
533,A60000B,00801,00000,TISSUE RECOVERY EQUIPMENT
533,A60000B,00802,00000,KIDNEY PRESERVATION FURN & EQUIP
533,A60000B,00803,00000,HLA LAB FURN & FIX
533,A60000B,00804,00000,OFFICE FURN & FIXT
533,A60000B,00805,00000,COMPUTER HARDWARE
533,A60000B,00806,00000,COMPUTER SOFTWARE
533,B10000*,00100,00200,CAP BLDG
533,B10000*,00100,00300,CAP COSTS
533,B10000*,00100,00400,EMPLOYEE
533,B10000*,00100,00500,MEDICAL
533,B10000*,00100,00800,ORGAN
533,B10000*,00100,01000,ADMIN &
533,B10000*,00200,00200,OP PLANT &
533,B10000*,00200,00300,MOVABLE
533,B10000*,00200,00400,BENEFITS
533,B10000*,00200,00500,SUPPLIES
533,B10000*,00200,00800,ACQUISITN
533,B10000*,00200,01000,GENERAL
533,B10000*,00300,00200,HOUSEKEEP
533,B10000*,00300,00300,EQUIPMENT
533,B10000*,00300,00800,COSTS
533,B10000*,00400,00200,SQUARE
533,B10000*,00400,00300,DOLLAR
533,B10000*,00400,00400,ADJUST
533,B10000*,00400,00500,COSTED
533,B10000*,00400,00800,NUMBER
533,B10000*,00400,01000,ACCUM
533,B10000*,00500,00200,FEET
533,B10000*,00500,00300,VALUE
533,B10000*,00500,00400,SALARIES
533,B10000*,00500,00500,REQUISIT
533,B10000*,00500,00800,ORGANS
533,B10000*,00500,01000,COSTS
533,B10000*,00600,00200,1
533,B10000*,00600,00300,2
533,B10000*,00600,00400,3
533,B10000*,00600,00500,3
533,B10000*,00600,00800,3
533,B10000*,00600,01000,3
533,B100000,00000,01000,X
533,E000000,00900,00000,PREPAIDS
533,E000000,02600,00000,OTHER FIXED ASSETS
533,E000000,03900,00000,ACCRUED HOSPITAL BILLS
533,E100001,00700,00000,TISSUE PROCURMENT
533,E100001,00800,00000,RESEARCH REVENUE
533,E100001,00900,00000,MEDICARE
533,E200000,01500,00000,COUNTY GRANTS
533,E200000,01600,00000,DONATIONS
533,E200000,01700,00000,MISCELLANEOUS
533,E200000,01800,00000,UNREALIZED GAIN(LOSS) ON INVESTMENTS
533,S000000,00100,00100,X
533,S000000,00400,00100,2
533,S000000,00500,00100,10/05/2022
533,S000000,00600,00100,10001
533,S000000,00700,00100,N
533,S000000,00800,00100,N
533,S000000,00900,00100,10/19/2023
533,S000000,01000,00100,4
533,S000001,00100,00100,MID-SOUTH TRANSPLANT FOUNDATION  INC
533,S000001,00100,00200,44P003
533,S000001,00101,00100,8001 CENTERVIEW PKWY  STE 302
533,S000001,00102,00100,CORDOVA
533,S000001,00102,00200,TN
533,S000001,00102,00300,38018
533,S000001,00200,00100,MID-SOUTH TRANSPLANT FOUNDATION  INC
533,S000001,00200,00200,44HL02
533,S000001,00201,00100,8001 CENTERVIEW PKWY  STE 302
533,S000001,00202,00100,CORDOVA
533,S000001,00202,00200,TN
533,S000001,00202,00300,38018
533,S000001,00300,00100,01/01/2021
533,S000001,00300,00200,12/31/2021
533,S000001,00400,00100,6
533,S000001,00400,00300,1
533,S000001,00400,00400,04/01/1976
533,S000001,00401,00100,6
533,S000001,00401,00300,2
533,S000001,00401,00400,01/01/1979
533,S000002,00100,00200,Y
533,S000002,00300,00100,EXECUTIVE DIRECTOR
533,S000002,00400,00100,09/20/2022
533,S100001,00700,00100,N
533,S100001,00810,00000,HEART IMPORTS
533,S100001,00811,00000,VEINS
533,S100002,00400,00100,CLASS 1 & 2 QPCR TYPING KIDNEY
533,S100002,00401,00100,CLASS 1 & 2 QPCR TYPING KIDNEY - ARO
533,S100002,00402,00100,LUMINEX CLASS 1 PRA/AB ID KIDNEY
533,S100002,00403,00100,LUMINEX CLASS 2 PRA/AB ID KIDNEY
533,S100002,00404,00100,LUMINEX CLASS 1 HIGH DEF KIDNEY
533,S100002,00405,00100,LUMINEX CLASS 2 HIGH DEF KIDNEY
533,S100002,00406,00100,LUMINEX CLASS 1 HIGH DEF - C3D KIDNE
533,S100002,00407,00100,LUMINEX CLASS 2 HIGH DEF - C3D KIDNE
533,S100002,00408,00100,FLOW T-CELL IGG CROSSMATCH KIDNEY
533,S100002,00409,00100,FLOW B-CELL IGG CROSSMATCH KIDNEY
533,S100002,00410,00100,LOCAL DONOR TYPING
533,S100002,00411,00100,LOCAL DONOR TYPING - ARORA
533,S100002,00412,00100,CELL PROCESSING & FREEZING-APOLLO
533,S100002,00413,00100,DNA EXTRACTION-APOLLO
533,S100002,00414,00100,FACILITATION-APOLLO
533,S100002,00415,00100,STAT TESTING FEE
533,S100002,00416,00100,SERUM PROCESS & ARCHIVE W/ NO TESTIN
533,S100003,00100,00100,MEDICAL DIRECTOR
533,S100003,00100,00300,MEDICAL DIRECTOR
533,S100003,00100,00500,LAB DIRECTOR
533,S100003,00101,00100,EXEC. DIRECTOR
533,S100003,00101,00300,PROCUREMENT COORDINATOR
533,S100003,00101,00500,TECHNICIANS
533,S100003,00102,00100,CLERICAL
533,S100003,00102,00300,PRESERVATION TECHNICIANS
533,S100003,00102,00500,TISSUE TYPING TECH.
533,S100003,00103,00100,OTHER
533,S100003,00103,00300,OTHER
533,S100003,00103,00500,OTHER
533,S200000,00100,00100,N
533,S200000,00200,00100,N
533,S200000,00300,00100,N
533,S200000,00400,00100,Y
533,S200000,00400,00200,A
533,S200000,00400,00300,06/15/2022
533,S200000,00500,00100,N
533,S200000,00600,00300,MGR FINANCE
533,S200000,00700,00100,MID-SOUTH TRANSPLANT FOUNDATION
534,A000000,00100,00000,0100CAPITAL COSTS-BLDG & FIXT
534,A000000,00200,00000,0200CAPITAL COSTS-MVBLE EQUIPMENT
534,A000000,00300,00000,0300EMPLOYEE BENEFITS
534,A000000,00400,00000,0400ADMINISTRATIVE & GENERAL
534,A000000,00500,00000,0500OPERATION AND MAINTENANCE OF PLANT
534,A000000,00600,00000,0600HOUSEKEEPING
534,A000000,00700,00000,0700MEDICAL SUPPLIES
534,A000000,00800,00000,0800OTHER OVERHEAD
534,A000000,00900,00000,0900PROCUREMENT COORDINATORS
534,A000000,01000,00000,1000PROFESSIONAL EDUCATION
534,A000000,01100,00000,1100PUBLIC EDUCATION
534,A000000,01200,00000,1200OTHER ACQUISITION
534,A000000,01300,00000,1300KIDNEY ACQUISITIONS
534,A000000,01400,00000,1400TISSUE TYPING LABORATORY
534,A000000,01500,00000,1500LIVER ACQUISITIONS
534,A000000,01700,00000,1700PANCREAS ACQUISITIONS
534,A000000,01800,00000,1800LUNG ACQUISITIONS
534,A000000,01900,00000,1900OTHER ACQUISITIONS
534,A000000,02100,00000,2100RESEARCH
534,A000000,02200,00000,2200BLOOD BANK
534,A000000,02300,00000,2300LABORATORY-NON-TISSUE TYPING
534,A000000,02400,00000,2400DIALYSIS UNITS
534,A000000,02500,00000,2500OTHER NON-REIMBURSABLE
534,A100000,01700,00000,ADVERTISING
534,A100000,01800,00000,NON-ALLOWABLE EXPENSE
534,A100000,01900,00000,AUTO EXPENSE
534,A100000,01901,00000,DUES & SUBSCRIPTIONS
534,A300000,00600,00000,LAB SUPPLIES/MINOR EQUIPMENT
534,A300000,00700,00000,LAB FEES
534,A300000,00800,00000,LAB COAT CLEANING/UNIFORMS
534,A300000,00900,00000,LAB EQUIPMENT LEASE
534,A400010,00100,00000,RECLASS TISSUE TYPING EXPENSE
534,A400010,00100,00100,A
534,A400010,00100,00200,TISSUE TYPING LABORATORY
534,A400010,00100,00500,CAPITAL COSTS-BLDG & FIXT
534,A400010,00200,00000,RECLASS TISSUE TYPING EXPENSE
534,A400010,00200,00100,A
534,A400010,00200,00500,CAPITAL COSTS-MVBLE EQUIPMENT
534,A400010,00300,00000,RECLASS TISSUE TYPING EXPENSE
534,A400010,00300,00100,A
534,A400010,00300,00500,EMPLOYEE BENEFITS
534,A500010,01500,00000,NON-ALLOWABLE EXPENSE
534,A500010,01500,00100,A
534,A500010,01500,00300,ADMINISTRATIVE & GENERAL
534,A500010,01501,00000,AUTO EXPENSE - 20% PERSONAL USAGE
534,A500010,01501,00100,A
534,A500010,01501,00300,ADMINISTRATIVE & GENERAL
534,A51000A,00100,00100,Y
534,A51000B,00100,00200,TISSUE TYPING LABORATORY
534,A51000B,00100,00300,LAB CONTRACT SERVICE
534,A51000C,00100,00100,B
534,A51000C,00100,00200,AFZAL NIKAEIN PHD
534,A51000C,00100,00400,TMS  INC. MOLECUAR LAB
534,A51000C,00100,00600,MOLECULAR LAB
534,B10000*,00100,00200,CAP BLDG
534,B10000*,00100,00300,CAP COSTS
534,B10000*,00100,00400,EMPLOYEE
534,B10000*,00100,00500,MEDICAL
534,B10000*,00100,00800,ORGAN
534,B10000*,00100,01000,ADMIN &
534,B10000*,00200,00200,OP PLANT &
534,B10000*,00200,00300,MOVABLE
534,B10000*,00200,00400,BENEFITS
534,B10000*,00200,00500,SUPPLIES
534,B10000*,00200,00800,ACQUISITN
534,B10000*,00200,01000,GENERAL
534,B10000*,00300,00200,HOUSEKEEP
534,B10000*,00300,00300,EQUIPMENT
534,B10000*,00300,00800,COSTS
534,B10000*,00400,00200,SQUARE
534,B10000*,00400,00300,DOLLAR
534,B10000*,00400,00400,ADJUST
534,B10000*,00400,00500,COSTED
534,B10000*,00400,00800,NUMBER
534,B10000*,00400,01000,ACCUM
534,B10000*,00500,00200,FEET
534,B10000*,00500,00300,VALUE
534,B10000*,00500,00400,SALARIES
534,B10000*,00500,00500,REQUISIT
534,B10000*,00500,00800,ORGANS
534,B10000*,00500,01000,COSTS
534,B10000*,00600,00200,1
534,B10000*,00600,00300,2
534,B10000*,00600,00400,3
534,B10000*,00600,00500,3
534,B10000*,00600,00800,3
534,B10000*,00600,01000,3
534,B100000,00000,01000,X
534,E000000,00900,00000,OTHER CURRENT ASSETS
534,E000000,02600,00000,OTHER FIXED ASSETS
534,E000000,04600,00000,CAPITAL LEASE PAYABLE
534,E000000,04700,00000,DUE TO SHAREHOLDER
534,S000000,00100,00100,X
534,S000000,00400,00100,2
534,S000000,00500,00100,05/23/2022
534,S000000,00600,00100,10001
534,S000000,00700,00100,N
534,S000000,00800,00100,N
534,S000000,00900,00100,10/19/2023
534,S000000,01000,00100,4
534,S000001,00100,00100,TEXAS MEDICAL SPECIALTY  INC.
534,S000001,00100,00200,45HL12
534,S000001,00101,00100,7777 FOREST LANE  SUITE C-768
534,S000001,00102,00100,DALLAS
534,S000001,00102,00200,TX
534,S000001,00102,00300,75230
534,S000001,00300,00100,01/01/2021
534,S000001,00300,00200,12/31/2021
534,S000001,00400,00100,2
534,S000001,00400,00300,2
534,S000001,00400,00400,04/01/1999
534,S000001,00401,00300,1
534,S000002,00300,00100,PRESIDENT/DIRECTOR
534,S100001,00700,00100,N
534,S100001,00810,00000,OTHER
534,S100002,00400,00100,DECEASED DONOR HLA TYPING
534,S100002,00401,00100,CROSSMATCH  AUTO T
534,S100002,00402,00100,CROSSMATCH  AUTO B
534,S100002,00403,00100,CROSSMATCH  AHG AUTO
534,S100002,00404,00100,CROSSMATCH  AUTO T FLOW
534,S100002,00405,00100,CROSSMATCH  AUTO B FLOW
534,S100002,00406,00100,CROSSMATCH  AHG ALLO
534,S100002,00407,00100,CROSSMATCH  FLOW T ALLO
534,S100002,00408,00100,CROSSMATCH  FLOW B ALLO
534,S100002,00409,00100,PRA  HLA SCREENING CLASS I & II
534,S100002,00410,00100,PRA  HLA ANTIBODY ID CLASS I
534,S100002,00411,00100,PRA  HLA ANTIBODY ID CLASS II
534,S100002,00412,00100,HLA- A&B&C MOLECULAR
534,S100002,00413,00100,HLA-DR  DQ  DP MOLECULAR
534,S100003,00100,00100,MEDICAL DIRECTOR
534,S100003,00100,00300,MEDICAL DIRECTOR
534,S100003,00100,00500,LAB DIRECTOR
534,S100003,00101,00100,EXEC. DIRECTOR
534,S100003,00101,00300,PROCUREMENT COORDINATOR
534,S100003,00101,00500,TECHNICIANS
534,S100003,00102,00100,CLERICAL
534,S100003,00102,00300,PRESERVATION TECHNICIANS
534,S100003,00102,00500,TISSUE TYPING TECH.
534,S100003,00103,00100,OTHER
534,S100003,00103,00300,OTHER
534,S100003,00103,00500,OTHER
534,S200000,00100,00100,N
534,S200000,00200,00100,N
534,S200000,00300,00100,Y
534,S200000,00400,00100,N
534,S200000,00500,00100,Y
534,S200000,00600,00300,DIRECTOR
534,S200000,00700,00100,SALTMARSH  CLEAVELAND & GUND
535,A000000,00100,00000,0100CAPITAL COSTS-BLDG & FIXT
535,A000000,00200,00000,0200CAPITAL COSTS-MVBLE EQUIPMENT
535,A000000,00300,00000,0300EMPLOYEE BENEFITS
535,A000000,00400,00000,0400ADMINISTRATIVE & GENERAL
535,A000000,00500,00000,0500OPERATION AND MAINTENANCE OF PLANT
535,A000000,00600,00000,0600HOUSEKEEPING
535,A000000,00700,00000,0700MEDICAL SUPPLIES
535,A000000,00800,00000,0800OTHER OVERHEAD
535,A000000,00900,00000,0900PROCUREMENT COORDINATORS
535,A000000,01000,00000,1000PROFESSIONAL EDUCATION
535,A000000,01100,00000,1100PUBLIC EDUCATION
535,A000000,01200,00000,1200OTHER ACQUISITION
535,A000000,01300,00000,1300KIDNEY ACQUISITIONS
535,A000000,01400,00000,1400TISSUE TYPING LABORATORY
535,A000000,01500,00000,1500LIVER ACQUISITIONS
535,A000000,01600,00000,1600HEART ACQUISITIONS
535,A000000,01700,00000,1700PANCREAS ACQUISITIONS
535,A000000,01800,00000,1800LUNG ACQUISITIONS
535,A000000,01900,00000,1900INTESTINE ACQUISITIONS
535,A000000,02100,00000,2100RESEARCH
535,A000000,02200,00000,2200BLOOD BANK
535,A000000,02300,00000,2300LABORATORY-NON-TISSUE TYPING
535,A000000,02400,00000,2400DIALYSIS UNITS
535,A000000,02500,00000,2500TISSUE
535,A000000,02501,00000,2501GOLF ALLOCATION
535,A000000,02502,00000,2502UNUSED SPACE
535,A100000,01700,00000,POSTAGE
535,A100000,01800,00000,PAYROLL PROCESSING
535,A100000,01900,00000,BOND AMORTIZATION
535,A100000,01901,00000,MISCELLANEOUS EXPENSES
535,A20H000,00900,00000,DONOR HOSPITAL OTHER
535,A20K000,00900,00000,DONOR HOSPITAL OTHER
535,A20K000,02100,00000,OTHER COSTS
535,A20L000,00900,00000,DONOR HOSPITAL OTHER
535,A20O000,00900,00000,DONOR HOSPITAL OTHER
535,A20O000,02100,00000,OTHER COSTS
535,A20P000,00900,00000,DONOR HOSPITAL OTHER
535,A20U000,00900,00000,DONOR HOSPITSL OTHER
535,A300000,00600,00000,PRINTING AND OFFICE SUPPLIES
535,A300000,00700,00000,OPERATING SUPPLIES
535,A300000,00800,00000,MEETING AND TRAVEL
535,A300000,00900,00000,CONSULTANTS
535,A300000,00901,00000,DEPRECIATION
535,A300000,01000,00000,EQUIPMENT RENTAL
535,A300000,01001,00000,MISCELLANEOUS
535,A400010,00100,00000,TISSUE OVERHEAD
535,A400010,00100,00100,A
535,A400010,00100,00200,TISSUE
535,A400010,00100,00500,PROCUREMENT COORDINATORS
535,A400010,00200,00000,A&G OCCUPANCY RECLASS
535,A400010,00200,00100,B
535,A400010,00200,00200,ADMINISTRATIVE & GENERAL
535,A400010,00200,00500,CAPITAL COSTS-BLDG & FIXT
535,A400010,00300,00000,A&G OCCUPANCY RECLASS
535,A400010,00300,00100,B
535,A400010,00300,00500,OPERATION AND MAINTENANCE OF PLANT
535,A500010,00800,00100,A
535,A500010,00800,00300,PROCUREMENT COORDINATORS
535,A500010,01200,00100,A
535,A500010,01200,00300,ADMINISTRATIVE & GENERAL
535,A500010,01500,00000,LOBBYING EXPENSES
535,A500010,01500,00100,A
535,A500010,01500,00300,ADMINISTRATIVE & GENERAL
535,A500010,01506,00000,GOLF ALLOCATION
535,A500010,01506,00100,A
535,A500010,01506,00300,GOLF ALLOCATION
535,A500010,01507,00000,OFFSET TISSUE LOST CHARGES
535,A500010,01507,00100,A
535,A500010,01507,00300,TISSUE
535,A500010,01600,00000,UNALLOWABLE PROFESSIONAL EDUC EXPENS
535,A500010,01600,00100,A
535,A500010,01600,00300,PROFESSIONAL EDUCATION
535,A500010,01601,00000,UNALLOWABLE PUBLIC EDUC EXPENSES
535,A500010,01601,00100,A
535,A500010,01601,00300,PUBLIC EDUCATION
535,A500010,01602,00000,UNALLOWABLE ADMIN EXPENSES
535,A500010,01602,00100,A
535,A500010,01602,00300,ADMINISTRATIVE & GENERAL
535,A500010,01603,00000,UNALLOWABLE TRANSPORTATION
535,A500010,01603,00100,A
535,A500010,01603,00300,PROCUREMENT COORDINATORS
535,A500010,01604,00000,UNALLOWABLE LAB EXPENSES
535,A500010,01604,00100,A
535,A500010,01604,00300,TISSUE TYPING LABORATORY
535,A500010,01605,00000,KIDNEY LIVING RELATED REVENUE
535,A500010,01605,00100,A
535,A500010,01605,00300,KIDNEY ACQUISITIONS
535,A500010,01606,00000,UNALLOWABLE COORD EXPENSES
535,A500010,01606,00100,A
535,A500010,01606,00300,PROCUREMENT COORDINATORS
535,A500010,01607,00000,UNALLOWABLE KIDNEY EXPENSE
535,A500010,01607,00100,A
535,A500010,01607,00300,KIDNEY ACQUISITIONS
535,A500010,01608,00000,UNALLOWABLE TISSUE EXPENSE
535,A500010,01608,00100,A
535,A500010,01608,00300,TISSUE
535,A51000A,00100,00100,N
535,A60000A,00700,00000,OFFICE EQUIPMENT
535,A60000A,00701,00000,LEASEHOLD IMPROVEMENTS
535,A60000A,00702,00000,CIP
535,A60000B,00800,00000,OFFICE EQUIPMENT
535,A60000B,00801,00000,LEASEHOLD IMPROVEMENTS
535,A60000C,00500,00100,N
535,B10000*,00100,00200,CAP BLDG
535,B10000*,00100,00300,CAP COSTS
535,B10000*,00100,00400,EMPLOYEE
535,B10000*,00100,00500,MEDICAL
535,B10000*,00100,00800,ORGAN
535,B10000*,00100,01000,ADMIN &
535,B10000*,00200,00200,OP PLANT &
535,B10000*,00200,00300,MOVABLE
535,B10000*,00200,00400,BENEFITS
535,B10000*,00200,00500,SUPPLIES
535,B10000*,00200,00800,ACQUISITN
535,B10000*,00200,01000,GENERAL
535,B10000*,00300,00200,HOUSEKEEP
535,B10000*,00300,00300,EQUIPMENT
535,B10000*,00300,00800,COSTS
535,B10000*,00400,00200,SQUARE
535,B10000*,00400,00300,DOLLAR
535,B10000*,00400,00400,ADJUST
535,B10000*,00400,00500,COSTED
535,B10000*,00400,00800,NUMBER
535,B10000*,00400,01000,ACCUM
535,B10000*,00500,00200,FEET
535,B10000*,00500,00300,VALUE
535,B10000*,00500,00400,SALARIES
535,B10000*,00500,00500,REQUISIT
535,B10000*,00500,00800,ORGANS
535,B10000*,00500,01000,COSTS
535,B10000*,00600,00200,1
535,B10000*,00600,00300,2
535,B10000*,00600,00400,3
535,B10000*,00600,00500,3
535,B10000*,00600,00800,3
535,B10000*,00600,01000,3
535,B100000,00000,01000,X
535,E000000,00900,00000,FLEXIBLE ANNUITY
535,E000000,02600,00000,CIP
535,E000000,03100,00000,OTHER ASSETS
535,E000000,03900,00000,MEDICARE PAYABLE
535,E000000,04100,00000,FLEXIBLE ANNUITY
535,E000000,04600,00000,OTHER LONG-TERM LIABILITIES
535,E100001,00700,00000,TISSUE REVENUE
535,E100001,00800,00000,INTERMEDIARY REIMBURSEMENT
535,E100001,00900,00000,PRESERVATION REVENUE
535,E100002,00800,00000,INTERNAL HLA LAB ADJUSTMENT
535,E200000,02000,00000,UNREALIZED GAIN ON INT RATE SWAP
535,E200000,02600,00000,INTEMEDIARY PAYMENT DUE
535,S000000,00100,00100,X
535,S000000,00400,00100,2
535,S000000,00500,00100,05/27/2022
535,S000000,00600,00100,10001
535,S000000,00700,00100,N
535,S000000,00800,00100,N
535,S000000,00900,00100,10/23/2023
535,S000000,01000,00100,4
535,S000001,00100,00100,ORGAN PROCUREMENT AGENCY OF MICHIGAN
535,S000001,00100,00200,23P001
535,S000001,00101,00100,3861 RESEARCH PARK DRIVE
535,S000001,00102,00100,ANN ARBOR
535,S000001,00102,00200,MI
535,S000001,00102,00300,48108
535,S000001,00200,00100,ORGAN PROCUREMENT AGENCY OF MICHIGAN
535,S000001,00200,00200,23HL03
535,S000001,00201,00100,3861 RESEARCH PARK DRIVE
535,S000001,00202,00100,ANN ARBOR
535,S000001,00202,00200,MI
535,S000001,00202,00300,48108
535,S000001,00300,00100,01/01/2021
535,S000001,00300,00200,12/31/2021
535,S000001,00400,00100,6
535,S000001,00400,00300,1
535,S000001,00400,00400,01/01/1979
535,S000001,00401,00100,6
535,S000001,00401,00300,2
535,S000001,00401,00400,01/01/1979
535,S000002,00100,00200,Y
535,S000002,00300,00100,PRESIDENT/CEO
535,S000002,00400,00100,05/26/2022
535,S100001,00700,00100,N
535,S100001,00810,00000,INTESTINE
535,S100001,00811,00000,OTHER TISSUE
535,S100002,00400,00100,*HBC ANTIBODY TOTAL
535,S100002,00401,00100,*HBS ANTIGEN TOTAL
535,S100002,00402,00100,*HBV/HCV/HIV-1/HIV-2 SCREENING TOTAL
535,S100002,00403,00100,*HCV ANTIBODY TOTAL
535,S100002,00404,00100,*HIV-1/2+O ANTIBODY TOTAL
535,S100002,00405,00100,ABO GENOTYPE TOTAL
535,S100002,00406,00100,ABO GROUPING TOTAL
535,S100002,00407,00100,CMV IGG   TOTAL
535,S100002,00408,00100,DECEASED DONOR FLOW CROSSMATCH TOTAL
535,S100002,00409,00100,DECEASED DONOR FLOW CROSSMATCH-ADDIT
535,S100002,00410,00100,EBV IGM TOTAL
535,S100002,00411,00100,FEE FOR LIAISON TEST PANEL (CMV/EBV/
535,S100002,00412,00100,FEE FOR LUMINEX FLOW MICROARRAY AB I
535,S100002,00413,00100,FEE FOR LUMINEX FLOW MICROARRAY SING
535,S100002,00414,00100,FEE FOR LUMINUX FLOW MICROARRAY SING
535,S100002,00415,00100,FEE FOR NAT TESTING TOTAL
535,S100002,00417,00100,FEE FOR RENAL ONLY CROSSMATCH   TOTA
535,S100002,00418,00100,FEE FOR RENAL WITH PANC CROSSMATCHES
535,S100002,00419,00100,FEE FOR SAMPLE STORAGE TOTAL
535,S100002,00420,00100,FEE FOR STAT TESTING M-F TOTAL
535,S100002,00421,00100,FEE FOR STAT TESTING M-F 07:00-23:00
535,S100002,00422,00100,FEE FOR STAT TESTING OFF HOURS/WEEKE
535,S100002,00423,00100,GLYCOSYLATED HGB  TOTAL
535,S100002,00424,00100,HBSAG EIA TOTAL
535,S100002,00425,00100,INFECTIOUS DISEASE FEE (VIRAL MARKER
535,S100002,00426,00100,LIVING FLOW CROSSMATCH TOTAL
535,S100002,00427,00100,LIVING FLOW XM ADDITIONAL SERA TOTAL
535,S100002,00428,00100,LX SA I TOTAL
535,S100002,00429,00100,LX SA II TOTAL
535,S100002,00430,00100,MOLECULAR SSP CLASS I AND II HLA TES
535,S100002,00431,00100,POC UA TOTAL
535,S100002,00432,00100,RPR   TOTAL
535,S100003,00100,00100,MEDICAL DIRECTOR
535,S100003,00100,00300,MEDICAL DIRECTOR
535,S100003,00100,00500,LAB DIRECTOR
535,S100003,00101,00100,EXEC. DIRECTOR
535,S100003,00101,00300,PROCUREMENT COORDINATOR
535,S100003,00101,00500,TECHNICIANS
535,S100003,00102,00100,CLERICAL
535,S100003,00102,00300,PRESERVATION TECHNICIANS
535,S100003,00102,00500,TISSUE TYPING TECH.
535,S100003,00103,00100,OTHER
535,S100003,00103,00300,OTHER
535,S100003,00103,00500,OTHER
535,S200000,00100,00100,N
535,S200000,00200,00100,N
535,S200000,00300,00100,N
535,S200000,00400,00100,Y
535,S200000,00400,00200,A
535,S200000,00500,00100,Y
535,S200000,00600,00300,DIRECTOR OF ADMINISTRATION
535,S200000,00700,00100,GIFT OF LIFE MICHIGAN
536,A000000,00100,00000,0100CAPITAL COSTS-BLDG & FIXT
536,A000000,00200,00000,0200CAPITAL COSTS-MVBLE EQUIPMENT
536,A000000,00300,00000,0300EMPLOYEE BENEFITS
536,A000000,00400,00000,0400ADMINISTRATIVE & GENERAL
536,A000000,00500,00000,0500OPERATION AND MAINTENANCE OF PLANT
536,A000000,00600,00000,0600HOUSEKEEPING
536,A000000,00700,00000,0700MEDICAL SUPPLIES
536,A000000,00800,00000,0800OTHER OVERHEAD
536,A000000,00900,00000,0900PROCUREMENT COORDINATORS
536,A000000,01000,00000,1000PROFESSIONAL EDUCATION
536,A000000,01100,00000,1100PUBLIC EDUCATION
536,A000000,01200,00000,1200NON-RECOVERIES
536,A000000,01201,00000,1201CALL CENTER
536,A000000,01300,00000,1300KIDNEY ACQUISITIONS
536,A000000,01400,00000,1400TISSUE TYPING LABORATORY
536,A000000,01500,00000,1500LIVER ACQUISITIONS
536,A000000,01600,00000,1600HEART ACQUISITIONS
536,A000000,01700,00000,1700PANCREAS ACQUISITIONS
536,A000000,01800,00000,1800LUNG ACQUISITIONS
536,A000000,01900,00000,1900SM INTESTINE
536,A000000,02100,00000,2100RESEARCH
536,A000000,02200,00000,2200BLOOD BANK
536,A000000,02300,00000,2300LABORATORY-NON-TISSUE TYPING
536,A000000,02400,00000,2400DIALYSIS UNITS
536,A000000,02500,00000,2500TISSUE
536,A100000,01700,00000,PURCHASED SERVICES
536,A100000,01800,00000,PUBLICATIONS & SUBSCRIPTIONS
536,A100000,01900,00000,MEMBERSHIPS & DUES
536,A100000,01901,00000,SHIPPING & POSTAGE
536,A100000,01902,00000,QUALITY ASSURANCE SALARIES
536,A100000,01903,00000,HUMAN RESOURCES
536,A100000,01904,00000,CONSULTING FEES
536,A100000,01905,00000,BAD DEBT PROVISION
536,A100000,01906,00000,OTHER ADMIN & GENERAL
536,A100000,01907,00000,DONATIONS & CONTRIBUTIONS
536,A100000,01908,00000,INTERNAL CALL CENTER
536,A20H000,00900,00000,OTHER
536,A20H000,02100,00000,TRANSPORTATION OF DONOR
536,A20H000,02101,00000,OTHER
536,A20H000,02102,00000,TRANSPORTATION OF TEAMS
536,A20K000,00900,00000,OTHER
536,A20K000,02100,00000,TRANSPORTATION OF DONOR
536,A20K000,02101,00000,OTHER
536,A20K000,02102,00000,TRANSPORTATION OF TEAMS
536,A20L000,00900,00000,OTHER
536,A20L000,02100,00000,TRANSPORTATION OF DONOR
536,A20L000,02101,00000,OTHER
536,A20L000,02102,00000,TRANSPORTATION OF TEAMS
536,A20O000,00900,00000,OTHER
536,A20O000,02100,00000,TRANSPORTATION OF DONOR
536,A20O000,02101,00000,OTHER
536,A20O000,02102,00000,TRANSPORTATION OF TEAMS
536,A20P000,00900,00000,OTHER
536,A20P000,02100,00000,TRANSPORTATION OF DONOR
536,A20P000,02101,00000,OTHER
536,A20P000,02102,00000,TRANSPORTATION OF TEAMS
536,A20U000,00900,00000,OTHER
536,A20U000,02100,00000,TRANSPORTATION OF DONOR
536,A20U000,02101,00000,OTHER
536,A20U000,02102,00000,TRANSPORTATION OF TEAMS
536,A400010,00100,00000,EMPLOYEE BENEFITS
536,A400010,00100,00100,A
536,A400010,00100,00200,ADMINISTRATIVE & GENERAL
536,A400010,00100,00500,EMPLOYEE BENEFITS
536,A400010,00200,00000,EMPLOYEE BENEFITS
536,A400010,00200,00100,A
536,A400010,00200,00200,OPERATION AND MAINTENANCE OF PLANT
536,A400010,00300,00000,EMPLOYEE BENEFITS
536,A400010,00300,00100,A
536,A400010,00300,00200,PROCUREMENT COORDINATORS
536,A400010,00400,00000,EMPLOYEE BENEFITS
536,A400010,00400,00100,A
536,A400010,00400,00200,PROFESSIONAL EDUCATION
536,A400010,00500,00000,EMPLOYEE BENEFITS
536,A400010,00500,00100,A
536,A400010,00500,00200,PUBLIC EDUCATION
536,A400010,00600,00000,EMPLOYEE BENEFITS
536,A400010,00600,00100,A
536,A400010,00600,00200,TISSUE
536,A400010,00700,00000,TISSUE RECLASS - ORGAN
536,A400010,00700,00100,B
536,A400010,00700,00200,TISSUE
536,A400010,00700,00500,PROCUREMENT COORDINATORS
536,A400010,00800,00000,TISSUE RECLASS - PROF & PUB ED
536,A400010,00800,00100,C
536,A400010,00800,00200,TISSUE
536,A400010,00800,00500,PROFESSIONAL EDUCATION
536,A400010,00900,00000,TISSUE RECLASS - PROF & PUB ED
536,A400010,00900,00100,C
536,A400010,00900,00500,PUBLIC EDUCATION
536,A400010,01000,00000,MEDICAL DIRECTOR
536,A400010,01000,00100,D
536,A400010,01000,00200,PROCUREMENT COORDINATORS
536,A400010,01000,00500,ADMINISTRATIVE & GENERAL
536,A400010,01100,00000,MEDICAL DIRECTOR
536,A400010,01100,00100,D
536,A400010,01100,00200,TISSUE
536,A400010,01200,00000,TAXES
536,A400010,01200,00100,E
536,A400010,01200,00200,CAPITAL COSTS-BLDG & FIXT
536,A400010,01200,00500,ADMINISTRATIVE & GENERAL
536,A400010,01300,00000,TAXES
536,A400010,01300,00100,E
536,A400010,01300,00200,CAPITAL COSTS-MVBLE EQUIPMENT
536,A400010,01400,00000,INSURANCE
536,A400010,01400,00100,F
536,A400010,01400,00200,CAPITAL COSTS-BLDG & FIXT
536,A400010,01400,00500,ADMINISTRATIVE & GENERAL
536,A400010,01500,00000,INSURANCE
536,A400010,01500,00100,F
536,A400010,01500,00200,CAPITAL COSTS-MVBLE EQUIPMENT
536,A400010,01600,00000,DEFAULT
536,A400010,01600,00100,G
536,A400010,01600,00200,TISSUE
536,A400010,01600,00500,PROCUREMENT COORDINATORS
536,A500010,00800,00100,B
536,A500010,00800,00300,PROCUREMENT COORDINATORS
536,A500010,01200,00100,B
536,A500010,01200,00300,ADMINISTRATIVE & GENERAL
536,A500010,01500,00000,LOBBYING EXPENSE
536,A500010,01500,00100,A
536,A500010,01500,00300,ADMINISTRATIVE & GENERAL
536,A500010,01501,00000,NON-EMPLOYEE MEALS
536,A500010,01501,00100,A
536,A500010,01501,00300,PROFESSIONAL EDUCATION
536,A500010,01502,00000,NON-EMPLOYEE MEALS
536,A500010,01502,00100,A
536,A500010,01502,00300,ADMINISTRATIVE & GENERAL
536,A500010,01600,00000,SURGEON FEE INCOME
536,A500010,01600,00100,B
536,A500010,01600,00300,PROCUREMENT COORDINATORS
536,A500010,01601,00000,BAD DEBT PROVISION
536,A500010,01601,00100,A
536,A500010,01601,00300,ADMINISTRATIVE & GENERAL
536,A500010,01604,00000,NONALLOWABLE ADVERTISING
536,A500010,01604,00100,A
536,A500010,01604,00300,PUBLIC EDUCATION
536,A500010,01605,00000,NONALLOWABLE CONSULTING
536,A500010,01605,00100,A
536,A500010,01605,00300,ADMINISTRATIVE & GENERAL
536,A500010,01606,00000,401K FORFEITURES
536,A500010,01606,00100,A
536,A500010,01606,00300,EMPLOYEE BENEFITS
536,A500010,01607,00000,NON-ALLOWABLE -SPECIAL EVENTS
536,A500010,01607,00100,A
536,A500010,01607,00300,PROFESSIONAL EDUCATION
536,A500010,01608,00000,NON-ALLOWABLE - TEAM OK
536,A500010,01608,00100,A
536,A500010,01608,00300,PUBLIC EDUCATION
536,A500010,01609,00000,NON-ALLOWABLE - SPONSORSHIPS
536,A500010,01609,00100,A
536,A500010,01609,00300,PUBLIC EDUCATION
536,A51000A,00100,00100,Y
536,A51000B,00100,00200,EMPLOYEE BENEFITS
536,A51000B,00100,00300,FOUNDATION LABOR ALLOCATION
536,A51000B,00200,00200,ADMINISTRATIVE & GENERAL
536,A51000B,00200,00300,FOUNDATION LABOR ALLOCATION
536,A51000C,00100,00100,E
536,A51000C,00100,00200,JEFF ORLOWSKI
536,A51000C,00100,00400,LIFESHARE FOUNDATION
536,A51000C,00100,00600,FOUNDATION
536,A60000A,00700,00000,BUILDING IMPROVEMENTS
536,A60000A,00701,00000,LEASEHOLD IMPROVEMENTS
536,A60000A,00702,00000,SOFTWARE
536,A60000B,00800,00000,BUILDING IMPROVEMENTS
536,A60000B,00801,00000,SOFTWARE
536,A60000C,00500,00100,N
536,B10000*,00100,00200,CAP BLDG
536,B10000*,00100,00300,CAP COSTS
536,B10000*,00100,00400,EMPLOYEE
536,B10000*,00100,00500,MEDICAL
536,B10000*,00100,00800,ORGAN
536,B10000*,00100,01000,ADMIN &
536,B10000*,00200,00200,OP PLANT &
536,B10000*,00200,00300,MOVABLE
536,B10000*,00200,00400,BENEFITS
536,B10000*,00200,00500,SUPPLIES
536,B10000*,00200,00800,ACQUISITN
536,B10000*,00200,01000,GENERAL
536,B10000*,00300,00200,HOUSEKEEP
536,B10000*,00300,00300,EQUIPMENT
536,B10000*,00300,00800,COSTS
536,B10000*,00400,00200,SQUARE
536,B10000*,00400,00300,DOLLAR
536,B10000*,00400,00400,ADJUST
536,B10000*,00400,00500,COSTED
536,B10000*,00400,00800,NUMBER
536,B10000*,00400,01000,ACCUM
536,B10000*,00500,00200,FEET
536,B10000*,00500,00300,VALUE
536,B10000*,00500,00400,SALARIES
536,B10000*,00500,00500,REQUISIT
536,B10000*,00500,00800,ORGANS
536,B10000*,00500,01000,COSTS
536,B10000*,00600,00200,1
536,B10000*,00600,00300,2
536,B10000*,00600,00400,3
536,B10000*,00600,00500,3
536,B10000*,00600,00800,3
536,B10000*,00600,01000,3
536,B100000,00000,01000,X
536,E000000,00900,00000,OTHER CURRENT ASSETS
536,E000000,02600,00000,SOFTWARE
536,E100001,00700,00000,TISSUE PROCUREMENT SERVICES
536,E200000,02000,00000,MEDICARE COST REPORT ACCR/ADJUSTMENT
536,E200000,02100,00000,LOSS ON DISPOSAL OF ASSETS
536,S000000,00100,00100,X
536,S000000,00400,00100,2
536,S000000,00500,00100,05/27/2022
536,S000000,00600,00100,10001
536,S000000,00700,00100,N
536,S000000,00800,00100,N
536,S000000,00900,00100,10/23/2023
536,S000000,01000,00100,4
536,S000001,00100,00100,LIFESHARE TRANSPLANT DONOR SERVICES
536,S000001,00100,00200,37P002
536,S000001,00101,00100,4705 NW EXPRESSWAY
536,S000001,00102,00100,OKLAHOMA CITY
536,S000001,00102,00200,OK
536,S000001,00102,00300,73132
536,S000001,00300,00100,01/01/2021
536,S000001,00300,00200,12/31/2021
536,S000001,00400,00100,2
536,S000001,00400,00300,1
536,S000001,00400,00400,01/01/2017
536,S000001,00401,00300,1
536,S000002,00100,00200,Y
536,S000002,00300,00100,VP FINANCE CFO
536,S000002,00400,00100,05/27/2022
536,S100001,00700,00100,N
536,S100001,00810,00000,INTESTINES/OTHER
536,S100001,00811,00000,VASCULAR
536,S100001,00812,00000,OTHER TISSUE
536,S100003,00100,00100,MEDICAL DIRECTOR
536,S100003,00100,00300,MEDICAL DIRECTOR
536,S100003,00100,00500,LAB DIRECTOR
536,S100003,00101,00100,EXEC. DIRECTOR
536,S100003,00101,00300,PROCUREMENT COORDINATOR
536,S100003,00101,00500,TECHNICIANS
536,S100003,00102,00100,CLERICAL
536,S100003,00102,00300,PRESERVATION TECHNICIANS
536,S100003,00102,00500,TISSUE TYPING TECH.
536,S100003,00103,00100,OTHER
536,S100003,00103,00300,OTHER
536,S100003,00103,00500,OTHER
536,S200000,00100,00100,N
536,S200000,00200,00100,N
536,S200000,00300,00100,Y
536,S200000,00400,00100,Y
536,S200000,00400,00200,A
536,S200000,00500,00100,N
536,S200000,00600,00300,VP FINANCE CFO
536,S200000,00700,00100,LIFESHARE TRANSPLANT DONOR SERVICES
537,A000000,00100,00000,0100CAPITAL COSTS-BLDG & FIXT
537,A000000,00200,00000,0200CAPITAL COSTS-MVBLE EQUIPMENT
537,A000000,00300,00000,0300EMPLOYEE BENEFITS
537,A000000,00400,00000,0400ADMINISTRATIVE & GENERAL
537,A000000,00500,00000,0500OPERATION AND MAINTENANCE OF PLANT
537,A000000,00600,00000,0600HOUSEKEEPING
537,A000000,00700,00000,0700MEDICAL SUPPLIES
537,A000000,00800,00000,0800LAB ADMIN
537,A000000,00801,00000,0801HISTO ADMIN
537,A000000,00802,00000,0802OTHER OVERHEAD
537,A000000,00803,00000,0803ORGAN ADMIN
537,A000000,00900,00000,0900PROCUREMENT COORDINATORS
537,A000000,01000,00000,1000PROFESSIONAL EDUCATION
537,A000000,01100,00000,1100PUBLIC EDUCATION
537,A000000,01200,00000,1200OTHER ACQUISITION
537,A000000,01300,00000,1300KIDNEY ACQUISITIONS
537,A000000,01400,00000,1400TISSUE TYPING LABORATORY
537,A000000,01500,00000,1500LIVER ACQUISITIONS
537,A000000,01600,00000,1600HEART ACQUISITIONS
537,A000000,01700,00000,1700PANCREAS ACQUISITIONS
537,A000000,01800,00000,1800LUNG ACQUISITIONS
537,A000000,01900,00000,1900INTESTINE ACQUISITONS
537,A000000,02100,00000,2100RESEARCH
537,A000000,02200,00000,2200BLOOD BANK
537,A000000,02300,00000,2300LABORATORY-NON-TISSUE TYPING
537,A000000,02400,00000,2400DIALYSIS UNITS
537,A000000,02500,00000,2500TISSUE ACQUISITIONS
537,A000000,02501,00000,2501THERAPEUTIC PRODUCTS
537,A000000,02502,00000,2502RESEARCH FOUNDATION
537,A100000,01700,00000,OTHER ADMIN & GENERAL
537,A100000,01800,00000,SUPPLY CHAIN
537,A100000,01900,00000,SAFETY / QUALITY ASSURANCE
537,A100000,01901,00000,CONTRIBUTION TO REASEARCH / OTHER
537,A20H000,00900,00000,RADIOLOGY
537,A20H000,00901,00000,CARDIOLOGY
537,A20H000,00902,00000,OTHER HOSPITAL CHARGES
537,A20K000,00900,00000,RADIOLOGY
537,A20K000,00901,00000,CARDIOLOGY
537,A20K000,00902,00000,OTHER HOSPITAL CHARGES
537,A20K000,02100,00000,DEPRECIATION
537,A20K000,02101,00000,SOFTWARE SUPPORT
537,A20K000,02102,00000,ORGAN RECOVERY
537,A20L000,00900,00000,RADIOLOGY
537,A20L000,00901,00000,CARDIOLOGY
537,A20L000,00902,00000,OTHER HOSPITAL CHARGES
537,A20L000,02100,00000,OTHER PURCHASED SERVICES
537,A20O000,00900,00000,RADIOLOGY
537,A20P000,00900,00000,RADIOLOGY
537,A20P000,00901,00000,CARDIOLOGY
537,A20P000,00902,00000,OTHER HOSPITAL CHARGES
537,A20U000,00900,00000,RADIOLOGY
537,A20U000,00901,00000,OTHER HOSPITAL CHARGES
537,A20U000,02100,00000,OTHER - PURCHASED SERVICES
537,A300000,00600,00000,OTHER TISSUE TYPING COSTS
537,A400010,00100,00000,RECLASS COST OF ABO RH TEST
537,A400010,00100,00100,A
537,A400010,00100,00200,TISSUE TYPING LABORATORY
537,A400010,00100,00500,LABORATORY-NON-TISSUE TYPING
537,A400010,00200,00000,RECLASS COST OF ABO ANTIBODY TITER
537,A400010,00200,00100,B
537,A400010,00200,00200,TISSUE TYPING LABORATORY
537,A400010,00200,00500,LABORATORY-NON-TISSUE TYPING
537,A400010,00300,00000,RECLASS HISTO ADMIN COST CENTER
537,A400010,00300,00100,C
537,A400010,00300,00200,TISSUE TYPING LABORATORY
537,A400010,00300,00500,HISTO ADMIN
537,A400010,00400,00000,RECLASS HISTO ADMIN COST CENTER
537,A400010,00400,00100,C
537,A400010,00400,00200,LABORATORY-NON-TISSUE TYPING
537,A400010,00400,00500,HISTO ADMIN
537,A400010,00500,00000,RECLASS HISTO DIRECTOR SALARY
537,A400010,00500,00100,D
537,A400010,00500,00200,TISSUE TYPING LABORATORY
537,A400010,00500,00500,LAB ADMIN
537,A400010,00600,00000,RECLASS HISTO DIRECTOR SALARY
537,A400010,00600,00100,D
537,A400010,00600,00200,LABORATORY-NON-TISSUE TYPING
537,A400010,00600,00500,LAB ADMIN
537,A400010,00700,00000,ALLOCATE SQ FT FOR WAREHOUSE RENT
537,A400010,00700,00100,E
537,A400010,00700,00200,PROCUREMENT COORDINATORS
537,A400010,00700,00500,ADMINISTRATIVE & GENERAL
537,A400010,00800,00000,ALLOCATE SQ FT FOR WAREHOUSE RENT
537,A400010,00800,00100,E
537,A400010,00800,00200,TISSUE ACQUISITIONS
537,A400010,00900,00000,RECLASS MED DIRECTOR SALARIES TO A&G
537,A400010,00900,00100,F
537,A400010,00900,00200,ADMINISTRATIVE & GENERAL
537,A400010,00900,00500,BLOOD BANK
537,A400010,01000,00000,PROPOSE TISSUE ALLOCATION
537,A400010,01000,00100,G
537,A400010,01000,00200,TISSUE ACQUISITIONS
537,A400010,01000,00500,PROCUREMENT COORDINATORS
537,A400010,01100,00000,RECLASS KIDNEY SUPPLIES
537,A400010,01100,00100,H
537,A400010,01100,00200,KIDNEY ACQUISITIONS
537,A400010,01100,00500,PROCUREMENT COORDINATORS
537,A400010,01200,00000,RECLASS MSI EXPENSES
537,A400010,01200,00100,I
537,A400010,01200,00200,BLOOD BANK
537,A400010,01200,00500,LABORATORY-NON-TISSUE TYPING
537,A500010,00700,00100,B
537,A500010,00700,00300,ADMINISTRATIVE & GENERAL
537,A500010,00800,00100,B
537,A500010,00800,00300,PROCUREMENT COORDINATORS
537,A500010,00900,00100,A
537,A500010,00900,00300,ADMINISTRATIVE & GENERAL
537,A500010,01000,00100,B
537,A500010,01000,00300,ADMINISTRATIVE & GENERAL
537,A500010,01200,00100,B
537,A500010,01500,00000,MARKETING - CABLE TV
537,A500010,01500,00100,A
537,A500010,01500,00300,ADMINISTRATIVE & GENERAL
537,A500010,01501,00000,MARKETING - BRANDING
537,A500010,01501,00100,A
537,A500010,01501,00300,ADMINISTRATIVE & GENERAL
537,A500010,01505,00000,MARKETING - MARKET RESEARCH
537,A500010,01505,00100,A
537,A500010,01505,00300,ADMINISTRATIVE & GENERAL
537,A500010,01506,00000,BLOOD DONOR COSTS - BLOOD BANK
537,A500010,01506,00100,A
537,A500010,01506,00300,BLOOD BANK
537,A500010,01509,00000,SPONSORSHIPS - BLOOD BANK
537,A500010,01509,00100,A
537,A500010,01509,00300,BLOOD BANK
537,A500010,01512,00000,BAD DEBT
537,A500010,01512,00100,A
537,A500010,01512,00300,BLOOD BANK
537,A500010,01513,00000,BAD DEBT
537,A500010,01513,00100,A
537,A500010,01513,00300,LABORATORY-NON-TISSUE TYPING
537,A500010,01514,00000,BAD DEBT
537,A500010,01514,00100,A
537,A500010,01514,00300,THERAPEUTIC PRODUCTS
537,A500010,01515,00000,RESEARCH - BRANDING
537,A500010,01515,00100,A
537,A500010,01515,00300,RESEARCH
537,A500010,01516,00000,SPONSORSHIPS - DERIVATIVES
537,A500010,01516,00100,A
537,A500010,01516,00300,THERAPEUTIC PRODUCTS
537,A500010,01519,00000,SPONSORSHIPS - OPO
537,A500010,01519,00100,A
537,A500010,01519,00300,ORGAN ADMIN
537,A500010,01522,00000,BAD DEBT
537,A500010,01522,00100,A
537,A500010,01522,00300,RESEARCH
537,A500010,01523,00000,MARKETING - HR
537,A500010,01523,00100,A
537,A500010,01523,00300,EMPLOYEE BENEFITS
537,A500010,01524,00000,MARKETING - DONOR PROGRAMS
537,A500010,01524,00100,A
537,A500010,01524,00300,BLOOD BANK
537,A500010,01525,00000,COMMUNITY EVENTS - RESEARCH
537,A500010,01525,00100,A
537,A500010,01525,00300,RESEARCH
537,A500010,01526,00000,MARKETING RESEARCH - BLOOD BANK
537,A500010,01526,00100,A
537,A500010,01526,00300,BLOOD BANK
537,A500010,01527,00000,ENTERTAINMENT - RESEARCH
537,A500010,01527,00100,A
537,A500010,01527,00300,RESEARCH
537,A500010,01531,00000,ENTERTAINMENT - BLOOD BANK
537,A500010,01531,00100,A
537,A500010,01531,00300,BLOOD BANK
537,A500010,01533,00000,ENTERTAINMENT - OTHER
537,A500010,01533,00100,A
537,A500010,01533,00300,THERAPEUTIC PRODUCTS
537,A500010,01534,00000,LOBBYING COSTS
537,A500010,01534,00100,A
537,A500010,01534,00300,ADMINISTRATIVE & GENERAL
537,A500010,01535,00000,CONTRIBUTION TO RESEARCH/AFFILILATES
537,A500010,01535,00100,A
537,A500010,01535,00300,ADMINISTRATIVE & GENERAL
537,A500010,01536,00000,AOPO LOBBYING EXPENSE
537,A500010,01536,00100,A
537,A500010,01536,00300,PROCUREMENT COORDINATORS
537,A500010,01537,00000,ENTERTAINMENT EXPENSE
537,A500010,01537,00100,A
537,A500010,01537,00300,ADMINISTRATIVE & GENERAL
537,A500010,01544,00000,ENTERTAINMENT EXPENSE
537,A500010,01544,00100,A
537,A500010,01544,00300,LAB ADMIN
537,A500010,01545,00000,ENTERTAINMENT EXPENSE
537,A500010,01545,00100,A
537,A500010,01545,00300,EMPLOYEE BENEFITS
537,A500010,01546,00000,ENTERTAINMENT EXPENSE
537,A500010,01546,00100,A
537,A500010,01546,00300,ORGAN ADMIN
537,A500010,01547,00000,ENTERTAINMENT EXPENSE
537,A500010,01547,00100,A
537,A500010,01547,00300,PROCUREMENT COORDINATORS
537,A500010,01548,00000,ENTERTAINMENT EXPENSE
537,A500010,01548,00100,A
537,A500010,01548,00300,LABORATORY-NON-TISSUE TYPING
537,A500010,01549,00000,ENTERTAINMENT EXPENSE
537,A500010,01549,00100,A
537,A500010,01549,00300,TISSUE ACQUISITIONS
537,A500010,01550,00000,ENTERTAINMENT EXPENSE
537,A500010,01550,00100,A
537,A500010,01550,00300,OPERATION AND MAINTENANCE OF PLANT
537,A500010,01551,00000,FUNERAL HOME EXPENSE
537,A500010,01551,00100,A
537,A500010,01551,00300,PROCUREMENT COORDINATORS
537,A500010,01552,00000,FUNERAL HOME EXPENSE
537,A500010,01552,00100,A
537,A500010,01552,00300,TISSUE ACQUISITIONS
537,A500010,01553,00000,COMMUNITY EVENTS
537,A500010,01553,00100,A
537,A500010,01553,00300,ORGAN ADMIN
537,A500010,01554,00000,COMMUNITY EVENTS
537,A500010,01554,00100,A
537,A500010,01554,00300,PROCUREMENT COORDINATORS
537,A500010,01555,00000,COMMUNITY EVENTS
537,A500010,01555,00100,A
537,A500010,01555,00300,BLOOD BANK
537,A500010,01557,00000,COMMUNITY EVENTS
537,A500010,01557,00100,A
537,A500010,01557,00300,ADMINISTRATIVE & GENERAL
537,A500010,01558,00000,COMMUNITY EVENTS
537,A500010,01558,00100,A
537,A500010,01558,00300,RESEARCH
537,A500010,01559,00000,COMMUNITY EVENTS
537,A500010,01559,00100,A
537,A500010,01559,00300,LAB ADMIN
537,A500010,01560,00000,SPONSORSHIPS
537,A500010,01560,00100,A
537,A500010,01560,00300,ORGAN ADMIN
537,A500010,01561,00000,SPONSORSHIPS
537,A500010,01561,00100,A
537,A500010,01561,00300,RESEARCH
537,A500010,01562,00000,DONOR RECOGNITION
537,A500010,01562,00100,A
537,A500010,01562,00300,BLOOD BANK
537,A500010,01563,00000,DONOR COSTS
537,A500010,01563,00100,A
537,A500010,01563,00300,LABORATORY-NON-TISSUE TYPING
537,A500010,01564,00000,DONOR COSTS
537,A500010,01564,00100,A
537,A500010,01564,00300,LABORATORY-NON-TISSUE TYPING
537,A500010,01565,00000,DUES & MEMBERSHIPS
537,A500010,01565,00100,A
537,A500010,01565,00300,ADMINISTRATIVE & GENERAL
537,A500010,01566,00000,DUES & MEMBERSHIPS
537,A500010,01566,00100,A
537,A500010,01566,00300,BLOOD BANK
537,A500010,01567,00000,DUES & MEMBERSHIPS
537,A500010,01567,00100,A
537,A500010,01567,00300,THERAPEUTIC PRODUCTS
537,A500010,01568,00000,DUES & MEMBERSHIPS
537,A500010,01568,00100,A
537,A500010,01568,00300,LAB ADMIN
537,A500010,01569,00000,DUES & MEMBERSHIPS
537,A500010,01569,00100,A
537,A500010,01569,00300,LAB ADMIN
537,A500010,01570,00000,DUES & MEMBERSHIPS
537,A500010,01570,00100,A
537,A500010,01570,00300,TISSUE TYPING LABORATORY
537,A500010,01571,00000,DUES & MEMBERSHIPS
537,A500010,01571,00100,A
537,A500010,01571,00300,LABORATORY-NON-TISSUE TYPING
537,A500010,01572,00000,DUES & MEMBERSHIPS
537,A500010,01572,00100,A
537,A500010,01572,00300,RESEARCH
537,A500010,01573,00000,DUES & MEMBERSHIPS
537,A500010,01573,00100,A
537,A500010,01573,00300,ORGAN ADMIN
537,A500010,01574,00000,DUES & MEMBERSHIPS
537,A500010,01574,00100,A
537,A500010,01574,00300,PROCUREMENT COORDINATORS
537,A500010,01575,00000,DUES & MEMBERSHIPS
537,A500010,01575,00100,A
537,A500010,01575,00300,TISSUE ACQUISITIONS
537,A500010,01576,00000,DUES & MEMBERSHIPS
537,A500010,01576,00100,A
537,A500010,01576,00300,RESEARCH
537,A500010,01577,00000,DUES & MEMBERSHIPS
537,A500010,01577,00100,A
537,A500010,01577,00300,EMPLOYEE BENEFITS
537,A500010,01578,00000,EMPLOYEE EVENTS
537,A500010,01578,00100,A
537,A500010,01578,00300,EMPLOYEE BENEFITS
537,A500010,01579,00000,EMPLOYEE EVENTS
537,A500010,01579,00100,A
537,A500010,01579,00300,BLOOD BANK
537,A500010,01580,00000,EMPLOYEE EVENTS
537,A500010,01580,00100,A
537,A500010,01580,00300,ADMINISTRATIVE & GENERAL
537,A500010,01581,00000,BCRF EXPENSES
537,A500010,01581,00100,A
537,A500010,01581,00300,RESEARCH FOUNDATION
537,A500010,01582,00000,SPONSOR DEVELOPMENT
537,A500010,01582,00100,A
537,A500010,01582,00300,BLOOD BANK
537,A500010,01583,00000,SPONSOR DEVELOPMENT
537,A500010,01583,00100,A
537,A500010,01583,00300,ADMINISTRATIVE & GENERAL
537,A500010,01584,00000,FLOWERS
537,A500010,01584,00100,A
537,A500010,01584,00300,BLOOD BANK
537,A500010,01585,00000,FLOWERS
537,A500010,01585,00100,A
537,A500010,01585,00300,RESEARCH
537,A500010,01586,00000,FLOWERS
537,A500010,01586,00100,A
537,A500010,01586,00300,ADMINISTRATIVE & GENERAL
537,A500010,01587,00000,FLOWERS
537,A500010,01587,00100,A
537,A500010,01587,00300,EMPLOYEE BENEFITS
537,A500010,01588,00000,FLOWERS
537,A500010,01588,00100,A
537,A500010,01588,00300,ADMINISTRATIVE & GENERAL
537,A500010,01589,00000,FLOWERS
537,A500010,01589,00100,A
537,A500010,01589,00300,LABORATORY-NON-TISSUE TYPING
537,A500010,01590,00000,FLOWERS
537,A500010,01590,00100,A
537,A500010,01590,00300,ORGAN ADMIN
537,A500010,01591,00000,DONOR RECOGNITION
537,A500010,01591,00100,A
537,A500010,01591,00300,RESEARCH
537,A500010,01592,00000,DONOR RECOGNITION
537,A500010,01592,00100,A
537,A500010,01592,00300,ORGAN ADMIN
537,A500010,01593,00000,DONOR RECOGNITION
537,A500010,01593,00100,A
537,A500010,01593,00300,PROCUREMENT COORDINATORS
537,A500010,01594,00000,DONOR RECOGNITION
537,A500010,01594,00100,A
537,A500010,01594,00300,ADMINISTRATIVE & GENERAL
537,A500010,01595,00000,MEDIA DRIVES
537,A500010,01595,00100,A
537,A500010,01595,00300,BLOOD BANK
537,A500010,01596,00000,ADVERTISING - BRANDING
537,A500010,01596,00100,A
537,A500010,01596,00300,ORGAN ADMIN
537,A500010,01597,00000,ADVERTISING - BRANDING
537,A500010,01597,00100,A
537,A500010,01597,00300,BLOOD BANK
537,A500010,01598,00000,MEDIA DRIVE
537,A500010,01598,00100,A
537,A500010,01598,00300,ADMINISTRATIVE & GENERAL
537,A500010,01599,00000,MEDIA DRIVE
537,A500010,01599,00100,A
537,A500010,01599,00300,ADMINISTRATIVE & GENERAL
537,A500010,01601,00000,ADJUST OH FOR RESEARCH FOUND SUPPORT
537,A500010,01601,00100,A
537,A500010,01601,00300,ADMINISTRATIVE & GENERAL
537,A500010,01602,00000,EXPENSES BOOKED IN ERROR - LIVER
537,A500010,01602,00100,A
537,A500010,01602,00300,LIVER ACQUISITIONS
537,A500010,01603,00000,EXPENSES BOOKED IN ERROR - KIDNEY
537,A500010,01603,00100,A
537,A500010,01603,00300,KIDNEY ACQUISITIONS
537,A500010,01604,00000,EXPENSES BOOKED IN ERROR - HEART
537,A500010,01604,00100,A
537,A500010,01604,00300,HEART ACQUISITIONS
537,A500010,01605,00000,EXPENSES BOOKED IN ERROR - LUNG
537,A500010,01605,00100,A
537,A500010,01605,00300,LUNG ACQUISITIONS
537,A500010,01606,00000,EXPENSES BOOKED IN ERROR - INTESTINE
537,A500010,01606,00100,A
537,A500010,01606,00300,PANCREAS ACQUISITIONS
537,A500010,01607,00000,AFFILIATE SERVICE FEES
537,A500010,01607,00100,A
537,A500010,01607,00300,ADMINISTRATIVE & GENERAL
537,A500010,01608,00000,AFFILIATE SERVICE FEES
537,A500010,01608,00100,A
537,A500010,01608,00300,EMPLOYEE BENEFITS
537,A500010,01609,00000,AFFILIATE SERVICE FEES
537,A500010,01609,00100,A
537,A500010,01609,00300,LAB ADMIN
537,A51000A,00100,00100,Y
537,A51000B,00100,00200,CAPITAL COSTS-BLDG & FIXT
537,A51000B,00100,00300,CORPORATE SERVICES
537,A51000B,00200,00200,ADMINISTRATIVE & GENERAL
537,A51000B,00200,00300,CORPORATE SERVICES
537,A51000C,00100,00100,G
537,A51000C,00100,00400,VERSITI ILLINOIS  INC
537,A51000C,00100,00600,BLOOD CENTER
537,A51000C,00200,00100,G
537,A51000C,00200,00400,VERSITI MICHIGAN  INC.
537,A51000C,00200,00600,BLOOD CENTER
537,A51000C,00300,00100,G
537,A51000C,00300,00400,VERSITI INDIANA  INC.
537,A51000C,00300,00600,BLOOD CENTER
537,A51000C,00400,00100,B
537,A51000C,00400,00400,VERSITI  INC.
537,A51000C,00400,00600,TRANFUSION SOLUTIONS
537,A60000A,00700,00000,PARKING LOT
537,A60000A,00701,00000,LEASEHOLD IMPROVEMENTS
537,A60000A,00702,00000,BUILDING IMPROVEMENTS
537,A60000A,00703,00000,SOFTWARE DEVELOPMENT
537,A60000A,00704,00000,CIP
537,A60000B,00800,00000,LEASEHOLD IMPROVEMENTS
537,A60000C,00500,00100,N
537,B10000*,00100,00200,CAP BLDG
537,B10000*,00100,00300,CAP COSTS
537,B10000*,00100,00400,EMPLOYEE
537,B10000*,00100,00500,MEDICAL
537,B10000*,00100,00800,ORGAN
537,B10000*,00100,01000,ADMIN &
537,B10000*,00200,00200,OP PLANT &
537,B10000*,00200,00300,MOVABLE
537,B10000*,00200,00400,BENEFITS
537,B10000*,00200,00500,SUPPLIES
537,B10000*,00200,00800,ACQUISITN
537,B10000*,00200,01000,GENERAL
537,B10000*,00300,00200,HOUSEKEEP
537,B10000*,00300,00300,EQUIPMENT
537,B10000*,00300,00800,COSTS
537,B10000*,00400,00200,SQUARE
537,B10000*,00400,00300,DOLLAR
537,B10000*,00400,00400,ADJUST
537,B10000*,00400,00500,COSTED
537,B10000*,00400,00600,LAB COSTS
537,B10000*,00400,00800,NUMBER
537,B10000*,00400,01000,ACCUM
537,B10000*,00500,00200,FEET
537,B10000*,00500,00300,VALUE
537,B10000*,00500,00400,SALARIES
537,B10000*,00500,00500,REQUISIT
537,B10000*,00500,00600,ONLY
537,B10000*,00500,00800,ORGANS
537,B10000*,00500,01000,COSTS
537,B10000*,00600,00200,1
537,B10000*,00600,00300,2
537,B10000*,00600,00400,3
537,B10000*,00600,00500,3
537,B10000*,00600,00800,3
537,B10000*,00600,01000,3
537,B100000,00000,01000,X
537,E000000,00900,00000,OTHER CURRENT ASSETS
537,E000000,02600,00000,OTHER ASSETS & CIP
537,E000000,03100,00000,OTHER ASSETS
537,E000000,03900,00000,ACCRUED EXPENSES
537,E000000,04600,00000,LONG TERM RETIREMENT PLAN OBLIGATION
537,E000000,04700,00000,LONG TERM INCENTIVE PLAN
537,E100001,00700,00000,RESEARCH
537,E100001,00800,00000,MEDICAL SERVICES
537,E200000,01500,00000,INTEREST AND DIVIDENDS
537,E200000,02600,00000,ADDL PENSION GAIN (LOSS)
537,E200000,02700,00000,UNREALIZED GAINS/ LOSSES INVESTMENTS
537,E200000,02701,00000,OTHER EXPENSES (CENETRON / SALUS)
537,E200000,02702,00000,AFFILIATE SERVICE FEES
537,E200000,02703,00000,INCOME TAXES
537,S000000,00100,00100,X
537,S000000,00400,00100,2
537,S000000,00500,00100,05/31/2022
537,S000000,00600,00100,10001
537,S000000,00700,00100,N
537,S000000,00800,00100,N
537,S000000,00900,00100,10/23/2023
537,S000000,01000,00100,4
537,S000001,00100,00100,VERSITI WISCONSIN  INC.
537,S000001,00100,00200,52P002
537,S000001,00101,00100,638 N. 18TH STREET
537,S000001,00101,00200,PO BOX 2178
537,S000001,00102,00100,MILWAUKEE
537,S000001,00102,00200,WI
537,S000001,00102,00300,53201
537,S000001,00200,00100,VERSITI WISCONSIN  INC.
537,S000001,00200,00200,52HL01
537,S000001,00201,00100,638 N. 18TH STREET
537,S000001,00201,00200,PO BOX 2178
537,S000001,00202,00100,MILWAUKEE
537,S000001,00202,00200,WI
537,S000001,00202,00300,53201
537,S000001,00300,00100,01/01/2021
537,S000001,00300,00200,12/31/2021
537,S000001,00400,00100,6
537,S000001,00400,00300,1
537,S000001,00400,00400,12/31/2006
537,S000001,00401,00100,6
537,S000001,00401,00300,2
537,S000001,00401,00400,12/31/2006
537,S000002,00100,00200,Y
537,S000002,00300,00100,CHIEF FINANCIAL OFFICER
537,S000002,00400,00100,05/27/2022
537,S100001,00700,00100,N
537,S100001,00810,00000,INTESTINE
537,S100001,00811,00000,OTHER TISSUE
537,S100002,00400,00100,TRANSPLANT EVALUATION PANEL
537,S100002,00401,00100,TRANSPLANT EVALUATION PANEL- STAT
537,S100002,00402,00100,HLA SHIPPED IN KIDNEY
537,S100002,00403,00100,HLA-A LOW RESOLUTION
537,S100002,00404,00100,HLA-B LOW RESOLUTION
537,S100002,00405,00100,ABO ANTIBODY TITER
537,S100002,00406,00100,HLA-C LOW RESOLUTION
537,S100002,00407,00100,HLA-ABC LOW RESOLUTION
537,S100002,00408,00100,HLA DPB1 LOW RESOLUTION TYPING
537,S100002,00409,00100,CROSSMATCH FLOW CYTOMETRIC
537,S100002,00410,00100,HLA ANTIBODY DETECTION
537,S100002,00411,00100,HLA ANTIBODY DETECTION-SOLID PHASE
537,S100002,00412,00100,HLA CLASS II ANTIBODY HIGH RESOLUTIO
537,S100002,00413,00100,HLA CLASS I ANTIBODY HIGH RESOLUTION
537,S100002,00414,00100,HLA-DRB1&DQB1/DQA1 LOW RESOLUTION
537,S100002,00415,00100,HLA-DRB3 B4 B5 LOW RESOLUTION
537,S100002,00416,00100,HLA DQB1/DQA1 LOW RESOLUTION
537,S100002,00417,00100,ABO & RH TRANSPLANT
537,S100002,00418,00100,HLA DRB1 LOW RESOLUTION TYPING
537,S100003,00100,00100,MEDICAL DIRECTOR
537,S100003,00100,00300,MEDICAL DIRECTOR
537,S100003,00100,00500,LAB DIRECTOR
537,S100003,00101,00100,EXEC. DIRECTOR
537,S100003,00101,00300,PROCUREMENT COORDINATOR
537,S100003,00101,00500,TECHNICIANS
537,S100003,00102,00100,CLERICAL
537,S100003,00102,00300,PRESERVATION TECHNICIANS
537,S100003,00102,00500,TISSUE TYPING TECH.
537,S100003,00103,00100,OTHER
537,S100003,00103,00300,OTHER
537,S100003,00103,00500,OTHER
537,S200000,00100,00100,N
537,S200000,00200,00100,N
537,S200000,00300,00100,Y
537,S200000,00400,00100,Y
537,S200000,00400,00200,A
537,S200000,00500,00100,Y
537,S200000,00600,00300,DIRECTOR - ACCOUNTING
537,S200000,00700,00100,VERSITI WISCONSIN  INC.
539,A000000,00100,00000,0100CAPITAL COSTS-BLDG & FIXT
539,A000000,00200,00000,0200CAPITAL COSTS-MVBLE EQUIPMENT
539,A000000,00300,00000,0300EMPLOYEE BENEFITS
539,A000000,00400,00000,0400ADMINISTRATIVE & GENERAL
539,A000000,00500,00000,0500OPERATION AND MAINTENANCE OF PLANT
539,A000000,00600,00000,0600HOUSEKEEPING
539,A000000,00700,00000,0700MEDICAL SUPPLIES
539,A000000,00800,00000,0800OTHER OVERHEAD
539,A000000,00900,00000,0900PROCUREMENT COORDINATORS
539,A000000,01000,00000,1000PROFESSIONAL EDUCATION
539,A000000,01100,00000,1100PUBLIC EDUCATION
539,A000000,01200,00000,1200OTHER ACQUISITION
539,A000000,01300,00000,1300KIDNEY ACQUISITIONS
539,A000000,01400,00000,1400TISSUE TYPING LABORATORY
539,A000000,01500,00000,1500LIVER ACQUISITIONS
539,A000000,01600,00000,1600HEART ACQUISITIONS
539,A000000,01700,00000,1700PANCREAS ACQUISITIONS
539,A000000,01800,00000,1800LUNG ACQUISITIONS
539,A000000,01900,00000,1900INTESTINE ACQUISITIONS
539,A000000,02100,00000,2100RESEARCH
539,A000000,02200,00000,2200BLOOD BANK
539,A000000,02300,00000,2300LABORATORY-NON-TISSUE TYPING
539,A000000,02400,00000,2400DIALYSIS UNITS
539,A000000,02500,00000,2500FUND RAISING/ADVANCEMENT
539,A000000,02501,00000,2501EYE ACQUISITION
539,A000000,02502,00000,2502TISSUE ACQUISITION
539,A100000,01700,00000,ENDOWMENT GRANTS
539,A100000,01800,00000,OTHER A&G
539,A20H000,00900,00000,HOSPITAL COSTS
539,A20K000,00900,00000,HOSPITAL COSTS
539,A20K000,02100,00000,KIDNEY PUMPING
539,A20L000,00900,00000,HOSPITAL COSTS
539,A20P000,00900,00000,HOSPITAL COSTS
539,A20P000,02100,00000,OTHER
539,A20U000,00900,00000,HOSPITAL COSTS
539,A20U000,02100,00000,INTENSIVIST EXPENSE
539,A400010,00100,00000,TISSUE OVERHEAD - PROF\PUB ED
539,A400010,00100,00100,A
539,A400010,00100,00200,TISSUE ACQUISITION
539,A400010,00100,00500,PUBLIC EDUCATION
539,A400010,00200,00000,TISSUE OVERHEAD - PROCUREMENT
539,A400010,00200,00100,B
539,A400010,00200,00200,TISSUE ACQUISITION
539,A400010,00200,00500,PROCUREMENT COORDINATORS
539,A400010,00300,00000,CAPITAL COSTS
539,A400010,00300,00100,C
539,A400010,00300,00200,CAPITAL COSTS-BLDG & FIXT
539,A400010,00300,00500,ADMINISTRATIVE & GENERAL
539,A400010,00400,00000,FUNDRAISING SALARIES
539,A400010,00400,00100,D
539,A400010,00400,00200,FUND RAISING/ADVANCEMENT
539,A400010,00400,00500,PUBLIC EDUCATION
539,A400010,00500,00000,DEFAULT
539,A400010,00500,00100,E
539,A400010,00500,00200,TISSUE ACQUISITION
539,A400010,00500,00500,PROCUREMENT COORDINATORS
539,A400010,00600,00000,DEFAULT
539,A400010,00600,00100,E
539,A400010,00600,00200,TISSUE ACQUISITION
539,A400010,00600,00500,PUBLIC EDUCATION
539,A500010,00700,00100,B
539,A500010,00700,00300,CAPITAL COSTS-BLDG & FIXT
539,A500010,00800,00100,B
539,A500010,00800,00300,PROCUREMENT COORDINATORS
539,A500010,01200,00100,B
539,A500010,01200,00300,CAPITAL COSTS-BLDG & FIXT
539,A500010,01500,00000,MISC INCOME ADMIN
539,A500010,01500,00100,B
539,A500010,01500,00300,ADMINISTRATIVE & GENERAL
539,A500010,01501,00000,MISC INCOME BLOOD
539,A500010,01501,00100,B
539,A500010,01501,00300,BLOOD BANK
539,A500010,01502,00000,MISC INCOME ORGAN
539,A500010,01502,00100,B
539,A500010,01502,00300,PROCUREMENT COORDINATORS
539,A500010,01503,00000,FUNERAL DIRECTOR EMBALMING
539,A500010,01503,00100,A
539,A500010,01503,00300,TISSUE ACQUISITION
539,A500010,01504,00000,TRANSPORTATION OF DONORS
539,A500010,01504,00100,A
539,A500010,01504,00300,TISSUE ACQUISITION
539,A500010,01505,00000,COMMUNICATION CTR REVENUE
539,A500010,01505,00100,B
539,A500010,01505,00300,ADMINISTRATIVE & GENERAL
539,A500010,01506,00000,LOBBYING EXPENSE
539,A500010,01506,00100,A
539,A500010,01506,00300,PROCUREMENT COORDINATORS
539,A500010,01513,00000,NON EMPLOYEE MEETING\TRAVEL
539,A500010,01513,00100,A
539,A500010,01513,00300,ADMINISTRATIVE & GENERAL
539,A500010,01516,00000,NON EMPLOYEE MEETING\TRAVEL
539,A500010,01516,00100,A
539,A500010,01516,00300,BLOOD BANK
539,A500010,01520,00000,SPONSORSHIPD W/O EDUCATION
539,A500010,01520,00100,A
539,A500010,01520,00300,PUBLIC EDUCATION
539,A500010,01521,00000,SPONSORSHIPD W/O EDUCATION
539,A500010,01521,00100,A
539,A500010,01521,00300,BLOOD BANK
539,A500010,01524,00000,EXCESS KIDNEY SURGEON FEES
539,A500010,01524,00100,A
539,A500010,01524,00300,KIDNEY ACQUISITIONS
539,A500010,01525,00000,REMOVE DISALLOWED SPONSORSHIP EXP
539,A500010,01525,00100,A
539,A500010,01525,00300,PUBLIC EDUCATION
539,A51000A,00100,00100,N
539,B10000*,00100,00200,CAP BLDG
539,B10000*,00100,00300,CAP COSTS
539,B10000*,00100,00400,EMPLOYEE
539,B10000*,00100,00500,MEDICAL
539,B10000*,00100,00800,ORGAN
539,B10000*,00100,01000,ADMIN &
539,B10000*,00200,00200,OP PLANT &
539,B10000*,00200,00300,MOVABLE
539,B10000*,00200,00400,BENEFITS
539,B10000*,00200,00500,SUPPLIES
539,B10000*,00200,00800,ACQUISITN
539,B10000*,00200,01000,GENERAL
539,B10000*,00300,00200,HOUSEKEEP
539,B10000*,00300,00300,EQUIPMENT
539,B10000*,00300,00800,COSTS
539,B10000*,00400,00200,SQUARE
539,B10000*,00400,00300,SQUARE
539,B10000*,00400,00400,ADJUST
539,B10000*,00400,00500,COSTED
539,B10000*,00400,00800,NUMBER
539,B10000*,00400,01000,ACCUM
539,B10000*,00500,00200,FEET
539,B10000*,00500,00300,FEET
539,B10000*,00500,00400,SALARIES
539,B10000*,00500,00500,REQUISIT
539,B10000*,00500,00800,ORGANS
539,B10000*,00500,01000,COSTS
539,B10000*,00600,00200,1
539,B10000*,00600,00300,2
539,B10000*,00600,00400,3
539,B10000*,00600,00500,3
539,B10000*,00600,00800,3
539,B10000*,00600,01000,3
539,B100000,00000,01000,X
539,E000000,00900,00000,OTHER CURRENT - INVESTMENTS
539,E000000,02600,00000,OTHER ASSETS
539,E000000,04600,00000,PPP LOAN
539,E000000,04700,00000,OTHER LIABILITIES
539,E100001,00700,00000,OCULAR REVENUE
539,E100001,00800,00000,TISSUE REVENUE
539,E100001,00900,00000,COMMUNICATION CENTER REVENUE
539,E100002,00800,00000,SPECIAL EVENT COSTS
539,E100002,00900,00000,CDT REVENUE SHARE
539,E200000,01900,00000,PPP LOAN FORGIVENESS
539,E200000,02000,00000,SPECIAL EVENTS
539,E200000,02100,00000,MISC INCOME
539,E200000,02200,00000,NET ASSETS RELEASED FROM RESTRICTION
539,E200000,02300,00000,ALLOSOURCE ALLOCATIONS
539,E200000,02600,00000,ALLOSOURCE ALLOCATIONS
539,E200000,02700,00000,NET ASSETS RELEASED FROM RESTRICTION
539,S000000,00100,00100,X
539,S000000,00400,00100,2
539,S000000,00500,00100,05/31/2022
539,S000000,00600,00100,10001
539,S000000,00700,00100,N
539,S000000,00800,00100,N
539,S000000,00900,00100,10/27/2023
539,S000000,01000,00100,4
539,S000001,00100,00100,CONNECTLIFE
539,S000001,00100,00200,33P001
539,S000001,00101,00100,4444 BRYANT AND STRATTON WAY
539,S000001,00102,00100,WILLIAMSVILLE
539,S000001,00102,00200,NY
539,S000001,00102,00300,14221
539,S000001,00300,00100,01/01/2021
539,S000001,00300,00200,12/31/2021
539,S000001,00400,00100,2
539,S000001,00400,00300,1
539,S000001,00400,00400,03/01/1992
539,S000001,00401,00100,5
539,S000001,00401,00300,1
539,S000002,00100,00200,Y
539,S000002,00300,00100,COO/CFO
539,S000002,00400,00100,05/27/2022
539,S100001,00700,00100,N
539,S100001,00810,00000,INTESTINE
539,S100003,00100,00100,MEDICAL DIRECTOR
539,S100003,00100,00300,MEDICAL DIRECTOR
539,S100003,00100,00500,LAB DIRECTOR
539,S100003,00101,00100,EXEC. DIRECTOR
539,S100003,00101,00300,PROCUREMENT COORDINATOR
539,S100003,00101,00500,TECHNICIANS
539,S100003,00102,00100,CLERICAL
539,S100003,00102,00300,PRESERVATION TECHNICIANS
539,S100003,00102,00500,TISSUE TYPING TECH.
539,S100003,00103,00100,OTHER
539,S100003,00103,00300,OTHER
539,S100003,00103,00500,OTHER
539,S200000,00100,00100,N
539,S200000,00200,00100,N
539,S200000,00300,00100,N
539,S200000,00400,00100,Y
539,S200000,00400,00200,A
539,S200000,00500,00100,Y
539,S200000,00600,00300,COO\CFO
539,S200000,00700,00100,CONNECTLIFE
540,A000000,00100,00000,0100CAPITAL COSTS-BLDG & FIXT
540,A000000,00200,00000,0200CAPITAL COSTS-MVBLE EQUIPMENT
540,A000000,00300,00000,0300EMPLOYEE BENEFITS
540,A000000,00400,00000,0400ADMINISTRATIVE & GENERAL
540,A000000,00500,00000,0500OPERATION AND MAINTENANCE OF PLANT
540,A000000,00600,00000,0600HOUSEKEEPING
540,A000000,00700,00000,0700MEDICAL SUPPLIES
540,A000000,00800,00000,0800OTHER OVERHEAD
540,A000000,00900,00000,0900PROCUREMENT COORDINATORS
540,A000000,01000,00000,1000PROFESSIONAL EDUCATION
540,A000000,01100,00000,1100PUBLIC EDUCATION
540,A000000,01200,00000,1200OTHER ACQUISITION
540,A000000,01300,00000,1300KIDNEY ACQUISITIONS
540,A000000,01400,00000,1400TISSUE TYPING LABORATORY
540,A000000,01500,00000,1500LIVER ACQUISITIONS
540,A000000,01600,00000,1600HEART ACQUISITIONS
540,A000000,01700,00000,1700PANCREAS ACQUISITIONS
540,A000000,01800,00000,1800LUNG ACQUISITIONS
540,A000000,01900,00000,1900OTHER ACQUISITIONS
540,A000000,02100,00000,2100RESEARCH
540,A000000,02200,00000,2200BLOOD BANK
540,A000000,02300,00000,2300LABORATORY-NON-TISSUE TYPING
540,A000000,02400,00000,2400DIALYSIS UNITS
540,A000000,02500,00000,2500TISSUE
540,A000000,02501,00000,2501EYE UNIT
540,A100000,01700,00000,VEHICLE EXPENSE
540,A100000,01800,00000,OFFICE MEETING EXPENSE
540,A100000,01900,00000,INVESTMENT FEES
540,A100000,01901,00000,PRINTING AND POSTAGE
540,A20H000,00900,00000,CASE RATE - CANNOT SEPARATE
540,A20K000,00900,00000,CASE RATE - CANNOT SEPARATE
540,A20L000,00900,00000,CASR RATE - CANNOT SEPARATE
540,A20O000,00900,00000,CASE RATE CANNOT SEPARATE
540,A20O001,00900,00000,CASE RATE CANNOT SEPARATE
540,A20P000,00900,00000,CASE RATE - CANNOT SEPARATE
540,A20U000,00900,00000,CASE RATE - CANNOT SEPARATE
540,A400010,00100,00000,RECLASSIFICATIONS
540,A400010,00100,00100,A
540,A400010,00100,00200,KIDNEY ACQUISITIONS
540,A400010,00100,00500,LABORATORY-NON-TISSUE TYPING
540,A400010,00200,00000,RECLASSIFICATIONS
540,A400010,00200,00100,A
540,A400010,00200,00200,HEART ACQUISITIONS
540,A400010,00200,00500,LABORATORY-NON-TISSUE TYPING
540,A400010,00300,00000,RECLASSIFICATIONS
540,A400010,00300,00100,A
540,A400010,00300,00200,LIVER ACQUISITIONS
540,A400010,00300,00500,LABORATORY-NON-TISSUE TYPING
540,A400010,00400,00000,RECLASSIFICATIONS
540,A400010,00400,00100,A
540,A400010,00400,00200,PANCREAS ACQUISITIONS
540,A400010,00400,00500,LABORATORY-NON-TISSUE TYPING
540,A400010,00500,00000,RECLASSIFICATIONS
540,A400010,00500,00100,A
540,A400010,00500,00200,TISSUE
540,A400010,00500,00500,LABORATORY-NON-TISSUE TYPING
540,A400010,00600,00000,RECLASSIFICATIONS
540,A400010,00600,00100,A
540,A400010,00600,00200,EYE UNIT
540,A400010,00600,00500,LABORATORY-NON-TISSUE TYPING
540,A400010,00700,00000,RECLASSIFICATIONS
540,A400010,00700,00100,A
540,A400010,00700,00200,LUNG ACQUISITIONS
540,A400010,00700,00500,LABORATORY-NON-TISSUE TYPING
540,A400010,00800,00000,RECLASSIFICATIONS
540,A400010,00800,00100,A
540,A400010,00800,00200,LABORATORY-NON-TISSUE TYPING
540,A400010,00800,00500,CAPITAL COSTS-BLDG & FIXT
540,A400010,00900,00000,RECLASSIFICATIONS
540,A400010,00900,00100,A
540,A400010,00900,00200,EYE UNIT
540,A400010,00900,00500,CAPITAL COSTS-BLDG & FIXT
540,A400010,01000,00000,RECLASSIFICATIONS
540,A400010,01000,00100,A
540,A400010,01000,00200,TISSUE
540,A400010,01000,00500,PROCUREMENT COORDINATORS
540,A400010,01100,00000,REVISE TISSUE ALLOCATION
540,A400010,01100,00100,B
540,A400010,01100,00200,TISSUE
540,A400010,01100,00500,PROCUREMENT COORDINATORS
540,A500010,00800,00100,B
540,A500010,00800,00300,LIVER ACQUISITIONS
540,A500010,01200,00100,A
540,A500010,01200,00300,ADMINISTRATIVE & GENERAL
540,A500010,01500,00000,LOBBYING
540,A500010,01500,00100,A
540,A500010,01500,00300,ADMINISTRATIVE & GENERAL
540,A500010,01501,00000,DISALLOWED EXPENSES
540,A500010,01501,00100,A
540,A500010,01501,00300,PROCUREMENT COORDINATORS
540,A500010,01502,00000,IINVESTMENT FEES
540,A500010,01502,00100,A
540,A500010,01502,00300,ADMINISTRATIVE & GENERAL
540,A500010,01503,00000,ORGANS FOR RESEARCH
540,A500010,01503,00100,B
540,A500010,01503,00300,KIDNEY ACQUISITIONS
540,A500010,01504,00000,ORGANS FOR RESEARCH
540,A500010,01504,00100,B
540,A500010,01504,00300,HEART ACQUISITIONS
540,A500010,01505,00000,ORGANS FOR RESEARCH
540,A500010,01505,00100,B
540,A500010,01505,00300,PANCREAS ACQUISITIONS
540,A500010,01506,00000,ORGANS FOR RESEARCH
540,A500010,01506,00100,B
540,A500010,01506,00300,LUNG ACQUISITIONS
540,A500010,01507,00000,ORGANS FOR RESEARCH
540,A500010,01507,00100,B
540,A500010,01507,00300,OTHER ACQUISITIONS
540,A500010,01508,00000,FUNERAL HOME EXPENSES
540,A500010,01508,00100,A
540,A500010,01508,00300,PROFESSIONAL EDUCATION
540,A500010,01601,00000,UNALLOWABLE EXPENSES
540,A500010,01601,00100,A
540,A500010,01601,00300,ADMINISTRATIVE & GENERAL
540,A500010,01602,00000,PROCUREMENT COORDINATORS
540,A500010,01602,00100,A
540,A500010,01602,00300,PROCUREMENT COORDINATORS
540,A500010,01603,00000,PROCUREMENT COORDINATORS
540,A500010,01603,00100,A
540,A500010,01603,00300,PROCUREMENT COORDINATORS
540,A51000A,00100,00100,N
540,A60000A,00700,00000,OFFICE EQUIPMENT
540,A60000A,00701,00000,ORGANIZATIONAL COSTS
540,A60000B,00800,00000,OFFICE EQUIPMENT
540,A60000B,00801,00000,ORGANIZATIONAL COSTS
540,A60000C,00500,00100,N
540,B10000*,00100,00200,CAP BLDG
540,B10000*,00100,00300,CAP COSTS
540,B10000*,00100,00400,EMPLOYEE
540,B10000*,00100,00500,MEDICAL
540,B10000*,00100,00800,ORGAN
540,B10000*,00100,01000,ADMIN &
540,B10000*,00200,00200,OP PLANT &
540,B10000*,00200,00300,MOVABLE
540,B10000*,00200,00400,BENEFITS
540,B10000*,00200,00500,SUPPLIES
540,B10000*,00200,00800,ACQUISITN
540,B10000*,00200,01000,GENERAL
540,B10000*,00300,00200,HOUSEKEEP
540,B10000*,00300,00300,EQUIPMENT
540,B10000*,00300,00800,COSTS
540,B10000*,00400,00200,SQUARE
540,B10000*,00400,00300,DOLLAR
540,B10000*,00400,00400,ADJUST
540,B10000*,00400,00500,COSTED
540,B10000*,00400,00800,NUMBER
540,B10000*,00400,01000,ACCUM
540,B10000*,00500,00200,FEET
540,B10000*,00500,00300,VALUE
540,B10000*,00500,00400,SALARIES
540,B10000*,00500,00500,REQUISIT
540,B10000*,00500,00800,ORGANS
540,B10000*,00500,01000,COSTS
540,B10000*,00600,00200,1
540,B10000*,00600,00300,2
540,B10000*,00600,00400,3
540,B10000*,00600,00500,3
540,B10000*,00600,00800,3
540,B10000*,00600,01000,3
540,B100000,00000,01000,X
540,E000000,00900,00000,OTHER CURRENT ASSETS
540,E000000,02600,00000,ORGANIZATIONAL COSTS
540,E100001,00700,00000,MEDICARE UNDERPAYMENT BOOKED
540,E100001,00800,00000,CORNEA
540,E100001,00900,00000,OTHER
540,E200000,02000,00000,GAIN ON SALE OF INVESTMENTS
540,E200000,02100,00000,GAIN ON SALE OF EQUIPMENT
540,E200000,02200,00000,UNREALIZED GAIN ON INVESTMETNTS
540,E200000,02300,00000,MISCELLANEOUS INCOME
540,E200000,02600,00000,INVESTMENT MANAGEMENT FEES
540,E200000,02700,00000,OTHER EXPENSES
540,S000000,00100,00100,X
540,S000000,00400,00100,2
540,S000000,00500,00100,05/31/2022
540,S000000,00600,00100,10001
540,S000000,00700,00100,N
540,S000000,00800,00100,N
540,S000000,00900,00100,11/01/2023
540,S000000,01000,00100,4
540,S000001,00100,00100,CENTER FOR ORGAN RECOVERY AND EDUCAT
540,S000001,00100,00200,39P002
540,S000001,00101,00100,204 SIGMA DRIVE
540,S000001,00102,00100,PITTSBURGH
540,S000001,00102,00200,PA
540,S000001,00102,00300,15238
540,S000001,00300,00100,01/01/2021
540,S000001,00300,00200,12/31/2021
540,S000001,00400,00100,6
540,S000001,00400,00300,1
540,S000001,00400,00400,12/01/1977
540,S000001,00401,00300,1
540,S000002,00300,00100,CFO
540,S100001,00700,00100,N
540,S100001,00810,00000,MULTIVISCERAL
540,S100003,00100,00100,MEDICAL DIRECTOR
540,S100003,00100,00300,MEDICAL DIRECTOR
540,S100003,00100,00500,LAB DIRECTOR
540,S100003,00101,00100,EXEC. DIRECTOR
540,S100003,00101,00300,PROCUREMENT COORDINATOR
540,S100003,00101,00500,TECHNICIANS
540,S100003,00102,00100,CLERICAL
540,S100003,00102,00300,PRESERVATION TECHNICIANS
540,S100003,00102,00500,TISSUE TYPING TECH.
540,S100003,00103,00100,OTHER
540,S100003,00103,00300,OTHER
540,S100003,00103,00500,OTHER
540,S200000,00100,00100,N
540,S200000,00200,00100,N
540,S200000,00300,00100,N
540,S200000,00400,00100,Y
540,S200000,00400,00200,A
540,S200000,00500,00100,N
540,S200000,00600,00300,CFO
540,S200000,00700,00100,CENTER FOR ORGAN RECOVERYAND EDUCATI
541,A000000,00100,00000,0100CAPITAL COSTS-BLDG & FIXT
541,A000000,00200,00000,0200CAPITAL COSTS-MVBLE EQUIPMENT
541,A000000,00300,00000,0300EMPLOYEE BENEFITS
541,A000000,00400,00000,0400ADMINISTRATIVE & GENERAL
541,A000000,00500,00000,0500OPERATION AND MAINTENANCE OF PLANT
541,A000000,00600,00000,0600HOUSEKEEPING
541,A000000,00700,00000,0700MEDICAL SUPPLIES
541,A000000,00800,00000,0800OTHER OVERHEAD
541,A000000,00900,00000,0900PROCUREMENT COORDINATORS
541,A000000,01000,00000,1000PROFESSIONAL EDUCATION
541,A000000,01100,00000,1100PUBLIC EDUCATION
541,A000000,01200,00000,1200DONOR REFERRAL CENTER
541,A000000,01300,00000,1300KIDNEY ACQUISITIONS
541,A000000,01400,00000,1400TISSUE TYPING LABORATORY
541,A000000,01500,00000,1500LIVER ACQUISITIONS
541,A000000,01600,00000,1600HEART ACQUISITIONS
541,A000000,01700,00000,1700PANCREAS ACQUISITIONS
541,A000000,01800,00000,1800LUNG ACQUISITIONS
541,A000000,01900,00000,1900HEART\LUNG
541,A000000,01901,00000,1901SMALL BOWEL
541,A000000,01902,00000,1902VCA
541,A000000,02100,00000,2100RESEARCH
541,A000000,02200,00000,2200BLOOD BANK
541,A000000,02300,00000,2300LABORATORY-NON-TISSUE TYPING
541,A000000,02400,00000,2400DIALYSIS UNITS
541,A000000,02500,00000,2500TISSUE
541,A000000,02501,00000,2501FOUNDATION
541,A100000,01700,00000,EMPLOYEE BENEFITS
541,A100000,01800,00000,PAYROLL TAXES
541,A100000,01900,00000,EMPLOYMENT EXPENSE
541,A100000,01901,00000,DUES & SUBS
541,A100000,01902,00000,CONTRACT SERVICES
541,A100000,01904,00000,OTHER
541,A20H000,00900,00000,OTHER EXCISION HOSPITAL HEART
541,A20H000,02100,00000,MEDICAL SUPPLIES
541,A20H000,02101,00000,LAB FEES
541,A20H000,02102,00000,OTHER ACQUISITION COSTS
541,A20H000,02103,00000,ALLOCATED DEPT COSTS
541,A20K000,00900,00000,OTHER EXCISION HOSPITAL KIDNEY
541,A20K000,02100,00000,MEDICAL SUPPLIES
541,A20K000,02101,00000,LAB FEES
541,A20K000,02102,00000,OTHER ACQUISITION COSTS
541,A20K000,02103,00000,ALLOCATED DEPT COSTS
541,A20L000,00900,00000,OTHER EXCISION HOSPITAL LIVER
541,A20L000,02100,00000,MEDICAL SUPPLIES
541,A20L000,02101,00000,LAB FEES
541,A20L000,02102,00000,OTHER ACQUISITION COSTS
541,A20L000,02103,00000,ALLOCATED DEPT COSTS
541,A20O000,00900,00000,OTHER EXCISION HOSPITAL HEART/LUNG
541,A20O000,02100,00000,MEDICAL SUPPLIES
541,A20O000,02101,00000,LAB FEES
541,A20O000,02102,00000,OTHER ACQUISITION COSTS
541,A20O000,02103,00000,ALLOCATED DEPT COSTS
541,A20O001,00900,00000,HOSPITAL RELATED COSTS SMALL BOWEL
541,A20O001,02100,00000,MEDICAL SUPPLIES
541,A20O001,02101,00000,LAB FEES
541,A20O001,02102,00000,OTHE ACQUISITION COSTS
541,A20O001,02103,00000,ALLOCATED DEPT COSTS
541,A20O002,02100,00000,MEDICAL SUPPLIES
541,A20P000,00900,00000,OTHER EXCISION HOSPITAL PANCREAS
541,A20P000,02100,00000,MEDICAL SUPPLIES
541,A20P000,02101,00000,LAB FEES
541,A20P000,02102,00000,OTHER ACQUISITION COSTS
541,A20P000,02103,00000,ALLOCATED DEPT COSTS
541,A20U000,00900,00000,OTHER EXCISION HOSPITAL LUNG
541,A20U000,02100,00000,MEDICAL SUPPLIES
541,A20U000,02101,00000,LAB FEES
541,A20U000,02102,00000,OTHER ACQUISITION COSTS
541,A20U000,02103,00000,ALLOCATED DEPT COSTS
541,A400010,00100,00000,RECOVERY SURGEON RECLASS
541,A400010,00100,00100,A
541,A400010,00100,00200,KIDNEY ACQUISITIONS
541,A400010,00100,00500,PROCUREMENT COORDINATORS
541,A400010,00200,00000,RECOVERY SURGEON RECLASS
541,A400010,00200,00100,A
541,A400010,00200,00200,LIVER ACQUISITIONS
541,A400010,00300,00000,RECOVERY SURGEON RECLASS
541,A400010,00300,00100,A
541,A400010,00300,00200,HEART ACQUISITIONS
541,A400010,00400,00000,RECOVERY SURGEON RECLASS
541,A400010,00400,00100,A
541,A400010,00400,00200,PANCREAS ACQUISITIONS
541,A400010,00500,00000,RECOVERY SURGEON RECLASS
541,A400010,00500,00100,A
541,A400010,00500,00200,LUNG ACQUISITIONS
541,A400010,00600,00000,RECOVERY SURGEON RECLASS
541,A400010,00600,00100,A
541,A400010,00600,00200,SMALL BOWEL
541,A400010,00700,00000,CAPITAL RELATED COSTS
541,A400010,00700,00100,B
541,A400010,00700,00200,CAPITAL COSTS-MVBLE EQUIPMENT
541,A400010,00700,00500,ADMINISTRATIVE & GENERAL
541,A400010,00800,00000,OCCUPANCY COSTS
541,A400010,00800,00100,C
541,A400010,00800,00200,OPERATION AND MAINTENANCE OF PLANT
541,A400010,00800,00500,ADMINISTRATIVE & GENERAL
541,A400010,00900,00000,TISSUE OVERHEAD
541,A400010,00900,00100,D
541,A400010,00900,00200,TISSUE
541,A400010,00900,00500,PROFESSIONAL EDUCATION
541,A400010,01000,00000,TISSUE OVERHEAD
541,A400010,01000,00100,D
541,A400010,01000,00500,PUBLIC EDUCATION
541,A400010,01100,00000,TISSUE OVERHEAD
541,A400010,01100,00100,D
541,A400010,01100,00500,DONOR REFERRAL CENTER
541,A400010,01200,00000,A&G OCCUPANCY RECLASS
541,A400010,01200,00100,E
541,A400010,01200,00200,ADMINISTRATIVE & GENERAL
541,A400010,01200,00500,CAPITAL COSTS-MVBLE EQUIPMENT
541,A400010,01300,00000,A&G OCCUPANCY RECLASS
541,A400010,01300,00100,E
541,A400010,01300,00500,OPERATION AND MAINTENANCE OF PLANT
541,A400010,01400,00000,KIDNEY PUMP ROOM OCCUPANCY COST
541,A400010,01400,00100,F
541,A400010,01400,00200,KIDNEY ACQUISITIONS
541,A400010,01400,00500,CAPITAL COSTS-MVBLE EQUIPMENT
541,A400010,01500,00000,KIDNEY PUMP ROOM OCCUPANCY COST
541,A400010,01500,00100,F
541,A400010,01500,00500,OPERATION AND MAINTENANCE OF PLANT
541,A400010,01600,00000,RECLASS ALLOW FUNERAL HOME COSTS
541,A400010,01600,00100,G
541,A400010,01600,00200,ADMINISTRATIVE & GENERAL
541,A400010,01600,00500,TISSUE
541,A400010,01700,00000,REVISE TISSUE ALLOCATION
541,A400010,01700,00100,H
541,A400010,01700,00200,TISSUE
541,A400010,01700,00500,PROCUREMENT COORDINATORS
541,A500010,00700,00100,B
541,A500010,00700,00300,CAPITAL COSTS-MVBLE EQUIPMENT
541,A500010,00800,00100,B
541,A500010,00800,00300,PROCUREMENT COORDINATORS
541,A500010,01200,00100,B
541,A500010,01200,00300,CAPITAL COSTS-MVBLE EQUIPMENT
541,A500010,01500,00000,AOPO LOBBYING
541,A500010,01500,00100,A
541,A500010,01500,00300,ADMINISTRATIVE & GENERAL
541,A500010,01501,00000,NON-REIMBURSIBLE COSTS TISSUE
541,A500010,01501,00100,A
541,A500010,01501,00300,TISSUE
541,A500010,01502,00000,NON-REIMBURSIBLE COSTS ORGAN
541,A500010,01502,00100,A
541,A500010,01502,00300,PROCUREMENT COORDINATORS
541,A500010,01503,00000,NON REIMBURSIBLE COSTS PROFESSIONAL
541,A500010,01503,00100,A
541,A500010,01503,00300,PROFESSIONAL EDUCATION
541,A500010,01504,00000,NON REIMBURSIBLE COSTS PUBLIC EDU
541,A500010,01504,00100,A
541,A500010,01504,00300,PUBLIC EDUCATION
541,A500010,01505,00000,NON REIMBURSIBLE COSTS ADMIN
541,A500010,01505,00100,A
541,A500010,01505,00300,ADMINISTRATIVE & GENERAL
541,A500010,01509,00000,SURGEON FEE REVENUE
541,A500010,01509,00100,B
541,A500010,01509,00300,PROCUREMENT COORDINATORS
541,A500010,01512,00000,KIDNEY SUPPLY REBATE
541,A500010,01512,00100,B
541,A500010,01512,00300,KIDNEY ACQUISITIONS
541,A500010,01600,00000,CALL CENTER REVENUE
541,A500010,01600,00100,B
541,A500010,01600,00300,DONOR REFERRAL CENTER
541,A51000A,00100,00100,Y
541,A51000B,00100,00200,FOUNDATION
541,A51000B,00100,00300,FOUNDATION
541,A51000C,00100,00100,C
541,A51000C,00100,00400,OUTLIVE YOURSELF FOUNDATION
541,A51000C,00100,00600,FOUNDATION
541,A60000A,00701,00000,FURNITURE & FIXTURES
541,A60000A,00702,00000,MEDICAL EQUIPMENT
541,A60000A,00703,00000,COMPUTER EQUIPMENT
541,A60000A,00704,00000,SOFTWARE
541,A60000B,00801,00000,FURNITURE & FIXTURES
541,A60000B,00802,00000,MEDICAL EQUIPMENT
541,A60000B,00803,00000,COMPUTER EQUIPMENT
541,A60000B,00804,00000,COMPUTER SOFTWARE
541,A60000C,00500,00100,N
541,B10000*,00100,00200,CAP BLDG
541,B10000*,00100,00300,CAP COSTS
541,B10000*,00100,00400,EMPLOYEE
541,B10000*,00100,00500,MEDICAL
541,B10000*,00100,00800,ORGAN
541,B10000*,00100,01000,ADMIN &
541,B10000*,00200,00200,OP PLANT &
541,B10000*,00200,00300,MOVABLE
541,B10000*,00200,00400,BENEFITS
541,B10000*,00200,00500,SUPPLIES
541,B10000*,00200,00800,ACQUISITN
541,B10000*,00200,01000,GENERAL
541,B10000*,00300,00200,HOUSEKEEP
541,B10000*,00300,00300,EQUIPMENT
541,B10000*,00300,00800,COSTS
541,B10000*,00400,00200,SQUARE
541,B10000*,00400,00300,DOLLAR
541,B10000*,00400,00400,ADJUST
541,B10000*,00400,00500,COSTED
541,B10000*,00400,00800,NUMBER
541,B10000*,00400,01000,ACCUM
541,B10000*,00500,00200,FEET
541,B10000*,00500,00300,VALUE
541,B10000*,00500,00400,SALARIES
541,B10000*,00500,00500,REQUISIT
541,B10000*,00500,00800,ORGANS
541,B10000*,00500,01000,COSTS
541,B10000*,00600,00200,1
541,B10000*,00600,00300,2
541,B10000*,00600,00400,3
541,B10000*,00600,00500,3
541,B10000*,00600,00800,3
541,B10000*,00600,01000,3
541,B100000,00000,01000,X
541,E000000,00900,00000,MEDICARE AR
541,E000000,02600,00000,GAIN/LOSS FIXED ASSETS
541,E000000,03100,00000,DUE FROM RELATED PARTY
541,E000000,03900,00000,DUE TO MEDICARE
541,E000000,04100,00000,ACCURED EXPENSES
541,E000000,04600,00000,LINE OF CREDIT
541,E000000,04700,00000,INTEREST RATE SWAP
541,E100002,00300,00000,ROUNDING
541,E100002,00800,00000,ROUNDING
541,E100002,00900,00000,INTEREST EXP
541,E100002,01000,00000,DEPR
541,E100002,01001,00000,BANK FEES
541,E100002,01002,00000,FOUNDATION
541,E200000,01900,00000,TRANSFER FROM RELATED PARTY
541,E200000,02000,00000,NET UNREALIZED GAINS ON INVESTMENTS
541,E200000,02100,00000,OTHER
541,E200000,02200,00000,RENTAL INCOME
541,E200000,02300,00000,NET ASSETS RELEASED FROM RESTRICTION
541,E200000,02301,00000,UNREALIZED GAIN ON INT RATE SWAP
541,E200000,02600,00000,NET CHANGE IN UNREALIZED LOSSES
541,E200000,02700,00000,UNREALIZED LOSS ON INT RATE SWAP
541,S000000,00100,00100,X
541,S000000,00400,00100,2
541,S000000,00500,00100,03/08/2023
541,S000000,00600,00100,10001
541,S000000,00700,00100,N
541,S000000,00800,00100,N
541,S000000,00900,00100,11/02/2023
541,S000000,01000,00100,4
541,S000001,00100,00100,SOUTHWEST TRANSPLANT ALLIANCE
541,S000001,00100,00200,45P002
541,S000001,00101,00100,8190 MANDERVILLE LANE
541,S000001,00102,00100,DALLAS
541,S000001,00102,00200,TX
541,S000001,00102,00300,75231
541,S000001,00300,00100,01/01/2021
541,S000001,00300,00200,12/31/2021
541,S000001,00400,00100,6
541,S000001,00400,00300,1
541,S000001,00400,00400,03/31/1998
541,S000001,00401,00300,1
541,S000002,00100,00200,Y
541,S000002,00300,00100,CHIEF FINANCIAL OFFICER
541,S000002,00400,00100,03/07/2023
541,S100001,00700,00100,N
541,S100001,00810,00000,SM BOWEL
541,S100001,00811,00000,VCA
541,S100003,00100,00100,MEDICAL DIRECTOR
541,S100003,00100,00300,MEDICAL DIRECTOR
541,S100003,00100,00500,LAB DIRECTOR
541,S100003,00101,00100,EXEC. DIRECTOR
541,S100003,00101,00300,PROCUREMENT COORDINATOR
541,S100003,00101,00500,TECHNICIANS
541,S100003,00102,00100,CLERICAL
541,S100003,00102,00300,PRESERVATION TECHNICIANS
541,S100003,00102,00500,TISSUE TYPING TECH.
541,S100003,00103,00100,OTHER
541,S100003,00103,00300,OTHER
541,S100003,00103,00500,OTHER
541,S200000,00100,00100,N
541,S200000,00200,00100,N
541,S200000,00300,00100,Y
541,S200000,00400,00100,Y
541,S200000,00400,00200,A
541,S200000,00500,00100,Y
541,S200000,00600,00300,CFO
541,S200000,00700,00100,SOUTHWEST TRANSPLANT ALLIANCE
542,A000000,00100,00000,0100CAPITAL COSTS-BLDG & FIXT
542,A000000,00200,00000,0200CAPITAL COSTS-MVBLE EQUIPMENT
542,A000000,00300,00000,0300EMPLOYEE BENEFITS
542,A000000,00400,00000,0400ADMINISTRATIVE & GENERAL
542,A000000,00500,00000,0500OPERATION AND MAINTENANCE OF PLANT
542,A000000,00600,00000,0600HOUSEKEEPING
542,A000000,00700,00000,0700MEDICAL SUPPLIES
542,A000000,00800,00000,0800OTHER OVERHEAD
542,A000000,00900,00000,0900PROCUREMENT COORDINATORS
542,A000000,01000,00000,1000PROFESSIONAL EDUCATION
542,A000000,01100,00000,1100PUBLIC EDUCATION
542,A000000,01300,00000,1300KIDNEY ACQUISITIONS
542,A000000,01400,00000,1400TISSUE TYPING LABORATORY
542,A000000,01500,00000,1500LIVER ACQUISITIONS
542,A000000,01600,00000,1600HEART ACQUISITIONS
542,A000000,01700,00000,1700PANCREAS ACQUISITIONS
542,A000000,01800,00000,1800LUNG ACQUISITIONS
542,A000000,01900,00000,1900OTHER ACQUISITIONS
542,A000000,02100,00000,2100RESEARCH
542,A000000,02200,00000,2200BLOOD BANK
542,A000000,02300,00000,2300LABORATORY-NON-TISSUE TYPING
542,A000000,02400,00000,2400DIALYSIS UNITS
542,A000000,02500,00000,2500TISSUE
542,A000000,02501,00000,2501EYE
542,A100000,01700,00000,DEPRECIATION
542,A100000,01800,00000,POSTAGE
542,A100000,01900,00000,PROFESSIONAL FEES
542,A100000,01901,00000,OTHER ADMIN & GENERAL
542,A20H000,00900,00000,DONOR HOSPITAL OTHER
542,A20K000,00900,00000,DONOR HOSPITAL OTHER
542,A20L000,00900,00000,DONOR HOSPITAL OTHER
542,A20P000,00900,00000,DONOR HOSPITAL OTHER
542,A20U000,00900,00000,DONOR HOSPITAL OTHER
542,A400010,00100,00000,TISSUE
542,A400010,00100,00100,A
542,A400010,00100,00200,TISSUE
542,A400010,00100,00500,PROCUREMENT COORDINATORS
542,A400010,00200,00000,TISSUE
542,A400010,00200,00100,A
542,A400010,00200,00500,PROFESSIONAL EDUCATION
542,A400010,00300,00000,TISSUE
542,A400010,00300,00100,A
542,A400010,00300,00500,PUBLIC EDUCATION
542,A400010,00400,00000,TISSUE
542,A400010,00400,00100,A
542,A400010,00400,00200,TISSUE
542,A400010,00400,00500,PROCUREMENT COORDINATORS
542,A500010,00800,00100,A
542,A500010,00800,00300,PROCUREMENT COORDINATORS
542,A500010,01200,00100,A
542,A500010,01200,00300,ADMINISTRATIVE & GENERAL
542,A500010,01500,00000,LOBBYING EXPENSES
542,A500010,01500,00100,A
542,A500010,01500,00300,PROCUREMENT COORDINATORS
542,A500010,01502,00000,CASE EXPENSES NOT ALLOWED
542,A500010,01502,00100,A
542,A500010,01502,00300,PROCUREMENT COORDINATORS
542,A500010,01504,00000,INVESTMENT INCOME
542,A500010,01504,00100,B
542,A500010,01504,00300,PROCUREMENT COORDINATORS
542,A500010,01505,00000,INVESTMENT INCOME
542,A500010,01505,00100,B
542,A500010,01505,00300,PROFESSIONAL EDUCATION
542,A500010,01506,00000,INVESTMENT INCOME
542,A500010,01506,00100,B
542,A500010,01506,00300,PUBLIC EDUCATION
542,A500010,01507,00000,INVESTMENT INCOME
542,A500010,01507,00100,B
542,A500010,01507,00300,TISSUE
542,A500010,01600,00000,INVESTMENT ADVISORY FEES
542,A500010,01600,00100,A
542,A500010,01600,00300,ADMINISTRATIVE & GENERAL
542,A51000A,00100,00100,N
542,A60000C,00500,00100,N
542,B10000*,00100,00200,CAP BLDG
542,B10000*,00100,00300,CAP COSTS
542,B10000*,00100,00400,EMPLOYEE
542,B10000*,00100,00500,MEDICAL
542,B10000*,00100,00800,ORGAN
542,B10000*,00100,01000,ADMIN &
542,B10000*,00200,00200,OP PLANT &
542,B10000*,00200,00300,MOVABLE
542,B10000*,00200,00400,BENEFITS
542,B10000*,00200,00500,SUPPLIES
542,B10000*,00200,00800,ACQUISITN
542,B10000*,00200,01000,GENERAL
542,B10000*,00300,00200,HOUSEKEEP
542,B10000*,00300,00300,EQUIPMENT
542,B10000*,00300,00800,COSTS
542,B10000*,00400,00200,SQUARE
542,B10000*,00400,00300,DOLLAR
542,B10000*,00400,00400,ADJUST
542,B10000*,00400,00500,COSTED
542,B10000*,00400,00800,NUMBER
542,B10000*,00400,01000,ACCUM
542,B10000*,00500,00200,FEET
542,B10000*,00500,00300,VALUE
542,B10000*,00500,00400,SALARIES
542,B10000*,00500,00500,REQUISIT
542,B10000*,00500,00800,ORGANS
542,B10000*,00500,01000,COSTS
542,B10000*,00600,00200,1
542,B10000*,00600,00300,2
542,B10000*,00600,00400,3
542,B10000*,00600,00500,3
542,B10000*,00600,00800,3
542,B10000*,00600,01000,3
542,B100000,00000,01000,X
542,E000000,00900,00000,DUE FROM MEDICARE
542,E000000,02600,00000,OTHER FIXED ASSETS
542,E000000,03100,00000,OTHER ASSETS
542,E000000,03900,00000,DEFERRED REVENUE
542,E000000,04600,00000,DEFERRED REVENUE
542,E000000,04700,00000,DEFERRED LESASE RENT
542,E100001,00700,00000,TISSUE AND OTHER REVENUE
542,E200000,01500,00000,GRANT INCOME
542,E200000,02000,00000,RESEARCH INCOME
542,E200000,02600,00000,COST REPORT ADJUSTMENT
542,S000000,00100,00100,X
542,S000000,00400,00100,2
542,S000000,00500,00100,06/01/2022
542,S000000,00600,00100,10001
542,S000000,00700,00100,N
542,S000000,00800,00100,N
542,S000000,00900,00100,11/06/2023
542,S000000,01000,00100,4
542,S000001,00100,00100,HAWAII ORGAN PROCUREMENT ORGANIZATI
542,S000001,00100,00200,12P001
542,S000001,00101,00100,405 N KUAKINI STREET  SUITE 810
542,S000001,00102,00100,HONOLULU
542,S000001,00102,00200,HI
542,S000001,00102,00300,96817
542,S000001,00300,00100,01/01/2021
542,S000001,00300,00200,12/31/2021
542,S000001,00400,00100,6
542,S000001,00400,00300,1
542,S000001,00400,00400,11/21/1987
542,S000001,00401,00300,1
542,S000002,00100,00200,Y
542,S000002,00300,00100,PRESIDENT AND CEO
542,S000002,00400,00100,05/31/2022
542,S100001,00700,00100,N
542,S100001,00810,00000,OTHER
542,S100003,00100,00100,MEDICAL DIRECTOR
542,S100003,00100,00300,MEDICAL DIRECTOR
542,S100003,00100,00500,LAB DIRECTOR
542,S100003,00101,00100,EXEC. DIRECTOR
542,S100003,00101,00300,PROCUREMENT COORDINATOR
542,S100003,00101,00500,TECHNICIANS
542,S100003,00102,00100,CLERICAL
542,S100003,00102,00300,PRESERVATION TECHNICIANS
542,S100003,00102,00500,TISSUE TYPING TECH.
542,S100003,00103,00100,OTHER
542,S100003,00103,00300,OTHER
542,S100003,00103,00500,OTHER
542,S200000,00100,00100,N
542,S200000,00200,00100,N
542,S200000,00300,00100,N
542,S200000,00400,00100,Y
542,S200000,00400,00200,R
542,S200000,00400,00300,07/31/2022
542,S200000,00500,00100,N
542,S200000,00600,00300,PRESIDENT & CEO
542,S200000,00700,00100,HAWAII ORGAN PROCUREMENT ORGANIZATIO
548,A000000,00100,00000,0100CAPITAL COSTS-BLDG & FIXT
548,A000000,00200,00000,0200CAPITAL COSTS-MVBLE EQUIPMENT
548,A000000,00300,00000,0300EMPLOYEE BENEFITS
548,A000000,00400,00000,0400ADMINISTRATIVE & GENERAL
548,A000000,00500,00000,0500OPERATION AND MAINTENANCE OF PLANT
548,A000000,00600,00000,0600HOUSEKEEPING
548,A000000,00700,00000,0700MEDICAL SUPPLIES
548,A000000,00800,00000,0800OTHER OVERHEAD
548,A000000,00900,00000,0900PROCUREMENT COORDINATORS
548,A000000,01000,00000,1000PROFESSIONAL EDUCATION
548,A000000,01100,00000,1100PUBLIC EDUCATION
548,A000000,01200,00000,1200OTHER ACQUISITION
548,A000000,01300,00000,1300KIDNEY ACQUISITIONS
548,A000000,01400,00000,1400TISSUE TYPING LABORATORY
548,A000000,01500,00000,1500LIVER ACQUISITIONS
548,A000000,01600,00000,1600HEART ACQUISITIONS
548,A000000,01700,00000,1700PANCREAS ACQUISITIONS
548,A000000,01800,00000,1800LUNG ACQUISITIONS
548,A000000,01900,00000,1900OTHER ACQUISITIONS
548,A000000,02100,00000,2100RESEARCH
548,A000000,02200,00000,2200BLOOD BANK
548,A000000,02300,00000,2300LABORATORY-NON-TISSUE TYPING
548,A000000,02400,00000,2400DIALYSIS UNITS
548,A000000,02500,00000,2500OTHER NON-REIMBURSABLE
548,A100000,01700,00000,CONTRACT SVC
548,A100000,01800,00000,OTHER
548,A100000,01900,00000,NONALLOWABLE
548,A20H000,00900,00000,OTHER HOSPITAL
548,A20H000,00901,00000,CARDIOLOGY
548,A20H000,00902,00000,RADIOLOGY
548,A20H000,00903,00000,MEDICAL SUPPLIES SPECIFIC
548,A20H000,00904,00000,OTHER LAB FEES
548,A20H000,02100,00000,OTHER ACQUISITION FEES
548,A20K000,00900,00000,OTHER HOSPITAL
548,A20K000,00901,00000,CARDIOLOGY
548,A20K000,00902,00000,RADIOLOGY
548,A20K000,00903,00000,MEDICAL SUPPLIES SPECIFIC
548,A20K000,00904,00000,OTHER LAB FEES
548,A20K000,02100,00000,OTHER ACQUISITION FEES
548,A20L000,00900,00000,OTHER HOSPITAL
548,A20L000,00901,00000,CARDIOLOGY
548,A20L000,00902,00000,RADIOLOGY
548,A20L000,00903,00000,MEDICAL SUPPLIES SPECIFIC
548,A20L000,00904,00000,OTHER LAB FEES
548,A20L000,02100,00000,OTHER ACQUISITION FEES
548,A20O000,00900,00000,OTHER HOSPITAL
548,A20O000,00901,00000,CARDIOLOGY
548,A20O000,00902,00000,RADIOLOGY
548,A20O000,00903,00000,MEDICAL SUPPLIES SPECIFIC
548,A20O000,00904,00000,OTHER LAB FEES
548,A20O000,02100,00000,OTHER ACQUISITION FEES
548,A20O001,00900,00000,OTHER HOSPITAL
548,A20O001,00901,00000,CARDIOLOGY
548,A20O001,00902,00000,RADIOLOGY
548,A20O001,00903,00000,MEDICAL SUPPLIES SPECFIC
548,A20O001,00904,00000,OTHER LAB FEES
548,A20O001,02100,00000,OTHER ACQUISITION FEES
548,A20P000,00900,00000,OTHER HOSPITAL
548,A20P000,00901,00000,CARDIOLOGY
548,A20P000,00902,00000,RADIOLOGY
548,A20P000,00903,00000,MEDICAL SUPPLIES SPECIFIC
548,A20P000,00904,00000,OTHER LAB FEES
548,A20P000,02100,00000,OTHER ACQUISITION FEES
548,A20U000,00900,00000,OTHER HOSPITAL
548,A20U000,00901,00000,CARDIOLOGY
548,A20U000,00902,00000,RADIOLOGY
548,A20U000,00903,00000,MEDICAL SUPPLIES SPECIFIC
548,A20U000,00904,00000,OTHER LAB FEES
548,A20U000,02100,00000,OTHER ACQUISITION FEES
548,A400010,00100,00000,RECLASSIFICATIONS
548,A400010,00100,00100,A
548,A400010,00100,00200,OTHER NON-REIMBURSABLE
548,A400010,00100,00500,PROCUREMENT COORDINATORS
548,A400010,00200,00000,DEFAULT
548,A400010,00200,00100,B
548,A400010,00200,00200,OTHER NON-REIMBURSABLE
548,A400010,00200,00500,PROCUREMENT COORDINATORS
548,A500010,01500,00000,NONALLOWABLE EXENSES
548,A500010,01500,00100,A
548,A500010,01500,00300,ADMINISTRATIVE & GENERAL
548,A500010,01601,00000,TO REMOVE SPONSORSHIPS
548,A500010,01601,00100,A
548,A500010,01601,00300,PUBLIC EDUCATION
548,A500010,01602,00000,KIDNEY SURGEON FEES
548,A500010,01602,00100,A
548,A500010,01602,00300,KIDNEY ACQUISITIONS
548,A51000A,00100,00100,N
548,A60000B,00800,00000,FURNITURE & FIXTURES
548,A60000B,00801,00000,MEDICAL EQUIPMENT
548,A60000B,00802,00000,COMPUTER EQUIPMENT
548,A60000B,00803,00000,COMPUTER SOFTWARE
548,A60000B,00804,00000,LEASEHOLD IMPROVEMENTS
548,A60000B,00805,00000,BUILDING
548,A60000C,00500,00100,N
548,B10000*,00100,00200,CAP BLDG
548,B10000*,00100,00300,CAP COSTS
548,B10000*,00100,00400,EMPLOYEE
548,B10000*,00100,00500,MEDICAL
548,B10000*,00100,00800,ORGAN
548,B10000*,00100,01000,ADMIN &
548,B10000*,00200,00200,OP PLANT &
548,B10000*,00200,00300,MOVABLE
548,B10000*,00200,00400,BENEFITS
548,B10000*,00200,00500,SUPPLIES
548,B10000*,00200,00800,ACQUISITN
548,B10000*,00200,01000,GENERAL
548,B10000*,00300,00200,HOUSEKEEP
548,B10000*,00300,00300,EQUIPMENT
548,B10000*,00300,00800,COSTS
548,B10000*,00400,00200,SQUARE
548,B10000*,00400,00300,DOLLAR
548,B10000*,00400,00400,ADJUST
548,B10000*,00400,00500,COSTED
548,B10000*,00400,00800,NUMBER
548,B10000*,00400,01000,ACCUM
548,B10000*,00500,00200,FEET
548,B10000*,00500,00300,VALUE
548,B10000*,00500,00400,SALARIES
548,B10000*,00500,00500,REQUISIT
548,B10000*,00500,00800,ORGANS
548,B10000*,00500,01000,COSTS
548,B10000*,00600,00200,1
548,B10000*,00600,00300,2
548,B10000*,00600,00400,3
548,B10000*,00600,00500,3
548,B10000*,00600,00800,3
548,B10000*,00600,01000,3
548,B100000,00000,01000,X
548,E000000,00900,00000,OTHER CURRENT ASSETS
548,E000000,02600,00000,OTHER FIXED ASSETS
548,E100001,00900,00000,TISSUE REVENUE
548,E200000,01700,00000,OTHER INCOME
548,S000000,00100,00100,X
548,S000000,00400,00100,2
548,S000000,00500,00100,06/01/2022
548,S000000,00600,00100,10001
548,S000000,00700,00100,N
548,S000000,00800,00100,N
548,S000000,00900,00100,11/13/2023
548,S000000,01000,00100,4
548,S000001,00100,00100,MISSISSIPPI ORGRAN RECOVERY AGENCY
548,S000001,00100,00200,25P001
548,S000001,00101,00100,4400 LAKELAND DRIVE
548,S000001,00102,00100,FLOWOOD
548,S000001,00102,00200,MS
548,S000001,00102,00300,39232
548,S000001,00300,00100,01/01/2021
548,S000001,00300,00200,12/31/2021
548,S000001,00400,00100,8
548,S000001,00400,00300,1
548,S000001,00400,00400,07/01/1994
548,S000001,00401,00300,1
548,S000002,00300,00100,DIRECTOR OF FINANCE
548,S100001,00700,00100,N
548,S100001,00810,00000,OTHER
548,S100003,00100,00100,MEDICAL DIRECTOR
548,S100003,00100,00300,MEDICAL DIRECTOR
548,S100003,00100,00500,LAB DIRECTOR
548,S100003,00101,00100,EXEC. DIRECTOR
548,S100003,00101,00300,PROCUREMENT COORDINATOR
548,S100003,00101,00500,TECHNICIANS
548,S100003,00102,00100,CLERICAL
548,S100003,00102,00300,PRESERVATION TECHNICIANS
548,S100003,00102,00500,TISSUE TYPING TECH.
548,S100003,00103,00100,OTHER
548,S100003,00103,00300,OTHER
548,S100003,00103,00500,OTHER
548,S200000,00100,00100,N
548,S200000,00200,00100,N
548,S200000,00300,00100,N
548,S200000,00400,00100,Y
548,S200000,00400,00200,A
548,S200000,00500,00100,N
548,S200000,00600,00300,DIRECTOR OF FINANCE
548,S200000,00700,00100,MISSISSIPPI ORGAN RECOVERY AGENCY
550,A000000,00100,00000,0100CAPITAL COSTS-BLDG & FIXT
550,A000000,00200,00000,0200CAPITAL COSTS-MVBLE EQUIPMENT
550,A000000,00300,00000,0300EMPLOYEE BENEFITS
550,A000000,00400,00000,0400ADMINISTRATIVE & GENERAL
550,A000000,00500,00000,0500OPERATION AND MAINTENANCE OF PLANT
550,A000000,00600,00000,0600HOUSEKEEPING
550,A000000,00700,00000,0700MEDICAL SUPPLIES
550,A000000,00800,00000,0800OTHER OVERHEAD
550,A000000,00900,00000,0900PROCUREMENT COORDINATORS
550,A000000,01000,00000,1000PROFESSIONAL EDUCATION
550,A000000,01100,00000,1100PUBLIC EDUCATION
550,A000000,01300,00000,1300KIDNEY ACQUISITIONS
550,A000000,01400,00000,1400TISSUE TYPING LABORATORY
550,A000000,01500,00000,1500LIVER ACQUISITIONS
550,A000000,01600,00000,1600HEART ACQUISITIONS
550,A000000,01700,00000,1700PANCREAS ACQUISITIONS
550,A000000,01800,00000,1800LUNG ACQUISITIONS
550,A000000,01900,00000,1900SMALL BOWEL
550,A000000,01901,00000,1901HEART/LUNG
550,A000000,02100,00000,2100RESEARCH
550,A000000,02200,00000,2200BLOOD BANK
550,A000000,02300,00000,2300LABORATORY-NON-TISSUE TYPING
550,A000000,02400,00000,2400DIALYSIS UNITS
550,A000000,02501,00000,250125.01 TISSUE/EYE
550,A000000,02502,00000,250225.02 BIRTH TISSUE
550,A100000,01700,00000,SUBSCRIPTIONS/DUES/LICENSES
550,A100000,01800,00000,POSTAGE
550,A100000,01900,00000,CONSULTING
550,A100000,01901,00000,SHIPPING & DELIVERY
550,A100000,01902,00000,AUTO MAINTENANCE
550,A100000,01903,00000,OTHER PURCHASED SERVICES
550,A20H000,00900,00000,CASE RATES
550,A20H000,02100,00000,PROCUREMENT/PRESERVATION SUPPLIES
550,A20H000,02101,00000,SEROLOGY  ABO TESTS
550,A20K000,00900,00000,CASE RATES
550,A20K000,02100,00000,PROCUREMENT/PRESERVATION SUPPLIES
550,A20K000,02101,00000,SEROLOGY  ABO TESTS
550,A20L000,00900,00000,CASE RATES
550,A20L000,02100,00000,PROCUREMENT/PRESERVATION SUPPLIES
550,A20L000,02101,00000,SEROLOGY  ABO TESTS
550,A20O000,00900,00000,CASE RATES
550,A20O000,02100,00000,PROCUREMENT/PRESERVATION SUPPLIES
550,A20O000,02101,00000,SEROLOGY  ABO TESTS
550,A20O001,00900,00000,CASE RATES
550,A20O001,02100,00000,PROCUREMENT PRESERVATION SUPPLIES
550,A20O001,02101,00000,SEROLOGY  ABO TEST
550,A20P000,00900,00000,CASE RATES
550,A20P000,02100,00000,PROCUREMENT/PRESERVATION SUPPLIES
550,A20P000,02101,00000,SEROLOGY  ABO TESTS
550,A20U000,00900,00000,CASE RATES
550,A20U000,02100,00000,PROCUREMENT/PRESERVATION SUPPLIES
550,A20U000,02101,00000,SEROLOGY  ABO TESTS
550,A300000,00600,00000,SEE ATTACHED G/L SCHEDULE
550,A400010,00100,00000,RECLASSIFICATIONS
550,A400010,00100,00100,A
550,A400010,00100,00200,CAPITAL COSTS-MVBLE EQUIPMENT
550,A400010,00100,00500,ADMINISTRATIVE & GENERAL
550,A400010,00200,00000,RECLASSIFICATIONS
550,A400010,00200,00100,A
550,A400010,00200,00200,CAPITAL COSTS-BLDG & FIXT
550,A400010,00200,00500,ADMINISTRATIVE & GENERAL
550,A400010,00300,00000,RECLASSIFICATIONS
550,A400010,00300,00100,A
550,A400010,00300,00200,CAPITAL COSTS-MVBLE EQUIPMENT
550,A400010,00300,00500,ADMINISTRATIVE & GENERAL
550,A400010,00400,00000,RECLASSIFICATIONS
550,A400010,00400,00100,A
550,A400010,00400,00200,25.01 TISSUE/EYE
550,A400010,00400,00500,PROFESSIONAL EDUCATION
550,A400010,00500,00000,RECLASSIFICATIONS
550,A400010,00500,00100,A
550,A400010,00500,00200,25.01 TISSUE/EYE
550,A400010,00500,00500,PUBLIC EDUCATION
550,A400010,00600,00000,RECLASSIFICATIONS
550,A400010,00600,00100,A
550,A400010,00600,00200,25.01 TISSUE/EYE
550,A400010,00600,00500,PROCUREMENT COORDINATORS
550,A500010,00800,00100,B
550,A500010,00800,00300,PROCUREMENT COORDINATORS
550,A500010,00900,00100,A
550,A500010,01200,00100,A
550,A500010,01200,00300,ADMINISTRATIVE & GENERAL
550,A500010,01500,00000,CONTRIBUTIONS
550,A500010,01500,00100,A
550,A500010,01500,00300,PUBLIC EDUCATION
550,A500010,01502,00000,NON-REIMBURSABLE PROF EDUCATION
550,A500010,01502,00100,A
550,A500010,01502,00300,PROFESSIONAL EDUCATION
550,A500010,01503,00000,NON-REIMBURSABLE ORGAN
550,A500010,01503,00100,A
550,A500010,01503,00300,PROCUREMENT COORDINATORS
550,A500010,01504,00000,NON-REIMBURSABLE ADMIN
550,A500010,01504,00100,A
550,A500010,01504,00300,ADMINISTRATIVE & GENERAL
550,A500010,01505,00000,UTILITIES  BUILDING AVAIL FOR SALE
550,A500010,01505,00100,A
550,A500010,01505,00300,ADMINISTRATIVE & GENERAL
550,A500010,01506,00000,PROP TAXES BLDG AVAIL FOR SALE
550,A500010,01506,00100,A
550,A500010,01506,00300,ADMINISTRATIVE & GENERAL
550,A500010,01600,00000,PORTION OF AOPO DUES LOBBYING
550,A500010,01600,00100,A
550,A500010,01600,00300,PROCUREMENT COORDINATORS
550,A500010,01601,00000,PORTION OF AZHHA DUES LOBBYING
550,A500010,01601,00100,A
550,A500010,01601,00300,PROFESSIONAL EDUCATION
550,A500010,01602,00000,NONALLOWABLE PUBLIC ED MEETINGS/FOOD
550,A500010,01602,00100,A
550,A500010,01602,00300,PUBLIC EDUCATION
550,A500010,01603,00000,NONALLOWABLE PUB ED EVENTS/EXHIBITS
550,A500010,01603,00100,A
550,A500010,01603,00300,PUBLIC EDUCATION
550,A51000A,00100,00100,N
550,A60000A,00700,00000,BUILDING AVAIL FOR SLE
550,A60000C,00500,00100,N
550,B10000*,00100,00200,CAP BLDG
550,B10000*,00100,00300,CAP COSTS
550,B10000*,00100,00400,EMPLOYEE
550,B10000*,00100,00500,MEDICAL
550,B10000*,00100,00800,ORGAN
550,B10000*,00100,01000,ADMIN &
550,B10000*,00200,00200,OP PLANT &
550,B10000*,00200,00300,MOVABLE
550,B10000*,00200,00400,BENEFITS
550,B10000*,00200,00500,SUPPLIES
550,B10000*,00200,00800,ACQUISITN
550,B10000*,00200,01000,GENERAL
550,B10000*,00300,00200,HOUSEKEEP
550,B10000*,00300,00300,EQUIPMENT
550,B10000*,00300,00800,COSTS
550,B10000*,00400,00200,SQUARE
550,B10000*,00400,00300,SQUARE
550,B10000*,00400,00400,ADJUST
550,B10000*,00400,00500,COSTED
550,B10000*,00400,00800,NUMBER
550,B10000*,00400,01000,ACCUM
550,B10000*,00500,00200,FEET
550,B10000*,00500,00300,FEET
550,B10000*,00500,00400,SALARIES
550,B10000*,00500,00500,REQUISIT
550,B10000*,00500,00800,ORGANS
550,B10000*,00500,01000,COSTS
550,B10000*,00600,00200,1
550,B10000*,00600,00300,2
550,B10000*,00600,00400,3
550,B10000*,00600,00500,3
550,B10000*,00600,00800,3
550,B10000*,00600,01000,3
550,B100000,00000,01000,X
550,E000000,00900,00000,OTHER ASSETS
550,E000000,02600,00000,OTHER FIXED ASSETS
550,E000000,03100,00000,DUE FROM MEDICARE
550,E000000,03900,00000,BONDS PAYABLE (CURRENT)
550,E000000,04100,00000,OTHER CURRENT LIABILITIES
550,E000000,04600,00000,BONDS PAYABLE
550,E000000,04700,00000,DEFERRED COMPENSATION
550,E100001,00700,00000,TISSUE PROCUREMENT
550,E100001,00800,00000,OCULAR PROCUREMENT
550,E100001,00900,00000,BIRTH TISSUE ACQUISITION
550,E200000,02000,00000,GAIN ON DISPOSAL OF ASSETS
550,E200000,02100,00000,MEDICARE INCOME - HLA
550,E200000,02200,00000,MEDICARE INCOME - KIDNEY
550,S000000,00100,00100,X
550,S000000,00400,00100,2
550,S000000,00500,00100,06/14/2022
550,S000000,00600,00100,10001
550,S000000,00700,00100,N
550,S000000,00800,00100,N
550,S000000,00900,00100,11/21/2023
550,S000000,01000,00100,4
550,S000001,00100,00100,DONOR NETWORK OF ARIZONA
550,S000001,00100,00200,03P001
550,S000001,00101,00100,2010 W RIO SALADO
550,S000001,00102,00100,TEMPE
550,S000001,00102,00200,AZ
550,S000001,00102,00300,85281
550,S000001,00200,00100,DONOR NETWORK OF ARIZONA
550,S000001,00200,00200,03HL03
550,S000001,00201,00100,2010 W RIO SALADO
550,S000001,00202,00100,TEMPE
550,S000001,00202,00200,AZ
550,S000001,00202,00300,85281
550,S000001,00300,00100,01/01/2021
550,S000001,00300,00200,12/31/2021
550,S000001,00400,00100,6
550,S000001,00400,00300,1
550,S000001,00400,00400,09/01/1992
550,S000001,00401,00100,6
550,S000001,00401,00300,2
550,S000001,00401,00400,09/01/1992
550,S000002,00100,00200,Y
550,S000002,00300,00100,SR. VICE PRESIDENT & CFO
550,S000002,00400,00100,05/26/2022
550,S100001,00700,00100,N
550,S100001,00810,00000,SMALL BOWEL
550,S100001,00811,00000,VEINS
550,S100001,00812,00000,AORTA & AORTOILLIAC
550,S100001,00813,00000,ALL OTHER
550,S100002,00401,00100,NON-LIVING DONOR WORKUP
550,S100002,00402,00100,ABO TYPING
550,S100002,00403,00100,STAT FEE
550,S100002,00404,00100,BLOOD GROUP A SUBTYPE
550,S100003,00100,00100,MEDICAL DIRECTOR
550,S100003,00100,00300,MEDICAL DIRECTOR
550,S100003,00100,00500,LAB DIRECTOR
550,S100003,00101,00100,EXEC. DIRECTOR
550,S100003,00101,00300,PROCUREMENT COORDINATOR
550,S100003,00101,00500,TECHNICIANS
550,S100003,00102,00100,CLERICAL
550,S100003,00102,00300,PRESERVATION TECHNICIANS
550,S100003,00102,00500,TISSUE TYPING TECH.
550,S100003,00103,00100,OTHER
550,S100003,00103,00300,OTHER
550,S100003,00103,00500,OTHER
550,S200000,00100,00100,N
550,S200000,00200,00100,N
550,S200000,00300,00100,N
550,S200000,00400,00100,Y
550,S200000,00400,00200,A
550,S200000,00400,00300,03/25/2022
550,S200000,00500,00100,Y
550,S200000,00600,00300,SENIOR VICE PRESIDENT & CFO
550,S200000,00700,00100,DONOR NETWORK OF ARIZONA
565,A000000,00100,00000,0100CAPITAL COSTS-BLDG & FIXT
565,A000000,00200,00000,0200CAPITAL COSTS-MVBLE EQUIPMENT
565,A000000,00300,00000,0300EMPLOYEE BENEFITS
565,A000000,00400,00000,0400ADMINISTRATIVE & GENERAL
565,A000000,00500,00000,0500OPERATION AND MAINTENANCE OF PLANT
565,A000000,00600,00000,0600HOUSEKEEPING
565,A000000,00700,00000,0700MEDICAL SUPPLIES
565,A000000,00800,00000,0800OTHER OVERHEAD
565,A000000,00900,00000,0900PROCUREMENT COORDINATORS
565,A000000,01000,00000,1000PROFESSIONAL EDUCATION
565,A000000,01100,00000,1100PUBLIC EDUCATION
565,A000000,01300,00000,1300KIDNEY ACQUISITIONS
565,A000000,01400,00000,1400TISSUE TYPING LABORATORY
565,A000000,01500,00000,1500LIVER ACQUISITIONS
565,A000000,01600,00000,1600HEART ACQUISITIONS
565,A000000,01700,00000,1700PANCREAS ACQUISITIONS
565,A000000,01800,00000,1800LUNG ACQUISITIONS
565,A000000,01900,00000,1900OTHER 1            (WKST A2 6 L 23
565,A000000,02100,00000,2100RESEARCH
565,A000000,02200,00000,2200BLOOD BANK
565,A000000,02300,00000,2300LABORATORY-NON-TISSUE TYPING
565,A000000,02400,00000,2400DIALYSIS UNITS
565,A100000,01700,00000,OTHER ADMIN & GENERAL
565,A300000,00600,00000,EQUIPMENT
565,A300000,00700,00000,SUPPLIES
565,A300000,00800,00000,OTHER
565,A300000,00900,00000,DONOR TISSUE TYPING
565,A51000A,00100,00100,Y
565,A51000B,00100,00200,ADMINISTRATIVE & GENERAL
565,A51000C,00100,00100,B
565,A51000C,00100,00200,TRANSPLANT IMMUNOLOGY LAB
565,A51000C,00100,00400,LIFELINK FOUNDATION
565,A51000C,00100,00600,TISSUE TYPING
565,A60000C,00500,00100,N
565,B10000*,00100,00200,CAP BLDG
565,B10000*,00100,00300,CAP COSTS
565,B10000*,00100,00400,EMPLOYEE
565,B10000*,00100,00500,MEDICAL
565,B10000*,00100,00800,ORGAN
565,B10000*,00100,01000,ADMIN &
565,B10000*,00200,00200,OP PLANT &
565,B10000*,00200,00300,MOVABLE
565,B10000*,00200,00400,BENEFITS
565,B10000*,00200,00500,SUPPLIES
565,B10000*,00200,00800,ACQUISITN
565,B10000*,00200,01000,GENERAL
565,B10000*,00300,00200,HOUSEKEEP
565,B10000*,00300,00300,EQUIPMENT
565,B10000*,00300,00800,COSTS
565,B10000*,00400,00200,SQUARE SQ.
565,B10000*,00400,00300,DOLLAR
565,B10000*,00400,00400,ADJUST
565,B10000*,00400,00500,COSTED REQ
565,B10000*,00400,00800,NO. OF ORG
565,B10000*,00400,01000,ACCUM
565,B10000*,00500,00200,FT.)
565,B10000*,00500,00300,VALUE
565,B10000*,00500,00400,SALARIES
565,B10000*,00500,00500,UIS
565,B10000*,00500,00800,ANS
565,B10000*,00500,01000,COSTS
565,B10000*,00600,00200,1
565,B10000*,00600,00300,2
565,B10000*,00600,00400,3
565,B10000*,00600,00500,3
565,B10000*,00600,00800,3
565,B10000*,00600,01000,3
565,B100000,00000,01000,X
565,E000000,00900,00000,OTHER CURRENT ASSETS
565,E000000,02600,00000,OTHER FIXED ASSETS
565,E100002,00300,00000,HOME OFFICE
565,E200000,02600,00000,MEDICARE PAYABLE
565,S000000,00100,00100,X
565,S000000,00400,00100,2
565,S000000,00500,00100,11/15/2022
565,S000000,00600,00100,10001
565,S000000,00700,00100,N
565,S000000,00800,00100,N
565,S000000,00900,00100,02/01/2024
565,S000000,01000,00100,4
565,S000001,00100,00100,LIFELINK TRANSPLANT IMMUNOLOGY LAB
565,S000001,00100,00200,10HL01
565,S000001,00101,00100,9661 DELANEY CREEK BOULEVARD
565,S000001,00102,00100,TAMPA
565,S000001,00102,00200,FL
565,S000001,00102,00300,33619
565,S000001,00300,00100,07/01/2021
565,S000001,00300,00200,06/30/2022
565,S000001,00400,00100,6
565,S000001,00400,00300,2
565,S000001,00400,00400,10/01/1999
565,S000001,00401,00300,2
565,S000002,00100,00200,Y
565,S000002,00300,00100,CFO/COO
565,S000002,00400,00100,11/12/2022
565,S100001,00700,00100,N
565,S100001,00810,00000,OTHER
565,S100002,00400,00100,ABO & RH
565,S100002,00401,00100,AFTER HOURS STAT FEE
565,S100002,00402,00100,MAPS
565,S100002,00403,00100,FINAL CROSSMATCH - DECEASED DONOR
565,S100002,00404,00100,FINAL CROSSMATCH - LIVING RELATED
565,S100002,00405,00100,MOLECULAR HLA A B C DR DQ DP TYPING
565,S100002,00406,00100,HLA DECEASED DONOR TYPING-SHARED
565,S100002,00407,00100,HLA DR
565,S100002,00408,00100,PRELIMINARY EXTENSIVE CROSSMATCH
565,S100002,00409,00100,SPECIAL ANTIBODY CHARACTERIZATION I
565,S100002,00410,00100,SPECIAL ANTIBODY CHARACTERIZATIONII
565,S100002,00411,00100,INFECT DISEASE TEST INDIVID EIA ASSA
565,S100002,00412,00100,STAT FEE
565,S100002,00413,00100,C1Q CLASS II ANTIBODY IDENTIF
565,S100002,00414,00100,SUPPLEMENTAL CLASS II ANTIBODY IDEN
565,S100002,00415,00100,OUT OF COUNTRY MAILER
565,S100002,00416,00100,AT1R
565,S100002,00417,00100,CLASS I AND II ANTIBODY SCREENING
565,S100002,00418,00100,CLASS I ANITBODY-LUMINEX SIN
565,S100002,00419,00100,CLASS II ANTIBODY-LUNIMEX SI
565,S100002,00420,00100,DECEASED DONOR CELL STORAGE
565,S100002,00421,00100,HLA CLASS I/II ANTIBODY SCREENING
565,S100002,00422,00100,SERUM SAMPLE STORAGE AND PROCESSING
565,S100002,00423,00100,SUPPLEMENTAL CLASS I ANTIBODY
565,S100002,00424,00100,C1Q CLASS I ANTIBODY IDENTIF
565,S100002,00425,00100,AT 1R DILUTION
565,S100002,00426,00100,FINAL X MATCH DECEASED DONOR
565,S100002,00427,00100,FINAL X MATCH LIVING RELATED
565,S100002,00428,00100,MAILER KIT OUT OF COUNTRY
565,S100002,00429,00100,AAB
565,S100003,00100,00100,MEDICAL DIRECTOR
565,S100003,00100,00300,MEDICAL DIRECTOR
565,S100003,00100,00500,LAB DIRECTOR
565,S100003,00101,00100,EXEC. DIRECTOR
565,S100003,00101,00300,PROCUREMENT COORDINATOR
565,S100003,00101,00500,TECHNICIANS
565,S100003,00102,00100,CLERICAL
565,S100003,00102,00300,PRESERVATION TECHNICIANS
565,S100003,00102,00500,TISSUE TYPING TECH.
565,S100003,00103,00100,OTHER
565,S100003,00103,00300,OTHER
565,S100003,00103,00500,OTHER
565,S200000,00100,00100,N
565,S200000,00200,00100,N
565,S200000,00300,00100,Y
565,S200000,00400,00100,Y
565,S200000,00400,00200,A
565,S200000,00500,00100,Y
565,S200000,00600,00300,CFO/COO
565,S200000,00700,00100,LIFELINK FOUNDATION
566,A000000,00100,00000,0100CAPITAL COSTS-BLDG & FIXT
566,A000000,00200,00000,0200CAPITAL COSTS-MVBLE EQUIPMENT
566,A000000,00300,00000,0300EMPLOYEE BENEFITS
566,A000000,00400,00000,0400ADMINISTRATIVE & GENERAL
566,A000000,00500,00000,0500OPERATION AND MAINTENANCE OF PLANT
566,A000000,00600,00000,0600HOUSEKEEPING
566,A000000,00700,00000,0700MEDICAL SUPPLIES
566,A000000,00800,00000,0800OTHER OVERHEAD
566,A000000,00900,00000,0900PROCUREMENT COORDINATORS
566,A000000,01000,00000,1000PROFESSIONAL EDUCATION
566,A000000,01100,00000,1100PUBLIC EDUCATION
566,A000000,01200,00000,1200OTHER ACQUISITION
566,A000000,01300,00000,1300KIDNEY ACQUISITIONS
566,A000000,01400,00000,1400TISSUE TYPING LABORATORY
566,A000000,01500,00000,1500LIVER ACQUISITIONS
566,A000000,01600,00000,1600HEART ACQUISITIONS
566,A000000,01700,00000,1700PANCREAS ACQUISITIONS
566,A000000,01800,00000,1800LUNG ACQUISITIONS
566,A000000,01900,00000,1900OTHER ACQUISITIONS
566,A000000,02100,00000,2100RESEARCH
566,A000000,02200,00000,2200BLOOD BANK
566,A000000,02300,00000,2300LABORATORY-NON-TISSUE TYPING
566,A000000,02400,00000,2400DIALYSIS UNITS
566,A000000,02500,00000,2500OTHER NON-REIMBURSABLE
566,A100000,01700,00000,OTHER ADMIN AND GENERAL
566,A20H000,00900,00000,OTHER EXCISION HOSPITAL-OTHER COSTS
566,A20H000,02100,00000,OTHER ACQUISITION COSTS -OTHER COSTS
566,A20K000,00900,00000,OTHER EXCISION HOSPITAL OTHER COSTS
566,A20K000,02100,00000,OTHER AQUISITION COSTS
566,A20L000,00900,00000,OTHER EXCISION HOSPITAL-OTHER COSTS
566,A20L000,02100,00000,OTHER ACQUISITION COSTS -OTHER COSTS
566,A20O000,00900,00000,OTHER EXCISION HOSPITAL-OTHER COSTS
566,A20O000,02100,00000,OTHER ACQUISITION COSTS -OTHER COSTS
566,A20P000,00900,00000,OTHER EXCISION HOSPITAL-OTHER COSTS
566,A20P000,02100,00000,OTHER ACQUISITION COSTS -OTHER COSTS
566,A20U000,00900,00000,OTHER EXCISION HOSPITAL-OTHER COSTS
566,A20U000,02100,00000,OTHER ACQUISITION COSTS-OTHER COSTS
566,A51000A,00100,00100,Y
566,A51000B,00100,00200,ADMINISTRATIVE & GENERAL
566,A51000C,00400,00000,OTHER
566,A51000C,00400,00100,G
566,A51000C,00400,00200,OTHER
566,A51000C,10000,00200,OTHER
566,B10000*,00100,00200,CAP BLDG
566,B10000*,00100,00300,CAP COSTS
566,B10000*,00100,00400,EMPLOYEE
566,B10000*,00100,00500,MEDICAL
566,B10000*,00100,00800,ORGAN
566,B10000*,00100,01000,ADMIN &
566,B10000*,00200,00200,OP PLANT &
566,B10000*,00200,00300,MOVABLE
566,B10000*,00200,00400,BENEFITS
566,B10000*,00200,00500,SUPPLIES
566,B10000*,00200,00800,ACQUISITN
566,B10000*,00200,01000,GENERAL
566,B10000*,00300,00200,HOUSEKEEP
566,B10000*,00300,00300,EQUIPMENT
566,B10000*,00300,00800,COSTS
566,B10000*,00400,00200,SQUARE
566,B10000*,00400,00300,DOLLAR
566,B10000*,00400,00400,ADJUST
566,B10000*,00400,00500,COSTED
566,B10000*,00400,00800,NUMBER
566,B10000*,00400,01000,ACCUM
566,B10000*,00500,00200,FEET
566,B10000*,00500,00300,VALUE
566,B10000*,00500,00400,SALARIES
566,B10000*,00500,00500,REQUISIT
566,B10000*,00500,00800,ORGANS
566,B10000*,00500,01000,COSTS
566,B10000*,00600,00200,1
566,B10000*,00600,00300,2
566,B10000*,00600,00400,3
566,B10000*,00600,00500,3
566,B10000*,00600,00800,3
566,B10000*,00600,01000,3
566,B100000,00000,01000,X
566,E100002,00300,00000,HOME OFFICE
566,E200000,02000,00000,OUT OF SERVICE AREA FEES
566,E200000,02100,00000,RECEVI LESS SEQUESTRATION
566,E200000,02600,00000,NON-ALLOW EXPENSES
566,E200000,02700,00000,MEDICARE PAYABLE
566,S000000,00100,00100,X
566,S000000,00400,00100,2
566,S000000,00500,00100,11/15/2022
566,S000000,00600,00100,10001
566,S000000,00700,00100,N
566,S000000,00800,00100,N
566,S000000,00900,00100,02/01/2024
566,S000000,01000,00100,4
566,S000001,00100,00100,LIFELINK OF FLORIDA
566,S000001,00100,00200,10P001
566,S000001,00101,00100,9661 DELANEY CREEK BLVD
566,S000001,00102,00100,TAMPA
566,S000001,00102,00200,FL
566,S000001,00102,00300,33619
566,S000001,00300,00100,07/01/2021
566,S000001,00300,00200,06/30/2022
566,S000001,00400,00100,6
566,S000001,00400,00300,1
566,S000001,00400,00400,10/01/1999
566,S000001,00401,00300,1
566,S000002,00100,00200,Y
566,S000002,00300,00100,CFO/ COO
566,S000002,00400,00100,11/15/2022
566,S100001,00700,00100,N
566,S100001,00810,00000,INTESTINE
566,S100003,00100,00100,MEDICAL DIRECTOR
566,S100003,00100,00300,MEDICAL DIRECTOR
566,S100003,00100,00500,LAB DIRECTOR
566,S100003,00101,00100,EXEC. DIRECTOR
566,S100003,00101,00300,PROCUREMENT COORDINATOR
566,S100003,00101,00500,TECHNICIANS
566,S100003,00102,00100,CLERICAL
566,S100003,00102,00300,PRESERVATION TECHNICIANS
566,S100003,00102,00500,TISSUE TYPING TECH.
566,S100003,00103,00100,OTHER
566,S100003,00103,00300,OTHER
566,S100003,00103,00500,OTHER
566,S200000,00100,00100,N
566,S200000,00200,00100,N
566,S200000,00300,00100,Y
566,S200000,00400,00100,Y
566,S200000,00400,00200,A
566,S200000,00500,00100,Y
566,S200000,00600,00300,CFO/COO
566,S200000,00700,00100,LIFELINK FOUNDATION
567,A000000,00100,00000,0100CAPITAL COSTS-BLDG & FIXT
567,A000000,00200,00000,0200CAPITAL COSTS-MVBLE EQUIPMENT
567,A000000,00300,00000,0300EMPLOYEE BENEFITS
567,A000000,00400,00000,0400ADMINISTRATIVE & GENERAL
567,A000000,00500,00000,0500OPERATION AND MAINTENANCE OF PLANT
567,A000000,00600,00000,0600HOUSEKEEPING
567,A000000,00700,00000,0700MEDICAL SUPPLIES
567,A000000,00800,00000,0800OTHER OVERHEAD
567,A000000,00900,00000,0900PROCUREMENT COORDINATORS
567,A000000,01000,00000,1000PROFESSIONAL EDUCATION
567,A000000,01100,00000,1100PUBLIC EDUCATION
567,A000000,01200,00000,1200OTHER ACQUISITION
567,A000000,01300,00000,1300KIDNEY ACQUISITIONS
567,A000000,01400,00000,1400TISSUE TYPING LABORATORY
567,A000000,01500,00000,1500LIVER ACQUISITIONS
567,A000000,01600,00000,1600HEART ACQUISITIONS
567,A000000,01700,00000,1700PANCREAS ACQUISITIONS
567,A000000,01800,00000,1800LUNG ACQUISITIONS
567,A000000,01900,00000,1900OTHER ACQUISITIONS
567,A000000,02100,00000,2100RESEARCH
567,A000000,02200,00000,2200BLOOD BANK
567,A000000,02300,00000,2300LABORATORY-NON-TISSUE TYPING
567,A000000,02400,00000,2400DIALYSIS UNITS
567,A000000,02500,00000,2500OTHER NON-REIMBURSABLE
567,A100000,01700,00000,DUES/MEMBERSHIPS
567,A20H000,02100,00000,DONOR HOSPITAL BILLS ACCRUED
567,A20K000,00900,00000,OTHER EXCISION HOSPITAL COSTS
567,A20K000,02100,00000,DONOR HOSPITAL BILLS ACCRUED
567,A20L000,00900,00000,OTHER EXCISION HOSPITAL COSTS
567,A20L000,02100,00000,DONOR HOSPITAL BILLS ACCRUED
567,A20O000,02100,00000,DONOR HOSPITAL BILLS ACCRUED
567,A20P000,02100,00000,DONOR HOSPITAL BILLS ACCRUED
567,A20U000,02100,00000,DONOR HOSPITAL BILLS ACCRUED
567,A300000,00600,00000,OFFICE SALARIES
567,A300000,00700,00000,OTHER LAB COSTS
567,A300000,00800,00000,REAGENTS AND SUPPLIES
567,A400010,00100,00000,RECLASSIFICATIONS
567,A400010,00100,00100,A
567,A400010,00100,00200,KIDNEY ACQUISITIONS
567,A400010,00100,00500,PROCUREMENT COORDINATORS
567,A400010,00200,00000,RECLASSIFICATIONS
567,A400010,00200,00100,A
567,A400010,00200,00200,LIVER ACQUISITIONS
567,A400010,00300,00000,RECLASSIFICATIONS
567,A400010,00300,00100,A
567,A400010,00300,00200,HEART ACQUISITIONS
567,A400010,00400,00000,RECLASSIFICATIONS
567,A400010,00400,00100,A
567,A400010,00400,00200,LUNG ACQUISITIONS
567,A400010,00500,00000,RECLASSIFICATIONS
567,A400010,00500,00100,A
567,A400010,00500,00200,PANCREAS ACQUISITIONS
567,A400010,00600,00000,RECLASSIFICATIONS
567,A400010,00600,00100,A
567,A400010,00600,00200,OTHER ACQUISITIONS
567,A500010,00800,00100,B
567,A500010,00800,00300,LIVER ACQUISITIONS
567,A500010,01500,00000,HEARTS SOLD FOR RESEARCH
567,A500010,01500,00100,B
567,A500010,01500,00300,HEART ACQUISITIONS
567,A500010,01501,00000,LUNGS SOLD FOR RESEARCH
567,A500010,01501,00100,B
567,A500010,01501,00300,LUNG ACQUISITIONS
567,A500010,01502,00000,PANCREAS SOLD FOR RESEARCH
567,A500010,01502,00100,B
567,A500010,01502,00300,PANCREAS ACQUISITIONS
567,A51000A,00100,00100,Y
567,A51000B,00100,00200,CAPITAL COSTS-BLDG & FIXT
567,A51000B,00100,00300,HOME OFFICE - CAPITAL BLD
567,A51000B,00200,00200,EMPLOYEE BENEFITS
567,A51000B,00200,00300,HOME OFFICE ALLOCATION-EMPLOYEE BEN
567,A51000B,00300,00200,ADMINISTRATIVE & GENERAL
567,A51000B,00300,00300,HOME OFFICE - A&G AND MED
567,A51000B,00400,00200,ADMINISTRATIVE & GENERAL
567,A51000B,00400,00300,HOME OFFICE ALLOC - UM SURGERY
567,A51000C,00100,00000,MOME OFFICE HF-8015
567,A51000C,00100,00100,G
567,A51000C,00100,00200,HOME OFFICE ALLOCATION
567,A51000C,00100,00400,UNIVERSITY OF MIAMI
567,A51000C,00100,00600,HOME OFFICE HF-8015
567,A51000C,10000,00200,MOME OFFICE HF-8015
567,A60000C,00500,00100,N
567,B10000*,00100,00200,CAP BLDG
567,B10000*,00100,00300,CAP COSTS
567,B10000*,00100,00400,EMPLOYEE
567,B10000*,00100,00500,MEDICAL
567,B10000*,00100,00800,ORGAN
567,B10000*,00100,01000,ADMIN &
567,B10000*,00200,00200,OP PLANT &
567,B10000*,00200,00300,MOVABLE
567,B10000*,00200,00400,BENEFITS
567,B10000*,00200,00500,SUPPLIES
567,B10000*,00200,00800,ACQUISITN
567,B10000*,00200,01000,GENERAL
567,B10000*,00300,00200,HOUSEKEEP
567,B10000*,00300,00300,EQUIPMENT
567,B10000*,00300,00800,COSTS
567,B10000*,00400,00200,SQUARE
567,B10000*,00400,00300,DOLLAR
567,B10000*,00400,00400,ADJUST
567,B10000*,00400,00500,COSTED
567,B10000*,00400,00800,NUMBER
567,B10000*,00400,01000,ACCUM
567,B10000*,00500,00200,FEET
567,B10000*,00500,00300,VALUE
567,B10000*,00500,00400,SALARIES
567,B10000*,00500,00500,REQUISIT
567,B10000*,00500,00800,ORGANS
567,B10000*,00500,01000,COSTS
567,B10000*,00600,00200,1
567,B10000*,00600,00300,2
567,B10000*,00600,00400,3
567,B10000*,00600,00500,3
567,B10000*,00600,00800,3
567,B10000*,00600,01000,3
567,B100000,00000,01000,X
567,E100001,00700,00000,SURGEON FEES
567,E100001,00800,00000,ADMIN FEE (KIDNEY PRESERVATION)
567,E100001,00900,00000,RESEARCH REVENUE
567,E100001,00901,00000,COST REPORT SETTLEMENT
567,S000000,00100,00100,X
567,S000000,00400,00100,2
567,S000000,00500,00100,11/01/2022
567,S000000,00600,00100,10001
567,S000000,00700,00100,N
567,S000000,00800,00100,N
567,S000000,00900,00100,02/01/2024
567,S000000,01000,00100,4
567,S000001,00100,00100,LIFE ALLIANCE ORGAN RECOVERY AGENCY
567,S000001,00100,00200,10P002
567,S000001,00101,00100,1951 NW 7TH AVE  SUITE 220
567,S000001,00102,00100,MIAMI
567,S000001,00102,00200,FL
567,S000001,00102,00300,33136
567,S000001,00200,00100,UNIV OF MIAMI - HISTO LAB
567,S000001,00200,00200,10HL02
567,S000001,00201,00100,1600 NW 10TH AVE  ROOM 8145
567,S000001,00202,00100,MIAMI
567,S000001,00202,00200,FL
567,S000001,00202,00300,33136
567,S000001,00300,00100,06/01/2021
567,S000001,00300,00200,05/31/2022
567,S000001,00400,00100,8
567,S000001,00400,00300,1
567,S000001,00400,00400,10/01/1978
567,S000001,00401,00100,8
567,S000001,00401,00300,2
567,S000001,00401,00400,10/01/1978
567,S000002,00100,00200,Y
567,S000002,00300,00100,DIRECTOR OF FINANCE
567,S000002,00400,00100,10/31/2022
567,S100001,00700,00100,N
567,S100001,00810,00000,INTESTINES
567,S100002,00400,00100,ABO
567,S100002,00401,00100,B-25 (ALLO)
567,S100002,00402,00100,B-25 (AUTO)
567,S100002,00403,00100,B25-DTT (ALLO)
567,S100002,00404,00100,B25-DTT (AUTO)
567,S100002,00405,00100,B-FLOW XM (ALLO)
567,S100002,00406,00100,B-FLOW XM (AUTO)
567,S100002,00407,00100,CF-SO-NGS
567,S100002,00408,00100,CF-SO-SSOP
567,S100002,00409,00100,ENDO XM (ALLO)
567,S100002,00410,00100,LUMINEX SCREEN
567,S100002,00411,00100,RHO
567,S100002,00412,00100,SA CLS I & II
567,S100002,00413,00100,SO-SSOP
567,S100002,00414,00100,T-25 (ALLO)
567,S100002,00415,00100,T-25 (AUTO)
567,S100002,00416,00100,T25-DTT (ALLO)
567,S100002,00417,00100,T25-DTT (AUTO)
567,S100002,00418,00100,T-FLOW XM (ALLO)
567,S100002,00419,00100,T-FLOW XM (AUTO)
567,S100002,00420,00100,VIRTUAL XM
567,S100002,00421,00100,ABO SUBTYPING
567,S100002,00422,00100,ENDO XM AUTO
567,S100002,00423,00100,NON HLA AUTO ANTIBODY
567,S100002,00424,00100,PAIRED EXCHANGE
567,S100002,00425,00100,SSP PANEL
567,S100003,00100,00100,MEDICAL DIRECTOR
567,S100003,00100,00300,MEDICAL DIRECTOR
567,S100003,00100,00500,LAB DIRECTOR
567,S100003,00101,00100,EXEC. DIRECTOR
567,S100003,00101,00300,PROCUREMENT COORDINATOR
567,S100003,00101,00500,TECHNICIANS
567,S100003,00102,00100,CLERICAL
567,S100003,00102,00300,PRESERVATION TECHNICIANS
567,S100003,00102,00500,TISSUE TYPING TECH.
567,S100003,00103,00100,OTHER
567,S100003,00103,00300,OTHER
567,S100003,00103,00500,OTHER
567,S200000,00100,00100,N
567,S200000,00200,00100,N
567,S200000,00300,00100,Y
567,S200000,00400,00100,Y
567,S200000,00400,00200,A
567,S200000,00500,00100,Y
567,S200000,00600,00300,DIRECTOR OF FINANCE
567,S200000,00700,00100,LIFE ALLIANCE ORGAN RECOVERY AGENCY
568,A000000,00100,00000,0100CAPITAL COSTS-BLDG & FIXT
568,A000000,00200,00000,0200CAPITAL COSTS-MVBLE EQUIPMENT
568,A000000,00300,00000,0300EMPLOYEE BENEFITS
568,A000000,00400,00000,0400ADMINISTRATIVE & GENERAL
568,A000000,00500,00000,0500OPERATION AND MAINTENANCE OF PLANT
568,A000000,00600,00000,0600HOUSEKEEPING
568,A000000,00700,00000,0700MEDICAL SUPPLIES
568,A000000,00900,00000,0900PROCUREMENT COORDINATORS
568,A000000,01000,00000,1000PROFESSIONAL EDUCATION
568,A000000,01100,00000,1100PUBLIC EDUCATION
568,A000000,01300,00000,1300KIDNEY ACQUISITIONS
568,A000000,01400,00000,1400TISSUE TYPING LABORATORY
568,A000000,01500,00000,1500LIVER ACQUISITIONS
568,A000000,01600,00000,1600HEART ACQUISITIONS
568,A000000,01700,00000,1700PANCREAS ACQUISITIONS
568,A000000,01800,00000,1800LUNG ACQUISITIONS
568,A000000,01900,00000,1900BONE               (WKST A2 6 L 23
568,A000000,01901,00000,1901HEART VALVES
568,A000000,01902,00000,1902SMALL INTESTINE
568,A000000,01903,00000,1903OTHER ORGAN AND TISSUE
568,A000000,02100,00000,2100RESEARCH
568,A000000,02200,00000,2200BLOOD BANK
568,A000000,02300,00000,2300LABORATORY-NON-TISSUE TYPING
568,A000000,02400,00000,2400DIALYSIS UNITS
568,A000000,02500,00000,2500TISSUE PROCUREMENT COSTS
568,A000000,02501,00000,2501BONE WKST A2 6 L23
568,A000000,02502,00000,2502OTHER ORGAN AND TISSUE
568,A000000,02503,00000,2503HEART VALVES
568,A100000,01700,00000,BANK SERVICE CHARGE
568,A100000,01800,00000,OTHER ADMIN AND GENERAL
568,A100000,01900,00000,DONOR REGISTERY
568,A100000,01901,00000,UTILITIES/SECURITY/MAINTENANCE
568,A100000,01902,00000,SMALL OFFICE EQUIPMENT
568,A100000,01903,00000,EMPLOYEE RECRUITING
568,A100000,01904,00000,QA/QI SALARIES
568,A100000,01905,00000,DUES AND SUBSCRIPTIONS
568,A100000,01906,00000,ANSWERING SERVICE
568,A100000,01907,00000,UNALLOWABLE MEALS / BAD DEBT / MISC
568,A20H000,00900,00000,OTHER HOSPITAL COSTS
568,A20H000,02100,00000,OTHER ACQUISITION COSTS
568,A20K000,00900,00000,OTHER HOSPITAL COSTS
568,A20K000,02100,00000,OTHER ACQUISITION COSTS
568,A20L000,00900,00000,OTHER HOSPITAL COSTS
568,A20L000,02100,00000,OTHER ACQUISITION COSTS
568,A20O000,00900,00000,OTHER HOSPITAL COSTS
568,A20O000,02100,00000,OTHER ACQUISITION COSTS
568,A20O001,00900,00000,OTHER HOSPITAL COSTS
568,A20O001,02100,00000,OTHER ACQUISITION COSTS
568,A20O002,00900,00000,OTHER HOSPITAL COSTS
568,A20O002,02100,00000,OTHER ACQUISITION COSTS
568,A20O003,00900,00000,OTHER HOSPITAL COSTS
568,A20O003,02100,00000,OTHER ACQUISITION COSTS
568,A20P000,00900,00000,OTHER HOSPITAL COSTS
568,A20P000,02100,00000,OTHER ACQUISITION COSTS
568,A20U000,00900,00000,OTHER HOSPITAL COSTS
568,A20U000,02100,00000,OTHER ACQUISITION COSTS
568,A400010,00100,00000,INDIRECT TISSUE PROCUREMENT COSTS
568,A400010,00100,00100,A
568,A400010,00100,00200,TISSUE PROCUREMENT COSTS
568,A400010,00100,00500,PROCUREMENT COORDINATORS
568,A400010,00200,00000,RECLASS TISSUE ANSWERING SERVICE
568,A400010,00200,00100,B
568,A400010,00200,00200,TISSUE PROCUREMENT COSTS
568,A400010,00200,00500,ADMINISTRATIVE & GENERAL
568,A400010,00300,00000,RECLASS TISSUE ANSWERING SERVICE
568,A400010,00300,00100,B
568,A400010,00300,00500,EMPLOYEE BENEFITS
568,A400010,00400,00000,RECLASS TISSUE ANSWERING SERVICE
568,A400010,00400,00100,B
568,A400010,00400,00500,PROCUREMENT COORDINATORS
568,A400010,00500,00000,TO ADJUST TISSUE ALLO PER AUDIT FIND
568,A400010,00500,00100,C
568,A400010,00500,00200,TISSUE PROCUREMENT COSTS
568,A400010,00500,00500,PROCUREMENT COORDINATORS
568,A400010,00600,00000,RECLASS BONE & OTHER ORG AND TISSUE
568,A400010,00600,00100,E
568,A400010,00600,00200,BONE WKST A2 6 L23
568,A400010,00600,00500,BONE               (WKST A2 6 L 23
568,A400010,00700,00000,RECLASS BONE & OTHER ORG AND TISSUE
568,A400010,00700,00100,E
568,A400010,00700,00200,OTHER ORGAN AND TISSUE
568,A400010,00700,00500,OTHER ORGAN AND TISSUE
568,A400010,00800,00000,RECLASS BONE & OTHER ORG AND TISSUE
568,A400010,00800,00100,E
568,A400010,00800,00200,HEART VALVES
568,A400010,00800,00500,HEART VALVES
568,A500010,00700,00100,B
568,A500010,00700,00300,CAPITAL COSTS-BLDG & FIXT
568,A500010,01200,00100,B
568,A500010,01200,00300,CAPITAL COSTS-BLDG & FIXT
568,A500010,01500,00000,CALL CENTER RENTAL INCOME
568,A500010,01500,00100,B
568,A500010,01500,00300,TISSUE PROCUREMENT COSTS
568,A500010,01501,00000,EMPLOYEE MEALS
568,A500010,01501,00100,A
568,A500010,01501,00300,ADMINISTRATIVE & GENERAL
568,A500010,01601,00000,LOBBYING DUES
568,A500010,01601,00100,A
568,A500010,01601,00300,ADMINISTRATIVE & GENERAL
568,A500010,01602,00000,RESEARCH REVENUE (INTENT FOR RESEARC
568,A500010,01602,00100,B
568,A500010,01602,00300,PROCUREMENT COORDINATORS
568,A500010,01603,00000,LIVER SURGEON FEES
568,A500010,01603,00100,A
568,A500010,01603,00300,LIVER ACQUISITIONS
568,A500010,01604,00000,HEART SURGEON FEES
568,A500010,01604,00100,A
568,A500010,01604,00300,HEART ACQUISITIONS
568,A500010,01605,00000,PANCREAS SURGEON FEES
568,A500010,01605,00100,A
568,A500010,01605,00300,PANCREAS ACQUISITIONS
568,A500010,01606,00000,LUNG SURGEON FEES
568,A500010,01606,00100,A
568,A500010,01606,00300,LUNG ACQUISITIONS
568,A500010,01608,00000,SMALL BOWEL SURGEON FEES
568,A500010,01608,00100,A
568,A500010,01608,00300,SMALL INTESTINE
568,A500010,01609,00000,LIVER SURGEON FEES
568,A500010,01609,00100,A
568,A500010,01609,00300,LIVER ACQUISITIONS
568,A500010,01610,00000,HEART SURGEON FEES
568,A500010,01610,00100,A
568,A500010,01610,00300,HEART ACQUISITIONS
568,A500010,01611,00000,PANCREAS SURGEON FEES
568,A500010,01611,00100,A
568,A500010,01611,00300,PANCREAS ACQUISITIONS
568,A500010,01612,00000,LUNG SURGEON FEES
568,A500010,01612,00100,A
568,A500010,01612,00300,LUNG ACQUISITIONS
568,A500010,01613,00000,SMALL BOWEL SURGEON FEES
568,A500010,01613,00100,A
568,A500010,01613,00300,SMALL INTESTINE
568,A51000A,00100,00100,N
568,A60000A,00700,00000,CONSTRUCTION IN PROGRESS
568,A60000C,00500,00100,N
568,B10000*,00100,00200,CAP BLDG
568,B10000*,00100,00300,CAP COSTS
568,B10000*,00100,00400,EMPLOYEE
568,B10000*,00100,00500,MEDICAL
568,B10000*,00100,00800,ORGAN
568,B10000*,00100,01000,ADMIN &
568,B10000*,00200,00200,OP PLANT &
568,B10000*,00200,00300,MOVABLE
568,B10000*,00200,00400,BENEFITS
568,B10000*,00200,00500,SUPPLIES
568,B10000*,00200,00800,ACQUISITN
568,B10000*,00200,01000,GENERAL
568,B10000*,00300,00200,HOUSEKEEP
568,B10000*,00300,00300,EQUIPMENT
568,B10000*,00300,00800,COSTS
568,B10000*,00400,00200,SQUARE
568,B10000*,00400,00300,DOLLAR
568,B10000*,00400,00400,ADJUST
568,B10000*,00400,00500,COSTED
568,B10000*,00400,00800,NUMBER
568,B10000*,00400,01000,ACCUM
568,B10000*,00500,00200,FEET
568,B10000*,00500,00300,VALUE
568,B10000*,00500,00400,SALARIES
568,B10000*,00500,00500,REQUISIT
568,B10000*,00500,00800,ORGANS
568,B10000*,00500,01000,COSTS
568,B10000*,00600,00200,1
568,B10000*,00600,00300,2
568,B10000*,00600,00400,3
568,B10000*,00600,00500,3
568,B10000*,00600,00800,3
568,B10000*,00600,01000,3
568,B100000,00000,01000,X
568,E000000,00900,00000,ESTIMATED THIRD PARTY RECEIVABLE
568,E000000,02600,00000,CONSTRUCTION WORK IN PROGRESS
568,E000000,03100,00000,OTHER
568,E000000,03900,00000,ESTIMATED THIRD PARTY SETTLEMENTS
568,E000000,04100,00000,ACCRUED INTEREST PAYABLE
568,E200000,01900,00000,LOAN FORGIVENESS PROCEEDS
568,E200000,02000,00000,MISCELLANEOUS REVENUE
568,E200000,02100,00000,GAIN ON DISPOSAL OF PP&E
568,E200000,02200,00000,UNREALIZED INVESTMENT GAIN
568,E200000,02600,00000,UNREALIZED INVESTMENT LOSS
568,E200000,02700,00000,LOSS ON SALE OF ASSETS
568,E200000,02701,00000,INVESTMENT LOSS
568,S000000,00100,00100,X
568,S000000,00400,00100,2
568,S000000,00500,00100,10/17/2022
568,S000000,00600,00100,10001
568,S000000,00700,00100,N
568,S000000,00800,00100,N
568,S000000,00900,00100,02/01/2024
568,S000000,01000,00100,4
568,S000001,00100,00100,NEBRASKA ORGAN RECOVERY SYSTEM  INC.
568,S000001,00100,00200,28P001
568,S000001,00101,00100,3867 LEAVENWORTH STREET
568,S000001,00102,00100,OMAHA
568,S000001,00102,00200,NE
568,S000001,00102,00300,68105
568,S000001,00300,00100,07/01/2021
568,S000001,00300,00200,06/30/2022
568,S000001,00400,00100,6
568,S000001,00400,00300,1
568,S000001,00400,00400,02/22/1979
568,S000001,00401,00300,1
568,S100001,00700,00100,N
568,S100001,00810,00000,SMALL BOWEL
568,S100001,00811,00000,OTHER TISSUE
568,S100003,00100,00100,MEDICAL DIRECTOR
568,S100003,00100,00300,MEDICAL DIRECTOR
568,S100003,00100,00500,LAB DIRECTOR
568,S100003,00101,00100,EXEC. DIRECTOR
568,S100003,00101,00300,PROCUREMENT COORDINATOR
568,S100003,00101,00500,TECHNICIANS
568,S100003,00102,00100,CLERICAL
568,S100003,00102,00300,PRESERVATION TECHNICIANS
568,S100003,00102,00500,TISSUE TYPING TECH.
568,S100003,00103,00100,OTHER
568,S100003,00103,00300,OTHER
568,S100003,00103,00500,OTHER
568,S200000,00100,00100,N
568,S200000,00200,00100,N
568,S200000,00300,00100,N
568,S200000,00400,00100,Y
568,S200000,00400,00200,A
568,S200000,00400,00300,09/30/2022
568,S200000,00500,00100,N
568,S200000,00600,00300,PARTNER
568,S200000,00700,00100,SEIM JOHNSON  LLP
570,A000000,00100,00000,0100CAPITAL COSTS-BLDG & FIXT
570,A000000,00200,00000,0200CAPITAL COSTS-MVBLE EQUIPMENT
570,A000000,00300,00000,0300EMPLOYEE BENEFITS
570,A000000,00400,00000,0400ADMINISTRATIVE & GENERAL
570,A000000,00500,00000,0500OPERATION AND MAINTENANCE OF PLANT
570,A000000,00600,00000,0600HOUSEKEEPING
570,A000000,00700,00000,0700MEDICAL SUPPLIES
570,A000000,00800,00000,0800OTHER OVERHEAD
570,A000000,00900,00000,0900PROCUREMENT COORDINATORS
570,A000000,01000,00000,1000PROFESSIONAL EDUCATION
570,A000000,01100,00000,1100PUBLIC EDUCATION
570,A000000,01200,00000,1200OTHER ACQUISITION
570,A000000,01300,00000,1300KIDNEY ACQUISITIONS
570,A000000,01400,00000,1400TISSUE TYPING LABORATORY
570,A000000,01500,00000,1500LIVER ACQUISITIONS
570,A000000,01600,00000,1600HEART ACQUISITIONS
570,A000000,01700,00000,1700PANCREAS ACQUISITIONS
570,A000000,01800,00000,1800LUNG ACQUISITIONS
570,A000000,01900,00000,1900OTHER ACQUISITIONS
570,A000000,02100,00000,2100RESEARCH
570,A000000,02200,00000,2200BLOOD BANK
570,A000000,02300,00000,2300LABORATORY-NON-TISSUE TYPING
570,A000000,02400,00000,2400DIALYSIS UNITS
570,A000000,02500,00000,2500OTHER NON-REIMBURSABLE
570,A100000,01700,00000,OTHER ADM &GENERAL
570,A100000,01800,00000,FACILITIES RENTALS
570,A100000,01900,00000,MANPOWER SERVICES
570,A100000,01901,00000,POSTAGE
570,A300000,00600,00000,MISC
570,A300000,00700,00000,LAB SUPPLIES
570,A300000,00800,00000,TRAVEL  MTG
570,A300000,00900,00000,INSTITUTION MEMBERSHIP
570,A500010,01500,00000,THER REVENUE
570,A500010,01500,00100,B
570,A500010,01500,00300,TISSUE TYPING LABORATORY
570,A51000A,00100,00100,N
570,A60000C,00500,00100,N
570,B10000*,00100,00200,CAP BLDG
570,B10000*,00100,00300,CAP COSTS
570,B10000*,00100,00400,EMPLOYEE
570,B10000*,00100,00500,MEDICAL
570,B10000*,00100,00800,ORGAN
570,B10000*,00100,01000,ADMIN &
570,B10000*,00200,00200,OP PLANT &
570,B10000*,00200,00300,MOVABLE
570,B10000*,00200,00400,BENEFITS
570,B10000*,00200,00500,SUPPLIES
570,B10000*,00200,00800,ACQUISITN
570,B10000*,00200,01000,GENERAL
570,B10000*,00300,00200,HOUSEKEEP
570,B10000*,00300,00300,EQUIPMENT
570,B10000*,00300,00800,COSTS
570,B10000*,00400,00200,SQUARE
570,B10000*,00400,00300,DOLLAR
570,B10000*,00400,00400,ADJUST
570,B10000*,00400,00500,COSTED
570,B10000*,00400,00800,NUMBER
570,B10000*,00400,01000,ACCUM
570,B10000*,00500,00200,FEET
570,B10000*,00500,00300,VALUE
570,B10000*,00500,00400,SALARIES
570,B10000*,00500,00500,REQUISIT
570,B10000*,00500,00800,ORGANS
570,B10000*,00500,01000,COSTS
570,B10000*,00600,00200,1
570,B10000*,00600,00300,2
570,B10000*,00600,00400,3
570,B10000*,00600,00500,3
570,B10000*,00600,00800,3
570,B10000*,00600,01000,3
570,B100000,00000,01000,X
570,E200000,02000,00000,DUE FROM MEDICARE
570,S000000,00100,00100,X
570,S000000,00400,00100,2
570,S000000,00500,00100,11/23/2022
570,S000000,00600,00100,10001
570,S000000,00700,00100,N
570,S000000,00800,00100,N
570,S000000,00900,00100,02/09/2024
570,S000000,01000,00100,4
570,S000001,00100,00100,MARYLAND REGIONAL TISSUE TYPING
570,S000001,00100,00200,21HL01
570,S000001,00101,00100,2041 EAST MONUMNET STREET
570,S000001,00102,00100,BALTIMORE
570,S000001,00102,00200,MD
570,S000001,00102,00300,21205
570,S000001,00300,00100,07/01/2021
570,S000001,00300,00200,06/30/2022
570,S000001,00400,00100,8
570,S000001,00400,00300,2
570,S000001,00400,00400,03/30/1979
570,S000001,00401,00300,1
570,S000002,00100,00200,Y
570,S000002,00300,00100,CHEIF FINANCIAL OFFICER
570,S000002,00400,00100,11/22/2022
570,S100001,00700,00100,N
570,S100001,00810,00000,OTHER
570,S100002,00400,00100,CLASS I TYPING
570,S100002,00401,00100,CLASS II TYPING
570,S100002,00402,00100,T & B CELL CROSSMATCH
570,S100002,00403,00100,HLA ANTIBODY SCREEN- CLASS I
570,S100002,00404,00100,HLA ANTIBODY SCREEN- CLASS II
570,S100002,00405,00100,FLOW CYTOMETRIC CROSSMATCH
570,S100002,00406,00100,STAT FEE
570,S100002,00407,00100,CADAVER TYPING
570,S100002,00408,00100,CLASS II HIGH RESOLUTION TYPING
570,S100002,00409,00100,CLASS I HIGH RESOLUTION TYPING
570,S100002,00410,00100,SPECIMEN PROCESSING/STORAGE
570,S100002,00411,00100,STAT FEE-CADAVER DONOR TYPING
570,S100002,00412,00100,DP-LOCUS HIGH RESOLUTION TYPING
570,S100002,00413,00100,CLASS I HLA - A & B DNA TYPING
570,S100002,00414,00100,ANTIBODY SCREEN A*B
570,S100002,00415,00100,KIR DNA TYPING
570,S100002,00416,00100,VERIFICATION TYPING
570,S100002,00417,00100,PRELIMINARY XM
570,S100002,00418,00100,MLC TEST
570,S100002,00419,00100,ZYGOSITY TESTING
570,S100002,00420,00100,DONOR CANCELLATION FEE
570,S100002,00421,00100,A-LOCUS HIGH RESOLUTION TYPING
570,S100002,00422,00100,B-LOCUS HIGH RESOLUTION TYPING
570,S100002,00423,00100,C-LOCUS HIGH RESOLUTION TYPING
570,S100002,00424,00100,DR-LOCUS HIGH RESOLUTION TYPING
570,S100002,00425,00100,DQ-LOCUS HIGH RESOLUTION TYPING
570,S100002,00426,00100,DP-LOCUS HIGH RESOLUTION TYPING
570,S100002,00427,00100,CYLEX IMMUNE MONITORING
570,S100002,00428,00100,ENDOTHELIAL CELL CROSSMATCH
570,S100002,00429,00100,AT1R
570,S100002,00430,00100,TETRAMERS
570,S100003,00100,00100,MEDICAL DIRECTOR
570,S100003,00100,00300,MEDICAL DIRECTOR
570,S100003,00100,00500,LAB DIRECTOR
570,S100003,00101,00100,EXEC. DIRECTOR
570,S100003,00101,00300,PROCUREMENT COORDINATOR
570,S100003,00101,00500,TECHNICIANS
570,S100003,00102,00100,CLERICAL
570,S100003,00102,00300,PRESERVATION TECHNICIANS
570,S100003,00102,00500,TISSUE TYPING TECH.
570,S100003,00103,00100,OTHER
570,S100003,00103,00300,OTHER
570,S100003,00103,00500,OTHER
570,S200000,00100,00100,N
570,S200000,00200,00100,N
570,S200000,00300,00100,N
570,S200000,00400,00100,N
570,S200000,00500,00100,N
570,S200000,00600,00300,ASSISTANT DIRECTOR
570,S200000,00700,00100,JOHNS HOPKINS UNIVERSITY
571,A000000,00100,00000,0100CAPITAL COSTS-BLDG & FIXT
571,A000000,00200,00000,0200CAPITAL COSTS-MVBLE EQUIPMENT
571,A000000,00300,00000,0300EMPLOYEE BENEFITS
571,A000000,00400,00000,0400ADMINISTRATIVE & GENERAL
571,A000000,00500,00000,0500OPERATION AND MAINTENANCE OF PLANT
571,A000000,00600,00000,0600HOUSEKEEPING
571,A000000,00700,00000,0700MEDICAL SUPPLIES
571,A000000,00800,00000,0800OTHER OVERHEAD
571,A000000,00900,00000,0900PROCUREMENT COORDINATORS
571,A000000,01000,00000,1000PROFESSIONAL EDUCATION
571,A000000,01100,00000,1100PUBLIC EDUCATION
571,A000000,01300,00000,1300KIDNEY ACQUISITIONS
571,A000000,01400,00000,1400TISSUE TYPING LABORATORY
571,A000000,01500,00000,1500LIVER ACQUISITIONS
571,A000000,01600,00000,1600HEART ACQUISITIONS
571,A000000,01700,00000,1700PANCREAS ACQUISITIONS
571,A000000,01800,00000,1800LUNG ACQUISITIONS
571,A000000,01900,00000,1900OTHER 1            (WKST A2 6 L 23
571,A000000,02100,00000,2100RESEARCH
571,A000000,02200,00000,2200BLOOD BANK
571,A000000,02300,00000,2300LABORATORY-NON-TISSUE TYPING
571,A000000,02400,00000,2400DIALYSIS UNITS
571,A100000,01700,00000,OTHER ADMIN & GENERAL
571,A20H000,00900,00000,OTHER EXCISION HOSPITAL-OTHER COSTS
571,A20H000,02100,00000,OTHER ACQUISITION COSTS-OTHER COSTS
571,A20K000,00900,00000,OTHER EXCISION HOSPITAL OTHER COSTS
571,A20K000,02100,00000,OTHER ACQUISITION COSTS-OTHER COSTS
571,A20L000,00900,00000,OTHER EXCISION HOSPITAL -OTHER COSTS
571,A20L000,02100,00000,OTHER ACQUISITION COSTS-OTHER COSTS
571,A20P000,00900,00000,OTHER EXCISION HOSPITAL OTHER COSTS
571,A20P000,02100,00000,OTHER ACQUISTION COSTS-OTHER COSTS
571,A20U000,00900,00000,OTHER EXCISION HOSPITALOTHER COSTS
571,A20U000,02100,00000,OTHER ACQUISITION COSTS-OTHER COSTS
571,A51000A,00100,00100,Y
571,A51000B,00100,00200,ADMINISTRATIVE & GENERAL
571,A51000C,00100,00100,B
571,A51000C,00100,00200,LIFELINK OF PUERTO RICO
571,A51000C,00100,00400,LIFELINK FOUNDATION
571,A51000C,00100,00600,ORGAN PROCUREMENT
571,A60000C,00500,00100,N
571,B10000*,00100,00200,CAP BLDG
571,B10000*,00100,00300,CAP COSTS
571,B10000*,00100,00400,EMPLOYEE
571,B10000*,00100,00500,MEDICAL
571,B10000*,00100,00800,ORGAN
571,B10000*,00100,01000,ADMIN &
571,B10000*,00200,00200,OP PLANT &
571,B10000*,00200,00300,MOVABLE
571,B10000*,00200,00400,BENEFITS
571,B10000*,00200,00500,SUPPLIES
571,B10000*,00200,00800,ACQUISITN
571,B10000*,00200,01000,GENERAL
571,B10000*,00300,00200,HOUSEKEEP
571,B10000*,00300,00300,EQUIPMENT
571,B10000*,00300,00800,COSTS
571,B10000*,00400,00200,SQUARE SQ.
571,B10000*,00400,00300,DOLLAR
571,B10000*,00400,00400,ADJUST
571,B10000*,00400,00500,COSTED REQ
571,B10000*,00400,00800,NO. OF ORG
571,B10000*,00400,01000,ACCUM
571,B10000*,00500,00200,FT.)
571,B10000*,00500,00300,VALUE
571,B10000*,00500,00400,SALARIES
571,B10000*,00500,00500,UIS
571,B10000*,00500,00800,ANS
571,B10000*,00500,01000,COSTS
571,B10000*,00600,00200,1
571,B10000*,00600,00300,2
571,B10000*,00600,00400,3
571,B10000*,00600,00500,3
571,B10000*,00600,00800,3
571,B10000*,00600,01000,3
571,B100000,00000,01000,X
571,E000000,00900,00000,OTHER CURRENT ASSETS
571,E000000,02600,00000,OTHER FIXED ASSETS
571,E100002,00300,00000,HOME OFFICE
571,E200000,01500,00000,OUT OF SERVICE AREA FEES
571,E200000,01600,00000,MEDICARE RECIEVABLE
571,E200000,02600,00000,NON-ALLOWABLE EXPENSES
571,E200000,02700,00000,MEDICARE PAYABLE
571,S000000,00100,00100,X
571,S000000,00400,00100,2
571,S000000,00500,00100,11/15/2022
571,S000000,00600,00100,10001
571,S000000,00700,00100,N
571,S000000,00800,00100,N
571,S000000,00900,00100,02/16/2024
571,S000000,01000,00100,4
571,S000001,00100,00100,LIFELINK OF PUERTO RICO
571,S000001,00100,00200,40P002
571,S000001,00101,00100,METRO OFFICE PARK 1 CALLE1  STE 100
571,S000001,00102,00100,GUAYNABO
571,S000001,00102,00200,PR
571,S000001,00102,00300,00968
571,S000001,00300,00100,07/01/2021
571,S000001,00300,00200,06/30/2022
571,S000001,00400,00100,6
571,S000001,00400,00300,1
571,S000001,00400,00400,10/01/1999
571,S000001,00401,00300,1
571,S000002,00100,00200,Y
571,S000002,00300,00100,CFO/COO
571,S000002,00400,00100,11/15/2022
571,S100001,00700,00100,N
571,S100001,00810,00000,INTESTINE
571,S100003,00100,00100,MEDICAL DIRECTOR
571,S100003,00100,00300,MEDICAL DIRECTOR
571,S100003,00100,00500,LAB DIRECTOR
571,S100003,00101,00100,EXEC. DIRECTOR
571,S100003,00101,00300,PROCUREMENT COORDINATOR
571,S100003,00101,00500,TECHNICIANS
571,S100003,00102,00100,CLERICAL
571,S100003,00102,00300,PRESERVATION TECHNICIANS
571,S100003,00102,00500,TISSUE TYPING TECH.
571,S100003,00103,00100,OTHER
571,S100003,00103,00300,OTHER
571,S100003,00103,00500,OTHER
571,S200000,00100,00100,N
571,S200000,00200,00100,N
571,S200000,00300,00100,Y
571,S200000,00400,00100,Y
571,S200000,00400,00200,A
571,S200000,00500,00100,Y
571,S200000,00600,00300,CFO/COO
571,S200000,00700,00100,LIFELINK FOUNDATION
572,A000000,00100,00000,0100CAPITAL COSTS-BLDG & FIXT
572,A000000,00200,00000,0200CAPITAL COSTS-MVBLE EQUIPMENT
572,A000000,00300,00000,0300EMPLOYEE BENEFITS
572,A000000,00400,00000,0400ADMINISTRATIVE & GENERAL
572,A000000,00500,00000,0500OPERATION AND MAINTENANCE OF PLANT
572,A000000,00600,00000,0600HOUSEKEEPING
572,A000000,00700,00000,0700MEDICAL SUPPLIES
572,A000000,00800,00000,0800OTHER OVERHEAD
572,A000000,00900,00000,0900PROCUREMENT COORDINATORS
572,A000000,01000,00000,1000PROFESSIONAL EDUCATION
572,A000000,01100,00000,1100PUBLIC EDUCATION
572,A000000,01300,00000,1300KIDNEY ACQUISITIONS
572,A000000,01400,00000,1400TISSUE TYPING LABORATORY
572,A000000,01500,00000,1500LIVER ACQUISITIONS
572,A000000,01600,00000,1600HEART ACQUISITIONS
572,A000000,01700,00000,1700PANCREAS ACQUISITIONS
572,A000000,01800,00000,1800LUNG ACQUISITIONS
572,A000000,01900,00000,1900OTHER 1          S 2
572,A000000,02100,00000,2100RESEARCH
572,A000000,02200,00000,2200BLOOD BANK
572,A000000,02300,00000,2300LABORATORY-NON-TISSUE TYPING
572,A000000,02400,00000,2400DIALYSIS UNITS
572,A100000,01700,00000,OTHER ADMIN & GENERAL
572,A20H000,00900,00000,OTHER EXCISION HOSPITAL-OTHER COSTS
572,A20H000,02100,00000,OTHER ACQUISITION COSTS-OTHER COSTS
572,A20K000,00900,00000,OTHER EXCISION HOSPITALOTHER COSTS
572,A20K000,02100,00000,OTHER ACQUISITION COSTS-OTHER COSTS
572,A20L000,00900,00000,OTHER EXCISION HOSPITAL-OTHER COSTS
572,A20L000,02100,00000,OTHER ACQUISITION COSTS-OTHER COSTS
572,A20O000,00900,00000,OTHER EXCISION HOSPITAL-OTHER COSTS
572,A20O000,02100,00000,OTHER ACQUISITION COSTS-OTHER COSTS
572,A20P000,00900,00000,OTHER EXCISION HOSPITALOTHER COSTS
572,A20P000,02100,00000,OTHER ACQUISITION COSTS-OTHER COSTS
572,A20U000,00900,00000,OTHER EXCISION HOSPITAL-OTHER COSTS
572,A20U000,02100,00000,OTHER ACQUISTION COSTS-OTHER COSTS
572,A51000A,00100,00100,Y
572,A51000B,00100,00200,ADMINISTRATIVE & GENERAL
572,A51000C,00100,00100,B
572,A51000C,00100,00200,LIFELINK OF GEORGIA
572,A51000C,00100,00400,LIFELINK FOUNDATION
572,A51000C,00100,00600,ORGAN PROCUREMENT
572,A60000C,00500,00100,N
572,B10000*,00100,00200,CAP BLDG
572,B10000*,00100,00300,CAP COSTS
572,B10000*,00100,00400,EMPLOYEE
572,B10000*,00100,00500,MEDICAL
572,B10000*,00100,00800,ORGAN
572,B10000*,00100,01000,ADMIN &
572,B10000*,00200,00200,OP PLANT &
572,B10000*,00200,00300,MOVABLE
572,B10000*,00200,00400,BENEFITS
572,B10000*,00200,00500,SUPPLIES
572,B10000*,00200,00800,ACQUISITN
572,B10000*,00200,01000,GENERAL
572,B10000*,00300,00200,HOUSEKEEP
572,B10000*,00300,00300,EQUIPMENT
572,B10000*,00300,00800,COSTS
572,B10000*,00400,00200,SQUARE SQ.
572,B10000*,00400,00300,DOLLAR
572,B10000*,00400,00400,ADJUST
572,B10000*,00400,00500,COSTED REQ
572,B10000*,00400,00800,NO. OF ORG
572,B10000*,00400,01000,ACCUM
572,B10000*,00500,00200,FT.)
572,B10000*,00500,00300,VALUE
572,B10000*,00500,00400,SALARIES
572,B10000*,00500,00500,UIS
572,B10000*,00500,00800,ANS
572,B10000*,00500,01000,COSTS
572,B10000*,00600,00200,1
572,B10000*,00600,00300,2
572,B10000*,00600,00400,3
572,B10000*,00600,00500,3
572,B10000*,00600,00800,3
572,B10000*,00600,01000,3
572,B100000,00000,01000,X
572,E000000,00900,00000,OTHER CURRENT ASSETS
572,E000000,02600,00000,OTHER FIXED ASSETS
572,E100002,00400,00000,HOME OFFICE
572,E200000,01500,00000,OUT OF SERVICE AREA FEES
572,E200000,02000,00000,MEDICARE RECEIVABLE NET OF SEQUEST
572,E200000,02600,00000,MEDICARE PAYABLE
572,E200000,02700,00000,NON-ALLOWABLE COSTS
572,S000000,00100,00100,X
572,S000000,00400,00100,2
572,S000000,00500,00100,11/15/2022
572,S000000,00600,00100,10001
572,S000000,00700,00100,N
572,S000000,00800,00100,N
572,S000000,00900,00100,02/26/2024
572,S000000,01000,00100,4
572,S000001,00100,00100,LIFELINK OF GEORGIA
572,S000001,00100,00200,11P002
572,S000001,00101,00100,2875 NORTHWOODS PARKWAY
572,S000001,00102,00100,NORCROSS
572,S000001,00102,00200,GA
572,S000001,00102,00300,30071
572,S000001,00300,00100,07/01/2021
572,S000001,00300,00200,06/30/2022
572,S000001,00400,00100,6
572,S000001,00400,00300,1
572,S000001,00400,00400,10/01/1999
572,S000001,00401,00300,1
572,S000002,00100,00200,Y
572,S000002,00300,00100,CFO/COO
572,S000002,00400,00100,11/15/2022
572,S100001,00700,00100,N
572,S100001,00810,00000,INTESTINE
572,S100003,00100,00100,MEDICAL DIRECTOR
572,S100003,00100,00300,MEDICAL DIRECTOR
572,S100003,00100,00500,LAB DIRECTOR
572,S100003,00101,00100,EXEC. DIRECTOR
572,S100003,00101,00300,PROCUREMENT COORDINATOR
572,S100003,00101,00500,TECHNICIANS
572,S100003,00102,00100,CLERICAL
572,S100003,00102,00300,PRESERVATION TECHNICIANS
572,S100003,00102,00500,TISSUE TYPING TECH.
572,S100003,00103,00100,OTHER
572,S100003,00103,00300,OTHER
572,S100003,00103,00500,OTHER
572,S200000,00100,00100,N
572,S200000,00200,00100,N
572,S200000,00300,00100,Y
572,S200000,00400,00100,Y
572,S200000,00400,00200,A
572,S200000,00500,00100,Y
572,S200000,00600,00300,CFO/COO
572,S200000,00700,00100,LIFELINK FOUNDATION
580,A000000,00100,00000,0100CAPITAL COSTS-BLDG & FIXT
580,A000000,00200,00000,0200CAPITAL COSTS-MVBLE EQUIPMENT
580,A000000,00300,00000,0300EMPLOYEE BENEFITS
580,A000000,00400,00000,0400ADMINISTRATIVE & GENERAL
580,A000000,00500,00000,0500OPERATION AND MAINTENANCE OF PLANT
580,A000000,00600,00000,0600HOUSEKEEPING
580,A000000,00700,00000,0700MEDICAL SUPPLIES
580,A000000,00800,00000,0800OTHER OVERHEAD
580,A000000,00900,00000,0900PROCUREMENT COORDINATORS
580,A000000,01000,00000,1000PROFESSIONAL EDUCATION
580,A000000,01100,00000,1100PUBLIC EDUCATION
580,A000000,01300,00000,1300KIDNEY ACQUISITIONS
580,A000000,01400,00000,1400TISSUE TYPING LABORATORY
580,A000000,01500,00000,1500LIVER ACQUISITIONS
580,A000000,01600,00000,1600HEART ACQUISITIONS
580,A000000,01700,00000,1700PANCREAS ACQUISITIONS
580,A000000,01800,00000,1800LUNG ACQUISITIONS
580,A000000,01900,00000,1900OTHER ACQUISITIONS
580,A000000,02100,00000,2100RESEARCH
580,A000000,02200,00000,2200BLOOD BANK
580,A000000,02300,00000,2300LABORATORY-NON-TISSUE TYPING
580,A000000,02400,00000,2400DIALYSIS UNITS
580,A100000,01700,00000,OTHER A&G
580,A100000,01800,00000,SERVICES
580,A300000,00600,00000,REAGENTS AND SUPPLIES
580,A300000,00800,00000,OTHER EXPENSE.
580,A500010,01400,00100,A
580,A500010,01400,00300,CAPITAL COSTS-MVBLE EQUIPMENT
580,A500010,01600,00000,A&G ADJUSTMENT
580,A500010,01600,00100,A
580,A500010,01600,00300,ADMINISTRATIVE & GENERAL
580,A500010,01601,00000,FINAL SETTLEMENTS
580,A500010,01601,00100,A
580,A500010,01601,00300,ADMINISTRATIVE & GENERAL
580,A51000A,00100,00100,N
580,B10000*,00100,00200,CAP BLDG
580,B10000*,00100,00300,CAP COSTS
580,B10000*,00100,00400,EMPLOYEE
580,B10000*,00100,00500,MEDICAL
580,B10000*,00100,00800,ORGAN
580,B10000*,00100,01000,ADMIN &
580,B10000*,00200,00200,OP PLANT &
580,B10000*,00200,00300,MOVABLE
580,B10000*,00200,00400,BENEFITS
580,B10000*,00200,00500,SUPPLIES
580,B10000*,00200,00800,ACQUISITN
580,B10000*,00200,01000,GENERAL
580,B10000*,00300,00200,HOUSEKEEP
580,B10000*,00300,00300,EQUIPMENT
580,B10000*,00300,00800,COSTS
580,B10000*,00400,00200,SQUARE
580,B10000*,00400,00300,DOLLAR
580,B10000*,00400,00400,ADJUST
580,B10000*,00400,00500,COSTED
580,B10000*,00400,00800,NUMBER
580,B10000*,00400,01000,ACCUM
580,B10000*,00500,00200,FEET
580,B10000*,00500,00300,VALUE
580,B10000*,00500,00400,SALARIES
580,B10000*,00500,00500,REQUISIT
580,B10000*,00500,00800,ORGANS
580,B10000*,00500,01000,COSTS
580,B10000*,00600,00200,1
580,B10000*,00600,00300,2
580,B10000*,00600,00400,3
580,B10000*,00600,00500,3
580,B10000*,00600,00800,3
580,B10000*,00600,01000,3
580,B100000,00000,01000,X
580,E100002,00300,00000,NET WORKSHEET A-5 ADJUSTMENTS
580,E200000,02000,00000,DUE FROM MEDICARE
580,E200000,02100,00000,DUE TO MEDICARE
580,S000000,00100,00100,X
580,S000000,00400,00100,2
580,S000000,00500,00100,11/29/2022
580,S000000,00600,00100,10001
580,S000000,00700,00100,N
580,S000000,00800,00100,N
580,S000000,00900,00100,04/02/2024
580,S000000,01000,00100,4
580,S000001,00100,00100,UCSF IMMUNOGENETICS & TRANSPLANT LA
580,S000001,00100,00200,05HL06
580,S000001,00101,00100,1100 VAN NESS AVENUE  SUITE 800
580,S000001,00102,00100,SAN FRANCISCO
580,S000001,00102,00200,CA
580,S000001,00102,00300,94109
580,S000001,00300,00100,07/01/2021
580,S000001,00300,00200,06/30/2022
580,S000001,00400,00100,10
580,S000001,00400,00300,2
580,S000001,00400,00400,07/01/1999
580,S000001,00401,00300,1
580,S000002,00100,00200,Y
580,S000002,00300,00100,ASSOCIATE CHAIR  FINANCE & ADMIN
580,S000002,00400,00100,11/17/2022
580,S100001,00700,00100,N
580,S100001,00810,00000,OTHER
580,S100002,00401,00100,HLA CLASS I (A B C) TYPING (INTERM)
580,S100002,00402,00100,HLA CLASS II (DR DQ DP) TYPING (INT)
580,S100002,00403,00100,HLA-DQB1 TYPING (NGS-HIGH RES)
580,S100002,00404,00100,HLA ABC  COMPREHENSIVE (NGS-HIGH RES
580,S100002,00405,00100,HLA ANTIBODY PRA CLASS 1
580,S100002,00406,00100,HLA ANTIBODY PRA CLASS II
580,S100002,00407,00100,HLA ANTIBODY ID-SINGLE ANT CLASS I
580,S100002,00408,00100,HLA ANTIBODY ID-SINGLE ANT CLASS II
580,S100002,00409,00100,B-CELL & T-CELL X-MATCH BY FLOW CYT
580,S100002,00410,00100,B-CELL & T-CELL FLOW X-MATCH W PRONA
580,S100002,00411,00100,DECEASED DONOR TESTING - LOCAL
580,S100002,00412,00100,DECEASED DONOR CELL PREP & STORAGE
580,S100002,00413,00100,SERUM MANAGEMENT (INCLUSIVE)
580,S100002,00414,00100,HLA TYPING STAT FEE (PER REQUISITIO)
580,S100002,00415,00100,ANTIBODY TESTING STAT FEE PER SET-UP
580,S100002,00416,00100,CROSSMATCH STAT FEE PER SET-UP
580,S100002,00417,00100,SERUM STORAGE
580,S100003,00100,00100,MEDICAL DIRECTOR
580,S100003,00100,00300,MEDICAL DIRECTOR
580,S100003,00100,00500,LAB DIRECTOR
580,S100003,00101,00100,EXEC. DIRECTOR
580,S100003,00101,00300,PROCUREMENT COORDINATOR
580,S100003,00101,00500,TECHNICIANS
580,S100003,00102,00100,CLERICAL
580,S100003,00102,00300,PRESERVATION TECHNICIANS
580,S100003,00102,00500,TISSUE TYPING TECH.
580,S100003,00103,00100,OTHER
580,S100003,00103,00300,OTHER
580,S100003,00103,00500,OTHER
580,S200000,00100,00100,N
580,S200000,00200,00100,N
580,S200000,00300,00100,N
580,S200000,00400,00100,N
580,S200000,00500,00100,N
580,S200000,00600,00300,LAB MANAGER
580,S200000,00700,00100,UCSF IMMUNO & TX LAB
581,A000000,00100,00000,0100CAPITAL COSTS-BLDG & FIXT
581,A000000,00200,00000,0200CAPITAL COSTS-MVBLE EQUIPMENT
581,A000000,00300,00000,0300EMPLOYEE BENEFITS
581,A000000,00400,00000,0400ADMINISTRATIVE & GENERAL
581,A000000,00500,00000,0500OPERATION AND MAINTENANCE OF PLANT
581,A000000,00600,00000,0600HOUSEKEEPING
581,A000000,00700,00000,0700MEDICAL SUPPLIES
581,A000000,00800,00000,0800OTHER OVERHEAD
581,A000000,00900,00000,0900PROCUREMENT COORDINATORS
581,A000000,01000,00000,1000PROFESSIONAL EDUCATION
581,A000000,01100,00000,1100PUBLIC EDUCATION
581,A000000,01200,00000,1200OTHER ACQUISITION
581,A000000,01300,00000,1300KIDNEY ACQUISITIONS
581,A000000,01400,00000,1400TISSUE TYPING LABORATORY
581,A000000,01500,00000,1500LIVER ACQUISITIONS
581,A000000,01600,00000,1600HEART ACQUISITIONS
581,A000000,01700,00000,1700PANCREAS ACQUISITIONS
581,A000000,01800,00000,1800LUNG ACQUISITIONS
581,A000000,01900,00000,1900OTHER ACQUISITION  (WKST A2 6 L 23
581,A000000,01901,00000,1901OTHER ACQUISITIONS 2
581,A000000,01902,00000,1902OTHER ACQUISITIONS 3
581,A000000,01903,00000,1903OTHER ACQUISITIONS 4
581,A000000,02100,00000,2100RESEARCH
581,A000000,02200,00000,2200BLOOD BANK
581,A000000,02300,00000,2300LABORATORY-NON-TISSUE TYPING
581,A000000,02400,00000,2400DIALYSIS UNITS
581,A000000,02500,00000,2500OTHER NON-REIMBURSABLE
581,A100000,01700,00000,DUES & SUBSCRIPTIONS
581,A100000,01800,00000,OPERATION & MAINTENANCE
581,A100000,01900,00000,NON-CAPITAL EQUIPMENT
581,A20O000,02100,00000,OTHER ACQUISITIONS 1
581,A20O001,02100,00000,OTHER ACQUISITIONS 2
581,A20O002,02100,00000,OTHER ACQUISITIONS 3
581,A20O003,02100,00000,OTHER ACQUISITIONS 4
581,A300000,00600,00000,TISSUE TYPING SUPPLIES
581,A300000,00700,00000,CONTRACT LABOR/MEDICAL SERVICES
581,A300000,00800,00000,STUDY SUBJECTS
581,A400010,00100,00000,EQUIPMENT RENTAL
581,A400010,00100,00100,A
581,A400010,00100,00200,CAPITAL COSTS-MVBLE EQUIPMENT
581,A400010,00100,00500,ADMINISTRATIVE & GENERAL
581,A500010,00200,00100,B
581,A500010,01400,00100,A
581,A500010,01400,00300,CAPITAL COSTS-MVBLE EQUIPMENT
581,A500010,01500,00000,LEASE PURCHASE
581,A500010,01500,00100,A
581,A500010,01500,00300,CAPITAL COSTS-MVBLE EQUIPMENT
581,A500010,01501,00000,CELL THERAPY
581,A500010,01501,00100,A
581,A500010,01501,00300,TISSUE TYPING LABORATORY
581,A500010,01502,00000,CAPITALIZED EQUIPMENT
581,A500010,01502,00100,A
581,A500010,01502,00300,CAPITAL COSTS-MVBLE EQUIPMENT
581,A500010,01600,00000,PART B COST RECOVERY
581,A500010,01600,00100,B
581,A500010,01600,00300,TISSUE TYPING LABORATORY
581,A51000A,00100,00100,N
581,A60000A,00700,00000,7    PRIOR PERIOD ADJ.
581,A60000C,00500,00100,N
581,B10000*,00100,00200,CAP BLDG
581,B10000*,00100,00300,CAP COSTS
581,B10000*,00100,00400,EMPLOYEE
581,B10000*,00100,00500,MEDICAL
581,B10000*,00100,00800,ORGAN
581,B10000*,00100,01000,ADMIN &
581,B10000*,00200,00200,OP PLANT &
581,B10000*,00200,00300,MOVABLE
581,B10000*,00200,00400,BENEFITS
581,B10000*,00200,00500,SUPPLIES
581,B10000*,00200,00800,ACQUISITN
581,B10000*,00200,01000,GENERAL
581,B10000*,00300,00200,HOUSEKEEP
581,B10000*,00300,00300,EQUIPMENT
581,B10000*,00300,00800,COSTS
581,B10000*,00400,00200,SQUARE SQ.
581,B10000*,00400,00300,DOLLAR
581,B10000*,00400,00400,ADJUST
581,B10000*,00400,00500,COSTED REQ
581,B10000*,00400,00800,NO. OF ORG
581,B10000*,00400,01000,ACCUM
581,B10000*,00500,00200,FT.
581,B10000*,00500,00300,VALUE
581,B10000*,00500,00400,SALARIES
581,B10000*,00500,00500,UIS
581,B10000*,00500,00800,ANS
581,B10000*,00500,01000,COSTS
581,B10000*,00600,00200,1
581,B10000*,00600,00300,2
581,B10000*,00600,00400,3
581,B10000*,00600,00500,3
581,B10000*,00600,00800,3
581,B10000*,00600,01000,3
581,B100000,00000,01000,X
581,E100002,00300,00000,VOLUNTARY TRANSFERS
581,E100002,00400,00000,TRANSFER OUT - PRINCIPAL
581,E100002,00500,00000,TRANSFER OUT - INTEREST
581,E100002,00900,00000,OTHER
581,S000000,00100,00100,X
581,S000000,00400,00100,2
581,S000000,00500,00100,11/23/2022
581,S000000,00600,00100,10001
581,S000000,00700,00100,N
581,S000000,00800,00100,N
581,S000000,00900,00100,04/02/2024
581,S000000,01000,00100,4
581,S000001,00100,00100,CLINIMMUNE LABS
581,S000001,00100,00200,06HL04
581,S000001,00101,00100,12705 E. MONTVIEW BLVD.  SUITE 250
581,S000001,00102,00100,AURORA
581,S000001,00102,00200,CO
581,S000001,00102,00300,80045
581,S000001,00300,00100,07/01/2021
581,S000001,00300,00200,06/30/2022
581,S000001,00400,00100,8
581,S000001,00400,00300,2
581,S000001,00400,00400,11/16/1987
581,S000001,00401,00300,1
581,S000002,00300,00100,EXECUTIVE DIRECTOR
581,S100001,00700,00100,N
581,S100001,00810,00000,OTHER
581,S100002,00400,00100,ABO BLOOD TYPING
581,S100002,00401,00100,VIRTUAL XM
581,S100002,00402,00100,DONOR CELL PREP
581,S100002,00403,00100,FINAL CROSSMATCH
581,S100002,00404,00100,PRA HIGH DEF CLASS I
581,S100002,00405,00100,PRA HIGH DEF CLASS II
581,S100002,00406,00100,PRA CRITICAL STAT 6HR
581,S100002,00407,00100,PRA STAT HIGH DEF 24HR
581,S100002,00408,00100,DRB1 DQB1 DPBA HR
581,S100002,00409,00100,PRELIMINARY CROSSMATCH
581,S100002,00410,00100,CYLEX T CELL IMMUNO ASSAY
581,S100002,00411,00100,DNA EXTRACT %2B HOLD
581,S100002,00412,00100,DRBI HR
581,S100002,00413,00100,DQB1 HR
581,S100002,00414,00100,DQBI LR
581,S100002,00415,00100,DRB1 LR
581,S100002,00416,00100,PRA  HIGH DEFINITION
581,S100002,00417,00100,NO SCREEN  SERUM STORAGE
581,S100002,00418,00100,A LR
581,S100002,00419,00100,B LR
581,S100002,00420,00100,B HR
581,S100002,00421,00100,C LR
581,S100002,00422,00100,DPB1
581,S100002,00423,00100,DRB3/4/5 LR
581,S100002,00424,00100,DRB3/4/5 HR
581,S100002,00425,00100,DQA1 LR
581,S100002,00426,00100,A B C DRB1/3/4/5  DQ LR
581,S100002,00427,00100,A B DR LR
581,S100002,00428,00100,PRA AB SCREEN
581,S100002,00429,00100,SHIPPING HANDLING REFERRAL TESTING
581,S100002,00430,00100,C HR
581,S100002,00431,00100,ABO-A SUBTYPING
581,S100002,00432,00100,A B C DR DQ HR
581,S100002,00433,00100,ANTI-A TITER
581,S100002,00434,00100,SERUM TRANSFER FOR ANTI-A TITER
581,S100003,00100,00100,MEDICAL DIRECTOR
581,S100003,00100,00300,MEDICAL DIRECTOR
581,S100003,00100,00500,LAB DIRECTOR
581,S100003,00101,00100,EXEC. DIRECTOR
581,S100003,00101,00300,PROCUREMENT COORDINATOR
581,S100003,00101,00500,TECHNICIANS
581,S100003,00102,00100,CLERICAL
581,S100003,00102,00300,PRESERVATION TECHNICIANS
581,S100003,00102,00500,TISSUE TYPING TECH.
581,S100003,00103,00100,OTHER
581,S100003,00103,00300,OTHER
581,S100003,00103,00500,OTHER
581,S200000,00100,00100,N
581,S200000,00200,00100,N
581,S200000,00300,00100,N
581,S200000,00400,00100,N
581,S200000,00500,00100,N
581,S200000,00600,00300,CHIEF OPERATING OFFICER
581,S200000,00700,00100,UNIV OF CO
582,A000000,00100,00000,0100CAPITAL COSTS-BLDG & FIXT
582,A000000,00200,00000,0200CAPITAL COSTS-MVBLE EQUIPMENT
582,A000000,00300,00000,0300EMPLOYEE BENEFITS
582,A000000,00400,00000,0400ADMINISTRATIVE & GENERAL
582,A000000,00500,00000,0500OPERATION AND MAINTENANCE OF PLANT
582,A000000,00600,00000,0600HOUSEKEEPING
582,A000000,00700,00000,0700MEDICAL SUPPLIES
582,A000000,00800,00000,0800OTHER OVERHEAD
582,A000000,00900,00000,0900PROCUREMENT COORDINATORS
582,A000000,01000,00000,1000PROFESSIONAL EDUCATION
582,A000000,01100,00000,1100PUBLIC EDUCATION
582,A000000,01200,00000,1200OTHER ACQUISITION
582,A000000,01300,00000,1300KIDNEY ACQUISITIONS
582,A000000,01400,00000,1400TISSUE TYPING LABORATORY
582,A000000,01600,00000,1600HEART ACQUISITIONS
582,A000000,01700,00000,1700PANCREAS ACQUISITIONS
582,A000000,01800,00000,1800LUNG ACQUISITIONS
582,A000000,01900,00000,1900OTHER ACQUISITIONS
582,A000000,02100,00000,2100RESEARCH
582,A000000,02200,00000,2200BLOOD BANK
582,A000000,02300,00000,2300LABORATORY-NON-TISSUE TYPING
582,A000000,02400,00000,2400DIALYSIS UNITS
582,A000000,02500,00000,2500OTHER NON-REIMBURSABLE
582,A100000,01700,00000,CFO  FINANCE AND ADMIN SERVICES
582,A100000,01800,00000,HUMAN RESOURCES
582,A100000,01900,00000,QUALITY ASSURANCE/REGULATORY AFFAIRS
582,A100000,01901,00000,SAFETY AND SURVEILLANCE
582,A100000,01902,00000,TRANSPORTATION
582,A100000,01903,00000,MATERIALS MANAGEMENT
582,A100000,01904,00000,PROCESS AND PROJECT MANAGEMENT
582,A100000,01905,00000,MEDICAL EDUCATION PROGRAM
582,A100000,01906,00000,MEDICAL DIRECTORS OFFICE
582,A100000,01907,00000,TRUSTEE RELATIONS
582,A300000,00600,00000,CLERICAL
582,A300000,00700,00000,FREIGHT AND POSTAGE
582,A300000,00800,00000,DRUGS AND SUPPLIES
582,A300000,00900,00000,TRAVEL AND TRAINING
582,A300000,01000,00000,MINOR OFFICE AND MEDICAL EQUIPMENT
582,A300000,01001,00000,OTHER
582,A300000,01002,00000,FURNITURE FIXTURES DEPRECIATION
582,A300000,01003,00000,MEDICAL EQUIPMENT DEPRECIATION
582,A300000,01004,00000,TELEPHONE
582,A300000,01005,00000,DUES/PERMITS/LICENSES/PUBLICATIONS
582,A300000,01006,00000,LAUNDRY AND JANITORIAL SUPPLIES
582,A300000,01007,00000,PRINTING EXPENSE
582,A400010,00100,00000,RECLASSIFICATIONS
582,A400010,00100,00100,A
582,A400010,00100,00200,CAPITAL COSTS-BLDG & FIXT
582,A400010,00100,00500,OPERATION AND MAINTENANCE OF PLANT
582,A400010,00200,00000,RECLASSIFICATIONS
582,A400010,00200,00100,A
582,A400010,00200,00200,CAPITAL COSTS-BLDG & FIXT
582,A400010,00200,00500,ADMINISTRATIVE & GENERAL
582,A400010,00300,00000,RECLASSIFICATIONS
582,A400010,00300,00100,A
582,A400010,00300,00200,TISSUE TYPING LABORATORY
582,A400010,00300,00500,OPERATION AND MAINTENANCE OF PLANT
582,A400010,00400,00000,RECLASSIFICATIONS
582,A400010,00400,00100,A
582,A400010,00400,00200,CAPITAL COSTS-BLDG & FIXT
582,A400010,00400,00500,OPERATION AND MAINTENANCE OF PLANT
582,A400010,00500,00000,RECLASSIFICATIONS
582,A400010,00500,00100,A
582,A400010,00500,00200,CAPITAL COSTS-BLDG & FIXT
582,A400010,00500,00500,ADMINISTRATIVE & GENERAL
582,A400010,00600,00000,RECLASSIFICATIONS
582,A400010,00600,00100,A
582,A400010,00600,00200,CAPITAL COSTS-MVBLE EQUIPMENT
582,A400010,00600,00500,ADMINISTRATIVE & GENERAL
582,A400010,00700,00000,RECLASSIFICATIONS
582,A400010,00700,00100,A
582,A400010,00700,00200,CAPITAL COSTS-MVBLE EQUIPMENT
582,A400010,00700,00500,OPERATION AND MAINTENANCE OF PLANT
582,A400010,00800,00000,RECLASSIFICATIONS
582,A400010,00800,00100,A
582,A400010,00800,00200,CAPITAL COSTS-MVBLE EQUIPMENT
582,A400010,00800,00500,ADMINISTRATIVE & GENERAL
582,A400010,00900,00000,RECLASSIFICATIONS
582,A400010,00900,00100,A
582,A400010,00900,00200,TISSUE TYPING LABORATORY
582,A400010,00900,00500,BLOOD BANK
582,A400010,01000,00000,RECLASSIFICATIONS
582,A400010,01000,00100,A
582,A400010,01000,00200,CAPITAL COSTS-BLDG & FIXT
582,A400010,01000,00500,OPERATION AND MAINTENANCE OF PLANT
582,A500010,00700,00100,B
582,A500010,00700,00300,OPERATION AND MAINTENANCE OF PLANT
582,A500010,01200,00100,B
582,A500010,01200,00300,ADMINISTRATIVE & GENERAL
582,A500010,01500,00000,BAD DEBT BLOOD BANK
582,A500010,01500,00100,A
582,A500010,01500,00300,BLOOD BANK
582,A500010,01600,00000,EMPLOYEE PARKING RECEIPTS
582,A500010,01600,00100,B
582,A500010,01600,00300,OPERATION AND MAINTENANCE OF PLANT
582,A500010,01601,00000,DELIVERY INCOME
582,A500010,01601,00100,B
582,A500010,01601,00300,BLOOD BANK
582,A500010,01602,00000,INCOME TO OFFSET ADMIN & GENERAL EXP
582,A500010,01602,00100,B
582,A500010,01602,00300,ADMINISTRATIVE & GENERAL
582,A51000A,00100,00100,N
582,A60000A,00700,00000,LEASEHOLD IMPROVEMENTS
582,A60000A,00701,00000,WORK IN PROGRESS
582,A60000A,00702,00000,BUILDING IMPROVEMENTS
582,A60000A,00703,00000,COMPUTER HARDWARE
582,A60000A,00704,00000,COMPUTER SOFTWARE
582,A60000B,00800,00000,LEASEHOLD IMPROVEMENTS
582,A60000B,00801,00000,COMPUTER HARDWARE
582,A60000B,00802,00000,COMPUTER SOFTWARE
582,A60000C,00500,00100,N
582,B10000*,00100,00200,CAP BLDG
582,B10000*,00100,00300,CAP COSTS
582,B10000*,00100,00400,EMPLOYEE
582,B10000*,00100,00500,MEDICAL
582,B10000*,00100,00800,ORGAN
582,B10000*,00100,01000,ADMIN &
582,B10000*,00200,00200,OP PLANT &
582,B10000*,00200,00300,MOVABLE
582,B10000*,00200,00400,BENEFITS
582,B10000*,00200,00500,SUPPLIES
582,B10000*,00200,00800,ACQUISITN
582,B10000*,00200,01000,GENERAL
582,B10000*,00300,00200,HOUSEKEEP
582,B10000*,00300,00300,EQUIPMENT
582,B10000*,00300,00800,COSTS
582,B10000*,00400,00200,SQUARE
582,B10000*,00400,00300,DOLLAR
582,B10000*,00400,00400,ADJUST
582,B10000*,00400,00500,COSTED
582,B10000*,00400,00800,NUMBER
582,B10000*,00400,01000,ACCUM
582,B10000*,00500,00200,FEET
582,B10000*,00500,00300,VALUE
582,B10000*,00500,00400,SALARIES
582,B10000*,00500,00500,REQUISIT
582,B10000*,00500,00800,ORGANS
582,B10000*,00500,01000,COSTS
582,B10000*,00600,00200,1
582,B10000*,00600,00300,2
582,B10000*,00600,00400,3
582,B10000*,00600,00500,3
582,B10000*,00600,00800,3
582,B10000*,00600,01000,3
582,B100000,00000,01000,X
582,E000000,00900,00000,PREPAID EXPENSES AND DEPOSITS
582,E000000,02600,00000,HARDWARE  SOFTWARE  WORK IN PROGRESS
582,E000000,03100,00000,OTHER LONG-TERM ASSETS
582,E000000,03900,00000,OTHER CURRENT LIABILITIES
582,E000000,04600,00000,PPP NOTE PAYABLE
582,E000000,04700,00000,OTHER LONG-TERM LIABILITIES
582,E000000,04800,00000,DEFERRED RENT LIABILITY
582,E100001,00700,00000,GRANTS AND CONTRACTS
582,E200000,01900,00000,DELIVERY FEES
582,E200000,02000,00000,OTHER INCOME
582,S000000,00100,00100,X
582,S000000,00400,00100,2
582,S000000,00500,00100,11/21/2022
582,S000000,00600,00100,10001
582,S000000,00700,00100,N
582,S000000,00800,00100,N
582,S000000,00900,00100,04/02/2024
582,S000000,01000,00100,4
582,S000001,00100,00100,BLOODWORKS
582,S000001,00100,00200,50HL01
582,S000001,00101,00100,921 TERRY AVENUE
582,S000001,00102,00100,SEATTLE
582,S000001,00102,00200,WA
582,S000001,00102,00300,98104
582,S000001,00300,00100,07/01/2021
582,S000001,00300,00200,06/30/2022
582,S000001,00400,00100,6
582,S000001,00400,00300,2
582,S000001,00400,00400,01/01/1997
582,S000001,00401,00300,1
582,S000002,00100,00200,Y
582,S000002,00300,00100,CHIEF FINANCIAL OFFICER
582,S000002,00400,00100,11/16/2022
582,S100001,00700,00100,N
582,S100001,00810,00000,OTHER
582,S100002,00400,00100,DECEASED DONOR WORKUP - LOCAL
582,S100002,00401,00100,DECEASED DONOR WORKUP - IMPORT
582,S100002,00402,00100,HLA ANTIBODY DETECTION
582,S100002,00403,00100,HLA ANTIBODY SPECIFICITY
582,S100002,00404,00100,HLA ANTIBODY SPECIFICITY MONITOR DSA
582,S100002,00405,00100,HLA CLASS I & II(A B C DR DQ) TYPING
582,S100002,00406,00100,SPECIMEN PROCESSING (SERUM)
582,S100002,00407,00100,SPECIMEN PROCESSING (CELLS)
582,S100002,00408,00100,LYMPHOCYTE CROSSMATCH
582,S100002,00409,00100,LYMPHOCYTE CROSSMATCH STAT
582,S100002,00410,00100,HIGH-RESOLUTION TYPING  HLA-DPB1
582,S100003,00100,00100,MEDICAL DIRECTOR
582,S100003,00100,00300,MEDICAL DIRECTOR
582,S100003,00100,00500,LAB DIRECTOR
582,S100003,00101,00100,EXEC. DIRECTOR
582,S100003,00101,00300,PROCUREMENT COORDINATOR
582,S100003,00101,00500,TECHNICIANS
582,S100003,00102,00100,CLERICAL
582,S100003,00102,00300,PRESERVATION TECHNICIANS
582,S100003,00102,00500,TISSUE TYPING TECH.
582,S100003,00103,00100,OTHER
582,S100003,00103,00300,OTHER
582,S100003,00103,00500,OTHER
582,S200000,00100,00100,N
582,S200000,00200,00100,N
582,S200000,00300,00100,N
582,S200000,00400,00100,Y
582,S200000,00400,00200,A
582,S200000,00500,00100,Y
582,S200000,00600,00300,DIRECTOR  ACCOUNTING/CONTROLLER
582,S200000,00700,00100,BLOODWORKS NORTHWEST
583,A000000,00100,00000,0100CAPITAL COSTS-BLDG & FIXT
583,A000000,00200,00000,0200CAPITAL COSTS-MVBLE EQUIPMENT
583,A000000,00300,00000,0300EMPLOYEE BENEFITS
583,A000000,00400,00000,0400ADMINISTRATIVE & GENERAL
583,A000000,00500,00000,0500OPERATION AND MAINTENANCE OF PLANT
583,A000000,00600,00000,0600HOUSEKEEPING
583,A000000,00700,00000,0700MEDICAL SUPPLIES
583,A000000,00800,00000,0800OTHER OVERHEAD
583,A000000,00900,00000,0900PROCUREMENT COORDINATORS
583,A000000,01000,00000,1000PROFESSIONAL EDUCATION
583,A000000,01100,00000,1100PUBLIC EDUCATION
583,A000000,01200,00000,1200OTHER ACQUISITION
583,A000000,01300,00000,1300KIDNEY ACQUISITIONS
583,A000000,01400,00000,1400TISSUE TYPING LABORATORY
583,A000000,01500,00000,1500LIVER ACQUISITIONS
583,A000000,01600,00000,1600HEART ACQUISITIONS
583,A000000,01700,00000,1700PANCREAS ACQUISITIONS
583,A000000,01800,00000,1800LUNG ACQUISITIONS
583,A000000,01900,00000,1900OTHER ACQUISITIONS
583,A000000,02100,00000,2100RESEARCH
583,A000000,02200,00000,2200BLOOD BANK
583,A000000,02300,00000,2300LABORATORY-NON-TISSUE TYPING
583,A000000,02400,00000,2400DIALYSIS UNITS
583,A000000,02500,00000,2500OTHER NON-REIMBURSABLE
583,A100000,01700,00000,- LICENSES  DUES & MEMBERSHIPS
583,A100000,01800,00000,- SECURE DOCUMENT HANDLING
583,A300000,00600,00000,- LAB ASSISTANTS
583,A300000,00700,00000,- LAB DIRECTOR-IN-TRAINING
583,A300000,00800,00000,- LAB SUPPLIES & REAGENTS
583,A300000,00900,00000,- OUTSIDE LAB TESTING (TEXAS MED.)
583,A51000A,00100,00100,N
583,B10000*,00100,00200,CAP BLDG
583,B10000*,00100,00300,CAP COSTS
583,B10000*,00100,00400,EMPLOYEE
583,B10000*,00100,00500,MEDICAL
583,B10000*,00100,00800,ORGAN
583,B10000*,00100,01000,ADMIN &
583,B10000*,00200,00200,OP PLANT &
583,B10000*,00200,00300,MOVABLE
583,B10000*,00200,00400,BENEFITS
583,B10000*,00200,00500,SUPPLIES
583,B10000*,00200,00800,ACQUISITN
583,B10000*,00200,01000,GENERAL
583,B10000*,00300,00200,HOUSEKEEP
583,B10000*,00300,00300,EQUIPMENT
583,B10000*,00300,00800,COSTS
583,B10000*,00400,00200,SQUARE
583,B10000*,00400,00300,DOLLAR
583,B10000*,00400,00400,ADJUST
583,B10000*,00400,00500,COSTED
583,B10000*,00400,00800,NUMBER
583,B10000*,00400,01000,ACCUM
583,B10000*,00500,00200,FEET
583,B10000*,00500,00300,VALUE
583,B10000*,00500,00400,SALARIES
583,B10000*,00500,00500,REQUISIT
583,B10000*,00500,00800,ORGANS
583,B10000*,00500,01000,COSTS
583,B10000*,00600,00200,1
583,B10000*,00600,00300,2
583,B10000*,00600,00400,3
583,B10000*,00600,00500,3
583,B10000*,00600,00800,3
583,B10000*,00600,01000,3
583,B100000,00000,01000,X
583,S000000,00100,00100,X
583,S000000,00400,00100,2
583,S000000,00500,00100,11/30/2022
583,S000000,00600,00100,10001
583,S000000,00700,00100,N
583,S000000,00800,00100,N
583,S000000,00900,00100,04/04/2024
583,S000000,01000,00100,4
583,S000001,00100,00100,TULANE HISTO & IMMUNOGENETICS LAB
583,S000001,00100,00200,19HL05
583,S000001,00101,00100,1430 TULANE AVE  SL-7
583,S000001,00102,00100,NEW ORLEANS
583,S000001,00102,00200,LA
583,S000001,00102,00300,70112
583,S000001,00300,00100,07/01/2021
583,S000001,00300,00200,06/30/2022
583,S000001,00400,00100,8
583,S000001,00400,00300,2
583,S000001,00400,00400,07/01/1994
583,S000001,00401,00300,1
583,S100001,00700,00100,N
583,S100001,00810,00000,OTHER
583,S100002,00400,00100,HLA CLASS I/II TYPING LOW RES
583,S100002,00401,00100,HLA DPB1 + DPA1 TYPING
583,S100002,00402,00100,HLA CLASS I/II TYPING HIGH-RES (NGS)
583,S100002,00403,00100,HLA CLASS I AB ID  SINGLE AG BEADS
583,S100002,00404,00100,HLA CLASS II AB ID  SINGLE AG BEADS
583,S100002,00405,00100,HLA CLASS I AB ID  PHENOTYPIC BEADS
583,S100002,00406,00100,HLA CLASS II AB ID  PHENOTYPIC BEADS
583,S100002,00407,00100,FLOW T/B-CELL CROSSMATCH
583,S100002,00408,00100,FLOW T/B-CELL CROSSMATCH AUTO
583,S100002,00409,00100,FLOW T/B-CELL CROSSMATCH ADDL SERA
583,S100002,00410,00100,DECEASED DONOR WORKUP LOCAL
583,S100002,00411,00100,DECEASED DONOR WORKUP IMPORT
583,S100002,00412,00100,SERUM ARCHIVE
583,S100003,00100,00100,MEDICAL DIRECTOR
583,S100003,00100,00300,MEDICAL DIRECTOR
583,S100003,00100,00500,LAB DIRECTOR
583,S100003,00101,00100,EXEC. DIRECTOR
583,S100003,00101,00300,PROCUREMENT COORDINATOR
583,S100003,00101,00500,TECHNICIANS
583,S100003,00102,00100,CLERICAL
583,S100003,00102,00300,PRESERVATION TECHNICIANS
583,S100003,00102,00500,TISSUE TYPING TECH.
583,S100003,00103,00100,OTHER
583,S100003,00103,00300,OTHER
583,S100003,00103,00500,OTHER
583,S200000,00100,00100,N
583,S200000,00200,00100,N
583,S200000,00300,00100,N
583,S200000,00400,00100,Y
583,S200000,00400,00200,A
583,S200000,00500,00100,N
583,S200000,00600,00300,HLA LAB DIRECTOR
583,S200000,00700,00100,TULANE UNIVERSITY
584,A000000,00100,00000,0100CAPITAL COSTS-BLDG & FIXT
584,A000000,00200,00000,0200CAPITAL COSTS-MVBLE EQUIPMENT
584,A000000,00300,00000,0300EMPLOYEE BENEFITS
584,A000000,00400,00000,0400ADMINISTRATIVE & GENERAL
584,A000000,00500,00000,0500OPERATION AND MAINTENANCE OF PLANT
584,A000000,00600,00000,0600HOUSEKEEPING
584,A000000,00700,00000,0700MEDICAL SUPPLIES
584,A000000,00800,00000,0800OTHER OVERHEAD
584,A000000,00900,00000,0900PROCUREMENT COORDINATORS
584,A000000,01000,00000,1000PROFESSIONAL EDUCATION
584,A000000,01100,00000,1100PUBLIC EDUCATION
584,A000000,01200,00000,1200OTHER ACQUISITION
584,A000000,01300,00000,1300KIDNEY ACQUISITIONS
584,A000000,01400,00000,1400TISSUE TYPING LABORATORY
584,A000000,01500,00000,1500LIVER ACQUISITIONS
584,A000000,01600,00000,1600HEART ACQUISITIONS
584,A000000,01700,00000,1700PANCREAS ACQUISITIONS
584,A000000,01800,00000,1800LUNG ACQUISITIONS
584,A000000,01900,00000,1900OTHER ACQUISITIONS
584,A000000,02100,00000,2100RESEARCH
584,A000000,02200,00000,2200BLOOD BANK
584,A000000,02300,00000,2300LABORATORY-NON-TISSUE TYPING
584,A000000,02400,00000,2400DIALYSIS UNITS
584,A000000,02500,00000,2500OTHER NON-REIMBURSABLE
584,A100000,01700,00000,OTHER EXPENSE
584,A100000,01800,00000,POSTAGE
584,A100000,01900,00000,COMPUTERS/SOFTWARE
584,A100000,01901,00000,COMPUTER HARDWARE/SOFTWARE COORDINAT
584,A100000,01902,00000,UNIVERSITY OVERHEAD
584,A300000,00600,00000,GRADUATE ASSISTANT
584,A300000,00700,00000,COURIER/OVERNIGHT DELIVERY
584,A300000,00800,00000,LABORATORY SUPPLIES
584,A300000,00900,00000,OTHER EXPENSE
584,A51000A,00100,00100,N
584,A60000C,00500,00100,N
584,B10000*,00100,00200,CAP BLDG
584,B10000*,00100,00300,CAP COSTS
584,B10000*,00100,00400,EMPLOYEE
584,B10000*,00100,00500,MEDICAL
584,B10000*,00100,00800,ORGAN
584,B10000*,00100,01000,ADMIN &
584,B10000*,00200,00200,OP PLANT &
584,B10000*,00200,00300,MOVABLE
584,B10000*,00200,00400,BENEFITS
584,B10000*,00200,00500,SUPPLIES
584,B10000*,00200,00800,ACQUISITN
584,B10000*,00200,01000,GENERAL
584,B10000*,00300,00200,HOUSEKEEP
584,B10000*,00300,00300,EQUIPMENT
584,B10000*,00300,00800,COSTS
584,B10000*,00400,00200,SQUARE
584,B10000*,00400,00300,DOLLAR
584,B10000*,00400,00400,ADJUST
584,B10000*,00400,00500,COSTED
584,B10000*,00400,00800,NUMBER
584,B10000*,00400,01000,ACCUM
584,B10000*,00500,00200,FEET
584,B10000*,00500,00300,VALUE
584,B10000*,00500,00400,SALARIES
584,B10000*,00500,00500,REQUISIT
584,B10000*,00500,00800,ORGANS
584,B10000*,00500,01000,COSTS
584,B10000*,00600,00200,1
584,B10000*,00600,00300,2
584,B10000*,00600,00400,3
584,B10000*,00600,00500,3
584,B10000*,00600,00800,3
584,B10000*,00600,01000,3
584,B100000,00000,01000,X
584,S000000,00100,00100,X
584,S000000,00400,00100,2
584,S000000,00500,00100,12/01/2022
584,S000000,00600,00100,10001
584,S000000,00700,00100,N
584,S000000,00800,00100,N
584,S000000,00900,00100,04/04/2024
584,S000000,01000,00100,4
584,S000001,00100,00100,MSU RESEARCH & IMMUNOLOGY LABORATORY
584,S000001,00100,00200,23HL02
584,S000001,00101,00100,1355 BOGUE ST  ROOM B228
584,S000001,00102,00100,EAST LANSING
584,S000001,00102,00200,MI
584,S000001,00102,00300,48824
584,S000001,00300,00100,07/01/2021
584,S000001,00300,00200,06/30/2022
584,S000001,00400,00100,10
584,S000001,00400,00300,2
584,S000001,00400,00400,01/01/1966
584,S000001,00401,00300,1
584,S000002,00300,00100,FINANCIAL ADMINISTRATOR
584,S100001,00700,00100,N
584,S100001,00810,00000,OTHER
584,S100002,00400,00100,SERUM BANKING W/O PRA
584,S100002,00401,00100,SUPPLEMENTAL HLA-A B C MOLECULAR TYP
584,S100002,00402,00100,SUPPLEMENTAL HLA-DR DQ DP MOLECULAR
584,S100002,00403,00100,HLA SINGLE LOCUS LOW RESOLUTION MOL
584,S100002,00404,00100,HLA-A B C DR DQ DP TRANSPLANT EVALUA
584,S100002,00405,00100,T&B CELL LYMPHOCYTE CROSSMATCH FLOW
584,S100002,00406,00100,HLA ANTIBODY SCREEN (BEAD ARRAY)
584,S100002,00407,00100,HLA CLASS I PRA/ID (BEAD ARRAY)
584,S100002,00408,00100,HLA CLASS II PRA/ID (BEAD ARRAY)
584,S100002,00409,00100,HLA CLASS I SINGLE ANTIGEN (BEAD ARR
584,S100002,00410,00100,HLA CLASS II SINGLE ANTIGEN (BEAD AR
584,S100002,00411,00100,HLA CLASS I OR II PRA STAT CHARGE
584,S100003,00100,00100,MEDICAL DIRECTOR
584,S100003,00100,00300,MEDICAL DIRECTOR
584,S100003,00100,00500,LAB DIRECTOR
584,S100003,00101,00100,EXEC. DIRECTOR
584,S100003,00101,00300,PROCUREMENT COORDINATOR
584,S100003,00101,00500,TECHNICIANS
584,S100003,00102,00100,CLERICAL
584,S100003,00102,00300,PRESERVATION TECHNICIANS
584,S100003,00102,00500,TISSUE TYPING TECH.
584,S100003,00103,00100,OTHER
584,S100003,00103,00300,OTHER
584,S100003,00103,00500,OTHER
584,S200000,00100,00100,N
584,S200000,00200,00100,N
584,S200000,00300,00100,N
584,S200000,00400,00100,N
584,S200000,00500,00100,N
584,S200000,00600,00300,FINANCIAL ADMINISTRATOR
584,S200000,00700,00100,MICHIGAN STATE UNIVERSITY
586,A000000,00100,00000,0100CAPITAL COSTS-BLDG & FIXT
586,A000000,00200,00000,0200CAPITAL COSTS-MVBLE EQUIPMENT
586,A000000,00300,00000,0300EMPLOYEE BENEFITS
586,A000000,00400,00000,0400ADMINISTRATIVE & GENERAL
586,A000000,00500,00000,0500OPERATION AND MAINTENANCE OF PLANT
586,A000000,00600,00000,0600HOUSEKEEPING
586,A000000,00700,00000,0700MEDICAL SUPPLIES
586,A000000,00800,00000,0800OTHER OVERHEAD
586,A000000,00900,00000,0900PROCUREMENT COORDINATORS
586,A000000,01000,00000,1000PROFESSIONAL EDUCATION
586,A000000,01100,00000,1100PUBLIC EDUCATION
586,A000000,01200,00000,1200OTHER ACQUISITION
586,A000000,01300,00000,1300KIDNEY ACQUISITIONS
586,A000000,01400,00000,1400TISSUE TYPING LABORATORY
586,A000000,01500,00000,1500LIVER ACQUISITIONS
586,A000000,01600,00000,1600HEART ACQUISITIONS
586,A000000,01700,00000,1700PANCREAS ACQUISITIONS
586,A000000,01800,00000,1800LUNG ACQUISITIONS
586,A000000,01900,00000,1900OTHER ACQUISITIONS
586,A000000,02100,00000,2100RESEARCH
586,A000000,02200,00000,2200BLOOD BANK
586,A000000,02300,00000,2300LABORATORY-NON-TISSUE TYPING
586,A000000,02400,00000,2400DIALYSIS UNITS
586,A000000,02500,00000,2500OTHER NON-REIMBURSABLE
586,A100000,01700,00000,DUES & LICENSES
586,A100000,01800,00000,PROFESSIONAL FEES
586,A100000,01900,00000,UMG OVERHEAD ALLOCATION
586,A300000,00600,00000,CLINICAL SUPPLIES
586,A400010,00100,00000,RECLASSIFICATIONS
586,A400010,00100,00100,A
586,A400010,00100,00200,CAPITAL COSTS-MVBLE EQUIPMENT
586,A400010,00100,00500,ADMINISTRATIVE & GENERAL
586,A51000A,00100,00100,Y
586,A51000B,00100,00200,ADMINISTRATIVE & GENERAL
586,A51000B,00100,00300,ADMINISTRATIVE & GENERAL
586,A51000B,00200,00200,ADMINISTRATIVE & GENERAL
586,A51000B,00200,00300,ADMINISTRATIVE & GENERAL
586,A51000B,00300,00200,ADMINISTRATIVE & GENERAL
586,A51000B,00300,00300,ADMINISTRATIVE & GENERAL
586,A51000B,00400,00200,ADMINISTRATIVE & GENERAL
586,A51000B,00400,00300,UMG OVERHEAD
586,A51000C,00100,00100,B
586,A51000C,00100,00200,SAINT LOUIS UNIVERSITY
586,A51000C,00100,00400,SAINT LOUIS UNIVERSITY
586,A51000C,00100,00600,HEALTH CARE & EDUCATION
586,A51000C,00200,00100,B
586,A51000C,00200,00200,SAINT LOUIS UNIVERSITY
586,A51000C,00200,00400,SAINT LOUIS UNIVERSITY UMG
586,A51000C,00200,00600,HEALTH CARE & EDUCATION
586,A51000C,00300,00100,B
586,A51000C,00300,00200,SAINT LOUIS UNIVERSITY
586,A51000C,00300,00400,SAINT LOUIS UNIVERSITY DEPT. OF SURG
586,A51000C,00300,00600,HEALTH CARE & EDUCATION
586,B10000*,00100,00200,CAP BLDG
586,B10000*,00100,00300,CAP COSTS
586,B10000*,00100,00400,EMPLOYEE
586,B10000*,00100,00500,MEDICAL
586,B10000*,00100,00800,ORGAN
586,B10000*,00100,01000,ADMIN &
586,B10000*,00200,00200,OP PLANT &
586,B10000*,00200,00300,MOVABLE
586,B10000*,00200,00400,BENEFITS
586,B10000*,00200,00500,SUPPLIES
586,B10000*,00200,00800,ACQUISITN
586,B10000*,00200,01000,GENERAL
586,B10000*,00300,00200,HOUSEKEEP
586,B10000*,00300,00300,EQUIPMENT
586,B10000*,00300,00800,COSTS
586,B10000*,00400,00200,SQUARE
586,B10000*,00400,00300,DOLLAR
586,B10000*,00400,00400,ADJUST
586,B10000*,00400,00500,COSTED
586,B10000*,00400,00800,NUMBER
586,B10000*,00400,01000,ACCUM
586,B10000*,00500,00200,FEET
586,B10000*,00500,00300,VALUE
586,B10000*,00500,00400,SALARIES
586,B10000*,00500,00500,REQUISIT
586,B10000*,00500,00800,ORGANS
586,B10000*,00500,01000,COSTS
586,B10000*,00600,00200,1
586,B10000*,00600,00300,2
586,B10000*,00600,00400,3
586,B10000*,00600,00500,3
586,B10000*,00600,00800,3
586,B10000*,00600,01000,3
586,B100000,00000,01000,X
586,S000000,00100,00100,X
586,S000000,00400,00100,2
586,S000000,00500,00100,12/02/2022
586,S000000,00600,00100,10001
586,S000000,00700,00100,N
586,S000000,00800,00100,N
586,S000000,00900,00100,04/08/2024
586,S000000,01000,00100,4
586,S000001,00100,00100,SLU HLA LABORATORY
586,S000001,00100,00200,26HL04
586,S000001,00101,00100,3655 VISTA
586,S000001,00102,00100,ST. LOUIS
586,S000001,00102,00200,MO
586,S000001,00102,00300,63110
586,S000001,00300,00100,07/01/2021
586,S000001,00300,00200,06/30/2022
586,S000001,00400,00100,5
586,S000001,00400,00300,2
586,S000001,00400,00400,04/01/1989
586,S000001,00401,00300,2
586,S100001,00700,00100,N
586,S100001,00810,00000,OTHER
586,S100002,00400,00100,DNA LOW RESOLUTION HLA A B C TYPING
586,S100002,00401,00100,DNA LOW RESOLUTION HLA DR DQ TYPING
586,S100002,00402,00100,DNA HIGH RESOLUTION HLA A TYPING (2
586,S100002,00403,00100,DNA HIGH RESOLUTION HLA B TYPING (2
586,S100002,00404,00100,DNA HIGH RESOLUTION HLA C TYPING (2
586,S100002,00405,00100,DNA HIGH RESOLUTION HLA DRB1 TYPING
586,S100002,00406,00100,DNA HIGH RESOLUTION HLA DQB1 TYPING
586,S100002,00407,00100,DNA LOW/HIGH RESOLUTION HLA DPB1 TYP
586,S100002,00408,00100,FLOW CYTOMETRY X-MATCH
586,S100002,00409,00100,LUMINEX CLASS I 2 ID ANTIBODY SCREEN
586,S100002,00410,00100,LUMINEX SINGLE ANTIGEN BEADS CLASS 1
586,S100002,00411,00100,LUMINEX SINGLE ANTIGEN BEADS CLASS 2
586,S100003,00100,00100,MEDICAL DIRECTOR
586,S100003,00100,00300,MEDICAL DIRECTOR
586,S100003,00100,00500,LAB DIRECTOR
586,S100003,00101,00100,EXEC. DIRECTOR
586,S100003,00101,00300,PROCUREMENT COORDINATOR
586,S100003,00101,00500,TECHNICIANS
586,S100003,00102,00100,CLERICAL
586,S100003,00102,00300,PRESERVATION TECHNICIANS
586,S100003,00102,00500,TISSUE TYPING TECH.
586,S100003,00103,00100,SUPERVISOR
586,S100003,00103,00300,SUPERVISOR
586,S100003,00103,00500,SUPERVISOR
586,S200000,00100,00100,N
586,S200000,00200,00100,N
586,S200000,00300,00100,Y
586,S200000,00400,00100,Y
586,S200000,00400,00200,A
586,S200000,00500,00100,N
586,S200000,00600,00300,MEMBER/MANAGER
586,S200000,00700,00100,HELLING  PITTROFF & ASSOCIATES LLC
587,A000000,00100,00000,0100CAPITAL COSTS-BLDG & FIXT
587,A000000,00200,00000,0200CAPITAL COSTS-MVBLE EQUIPMENT
587,A000000,00300,00000,0300EMPLOYEE BENEFITS
587,A000000,00400,00000,0400ADMINISTRATIVE & GENERAL
587,A000000,00500,00000,0500OPERATION AND MAINTENANCE OF PLANT
587,A000000,00600,00000,0600HOUSEKEEPING
587,A000000,00700,00000,0700MEDICAL SUPPLIES
587,A000000,00800,00000,0800OTHER OVERHEAD
587,A000000,00900,00000,0900PROCUREMENT COORDINATORS
587,A000000,01000,00000,1000PROFESSIONAL EDUCATION
587,A000000,01100,00000,1100PUBLIC EDUCATION
587,A000000,01200,00000,1200OTHER ACQUISITION
587,A000000,01300,00000,1300KIDNEY ACQUISITIONS
587,A000000,01400,00000,1400TISSUE TYPING LABORATORY
587,A000000,01500,00000,1500LIVER ACQUISITIONS
587,A000000,01600,00000,1600HEART ACQUISITIONS
587,A000000,01700,00000,1700PANCREAS ACQUISITIONS
587,A000000,01800,00000,1800LUNG ACQUISITIONS
587,A000000,01900,00000,1900OTHER ACQUISITIONS
587,A000000,02100,00000,2100RESEARCH
587,A000000,02200,00000,2200BLOOD BANK
587,A000000,02300,00000,2300LABORATORY-NON-TISSUE TYPING
587,A000000,02400,00000,2400DIALYSIS UNITS
587,A000000,02500,00000,2500OTHER NON-REIMBURSABLE
587,A100000,01700,00000,DEPRECIATION
587,A100000,01800,00000,FACILITY OVERHEAD
587,A300000,00600,00000,MAINTENANCE AND OPERATION
587,A51000A,00100,00100,N
587,A60000C,00500,00100,N
587,B10000*,00100,00200,CAP BLDG
587,B10000*,00100,00300,CAP COSTS
587,B10000*,00100,00400,EMPLOYEE
587,B10000*,00100,00500,MEDICAL
587,B10000*,00100,00800,ORGAN
587,B10000*,00100,01000,ADMIN &
587,B10000*,00200,00200,OP PLANT &
587,B10000*,00200,00300,MOVABLE
587,B10000*,00200,00400,BENEFITS
587,B10000*,00200,00500,SUPPLIES
587,B10000*,00200,00800,ACQUISITN
587,B10000*,00200,01000,GENERAL
587,B10000*,00300,00200,HOUSEKEEP
587,B10000*,00300,00300,EQUIPMENT
587,B10000*,00300,00800,COSTS
587,B10000*,00400,00200,SQUARE
587,B10000*,00400,00300,DOLLAR
587,B10000*,00400,00400,ADJUST
587,B10000*,00400,00500,COSTED
587,B10000*,00400,00800,NUMBER
587,B10000*,00400,01000,ACCUM
587,B10000*,00500,00200,FEET
587,B10000*,00500,00300,VALUE
587,B10000*,00500,00400,SALARIES
587,B10000*,00500,00500,REQUISIT
587,B10000*,00500,00800,ORGANS
587,B10000*,00500,01000,COSTS
587,B10000*,00600,00200,1
587,B10000*,00600,00300,2
587,B10000*,00600,00400,3
587,B10000*,00600,00500,3
587,B10000*,00600,00800,3
587,B10000*,00600,01000,3
587,B100000,00000,01000,X
587,S000000,00100,00100,X
587,S000000,00400,00100,2
587,S000000,00500,00100,11/30/2022
587,S000000,00600,00100,10001
587,S000000,00700,00100,N
587,S000000,00800,00100,N
587,S000000,00900,00100,04/08/2024
587,S000000,01000,00100,4
587,S000001,00100,00100,BCM EVALUATION LAB
587,S000001,00100,00200,45HL13
587,S000001,00101,00100,ONE BAYLOR PLAZA  MS BCM504
587,S000001,00102,00100,HOUSTON
587,S000001,00102,00200,TX
587,S000001,00102,00300,77030
587,S000001,00300,00100,07/01/2021
587,S000001,00300,00200,06/30/2022
587,S000001,00400,00100,2
587,S000001,00400,00300,2
587,S000001,00400,00400,11/30/2011
587,S000001,00401,00300,1
587,S000002,00300,00100,ASSISTANT PROFESSOR AND LAB DIRECTOR
587,S100001,00700,00100,N
587,S100001,00810,00000,OTHER
587,S100002,00400,00100,ABO  RH
587,S100002,00401,00100,HLA A  B  C
587,S100002,00402,00100,HLA DR  DQ  DP
587,S100002,00403,00100,AHG ? PRA
587,S100002,00404,00100,FLOW ? PRA ( C I  C II )
587,S100002,00405,00100,FLOW ? PRA ( TREATED SERUM  C I  C I
587,S100002,00406,00100,CROSS MATCHES ( AUTO  AHG  T & B  FL
587,S100002,00407,00100,ANTIBODY IDENTIFICATION ( C I  C II
587,S100002,00408,00100,ANTIBODY IDENTIFICATION TITRATION (
587,S100002,00409,00100,ANTIBODY IDENTIFICATION ( TREATED SE
587,S100002,00410,00100,ANTIBODY IDENTIFICATION TITRATION (
587,S100002,00411,00100,C1Q
587,S100003,00100,00100,MEDICAL DIRECTOR
587,S100003,00100,00300,MEDICAL DIRECTOR
587,S100003,00100,00500,LAB DIRECTOR
587,S100003,00101,00100,EXEC. DIRECTOR
587,S100003,00101,00300,PROCUREMENT COORDINATOR
587,S100003,00101,00500,TECHNICIANS
587,S100003,00102,00100,CLERICAL
587,S100003,00102,00300,PRESERVATION TECHNICIANS
587,S100003,00102,00500,TISSUE TYPING TECH.
587,S100003,00103,00100,OTHER
587,S100003,00103,00300,OTHER
587,S100003,00103,00500,OTHER
587,S200000,00100,00100,N
587,S200000,00200,00100,N
587,S200000,00300,00100,N
587,S200000,00400,00100,N
587,S200000,00500,00100,Y
587,S200000,00600,00300,ASSISTANT PROFESSOR AND LAB DIRECTOR
587,S200000,00700,00100,BAYLOR COLLEGE OF MEDICINE
592,A000000,00100,00000,0100CAPITAL COSTS-BLDG & FIXT
592,A000000,00200,00000,0200CAPITAL COSTS-MVBLE EQUIPMENT
592,A000000,00300,00000,0300EMPLOYEE BENEFITS
592,A000000,00400,00000,0400ADMINISTRATIVE & GENERAL
592,A000000,00500,00000,0500OPERATION AND MAINTENANCE OF PLANT
592,A000000,00600,00000,0600HOUSEKEEPING
592,A000000,00700,00000,0700MEDICAL SUPPLIES
592,A000000,00800,00000,0800OTHER OVERHEAD
592,A000000,00900,00000,0900PROCUREMENT COORDINATORS
592,A000000,01000,00000,1000PROFESSIONAL EDUCATION
592,A000000,01100,00000,1100PUBLIC EDUCATION
592,A000000,01300,00000,1300KIDNEY ACQUISITIONS
592,A000000,01400,00000,1400TISSUE TYPING LABORATORY
592,A000000,01500,00000,1500LIVER ACQUISITIONS
592,A000000,01600,00000,1600HEART ACQUISITIONS
592,A000000,01700,00000,1700PANCREAS ACQUISITIONS
592,A000000,01800,00000,1800LUNG ACQUISITIONS
592,A000000,01900,00000,1900OTHER ACQUISITIONS
592,A000000,02100,00000,2100RESEARCH
592,A000000,02200,00000,2200BLOOD BANK
592,A000000,02300,00000,2300LABORATORY-NON-TISSUE TYPING
592,A000000,02400,00000,2400DIALYSIS UNITS
592,A100000,01700,00000,MAIL - COURIER SERVICES
592,A100000,01800,00000,ACCREDITIATION
592,A100000,01900,00000,BILLING SERVICES
592,A100000,01901,00000,CONSULTANT
592,A100000,01902,00000,SPACE COST
592,A100000,01903,00000,UTILITIES
592,A100000,01904,00000,BUILDING MAINTANANCE
592,A100000,01905,00000,BENEFITS
592,A100000,01906,00000,LICENSURE
592,A100000,01907,00000,PURCHASED SERVICES
592,A100000,01908,00000,MISCELLANOUS
592,A300000,00600,00000,REAGENTS & SUPPLIES
592,A400010,00100,00000,RECLASSIFICATIONS
592,A400010,00100,00100,A
592,A400010,00100,00200,CAPITAL COSTS-BLDG & FIXT
592,A400010,00100,00500,ADMINISTRATIVE & GENERAL
592,A400010,00200,00000,RECLASSIFICATIONS
592,A400010,00200,00100,A
592,A400010,00200,00200,OPERATION AND MAINTENANCE OF PLANT
592,A400010,00200,00500,ADMINISTRATIVE & GENERAL
592,A400010,00300,00000,RECLASSIFICATIONS
592,A400010,00300,00100,A
592,A400010,00300,00200,OPERATION AND MAINTENANCE OF PLANT
592,A400010,00300,00500,ADMINISTRATIVE & GENERAL
592,A400010,00400,00000,RECLASSIFICATIONS
592,A400010,00400,00100,A
592,A400010,00400,00200,EMPLOYEE BENEFITS
592,A400010,00400,00500,ADMINISTRATIVE & GENERAL
592,A500010,01500,00000,EQUIP DEPRECIATION
592,A500010,01500,00100,B
592,A500010,01500,00300,CAPITAL COSTS-MVBLE EQUIPMENT
592,A51000A,00100,00100,Y
592,A51000B,00100,00200,EMPLOYEE BENEFITS
592,A51000B,00100,00300,EMPLOYMENT BENEFITS
592,A51000B,00200,00200,ADMINISTRATIVE & GENERAL
592,A51000B,00200,00300,BILLING COSTS
592,A51000B,00300,00200,ADMINISTRATIVE & GENERAL
592,A51000B,00300,00300,AREA COSTS
592,A51000B,00400,00200,ADMINISTRATIVE & GENERAL
592,A51000B,00400,00300,UTILITIES
592,A51000B,00401,00200,ADMINISTRATIVE & GENERAL
592,A51000B,00401,00300,MAINTENANCE
592,A51000B,00402,00200,TISSUE TYPING LABORATORY
592,A51000B,00402,00300,LABORATORY DIRCTOR
592,A51000C,00100,00000,UNIVERSITY AND/OR MEDICAL CENTER
592,A51000C,00100,00100,G
592,A51000C,00100,00200,UCI SCHOOL OF MEDICINE
592,A51000C,00200,00000,UNIVERSITY AND/OR MEDICAL CENTER
592,A51000C,00200,00100,G
592,A51000C,00200,00200,UCI SCHOOL OF MEDICNE
592,A51000C,00300,00000,UNIVERSITY AND/OR MEDICAL CENTER
592,A51000C,00300,00100,G
592,A51000C,00300,00200,UCI MEDICAL CENTER
592,A51000C,00400,00000,UNIVERSITY AND/OR MEDICAL CENTER
592,A51000C,00400,00100,G
592,A51000C,00400,00200,UCI MEDICAL CENTER
592,A51000C,00401,00000,UNIVERSITY AND/OR MEDICAL CENTER
592,A51000C,00401,00100,G
592,A51000C,00401,00200,UCI MEDICAL CENTER
592,A51000C,00402,00000,UNIVERSITY AND/OR MEDICAL CENTER
592,A51000C,00402,00100,G
592,A51000C,00402,00200,UCI SCHOOL OF MEDICINE
592,A51000C,10000,00200,UNIVERSITY AND/OR MEDICAL CENTER
592,A60000C,00500,00100,N
592,B10000*,00100,00200,CAP BLDG
592,B10000*,00100,00300,CAP COSTS
592,B10000*,00100,00400,EMPLOYEE
592,B10000*,00100,00500,MEDICAL
592,B10000*,00100,00800,ORGAN
592,B10000*,00100,01000,ADMIN &
592,B10000*,00200,00200,OP PLANT &
592,B10000*,00200,00300,MOVABLE
592,B10000*,00200,00400,BENEFITS
592,B10000*,00200,00500,SUPPLIES
592,B10000*,00200,00800,ACQUISITN
592,B10000*,00200,01000,GENERAL
592,B10000*,00300,00200,HOUSEKEEP
592,B10000*,00300,00300,EQUIPMENT
592,B10000*,00300,00800,COSTS
592,B10000*,00400,00200,SQUARE
592,B10000*,00400,00300,DOLLAR
592,B10000*,00400,00400,ADJUST
592,B10000*,00400,00500,COSTED
592,B10000*,00400,00800,NUMBER
592,B10000*,00400,01000,ACCUM
592,B10000*,00500,00200,FEET
592,B10000*,00500,00300,VALUE
592,B10000*,00500,00400,SALARIES
592,B10000*,00500,00500,REQUISIT
592,B10000*,00500,00800,ORGANS
592,B10000*,00500,01000,COSTS
592,B10000*,00600,00200,1
592,B10000*,00600,00300,2
592,B10000*,00600,00400,3
592,B10000*,00600,00500,3
592,B10000*,00600,00800,3
592,B10000*,00600,01000,3
592,B100000,00000,01000,X
592,E000000,00900,00000,OTHER CURRENT ASSETS
592,E000000,02600,00000,OTHER FIXED ASSETS
592,S000000,00100,00100,X
592,S000000,00400,00100,2
592,S000000,00500,00100,12/21/2022
592,S000000,00600,00100,10001
592,S000000,00700,00100,N
592,S000000,00800,00100,N
592,S000000,00900,00100,04/25/2024
592,S000000,01000,00100,4
592,S000001,00100,00100,UC IRVINE HLA TISSUE TYPING LAB
592,S000001,00100,00200,05HL09
592,S000001,00101,00100,101 THE CITY DRIVE SOUTH BLDG G54
592,S000001,00102,00100,ORANGE
592,S000001,00102,00200,CA
592,S000001,00102,00300,92868
592,S000001,00300,00100,07/01/2021
592,S000001,00300,00200,06/30/2022
592,S000001,00400,00100,8
592,S000001,00400,00300,2
592,S000001,00400,00400,09/20/2002
592,S000001,00401,00300,2
592,S000002,00100,00200,Y
592,S000002,00300,00100,CHIEF ADMINISTRATIVE OFFICER
592,S000002,00400,00100,12/08/2022
592,S100001,00700,00100,N
592,S100001,00810,00000,OTHER
592,S100002,00400,00100,HLA TESTS CLASS I& II HIGH RES KIDNE
592,S100002,00401,00100,AUGOLGOGOUS T & B XMAT FLOW KIDNEY
592,S100002,00402,00100,ANTIBODY SCREENS CL I & II KIDNEY
592,S100002,00403,00100,SINGLE ANTIGN CLASS  I KIDNEY
592,S100002,00404,00100,SINGLE ANITGN CLASS II KIDNEY
592,S100002,00405,00100,SINGLE ANTIGN CLASS I (SUPP) KIDNEY
592,S100002,00406,00100,SINGLE ANIGN CLASS II (SUPP) KIDNEY
592,S100002,00407,00100,T&B CELLS XMATCH W/PRONASE KIDNEY
592,S100002,00408,00100,T&B CELLS XMATCH W/PRONASE FINAL KID
592,S100002,00409,00100,SPECIMEN PROCESSS & HANDING KIDNEY
592,S100002,00410,00100,HLA DECRESED DONOR XM KIDNEY
592,S100002,00411,00100,HLA A B C (CLASS I) MOLE KIDNEY
592,S100002,00412,00100,HLA DR  DQ (CLASS II) MOLE KIDNEY
592,S100003,00100,00100,MEDICAL DIRECTOR
592,S100003,00100,00300,MEDICAL DIRECTOR
592,S100003,00100,00500,LAB DIRECTOR
592,S100003,00101,00100,EXEC. DIRECTOR
592,S100003,00101,00300,PROCUREMENT COORDINATOR
592,S100003,00101,00500,TECHNICIANS
592,S100003,00102,00100,CLERICAL
592,S100003,00102,00300,PRESERVATION TECHNICIANS
592,S100003,00102,00500,TISSUE TYPING TECH.
592,S100003,00103,00100,OTHER
592,S100003,00103,00300,OTHER
592,S100003,00103,00500,OTHER
592,S200000,00100,00100,N
592,S200000,00200,00100,N
592,S200000,00300,00100,Y
592,S200000,00400,00100,N
592,S200000,00500,00100,N
592,S200000,00600,00300,CONSULTANT
592,S200000,00700,00100,E & L CONSULTING
637,A000000,00100,00000,0100CAPITAL COSTS-BLDG & FIXT
637,A000000,00200,00000,0200CAPITAL COSTS-MVBLE EQUIPMENT
637,A000000,00300,00000,0300EMPLOYEE BENEFITS
637,A000000,00400,00000,0400ADMINISTRATIVE & GENERAL
637,A000000,00500,00000,0500OPERATION AND MAINTENANCE OF PLANT
637,A000000,00600,00000,0600HOUSEKEEPING
637,A000000,00700,00000,0700MEDICAL SUPPLIES
637,A000000,00800,00000,0800OTHER OVERHEAD
637,A000000,00900,00000,0900PROCUREMENT COORDINATORS
637,A000000,01000,00000,1000PROFESSIONAL EDUCATION
637,A000000,01100,00000,1100PUBLIC EDUCATION
637,A000000,01200,00000,1200OTHER ACQUISITION
637,A000000,01300,00000,1300KIDNEY ACQUISITIONS
637,A000000,01400,00000,1400TISSUE TYPING LABORATORY
637,A000000,01500,00000,1500LIVER ACQUISITIONS
637,A000000,01600,00000,1600HEART ACQUISITIONS
637,A000000,01700,00000,1700PANCREAS ACQUISITIONS
637,A000000,01800,00000,1800LUNG ACQUISITIONS
637,A000000,01900,00000,1900HEART\LUNG
637,A000000,01901,00000,1901SMALL BOWEL
637,A000000,01902,00000,1902VCA
637,A000000,02100,00000,2100RESEARCH
637,A000000,02200,00000,2200BLOOD BANK
637,A000000,02300,00000,2300LABORATORY-NON-TISSUE TYPING
637,A000000,02400,00000,2400DIALYSIS UNITS
637,A000000,02500,00000,2500OTHER NON-REIMBURSABLE  TISSUE
637,A000000,02501,00000,2502OTHER NON-REIMBURSABLE  OCULAR
637,A100000,01700,00000,TEMPORARY HELP
637,A100000,01800,00000,EMPLOYEE BENEFITS
637,A100000,01900,00000,RECRUITMENT
637,A100000,01901,00000,COMPUTER
637,A100000,01902,00000,MINOR EQUIPMENT
637,A100000,01903,00000,REFERENCE MATERIALS
637,A100000,01904,00000,POSTAGE AND COURIER
637,A100000,01905,00000,PRINTING
637,A100000,01906,00000,DEPRECIATION
637,A100000,01907,00000,REPAIRS AND MAINTENANCE
637,A100000,01908,00000,BUILDING OPERATING EXPENSE
637,A100000,01909,00000,OTHER PURCHASED SERVICES
637,A100000,01910,00000,DUES AND MEMBERSHIPS
637,A100000,01911,00000,MEETING AND ORGANIZATIONAL EXPENSE
637,A100000,01912,00000,BANK CHARGES
637,A100000,01913,00000,BOND INTEREST AND FEES
637,A100000,01914,00000,BAD DEBT
637,A20H000,00900,00000,IBNR
637,A20H000,00901,00000,HOSPITAL COSTS
637,A20H000,02100,00000,OTHER ACQUISIONT AND COORDINATION
637,A20H000,02101,00000,SEROLOGY
637,A20H000,02102,00000,COORDINATION
637,A20H000,02103,00000,EMBALMING
637,A20K000,00900,00000,OTHER EXCISION HOSPITAL (IBNR
637,A20K000,00901,00000,HOSPITAL COSTS
637,A20K000,02100,00000,OTHER ACQUISITION AND COORDINATION
637,A20K000,02101,00000,SEROLOGY
637,A20K000,02102,00000,COORDINATION
637,A20K000,02103,00000,EMBALMING
637,A20L000,00900,00000,IBNR
637,A20L000,00901,00000,HOSPITAL COST
637,A20L000,02100,00000,OTHER ACQUISITON AND COORDINATION
637,A20L000,02101,00000,SEROLOGY
637,A20L000,02102,00000,COORDINATION
637,A20L000,02103,00000,EMBALMING
637,A20O000,00900,00000,IBNR
637,A20O000,00901,00000,HOSPITAL COSTS
637,A20O000,02100,00000,OTHER ACQUISITION AND COORDINATION
637,A20O000,02101,00000,SEROLOGY
637,A20O000,02102,00000,COORDINATION
637,A20O000,02103,00000,BLOOD SERA STORAGE
637,A20O001,00900,00000,OTHER EXCISION HOSPITAL IBNR
637,A20O001,00901,00000,HOSPITAL COSTS
637,A20O001,02100,00000,OTHER ACQUISITION AND COORDINATION
637,A20O001,02101,00000,SEROLOGIES
637,A20O001,02102,00000,COORDINATION
637,A20O001,02103,00000,EMBALMING
637,A20O002,00900,00000,OTHER EXCISION HOSPITAL COSTS - IBNR
637,A20O002,00901,00000,HOSPITAL COSTS
637,A20O002,02100,00000,OTHER ACQUISITION AND COORDINATION
637,A20O002,02101,00000,SEROLOGIES
637,A20O002,02102,00000,COORDINATION
637,A20O002,02103,00000,EMBALMING
637,A20P000,00900,00000,IBNR
637,A20P000,00901,00000,HOSPITAL COSTS
637,A20P000,02100,00000,OTHER ACQUISTION AND COORDINATION
637,A20P000,02101,00000,SEROLOGY
637,A20P000,02102,00000,COORDINATION
637,A20P000,02103,00000,BLOOD SERA STORAGE
637,A20U000,00900,00000,IBNR
637,A20U000,00901,00000,HOSPITAL COSTS
637,A20U000,02100,00000,OTHER AXQUISITION AND COORDINATION
637,A20U000,02101,00000,SEROLOGY
637,A20U000,02102,00000,COORDINATION
637,A20U000,02103,00000,BLOOD SERA STORAGE
637,A400010,00100,00000,OFFICE RENT TO CAPITAL COST BLDG
637,A400010,00100,00100,A
637,A400010,00100,00200,CAPITAL COSTS-BLDG & FIXT
637,A400010,00100,00500,ADMINISTRATIVE & GENERAL
637,A400010,00200,00000,MOVABLE EQUIPMENT
637,A400010,00200,00100,B
637,A400010,00200,00200,CAPITAL COSTS-MVBLE EQUIPMENT
637,A400010,00200,00500,ADMINISTRATIVE & GENERAL
637,A400010,00300,00000,EMPLOYEE BENEFITS
637,A400010,00300,00100,C
637,A400010,00300,00200,EMPLOYEE BENEFITS
637,A400010,00300,00500,ADMINISTRATIVE & GENERAL
637,A400010,00400,00000,CELL PHONES
637,A400010,00400,00100,D
637,A400010,00400,00200,PROCUREMENT COORDINATORS
637,A400010,00400,00500,ADMINISTRATIVE & GENERAL
637,A400010,00500,00000,TISSUE ALLOCATION OVERHEAD
637,A400010,00500,00100,E
637,A400010,00500,00200,OTHER NON-REIMBURSABLE  TISSUE
637,A400010,00500,00500,PROFESSIONAL EDUCATION
637,A400010,00600,00000,TISSUE ALLOCATION OVERHEAD
637,A400010,00600,00100,E
637,A400010,00600,00200,OTHER NON-REIMBURSABLE  TISSUE
637,A400010,00600,00500,PUBLIC EDUCATION
637,A400010,00700,00000,TISSUE ALLOCATION OVERHEAD
637,A400010,00700,00100,E
637,A400010,00700,00200,OTHER NON-REIMBURSABLE  TISSUE
637,A400010,00700,00500,PROCUREMENT COORDINATORS
637,A400010,00800,00000,ADMIN CAPTIAL COST
637,A400010,00800,00100,F
637,A400010,00800,00200,ADMINISTRATIVE & GENERAL
637,A400010,00800,00500,CAPITAL COSTS-BLDG & FIXT
637,A400010,00900,00000,ADMIN CAPTIAL COST
637,A400010,00900,00100,F
637,A400010,00900,00200,ADMINISTRATIVE & GENERAL
637,A400010,00900,00500,CAPITAL COSTS-MVBLE EQUIPMENT
637,A400010,01000,00000,TISSUE RECOVERY COSTS
637,A400010,01000,00100,G
637,A400010,01000,00200,OTHER NON-REIMBURSABLE  TISSUE
637,A400010,01000,00500,CAPITAL COSTS-BLDG & FIXT
637,A400010,01100,00000,OCULAR ALLOCATION OVERHEAD
637,A400010,01100,00100,H
637,A400010,01100,00200,OTHER NON-REIMBURSABLE  OCULAR
637,A400010,01100,00500,PROFESSIONAL EDUCATION
637,A400010,01200,00000,OCULAR ALLOCATION OVERHEAD
637,A400010,01200,00100,H
637,A400010,01200,00200,OTHER NON-REIMBURSABLE  OCULAR
637,A400010,01200,00500,PUBLIC EDUCATION
637,A500010,00800,00100,B
637,A500010,00800,00300,PROCUREMENT COORDINATORS
637,A500010,00900,00100,A
637,A500010,00900,00300,PROFESSIONAL EDUCATION
637,A500010,01500,00000,PERSONAL USE OF AUTO
637,A500010,01500,00100,A
637,A500010,01500,00300,EMPLOYEE BENEFITS
637,A500010,01600,00000,AOPO LOBBYING EXPENSE
637,A500010,01600,00100,A
637,A500010,01600,00300,ADMINISTRATIVE & GENERAL
637,A500010,01601,00000,LOBBYING EXPENSE
637,A500010,01601,00100,A
637,A500010,01601,00300,ADMINISTRATIVE & GENERAL
637,A500010,01602,00000,LOBBYING EXPENSE
637,A500010,01602,00100,A
637,A500010,01602,00300,PUBLIC EDUCATION
637,A500010,01603,00000,VRL RENT EXPENSE
637,A500010,01603,00100,B
637,A500010,01603,00300,CAPITAL COSTS-BLDG & FIXT
637,A500010,01604,00000,FUNDRAISING COSTS
637,A500010,01604,00100,A
637,A500010,01604,00300,PUBLIC EDUCATION
637,A500010,01605,00000,DSC REVENUE
637,A500010,01605,00100,B
637,A500010,01605,00300,ADMINISTRATIVE & GENERAL
637,A500010,01606,00000,PAIRED KIDNEY EXCHANGE SALARY & EXP
637,A500010,01606,00100,A
637,A500010,01606,00300,PROCUREMENT COORDINATORS
637,A500010,01607,00000,PAIRED KIDNEY EXCHANGE KIDNEY
637,A500010,01607,00100,A
637,A500010,01607,00300,KIDNEY ACQUISITIONS
637,A500010,01608,00000,PAIRED KIDNEY EXCHANGE HEART
637,A500010,01608,00100,A
637,A500010,01608,00300,HEART ACQUISITIONS
637,A500010,01609,00000,PAIRED KIDNEY EXCHANGE LIVER
637,A500010,01609,00100,A
637,A500010,01609,00300,LIVER ACQUISITIONS
637,A500010,01610,00000,PAIRED KIDNEY EXCHANGE PANCREAS
637,A500010,01610,00100,A
637,A500010,01610,00300,PANCREAS ACQUISITIONS
637,A500010,01611,00000,PAIRED KIDNEY EXCHANGE LUNG
637,A500010,01611,00100,A
637,A500010,01611,00300,LUNG ACQUISITIONS
637,A500010,01612,00000,PAIRED KIDNEY EXCAHNGE H/L INTESTING
637,A500010,01612,00100,A
637,A500010,01612,00300,HEART\LUNG
637,A500010,01613,00000,OFFSET INTEREST INCOME ON ALLOWABLE
637,A500010,01613,00100,B
637,A500010,01613,00300,CAPITAL COSTS-BLDG & FIXT
637,A500010,01614,00000,NON-ALLOWABLE IN G & A
637,A500010,01614,00100,A
637,A500010,01614,00300,ADMINISTRATIVE & GENERAL
637,A500010,01615,00000,FUNDRAISING SALARY
637,A500010,01615,00100,A
637,A500010,01615,00300,ADMINISTRATIVE & GENERAL
637,A500010,01617,00000,MIDWEST KIDNEY NETWORK
637,A500010,01617,00100,B
637,A500010,01617,00300,PROCUREMENT COORDINATORS
637,A500010,01618,00000,PAIRED LIVER EXCHANGE SALARY
637,A500010,01618,00100,A
637,A500010,01618,00300,PROCUREMENT COORDINATORS
637,A500010,01619,00000,PAIRED LIVER EXCHANGE SUPPLY
637,A500010,01619,00100,A
637,A500010,01619,00300,LIVER ACQUISITIONS
637,A500010,01621,00000,KIDNEY PUMP REVENUE SUPPLY
637,A500010,01621,00100,B
637,A500010,01621,00300,KIDNEY ACQUISITIONS
637,A500010,01622,00000,KIDNEY PUMP REVENUE STAFFING
637,A500010,01622,00100,B
637,A500010,01622,00300,PROCUREMENT COORDINATORS
637,A51000A,00100,00100,N
637,A60000C,00500,00100,N
637,B10000*,00100,00200,CAP BLDG
637,B10000*,00100,00300,CAP COSTS
637,B10000*,00100,00400,EMPLOYEE
637,B10000*,00100,00500,MEDICAL
637,B10000*,00100,00800,ORGAN
637,B10000*,00100,01000,ADMIN &
637,B10000*,00200,00200,OP PLANT &
637,B10000*,00200,00300,MOVABLE
637,B10000*,00200,00400,BENEFITS
637,B10000*,00200,00500,SUPPLIES
637,B10000*,00200,00800,ACQUISITN
637,B10000*,00200,01000,GENERAL
637,B10000*,00300,00200,HOUSEKEEP
637,B10000*,00300,00300,EQUIPMENT
637,B10000*,00300,00800,COSTS
637,B10000*,00400,00200,SQUARE
637,B10000*,00400,00300,DOLLAR
637,B10000*,00400,00400,ADJUST
637,B10000*,00400,00500,COSTED
637,B10000*,00400,00800,NUMBER
637,B10000*,00400,01000,ACCUM
637,B10000*,00500,00200,FEET
637,B10000*,00500,00300,VALUE
637,B10000*,00500,00400,SALARIES
637,B10000*,00500,00500,REQUISIT
637,B10000*,00500,00800,ORGANS
637,B10000*,00500,01000,COSTS
637,B10000*,00600,00200,1
637,B10000*,00600,00300,2
637,B10000*,00600,00400,3
637,B10000*,00600,00500,3
637,B10000*,00600,00800,3
637,B10000*,00600,01000,3
637,B100000,00000,01000,X
637,E000000,00900,00000,OTHER CURRENT ASSETS
637,E000000,02600,00000,OTHER ASSETS
637,E000000,03900,00000,IBNR AND ACCRUED EXPENSES
637,E000000,04600,00000,LONG TERM CAPITAL BONDIN
637,E100002,00800,00000,IMPORT KIDNEY & LUNG EXP NOT IN AFS
637,E200000,02000,00000,OTHER INCOME
637,S000000,00100,00100,X
637,S000000,00400,00100,2
637,S000000,00500,00100,04/22/2022
637,S000000,00600,00100,10001
637,S000000,00700,00100,N
637,S000000,00800,00100,N
637,S000000,00900,00100,06/21/2024
637,S000000,01000,00100,4
637,S000001,00100,00100,UPPER MIDWEST ORGAN PROCUREMENT ORG
637,S000001,00100,00200,24P001
637,S000001,00101,00100,2225 WEST RIVER ROAD NORTH
637,S000001,00102,00100,MINNEAPOLIS
637,S000001,00102,00200,MN
637,S000001,00102,00300,55411
637,S000001,00300,00100,01/01/2021
637,S000001,00300,00200,12/31/2021
637,S000001,00400,00100,4
637,S000001,00400,00300,1
637,S000001,00400,00400,08/01/1989
637,S000001,00401,00300,1
637,S000002,00100,00200,Y
637,S000002,00300,00100,CHIEF ADMINISTRATIVE OFFICER
637,S000002,00400,00100,04/20/2022
637,S100001,00700,00100,N
637,S100001,00810,00000,SMALL BOWEL
637,S100001,00811,00000,VCA
637,S100001,00812,00000,TENDON
637,S100001,00813,00000,VEIN
637,S100001,00814,00000,BONE MARROW
637,S100001,00815,00000,PERICARDIUM
637,S100001,00816,00000,WHOLE GLOB
637,S100001,00817,00000,OTHER
637,S100001,00818,00000,OTHER
637,S100003,00100,00100,MEDICAL DIRECTOR
637,S100003,00100,00300,MEDICAL DIRECTOR
637,S100003,00100,00500,LAB DIRECTOR
637,S100003,00101,00100,EXEC. DIRECTOR
637,S100003,00101,00300,PROCUREMENT COORDINATOR
637,S100003,00101,00500,TECHNICIANS
637,S100003,00102,00100,CLERICAL
637,S100003,00102,00300,PRESERVATION TECHNICIANS
637,S100003,00102,00500,TISSUE TYPING TECH.
637,S100003,00103,00100,OTHER
637,S100003,00103,00300,OTHER
637,S100003,00103,00500,OTHER
637,S200000,00100,00100,N
637,S200000,00200,00100,N
637,S200000,00300,00100,N
637,S200000,00400,00100,Y
637,S200000,00400,00200,A
637,S200000,00500,00100,N
637,S200000,00600,00300,SR. MANAGER OF FINANICAL OPERATONS
637,S200000,00700,00100,UPPER MIDWEST ORGAN PROCUREMENT ORG
653,A000000,00100,00000,0100CAPITAL COSTS-BLDG & FIXT
653,A000000,00200,00000,0200CAPITAL COSTS-MVBLE EQUIPMENT
653,A000000,00300,00000,0300EMPLOYEE BENEFITS
653,A000000,00400,00000,0400ADMINISTRATIVE & GENERAL
653,A000000,00500,00000,0500OPERATION AND MAINTENANCE OF PLANT
653,A000000,00600,00000,0600HOUSEKEEPING
653,A000000,00700,00000,0700MEDICAL SUPPLIES
653,A000000,00800,00000,0800OTHER OVERHEAD
653,A000000,00900,00000,0900PROCUREMENT COORDINATORS
653,A000000,01000,00000,1000PROFESSIONAL EDUCATION
653,A000000,01100,00000,1100PUBLIC EDUCATION
653,A000000,01200,00000,1200OTHER ACQUISITION
653,A000000,01300,00000,1300KIDNEY ACQUISITIONS
653,A000000,01400,00000,1400TISSUE TYPING LABORATORY
653,A000000,01500,00000,1500LIVER ACQUISITIONS
653,A000000,01600,00000,1600HEART ACQUISITIONS
653,A000000,01700,00000,1700PANCREAS ACQUISITIONS
653,A000000,01800,00000,1800LUNG ACQUISITIONS
653,A000000,01900,00000,1900SMALL BOWEL ACQUISITIONS
653,A000000,01901,00000,1901HEART/LUNG ACQUISITIONS
653,A000000,02100,00000,2100RESEARCH
653,A000000,02200,00000,2200BLOOD BANK
653,A000000,02300,00000,2300LABORATORY-NON-TISSUE TYPING
653,A000000,02400,00000,2400DIALYSIS UNITS
653,A000000,02500,00000,2500OTHER NON-REIMBURSABLE
653,A100000,01700,00000,OTHER OUTSIDE SERVICES/PROFESSIONAL
653,A100000,01800,00000,POSTAGE AND DELIVERY
653,A100000,01900,00000,BUILDING OPERATIONS
653,A100000,01901,00000,OTHER
653,A20H000,00900,00000,OTHER CONTRACTED HOSPITAL COSTS
653,A20H000,02100,00000,PATHOLOGY/BIOPSY
653,A20H000,02101,00000,CARDIAC CATH COST
653,A20H000,02102,00000,OTHER ORGAN RECOVERY COSTS
653,A20H000,02103,00000,FH TRANSPORTATION
653,A20H000,02104,00000,FH EXPENSE
653,A20K000,00900,00000,OTHER CONTRACTED HOSPITAL COSTS
653,A20K000,02100,00000,PATHOLOGY/BIOPSY
653,A20K000,02101,00000,OTHER ORGAN RECOVERY COSTS
653,A20K000,02102,00000,FH TRANSPORTATION
653,A20K000,02103,00000,FH EXPENSE
653,A20K000,02104,00000,ORGAN RESEARCH EXPENSE
653,A20L000,00900,00000,OTHER CONTRACTED HOSPITAL COSTS
653,A20L000,02100,00000,PATHOLOGY/BIOPSY
653,A20L000,02101,00000,OTHER ORGAN RECOVERY COSTS
653,A20L000,02102,00000,FH TRANSPORTATION
653,A20L000,02103,00000,FH EXPENSE
653,A20L000,02104,00000,ORGAN RESEARCH EXPENSE
653,A20O000,00900,00000,OTHER CONTRACTED HOSPITAL COSTS
653,A20O000,02100,00000,OTHER ORGAN RECOVERY COSTS
653,A20O000,02101,00000,FH TRANSPORTATION
653,A20O000,02102,00000,FH EXPENSE
653,A20O001,00900,00000,OTHER CONTRACTED HOSPITAL COSTS
653,A20O001,02100,00000,CARDIAC CATH COST
653,A20O001,02101,00000,OTHER ORGAN RECOVERY COSTS
653,A20P000,00900,00000,OTHER CONTRACTED HOSPITAL COSTS
653,A20P000,02100,00000,OTHER ORGAN RECOVERY COSTS
653,A20P000,02101,00000,FH TRANSPORTATION
653,A20P000,02102,00000,FH EXPENSE
653,A20U000,00900,00000,OTHER CONTRACTED HOSPITAL COSTS
653,A20U000,02100,00000,OTHER ORGAN RECOVERY COSTS
653,A20U000,02101,00000,FH TRANSPORTATION
653,A20U000,02102,00000,FH EXPENSE
653,A20U000,02103,00000,ORGAN RECOVERY SUPPLIES
653,A300000,00600,00000,SUPPORT STAFF
653,A300000,00700,00000,LAB SUPPLIES (TOTAL DIRECT COSTS)
653,A300000,00800,00000,TRAVEL MEETING AND SEMINARS
653,A300000,00900,00000,LICENSES
653,A300000,01000,00000,OTHER
653,A400010,00100,00000,RECLASS DEPRECIATION
653,A400010,00100,00100,A
653,A400010,00100,00200,CAPITAL COSTS-MVBLE EQUIPMENT
653,A400010,00100,00500,ADMINISTRATIVE & GENERAL
653,A400010,00200,00000,RECLASS DEPRECIATION
653,A400010,00200,00100,A
653,A400010,00200,00200,CAPITAL COSTS-BLDG & FIXT
653,A400010,00200,00500,PROCUREMENT COORDINATORS
653,A400010,00300,00000,RECLASS DEPRECIATION
653,A400010,00300,00100,A
653,A400010,00300,00500,TISSUE TYPING LABORATORY
653,A400010,00400,00000,RECLASS DEPRECIATION
653,A400010,00400,00100,A
653,A400010,00400,00500,OTHER NON-REIMBURSABLE
653,A400010,00500,00000,RECLASS LEASE EXPENSE
653,A400010,00500,00100,B
653,A400010,00500,00200,CAPITAL COSTS-MVBLE EQUIPMENT
653,A400010,00500,00500,ADMINISTRATIVE & GENERAL
653,A400010,00600,00000,RECLASS LEASE EXPENSE
653,A400010,00600,00100,B
653,A400010,00600,00500,PROCUREMENT COORDINATORS
653,A400010,00700,00000,RECLASS RENT/UTILITY/BUILDING
653,A400010,00700,00100,C
653,A400010,00700,00200,OPERATION AND MAINTENANCE OF PLANT
653,A400010,00700,00500,ADMINISTRATIVE & GENERAL
653,A400010,00800,00000,ALLOCATE NON-REIMB COSTS FROM
653,A400010,00800,00100,D
653,A400010,00800,00200,OTHER NON-REIMBURSABLE
653,A400010,00800,00500,PROCUREMENT COORDINATORS
653,A400010,00900,00000,ALLOCATE NON-REIMB COSTS FROM
653,A400010,00900,00100,D
653,A400010,00900,00500,PROFESSIONAL EDUCATION
653,A400010,01000,00000,ALLOCATE NON-REIMB COSTS FROM
653,A400010,01000,00100,D
653,A400010,01000,00500,PUBLIC EDUCATION
653,A400010,01100,00000,RECLASS COVID-19 LAB PAYROLL EXPENSE
653,A400010,01100,00100,E
653,A400010,01100,00200,LABORATORY-NON-TISSUE TYPING
653,A400010,01100,00500,TISSUE TYPING LABORATORY
653,A500010,00800,00100,B
653,A500010,00800,00300,LUNG ACQUISITIONS
653,A500010,01200,00100,A
653,A500010,01200,00300,ADMINISTRATIVE & GENERAL
653,A500010,01500,00000,LOBBYING EXPENSE
653,A500010,01500,00100,A
653,A500010,01500,00300,ADMINISTRATIVE & GENERAL
653,A500010,01501,00000,LOBBYING EXPENSE
653,A500010,01501,00100,A
653,A500010,01501,00300,ADMINISTRATIVE & GENERAL
653,A500010,01502,00000,LOBBYING EXPENSE
653,A500010,01502,00100,A
653,A500010,01502,00300,PROFESSIONAL EDUCATION
653,A500010,01503,00000,LOBBYING EXPENSE
653,A500010,01503,00100,A
653,A500010,01503,00300,PUBLIC EDUCATION
653,A500010,01504,00000,ADJ NON REIMBURSABLE EXPENSES
653,A500010,01504,00100,A
653,A500010,01504,00300,ADMINISTRATIVE & GENERAL
653,A500010,01505,00000,ADJ NON REIMBURSABLE EXPENSES
653,A500010,01505,00100,A
653,A500010,01505,00300,PROCUREMENT COORDINATORS
653,A500010,01506,00000,ADJ NON REIMBURSABLE EXPENSES
653,A500010,01506,00100,A
653,A500010,01506,00300,PROFESSIONAL EDUCATION
653,A500010,01507,00000,ADJ NON REIMBURSABLE EXPENSES
653,A500010,01507,00100,A
653,A500010,01507,00300,PUBLIC EDUCATION
653,A500010,01508,00000,ADJ NON REIMBURSABLE EXPENSES
653,A500010,01508,00100,A
653,A500010,01508,00300,TISSUE TYPING LABORATORY
653,A500010,01509,00000,ADJ NON REIMBURSABLE EXPENSES
653,A500010,01509,00100,A
653,A500010,01509,00300,LABORATORY-NON-TISSUE TYPING
653,A500010,01510,00000,ADJ NON REIMBURSABLE EXPENSES
653,A500010,01510,00100,A
653,A500010,01510,00300,OTHER NON-REIMBURSABLE
653,A500010,01511,00000,MISC INCOME
653,A500010,01511,00100,B
653,A500010,01511,00300,ADMINISTRATIVE & GENERAL
653,A500010,01512,00000,MISC INCOME
653,A500010,01512,00100,B
653,A500010,01512,00300,ADMINISTRATIVE & GENERAL
653,A500010,01513,00000,VACANT SPACE
653,A500010,01513,00100,A
653,A500010,01513,00300,CAPITAL COSTS-BLDG & FIXT
653,A500010,01514,00000,VACANT SPACE
653,A500010,01514,00100,A
653,A500010,01514,00300,OPERATION AND MAINTENANCE OF PLANT
653,A500010,01515,00000,CONTRIBUTIONS
653,A500010,01515,00100,A
653,A500010,01515,00300,ADMINISTRATIVE & GENERAL
653,A500010,01516,00000,CONTRIBUTIONS
653,A500010,01516,00100,A
653,A500010,01516,00300,PUBLIC EDUCATION
653,A500010,01517,00000,REMOVE FH TRANS/COSTS
653,A500010,01517,00100,A
653,A500010,01517,00300,KIDNEY ACQUISITIONS
653,A500010,01518,00000,REMOVE FH TRANS/COSTS
653,A500010,01518,00100,A
653,A500010,01518,00300,LIVER ACQUISITIONS
653,A500010,01519,00000,REMOVE FH TRANS/COSTS
653,A500010,01519,00100,A
653,A500010,01519,00300,HEART ACQUISITIONS
653,A500010,01520,00000,REMOVE FH TRANS/COSTS
653,A500010,01520,00100,A
653,A500010,01520,00300,PANCREAS ACQUISITIONS
653,A500010,01521,00000,REMOVE FH TRANS/COSTS
653,A500010,01521,00100,A
653,A500010,01521,00300,LUNG ACQUISITIONS
653,A500010,01522,00000,REMOVE FH TRANS/COSTS
653,A500010,01522,00100,A
653,A500010,01522,00300,SMALL BOWEL ACQUISITIONS
653,A500010,01523,00000,REMOVE INTEREST EXPENSE-SWAP
653,A500010,01523,00100,A
653,A500010,01523,00300,ADMINISTRATIVE & GENERAL
653,A500010,01524,00000,REMOVE RESEARCH EXPENSES
653,A500010,01524,00100,A
653,A500010,01524,00300,KIDNEY ACQUISITIONS
653,A500010,01525,00000,REMOVE RESEARCH EXPENSES
653,A500010,01525,00100,A
653,A500010,01525,00300,TISSUE TYPING LABORATORY
653,A500010,01526,00000,REMOVE RESEARCH EXPENSES
653,A500010,01526,00100,A
653,A500010,01526,00300,LIVER ACQUISITIONS
653,A500010,01527,00000,REMOVE RESEARCH EXPENSES
653,A500010,01527,00100,A
653,A500010,01527,00300,PANCREAS ACQUISITIONS
653,A500010,01601,00000,TO REMOVE NON-ALLOWABLE EXPENSE
653,A500010,01601,00100,A
653,A500010,01601,00300,PROFESSIONAL EDUCATION
653,A500010,01602,00000,TO REMOVE NON-ALLOWABLE EXPENSE
653,A500010,01602,00100,A
653,A500010,01602,00300,PUBLIC EDUCATION
653,A500010,01603,00000,TO ALLOW EXPENSES DURING PSL PERIOD
653,A500010,01603,00100,A
653,A500010,01603,00300,PUBLIC EDUCATION
653,A51000A,00100,00100,Y
653,A51000B,00100,00200,ADMINISTRATIVE & GENERAL
653,A51000B,00100,00300,B
653,A51000B,00200,00200,PROCUREMENT COORDINATORS
653,A51000B,00200,00300,B
653,A51000C,00100,00100,C
653,A51000C,00100,00200,ALLOSOURCE
653,A51000C,00200,00100,C
653,A51000C,00200,00200,ILLINOIS TRANSPLANT FUND
653,A51000C,00300,00100,C
653,A51000C,00300,00200,GIFT OF HOPE COMMUNITY FOUNDATION
653,A60000A,00700,00000,ASSET IN PROCESS
653,A60000C,00500,00100,N
653,B10000*,00100,00200,CAP BLDG
653,B10000*,00100,00300,CAP COSTS
653,B10000*,00100,00400,EMPLOYEE
653,B10000*,00100,00500,MEDICAL
653,B10000*,00100,00800,ORGAN
653,B10000*,00100,01000,ADMIN &
653,B10000*,00200,00200,OP PLANT &
653,B10000*,00200,00300,MOVABLE
653,B10000*,00200,00400,BENEFITS
653,B10000*,00200,00500,SUPPLIES
653,B10000*,00200,00800,ACQUISITN
653,B10000*,00200,01000,GENERAL
653,B10000*,00300,00200,HOUSEKEEP
653,B10000*,00300,00300,EQUIPMENT
653,B10000*,00300,00800,COSTS
653,B10000*,00400,00200,SQUARE
653,B10000*,00400,00300,DOLLAR
653,B10000*,00400,00400,ADJUST
653,B10000*,00400,00500,COSTED
653,B10000*,00400,00800,NUMBER
653,B10000*,00400,01000,ACCUM
653,B10000*,00500,00200,FEET
653,B10000*,00500,00300,VALUE
653,B10000*,00500,00400,SALARIES
653,B10000*,00500,00500,REQUISIT
653,B10000*,00500,00800,ORGANS
653,B10000*,00500,01000,COSTS
653,B10000*,00600,00200,1
653,B10000*,00600,00300,2
653,B10000*,00600,00400,3
653,B10000*,00600,00500,3
653,B10000*,00600,00800,3
653,B10000*,00600,01000,3
653,B100000,00000,01000,X
653,E000000,00900,00000,OTHER ASSETS
653,E000000,02600,00000,ASSETS IN PROCESS
653,E000000,03100,00000,OTHER - INVESTMENT IN AFFILIATE
653,E000000,03900,00000,OTHER LIABILITIES
653,E000000,04100,00000,POST RETIREMENT OBLIGATION
653,E000000,04600,00000,POST RETIREMENT OBLIGATION
653,E000000,04700,00000,DERIVATIVE FINANCIAL INSTRUMENT
653,E100001,00700,00000,TISSUE BANK REVENUES
653,E100001,00800,00000,NET ASSETS RELEASED FROM RESTRICTION
653,E100002,00800,00000,INTERNAL LAB EXPENSES ADJUSTMENT
653,E100002,00900,00000,ROUNDING
653,E200000,02000,00000,CHANGE IN FMV OF DERIVATIVE
653,E200000,02100,00000,POST RETIREMENT BENEFIT OBILIGATION
653,E200000,02200,00000,OTHER INCOME
653,E200000,02600,00000,POST RETIREMENT BENEFIT OBILIGATION
653,E200000,02700,00000,NET ASSETS RELEASED FROM RESTRICTION
653,S000000,00100,00100,X
653,S000000,00400,00100,2
653,S000000,00500,00100,05/25/2022
653,S000000,00600,00100,10001
653,S000000,00700,00100,N
653,S000000,00800,00100,N
653,S000000,00900,00100,07/01/2024
653,S000000,01000,00100,4
653,S000001,00100,00100,GIFT OF HOPE ORGAN & TISSUE DONOR NE
653,S000001,00100,00200,14P001
653,S000001,00101,00100,425 SPRING LAKE DR
653,S000001,00102,00100,ITASCA
653,S000001,00102,00200,IL
653,S000001,00102,00300,60143
653,S000001,00200,00100,GIFT OF HOPE ORGAN & TISSUE DONOR NE
653,S000001,00200,00200,14HL07
653,S000001,00201,00100,425 SPRING LAKE DR
653,S000001,00202,00100,ITASCA
653,S000001,00202,00200,IL
653,S000001,00202,00300,60143
653,S000001,00300,00100,01/01/2021
653,S000001,00300,00200,12/31/2021
653,S000001,00400,00100,6
653,S000001,00400,00300,1
653,S000001,00400,00400,12/16/1986
653,S000001,00401,00100,6
653,S000001,00401,00300,2
653,S000001,00401,00400,12/16/1986
653,S000002,00100,00200,Y
653,S000002,00300,00100,CHIEF FINANCIAL OFFICER
653,S000002,00400,00100,05/20/2022
653,S100001,00700,00100,N
653,S100001,00810,00000,SMALL BOWEL
653,S100002,00400,00100,STANDARD (CDC) CROSSMATCH
653,S100002,00401,00100,DECEASED DONOR FINAL CROSSMATCH
653,S100002,00402,00100,FLOW CYTOMETRY CROSSMATCH
653,S100002,00403,00100,NAT TESTING - SARS -COV-2
653,S100002,00404,00100,FROZEN PATHOLOGY SECTION
653,S100002,00405,00100,HEMOGLOBIN A1C
653,S100002,00406,00100,ABO TYPING
653,S100002,00407,00100,SERUM PROCESSING/STORAGE  LONG TERM
653,S100002,00408,00100,SERUM PROCESSING/STORAGE  LONG TERM
653,S100002,00409,00100,INFECTIOUS DISEASE SEROLOGY - COMPLE
653,S100002,00410,00100,MONTHLY SERUM MANAGEMENT
653,S100002,00411,00100,PRA/ID - HLA CLASS I AB
653,S100002,00412,00100,PRA/ID - HLA CLASS II AB
653,S100002,00413,00100,SINGLE ANTIGEN BEAD - HLA CLASS I AB
653,S100002,00414,00100,SINGLE ANTIGEN BEAD - HLA CLASS II A
653,S100002,00415,00100,NAT TESTING - HBV/HCV/HIV
653,S100002,00416,00100,NAT TESTING - WEST NILE VIRUS
653,S100002,00417,00100,INFECTIOUS DISEASE SEROLOGY - HIV AB
653,S100002,00418,00100,INFECTIOUS DISEASE SEROLOGY - HCV AB
653,S100002,00419,00100,INFECTIOUS DISEASE SEROLOGY - HBSAG
653,S100002,00420,00100,INFECTIOUS DISEASE SEROLOGY - HBCAB
653,S100002,00421,00100,INFECTIOUS DISEASE SEROLOGY - CMV -
653,S100002,00422,00100,INFECTIOUS DISEASE SEROLOGY - EBV -
653,S100002,00423,00100,INFECTIOUS DISEASE SEROLOGY - RPR
653,S100002,00424,00100,HLA CLASS I TYPING (A  B  C)
653,S100002,00425,00100,HLA CLS II TYPG (DRB1 DRB3/4/5 DQB1
653,S100003,00100,00100,MEDICAL DIRECTOR
653,S100003,00100,00300,MEDICAL DIRECTOR
653,S100003,00100,00500,LAB DIRECTOR
653,S100003,00101,00100,EXEC. DIRECTOR
653,S100003,00101,00300,PROCUREMENT COORDINATOR
653,S100003,00101,00500,TECHNICIANS
653,S100003,00102,00100,CLERICAL
653,S100003,00102,00300,PRESERVATION TECHNICIANS
653,S100003,00102,00500,TISSUE TYPING TECH.
653,S100003,00103,00100,OTHER
653,S100003,00103,00300,OTHER
653,S100003,00103,00500,OTHER
653,S200000,00100,00100,N
653,S200000,00200,00100,N
653,S200000,00300,00100,Y
653,S200000,00400,00100,Y
653,S200000,00400,00200,A
653,S200000,00500,00100,N
653,S200000,00600,00300,CFO
653,S200000,00700,00100,GIFT OF HOPE ORGAN & TISSUE DONOR NE
655,A000000,00100,00000,0100CAPITAL COSTS-BLDG & FIXT
655,A000000,00200,00000,0200CAPITAL COSTS-MVBLE EQUIPMENT
655,A000000,00300,00000,0300EMPLOYEE BENEFITS
655,A000000,00400,00000,0400ADMINISTRATIVE & GENERAL
655,A000000,00500,00000,0500OPERATION AND MAINTENANCE OF PLANT
655,A000000,00600,00000,0600HOUSEKEEPING
655,A000000,00700,00000,0700MEDICAL SUPPLIES
655,A000000,00800,00000,0800OTHER OVERHEAD
655,A000000,00900,00000,0900PROCUREMENT COORDINATORS
655,A000000,01000,00000,1000PROFESSIONAL EDUCATION
655,A000000,01100,00000,1100PUBLIC EDUCATION
655,A000000,01200,00000,1200OTHER ORGAN ACQUISITION
655,A000000,01201,00000,1201ORGAN ONLY REFERRALS
655,A000000,01300,00000,1300KIDNEY ACQUISITIONS
655,A000000,01400,00000,1400TISSUE TYPING LABORATORY
655,A000000,01500,00000,1500LIVER ACQUISITIONS
655,A000000,01600,00000,1600HEART ACQUISITIONS
655,A000000,01700,00000,1700PANCREAS ACQUISITIONS
655,A000000,01800,00000,1800LUNG ACQUISITIONS
655,A000000,01900,00000,1900OTHER ACQUISITIONS
655,A000000,02100,00000,2100RESEARCH
655,A000000,02200,00000,2200BLOOD BANK
655,A000000,02300,00000,2300LABORATORY-NON-TISSUE TYPING
655,A000000,02400,00000,2400DIALYSIS UNITS
655,A000000,02500,00000,2500TISSUE
655,A000000,02501,00000,2501AFTERCARE
655,A100000,01700,00000,NON-MEDICARE REIMBURSABLE
655,A100000,01800,00000,MISCELLANEOUS
655,A20H000,00900,00000,HOSPITAL BILLS
655,A20H000,02100,00000,ORGAN TESTING
655,A20K000,00900,00000,HOSPITAL BILLS
655,A20K000,02100,00000,ORGAN TESTING
655,A20K000,02101,00000,CLINICAL CONSULTING
655,A20L000,00900,00000,HOSPITAL BILLS
655,A20L000,02100,00000,ORGAN TESTING
655,A20L000,02101,00000,CLINICAL CONSULTING
655,A20O000,00900,00000,HOSPITAL BILLS
655,A20O000,02100,00000,ORGAN TESTING
655,A20P000,00900,00000,HOSPITAL BILLS
655,A20P000,02100,00000,ORGAN TESTING
655,A20U000,00900,00000,HOSPITAL BILLS
655,A20U000,02100,00000,ORGAN TESTING
655,A400010,00100,00000,RENT TO CAPITAL COST
655,A400010,00100,00100,A
655,A400010,00100,00200,CAPITAL COSTS-BLDG & FIXT
655,A400010,00100,00500,ADMINISTRATIVE & GENERAL
655,A400010,00200,00000,CELL PHONES
655,A400010,00200,00100,B
655,A400010,00200,00200,PROCUREMENT COORDINATORS
655,A400010,00200,00500,ADMINISTRATIVE & GENERAL
655,A400010,00300,00000,CELL PHONES
655,A400010,00300,00100,B
655,A400010,00300,00200,TISSUE
655,A400010,00400,00000,TISSUE OVERHEAD
655,A400010,00400,00100,C
655,A400010,00400,00200,TISSUE
655,A400010,00400,00500,PROCUREMENT COORDINATORS
655,A400010,00500,00000,TISSUE OVERHEAD
655,A400010,00500,00100,C
655,A400010,00500,00500,PROFESSIONAL EDUCATION
655,A400010,00600,00000,TISSUE OVERHEAD
655,A400010,00600,00100,C
655,A400010,00600,00500,PUBLIC EDUCATION
655,A400010,00700,00000,SORS/SRC
655,A400010,00700,00100,D
655,A400010,00700,00200,KIDNEY ACQUISITIONS
655,A400010,00700,00500,PROCUREMENT COORDINATORS
655,A400010,00800,00000,SORS/SRC
655,A400010,00800,00100,D
655,A400010,00800,00200,LIVER ACQUISITIONS
655,A400010,00900,00000,SORS/SRC
655,A400010,00900,00100,D
655,A400010,00900,00200,PANCREAS ACQUISITIONS
655,A400010,01000,00000,SORS/SRC
655,A400010,01000,00100,D
655,A400010,01000,00200,OTHER ACQUISITIONS
655,A400010,01100,00000,SORS/SRC
655,A400010,01100,00100,D
655,A400010,01100,00200,TISSUE
655,A400010,01200,00000,ORGAN SUPPLIES
655,A400010,01200,00100,E
655,A400010,01200,00200,KIDNEY ACQUISITIONS
655,A400010,01200,00500,OTHER ORGAN ACQUISITION
655,A400010,01300,00000,ORGAN SUPPLIES
655,A400010,01300,00100,E
655,A400010,01300,00200,LIVER ACQUISITIONS
655,A400010,01400,00000,ORGAN SUPPLIES
655,A400010,01400,00100,E
655,A400010,01400,00200,PANCREAS ACQUISITIONS
655,A400010,01500,00000,ORGAN SUPPLIES
655,A400010,01500,00100,E
655,A400010,01500,00200,OTHER ACQUISITIONS
655,A400010,01600,00000,ORGAN SUPPLIES
655,A400010,01600,00100,E
655,A400010,01600,00200,TISSUE
655,A500010,00800,00100,B
655,A500010,00800,00300,PROCUREMENT COORDINATORS
655,A500010,01200,00100,A
655,A500010,01200,00300,ADMINISTRATIVE & GENERAL
655,A500010,01500,00000,UNREIMBURSABLE - ALCOHOL/GIFTS
655,A500010,01500,00100,A
655,A500010,01500,00300,ADMINISTRATIVE & GENERAL
655,A500010,01502,00000,UNREIMBURSABLE - ALCOHOL/GIFTS
655,A500010,01502,00100,A
655,A500010,01502,00300,PROCUREMENT COORDINATORS
655,A500010,01503,00000,UNREIMBURSABLE - ALCOHOL/GIFTS
655,A500010,01503,00100,A
655,A500010,01503,00300,PROFESSIONAL EDUCATION
655,A500010,01505,00000,UNREIMBURSABLE - ALCOHOL/GIFTS
655,A500010,01505,00100,A
655,A500010,01505,00300,TISSUE
655,A500010,01506,00000,UNREIMBURSABLE - ALCOHOL/GIFTS
655,A500010,01506,00100,A
655,A500010,01506,00300,ORGAN ONLY REFERRALS
655,A500010,01507,00000,UNREIMBURSABLE - ROSE PARADE
655,A500010,01507,00100,A
655,A500010,01507,00300,ADMINISTRATIVE & GENERAL
655,A500010,01512,00000,MISCELLANEOUS INCOME
655,A500010,01512,00100,B
655,A500010,01512,00300,ADMINISTRATIVE & GENERAL
655,A500010,01514,00000,LOBBYING
655,A500010,01514,00100,A
655,A500010,01514,00300,PUBLIC EDUCATION
655,A500010,01515,00000,GAIN LOSS SALE ASSETS & UBIT REFUND
655,A500010,01515,00100,A
655,A500010,01515,00300,ADMINISTRATIVE & GENERAL
655,A51000A,00100,00100,N
655,A60000A,00700,00000,MEDICAL EQUIPMENT
655,A60000B,00800,00000,MEDICAL EQUIPMENT
655,A60000C,00500,00100,N
655,B10000*,00100,00200,CAP BLDG
655,B10000*,00100,00300,CAP COSTS
655,B10000*,00100,00400,EMPLOYEE
655,B10000*,00100,00500,MEDICAL
655,B10000*,00100,00800,ORGAN
655,B10000*,00100,01000,ADMIN &
655,B10000*,00200,00200,OP PLANT &
655,B10000*,00200,00300,MOVABLE
655,B10000*,00200,00400,BENEFITS
655,B10000*,00200,00500,SUPPLIES
655,B10000*,00200,00800,ACQUISITN
655,B10000*,00200,01000,GENERAL
655,B10000*,00300,00200,HOUSEKEEP
655,B10000*,00300,00300,EQUIPMENT
655,B10000*,00300,00800,COSTS
655,B10000*,00400,00200,SQUARE
655,B10000*,00400,00300,DOLLAR
655,B10000*,00400,00400,ADJUST
655,B10000*,00400,00500,COSTED
655,B10000*,00400,00800,NUMBER
655,B10000*,00400,01000,ACCUM
655,B10000*,00500,00200,FEET
655,B10000*,00500,00300,VALUE
655,B10000*,00500,00400,SALARIES
655,B10000*,00500,00500,REQUISIT
655,B10000*,00500,00800,ORGANS
655,B10000*,00500,01000,COSTS
655,B10000*,00600,00200,1
655,B10000*,00600,00300,2
655,B10000*,00600,00400,3
655,B10000*,00600,00500,3
655,B10000*,00600,00800,3
655,B10000*,00600,01000,3
655,B100000,00000,01000,X
655,E000000,00900,00000,MEDICARE RECEIVABLE
655,E000000,02600,00000,OTHER FIXED ASSETS
655,E000000,03100,00000,457B PLAN & OTHER LONG TERM ASSETS
655,E000000,03900,00000,ACCRUED MEDICAL LIASBILITIES
655,E000000,04100,00000,CAPI LEASE & DEFERRED RENT - CURRENT
655,E000000,04600,00000,DEFERRED RENT - LONG TERM
655,E000000,04700,00000,457B PLAN & CAPITAL LEASE
655,E000000,04800,00000,OTHER LIABILITIES
655,E100001,00700,00000,NON-VIABLE ORGANS TO RESEARCH
655,E100002,00300,00000,ROUNDING
655,E100002,00800,00000,ROUNDING
655,E200000,02000,00000,MISCELLANEOUS REVENUE
655,E200000,02100,00000,UNREALIZED GAIN ON INVESTMENTS
655,E200000,02200,00000,TISSUE REVENUE
655,E200000,02600,00000,UNREALIZED GAIN/LOSS ON INVESTMENTS
655,S000000,00100,00100,X
655,S000000,00400,00100,2
655,S000000,00500,00100,05/26/2022
655,S000000,00600,00100,10001
655,S000000,00700,00100,N
655,S000000,00800,00100,N
655,S000000,00900,00100,07/01/2024
655,S000000,01000,00100,4
655,S000001,00100,00100,LIFECENTER NORTHWEST
655,S000001,00100,00200,50P003
655,S000001,00101,00100,3650 131ST AVE SE  SUITE 200
655,S000001,00102,00100,BELLEVUE
655,S000001,00102,00200,WA
655,S000001,00102,00300,98006
655,S000001,00300,00100,01/01/2021
655,S000001,00300,00200,12/31/2021
655,S000001,00400,00100,6
655,S000001,00400,00300,1
655,S000001,00400,00400,01/01/1986
655,S000001,00401,00300,1
655,S000002,00100,00200,Y
655,S000002,00300,00100,CHIEF EXECUTIVE OFFICER
655,S000002,00400,00100,05/24/2022
655,S100001,00700,00100,N
655,S100001,00810,00000,INTESTINE
655,S100001,00811,00000,RESEARCH
655,S100001,00812,00000,VEIN
655,S100001,00813,00000,NERVES
655,S100001,00814,00000,MISCELLANEOUS
655,S100003,00100,00100,MEDICAL DIRECTOR
655,S100003,00100,00300,MEDICAL DIRECTOR
655,S100003,00100,00500,LAB DIRECTOR
655,S100003,00101,00100,EXEC. DIRECTOR
655,S100003,00101,00300,PROCUREMENT COORDINATOR
655,S100003,00101,00500,TECHNICIANS
655,S100003,00102,00100,CLERICAL
655,S100003,00102,00300,PRESERVATION TECHNICIANS
655,S100003,00102,00500,TISSUE TYPING TECH.
655,S100003,00103,00100,OTHER
655,S100003,00103,00300,OTHER
655,S100003,00103,00500,OTHER
655,S200000,00100,00100,N
655,S200000,00200,00100,N
655,S200000,00300,00100,N
655,S200000,00400,00100,Y
655,S200000,00400,00200,A
655,S200000,00500,00100,N
655,S200000,00600,00300,VP ACCOUNTING & FINANCE
655,S200000,00700,00100,LIFECENTER NORTHWEST
663,A000000,00100,00000,0100CAPITAL COSTS-BLDG & FIXT
663,A000000,00200,00000,0200CAPITAL COSTS-MVBLE EQUIPMENT
663,A000000,00300,00000,0300EMPLOYEE BENEFITS
663,A000000,00400,00000,0400ADMINISTRATIVE & GENERAL
663,A000000,00500,00000,0500OPERATION AND MAINTENANCE OF PLANT
663,A000000,00600,00000,0600HOUSEKEEPING
663,A000000,00700,00000,0700MEDICAL SUPPLIES
663,A000000,00800,00000,0800OTHER OVERHEAD
663,A000000,00900,00000,0900PROCUREMENT COORDINATORS
663,A000000,01000,00000,1000PROFESSIONAL EDUCATION
663,A000000,01100,00000,1100PUBLIC EDUCATION
663,A000000,01300,00000,1300KIDNEY ACQUISITIONS
663,A000000,01400,00000,1400TISSUE TYPING LABORATORY
663,A000000,01500,00000,1500LIVER ACQUISITIONS
663,A000000,01600,00000,1600HEART ACQUISITIONS
663,A000000,01700,00000,1700PANCREAS ACQUISITIONS
663,A000000,01800,00000,1800LUNG ACQUISITIONS
663,A000000,01900,00000,1900DOUBLE LUNG      S
663,A000000,01901,00000,1901HEART/LUNG       S 2
663,A000000,01902,00000,1902INTESTINES       S 3
663,A000000,01903,00000,1903OTHER ACQUISITION
663,A000000,02100,00000,2100RESEARCH
663,A000000,02200,00000,2200BLOOD BANK
663,A000000,02300,00000,2300LABORATORY-NON-TISSUE TYPING
663,A000000,02400,00000,2400DIALYSIS UNITS
663,A000000,02500,00000,2500TISSUE RECOVERY SERVICES
663,A000000,02501,00000,2501FOUNDATION EXPENSE
663,A000000,02502,00000,2502EYE BANK
663,A000000,02503,00000,2503AT&T SPACE
663,A000000,02504,00000,2504HLA OFFICES + LAB
663,A000000,02505,00000,2505UNUSED SPACE
663,A000000,02506,00000,2506TX HOUSE
663,A100000,01700,00000,CONSULTING
663,A100000,01800,00000,MISCELLANEOUS
663,A100000,01900,00000,TEMP HELP / MEMBERSHIP FEES
663,A20H000,02100,00000,LAB - SEROLOGIES
663,A20H000,02101,00000,O
663,A20K000,02100,00000,LAB - SEROLOGIES
663,A20K000,02101,00000,O
663,A20L000,02100,00000,LAB - SEROLOGIES
663,A20L000,02101,00000,O
663,A20O000,02100,00000,LAB - SEROLOGIES
663,A20O000,02101,00000,O
663,A20O001,02100,00000,LAB - SEROLOGIES
663,A20O001,02101,00000,O
663,A20O002,02100,00000,LAB - SEROLOGIES
663,A20O002,02101,00000,O
663,A20O003,02100,00000,LAB - SEROLOGIES
663,A20O003,02101,00000,OPEN
663,A20P000,02100,00000,LAB - SEROLOGIES
663,A20P000,02101,00000,O
663,A20U000,02100,00000,LAB - SEROLOGIES
663,A20U000,02101,00000,O
663,A400010,00100,00000,PERFUSION TO EX-RENAL
663,A400010,00100,00100,A
663,A400010,00100,00200,LIVER ACQUISITIONS
663,A400010,00100,00500,KIDNEY ACQUISITIONS
663,A400010,00200,00000,PERFUSION TO EX-RENAL
663,A400010,00200,00100,B
663,A400010,00200,00200,PANCREAS ACQUISITIONS
663,A400010,00200,00500,KIDNEY ACQUISITIONS
663,A400010,00300,00000,RECLASS TO TISSUE
663,A400010,00300,00100,C
663,A400010,00300,00200,TISSUE RECOVERY SERVICES
663,A400010,00300,00500,PROCUREMENT COORDINATORS
663,A400010,00400,00000,RECLASS TO TISSUE
663,A400010,00400,00100,D
663,A400010,00400,00200,TISSUE RECOVERY SERVICES
663,A400010,00400,00500,PUBLIC EDUCATION
663,A400010,00500,00000,RECLASS TO TISSUE
663,A400010,00500,00100,E
663,A400010,00500,00200,TISSUE RECOVERY SERVICES
663,A400010,00500,00500,PROFESSIONAL EDUCATION
663,A400010,00600,00000,H/R EXP - DIRECT COSTS
663,A400010,00600,00100,I
663,A400010,00600,00200,EMPLOYEE BENEFITS
663,A400010,00600,00500,ADMINISTRATIVE & GENERAL
663,A400010,00700,00000,RENT & LEASE EXPENSE
663,A400010,00700,00100,J
663,A400010,00700,00200,CAPITAL COSTS-BLDG & FIXT
663,A400010,00700,00500,ADMINISTRATIVE & GENERAL
663,A400010,00800,00000,BLD CAP TO A&G
663,A400010,00800,00100,K
663,A400010,00800,00200,ADMINISTRATIVE & GENERAL
663,A400010,00800,00500,CAPITAL COSTS-BLDG & FIXT
663,A400010,00900,00000,EQUIP TO A&G
663,A400010,00900,00100,M
663,A400010,00900,00200,ADMINISTRATIVE & GENERAL
663,A400010,00900,00500,OPERATION AND MAINTENANCE OF PLANT
663,A400010,01000,00000,PLANT TO A&G
663,A400010,01000,00100,O
663,A400010,01000,00200,ADMINISTRATIVE & GENERAL
663,A400010,01000,00500,CAPITAL COSTS-MVBLE EQUIPMENT
663,A400010,01100,00000,SURGEON ALLOCATION
663,A400010,01100,00100,R
663,A400010,01100,00200,KIDNEY ACQUISITIONS
663,A400010,01100,00500,PROCUREMENT COORDINATORS
663,A400010,01200,00000,SURGEON ALLOCATION
663,A400010,01200,00100,S
663,A400010,01200,00200,LIVER ACQUISITIONS
663,A400010,01200,00500,PROCUREMENT COORDINATORS
663,A400010,01300,00000,SURGEON ALLOCATION
663,A400010,01300,00100,T
663,A400010,01300,00200,PANCREAS ACQUISITIONS
663,A400010,01300,00500,PROCUREMENT COORDINATORS
663,A500010,00500,00100,B
663,A500010,00500,00300,PROCUREMENT COORDINATORS
663,A500010,00800,00100,B
663,A500010,00800,00300,PROCUREMENT COORDINATORS
663,A500010,00900,00100,B
663,A500010,00900,00300,PUBLIC EDUCATION
663,A500010,01200,00100,B
663,A500010,01200,00300,ADMINISTRATIVE & GENERAL
663,A500010,01500,00000,LOBBYING EXPENSE
663,A500010,01500,00100,A
663,A500010,01500,00300,ADMINISTRATIVE & GENERAL
663,A500010,01600,00000,MISC INCOME
663,A500010,01600,00100,B
663,A500010,01600,00300,ADMINISTRATIVE & GENERAL
663,A500010,01601,00000,DISALLOW NON-ALLOWABLE EXPENSE
663,A500010,01601,00100,A
663,A500010,01601,00300,KIDNEY ACQUISITIONS
663,A500010,01602,00000,LIVING KIDNEY REVENUE
663,A500010,01602,00100,B
663,A500010,01602,00300,PROCUREMENT COORDINATORS
663,A500010,01603,00000,HEART/LUNG PRIOR YEAR EXPENSE
663,A500010,01603,00100,A
663,A500010,01603,00300,HEART/LUNG       S 2
663,A500010,01604,00000,VCA PRIOR YEAR EXPENSE
663,A500010,01604,00100,A
663,A500010,01604,00300,OTHER ACQUISITION
663,A500010,01605,00000,DISALLOW NON-ALLOWABLE EXPENSE
663,A500010,01605,00100,A
663,A500010,01605,00300,PUBLIC EDUCATION
663,A500010,01606,00000,DISALLOW NON-ALLOWABLE EXPENSE
663,A500010,01606,00100,A
663,A500010,01606,00300,ADMINISTRATIVE & GENERAL
663,A500010,01607,00000,DISALLOW NON-ALLOWABLE EXPENSE
663,A500010,01607,00100,A
663,A500010,01607,00300,PROFESSIONAL EDUCATION
663,A500010,01608,00000,DISALLOW NON-ALLOWABLE EXPENSE
663,A500010,01608,00100,A
663,A500010,01608,00300,PROCUREMENT COORDINATORS
663,A500010,01609,00000,DISALLOW NON-ALLOWABLE EXPENSE
663,A500010,01609,00100,A
663,A500010,01609,00300,TISSUE RECOVERY SERVICES
663,A500010,01610,00000,DISALL HERSHEY BLDG EXP 859 FISHBURN
663,A500010,01610,00100,A
663,A500010,01610,00300,OPERATION AND MAINTENANCE OF PLANT
663,A500010,01611,00000,DISALL HERSHEY BLDG EXP 859 FISHBURN
663,A500010,01611,00100,A
663,A500010,01611,00300,TISSUE RECOVERY SERVICES
663,A500010,01612,00000,TO REMOVE NON-ALLOWABLE EXPENSE
663,A500010,01612,00100,A
663,A500010,01612,00300,ADMINISTRATIVE & GENERAL
663,A500010,01613,00000,TO REVERSE HFS REF #4
663,A500010,01613,00100,A
663,A500010,01613,00300,ADMINISTRATIVE & GENERAL
663,A51000A,00100,00100,Y
663,A51000B,00100,00200,PROCUREMENT COORDINATORS
663,A51000B,00100,00300,LODGING
663,A51000B,00200,00200,PROFESSIONAL EDUCATION
663,A51000B,00200,00300,LODGING
663,A51000B,00300,00200,PUBLIC EDUCATION
663,A51000B,00300,00300,LODGING
663,A51000C,00100,00100,C
663,A51000C,00100,00200,GIFT OF LIFE DONOR PROGRAM
663,A51000C,00100,00400,TX HOUSE
663,A51000C,00100,00600,LODGING FOR TRANSPLANTATION
663,A51000C,00200,00100,C
663,A51000C,00200,00200,GIFT OF LIFE DONOR PROGRAM
663,A51000C,00200,00400,TX HOUSE
663,A51000C,00200,00600,LODGING FOR TRANSPLANTATION
663,A51000C,00300,00100,C
663,A51000C,00300,00200,GIFT OF LIFE DONOR PROGRAM
663,A51000C,00300,00400,TX HOUSE
663,A51000C,00300,00600,LODGING FOR TRANSPLANTATION
663,A60000A,00700,00000,CONSTRUCTION IN PROGRESS
663,A60000A,00701,00000,BUILDING SERVICE EQUIPMENT
663,A60000A,00702,00000,LEASEHOLD IMPROVEMENTS
663,A60000B,00801,00000,LEASEHOLD IMPROVEMENTS
663,A60000B,00802,00000,CAPITAL ASSETS LEASED
663,A60000C,00500,00100,N
663,B10000*,00100,00200,CAP BLDG
663,B10000*,00100,00300,CAP COSTS
663,B10000*,00100,00400,EMPLOYEE
663,B10000*,00100,00500,MEDICAL
663,B10000*,00100,00800,ORGAN
663,B10000*,00100,01000,ADMIN &
663,B10000*,00200,00200,OP PLANT &
663,B10000*,00200,00300,MOVABLE
663,B10000*,00200,00400,BENEFITS
663,B10000*,00200,00500,SUPPLIES
663,B10000*,00200,00800,ACQUISITN
663,B10000*,00200,01000,GENERAL
663,B10000*,00300,00200,HOUSEKEEP
663,B10000*,00300,00300,EQUIPMENT
663,B10000*,00300,00800,COSTS
663,B10000*,00400,00200,SQUARE
663,B10000*,00400,00300,DOLLAR
663,B10000*,00400,00400,ADJUST
663,B10000*,00400,00500,COSTED
663,B10000*,00400,00800,NUMBER
663,B10000*,00400,01000,ACCUM
663,B10000*,00500,00200,FEET
663,B10000*,00500,00300,VALUE
663,B10000*,00500,00400,SALARIES
663,B10000*,00500,00500,REQUISIT
663,B10000*,00500,00800,ORGANS
663,B10000*,00500,01000,COSTS
663,B10000*,00600,00200,1
663,B10000*,00600,00300,2
663,B10000*,00600,00400,3
663,B10000*,00600,00500,3
663,B10000*,00600,00800,3
663,B10000*,00600,01000,3
663,B100000,00000,01000,X
663,E000000,00900,00000,OTHER CURRENT ASSETS
663,E000000,02600,00000,OTHER FIXED ASSETS
663,E000000,03100,00000,OTHER ASSETS - NONCURRENT
663,E000000,03900,00000,ACCRUED EXPENSE
663,E000000,04100,00000,ACCOUNTS PAYABLE - THIRD PARTY
663,E100001,00700,00000,TISSUE RECCOVERY REVENUE
663,E100001,00800,00000,RESEARCH REVENUE
663,E100001,00900,00000,EX-RENAL AIR TRANS REVENUE
663,E100002,00800,00000,CONTRACTUAL ALLOWANCES
663,E100002,00900,00000,ALLOW/BAD DEBT
663,E200000,01500,00000,PUBLIC EDUCATION REVENUE
663,E200000,01700,00000,MISC INCOME
663,E200000,01800,00000,UWHC-REFERRAL REVENUE
663,S000000,00100,00100,X
663,S000000,00400,00100,2
663,S000000,00500,00100,06/01/2022
663,S000000,00600,00100,10001
663,S000000,00700,00100,N
663,S000000,00800,00100,N
663,S000000,00900,00100,07/15/2024
663,S000000,01000,00100,4
663,S000001,00100,00100,GIFT OF LIFE DONOR PROGRAM
663,S000001,00100,00200,39P001
663,S000001,00101,00100,401 N. 3RD STREET
663,S000001,00102,00100,PHILADELPHIA
663,S000001,00102,00200,PA
663,S000001,00102,00300,19123
663,S000001,00300,00100,01/01/2021
663,S000001,00300,00200,12/31/2021
663,S000001,00400,00100,8
663,S000001,00400,00300,1
663,S000001,00400,00400,04/01/1978
663,S000001,00401,00300,1
663,S100001,00700,00100,N
663,S100001,00810,00000,VCA
663,S100001,00811,00000,INTESTINE
663,S100001,00812,00000,OTHER REVENUE
663,S100001,00813,00000,RESEARCH
663,S100001,00814,00000,LUNG-DOUBLE
663,S100001,00815,00000,OTHER TISSUE
663,S100003,00100,00100,MEDICAL DIRECTOR
663,S100003,00100,00300,MEDICAL DIRECTOR
663,S100003,00100,00500,LAB DIRECTOR
663,S100003,00101,00100,EXEC. DIRECTOR
663,S100003,00101,00300,PROCUREMENT COORDINATOR
663,S100003,00101,00500,TECHNICIANS
663,S100003,00102,00100,CLERICAL
663,S100003,00102,00300,PRESERVATION TECHNICIANS
663,S100003,00102,00500,TISSUE TYPING TECH.
663,S100003,00103,00100,OTHER
663,S100003,00103,00300,OTHER
663,S100003,00103,00500,OTHER
663,S200000,00100,00100,N
663,S200000,00200,00100,N
663,S200000,00300,00100,Y
663,S200000,00400,00100,Y
663,S200000,00400,00200,A
663,S200000,00500,00100,Y
663,S200000,00600,00300,SR. ACCOUNTANT
663,S200000,00700,00100,GIFT OF LIFE DONOR PROGRAM
758,A000000,00100,00000,0100CAPITAL COSTS-BLDG & FIXT
758,A000000,00200,00000,0200CAPITAL COSTS-MVBLE EQUIPMENT
758,A000000,00300,00000,0300EMPLOYEE BENEFITS
758,A000000,00400,00000,0400ADMINISTRATIVE & GENERAL
758,A000000,00500,00000,0500OPERATION AND MAINTENANCE OF PLANT
758,A000000,00600,00000,0600HOUSEKEEPING
758,A000000,00700,00000,0700MEDICAL SUPPLIES
758,A000000,00800,00000,0800OTHER OVERHEAD
758,A000000,00900,00000,0900PROCUREMENT COORDINATORS
758,A000000,01000,00000,1000PROFESSIONAL EDUCATION
758,A000000,01100,00000,1100PUBLIC EDUCATION
758,A000000,01200,00000,1200OTHER ACQUISITION
758,A000000,01300,00000,1300KIDNEY ACQUISITIONS
758,A000000,01400,00000,1400TISSUE TYPING LABORATORY
758,A000000,01500,00000,1500LIVER ACQUISITIONS
758,A000000,01600,00000,1600HEART ACQUISITIONS
758,A000000,01700,00000,1700PANCREAS ACQUISITIONS
758,A000000,01800,00000,1800LUNG ACQUISITIONS
758,A000000,01900,00000,1900INTESTINE
758,A000000,02100,00000,2100RESEARCH
758,A000000,02200,00000,2200BLOOD BANK
758,A000000,02300,00000,2300LABORATORY-NON-TISSUE TYPING
758,A000000,02400,00000,2400DIALYSIS UNITS
758,A000000,02500,00000,2500TISSUE
758,A000000,02501,00000,2501BUILDING
758,A100000,01700,00000,EQUIPMENT MAINTENANCE
758,A100000,01800,00000,CONSULTING
758,A100000,01900,00000,OTHER ADMINISTRATIVE EXPENSES
758,A100000,01901,00000,CONTRACTED OFFICE SERVICES
758,A100000,01902,00000,EQUIPMENT RENTAL
758,A100000,01903,00000,MINOR EQUIPMENT
758,A100000,01904,00000,LICENSURE  MEMBERSHIP & SUBSCRIPTION
758,A100000,01905,00000,GIFTS  AWARDS & HONORARIUMS
758,A100000,01906,00000,SPONSORSHIPS AND CONTRIBUTIONS
758,A100000,01907,00000,INVESTMENT FEES
758,A100000,01908,00000,AMORTIZATION BOND ISSUANCE COSTS
758,A100000,01909,00000,POSTAGE & SHIPPING
758,A100000,01910,00000,BANK FEES
758,A20H000,02100,00000,OTHER SURGEON FEES
758,A20K000,02100,00000,OTHER SURGEON FEES
758,A20L000,02100,00000,OTHER SURGEON FEES
758,A20U000,02100,00000,OTHER SURGEON FEES
758,A300000,00600,00000,MEDICAL SUPPLIES
758,A300000,00700,00000,TRAVEL
758,A300000,00800,00000,POSTAGE & SHIPPING
758,A300000,00900,00000,LICENSURE  MEMBERSHIP & SUBSCRIPTION
758,A300000,01000,00000,JANITORIAL & MAINTENANCE
758,A300000,01001,00000,TELEPHONE
758,A300000,01002,00000,EQUIPMENT RENTAL
758,A300000,01003,00000,IT LICENSING
758,A300000,01004,00000,OFFICE SUPPLIES
758,A300000,01005,00000,CONSULTING
758,A300000,01006,00000,MINOR EQUIPMENT
758,A300000,01007,00000,GIFTS  AWARDS & HONORARIUMS
758,A300000,01008,00000,OTHER SERVICES
758,A400010,00100,00000,TISSUE RECLASS
758,A400010,00100,00100,B
758,A400010,00100,00200,TISSUE
758,A400010,00100,00500,PROFESSIONAL EDUCATION
758,A400010,00200,00000,TISSUE RECLASS
758,A400010,00200,00100,B
758,A400010,00200,00200,TISSUE
758,A400010,00200,00500,PUBLIC EDUCATION
758,A400010,00300,00000,TISSUE RECLASS
758,A400010,00300,00100,B
758,A400010,00300,00200,TISSUE
758,A400010,00300,00500,PROCUREMENT COORDINATORS
758,A400010,00400,00000,CALL CENTER
758,A400010,00400,00100,C
758,A400010,00400,00200,TISSUE
758,A400010,00400,00500,OTHER ACQUISITION
758,A400010,00500,00000,CALL CENTER
758,A400010,00500,00100,C
758,A400010,00500,00200,ADMINISTRATIVE & GENERAL
758,A400010,00600,00000,CALL CENTER
758,A400010,00600,00100,C
758,A400010,00600,00200,PROCUREMENT COORDINATORS
758,A400010,00700,00000,AVIATION RECLASS
758,A400010,00700,00100,D
758,A400010,00700,00200,LIVER ACQUISITIONS
758,A400010,00700,00500,KIDNEY ACQUISITIONS
758,A400010,00800,00000,AVIATION RECLASS
758,A400010,00800,00100,D
758,A400010,00800,00200,HEART ACQUISITIONS
758,A400010,00900,00000,AVIATION RECLASS
758,A400010,00900,00100,D
758,A400010,00900,00200,LUNG ACQUISITIONS
758,A400010,01000,00000,AVIATION RECLASS
758,A400010,01000,00100,D
758,A400010,01000,00200,PANCREAS ACQUISITIONS
758,A400010,01100,00000,AVIATION RECLASS
758,A400010,01100,00100,D
758,A400010,01100,00200,INTESTINE
758,A400010,01200,00000,AVIATION RECLASS
758,A400010,01200,00100,D
758,A400010,01200,00200,ADMINISTRATIVE & GENERAL
758,A400010,01300,00000,BUILDING RECLASS
758,A400010,01300,00100,E
758,A400010,01300,00200,CAPITAL COSTS-BLDG & FIXT
758,A400010,01300,00500,BUILDING
758,A400010,01400,00000,BUILDING RECLASS
758,A400010,01400,00100,E
758,A400010,01400,00200,CAPITAL COSTS-MVBLE EQUIPMENT
758,A400010,01500,00000,BUILDING RECLASS
758,A400010,01500,00100,E
758,A400010,01500,00200,OPERATION AND MAINTENANCE OF PLANT
758,A400010,01600,00000,ADMIN RECLASS
758,A400010,01600,00100,F
758,A400010,01600,00200,ADMINISTRATIVE & GENERAL
758,A400010,01600,00500,CAPITAL COSTS-BLDG & FIXT
758,A400010,01700,00000,ADMIN RECLASS
758,A400010,01700,00100,F
758,A400010,01700,00200,ADMINISTRATIVE & GENERAL
758,A400010,01700,00500,CAPITAL COSTS-MVBLE EQUIPMENT
758,A400010,01800,00000,ADMIN RECLASS
758,A400010,01800,00100,F
758,A400010,01800,00200,ADMINISTRATIVE & GENERAL
758,A400010,01800,00500,OPERATION AND MAINTENANCE OF PLANT
758,A500010,00800,00100,B
758,A500010,00800,00300,PROCUREMENT COORDINATORS
758,A500010,01500,00000,BUILDING
758,A500010,01500,00100,A
758,A500010,01500,00300,BUILDING
758,A500010,01600,00000,LOBBYING EXPENSES
758,A500010,01600,00100,A
758,A500010,01600,00300,ADMINISTRATIVE & GENERAL
758,A500010,01601,00000,NON-ALLOWABLE EXPENSES ORGAN PROC.
758,A500010,01601,00100,A
758,A500010,01601,00300,PROCUREMENT COORDINATORS
758,A500010,01602,00000,NON-ALLOWABLE EXPENSES A&G
758,A500010,01602,00100,A
758,A500010,01602,00300,ADMINISTRATIVE & GENERAL
758,A500010,01603,00000,NON-ALLOWABLE EXPENSES HOSPITAL SERV
758,A500010,01603,00100,A
758,A500010,01603,00300,PROFESSIONAL EDUCATION
758,A500010,01604,00000,NON-ALLOWABLE EXPENSES KIDNEY
758,A500010,01604,00100,A
758,A500010,01604,00300,KIDNEY ACQUISITIONS
758,A500010,01605,00000,NON-ALLOWABLE EXPENSES LIVER
758,A500010,01605,00100,A
758,A500010,01605,00300,LIVER ACQUISITIONS
758,A500010,01606,00000,NON-ALLOWABLE EXPENSES HEART
758,A500010,01606,00100,A
758,A500010,01606,00300,HEART ACQUISITIONS
758,A500010,01607,00000,NON-ALLOWABLE EXPENSES LUNGS
758,A500010,01607,00100,A
758,A500010,01607,00300,LUNG ACQUISITIONS
758,A500010,01608,00000,NON-ALLOWABLE EXPNESES PANCREAS
758,A500010,01608,00100,A
758,A500010,01608,00300,PANCREAS ACQUISITIONS
758,A500010,01609,00000,IN-HOUSE LAB CHARGES\COSTS KIDNEY
758,A500010,01609,00100,A
758,A500010,01609,00300,KIDNEY ACQUISITIONS
758,A500010,01610,00000,IN-HOUSE LAB CHARGES\COSTS LIVER
758,A500010,01610,00100,A
758,A500010,01610,00300,LIVER ACQUISITIONS
758,A500010,01611,00000,IN-HOUSE LAB CHARGES\COSTS HEART
758,A500010,01611,00100,A
758,A500010,01611,00300,HEART ACQUISITIONS
758,A500010,01612,00000,IN-HOUSE LAB CHARGES\COSTS PANC
758,A500010,01612,00100,A
758,A500010,01612,00300,PANCREAS ACQUISITIONS
758,A500010,01613,00000,INVESTMENT FEES
758,A500010,01613,00100,A
758,A500010,01613,00300,ADMINISTRATIVE & GENERAL
758,A500010,01614,00000,NON-ALLOWABLE CONCUR EXP
758,A500010,01614,00100,A
758,A500010,01614,00300,ADMINISTRATIVE & GENERAL
758,A500010,01615,00000,NON-ALLOWABLE CONCUR EXP
758,A500010,01615,00100,A
758,A500010,01615,00300,PROCUREMENT COORDINATORS
758,A500010,01616,00000,NON-ALLOWABLE CONCUR EXP
758,A500010,01616,00100,A
758,A500010,01616,00300,PROFESSIONAL EDUCATION
758,A500010,01617,00000,NON-ALLOWABLE CONCUR EXP
758,A500010,01617,00100,A
758,A500010,01617,00300,OTHER ACQUISITION
758,A500010,01618,00000,NON-ALLOWABLE CONCUR EXP
758,A500010,01618,00100,A
758,A500010,01618,00300,TISSUE TYPING LABORATORY
758,A51000A,00100,00100,Y
758,A51000B,00100,00200,ADMINISTRATIVE & GENERAL
758,A51000B,00100,00300,FEES FOR SERVICES
758,A51000C,00100,00100,C
758,A51000C,00100,00200,MIDWEST TRANSPLANT NETWORK
758,A51000C,00100,00400,GREEN RIBBON LEGACY
758,A51000C,00100,00600,INVESTMENT SUBSIDIARY
758,A60000A,00700,00000,TRADEMARK & BRANDING
758,A60000C,00500,00100,N
758,B10000*,00100,00200,CAP BLDG
758,B10000*,00100,00300,CAP COSTS
758,B10000*,00100,00400,EMPLOYEE
758,B10000*,00100,00500,MEDICAL
758,B10000*,00100,00800,ORGAN
758,B10000*,00100,01000,ADMIN &
758,B10000*,00200,00200,OP PLANT &
758,B10000*,00200,00300,MOVABLE
758,B10000*,00200,00400,BENEFITS
758,B10000*,00200,00500,SUPPLIES
758,B10000*,00200,00800,ACQUISITN
758,B10000*,00200,01000,GENERAL
758,B10000*,00300,00200,HOUSEKEEP
758,B10000*,00300,00300,EQUIPMENT
758,B10000*,00300,00800,COSTS
758,B10000*,00400,00200,SQUARE
758,B10000*,00400,00300,DOLLAR
758,B10000*,00400,00400,ADJUST
758,B10000*,00400,00500,COSTED
758,B10000*,00400,00800,NUMBER
758,B10000*,00400,01000,ACCUM
758,B10000*,00500,00200,FEET
758,B10000*,00500,00300,VALUE
758,B10000*,00500,00400,SALARIES
758,B10000*,00500,00500,REQUISIT
758,B10000*,00500,00800,ORGANS
758,B10000*,00500,01000,COSTS
758,B10000*,00600,00200,1
758,B10000*,00600,00300,2
758,B10000*,00600,00400,3
758,B10000*,00600,00500,3
758,B10000*,00600,00800,3
758,B10000*,00600,01000,3
758,B100000,00000,01000,X
758,E000000,00900,00000,OTHER CURRENT ASSETS
758,E000000,02600,00000,CIP
758,E000000,03100,00000,TRADEMARK AND LEASE ISSUANCE COSTS
758,E000000,03900,00000,TENANT DEPOSITS
758,E100001,00700,00000,COMMUNICATIONS CENTER
758,S000000,00100,00100,X
758,S000000,00400,00100,5
758,S000000,00500,00100,03/21/2025
758,S000000,00600,00100,10001
758,S000000,00700,00100,N
758,S000000,00800,00100,N
758,S000000,01000,00100,4
758,S000001,00100,00100,MIDWEST TRANSPLANT NETWORK
758,S000001,00100,00200,17P001
758,S000001,00101,00100,1900 W. 47TH PLACE
758,S000001,00102,00100,WESTWOOD
758,S000001,00102,00200,KS
758,S000001,00102,00300,66205
758,S000001,00200,00100,MIDWEST TRANSPLANT NETWORK
758,S000001,00200,00200,17HL01
758,S000001,00201,00100,1900 W. 47TH PLACE
758,S000001,00202,00100,WESTWOOD
758,S000001,00202,00200,KS
758,S000001,00202,00300,66205
758,S000001,00300,00100,01/01/2021
758,S000001,00300,00200,12/31/2021
758,S000001,00400,00100,6
758,S000001,00400,00300,1
758,S000001,00400,00400,10/01/1978
758,S000001,00401,00100,6
758,S000001,00401,00300,1
758,S000001,00401,00400,10/01/1978
758,S000002,00100,00200,Y
758,S000002,00300,00100,CFO
758,S000002,00400,00100,03/21/2025
758,S100001,00700,00100,N
758,S100001,00810,00000,INTESTINE
758,S100002,00400,00100,ABO/RH (30)
758,S100002,00401,00100,X-MATCH  FLOW CYTOMETRY (55)
758,S100002,00402,00100,ABO ANTI-A IGG  IGM TITER (120)
758,S100002,00403,00100,STAT FEE (999)
758,S100002,00404,00100,LUMINEX CLASS I/II ANTIBODY SCREEN (
758,S100002,00405,00100,LUMINEX CLASS I SINGLE ANTIGEN ID (1
758,S100002,00406,00100,LUMINEX CLASS II SINGLE ANTIGEN ID (
758,S100002,00407,00100,LUMINEX CLASS I SINGLE ANTIGEN ID C1
758,S100002,00408,00100,LUMINEX CLASS II SINGLE ANTIGEN ID C
758,S100002,00409,00100,HLA-ABC CLASS I TYPING (SSO) (310)
758,S100002,00410,00100,HLA-DR/DQ/DP CLASS II TYPING (SSO) (
758,S100002,00411,00100,NAT VIRAL  DETECTION  MPX 2.0 (PCR)
758,S100002,00412,00100,ANTIBODIES TO HEPATITIS B CORE (400)
758,S100002,00413,00100,HEPATITIS B SURFACE ANTIGEN (401)
758,S100002,00414,00100,ANTIBODIES TO HEPATITIS C VIRUS (402
758,S100002,00415,00100,ANTIBODIES TO HIV-1/HIV-2 (403)
758,S100002,00416,00100,ANTIBODIES TO CYTOMEGALOVIRUS (405)
758,S100002,00417,00100,RAPID PLASMA REAGIN (RPR) (406)
758,S100002,00418,00100,EBV - EPSTEIN-BARR (EB) VIRUS  VIRAL
758,S100002,00419,00100,TOXOPLASMA (409)
758,S100002,00420,00100,WEST NILE VIRUS (WNV)  RNA (PCR) DET
758,S100002,00421,00100,CAPTIA SYPHILIS (T. PALLIDUM) - G (4
758,S100002,00422,00100,HLA - CLASS I AND CLASS II  HIGH RES
758,S100002,00423,00100,TRANSPORT FEES
758,S100003,00100,00100,MEDICAL DIRECTOR
758,S100003,00100,00300,MEDICAL DIRECTOR
758,S100003,00100,00500,LAB DIRECTOR
758,S100003,00101,00100,EXEC. DIRECTOR
758,S100003,00101,00300,PROCUREMENT COORDINATOR
758,S100003,00101,00500,TECHNICIANS
758,S100003,00102,00100,CLERICAL
758,S100003,00102,00300,PRESERVATION TECHNICIANS
758,S100003,00102,00500,TISSUE TYPING TECH.
758,S100003,00103,00100,OTHER
758,S100003,00103,00300,OTHER
758,S100003,00103,00500,OTHER
758,S200000,00100,00100,N
758,S200000,00200,00100,N
758,S200000,00300,00100,Y
758,S200000,00400,00100,Y
758,S200000,00400,00200,A
758,S200000,00400,00300,03/22/2022
758,S200000,00500,00100,N
758,S200000,00600,00300,CFO
758,S200000,00700,00100,MIDWEST TRANSPLANT NETWORK
