573,A000000,00100,00000,0100CAPITAL COSTS-BLDG & FIXT
573,A000000,00200,00000,0200CAPITAL COSTS-MVBLE EQUIPMENT
573,A000000,00300,00000,0300EMPLOYEE BENEFITS
573,A000000,00400,00000,0400ADMINISTRATIVE & GENERAL
573,A000000,00500,00000,0500OPERATION AND MAINTENANCE OF PLANT
573,A000000,00600,00000,0600HOUSEKEEPING
573,A000000,00700,00000,0700MEDICAL SUPPLIES
573,A000000,00800,00000,0800OTHER OVERHEAD
573,A000000,00900,00000,0900PROCUREMENT COORDINATORS
573,A000000,01000,00000,1000PROFESSIONAL EDUCATION
573,A000000,01100,00000,1100PUBLIC EDUCATION
573,A000000,01200,00000,1200OTHER ACQUISITION
573,A000000,01300,00000,1300KIDNEY ACQUISITIONS
573,A000000,01400,00000,1400TISSUE TYPING LABORATORY
573,A000000,01500,00000,1500LIVER ACQUISITIONS
573,A000000,01600,00000,1600HEART ACQUISITIONS
573,A000000,01700,00000,1700PANCREAS ACQUISITIONS
573,A000000,01800,00000,1800LUNG ACQUISITIONS
573,A000000,01900,00000,1900OTHER ACQUISITIONS
573,A000000,02100,00000,2100RESEARCH
573,A000000,02200,00000,2200BLOOD BANK
573,A000000,02300,00000,2300LABORATORY-NON-TISSUE TYPING
573,A000000,02400,00000,2400DIALYSIS UNITS
573,A000000,02500,00000,2500OTHER NON-REIMBURSABLE
573,A100000,01700,00000,QUALITY ASSURANCE
573,A100000,01800,00000,OTHER EXPENSE-INDIRECT
573,A100000,01900,00000,EMPLOYEE RECRUITMENT
573,A20H000,00900,00000,OTHER HOSPITAL COSTS
573,A20K000,00900,00000,OTHER HOSPITAL COSTS
573,A20L000,00900,00000,OTHER HOSPITAL COSTS
573,A20O000,00900,00000,OTHER HOSPITAL COSTS
573,A20P000,00900,00000,OTHER HOSPITAL COSTS
573,A20U000,00900,00000,OTHER HOSPITAL COSTS
573,A400010,00100,00000,TISSUE ALLOCATION
573,A400010,00100,00100,A
573,A400010,00100,00200,OTHER NON-REIMBURSABLE
573,A400010,00100,00500,PROCUREMENT COORDINATORS
573,A400010,00200,00000,TISSUE ALLOCATION
573,A400010,00200,00100,A
573,A400010,00200,00200,OTHER NON-REIMBURSABLE
573,A400010,00200,00500,PROFESSIONAL EDUCATION
573,A400010,00300,00000,TISSUE ALLOCATION
573,A400010,00300,00100,A
573,A400010,00300,00200,OTHER NON-REIMBURSABLE
573,A400010,00300,00500,PUBLIC EDUCATION
573,A400010,00400,00000,RECLASS FACILITY RENT
573,A400010,00400,00100,B
573,A400010,00400,00200,CAPITAL COSTS-BLDG & FIXT
573,A400010,00400,00500,ADMINISTRATIVE & GENERAL
573,A500010,00800,00100,B
573,A500010,00800,00300,PROCUREMENT COORDINATORS
573,A500010,01500,00000,CHARITABLE CONTRIBUTIONS
573,A500010,01500,00100,A
573,A500010,01500,00300,ADMINISTRATIVE & GENERAL
573,A500010,01600,00000,AOPO LOBBYING EXPENSES
573,A500010,01600,00100,A
573,A500010,01600,00300,ADMINISTRATIVE & GENERAL
573,A51000A,00100,00100,Y
573,A51000B,00100,00200,ADMINISTRATIVE & GENERAL
573,A51000B,00100,00300,DIVISION OVERHEAD
573,A51000C,00100,00100,B
573,A51000C,00100,00200,SIERRA DONOR SERVICES
573,A51000C,00100,00400,DCI DONOR SERVICES INC
573,A51000C,00100,00600,ORGAN PROCUREMENT ORGANIZATON
573,A60000C,00500,00100,N
573,B10000*,00100,00200,CAP BLDG
573,B10000*,00100,00300,CAP COSTS
573,B10000*,00100,00400,EMPLOYEE
573,B10000*,00100,00500,MEDICAL
573,B10000*,00100,00800,ORGAN
573,B10000*,00100,01000,ADMIN &
573,B10000*,00200,00200,OP PLANT &
573,B10000*,00200,00300,MOVABLE
573,B10000*,00200,00400,BENEFITS
573,B10000*,00200,00500,SUPPLIES
573,B10000*,00200,00800,ACQUISITN
573,B10000*,00200,01000,GENERAL
573,B10000*,00300,00200,HOUSEKEEP
573,B10000*,00300,00300,EQUIPMENT
573,B10000*,00300,00800,COSTS
573,B10000*,00400,00200,SQUARE
573,B10000*,00400,00300,DOLLAR
573,B10000*,00400,00400,ADJUST
573,B10000*,00400,00500,COSTED
573,B10000*,00400,00800,NUMBER
573,B10000*,00400,01000,ACCUM
573,B10000*,00500,00200,FEET
573,B10000*,00500,00300,VALUE
573,B10000*,00500,00400,SALARIES
573,B10000*,00500,00500,REQUISIT
573,B10000*,00500,00800,ORGANS
573,B10000*,00500,01000,COSTS
573,B10000*,00600,00200,1
573,B10000*,00600,00300,2
573,B10000*,00600,00400,3
573,B10000*,00600,00500,3
573,B10000*,00600,00800,3
573,B10000*,00600,01000,3
573,B100000,00000,01000,X
573,E000000,00900,00000,DEPOSITS
573,E000000,02600,00000,LEASED ASSETS
573,E000000,03900,00000,INTERCOMPANY PAYABLES
573,E000000,04100,00000,OTHER CURRENT LIABILITIES
573,E000000,04600,00000,LONG TERM OPERATING LEASE OBLIGATION
573,E100001,00900,00000,TISSUE RECOVERY REVENUE
573,E100002,00300,00000,DISALLOWABLES
573,E100002,00400,00000,BAD DEBT
573,E100002,00800,00000,COST REPORT ESTIMATE
573,E100002,00900,00000,RENTAL INCOME
573,E100002,01000,00000,INVENTORY VARIANCE
573,S000000,00100,00100,X
573,S000000,00400,00100,1
573,S000000,00500,00100,02/28/2024
573,S000000,00600,00100,10001
573,S000000,00700,00100,N
573,S000000,00800,00100,N
573,S000000,01000,00100,4
573,S000001,00100,00100,SIERRA DONOR SERVICES
573,S000001,00100,00200,05P004
573,S000001,00101,00100,3940 INDUSTRIAL BLVD
573,S000001,00102,00100,WEST SACRAMENTO
573,S000001,00102,00200,CA
573,S000001,00102,00300,95691
573,S000001,00300,00100,10/01/2022
573,S000001,00300,00200,09/30/2023
573,S000001,00400,00100,6
573,S000001,00400,00300,1
573,S000001,00400,00400,10/01/1990
573,S000001,00401,00300,1
573,S000002,00100,00200,Y
573,S000002,00300,00100,DIRECTOR OF FINANCE
573,S000002,00400,00100,02/27/2024
573,S100001,00700,00100,N
573,S100001,00810,00000,SMALL BOWEL
573,S100003,00100,00100,MEDICAL DIRECTOR
573,S100003,00100,00300,MEDICAL DIRECTOR
573,S100003,00100,00500,LAB DIRECTOR
573,S100003,00101,00100,EXEC. DIRECTOR
573,S100003,00101,00300,PROCUREMENT COORDINATOR
573,S100003,00101,00500,TECHNICIANS
573,S100003,00102,00100,CLERICAL
573,S100003,00102,00300,PRESERVATION TECHNICIANS
573,S100003,00102,00500,TISSUE TYPING TECH.
573,S100003,00103,00100,OTHER
573,S100003,00103,00300,OTHER
573,S100003,00103,00500,OTHER
573,S200000,00100,00100,N
573,S200000,00200,00100,N
573,S200000,00300,00100,Y
573,S200000,00400,00100,Y
573,S200000,00400,00200,A
573,S200000,00500,00100,N
573,S200000,00600,00300,DIRECTOR OF FINANCE
573,S200000,00700,00100,DCI DONOR SERVICES  INC
574,A000000,00100,00000,0100CAPITAL COSTS-BLDG & FIXT
574,A000000,00200,00000,0200CAPITAL COSTS-MVBLE EQUIPMENT
574,A000000,00300,00000,0300EMPLOYEE BENEFITS
574,A000000,00400,00000,0400ADMINISTRATIVE & GENERAL
574,A000000,00500,00000,0500OPERATION AND MAINTENANCE OF PLANT
574,A000000,00600,00000,0600HOUSEKEEPING
574,A000000,00700,00000,0700MEDICAL SUPPLIES
574,A000000,00800,00000,0800OTHER OVERHEAD
574,A000000,00900,00000,0900PROCUREMENT COORDINATORS
574,A000000,01000,00000,1000PROFESSIONAL EDUCATION
574,A000000,01100,00000,1100PUBLIC EDUCATION
574,A000000,01200,00000,1200AUTO AND VANS
574,A000000,01201,00000,1201ORGAN PRESERVATION
574,A000000,01300,00000,1300KIDNEY ACQUISITIONS
574,A000000,01400,00000,1400TISSUE TYPING LABORATORY
574,A000000,01500,00000,1500LIVER ACQUISITIONS
574,A000000,01600,00000,1600HEART ACQUISITIONS
574,A000000,01700,00000,1700PANCREAS ACQUISITIONS
574,A000000,01800,00000,1800LUNG ACQUISITIONS
574,A000000,01900,00000,1900DOUBLE LUNG
574,A000000,01901,00000,1901INTESTINE
574,A000000,01902,00000,1902ISLET CELLS
574,A000000,01903,00000,1903OTHER ACQUISITIONS
574,A000000,02100,00000,2100RESEARCH
574,A000000,02200,00000,2200BLOOD BANK
574,A000000,02300,00000,2300LABORATORY-NON-TISSUE TYPING
574,A000000,02400,00000,2400DIALYSIS UNITS
574,A000000,02500,00000,2500TISSUE RECOVERY
574,A100000,01700,00000,UTILITIES
574,A100000,01800,00000,AUTO AND VANS
574,A100000,01900,00000,OFFICE MAINTENANCE
574,A20H000,00900,00000,OTHER HOSPITAL COST
574,A20H000,02100,00000,ORGAN RECOVERY FEE
574,A20K000,00900,00000,OTHER HOSPITAL COST
574,A20K000,02100,00000,ORGAN RECOVERY FEE
574,A20L000,00900,00000,OTHER HOSPITAL COST
574,A20L000,02100,00000,ORGAN RECOVERY FEE
574,A20O000,00900,00000,OTHER HOSPITAL COST
574,A20O000,02100,00000,ORGAN RECOVERY FEE
574,A20O001,00900,00000,OTHER HOSPITAL COST
574,A20O001,02100,00000,ORGAN RECOVERY FEE
574,A20P000,00900,00000,OTHER HOSPITAL COST
574,A20P000,02100,00000,ORGAN RECOVERY FEE
574,A20U000,02100,00000,ORGAN RECOVERY FEE
574,A400010,00100,00000,RECLASSIFICATIONS
574,A400010,00100,00100,A
574,A400010,00100,00200,CAPITAL COSTS-BLDG & FIXT
574,A400010,00100,00500,ADMINISTRATIVE & GENERAL
574,A400010,00200,00000,RECLASSIFICATIONS
574,A400010,00200,00100,A
574,A400010,00200,00200,CAPITAL COSTS-MVBLE EQUIPMENT
574,A400010,00200,00500,ADMINISTRATIVE & GENERAL
574,A400010,00300,00000,RECLASSIFICATIONS
574,A400010,00300,00100,A
574,A400010,00300,00200,AUTO AND VANS
574,A400010,00300,00500,ADMINISTRATIVE & GENERAL
574,A400010,00400,00000,RECLASSIFICATIONS
574,A400010,00400,00100,A
574,A400010,00400,00200,OPERATION AND MAINTENANCE OF PLANT
574,A400010,00400,00500,ADMINISTRATIVE & GENERAL
574,A400010,00500,00000,RECLASSIFICATIONS
574,A400010,00500,00100,A
574,A400010,00500,00200,CAPITAL COSTS-MVBLE EQUIPMENT
574,A400010,00500,00500,ADMINISTRATIVE & GENERAL
574,A400010,00600,00000,RECLASSIFICATIONS
574,A400010,00600,00100,A
574,A400010,00600,00200,CAPITAL COSTS-MVBLE EQUIPMENT
574,A400010,00600,00500,ADMINISTRATIVE & GENERAL
574,A400010,00700,00000,RECLASSIFICATIONS
574,A400010,00700,00100,A
574,A400010,00700,00200,TISSUE RECOVERY
574,A400010,00700,00500,PUBLIC EDUCATION
574,A500010,00800,00100,B
574,A500010,00800,00300,PROCUREMENT COORDINATORS
574,A500010,01200,00100,A
574,A500010,01200,00300,ADMINISTRATIVE & GENERAL
574,A500010,01500,00000,AOPO LOBBYING EXPENSE
574,A500010,01500,00100,A
574,A500010,01500,00300,ADMINISTRATIVE & GENERAL
574,A500010,01501,00000,NON-ALLOWABLE PROFESSIONAL & PUBLIC
574,A500010,01501,00100,A
574,A500010,01501,00300,PROFESSIONAL EDUCATION
574,A500010,01600,00000,NON-LOH STAFF
574,A500010,01600,00100,A
574,A500010,01600,00300,ADMINISTRATIVE & GENERAL
574,A500010,01601,00000,ALCOHOL RELATED PURCHASES
574,A500010,01601,00100,A
574,A500010,01601,00300,ADMINISTRATIVE & GENERAL
574,A51000A,00100,00100,Y
574,A51000B,00100,00200,ADMINISTRATIVE & GENERAL
574,A51000B,00100,00300,CENTRAL ADMIN
574,A51000C,00100,00100,B
574,A51000C,00100,00200,UAHSF
574,A51000C,00100,00400,UAHSF
574,A60000C,00500,00100,N
574,B10000*,00100,00200,CAP BLDG
574,B10000*,00100,00300,CAP COSTS
574,B10000*,00100,00400,EMPLOYEE
574,B10000*,00100,00500,MEDICAL
574,B10000*,00100,00800,ORGAN
574,B10000*,00100,01000,ADMIN &
574,B10000*,00200,00200,OP PLANT &
574,B10000*,00200,00300,MOVABLE
574,B10000*,00200,00400,BENEFITS
574,B10000*,00200,00500,SUPPLIES
574,B10000*,00200,00800,ACQUISITN
574,B10000*,00200,01000,GENERAL
574,B10000*,00300,00200,HOUSEKEEP
574,B10000*,00300,00300,EQUIPMENT
574,B10000*,00300,00800,COSTS
574,B10000*,00400,00200,SQUARE
574,B10000*,00400,00300,DOLLAR
574,B10000*,00400,00400,ADJUST
574,B10000*,00400,00500,COSTED
574,B10000*,00400,00800,NUMBER
574,B10000*,00400,01000,ACCUM
574,B10000*,00500,00200,FEET
574,B10000*,00500,00300,VALUE
574,B10000*,00500,00400,SALARIES
574,B10000*,00500,00500,REQUISIT
574,B10000*,00500,00800,ORGANS
574,B10000*,00500,01000,COSTS
574,B10000*,00600,00200,1
574,B10000*,00600,00300,2
574,B10000*,00600,00400,3
574,B10000*,00600,00500,3
574,B10000*,00600,00800,3
574,B10000*,00600,01000,3
574,B100000,00000,01000,X
574,E000000,00900,00000,OTHER CURRENT ASSETS
574,E000000,02600,00000,OTHER FIXED ASSETS
574,S000000,00100,00100,X
574,S000000,00400,00100,1
574,S000000,00500,00100,03/04/2024
574,S000000,00600,00100,10001
574,S000000,00700,00100,N
574,S000000,00800,00100,N
574,S000000,01000,00100,4
574,S000001,00100,00100,LEGACY OF HOPE
574,S000001,00100,00200,01P001
574,S000001,00101,00100,500 22ND STREET SOUTH
574,S000001,00102,00100,BIRMINGHAM
574,S000001,00102,00200,AL
574,S000001,00102,00300,35233
574,S000001,00300,00100,10/01/2022
574,S000001,00300,00200,09/30/2023
574,S000001,00400,00100,7
574,S000001,00400,00300,1
574,S000001,00400,00400,01/01/1979
574,S000001,00401,00300,1
574,S100001,00700,00100,N
574,S100001,00810,00000,DOUBLE LUNG
574,S100001,00811,00000,INTESTINE
574,S100001,00812,00000,RESEARCH
574,S100003,00100,00100,MEDICAL DIRECTOR
574,S100003,00100,00300,MEDICAL DIRECTOR
574,S100003,00100,00500,LAB DIRECTOR
574,S100003,00101,00100,EXEC. DIRECTOR
574,S100003,00101,00300,PROCUREMENT COORDINATOR
574,S100003,00101,00500,TECHNICIANS
574,S100003,00102,00100,CLERICAL
574,S100003,00102,00300,PRESERVATION TECHNICIANS
574,S100003,00102,00500,TISSUE TYPING TECH.
574,S100003,00103,00100,OTHER
574,S100003,00103,00300,OTHER
574,S100003,00103,00500,OTHER
574,S200000,00100,00100,N
574,S200000,00200,00100,N
574,S200000,00300,00100,Y
574,S200000,00400,00100,N
574,S200000,00500,00100,N
574,S200000,00600,00300,ACCOUNTANT
574,S200000,00700,00100,UAHSF
576,A000000,00100,00000,0100CAPITAL COSTS-BLDG & FIXT
576,A000000,00200,00000,0200CAPITAL COSTS-MVBLE EQUIPMENT
576,A000000,00300,00000,0300EMPLOYEE BENEFITS
576,A000000,00400,00000,0400ADMINISTRATIVE & GENERAL
576,A000000,00500,00000,0500OPERATION AND MAINTENANCE OF PLANT
576,A000000,00600,00000,0600HOUSEKEEPING
576,A000000,00700,00000,0700MEDICAL SUPPLIES
576,A000000,00800,00000,0800OTHER OVERHEAD
576,A000000,00900,00000,0900PROCUREMENT COORDINATORS
576,A000000,01000,00000,1000PROFESSIONAL EDUCATION
576,A000000,01100,00000,1100PUBLIC EDUCATION
576,A000000,01200,00000,1200OTHER ACQUISITION
576,A000000,01300,00000,1300KIDNEY ACQUISITIONS
576,A000000,01400,00000,1400TISSUE TYPING LABORATORY
576,A000000,01500,00000,1500LIVER ACQUISITIONS
576,A000000,01600,00000,1600HEART ACQUISITIONS
576,A000000,01700,00000,1700PANCREAS ACQUISITIONS
576,A000000,01800,00000,1800LUNG ACQUISITIONS
576,A000000,01900,00000,1900OTHER ACQUISITIONS
576,A000000,02100,00000,2100RESEARCH
576,A000000,02200,00000,2200BLOOD BANK
576,A000000,02300,00000,2300LABORATORY-NON-TISSUE TYPING
576,A000000,02400,00000,2400DIALYSIS UNITS
576,A000000,02500,00000,2500OTHER NON-REIMBURSABLE
576,A100000,01700,00000,QUALITY ASSURANCE
576,A100000,01800,00000,EMPLOYEE RECRUITMENT
576,A100000,01900,00000,OTHER EXPENSES-INDIRECT
576,A20H000,00900,00000,OTHER HOSPITAL COSTS
576,A20K000,00900,00000,OTHER HOSPITAL COSTS
576,A20L000,00900,00000,OTHER HOSPITAL COSTS
576,A20O000,00900,00000,OTHER HOSPITAL COSTS
576,A20P000,00900,00000,OTHER HOSPITAL COSTS
576,A20U000,00900,00000,OTHER HOSPITAL COSTS
576,A400010,00100,00000,TISSUE ALLOCATION
576,A400010,00100,00100,A
576,A400010,00100,00200,OTHER NON-REIMBURSABLE
576,A400010,00100,00500,PROCUREMENT COORDINATORS
576,A400010,00200,00000,TISSUE ALLOCATION
576,A400010,00200,00100,A
576,A400010,00200,00200,OTHER NON-REIMBURSABLE
576,A400010,00200,00500,PROFESSIONAL EDUCATION
576,A400010,00300,00000,TISSUE ALLOCATION
576,A400010,00300,00100,A
576,A400010,00300,00200,OTHER NON-REIMBURSABLE
576,A400010,00300,00500,PUBLIC EDUCATION
576,A500010,00800,00100,B
576,A500010,00800,00300,PROCUREMENT COORDINATORS
576,A500010,01500,00000,AOPO LOBBYING EXPENSES
576,A500010,01500,00100,A
576,A500010,01500,00300,ADMINISTRATIVE & GENERAL
576,A51000A,00100,00100,Y
576,A51000B,00100,00200,ADMINISTRATIVE & GENERAL
576,A51000B,00100,00300,DIVISION OVERHEAD
576,A51000C,00100,00100,A
576,A51000C,00100,00200,NEW MEXICO DONOR SERVICES
576,A51000C,00100,00400,DCI DONOR SERVICES  INC.
576,A51000C,00100,00600,ORGAN PROCUREMENT ORGANIZATION
576,A60000C,00500,00100,N
576,B10000*,00100,00200,CAP BLDG
576,B10000*,00100,00300,CAP COSTS
576,B10000*,00100,00400,EMPLOYEE
576,B10000*,00100,00500,MEDICAL
576,B10000*,00100,00800,ORGAN
576,B10000*,00100,01000,ADMIN &
576,B10000*,00200,00200,OP PLANT &
576,B10000*,00200,00300,MOVABLE
576,B10000*,00200,00400,BENEFITS
576,B10000*,00200,00500,SUPPLIES
576,B10000*,00200,00800,ACQUISITN
576,B10000*,00200,01000,GENERAL
576,B10000*,00300,00200,HOUSEKEEP
576,B10000*,00300,00300,EQUIPMENT
576,B10000*,00300,00800,COSTS
576,B10000*,00400,00200,SQUARE
576,B10000*,00400,00300,DOLLAR
576,B10000*,00400,00400,ADJUST
576,B10000*,00400,00500,COSTED
576,B10000*,00400,00800,NUMBER
576,B10000*,00400,01000,ACCUM
576,B10000*,00500,00200,FEET
576,B10000*,00500,00300,VALUE
576,B10000*,00500,00400,SALARIES
576,B10000*,00500,00500,REQUISIT
576,B10000*,00500,00800,ORGANS
576,B10000*,00500,01000,COSTS
576,B10000*,00600,00200,1
576,B10000*,00600,00300,2
576,B10000*,00600,00400,3
576,B10000*,00600,00500,3
576,B10000*,00600,00800,3
576,B10000*,00600,01000,3
576,B100000,00000,01000,X
576,E000000,00900,00000,OTHER CURRENT ASSETS
576,E000000,02600,00000,LEASED ASSETS
576,E000000,03900,00000,INTERCOMPANY PAYABLES
576,E000000,04100,00000,OTHER CURRENT LIABILITIES
576,E000000,04600,00000,LONG TERM OPERATING LEASE OBLIGATION
576,E100001,00900,00000,TISSUE RECOVERY REVENUE
576,E100002,00300,00000,DISALLOWABLES
576,E100002,00400,00000,BAD DEBT EXPENSE
576,E100002,00800,00000,COST REPORT REIMBURSEMENT
576,E100002,00900,00000,INVENTORY VARIANCE
576,E200000,01500,00000,OTHER ORGAN FEES REVENUE
576,S000000,00100,00100,X
576,S000000,00400,00100,1
576,S000000,00500,00100,02/29/2024
576,S000000,00600,00100,10001
576,S000000,00700,00100,N
576,S000000,00800,00100,N
576,S000000,01000,00100,4
576,S000001,00100,00100,NEW MEXICO DONOR SERVICES
576,S000001,00100,00200,32P001
576,S000001,00101,00100,1609 UNIVERSITY BLVD NE
576,S000001,00102,00100,ALBUQUERQUE
576,S000001,00102,00200,NM
576,S000001,00102,00300,87102
576,S000001,00300,00100,10/01/2022
576,S000001,00300,00200,09/30/2023
576,S000001,00400,00100,6
576,S000001,00400,00300,1
576,S000001,00400,00400,10/01/1992
576,S000001,00401,00300,1
576,S000002,00100,00200,Y
576,S000002,00300,00100,DIRECTOR OF FINANCE
576,S000002,00400,00100,02/28/2024
576,S100001,00700,00100,N
576,S100001,00810,00000,OTHER
576,S100003,00100,00100,MEDICAL DIRECTOR
576,S100003,00100,00300,MEDICAL DIRECTOR
576,S100003,00100,00500,LAB DIRECTOR
576,S100003,00101,00100,EXEC. DIRECTOR
576,S100003,00101,00300,PROCUREMENT COORDINATOR
576,S100003,00101,00500,TECHNICIANS
576,S100003,00102,00100,CLERICAL
576,S100003,00102,00300,PRESERVATION TECHNICIANS
576,S100003,00102,00500,TISSUE TYPING TECH.
576,S100003,00103,00100,OTHER
576,S100003,00103,00300,OTHER
576,S100003,00103,00500,OTHER
576,S200000,00100,00100,N
576,S200000,00200,00100,N
576,S200000,00300,00100,Y
576,S200000,00400,00100,Y
576,S200000,00400,00200,A
576,S200000,00500,00100,N
576,S200000,00600,00300,DIRECTOR OF FINANCE
576,S200000,00700,00100,DCI DONOR SERVICES  INC.
577,A000000,00100,00000,0100CAPITAL COSTS-BLDG & FIXT
577,A000000,00200,00000,0200CAPITAL COSTS-MVBLE EQUIPMENT
577,A000000,00300,00000,0300EMPLOYEE BENEFITS
577,A000000,00400,00000,0400ADMINISTRATIVE & GENERAL
577,A000000,00500,00000,0500OPERATION AND MAINTENANCE OF PLANT
577,A000000,00600,00000,0600HOUSEKEEPING
577,A000000,00700,00000,0700MEDICAL SUPPLIES
577,A000000,00800,00000,0800OTHER OVERHEAD
577,A000000,00900,00000,0900PROCUREMENT COORDINATORS
577,A000000,01000,00000,1000PROFESSIONAL EDUCATION
577,A000000,01100,00000,1100PUBLIC EDUCATION
577,A000000,01200,00000,1200OTHER ACQUISITION
577,A000000,01300,00000,1300KIDNEY ACQUISITIONS
577,A000000,01400,00000,1400TISSUE TYPING LABORATORY
577,A000000,01500,00000,1500LIVER ACQUISITIONS
577,A000000,01600,00000,1600HEART ACQUISITIONS
577,A000000,01700,00000,1700PANCREAS ACQUISITIONS
577,A000000,01800,00000,1800LUNG ACQUISITIONS
577,A000000,01900,00000,1900OTHER ACQUISITIONS
577,A000000,02100,00000,2100RESEARCH
577,A000000,02200,00000,2200BLOOD BANK
577,A000000,02300,00000,2300LABORATORY-NON-TISSUE TYPING
577,A000000,02400,00000,2400DIALYSIS UNITS
577,A000000,02500,00000,2500OTHER NON-REIMBURSABLE
577,A300000,00600,00000,LABORATORY SUPPLIES
577,A300000,00700,00000,MINOR MEDICAL EQUIPMENT
577,A300000,00800,00000,FREIGHT IN
577,A300000,00900,00000,OTHER DIRECT EXPENSES
577,A300000,01000,00000,OTHER INDIRECT EXPENSES
577,A500010,01500,00000,HOME OFFICE COSTS
577,A500010,01500,00100,A
577,A500010,01500,00300,TISSUE TYPING LABORATORY
577,A500010,01600,00000,CHARITABLE CONTRIBUTIONS
577,A500010,01600,00100,A
577,A500010,01600,00300,TISSUE TYPING LABORATORY
577,A51000A,00100,00100,Y
577,A51000B,00100,00200,TISSUE TYPING LABORATORY
577,A51000B,00100,00300,DATA PROCESSING - CORPORATE
577,A51000B,00200,00200,TISSUE TYPING LABORATORY
577,A51000B,00200,00300,COMPUTER SOFTWARE - DCI
577,A51000B,00300,00200,TISSUE TYPING LABORATORY
577,A51000B,00300,00300,RENT PAID TO CORPORATE
577,A51000B,00400,00200,TISSUE TYPING LABORATORY
577,A51000B,00400,00300,CORPORATE ALLOCATION
577,A51000C,00100,00100,B
577,A51000C,00100,00200,DCI LABORATORY
577,A51000C,00100,00400,DIALYSIS CLINIC INC
577,A51000C,00100,00600,INDEPENDENT DIALYSIS
577,A60000A,00700,00000,COMPUTER EQUIPMENT
577,A60000B,00800,00000,COMPUTER EQUIPMENT
577,A60000C,00500,00100,N
577,B10000*,00100,00200,CAP BLDG
577,B10000*,00100,00300,CAP COSTS
577,B10000*,00100,00400,EMPLOYEE
577,B10000*,00100,00500,MEDICAL
577,B10000*,00100,00800,ORGAN
577,B10000*,00100,01000,ADMIN &
577,B10000*,00200,00200,OP PLANT &
577,B10000*,00200,00300,MOVABLE
577,B10000*,00200,00400,BENEFITS
577,B10000*,00200,00500,SUPPLIES
577,B10000*,00200,00800,ACQUISITN
577,B10000*,00200,01000,GENERAL
577,B10000*,00300,00200,HOUSEKEEP
577,B10000*,00300,00300,EQUIPMENT
577,B10000*,00300,00800,COSTS
577,B10000*,00400,00200,SQUARE
577,B10000*,00400,00300,DOLLAR
577,B10000*,00400,00400,ADJUST
577,B10000*,00400,00500,COSTED
577,B10000*,00400,00800,NUMBER
577,B10000*,00400,01000,ACCUM
577,B10000*,00500,00200,FEET
577,B10000*,00500,00300,VALUE
577,B10000*,00500,00400,SALARIES
577,B10000*,00500,00500,REQUISIT
577,B10000*,00500,00800,ORGANS
577,B10000*,00500,01000,COSTS
577,B10000*,00600,00200,1
577,B10000*,00600,00300,2
577,B10000*,00600,00400,3
577,B10000*,00600,00500,3
577,B10000*,00600,00800,3
577,B10000*,00600,01000,3
577,B100000,00000,01000,X
577,E000000,00900,00000,OTHER CURRENT ASSETS
577,E000000,02600,00000,OTHER FIXED ASSETS
577,E000000,04100,00000,INTERCOMPANY PAYABLES
577,E100002,00300,00000,PROVIDER COST REIMBURSEMENT
577,E100002,00400,00000,BAD DEBT EXPENSE
577,S000000,00100,00100,X
577,S000000,00400,00100,1
577,S000000,00500,00100,02/29/2024
577,S000000,00600,00100,10001
577,S000000,00700,00100,N
577,S000000,00800,00100,N
577,S000000,01000,00100,4
577,S000001,00100,00100,DCI LABORATORY
577,S000001,00100,00200,44HL01
577,S000001,00101,00100,1616 HAYES STREET
577,S000001,00102,00100,NASHVILLE
577,S000001,00102,00200,TN
577,S000001,00102,00300,37203
577,S000001,00300,00100,10/01/2022
577,S000001,00300,00200,09/30/2023
577,S000001,00400,00100,6
577,S000001,00400,00300,2
577,S000001,00400,00400,10/01/1978
577,S000001,00401,00300,1
577,S000002,00100,00200,Y
577,S000002,00300,00100,LABORATORY DIRECTOR
577,S000002,00400,00100,02/27/2024
577,S100001,00700,00100,N
577,S100001,00810,00000,OTHER
577,S100002,00400,00100,HLA-CLASS I SINGLE ANTIGEN (EX. B27)
577,S100002,00401,00100,ABO TYPING
577,S100002,00402,00100,T CELL CROSSMATCH - CYTOTOXIC/AHG
577,S100002,00403,00100,FLOW CYTOMETRY CROSSMATCH (T AND B C
577,S100002,00404,00100,HLA AB CLASS I ANTIBODY ID - FLOW PH
577,S100002,00405,00100,HLA CLASS I AND CLASS II ANTIBODY SC
577,S100002,00406,00100,DECEASED DONOR WORKUP - LOCAL
577,S100002,00407,00100,SERUM ARCHIVE
577,S100002,00408,00100,A1 TITER (SENDOUT)
577,S100002,00409,00100,FLOW CYTOMETRY AUTO-CROSSMATCH (T AN
577,S100002,00410,00100,HLA CLASS I ANTIBODY ID WITH C1Q BIN
577,S100002,00411,00100,HLA CLASS II ANTIBODY ID WITH C1Q BI
577,S100002,00412,00100,FLOW PRA STAT CHARGE
577,S100002,00413,00100,DNA EXTRACT AND HOLD
577,S100002,00414,00100,B CELL CROSSMATCH - CYTOTOXICITY (CH
577,S100002,00415,00100,HLA CLASS I ANTIBODY - SEMI-QUANT PA
577,S100002,00416,00100,HLA CLASS II ANTIBODY - SEMI-QUANT P
577,S100002,00417,00100,DECEASED DONOR WORK-UP IMPORT
577,S100002,00418,00100,HLA CLASS I AND CLASS II ANTIBODY SC
577,S100002,00419,00100,T CELL CROSSMATCH - CYTOOXIC/AHG (NO
577,S100002,00420,00100,FLOW CYTOMETRY CROSSMATCH (T AND B C
577,S100002,00421,00100,T CEL CYTOTOXIC CROSSMATCH (CHARGE T
577,S100002,00422,00100,FLOW CYTOMETRY CROSSMATCH - T AND B
577,S100002,00423,00100,ABO REVERSE TYPING ONLY
577,S100002,00424,00100,HLA CLASS I ANTIBODY ID - LUMINEX SI
577,S100002,00425,00100,HLA CLASS II ANTIBODY ID - LUMINEX S
577,S100002,00426,00100,FLOW CROSSMATCH WITH TITERS
577,S100002,00427,00100,T AND B CELL CYTOTOXIC CROSSMATCH
577,S100002,00428,00100,A1 TITER (NO DONOR)
577,S100002,00429,00100,HLA CLASS I ANTIBODY ID - LUMINEX SI
577,S100002,00430,00100,HLA CLASS II ANTIBODY ID - LUMINEX S
577,S100002,00431,00100,HLA COMP TYPING:HR(HLA-A B C DR DRB3
577,S100003,00100,00100,MEDICAL DIRECTOR
577,S100003,00100,00300,MEDICAL DIRECTOR
577,S100003,00100,00500,LAB DIRECTOR
577,S100003,00101,00100,EXEC. DIRECTOR
577,S100003,00101,00300,PROCUREMENT COORDINATOR
577,S100003,00101,00500,TECHNICIANS
577,S100003,00102,00100,CLERICAL
577,S100003,00102,00300,PRESERVATION TECHNICIANS
577,S100003,00102,00500,TISSUE TYPING TECH.
577,S100003,00103,00100,OTHER
577,S100003,00103,00300,OTHER
577,S100003,00103,00500,OTHER
577,S200000,00100,00100,N
577,S200000,00200,00100,N
577,S200000,00300,00100,Y
577,S200000,00400,00100,Y
577,S200000,00400,00200,A
577,S200000,00500,00100,N
577,S200000,00600,00300,LABORATORY DIRECTOR
577,S200000,00700,00100,DIALYSIS CLINIC INC
578,A000000,00100,00000,0100CAPITAL COSTS-BLDG & FIXT
578,A000000,00200,00000,0200CAPITAL COSTS-MVBLE EQUIPMENT
578,A000000,00300,00000,0300EMPLOYEE BENEFITS
578,A000000,00400,00000,0400ADMINISTRATIVE & GENERAL
578,A000000,00500,00000,0500OPERATION AND MAINTENANCE OF PLANT
578,A000000,00600,00000,0600HOUSEKEEPING
578,A000000,00700,00000,0700MEDICAL SUPPLIES
578,A000000,00800,00000,0800OTHER OVERHEAD
578,A000000,00900,00000,0900PROCUREMENT COORDINATORS
578,A000000,01000,00000,1000PROFESSIONAL EDUCATION
578,A000000,01100,00000,1100PUBLIC EDUCATION
578,A000000,01200,00000,1200OTHER ACQUISITION
578,A000000,01300,00000,1300KIDNEY ACQUISITIONS
578,A000000,01400,00000,1400TISSUE TYPING LABORATORY
578,A000000,01500,00000,1500LIVER ACQUISITIONS
578,A000000,01600,00000,1600HEART ACQUISITIONS
578,A000000,01700,00000,1700PANCREAS ACQUISITIONS
578,A000000,01800,00000,1800LUNG ACQUISITIONS
578,A000000,01900,00000,1900OTHER ACQUISITIONS
578,A000000,02100,00000,2100RESEARCH
578,A000000,02200,00000,2200BLOOD BANK
578,A000000,02300,00000,2300LABORATORY-NON-TISSUE TYPING
578,A000000,02400,00000,2400DIALYSIS UNITS
578,A000000,02500,00000,2500OTHER NON-REIMBURSABLE
578,A100000,01700,00000,QUALITY ASSURANCE
578,A100000,01800,00000,LOBBYING
578,A100000,01900,00000,EMPLOYEE RECRUITMENT
578,A100000,01901,00000,OTHER EXPENSES-INDIRECT
578,A20H000,00900,00000,OTHER HOSPITAL COSTS
578,A20K000,00900,00000,OTHER HOSPITAL COSTS
578,A20L000,00900,00000,OTHER HOSPITAL COSTS
578,A20O000,00900,00000,OTHER HOSPITAL COSTS
578,A20P000,00900,00000,OTHER HOSPITAL COSTS
578,A20U000,00900,00000,OTHER HOSPITAL COSTS
578,A400010,00100,00000,TISSUE ALLOCATION
578,A400010,00100,00100,A
578,A400010,00100,00200,OTHER NON-REIMBURSABLE
578,A400010,00100,00500,PROCUREMENT COORDINATORS
578,A400010,00200,00000,TISSUE ALLOCATION
578,A400010,00200,00100,A
578,A400010,00200,00200,OTHER NON-REIMBURSABLE
578,A400010,00200,00500,PROFESSIONAL EDUCATION
578,A400010,00300,00000,TISSUE ALLOCATION
578,A400010,00300,00100,A
578,A400010,00300,00200,OTHER NON-REIMBURSABLE
578,A400010,00300,00500,PUBLIC EDUCATION
578,A400010,00400,00000,RECLASS FACILITY RENT
578,A400010,00400,00100,B
578,A400010,00400,00200,CAPITAL COSTS-BLDG & FIXT
578,A400010,00400,00500,ADMINISTRATIVE & GENERAL
578,A500010,00800,00100,B
578,A500010,00800,00300,PROCUREMENT COORDINATORS
578,A500010,01500,00000,LOBBYING
578,A500010,01500,00100,A
578,A500010,01500,00300,ADMINISTRATIVE & GENERAL
578,A500010,01501,00000,AOPO LOBBYING EXPENSE
578,A500010,01501,00100,A
578,A500010,01501,00300,ADMINISTRATIVE & GENERAL
578,A500010,01600,00000,CHARITABLE CONTRIBUTIONS
578,A500010,01600,00100,A
578,A500010,01600,00300,ADMINISTRATIVE & GENERAL
578,A500010,01601,00000,FUNERAL HOME FEES
578,A500010,01601,00100,A
578,A500010,01601,00300,KIDNEY ACQUISITIONS
578,A51000A,00100,00100,Y
578,A51000B,00100,00200,CAPITAL COSTS-BLDG & FIXT
578,A51000B,00100,00300,FACILITY RENT
578,A51000B,00200,00200,ADMINISTRATIVE & GENERAL
578,A51000B,00200,00300,DIVISION OVERHEAD COSTS
578,A51000C,00100,00100,A
578,A51000C,00100,00200,DCI DONOR SERVICES  INC
578,A51000C,00100,00400,DIALYSIS CLINIC INC
578,A51000C,00100,00600,INDEPENDENT DIALYSIS
578,A51000C,00200,00100,B
578,A51000C,00200,00200,TENNESSEE DONOR SERVICES
578,A51000C,00200,00400,DCI DONOR SERVICES  INC
578,A51000C,00200,00600,ORGAN PROCUREMENT ORGANIZATION
578,A60000C,00500,00100,N
578,B10000*,00100,00200,CAP BLDG
578,B10000*,00100,00300,CAP COSTS
578,B10000*,00100,00400,EMPLOYEE
578,B10000*,00100,00500,MEDICAL
578,B10000*,00100,00800,ORGAN
578,B10000*,00100,01000,ADMIN &
578,B10000*,00200,00200,OP PLANT &
578,B10000*,00200,00300,MOVABLE
578,B10000*,00200,00400,BENEFITS
578,B10000*,00200,00500,SUPPLIES
578,B10000*,00200,00800,ACQUISITN
578,B10000*,00200,01000,GENERAL
578,B10000*,00300,00200,HOUSEKEEP
578,B10000*,00300,00300,EQUIPMENT
578,B10000*,00300,00800,COSTS
578,B10000*,00400,00200,SQUARE
578,B10000*,00400,00300,DOLLAR
578,B10000*,00400,00400,ADJUST
578,B10000*,00400,00500,COSTED
578,B10000*,00400,00800,NUMBER
578,B10000*,00400,01000,ACCUM
578,B10000*,00500,00200,FEET
578,B10000*,00500,00300,VALUE
578,B10000*,00500,00400,SALARIES
578,B10000*,00500,00500,REQUISIT
578,B10000*,00500,00800,ORGANS
578,B10000*,00500,01000,COSTS
578,B10000*,00600,00200,1
578,B10000*,00600,00300,2
578,B10000*,00600,00400,3
578,B10000*,00600,00500,3
578,B10000*,00600,00800,3
578,B10000*,00600,01000,3
578,B100000,00000,01000,X
578,E000000,00900,00000,OTHER CURRENT ASSETS
578,E000000,02600,00000,LEASED ASSETS
578,E000000,03900,00000,INTERCOMPANY PAYABLES
578,E000000,04100,00000,OTHER CURRENT LIABILITIES
578,E000000,04600,00000,LONG TERM OPERATING LEASE OBLIGATION
578,E100001,00900,00000,TISSUE RECOVERY REVENUE
578,E100002,00300,00000,DISALLOWABLES
578,E100002,00400,00000,RESEARCH
578,E100002,00500,00000,BAD DEBTS
578,E100002,00800,00000,COST REPORT ESTIMATE
578,E100002,00900,00000,OTHER INDIRECT REVENUE
578,E100002,01000,00000,PURCHASE DISCOUNTS
578,E100002,01001,00000,INVENTORY VARIANCE
578,S000000,00100,00100,X
578,S000000,00400,00100,1
578,S000000,00500,00100,02/28/2024
578,S000000,00600,00100,10001
578,S000000,00700,00100,N
578,S000000,00800,00100,N
578,S000000,01000,00100,4
578,S000001,00100,00100,TENNESSEE DONOR SERVICES
578,S000001,00100,00200,44P001
578,S000001,00101,00100,566 MAINSTREAM DRIVE  SUITE 300
578,S000001,00102,00100,NASHVILLE
578,S000001,00102,00200,TN
578,S000001,00102,00300,37228
578,S000001,00300,00100,10/01/2022
578,S000001,00300,00200,09/30/2023
578,S000001,00400,00100,6
578,S000001,00400,00300,1
578,S000001,00400,00400,10/01/1990
578,S000001,00401,00300,1
578,S000002,00100,00200,Y
578,S000002,00300,00100,DIRECTOR OF FINANCE
578,S000002,00400,00100,02/27/2024
578,S100001,00700,00100,N
578,S100001,00810,00000,SMALL INTESTINE
578,S100003,00100,00100,MEDICAL DIRECTOR
578,S100003,00100,00300,MEDICAL DIRECTOR
578,S100003,00100,00500,LAB DIRECTOR
578,S100003,00101,00100,EXEC. DIRECTOR
578,S100003,00101,00300,PROCUREMENT COORDINATOR
578,S100003,00101,00500,TECHNICIANS
578,S100003,00102,00100,CLERICAL
578,S100003,00102,00300,PRESERVATION TECHNICIANS
578,S100003,00102,00500,TISSUE TYPING TECH.
578,S100003,00103,00100,OTHER
578,S100003,00103,00300,OTHER
578,S100003,00103,00500,OTHER
578,S200000,00100,00100,N
578,S200000,00200,00100,N
578,S200000,00300,00100,Y
578,S200000,00400,00100,Y
578,S200000,00400,00200,A
578,S200000,00500,00100,N
578,S200000,00600,00300,DIRECTOR OF FINANCE
578,S200000,00700,00100,DCI DONOR SERVICES  INC.
585,A000000,00100,00000,0100CAPITAL COSTS-BLDG & FIXT
585,A000000,00200,00000,0200CAPITAL COSTS-MVBLE EQUIPMENT
585,A000000,00300,00000,0300EMPLOYEE BENEFITS
585,A000000,00400,00000,0400ADMINISTRATIVE & GENERAL
585,A000000,00500,00000,0500OPERATION AND MAINTENANCE OF PLANT
585,A000000,00600,00000,0600HOUSEKEEPING
585,A000000,00700,00000,0700MEDICAL SUPPLIES
585,A000000,00800,00000,0800OTHER OVERHEAD
585,A000000,00900,00000,0900PROCUREMENT COORDINATORS
585,A000000,01000,00000,1000PROFESSIONAL EDUCATION
585,A000000,01100,00000,1100PUBLIC EDUCATION
585,A000000,01200,00000,1200OTHER ACQUISITION
585,A000000,01300,00000,1300KIDNEY ACQUISITIONS
585,A000000,01400,00000,1400TISSUE TYPING LABORATORY
585,A000000,01500,00000,1500LIVER ACQUISITIONS
585,A000000,01600,00000,1600HEART ACQUISITIONS
585,A000000,01700,00000,1700PANCREAS ACQUISITIONS
585,A000000,01800,00000,1800LUNG ACQUISITIONS
585,A000000,01900,00000,1900OTHER ACQUISITIONS
585,A000000,02100,00000,2100RESEARCH
585,A000000,02200,00000,2200BLOOD BANK
585,A000000,02300,00000,2300LABORATORY-NON-TISSUE TYPING
585,A000000,02400,00000,2400DIALYSIS UNITS
585,A000000,02500,00000,2500TISSUE
585,A000000,02501,00000,2501PLACENTA ACQUISITION
585,A100000,01700,00000,BANK/INVEST FEES
585,A100000,01800,00000,CONSULTING FEES
585,A100000,01900,00000,OTHER ADMIN & GENERAL
585,A100000,01901,00000,DUES/SUBSCRIPTIONS
585,A100000,01902,00000,POSTAGE/SHIPPING
585,A100000,01903,00000,NONREIMBURSEABLE
585,A20H000,00900,00000,OTHER PROFESSIONAL FEES
585,A20H000,00901,00000,OTHER EXCISION HOSPITAL
585,A20H000,02100,00000,OTHER ACQUISITION COSTS
585,A20H000,02101,00000,DONOR HOSPITAL ACCRUAL
585,A20K000,00900,00000,OTHER EXCISION HOSPITAL COSTS
585,A20K000,00901,00000,DONOR HOSPITAL ACCRUAL COSTS
585,A20K000,02100,00000,OTHER PROFESSIONAL FEES
585,A20K000,02101,00000,OTHER ACQUISITION
585,A20L000,00900,00000,OTHER ACQUISITION COST MISC
585,A20L000,00901,00000,OTHER PROFESSIONAL FEES
585,A20L000,02100,00000,OTHER ACQUISITION COSTS
585,A20L000,02101,00000,DONOR HOSPITAL ACCRUAL
585,A20O000,00900,00000,OTHER EXCISION HOSPITAL
585,A20O000,00901,00000,OTHER PROFESSIONAL FEES
585,A20O000,02100,00000,OTHER ACQUISITION COSTS
585,A20O000,02101,00000,DONOR HOSPITAL ACCRUAL
585,A20P000,00900,00000,OTHER EXCISION HOSPITAL
585,A20P000,00901,00000,OTHER PROFESSIONAL FEES
585,A20P000,02100,00000,OTHER ACQUISITION COSTS
585,A20P000,02101,00000,DONOR HOSPITAL ACCRUAL
585,A20U000,00900,00000,OTHER EXCISION HOSPITAL
585,A20U000,00901,00000,OTHER PROFESSIONAL FEES
585,A20U000,02100,00000,OTHER ACQUISITION COSTS
585,A20U000,02101,00000,DONOR HOSPITAL ACCRUAL
585,A400010,00100,00000,RECLASSIFICATIONS
585,A400010,00100,00100,A
585,A400010,00100,00200,TISSUE
585,A400010,00100,00500,PROCUREMENT COORDINATORS
585,A400010,00200,00000,RECLASSIFICATIONS
585,A400010,00200,00100,A
585,A400010,00200,00200,TISSUE
585,A400010,00200,00500,PROFESSIONAL EDUCATION
585,A400010,00300,00000,RECLASSIFICATIONS
585,A400010,00300,00100,A
585,A400010,00300,00200,TISSUE
585,A400010,00300,00500,PUBLIC EDUCATION
585,A400010,00400,00000,RECLASSIFICATIONS
585,A400010,00400,00100,A
585,A400010,00400,00200,TISSUE
585,A400010,00400,00500,OTHER ACQUISITION
585,A400010,00500,00000,RECLASSIFICATIONS
585,A400010,00500,00100,A
585,A400010,00500,00200,ADMINISTRATIVE & GENERAL
585,A400010,00500,00500,EMPLOYEE BENEFITS
585,A500010,00800,00100,A
585,A500010,00800,00300,PROCUREMENT COORDINATORS
585,A500010,01500,00000,DIRECTED CONTRIBUTIONS
585,A500010,01500,00100,B
585,A500010,01500,00300,PUBLIC EDUCATION
585,A500010,01501,00000,LOBBYING FEES
585,A500010,01501,00100,A
585,A500010,01501,00300,ADMINISTRATIVE & GENERAL
585,A500010,01502,00000,NONREIMBURSEABLE
585,A500010,01502,00100,A
585,A500010,01502,00300,ADMINISTRATIVE & GENERAL
585,A500010,01503,00000,NONREIMBURSEABLE
585,A500010,01503,00100,A
585,A500010,01503,00300,PROFESSIONAL EDUCATION
585,A500010,01504,00000,NONREIMBURSEABLE
585,A500010,01504,00100,A
585,A500010,01504,00300,PROCUREMENT COORDINATORS
585,A500010,01505,00000,NONREIMBURSEABLE
585,A500010,01505,00100,A
585,A500010,01505,00300,OTHER ACQUISITION
585,A500010,01600,00000,NONREIMBURSEABLE
585,A500010,01600,00100,A
585,A500010,01600,00300,PUBLIC EDUCATION
585,A51000A,00100,00100,N
585,A60000A,00700,00000,PROJECTS IN PROGRESS
585,A60000C,00500,00100,N
585,B10000*,00100,00200,CAP BLDG
585,B10000*,00100,00300,CAP COSTS
585,B10000*,00100,00400,EMPLOYEE
585,B10000*,00100,00500,MEDICAL
585,B10000*,00100,00800,ORGAN
585,B10000*,00100,01000,ADMIN &
585,B10000*,00200,00200,OP PLANT &
585,B10000*,00200,00300,MOVABLE
585,B10000*,00200,00400,BENEFITS
585,B10000*,00200,00500,SUPPLIES
585,B10000*,00200,00800,ACQUISITN
585,B10000*,00200,01000,GENERAL
585,B10000*,00300,00200,HOUSEKEEP
585,B10000*,00300,00300,EQUIPMENT
585,B10000*,00300,00800,COSTS
585,B10000*,00400,00200,SQUARE
585,B10000*,00400,00300,DOLLAR
585,B10000*,00400,00400,ADJUST
585,B10000*,00400,00500,COSTED
585,B10000*,00400,00800,NUMBER
585,B10000*,00400,01000,ACCUM
585,B10000*,00500,00200,FEET
585,B10000*,00500,00300,VALUE
585,B10000*,00500,00400,SALARIES
585,B10000*,00500,00500,REQUISIT
585,B10000*,00500,00800,ORGANS
585,B10000*,00500,01000,COSTS
585,B10000*,00600,00200,1
585,B10000*,00600,00300,2
585,B10000*,00600,00400,3
585,B10000*,00600,00500,3
585,B10000*,00600,00800,3
585,B10000*,00600,01000,3
585,B100000,00000,01000,X
585,E000000,00900,00000,ESTIMATED MEDICARE RECEIVABLE
585,E000000,02600,00000,PROJECTS IN PROGRESS
585,E000000,03100,00000,INVESTMENT IN SUPPORTING ORG
585,E000000,03900,00000,ACCRUED EXPENSES
585,E100001,00700,00000,TISSUE REVENUE
585,E100001,00800,00000,RESEARCH REVENUE
585,E100001,00900,00000,MEDICARE RECEIVABLE ESTIMATE
585,E100001,00901,00000,PLACENTA ACQUISITION
585,E200000,01500,00000,MISCELLANEOUS REVENUE
585,E200000,01600,00000,GAIN ON SUPPORTING ORGANIZATION
585,S000000,00100,00100,X
585,S000000,00400,00100,1
585,S000000,00500,00100,04/04/2024
585,S000000,00600,00100,10001
585,S000000,00700,00100,N
585,S000000,00800,00100,N
585,S000000,01000,00100,4
585,S000001,00100,00100,LIFELINE OF OHIO ORGAN PROCUREMENT
585,S000001,00100,00200,36P005
585,S000001,00101,00100,770 KINNEAR ROAD
585,S000001,00102,00100,COLUMBUS
585,S000001,00102,00200,OH
585,S000001,00102,00300,43212
585,S000001,00300,00100,01/01/2023
585,S000001,00300,00200,12/31/2023
585,S000001,00400,00100,2
585,S000001,00400,00300,1
585,S000001,00400,00400,10/01/1984
585,S000001,00401,00100,6
585,S000001,00401,00300,1
585,S000002,00100,00200,Y
585,S000002,00300,00100,CHIEF FINANCIAL OFFICER
585,S000002,00400,00100,04/04/2024
585,S100001,00700,00100,N
585,S100001,00810,00000,PLACENTA
585,S100001,00811,00000,VEINS
585,S100001,00812,00000,SMALL BOWEL
585,S100003,00100,00100,MEDICAL DIRECTOR
585,S100003,00100,00300,MEDICAL DIRECTOR
585,S100003,00100,00500,LAB DIRECTOR
585,S100003,00101,00100,EXEC. DIRECTOR
585,S100003,00101,00300,PROCUREMENT COORDINATOR
585,S100003,00101,00500,TECHNICIANS
585,S100003,00102,00100,CLERICAL
585,S100003,00102,00300,PRESERVATION TECHNICIANS
585,S100003,00102,00500,TISSUE TYPING TECH.
585,S100003,00103,00100,OTHER
585,S100003,00103,00300,OTHER
585,S100003,00103,00500,OTHER
585,S200000,00100,00100,N
585,S200000,00200,00100,N
585,S200000,00300,00100,N
585,S200000,00400,00100,Y
585,S200000,00400,00200,A
585,S200000,00500,00100,Y
585,S200000,00600,00300,CHIEF FINANCIAL OFFICER
585,S200000,00700,00100,LIFELINE OF OHIO
589,A000000,00100,00000,0100CAPITAL COSTS-BLDG & FIXT
589,A000000,00200,00000,0200CAPITAL COSTS-MVBLE EQUIPMENT
589,A000000,00300,00000,0300EMPLOYEE BENEFITS
589,A000000,00400,00000,0400ADMINISTRATIVE & GENERAL
589,A000000,00500,00000,0500OPERATION AND MAINTENANCE OF PLANT
589,A000000,00600,00000,0600HOUSEKEEPING
589,A000000,00700,00000,0700MEDICAL SUPPLIES
589,A000000,00800,00000,0800OTHER OVERHEAD
589,A000000,00900,00000,0900PROCUREMENT COORDINATORS
589,A000000,01000,00000,1000PROFESSIONAL EDUCATION
589,A000000,01100,00000,1100PUBLIC EDUCATION
589,A000000,01300,00000,1300KIDNEY ACQUISITIONS
589,A000000,01400,00000,1400TISSUE TYPING LABORATORY
589,A000000,01500,00000,1500LIVER ACQUISITIONS
589,A000000,01600,00000,1600HEART ACQUISITIONS
589,A000000,01700,00000,1700PANCREAS ACQUISITIONS
589,A000000,01800,00000,1800LUNG ACQUISITIONS
589,A000000,01900,00000,1900CLUSTER            (WKST A2 6 L 23
589,A000000,01901,00000,1901SMALL INTESTINE
589,A000000,01902,00000,1902HEART/LUNGS      S 3
589,A000000,02100,00000,2100RESEARCH
589,A000000,02200,00000,2200BLOOD BANK
589,A000000,02300,00000,2300LABORATORY-NON-TISSUE TYPING
589,A000000,02400,00000,2400DIALYSIS UNITS
589,A000000,02500,00000,250025
589,A100000,01700,00000,INFORMATION SYSTEMS PROFESSIONAL
589,A100000,01800,00000,POSTAGE & SHIPPING
589,A100000,01900,00000,RECRUITING
589,A100000,01901,00000,DUES/SUBSCRIPTIONS
589,A100000,01902,00000,BANK & INVESTMENT FEES
589,A100000,01903,00000,MILEAGE REIMBURSEMENT
589,A100000,01904,00000,AUTOMOBILE LEASE & MAINTENANCE
589,A100000,01905,00000,OTHER MISCELLANEOUS
589,A100000,01906,00000,SMALL EQUIP/FURNITURE
589,A100000,01907,00000,PROFESSIONAL SERVICES
589,A100000,01908,00000,PROPERTY TAXES
589,A100000,01909,00000,GAIN OR LOSS ON A FIXED ASSET
589,A100000,01910,00000,CORPORATE CULTURE
589,A100000,01911,00000,ORIENTATION
589,A20H000,00900,00000,OTHER HOSPITAL COST
589,A20H000,00901,00000,PATHOLOGY
589,A20H000,00902,00000,CARDIOLOGY
589,A20H000,00903,00000,RADIOLOGY
589,A20H000,02100,00000,OTHER MEDICAL SUPPLIES
589,A20H000,02101,00000,PROVIDER AUDIT FEES
589,A20H000,02102,00000,PROFESSIONAL SVC FEES
589,A20H000,02103,00000,TXC
589,A20K000,00900,00000,OTHER HOSPITAL COST
589,A20K000,00901,00000,PATHOLOGY
589,A20K000,00902,00000,CARDIOLOGY
589,A20K000,00903,00000,RADIOLOGY
589,A20K000,02100,00000,OTHER MEDICAL SUPPLIES
589,A20K000,02101,00000,PROVIDER AUDIT FEES
589,A20K000,02102,00000,PROFESSIONAL SVC FEES
589,A20K000,02103,00000,TXC
589,A20L000,00900,00000,OTHER HOSPITAL COST
589,A20L000,00901,00000,PATHOLOGY
589,A20L000,00902,00000,CARDIOLOGY
589,A20L000,00903,00000,RADIOLOGY
589,A20L000,02100,00000,OTHER MEDICAL SUPPLIES
589,A20L000,02101,00000,PROVIDER AUDIT FEES
589,A20L000,02102,00000,PROFESSIONAL SVC FEES
589,A20L000,02103,00000,TXC
589,A20O000,00900,00000,OTHER HOSPITAL COSTS
589,A20O000,00901,00000,PATHOLOGY
589,A20O000,00902,00000,CARDIOLOGY
589,A20O000,00903,00000,RADIOLOGY
589,A20O000,02100,00000,OTHER MEDICAL SUPPLIES
589,A20O000,02101,00000,PROVIDER AUDIT FEES
589,A20O000,02102,00000,PROFESSIONAL SVC FEES
589,A20O000,02103,00000,TXC
589,A20O001,00900,00000,OTHER HOSPITAL COST
589,A20O001,00901,00000,PATHOLOGY
589,A20O001,00902,00000,CARDIOLOGY
589,A20O001,00903,00000,RADIOLOGY
589,A20O001,02100,00000,OTHER MEDICAL SUPPLIES
589,A20O001,02101,00000,PROVIDER AUDIT FEES
589,A20O001,02102,00000,PROFESSIONAL SVC FEES
589,A20O001,02103,00000,TXC
589,A20O002,00900,00000,OTHER HOSPITAL COSTS
589,A20O002,00901,00000,PATHOLOGY
589,A20O002,00902,00000,CARDIOLOGY
589,A20O002,00903,00000,RADIOLOGY
589,A20O002,02100,00000,OTHER MEDICAL SUPPLIES
589,A20O002,02101,00000,PROVIDER AUDIT FEES
589,A20O002,02102,00000,PROFESSIONAL SVC FEES
589,A20O002,02103,00000,TXC
589,A20O003,02100,00000,COST REPORT ADJUSTED SURGEON FEE
589,A20O003,02101,00000,COST REPORT ADJUSTED TRANSPORTATION
589,A20P000,00900,00000,OTHER HOSPITAL COST
589,A20P000,00901,00000,PATHOLOGY
589,A20P000,00902,00000,CARDIOLOGY
589,A20P000,00903,00000,RADIOLOGY
589,A20P000,02100,00000,OTHER MEDICAL SUPPLIES
589,A20P000,02101,00000,PROVIDER AUDIT FEES
589,A20P000,02102,00000,PROFESSIONAL SVC FEES
589,A20P000,02103,00000,TXC
589,A20U000,00900,00000,OTHER HOSPITAL COST
589,A20U000,00901,00000,PATHOLOGY
589,A20U000,00902,00000,CARDIOLOGY
589,A20U000,00903,00000,RADIOLOGY
589,A20U000,00904,00000,BRONCHOSCOPY
589,A20U000,02100,00000,OTHER MEDICAL SUPPLIES
589,A20U000,02101,00000,PROVIDER AUDIT FEES
589,A20U000,02102,00000,PROFESSIONAL SVC FEES
589,A20U000,02103,00000,TXC
589,A500010,00500,00100,B
589,A500010,00500,00300,PROCUREMENT COORDINATORS
589,A500010,01300,00100,A
589,A500010,01300,00300,CAPITAL COSTS-BLDG & FIXT
589,A500010,01500,00000,15   CTS AGREEMENT
589,A500010,01500,00100,B
589,A500010,01500,00300,PUBLIC EDUCATION
589,A500010,01600,00000,NON-REIMB ADMIN & GEN (LOBBYING COST
589,A500010,01600,00100,B
589,A500010,01600,00300,ADMINISTRATIVE & GENERAL
589,A500010,01601,00000,NON-REIMB - TXC
589,A500010,01601,00100,B
589,A500010,01601,00300,PROCUREMENT COORDINATORS
589,A500010,01602,00000,NON- REIMB ADMIN & GEN
589,A500010,01602,00100,B
589,A500010,01602,00300,ADMINISTRATIVE & GENERAL
589,A500010,01603,00000,NON-REIMB - PUBLIC EDUC
589,A500010,01603,00100,B
589,A500010,01603,00300,PUBLIC EDUCATION
589,A500010,01604,00000,SMALL INTESTINE RESEARCH COST
589,A500010,01604,00100,B
589,A500010,01604,00300,SMALL INTESTINE
589,A51000A,00100,00100,Y
589,A51000B,00100,00200,PROCUREMENT COORDINATORS
589,A51000B,00100,00300,ORGAN ACQUISTION
589,A51000C,00100,00100,B
589,A51000C,00100,00400,MIAMI VALLEY HOSPITAL
589,A51000C,00100,00600,HOSPITAL
589,A51000C,00200,00100,B
589,A51000C,00200,00400,KIDNEY FOUNDATION OF NWO
589,A51000C,00200,00600,FOUNDATION
589,A60000A,00700,00000,CONSTRUCTION IN PROGRESS
589,A60000A,00701,00000,AMORTIZED ASSETS
589,A60000A,00702,00000,LEASED ASSET
589,A60000B,00800,00000,ACCUMULATED AMORTIZATION
589,A60000B,00801,00000,ACCUMULATED LEASED ASSET
589,A60000C,00500,00100,N
589,B10000*,00100,00200,CAP BLDG
589,B10000*,00100,00300,CAP COSTS
589,B10000*,00100,00400,EMPLOYEE
589,B10000*,00100,00500,MEDICAL
589,B10000*,00100,00800,ORGAN
589,B10000*,00100,01000,ADMIN &
589,B10000*,00200,00200,OP PLANT &
589,B10000*,00200,00300,MOVABLE
589,B10000*,00200,00400,BENEFITS
589,B10000*,00200,00500,SUPPLIES
589,B10000*,00200,00800,ACQUISITN
589,B10000*,00200,01000,GENERAL
589,B10000*,00300,00200,HOUSEKEEP
589,B10000*,00300,00300,EQUIPMENT
589,B10000*,00300,00800,COSTS
589,B10000*,00400,00200,SQUARE
589,B10000*,00400,00300,DOLLAR
589,B10000*,00400,00400,ADJUST
589,B10000*,00400,00500,COSTED
589,B10000*,00400,00800,NUMBER
589,B10000*,00400,01000,ACCUM
589,B10000*,00500,00200,FEET
589,B10000*,00500,00300,VALUE
589,B10000*,00500,00400,SALARIES
589,B10000*,00500,00500,REQUISIT
589,B10000*,00500,00800,ORGANS
589,B10000*,00500,01000,COSTS
589,B10000*,00600,00200,1
589,B10000*,00600,00300,2
589,B10000*,00600,00400,3
589,B10000*,00600,00500,3
589,B10000*,00600,00800,3
589,B10000*,00600,01000,3
589,B100000,00000,01000,X
589,E000000,00900,00000,PREPAID DEPOSITS
589,E000000,02600,00000,CONSTRUCTION IN PROGRESS
589,E000000,03100,00000,DEFERRED COMPENSATION
589,E100001,00700,00000,TISSUE CONSENT  RESEARCH  HEART VAL
589,E100001,00800,00000,PROFESSIONAL SEMINAR FEES
589,E100001,00900,00000,MEDICARE REVENUE
589,E100002,00300,00000,ROUNDING
589,E100002,00800,00000,INTEREST EXPENSE
589,E100002,00900,00000,INTERCOMPANY INTEREST EXPENSE
589,E100002,01000,00000,INTEREST SWAP
589,E100002,01001,00000,ROUNDING
589,E200000,01500,00000,REALIZED GAIN ON INVESTMENT
589,E200000,02100,00000,GAIN/ LOSS ON FIXED ASSET
589,E200000,02200,00000,CTS AGREEMENT
589,E200000,02300,00000,UNEARNED INCOME (LOSS) ON INVESTMENT
589,E200000,02301,00000,CHANGE IN INTEREST SWAP
589,E200000,02600,00000,EDUCATIONAL GRANTS
589,E200000,02700,00000,GAIN/ LOSS ON FIXED ASSET
589,E200000,02701,00000,INTEREST EXPENSE
589,E200000,02702,00000,UNEARNED INCOME (LOSS) ON INVESTMENT
589,E200000,02703,00000,CHANGE IN INTEREST SWAP
589,S000000,00100,00100,X
589,S000000,00400,00100,1
589,S000000,00500,00100,04/15/2024
589,S000000,00600,00100,10001
589,S000000,00700,00100,N
589,S000000,00800,00100,N
589,S000000,01000,00100,4
589,S000001,00100,00100,LIFE CONNECTION OF OHIO
589,S000001,00100,00200,36P001
589,S000001,00101,00100,3661 BRIARFIELD BLVD  STE 105
589,S000001,00102,00100,MAUMEE
589,S000001,00102,00200,OH
589,S000001,00102,00300,43537
589,S000001,00300,00100,01/01/2023
589,S000001,00300,00200,12/31/2023
589,S000001,00400,00100,8
589,S000001,00400,00300,1
589,S000001,00400,00400,10/01/1978
589,S000001,00401,00300,1
589,S000002,00100,00200,Y
589,S000002,00300,00100,PRESIDENT & CEO
589,S000002,00400,00100,04/12/2024
589,S100001,00700,00100,N
589,S100001,00810,00000,TISSUE CONSENT FEE
589,S100001,00811,00000,RESEARCH
589,S100001,00812,00000,HEART VALVES
589,S100001,00813,00000,CLUSTER
589,S100001,00814,00000,SM. INTESTINE
589,S100001,00815,00000,AORTA
589,S100003,00100,00100,MEDICAL DIRECTOR
589,S100003,00100,00300,MEDICAL DIRECTOR
589,S100003,00100,00500,LAB DIRECTOR
589,S100003,00101,00100,EXEC. DIRECTOR
589,S100003,00101,00300,PROCUREMENT COORDINATOR
589,S100003,00101,00500,TECHNICIANS
589,S100003,00102,00100,CLERICAL
589,S100003,00102,00300,PRESERVATION TECHNICIANS
589,S100003,00102,00500,TISSUE TYPING TECH.
589,S100003,00103,00100,LEADERSHIP
589,S100003,00103,00300,PUBLIC EDUCATION
589,S100003,00103,00500,OTHER
589,S200000,00100,00100,N
589,S200000,00200,00100,N
589,S200000,00300,00100,Y
589,S200000,00400,00100,Y
589,S200000,00400,00200,A
589,S200000,00400,00300,05/30/2024
589,S200000,00500,00100,N
589,S200000,00600,00300,DIR. OF FINANCE
589,S200000,00700,00100,LIFE CONNECTION OF OHIO
591,A000000,00100,00000,0100CAPITAL COSTS-BLDG & FIXT
591,A000000,00200,00000,0200CAPITAL COSTS-MVBLE EQUIPMENT
591,A000000,00300,00000,0300EMPLOYEE BENEFITS
591,A000000,00400,00000,0400ADMINISTRATIVE & GENERAL
591,A000000,00500,00000,0500OPERATION AND MAINTENANCE OF PLANT
591,A000000,00600,00000,0600HOUSEKEEPING
591,A000000,00700,00000,0700MEDICAL SUPPLIES
591,A000000,00800,00000,0800OTHER OVERHEAD
591,A000000,00900,00000,0900PROCUREMENT COORDINATORS
591,A000000,01000,00000,1000PROFESSIONAL EDUCATION
591,A000000,01100,00000,1100PUBLIC EDUCATION
591,A000000,01200,00000,1200CALL CENTER
591,A000000,01201,00000,120112.01 OTHER ACQUISITION COSTS
591,A000000,01300,00000,1300KIDNEY ACQUISITIONS
591,A000000,01400,00000,1400TISSUE TYPING LABORATORY
591,A000000,01500,00000,1500LIVER ACQUISITIONS
591,A000000,01600,00000,1600HEART ACQUISITIONS
591,A000000,01700,00000,1700PANCREAS ACQUISITIONS
591,A000000,01800,00000,1800LUNG ACQUISITIONS
591,A000000,01900,00000,1900SMALL BOWEL      S
591,A000000,01901,00000,1901MULTI VISCERAL
591,A000000,01902,00000,1902HEART/LUNG       S 3
591,A000000,02100,00000,2100RESEARCH
591,A000000,02200,00000,2200BLOOD BANK
591,A000000,02300,00000,2300LABORATORY-NON-TISSUE TYPING
591,A000000,02400,00000,2400DIALYSIS UNITS
591,A000000,02500,00000,2500TISSUE RECOVERY
591,A100000,01800,00000,OFFICE MOVE
591,A100000,01900,00000,COMPUTER EQUIP & SOFTWARE
591,A100000,01901,00000,BANK SVC CHARGES
591,A100000,01902,00000,LATE FEES & MISCELLANEOUS CHARGES
591,A100000,01903,00000,POSTAGE & SHIPPING
591,A100000,01904,00000,DUES & SUBSCRIPTIONS
591,A100000,01905,00000,LOBBYING EXPENSE
591,A100000,01906,00000,CONSULTING
591,A100000,01907,00000,LEASED VEHICLE EXPENSES
591,A100000,01908,00000,MILEAGE & PARKING
591,A100000,01909,00000,DEPRECIATION & AMORTIZATION
591,A100000,01910,00000,BOARD OF DIRECTORS
591,A100000,01911,00000,UNIFORMS
591,A100000,01912,00000,MINOR OFFICE EQUIPMENT
591,A100000,01913,00000,MISCELLANEOUS
591,A100000,01914,00000,PRINTING COSTS
591,A100000,01915,00000,TEMPORARY OFFICE HELP
591,A100000,01916,00000,EMPLOYEE INSURANCE
591,A100000,01917,00000,PAYROLL TAXES
591,A100000,01918,00000,OTHER EMPLOYEE BENEFITS
591,A20H000,00900,00000,BLOOD SUPPLIES
591,A20H000,00901,00000,PATHOLOGY
591,A20H000,00902,00000,OTHER EXCISION COSTS
591,A20H000,00903,00000,DONOR HOSPITAL ACCRUALS
591,A20H000,02100,00000,SEROLOGY & MICROBIOLOGY
591,A20H000,02101,00000,LAB SUPPLIES
591,A20H000,02102,00000,AMBR BILLING
591,A20H000,02103,00000,OTHER PROFESSIONAL FEES
591,A20H000,02104,00000,OTHER ACQUISITION COSTS
591,A20K000,00900,00000,BLOOD SUPPLIES
591,A20K000,00901,00000,PATHOLOGY
591,A20K000,00902,00000,OTHER EXCISION COSTS
591,A20K000,00903,00000,DONOR HOSPITAL ACCRUALS
591,A20K000,02100,00000,SEROLOGY & MICROBIOLOGY
591,A20K000,02101,00000,LAB SUPPLIES
591,A20K000,02102,00000,AMBR BILLING
591,A20K000,02103,00000,OTHER PROFESSIONAL FEES
591,A20K000,02104,00000,OTHER ACQUISITION COSTS
591,A20L000,00900,00000,BLOOD SUPPLIES
591,A20L000,00901,00000,PATHOLOGY
591,A20L000,00902,00000,OTHER EXCISION COSTS
591,A20L000,00903,00000,DONOR HOSPITAL ACCRUALS
591,A20L000,02100,00000,SEROLOGY & MICROBIOLOGY
591,A20L000,02101,00000,LAB SUPPLIES
591,A20L000,02102,00000,AMBR BILLING
591,A20L000,02103,00000,OTHER PROFESSIONAL FEES
591,A20L000,02104,00000,OTHER ACQUISITION COSTS
591,A20O000,00900,00000,BLOOD SUPPLIES
591,A20O000,00901,00000,PATHOLOGY
591,A20O000,00902,00000,OTHER EXCISION COSTS
591,A20O000,00903,00000,DONOR HOSPITAL ACCRUALS
591,A20O000,02100,00000,SEROLOGY & MICROBIOLOGY
591,A20O000,02101,00000,LAB SUPPLIES
591,A20O000,02102,00000,AMBR BILLING
591,A20O000,02103,00000,OTHER PROFESSIONAL FEES
591,A20O001,00900,00000,BLOOD SUPPLIES
591,A20O001,00901,00000,PATHOLOGY
591,A20O001,00902,00000,OTHER EXCISION COSTS
591,A20O001,00903,00000,DONOR HOSPITAL ACCRUALS
591,A20O001,02100,00000,SEROLOGY & MICROBIOLOGY
591,A20O001,02101,00000,LAB SUPPLIES
591,A20O001,02102,00000,AMBR BILLING
591,A20O001,02103,00000,OTHER PROFESSIONAL FEES
591,A20O001,02104,00000,OTHER ACQUISITION COSTS
591,A20O002,00900,00000,BLOOD SUPPLIES
591,A20O002,00901,00000,PATHOLOGY
591,A20O002,00902,00000,OTHER EXCISION COSTS
591,A20O002,00903,00000,DONOR HOSPITAL ACCRUALS
591,A20O002,02100,00000,SEROLOGY & MICROBIOLOGY
591,A20O002,02101,00000,LAB SUPPLIES
591,A20O002,02102,00000,AMBR BILLING
591,A20O002,02103,00000,OTHER PROFESSIONAL FEES
591,A20P000,00900,00000,BLOOD SUPPLIES
591,A20P000,00901,00000,PATHOLOGY
591,A20P000,00902,00000,OTHER EXCISION COSTS
591,A20P000,00903,00000,DONOR HOSPITAL ACCRUALS
591,A20P000,02100,00000,SEROLOGY & MICROBIOLOGY
591,A20P000,02101,00000,LAB SUPPLIES
591,A20P000,02102,00000,AMRB BILLING
591,A20P000,02103,00000,OTHER PROFESSIONAL FEES
591,A20P000,02104,00000,OTHER ACQUISITION COSTS
591,A20U000,00900,00000,BLOOD SUPPLIES
591,A20U000,00901,00000,PATHOLOGY
591,A20U000,00902,00000,OTHER EXCISION COSTS
591,A20U000,00903,00000,DONOR HOSPITAL ACCRUALS
591,A20U000,02100,00000,SEROLOGY & MICROBIOLOGY
591,A20U000,02101,00000,LAB SUPPLIES
591,A20U000,02102,00000,AMBR BILLING
591,A20U000,02103,00000,OTHER PROFESSIONAL FEES
591,A20U000,02104,00000,OTHER ACQUISITION COSTS
591,A400010,00100,00000,TISSUE OVERHEAD RECLASS
591,A400010,00100,00100,A
591,A400010,00100,00200,TISSUE RECOVERY
591,A400010,00100,00500,PROCUREMENT COORDINATORS
591,A400010,00200,00000,BENEFITS RECLASS
591,A400010,00200,00100,B
591,A400010,00200,00200,ADMINISTRATIVE & GENERAL
591,A400010,00200,00500,EMPLOYEE BENEFITS
591,A400010,00300,00000,BENEFITS RECLASS
591,A400010,00300,00100,B
591,A400010,00300,00200,PROCUREMENT COORDINATORS
591,A400010,00400,00000,BENEFITS RECLASS
591,A400010,00400,00100,B
591,A400010,00400,00200,PROFESSIONAL EDUCATION
591,A400010,00500,00000,BENEFITS RECLASS
591,A400010,00500,00100,B
591,A400010,00500,00200,PUBLIC EDUCATION
591,A400010,00600,00000,BENEFITS RECLASS
591,A400010,00600,00100,B
591,A400010,00600,00200,CALL CENTER
591,A400010,00700,00000,BENEFITS RECLASS
591,A400010,00700,00100,B
591,A400010,00700,00200,TISSUE RECOVERY
591,A400010,00800,00000,SURGEON SALARY & BENEFITS RECLASS
591,A400010,00800,00100,C
591,A400010,00800,00200,KIDNEY ACQUISITIONS
591,A400010,00800,00500,PROCUREMENT COORDINATORS
591,A400010,00900,00000,SURGEON SALARY & BENEFITS RECLASS
591,A400010,00900,00100,C
591,A400010,00900,00200,LIVER ACQUISITIONS
591,A400010,01000,00000,SURGEON SALARY & BENEFITS RECLASS
591,A400010,01000,00100,C
591,A400010,01000,00200,PANCREAS ACQUISITIONS
591,A400010,01100,00000,A&G OCCUPANCY COSTS
591,A400010,01100,00100,D
591,A400010,01100,00200,ADMINISTRATIVE & GENERAL
591,A400010,01100,00500,CAPITAL COSTS-BLDG & FIXT
591,A400010,01200,00000,A&G OCCUPANCY COSTS
591,A400010,01200,00100,D
591,A400010,01200,00500,CAPITAL COSTS-MVBLE EQUIPMENT
591,A400010,01300,00000,A&G OCCUPANCY COSTS
591,A400010,01300,00100,D
591,A400010,01300,00500,OPERATION AND MAINTENANCE OF PLANT
591,A500010,00200,00100,A
591,A500010,00200,00300,ADMINISTRATIVE & GENERAL
591,A500010,00800,00100,B
591,A500010,00800,00300,PROCUREMENT COORDINATORS
591,A500010,01200,00100,A
591,A500010,01200,00300,ADMINISTRATIVE & GENERAL
591,A500010,01500,00000,BANK INCENTIVE
591,A500010,01500,00100,A
591,A500010,01500,00300,ADMINISTRATIVE & GENERAL
591,A500010,01600,00000,ORGAN CASE RATE REFUND
591,A500010,01600,00100,B
591,A500010,01600,00300,PROCUREMENT COORDINATORS
591,A500010,01601,00000,INCOME FROM SPECIAL EVENTS
591,A500010,01601,00100,A
591,A500010,01601,00300,PUBLIC EDUCATION
591,A500010,01602,00000,LOBBYING FEES
591,A500010,01602,00100,B
591,A500010,01602,00300,12.01 OTHER ACQUISITION COSTS
591,A500010,01604,00000,GOVERNMENTAL CONSULTANTS
591,A500010,01604,00100,B
591,A500010,01604,00300,ADMINISTRATIVE & GENERAL
591,A51000A,00100,00100,N
591,A60000A,00700,00000,LEASEHOLD IMPROVEMENT
591,A60000B,00800,00000,LEASEHOLD IMPROVEMENT
591,A60000C,00500,00100,N
591,B10000*,00100,00200,CAP BLDG
591,B10000*,00100,00300,CAP COSTS
591,B10000*,00100,00400,EMPLOYEE
591,B10000*,00100,00500,MEDICAL
591,B10000*,00100,00800,ORGAN
591,B10000*,00100,01000,ADMIN &
591,B10000*,00200,00200,OP PLANT &
591,B10000*,00200,00300,MOVABLE
591,B10000*,00200,00400,BENEFITS
591,B10000*,00200,00500,SUPPLIES
591,B10000*,00200,00800,ACQUISITN
591,B10000*,00200,01000,GENERAL
591,B10000*,00300,00200,HOUSEKEEP
591,B10000*,00300,00300,EQUIPMENT
591,B10000*,00300,00800,COSTS
591,B10000*,00400,00200,SQUARE
591,B10000*,00400,00300,SQUARE
591,B10000*,00400,00400,ADJUST
591,B10000*,00400,00500,COSTED
591,B10000*,00400,00800,NUMBER
591,B10000*,00400,01000,ACCUM
591,B10000*,00500,00200,FEET
591,B10000*,00500,00300,FEET
591,B10000*,00500,00400,SALARIES
591,B10000*,00500,00500,REQUISIT
591,B10000*,00500,00800,ORGANS
591,B10000*,00500,01000,COSTS
591,B10000*,00600,00200,1
591,B10000*,00600,00300,2
591,B10000*,00600,00400,3
591,B10000*,00600,00500,3
591,B10000*,00600,00800,3
591,B10000*,00600,01000,3
591,B100000,00000,01000,X
591,E000000,00900,00000,CONSIGNMENT INVENTORY
591,E000000,02600,00000,OPERATING LEASE ROU ASSET
591,E000000,03100,00000,UNAMORITIZED LOAN COSTS
591,E000000,03900,00000,DEFERRED RENT
591,E000000,04600,00000,OPERATING LEASE LIABILITY/OBLIGATION
591,E100001,00900,00000,TISSUE REVENUES
591,E200000,01500,00000,SPECIAL EVENT REVENUES
591,E200000,01600,00000,MISCELLANEOUS INCOME
591,E200000,01700,00000,BAD DEBT RECOVERY
591,E200000,02000,00000,GAIN ON SALE OF ASSET
591,E200000,02100,00000,UNREALIZED GAIN ON INVESTMENTS
591,E200000,02200,00000,PPP LOAN FORGIVENESS
591,E200000,02600,00000,NON ALLOWABLE EXPENSES
591,E200000,02700,00000,UNREALIZED LOSS ON INVESTMENTS
591,E200000,02701,00000,LOSS ON SALE OF ASSET
591,S000000,00100,00100,X
591,S000000,00400,00100,1
591,S000000,00500,00100,04/23/2024
591,S000000,00600,00100,10001
591,S000000,00700,00100,N
591,S000000,00800,00100,N
591,S000000,01000,00100,4
591,S000001,00100,00100,WE ARE SHARING HOPE SC
591,S000001,00100,00200,42P001
591,S000001,00101,00100,2215 HENRY TECKLENBURG DRIVE
591,S000001,00102,00100,CHARLESTON
591,S000001,00102,00200,SC
591,S000001,00102,00300,29414
591,S000001,00300,00100,01/01/2023
591,S000001,00300,00200,12/31/2023
591,S000001,00400,00100,6
591,S000001,00400,00300,1
591,S000001,00400,00400,05/10/1984
591,S000001,00401,00300,1
591,S000002,00100,00200,Y
591,S000002,00300,00100,CFO
591,S000002,00400,00100,04/23/2024
591,S100001,00700,00100,N
591,S100001,00810,00000,CV
591,S100001,00811,00000,SMALL BOWEL
591,S100001,00812,00000,TISSUE RESEARCH
591,S100001,00813,00000,MULTI VISCERAL
591,S100003,00100,00100,MEDICAL DIRECTOR
591,S100003,00100,00300,MEDICAL DIRECTOR
591,S100003,00100,00500,LAB DIRECTOR
591,S100003,00101,00100,EXEC. DIRECTOR
591,S100003,00101,00300,PROCUREMENT COORDINATOR
591,S100003,00101,00500,TECHNICIANS
591,S100003,00102,00100,CLERICAL
591,S100003,00102,00300,PRESERVATION TECHNICIANS
591,S100003,00102,00500,TISSUE TYPING TECH.
591,S100003,00103,00100,OTHER
591,S100003,00103,00300,OTHER
591,S100003,00103,00500,OTHER
591,S200000,00100,00100,N
591,S200000,00200,00100,N
591,S200000,00300,00100,N
591,S200000,00400,00100,Y
591,S200000,00400,00200,A
591,S200000,00400,00300,05/31/2023
591,S200000,00500,00100,N
591,S200000,00600,00300,CFO
591,S200000,00700,00100,WE ARE SHARING HOPE SC
594,A000000,00100,00000,0100CAPITAL COSTS-BLDG & FIXT
594,A000000,00200,00000,0200CAPITAL COSTS-MVBLE EQUIPMENT
594,A000000,00300,00000,0300EMPLOYEE BENEFITS
594,A000000,00400,00000,0400ADMINISTRATIVE & GENERAL
594,A000000,00500,00000,0500OPERATION AND MAINTENANCE OF PLANT
594,A000000,00600,00000,0600HOUSEKEEPING
594,A000000,00700,00000,0700MEDICAL SUPPLIES
594,A000000,00800,00000,0800OTHER OVERHEAD
594,A000000,00900,00000,0900PROCUREMENT COORDINATORS
594,A000000,01000,00000,1000PROFESSIONAL EDUCATION
594,A000000,01100,00000,1100PUBLIC EDUCATION
594,A000000,01200,00000,1200OTHER ACQUISITION
594,A000000,01300,00000,1300KIDNEY ACQUISITIONS
594,A000000,01400,00000,1400TISSUE TYPING LABORATORY
594,A000000,01500,00000,1500LIVER ACQUISITIONS
594,A000000,01600,00000,1600HEART ACQUISITIONS
594,A000000,01700,00000,1700PANCREAS ACQUISITIONS
594,A000000,01800,00000,1800LUNG ACQUISITIONS
594,A000000,01900,00000,1900OTHER ACQUISITIONS 2
594,A000000,01901,00000,1901OTHER ACQUISITIONS 3
594,A000000,01902,00000,1902OTHER ACQUISITIONS 4
594,A000000,01903,00000,1903OTHER ACQUISITIONS 4
594,A000000,02100,00000,2100RESEARCH
594,A000000,02200,00000,2200BLOOD BANK
594,A000000,02300,00000,2300LABORATORY-NON-TISSUE TYPING
594,A000000,02400,00000,2400DIALYSIS UNITS
594,A000000,02500,00000,2500OTHER NON-REIMBURSABLE
594,A100000,01700,00000,TECHNICAL STAFF
594,A100000,01800,00000,OTHER OUTSIDE SERVICES
594,A100000,01900,00000,FACILITY COSTS
594,A100000,01901,00000,OTHER PEOPLE COSTS
594,A100000,01902,00000,OTHER FINANCIAL EXPENSE
594,A100000,01903,00000,AMORTIZATION-LEASES
594,A20O000,02100,00000,OTHER ACQUISITIONS 1
594,A20O001,02100,00000,OTHER ACQUISITIONS 2
594,A20O002,02100,00000,OTHER ACQUISITIONS 3
594,A20O003,02100,00000,OTHER ACQUISITIONS 4
594,A300000,00600,00000,TECH ASSISTANTS
594,A300000,00700,00000,LAB SUPPLIES
594,A300000,00800,00000,AMORTIZATION-LEASES
594,A300000,00900,00000,EQUIPMENT COSTS
594,A300000,01000,00000,FREIGHT
594,A300000,01001,00000,TELEPHONE
594,A300000,01002,00000,LICENSES/FEES
594,A300000,01003,00000,OTHER PEOPLE COSTS
594,A300000,01004,00000,LIABILITY INSURANCE
594,A300000,01005,00000,OTHER OUTSIDE SERVICES
594,A300000,01006,00000,INTEREST EXPENSE-LAB LEASES
594,A300000,01007,00000,ELECTRCITY
594,A400010,00100,00000,RENT
594,A400010,00100,00100,A
594,A400010,00100,00200,CAPITAL COSTS-BLDG & FIXT
594,A400010,00100,00500,ADMINISTRATIVE & GENERAL
594,A400010,00200,00000,DEPRECIATION
594,A400010,00200,00100,B
594,A400010,00200,00200,CAPITAL COSTS-BLDG & FIXT
594,A400010,00200,00500,ADMINISTRATIVE & GENERAL
594,A400010,00300,00000,JANITORIAL SERVICE
594,A400010,00300,00100,C
594,A400010,00300,00200,CAPITAL COSTS-BLDG & FIXT
594,A400010,00300,00500,ADMINISTRATIVE & GENERAL
594,A400010,00400,00000,INTEREST EXPENSE
594,A400010,00400,00100,D
594,A400010,00400,00200,CAPITAL COSTS-BLDG & FIXT
594,A400010,00400,00500,ADMINISTRATIVE & GENERAL
594,A500010,00100,00100,A
594,A500010,00100,00300,TISSUE TYPING LABORATORY
594,A500010,01200,00100,B
594,A500010,01200,00300,ADMINISTRATIVE & GENERAL
594,A500010,01500,00000,SE DISCOUNTS
594,A500010,01500,00100,A
594,A500010,01500,00300,ADMINISTRATIVE & GENERAL
594,A500010,01501,00000,ATED EXPENSE
594,A500010,01501,00100,A
594,A500010,01501,00300,ADMINISTRATIVE & GENERAL
594,A500010,01502,00000,NTS CLIN LAB
594,A500010,01502,00100,A
594,A500010,01502,00300,LABORATORY-NON-TISSUE TYPING
594,A51000A,00100,00100,N
594,A60000C,00500,00100,N
594,B10000*,00100,00200,CAP BLDG
594,B10000*,00100,00300,CAP COSTS
594,B10000*,00100,00400,EMPLOYEE
594,B10000*,00100,00500,MEDICAL
594,B10000*,00100,00800,ORGAN
594,B10000*,00100,01000,ADMIN &
594,B10000*,00200,00200,OP PLANT &
594,B10000*,00200,00300,MOVABLE
594,B10000*,00200,00400,BENEFITS
594,B10000*,00200,00500,SUPPLIES
594,B10000*,00200,00800,ACQUISITN
594,B10000*,00200,01000,GENERAL
594,B10000*,00300,00200,HOUSEKEEP
594,B10000*,00300,00300,EQUIPMENT
594,B10000*,00300,00800,COSTS
594,B10000*,00400,00200,SQUARE
594,B10000*,00400,00300,DOLLAR
594,B10000*,00400,00400,ADJUST
594,B10000*,00400,00500,COSTED
594,B10000*,00400,00800,NUMBER
594,B10000*,00400,01000,ACCUM
594,B10000*,00500,00200,FEET
594,B10000*,00500,00300,VALUE
594,B10000*,00500,00400,SALARIES
594,B10000*,00500,00500,REQUISIT
594,B10000*,00500,00800,ORGANS
594,B10000*,00500,01000,COSTS
594,B10000*,00600,00200,1
594,B10000*,00600,00300,2
594,B10000*,00600,00400,3
594,B10000*,00600,00500,3
594,B10000*,00600,00800,3
594,B10000*,00600,01000,3
594,B100000,00000,01000,X
594,E000000,00900,00000,OTHER CURRENT ASSETS
594,E000000,02600,00000,RIGHT OF USE ASSETS-SHORT TERM
594,E000000,03100,00000,ROUNDING
594,E000000,03900,00000,RIGHT OF USE LEASE LIABILITY-ST
594,E000000,04100,00000,OTHER FEES/TAXES PAYABLE
594,E000000,04600,00000,RIGHT OF USE LEASE LIABILITY-LT
594,S000000,00100,00100,X
594,S000000,00400,00100,1
594,S000000,00500,00100,05/06/2024
594,S000000,00600,00100,10001
594,S000000,00700,00100,N
594,S000000,00800,00100,N
594,S000000,01000,00100,4
594,S000001,00100,00100,SOUTHWEST IMMUNODIAGNOSTICS  INC.
594,S000001,00100,00200,45HL04
594,S000001,00101,00100,5800 NW PARKWAY SUITE 139
594,S000001,00102,00100,SAN ANTONIO
594,S000001,00102,00200,TX
594,S000001,00102,00300,78249
594,S000001,00300,00100,01/01/2023
594,S000001,00300,00200,12/31/2023
594,S000001,00400,00100,2
594,S000001,00400,00300,2
594,S000001,00400,00400,02/07/1985
594,S000001,00401,00300,1
594,S000002,00300,00100,DIRECTOR OF FINANCE
594,S100001,00700,00100,N
594,S100001,00810,00000,OTHER
594,S100002,00400,00100,BLOOD TYPING  ABO ONLY
594,S100002,00401,00100,BLOOD TYPING  ABO ONLY (3/2023)
594,S100002,00402,00100,AUTOCROSSMATCH
594,S100002,00403,00100,LD SERUM FREEZE FEE
594,S100002,00404,00100,LD SERUM FREEZE FEE (3/2023)
594,S100002,00405,00100,NGS HLA CLASS I AND II
594,S100002,00406,00100,DNA HLA CLASS I AND II
594,S100002,00407,00100,HLA-DR: DNA
594,S100002,00408,00100,HLA-DD: SSP CLASS I
594,S100002,00409,00100,HLA-DD: DNA CLASS II
594,S100002,00410,00100,ABO ISOAGGLUTIN ANTIBODY TITER
594,S100002,00411,00100,ABO ISOAGGLUTIN ANTIBODY TITER (3/20
594,S100002,00412,00100,FLOW CROSSMATCH
594,S100002,00413,00100,FLOW CROSSMATCH (STAT)
594,S100002,00414,00100,ANTIBODY SCREEN BY FLOW
594,S100002,00415,00100,ANTIBODY SCREEN BY FLOW (3/2023)
594,S100002,00416,00100,ANTIBODY SPECIFICITY CLASS I
594,S100002,00417,00100,ANTIBODY SPECIFICITY CLASS I  (3/202
594,S100002,00418,00100,ANTIBODY SPECIFICITY CLASS II
594,S100002,00419,00100,ANTIBODY SPECIFICITY CLASS II (3/202
594,S100002,00420,00100,ABO ISOAGGLUTIN ANTIBODY TITER (STAT
594,S100002,00421,00100,ABO ISOAGGLUTIN ANTIBODY TITER (STAT
594,S100002,00422,00100,HLA-A B C DNA (LOW RESOLUTION)
594,S100002,00423,00100,AHG - ABO TITER
594,S100002,00424,00100,AHG - ABO TITER (3/2023)
594,S100002,00425,00100,HLA - DP TYPING
594,S100002,00426,00100,FLOW CROSSMATCH W/ TITER
594,S100002,00427,00100,ANTIBODY SPECIFICITY CLASS I (STAT)
594,S100002,00428,00100,ANTIBODY SPECIFICITY CLASS II (STAT)
594,S100002,00429,00100,CELL ISOLATION AND FREEZE
594,S100002,00430,00100,CELL ISOLATION AND FREEZE (3/2023)
594,S100002,00431,00100,ABO BLOOD GROUP-MOLECULAR
594,S100002,00432,00100,ABO BLOOD GROUP-MOLECULAR (3/2023)
594,S100002,00433,00100,ABO BLOOD GROUP-MOLECULAR (STAT)
594,S100002,00434,00100,ABO BLOOD GROUP-MOLECULAR (STAT) (3/
594,S100002,00435,00100,FLOW CROSSMATCH W/TITER (STAT)
594,S100002,00436,00100,BLOOD TYPING  ABO ONLY
594,S100002,00437,00100,BLOOD TYPING  ABO ONLY (3/2023)
594,S100002,00438,00100,DD HLA TYPING
594,S100002,00439,00100,HLA-DD: SSP CLASS I
594,S100002,00440,00100,HLA-DD: DNA CLASS II
594,S100002,00441,00100,HLA-DD: DP TYPING
594,S100002,00442,00100,ABO BLOOD GROUP-MOLECULAR (STAT)
594,S100002,00443,00100,ABO BLOOD GROUP-MOLECULAR (STAT) (3/
594,S100003,00100,00100,MEDICAL DIRECTOR
594,S100003,00100,00300,MEDICAL DIRECTOR
594,S100003,00100,00500,LAB DIRECTOR
594,S100003,00101,00100,EXEC. DIRECTOR
594,S100003,00101,00300,PROCUREMENT COORDINATOR
594,S100003,00101,00500,TECHNICIANS
594,S100003,00102,00100,CLERICAL
594,S100003,00102,00300,PRESERVATION TECHNICIANS
594,S100003,00102,00500,TISSUE TYPING TECH.
594,S100003,00103,00100,OTHER
594,S100003,00103,00300,OTHER
594,S100003,00103,00500,OTHER
594,S200000,00100,00100,N
594,S200000,00200,00100,N
594,S200000,00300,00100,N
594,S200000,00400,00100,Y
594,S200000,00400,00200,R
594,S200000,00500,00100,N
594,S200000,00600,00300,DIRECTOR OF FINANCE
594,S200000,00700,00100,SOUTHWEST IMMUNODIAGNOSTICS  INC.
596,A000000,00100,00000,0100CAPITAL COSTS-BLDG & FIXT
596,A000000,00200,00000,0200CAPITAL COSTS-MVBLE EQUIPMENT
596,A000000,00300,00000,0300EMPLOYEE BENEFITS
596,A000000,00400,00000,0400ADMINISTRATIVE & GENERAL
596,A000000,00500,00000,0500OPERATION AND MAINTENANCE OF PLANT
596,A000000,00600,00000,0600HOUSEKEEPING
596,A000000,00700,00000,0700MEDICAL SUPPLIES
596,A000000,00800,00000,0800OTHER OVERHEAD
596,A000000,00900,00000,0900PROCUREMENT COORDINATORS
596,A000000,01000,00000,1000PROFESSIONAL EDUCATION
596,A000000,01100,00000,1100PUBLIC EDUCATION
596,A000000,01200,00000,1200REFERRAL CENTER
596,A000000,01300,00000,1300KIDNEY ACQUISITIONS
596,A000000,01400,00000,1400TISSUE TYPING LABORATORY
596,A000000,01500,00000,1500LIVER ACQUISITIONS
596,A000000,01600,00000,1600HEART ACQUISITIONS
596,A000000,01700,00000,1700PANCREAS ACQUISITIONS
596,A000000,01800,00000,1800LUNG ACQUISITIONS
596,A000000,01900,00000,1900SMALL BOWEL
596,A000000,02100,00000,2100RESEARCH
596,A000000,02200,00000,2200BLOOD BANK
596,A000000,02300,00000,2300LABORATORY-NON-TISSUE TYPING
596,A000000,02400,00000,2400DIALYSIS UNITS
596,A000000,02500,00000,2500TISSUE
596,A000000,02501,00000,2501MEMORIAL
596,A000000,02502,00000,2503OTHER NON-REIMBURSABLE-DTI
596,A000000,02503,00000,2502OTHER NON-REIMBURSABLE-MERGER
596,A100000,01700,00000,OTHER
596,A100000,01800,00000,NONREIMBURSEABLE
596,A100000,01900,00000,CONSULTING
596,A100000,01901,00000,PURCHASED SERVICES
596,A100000,01902,00000,DUES/SUBSCRIPTIONS
596,A100000,01903,00000,SPECIALITY ITEMS
596,A20H000,00900,00000,OTHER HOSPITAL EXCISION COSTS
596,A20H000,00901,00000,DONOR HOSPITAL CHARGES ACCRUAL
596,A20H000,02100,00000,OTHER PROFESSIONAL FEES
596,A20K000,00900,00000,OTHER HOSPITAL EXCISION COSTS
596,A20K000,00901,00000,DONOR HOSPITAL CHARGES ACCRUAL
596,A20K000,02100,00000,OTHER PROFESSIONAL FEES
596,A20L000,00900,00000,OTHER HOSPITAL EXCISION COSTS
596,A20L000,00901,00000,DONOR HOSPITAL CHARGES ACCRUAL
596,A20L000,02100,00000,OTHER PROFESSIONAL FEES
596,A20O000,00900,00000,OTHER HOSPITAL EXCISION COSTS
596,A20O000,00901,00000,DONOR HOSPITAL CHARGES ACCRUAL
596,A20O000,02100,00000,OTHER PROFESSIONAL FEES
596,A20P000,00900,00000,OTHER HOSPITAL EXCISION COSTS
596,A20P000,00901,00000,DONOR HOSPITAL CHARGES ACCRUAL
596,A20P000,02100,00000,OTHER PROFESSIONAL FEES
596,A20U000,00900,00000,OTHER HOSPITAL EXCISION COSTS
596,A20U000,00901,00000,DONOR HOSPITAL CHARGES ACCRUAL
596,A20U000,02100,00000,OTHER PROFESSIONAL FEES
596,A400010,00100,00000,RECLASSIFICATIONS
596,A400010,00100,00100,A
596,A400010,00100,00200,TISSUE
596,A400010,00100,00500,PROCUREMENT COORDINATORS
596,A400010,00200,00000,RECLASSIFICATIONS
596,A400010,00200,00100,A
596,A400010,00200,00200,TISSUE
596,A400010,00200,00500,PROFESSIONAL EDUCATION
596,A400010,00300,00000,RECLASSIFICATIONS
596,A400010,00300,00100,A
596,A400010,00300,00200,TISSUE
596,A400010,00300,00500,PUBLIC EDUCATION
596,A400010,00400,00000,RECLASSIFICATIONS
596,A400010,00400,00100,A
596,A400010,00400,00200,TISSUE
596,A400010,00400,00500,REFERRAL CENTER
596,A400010,00500,00000,RECLASSIFICATIONS
596,A400010,00500,00100,A
596,A400010,00500,00200,ADMINISTRATIVE & GENERAL
596,A400010,00500,00500,EMPLOYEE BENEFITS
596,A500010,00700,00100,B
596,A500010,00700,00300,CAPITAL COSTS-BLDG & FIXT
596,A500010,00800,00100,B
596,A500010,00800,00300,PROCUREMENT COORDINATORS
596,A500010,01500,00000,IMPORT REVENUE
596,A500010,01500,00100,B
596,A500010,01500,00300,PROCUREMENT COORDINATORS
596,A500010,01501,00000,OTHER ORGAN
596,A500010,01501,00100,B
596,A500010,01501,00300,PROCUREMENT COORDINATORS
596,A500010,01502,00000,LOBBYING
596,A500010,01502,00100,A
596,A500010,01502,00300,ADMINISTRATIVE & GENERAL
596,A500010,01503,00000,CALL CENTER FEES
596,A500010,01503,00100,B
596,A500010,01503,00300,REFERRAL CENTER
596,A500010,01600,00000,NONREIMBURSEABLE EXPENSES
596,A500010,01600,00100,A
596,A500010,01600,00300,ADMINISTRATIVE & GENERAL
596,A500010,01601,00000,OPO MERGER-RELATED EXPENSES
596,A500010,01601,00100,A
596,A500010,01601,00300,OTHER NON-REIMBURSABLE-MERGER
596,A51000A,00100,00100,N
596,A60000C,00500,00100,N
596,B10000*,00100,00200,CAP BLDG
596,B10000*,00100,00300,CAP COSTS
596,B10000*,00100,00400,EMPLOYEE
596,B10000*,00100,00500,MEDICAL
596,B10000*,00100,00800,ORGAN
596,B10000*,00100,01000,ADMIN &
596,B10000*,00200,00200,OP PLANT &
596,B10000*,00200,00300,MOVABLE
596,B10000*,00200,00400,BENEFITS
596,B10000*,00200,00500,SUPPLIES
596,B10000*,00200,00800,ACQUISITN
596,B10000*,00200,01000,GENERAL
596,B10000*,00300,00200,HOUSEKEEP
596,B10000*,00300,00300,EQUIPMENT
596,B10000*,00300,00800,COSTS
596,B10000*,00400,00200,SQUARE
596,B10000*,00400,00300,DOLLAR
596,B10000*,00400,00400,ADJUST
596,B10000*,00400,00500,COSTED
596,B10000*,00400,00800,NUMBER
596,B10000*,00400,01000,ACCUM
596,B10000*,00500,00200,FEET
596,B10000*,00500,00300,VALUE
596,B10000*,00500,00400,SALARIES
596,B10000*,00500,00500,REQUISIT
596,B10000*,00500,00800,ORGANS
596,B10000*,00500,01000,COSTS
596,B10000*,00600,00200,1
596,B10000*,00600,00300,2
596,B10000*,00600,00400,3
596,B10000*,00600,00500,3
596,B10000*,00600,00800,3
596,B10000*,00600,01000,3
596,B100000,00000,01000,X
596,E000000,00900,00000,MEDICARE RECEIVABLE
596,E000000,02600,00000,OTHER FIXED ASSETS
596,E000000,03100,00000,INVEST IN SUPP CO/RIGHT-OF-USE ASSET
596,E000000,04600,00000,LEASE LAIBILITY - OPERATING LEASES
596,E000000,04700,00000,DEFERRED COMPENSATION
596,E100001,00700,00000,TISSUE REVENUE
596,E100001,00800,00000,RESEARCH REVENUE
596,E100001,00900,00000,MEDICARE RECEIVABLE 2023 ESTIMATE
596,E100002,00300,00000,MISC ROUNDING
596,E200000,02000,00000,LIFECENTER MEMORIAL INCOME
596,E200000,02100,00000,OTHER MISC INCOME
596,E200000,02200,00000,COMM CENTER INCOME
596,E200000,02300,00000,LEASE INCOME
596,E200000,02301,00000,INCOME FR INVESTMENT IN SUPPORT ORG
596,S000000,00100,00100,X
596,S000000,00400,00100,1
596,S000000,00500,00100,05/09/2024
596,S000000,00600,00100,10001
596,S000000,00700,00100,N
596,S000000,00800,00100,N
596,S000000,01000,00100,4
596,S000001,00100,00100,LIFECENTER ORGAN DONOR NETWORK
596,S000001,00100,00200,36P003
596,S000001,00101,00100,615 ELSINORE PLACE  SUITE 400
596,S000001,00102,00100,CINCINNATI
596,S000001,00102,00200,OH
596,S000001,00102,00300,45202
596,S000001,00300,00100,01/01/2023
596,S000001,00300,00200,12/31/2023
596,S000001,00400,00100,2
596,S000001,00400,00300,1
596,S000001,00400,00400,05/06/1983
596,S000001,00401,00100,6
596,S000001,00401,00300,1
596,S000002,00100,00200,Y
596,S000002,00300,00100,FINANCE & ACCOUNTING MANAGER
596,S000002,00400,00100,05/09/2024
596,S100001,00700,00100,N
596,S100001,00810,00000,OTHER-VEINS
596,S100003,00100,00100,MEDICAL DIRECTOR
596,S100003,00100,00300,MEDICAL DIRECTOR
596,S100003,00100,00500,LAB DIRECTOR
596,S100003,00101,00100,EXEC. DIRECTOR
596,S100003,00101,00300,PROCUREMENT COORDINATOR
596,S100003,00101,00500,TECHNICIANS
596,S100003,00102,00100,CLERICAL
596,S100003,00102,00300,PRESERVATION TECHNICIANS
596,S100003,00102,00500,TISSUE TYPING TECH.
596,S100003,00103,00100,OTHER
596,S100003,00103,00300,OTHER
596,S100003,00103,00500,OTHER
596,S200000,00100,00100,N
596,S200000,00200,00100,N
596,S200000,00300,00100,N
596,S200000,00400,00100,Y
596,S200000,00400,00200,A
596,S200000,00400,00300,05/31/2024
596,S200000,00500,00100,N
596,S200000,00600,00300,FINANCE & ACCOUNTING MANAGER
596,S200000,00700,00100,LIFECENTER ORGAN DONOR NETWORK
597,A000000,00100,00000,0100CAPITAL COSTS-BLDG & FIXT
597,A000000,00200,00000,0200CAPITAL COSTS-MVBLE EQUIPMENT
597,A000000,00300,00000,0300EMPLOYEE BENEFITS
597,A000000,00400,00000,0400ADMINISTRATIVE & GENERAL
597,A000000,00500,00000,0500OPERATION AND MAINTENANCE OF PLANT
597,A000000,00600,00000,0600HOUSEKEEPING
597,A000000,00700,00000,0700MEDICAL SUPPLIES
597,A000000,00800,00000,0800OTHER OVERHEAD
597,A000000,00900,00000,0900PROCUREMENT COORDINATORS
597,A000000,01000,00000,1000PROFESSIONAL EDUCATION
597,A000000,01100,00000,1100PUBLIC EDUCATION
597,A000000,01200,00000,1200OTHER ACQUISITION
597,A000000,01300,00000,1300KIDNEY ACQUISITIONS
597,A000000,01400,00000,1400TISSUE TYPING LABORATORY
597,A000000,01500,00000,1500LIVER ACQUISITIONS
597,A000000,01600,00000,1600HEART ACQUISITIONS
597,A000000,01700,00000,1700PANCREAS ACQUISITIONS
597,A000000,01800,00000,1800LUNG ACQUISITIONS
597,A000000,01900,00000,1900OTHER ACQUISITIONS
597,A000000,02100,00000,2100RESEARCH
597,A000000,02200,00000,2200BLOOD BANK
597,A000000,02300,00000,2300LABORATORY-NON-TISSUE TYPING
597,A000000,02400,00000,2400DIALYSIS UNITS
597,A000000,02500,00000,2500TISSUE
597,A000000,02501,00000,2501EYE UNIT
597,A100000,01700,00000,VEHICLE EXPENSE
597,A100000,01800,00000,OFFICE MEETING EXPENSE
597,A100000,01900,00000,INVESTMENT FEES
597,A100000,01901,00000,PRINTING AND POSTAGE
597,A20H000,00900,00000,CASE RATE - CANNOT SEPARATE
597,A20K000,00900,00000,CASE RATE - CANNOT SEPARATE
597,A20L000,00900,00000,CASR RATE - CANNOT SEPARATE
597,A20O000,00900,00000,CASE RATE CANNOT SEPARATE
597,A20O001,00900,00000,CASE RATE CANNOT SEPARATE
597,A20P000,00900,00000,CASE RATE - CANNOT SEPARATE
597,A20U000,00900,00000,CASE RATE - CANNOT SEPARATE
597,A400010,00100,00000,RECLASSIFICATIONS
597,A400010,00100,00100,A
597,A400010,00100,00200,KIDNEY ACQUISITIONS
597,A400010,00100,00500,LABORATORY-NON-TISSUE TYPING
597,A400010,00200,00000,RECLASSIFICATIONS
597,A400010,00200,00100,A
597,A400010,00200,00200,HEART ACQUISITIONS
597,A400010,00200,00500,LABORATORY-NON-TISSUE TYPING
597,A400010,00300,00000,RECLASSIFICATIONS
597,A400010,00300,00100,A
597,A400010,00300,00200,LIVER ACQUISITIONS
597,A400010,00300,00500,LABORATORY-NON-TISSUE TYPING
597,A400010,00400,00000,RECLASSIFICATIONS
597,A400010,00400,00100,A
597,A400010,00400,00200,PANCREAS ACQUISITIONS
597,A400010,00400,00500,LABORATORY-NON-TISSUE TYPING
597,A400010,00500,00000,RECLASSIFICATIONS
597,A400010,00500,00100,A
597,A400010,00500,00200,TISSUE
597,A400010,00500,00500,LABORATORY-NON-TISSUE TYPING
597,A400010,00600,00000,RECLASSIFICATIONS
597,A400010,00600,00100,A
597,A400010,00600,00200,EYE UNIT
597,A400010,00600,00500,LABORATORY-NON-TISSUE TYPING
597,A400010,00700,00000,RECLASSIFICATIONS
597,A400010,00700,00100,A
597,A400010,00700,00200,LUNG ACQUISITIONS
597,A400010,00700,00500,LABORATORY-NON-TISSUE TYPING
597,A400010,00800,00000,RECLASSIFICATIONS
597,A400010,00800,00100,A
597,A400010,00800,00200,LABORATORY-NON-TISSUE TYPING
597,A400010,00800,00500,CAPITAL COSTS-BLDG & FIXT
597,A400010,00900,00000,RECLASSIFICATIONS
597,A400010,00900,00100,A
597,A400010,00900,00200,EYE UNIT
597,A400010,00900,00500,CAPITAL COSTS-BLDG & FIXT
597,A400010,01000,00000,RECLASSIFICATIONS
597,A400010,01000,00100,A
597,A400010,01000,00200,TISSUE
597,A400010,01000,00500,PROCUREMENT COORDINATORS
597,A500010,00800,00100,B
597,A500010,00800,00300,LIVER ACQUISITIONS
597,A500010,01500,00000,LOBBYING
597,A500010,01500,00100,A
597,A500010,01500,00300,ADMINISTRATIVE & GENERAL
597,A500010,01501,00000,DISALLOWED EXPENSES
597,A500010,01501,00100,A
597,A500010,01501,00300,PROCUREMENT COORDINATORS
597,A500010,01502,00000,IINVESTMENT FEES
597,A500010,01502,00100,A
597,A500010,01502,00300,ADMINISTRATIVE & GENERAL
597,A500010,01503,00000,ORGANS FOR RESEARCH
597,A500010,01503,00100,B
597,A500010,01503,00300,KIDNEY ACQUISITIONS
597,A500010,01504,00000,ORGANS FOR RESEARCH
597,A500010,01504,00100,B
597,A500010,01504,00300,HEART ACQUISITIONS
597,A500010,01505,00000,ORGANS FOR RESEARCH
597,A500010,01505,00100,B
597,A500010,01505,00300,PANCREAS ACQUISITIONS
597,A500010,01506,00000,ORGANS FOR RESEARCH
597,A500010,01506,00100,B
597,A500010,01506,00300,LUNG ACQUISITIONS
597,A500010,01507,00000,ORGANS FOR RESEARCH
597,A500010,01507,00100,B
597,A500010,01507,00300,OTHER ACQUISITIONS
597,A500010,01508,00000,FUNERAL HOME EXPENSES
597,A500010,01508,00100,A
597,A500010,01508,00300,PROFESSIONAL EDUCATION
597,A51000A,00100,00100,N
597,A60000A,00700,00000,OFFICE EQUIPMENT
597,A60000A,00701,00000,ORGANIZATIONAL COSTS
597,A60000B,00800,00000,OFFICE EQUIPMENT
597,A60000B,00801,00000,ORGANIZATIONAL COSTS
597,A60000C,00500,00100,Y
597,B10000*,00100,00200,CAP BLDG
597,B10000*,00100,00300,CAP COSTS
597,B10000*,00100,00400,EMPLOYEE
597,B10000*,00100,00500,MEDICAL
597,B10000*,00100,00800,ORGAN
597,B10000*,00100,01000,ADMIN &
597,B10000*,00200,00200,OP PLANT &
597,B10000*,00200,00300,MOVABLE
597,B10000*,00200,00400,BENEFITS
597,B10000*,00200,00500,SUPPLIES
597,B10000*,00200,00800,ACQUISITN
597,B10000*,00200,01000,GENERAL
597,B10000*,00300,00200,HOUSEKEEP
597,B10000*,00300,00300,EQUIPMENT
597,B10000*,00300,00800,COSTS
597,B10000*,00400,00200,SQUARE
597,B10000*,00400,00300,DOLLAR
597,B10000*,00400,00400,ADJUST
597,B10000*,00400,00500,COSTED
597,B10000*,00400,00800,NUMBER
597,B10000*,00400,01000,ACCUM
597,B10000*,00500,00200,FEET
597,B10000*,00500,00300,VALUE
597,B10000*,00500,00400,SALARIES
597,B10000*,00500,00500,REQUISIT
597,B10000*,00500,00800,ORGANS
597,B10000*,00500,01000,COSTS
597,B10000*,00600,00200,1
597,B10000*,00600,00300,2
597,B10000*,00600,00400,3
597,B10000*,00600,00500,3
597,B10000*,00600,00800,3
597,B10000*,00600,01000,3
597,B100000,00000,01000,X
597,E000000,00900,00000,OTHER CURRENT ASSETS
597,E000000,02600,00000,ORGANIZATIONAL COSTS
597,E100001,00700,00000,MEDICARE UNDERPAYMENT BOOKED
597,E100001,00800,00000,CORNEA
597,E100001,00900,00000,OTHER
597,E100001,00901,00000,TISSUE REVENUE
597,E200000,01500,00000,GRANTS STATE
597,E200000,02000,00000,GAIN ON SALE OF INVESTMENTS
597,E200000,02100,00000,GAIN ON SALE OF EQUIPMENT
597,E200000,02200,00000,UNREALIZED GAIN ON INVESTMETNTS
597,E200000,02300,00000,MISCELLANEOUS INCOME
597,E200000,02600,00000,INVESTMENT MANAGEMENT FEES
597,E200000,02700,00000,OTHER EXPENSES
597,E200000,02701,00000,UNREALIZED LOSS ON INVESTMENTS
597,E200000,02702,00000,LOSS ON SALE OF EQUIPMENT
597,S000000,00100,00100,X
597,S000000,00400,00100,1
597,S000000,00500,00100,05/10/2024
597,S000000,00600,00100,10001
597,S000000,00700,00100,N
597,S000000,00800,00100,N
597,S000000,01000,00100,4
597,S000001,00100,00100,CENTER FOR ORGAN RECOVERY AND EDUCAT
597,S000001,00100,00200,39P002
597,S000001,00101,00100,204 SIGMA DRIVE
597,S000001,00102,00100,PITTSBURGH
597,S000001,00102,00200,PA
597,S000001,00102,00300,15238
597,S000001,00300,00100,01/01/2023
597,S000001,00300,00200,12/31/2023
597,S000001,00400,00100,6
597,S000001,00400,00300,1
597,S000001,00400,00400,12/01/1977
597,S000001,00401,00300,1
597,S000002,00100,00200,Y
597,S000002,00300,00100,CFO
597,S000002,00400,00100,05/08/2024
597,S100001,00700,00100,N
597,S100001,00810,00000,INTESTINE
597,S100003,00100,00100,MEDICAL DIRECTOR
597,S100003,00100,00300,MEDICAL DIRECTOR
597,S100003,00100,00500,LAB DIRECTOR
597,S100003,00101,00100,EXEC. DIRECTOR
597,S100003,00101,00300,PROCUREMENT COORDINATOR
597,S100003,00101,00500,TECHNICIANS
597,S100003,00102,00100,CLERICAL
597,S100003,00102,00300,PRESERVATION TECHNICIANS
597,S100003,00102,00500,TISSUE TYPING TECH.
597,S100003,00103,00100,OTHER
597,S100003,00103,00300,OTHER
597,S100003,00103,00500,OTHER
597,S200000,00100,00100,N
597,S200000,00200,00100,N
597,S200000,00300,00100,N
597,S200000,00400,00100,Y
597,S200000,00400,00200,A
597,S200000,00500,00100,N
597,S200000,00600,00300,CFO
597,S200000,00700,00100,CENTER FOR ORGAN RECOVERYAND EDUCATI
598,A000000,00100,00000,0100CAPITAL COSTS-BLDG & FIXT
598,A000000,00200,00000,0200CAPITAL COSTS-MVBLE EQUIPMENT
598,A000000,00300,00000,0300EMPLOYEE BENEFITS
598,A000000,00400,00000,0400ADMINISTRATIVE & GENERAL
598,A000000,00500,00000,0500OPERATION AND MAINTENANCE OF PLANT
598,A000000,00600,00000,0600HOUSEKEEPING
598,A000000,00700,00000,0700MEDICAL SUPPLIES
598,A000000,00800,00000,0800OTHER OVERHEAD
598,A000000,00900,00000,0900PROCUREMENT COORDINATORS
598,A000000,01000,00000,1000PROFESSIONAL EDUCATION
598,A000000,01100,00000,1100PUBLIC EDUCATION
598,A000000,01200,00000,1200OTHER ACQUISITION
598,A000000,01300,00000,1300KIDNEY ACQUISITIONS
598,A000000,01400,00000,1400TISSUE TYPING LABORATORY
598,A000000,01500,00000,1500LIVER ACQUISITIONS
598,A000000,01600,00000,1600HEART ACQUISITIONS
598,A000000,01700,00000,1700PANCREAS ACQUISITIONS
598,A000000,01800,00000,1800LUNG ACQUISITIONS
598,A000000,01900,00000,1900OTHER ACQUISITIONS
598,A000000,02100,00000,2100RESEARCH
598,A000000,02200,00000,2200BLOOD BANK
598,A000000,02300,00000,2300LABORATORY-NON-TISSUE TYPING
598,A000000,02400,00000,2400DIALYSIS UNITS
598,A000000,02500,00000,2500OTHER NON-REIMBURSABLE TISSUE
598,A000000,02501,00000,2501OTHER NON-REIMBURSABLE  OCULAR
598,A100000,01700,00000,TEMPORARY HELP
598,A100000,01800,00000,EMPLOYEE BENEFITS
598,A100000,01900,00000,RECRUITMENT
598,A100000,01901,00000,COMPUTER
598,A100000,01902,00000,MINOR EQUIPMENT
598,A100000,01903,00000,REFERENCE MATERIALS
598,A100000,01904,00000,POSTAGE AND COURIER
598,A100000,01905,00000,PRINTING
598,A100000,01906,00000,DEPRECIATION
598,A100000,01907,00000,REPAIRS AND MAINTENANCE
598,A100000,01908,00000,BUILDING OPERATING EXPENSE
598,A100000,01909,00000,OTHER PURCHASED SERVICES
598,A100000,01910,00000,DUES AND MEMBERSHIPS
598,A100000,01911,00000,MEETING AND ORGANIZATIONAL EXPENSE
598,A100000,01912,00000,BANK CHARGES
598,A100000,01913,00000,BOND INTEREST AND FEES
598,A100000,01914,00000,BAD DEBT
598,A20H000,00900,00000,OTHER EXCISION HOSPITAL COSTS IBNR -
598,A20H000,00901,00000,HOSPITAL COSTS
598,A20H000,02100,00000,OTHER ACQUISITION AND COORDINATION
598,A20H000,02101,00000,SEROLOGIES
598,A20H000,02102,00000,COORDINATION
598,A20H000,02103,00000,EMBALMING
598,A20K000,00900,00000,OTHER EXCISION HOSPITAL COST IBNR
598,A20K000,00901,00000,HOSPITAL COSTS
598,A20K000,02100,00000,OTHER ACQUISITION AND COORDINATION
598,A20K000,02101,00000,SEROLOGIES
598,A20K000,02102,00000,COORDINATION
598,A20K000,02103,00000,EMBALMING
598,A20L000,00900,00000,OTHER EXCISION HOSPITAL COSTS IBNR
598,A20L000,00901,00000,HOSPITAL COSTS
598,A20L000,02100,00000,OTHER AXQUISITION AND COORDINATION
598,A20L000,02101,00000,SEROLOGIES
598,A20L000,02102,00000,COORDINATION
598,A20L000,02103,00000,EMBALMING
598,A20O000,00900,00000,OTHER EXCISION HOSPITAL COSTS IBNR
598,A20O000,00901,00000,HOSPITAL COSTS
598,A20O000,02100,00000,OTHER ACQUISITION AND COORDINATION
598,A20O000,02101,00000,SEROLOGIES
598,A20O000,02102,00000,COORDINATION
598,A20O000,02103,00000,EMBALMING
598,A20P000,00900,00000,OTHER EXCISION HOSPITAL COSTS IBNR
598,A20P000,00901,00000,HOSPITAL COSTS
598,A20P000,02100,00000,OTHER ACQUISITION AND COORDINATION
598,A20P000,02101,00000,SEROLOGIES
598,A20P000,02102,00000,COORDINATION
598,A20P000,02103,00000,EMBALMING
598,A20U000,00900,00000,OTHER EXCISION HOSPITAL COST IBNR
598,A20U000,00901,00000,HOSPITAL COSTS
598,A20U000,02100,00000,OTHER ACQUISITION AND COORDINATION
598,A20U000,02101,00000,SEROLOGIES
598,A20U000,02102,00000,COORDINATION
598,A20U000,02103,00000,EMBALMING
598,A400010,00100,00000,OFFICE RENT TO CAPITAL COST-BLDG
598,A400010,00100,00100,A
598,A400010,00100,00200,CAPITAL COSTS-BLDG & FIXT
598,A400010,00100,00500,ADMINISTRATIVE & GENERAL
598,A400010,00200,00000,MOVABLE EQUIP0MENT
598,A400010,00200,00100,B
598,A400010,00200,00200,CAPITAL COSTS-MVBLE EQUIPMENT
598,A400010,00200,00500,ADMINISTRATIVE & GENERAL
598,A400010,00300,00000,EMPLOYEE BENEFITS
598,A400010,00300,00100,C
598,A400010,00300,00200,EMPLOYEE BENEFITS
598,A400010,00300,00500,ADMINISTRATIVE & GENERAL
598,A400010,00400,00000,CELL PHONE
598,A400010,00400,00100,D
598,A400010,00400,00200,PROCUREMENT COORDINATORS
598,A400010,00400,00500,ADMINISTRATIVE & GENERAL
598,A400010,00500,00000,TISSUE ALLOCATION OVERHEAD
598,A400010,00500,00100,E
598,A400010,00500,00200,OTHER NON-REIMBURSABLE TISSUE
598,A400010,00500,00500,PROFESSIONAL EDUCATION
598,A400010,00600,00000,TISSUE ALLOCATION OVERHEAD
598,A400010,00600,00100,E
598,A400010,00600,00200,OTHER NON-REIMBURSABLE TISSUE
598,A400010,00600,00500,PUBLIC EDUCATION
598,A400010,00700,00000,TISSUE ALLOCATION OVERHEAD
598,A400010,00700,00100,E
598,A400010,00700,00200,OTHER NON-REIMBURSABLE TISSUE
598,A400010,00700,00500,PROCUREMENT COORDINATORS
598,A400010,00800,00000,ADMIN CAPITAL COST
598,A400010,00800,00100,F
598,A400010,00800,00200,ADMINISTRATIVE & GENERAL
598,A400010,00800,00500,CAPITAL COSTS-BLDG & FIXT
598,A400010,00900,00000,ADMIN CAPITAL COST
598,A400010,00900,00100,F
598,A400010,00900,00200,ADMINISTRATIVE & GENERAL
598,A400010,00900,00500,CAPITAL COSTS-MVBLE EQUIPMENT
598,A400010,01000,00000,TISSUE RECOVERY COST
598,A400010,01000,00100,G
598,A400010,01000,00200,OTHER NON-REIMBURSABLE TISSUE
598,A400010,01000,00500,CAPITAL COSTS-BLDG & FIXT
598,A400010,01100,00000,OCULAR ALLOCATION OVERHEAD
598,A400010,01100,00100,H
598,A400010,01100,00200,OTHER NON-REIMBURSABLE  OCULAR
598,A400010,01100,00500,PROFESSIONAL EDUCATION
598,A400010,01200,00000,OCULAR ALLOCATION OVERHEAD
598,A400010,01200,00100,H
598,A400010,01200,00200,OTHER NON-REIMBURSABLE  OCULAR
598,A400010,01200,00500,PUBLIC EDUCATION
598,A500010,00800,00100,B
598,A500010,00800,00300,PROCUREMENT COORDINATORS
598,A500010,00900,00100,A
598,A500010,00900,00300,PROFESSIONAL EDUCATION
598,A500010,01600,00000,AOPO LOBBYING EXPENSE
598,A500010,01600,00100,A
598,A500010,01600,00300,ADMINISTRATIVE & GENERAL
598,A500010,01601,00000,LOBBYING EXPENSE
598,A500010,01601,00100,A
598,A500010,01601,00300,ADMINISTRATIVE & GENERAL
598,A500010,01602,00000,LOBBYING EXPENSE
598,A500010,01602,00100,A
598,A500010,01602,00300,PUBLIC EDUCATION
598,A500010,01603,00000,VRL RENT REVENUE
598,A500010,01603,00100,B
598,A500010,01603,00300,CAPITAL COSTS-BLDG & FIXT
598,A500010,01604,00000,FUNDRAISING COST
598,A500010,01604,00100,A
598,A500010,01604,00300,PUBLIC EDUCATION
598,A500010,01605,00000,DSC REVENUE
598,A500010,01605,00100,B
598,A500010,01605,00300,ADMINISTRATIVE & GENERAL
598,A500010,01606,00000,PAIRED KIDNEY EXCHANGE SALARY AND EX
598,A500010,01606,00100,A
598,A500010,01606,00300,PROCUREMENT COORDINATORS
598,A500010,01607,00000,PAIRED KIDNEY EXCHANGE KIDNEY
598,A500010,01607,00100,A
598,A500010,01607,00300,KIDNEY ACQUISITIONS
598,A500010,01608,00000,PAIRED KIDNEY EXCHANGE HEART
598,A500010,01608,00100,A
598,A500010,01608,00300,HEART ACQUISITIONS
598,A500010,01609,00000,PAIRED KIDNEY EXCHANGE LIVER
598,A500010,01609,00100,A
598,A500010,01609,00300,LIVER ACQUISITIONS
598,A500010,01610,00000,PAIRED KIDNEY EXCHANGE PANCREAS
598,A500010,01610,00100,A
598,A500010,01610,00300,PANCREAS ACQUISITIONS
598,A500010,01611,00000,PAIRED KIDNEY EXCHANGE LUNG
598,A500010,01611,00100,A
598,A500010,01611,00300,LUNG ACQUISITIONS
598,A500010,01612,00000,PAIRED KIDNEY EXCHANGE OTHER H/L SB
598,A500010,01612,00100,A
598,A500010,01612,00300,OTHER ACQUISITIONS
598,A500010,01613,00000,OFFSET INTERESTE INCOME ON ALLOW INT
598,A500010,01613,00100,B
598,A500010,01613,00300,CAPITAL COSTS-BLDG & FIXT
598,A500010,01614,00000,NON-ALLOWABLE G&A
598,A500010,01614,00100,A
598,A500010,01614,00300,ADMINISTRATIVE & GENERAL
598,A500010,01615,00000,FUNDRAISING SALARY
598,A500010,01615,00100,A
598,A500010,01615,00300,ADMINISTRATIVE & GENERAL
598,A500010,01621,00000,KIDNEY PUMP SUPPLY
598,A500010,01621,00100,A
598,A500010,01621,00300,KIDNEY ACQUISITIONS
598,A500010,01622,00000,KIDNEY PUMP STAFFING
598,A500010,01622,00100,A
598,A500010,01622,00300,PROCUREMENT COORDINATORS
598,A500010,01623,00000,CATERING KIDNEY
598,A500010,01623,00100,A
598,A500010,01623,00300,KIDNEY ACQUISITIONS
598,A500010,01624,00000,CATERING HEART
598,A500010,01624,00100,A
598,A500010,01624,00300,HEART ACQUISITIONS
598,A500010,01625,00000,CATERING LIVER
598,A500010,01625,00100,A
598,A500010,01625,00300,LIVER ACQUISITIONS
598,A500010,01626,00000,CATERING PANCREAS
598,A500010,01626,00100,A
598,A500010,01626,00300,LUNG ACQUISITIONS
598,A500010,01627,00000,CATERING LUNG
598,A500010,01627,00100,A
598,A500010,01627,00300,LUNG ACQUISITIONS
598,A51000A,00100,00100,N
598,A60000C,00500,00100,N
598,B10000*,00100,00200,CAP BLDG
598,B10000*,00100,00300,CAP COSTS
598,B10000*,00100,00400,EMPLOYEE
598,B10000*,00100,00500,MEDICAL
598,B10000*,00100,00800,ORGAN
598,B10000*,00100,01000,ADMIN &
598,B10000*,00200,00200,OP PLANT &
598,B10000*,00200,00300,MOVABLE
598,B10000*,00200,00400,BENEFITS
598,B10000*,00200,00500,SUPPLIES
598,B10000*,00200,00800,ACQUISITN
598,B10000*,00200,01000,GENERAL
598,B10000*,00300,00200,HOUSEKEEP
598,B10000*,00300,00300,EQUIPMENT
598,B10000*,00300,00800,COSTS
598,B10000*,00400,00200,SQUARE
598,B10000*,00400,00300,DOLLAR
598,B10000*,00400,00400,ADJUST
598,B10000*,00400,00500,COSTED
598,B10000*,00400,00800,NUMBER
598,B10000*,00400,01000,ACCUM
598,B10000*,00500,00200,FEET
598,B10000*,00500,00300,VALUE
598,B10000*,00500,00400,SALARIES
598,B10000*,00500,00500,REQUISIT
598,B10000*,00500,00800,ORGANS
598,B10000*,00500,01000,COSTS
598,B10000*,00600,00200,1
598,B10000*,00600,00300,2
598,B10000*,00600,00400,3
598,B10000*,00600,00500,3
598,B10000*,00600,00800,3
598,B10000*,00600,01000,3
598,B100000,00000,01000,X
598,E000000,00900,00000,CURRENT PORTION INVESTMENTS
598,E000000,02600,00000,OTHER ASSETS
598,E000000,03100,00000,RESTRICTED CASH
598,E000000,03900,00000,INBR AND ACCRUED EXPENSES
598,E000000,04100,00000,LEASE OBLIGATIONS
598,E000000,04600,00000,LEASE OBLIGATIONS
598,E000000,04700,00000,OTHER LONG TERM LIABILITIES
598,E100001,00700,00000,TISSUE RECOVERY REVENUE
598,E100001,00800,00000,OTHER REVENUE
598,E100002,00300,00000,ROUNDING
598,E100002,00800,00000,ROUNDING
598,E200000,02000,00000,OTHER INCOME
598,E200000,02100,00000,GRANTS
598,E200000,02200,00000,EMPLOYEE RENTENTION CREDIT
598,E200000,02300,00000,NET ASSETS RELEASED FROM RESTRICTION
598,E200000,02600,00000,NET ASSETS RELEASED FROM RESTRICTION
598,S000000,00100,00100,X
598,S000000,00400,00100,1
598,S000000,00500,00100,05/13/2024
598,S000000,00600,00100,10001
598,S000000,00700,00100,N
598,S000000,00800,00100,N
598,S000000,01000,00100,4
598,S000001,00100,00100,UPPER MIDWEST ORGAN PROCUREMENT ORG
598,S000001,00100,00200,24P001
598,S000001,00101,00100,2225 WEST RIVER ROAD NORTH
598,S000001,00102,00100,MINNEAPOLIS
598,S000001,00102,00200,MN
598,S000001,00102,00300,55411
598,S000001,00300,00100,01/01/2023
598,S000001,00300,00200,12/31/2023
598,S000001,00400,00100,4
598,S000001,00400,00300,1
598,S000001,00400,00400,08/01/1989
598,S000001,00401,00300,1
598,S000002,00100,00200,Y
598,S000002,00300,00100,CFO
598,S000002,00400,00100,05/09/2024
598,S100001,00700,00100,N
598,S100001,00810,00000,SMALL BOWEL
598,S100001,00811,00000,VCA
598,S100001,00812,00000,TENDON
598,S100001,00813,00000,VEIN
598,S100001,00814,00000,BONE MARROW
598,S100001,00815,00000,PERICARDIUM
598,S100001,00816,00000,WHOLE GLOBE
598,S100001,00817,00000,OTHER
598,S100001,00818,00000,OTHE TISSUES FOR RESEARCH
598,S100003,00100,00100,MEDICAL DIRECTOR
598,S100003,00100,00300,MEDICAL DIRECTOR
598,S100003,00100,00500,LAB DIRECTOR
598,S100003,00101,00100,EXEC. DIRECTOR
598,S100003,00101,00300,PROCUREMENT COORDINATOR
598,S100003,00101,00500,TECHNICIANS
598,S100003,00102,00100,CLERICAL
598,S100003,00102,00300,PRESERVATION TECHNICIANS
598,S100003,00102,00500,TISSUE TYPING TECH.
598,S100003,00103,00100,OTHER
598,S100003,00103,00300,OTHER
598,S100003,00103,00500,OTHER
598,S200000,00100,00100,N
598,S200000,00200,00100,N
598,S200000,00300,00100,N
598,S200000,00400,00100,Y
598,S200000,00400,00200,A
598,S200000,00500,00100,N
598,S200000,00600,00300,SR. MANAGER OF FINANCIAL OPERATIONS
598,S200000,00700,00100,UPPER MIDWEST ORGAN PROCUREMENT ORG
599,A000000,00100,00000,0100CAPITAL COSTS-BLDG & FIXT
599,A000000,00200,00000,0200CAPITAL COSTS-MVBLE EQUIPMENT
599,A000000,00300,00000,0300EMPLOYEE BENEFITS
599,A000000,00400,00000,0400ADMINISTRATIVE & GENERAL
599,A000000,00500,00000,0500OPERATION AND MAINTENANCE OF PLANT
599,A000000,00600,00000,0600HOUSEKEEPING
599,A000000,00700,00000,0700MEDICAL SUPPLIES
599,A000000,00800,00000,0800OTHER OVERHEAD
599,A000000,00900,00000,0900PROCUREMENT COORDINATORS
599,A000000,01000,00000,1000PROFESSIONAL EDUCATION
599,A000000,01100,00000,1100PUBLIC EDUCATION
599,A000000,01200,00000,1200OTHER ACQUISITION
599,A000000,01300,00000,1300KIDNEY ACQUISITIONS
599,A000000,01400,00000,1400TISSUE TYPING LABORATORY
599,A000000,01500,00000,1500LIVER ACQUISITIONS
599,A000000,01600,00000,1600HEART ACQUISITIONS
599,A000000,01700,00000,1700PANCREAS ACQUISITIONS
599,A000000,01800,00000,1800LUNG ACQUISITIONS
599,A000000,01900,00000,1900OTHER ACQUISITIONS
599,A000000,02100,00000,2100RESEARCH
599,A000000,02200,00000,2200BLOOD BANK
599,A000000,02300,00000,2300LABORATORY-NON-TISSUE TYPING
599,A000000,02400,00000,2400DIALYSIS UNITS
599,A000000,02500,00000,2500OTHER NON-REIMBURSABLE
599,A100000,01700,00000,LICENSES AND FEES
599,A100000,01800,00000,INDIRECT COSTS
599,A300000,00600,00000,REAGENTS AND LAB SUPPLIES
599,A300000,00700,00000,NON-CAPITAL EQUIPMENT
599,A500010,01500,00000,TEST INCOME
599,A500010,01500,00100,B
599,A500010,01500,00300,TISSUE TYPING LABORATORY
599,A500010,01600,00000,OVERHEAD ADJUSTMENT PER PRIOR YEAR
599,A500010,01600,00100,A
599,A500010,01600,00300,ADMINISTRATIVE & GENERAL
599,A51000A,00100,00100,N
599,A60000C,00500,00100,N
599,B10000*,00100,00200,CAP BLDG
599,B10000*,00100,00300,CAP COSTS
599,B10000*,00100,00400,EMPLOYEE
599,B10000*,00100,00500,MEDICAL
599,B10000*,00100,00800,ORGAN
599,B10000*,00100,01000,ADMIN &
599,B10000*,00200,00200,OP PLANT &
599,B10000*,00200,00300,MOVABLE
599,B10000*,00200,00400,BENEFITS
599,B10000*,00200,00500,SUPPLIES
599,B10000*,00200,00800,ACQUISITN
599,B10000*,00200,01000,GENERAL
599,B10000*,00300,00200,HOUSEKEEP
599,B10000*,00300,00300,EQUIPMENT
599,B10000*,00300,00800,COSTS
599,B10000*,00400,00200,SQUARE
599,B10000*,00400,00300,DOLLAR
599,B10000*,00400,00400,ADJUST
599,B10000*,00400,00500,COSTED
599,B10000*,00400,00800,NUMBER
599,B10000*,00400,01000,ACCUM
599,B10000*,00500,00200,FEET
599,B10000*,00500,00300,VALUE
599,B10000*,00500,00400,SALARIES
599,B10000*,00500,00500,REQUISIT
599,B10000*,00500,00800,ORGANS
599,B10000*,00500,01000,COSTS
599,B10000*,00600,00200,1
599,B10000*,00600,00300,2
599,B10000*,00600,00400,3
599,B10000*,00600,00500,3
599,B10000*,00600,00800,3
599,B10000*,00600,01000,3
599,B100000,00000,01000,X
599,S000000,00100,00100,X
599,S000000,00400,00100,1
599,S000000,00500,00100,05/14/2024
599,S000000,00600,00100,10001
599,S000000,00700,00100,N
599,S000000,00800,00100,N
599,S000000,01000,00100,4
599,S000001,00100,00100,ALBANY MED COLLEGE TRANSPLANT IMMUNO
599,S000001,00100,00200,33HL05
599,S000001,00101,00100,47 NEW SCOTLAND AVE
599,S000001,00101,00200,MAIL CODE 122
599,S000001,00102,00100,ALBANY
599,S000001,00102,00200,NY
599,S000001,00102,00300,12208
599,S000001,00300,00100,01/01/2023
599,S000001,00300,00200,12/31/2023
599,S000001,00400,00100,6
599,S000001,00400,00300,2
599,S000001,00400,00400,02/26/1986
599,S000001,00401,00300,1
599,S000002,00100,00200,Y
599,S000002,00300,00100,LABORATORY DIRECTOR
599,S000002,00400,00100,05/14/2024
599,S100001,00700,00100,N
599,S100001,00810,00000,OTHER
599,S100002,00400,00100,LUMINEX CLASS I&II AB SCREEN
599,S100002,00401,00100,LUMINEX SINGLE AG CLASS I AB ID
599,S100002,00402,00100,LUMINEX SINGLE AG CLASS II AB ID
599,S100002,00403,00100,B-CELL X-MATCH  RELATED 1ST
599,S100002,00404,00100,FLOW X-MATCH  DECEASED
599,S100002,00405,00100,FLOW X-MATCH  LIVING DONOR
599,S100002,00406,00100,FLOW X-MATCH  LIVING DONOR  ADD SERA
599,S100002,00407,00100,FLOW X-MATCH  DECEASED  ADD SERA
599,S100002,00408,00100,HLA TYPING  SEROLOGY  CADAVER DONOR
599,S100002,00409,00100,DR TYPING  SEROLOGY  CADAVER DONOR
599,S100002,00410,00100,DNA CAD DONOR HLA-A B C DR DQ
599,S100002,00411,00100,DNA LIVE DONOR HLA-A B C DR DQ
599,S100002,00412,00100,DNA PATIENT HLA-A B C DR DQ
599,S100003,00100,00100,MEDICAL DIRECTOR
599,S100003,00100,00300,MEDICAL DIRECTOR
599,S100003,00100,00500,LAB DIRECTOR
599,S100003,00101,00100,EXEC. DIRECTOR
599,S100003,00101,00300,PROCUREMENT COORDINATOR
599,S100003,00101,00500,TECHNICIANS
599,S100003,00102,00100,CLERICAL
599,S100003,00102,00300,PRESERVATION TECHNICIANS
599,S100003,00102,00500,TISSUE TYPING TECH.
599,S100003,00103,00100,OTHER
599,S100003,00103,00300,OTHER
599,S100003,00103,00500,OTHER
599,S200000,00100,00100,N
599,S200000,00200,00100,N
599,S200000,00300,00100,N
599,S200000,00400,00100,N
599,S200000,00500,00100,N
599,S200000,00600,00300,LAB DIRECTOR
599,S200000,00700,00100,ALBANY MEDICAL COLLEGE
601,A000000,00100,00000,0100CAPITAL COSTS-BLDG & FIXT
601,A000000,00200,00000,0200CAPITAL COSTS-MVBLE EQUIPMENT
601,A000000,00300,00000,0300EMPLOYEE BENEFITS
601,A000000,00400,00000,0400ADMINISTRATIVE & GENERAL
601,A000000,00500,00000,0500OPERATION AND MAINTENANCE OF PLANT
601,A000000,00600,00000,0600HOUSEKEEPING
601,A000000,00700,00000,0700MEDICAL SUPPLIES
601,A000000,00800,00000,0800OTHER OVERHEAD
601,A000000,00900,00000,0900PROCUREMENT COORDINATORS
601,A000000,01000,00000,1000PROFESSIONAL EDUCATION
601,A000000,01100,00000,1100PUBLIC EDUCATION
601,A000000,01200,00000,1200OTHER ACQUISITION
601,A000000,01300,00000,1300KIDNEY ACQUISITIONS
601,A000000,01400,00000,1400TISSUE TYPING LABORATORY
601,A000000,01500,00000,1500LIVER ACQUISITIONS
601,A000000,01600,00000,1600HEART ACQUISITIONS
601,A000000,01700,00000,1700PANCREAS ACQUISITIONS
601,A000000,01800,00000,1800LUNG ACQUISITIONS
601,A000000,01900,00000,1900OTHER ACQUISITIONS
601,A000000,02100,00000,2100RESEARCH
601,A000000,02200,00000,2200BLOOD BANK
601,A000000,02300,00000,2300LABORATORY-NON-TISSUE TYPING
601,A000000,02400,00000,2400DIALYSIS UNITS
601,A000000,02500,00000,2500OTHER NON-REIMBURSABLE
601,A100000,01700,00000,AMORTIZATION - START UP COSTS
601,A100000,01800,00000,SECURITY SERVICES
601,A100000,01900,00000,MISCELLANEOUS EXPENSE
601,A300000,00600,00000,LAB SUPPLIES
601,A300000,00700,00000,LICENSES & PERMITS
601,A300000,00800,00000,LAB EQUIPMENT
601,A300000,00900,00000,MEDICAL WASTE
601,A400010,00100,00000,RECLASS TISSUE TYPING EXPENSE
601,A400010,00100,00100,A
601,A400010,00100,00200,TISSUE TYPING LABORATORY
601,A400010,00100,00500,CAPITAL COSTS-BLDG & FIXT
601,A400010,00200,00000,RECLASS TISSUE TYPING EXPENSE
601,A400010,00200,00100,A
601,A400010,00200,00500,CAPITAL COSTS-MVBLE EQUIPMENT
601,A400010,00300,00000,RECLASS TISSUE TYPING EXPENSE
601,A400010,00300,00100,A
601,A400010,00300,00500,EMPLOYEE BENEFITS
601,A51000A,00100,00100,N
601,B10000*,00100,00200,CAP BLDG
601,B10000*,00100,00300,CAP COSTS
601,B10000*,00100,00400,EMPLOYEE
601,B10000*,00100,00500,MEDICAL
601,B10000*,00100,00800,ORGAN
601,B10000*,00100,01000,ADMIN &
601,B10000*,00200,00200,OP PLANT &
601,B10000*,00200,00300,MOVABLE
601,B10000*,00200,00400,BENEFITS
601,B10000*,00200,00500,SUPPLIES
601,B10000*,00200,00800,ACQUISITN
601,B10000*,00200,01000,GENERAL
601,B10000*,00300,00200,HOUSEKEEP
601,B10000*,00300,00300,EQUIPMENT
601,B10000*,00300,00800,COSTS
601,B10000*,00400,00200,SQUARE
601,B10000*,00400,00300,DOLLAR
601,B10000*,00400,00400,ADJUST
601,B10000*,00400,00500,COSTED
601,B10000*,00400,00800,NUMBER
601,B10000*,00400,01000,ACCUM
601,B10000*,00500,00200,FEET
601,B10000*,00500,00300,VALUE
601,B10000*,00500,00400,SALARIES
601,B10000*,00500,00500,REQUISIT
601,B10000*,00500,00800,ORGANS
601,B10000*,00500,01000,COSTS
601,B10000*,00600,00200,1
601,B10000*,00600,00300,2
601,B10000*,00600,00400,3
601,B10000*,00600,00500,3
601,B10000*,00600,00800,3
601,B10000*,00600,01000,3
601,B100000,00000,01000,X
601,E000000,00900,00000,OTHER CURRENT ASSETS
601,E000000,02600,00000,OTHER FIXED ASSETS
601,E000000,03100,00000,START-UP COSTS NET
601,S000000,00100,00100,X
601,S000000,00400,00100,1
601,S000000,00500,00100,05/16/2024
601,S000000,00600,00100,10001
601,S000000,00700,00100,N
601,S000000,00800,00100,N
601,S000000,01000,00100,4
601,S000001,00100,00100,APPLIED IMMUNOGENETICS LABORATORY
601,S000001,00100,00200,21HL02
601,S000001,00101,00100,11419 CRONRIDGE DRVIE  STE 17
601,S000001,00102,00100,OWINGS MILL
601,S000001,00102,00200,MD
601,S000001,00102,00300,21117
601,S000001,00300,00100,01/01/2023
601,S000001,00300,00200,12/31/2023
601,S000001,00400,00100,3
601,S000001,00400,00300,2
601,S000001,00400,00400,11/20/2019
601,S000001,00401,00300,1
601,S000002,00300,00100,CEO
601,S100001,00700,00100,N
601,S100001,00810,00000,OTHER
601,S100002,00400,00100,HLA CLASS I TYPING ($245)
601,S100002,00401,00100,HLA CLASS II TYPING ($275)
601,S100002,00402,00100,HLA CLASS II-DP TYPING ($195)
601,S100002,00403,00100,LYMPHOCYTOTOXIC CROSSMATCH ($190)
601,S100002,00404,00100,FLOW CYTOMETRY ($500)
601,S100002,00405,00100,HLA ANTIBODY CLASS I ($165)
601,S100002,00406,00100,HLA ANTIBODY CLASS II ($210)
601,S100002,00407,00100,SERUM STORAGE ($100)
601,S100002,00408,00100,DECEASED DONOR WORKUP ($500)
601,S100002,00409,00100,STAT TESTING ($300)
601,S100003,00100,00100,MEDICAL DIRECTOR
601,S100003,00100,00300,MEDICAL DIRECTOR
601,S100003,00100,00500,LAB DIRECTOR
601,S100003,00101,00100,EXEC. DIRECTOR
601,S100003,00101,00300,PROCUREMENT COORDINATOR
601,S100003,00101,00500,TECHNICIANS
601,S100003,00102,00100,CLERICAL
601,S100003,00102,00300,PRESERVATION TECHNICIANS
601,S100003,00102,00500,TISSUE TYPING TECH.
601,S100003,00103,00100,OTHER
601,S100003,00103,00300,OTHER
601,S100003,00103,00500,ADMIN
601,S200000,00100,00100,N
601,S200000,00200,00100,N
601,S200000,00300,00100,N
601,S200000,00400,00100,N
601,S200000,00500,00100,Y
601,S200000,00600,00300,DIRECTOR
601,S200000,00700,00100,SALTMARSH  CLEAVELAND & GUND
603,A000000,00100,00000,0100CAPITAL COSTS-BLDG & FIXT
603,A000000,00200,00000,0200CAPITAL COSTS-MVBLE EQUIPMENT
603,A000000,00300,00000,0300EMPLOYEE BENEFITS
603,A000000,00400,00000,0400ADMINISTRATIVE & GENERAL
603,A000000,00500,00000,0500OPERATION AND MAINTENANCE OF PLANT
603,A000000,00600,00000,0600HOUSEKEEPING
603,A000000,00700,00000,0700MEDICAL SUPPLIES
603,A000000,00800,00000,0800OTHER OVERHEAD
603,A000000,00900,00000,0900PROCUREMENT COORDINATORS
603,A000000,01000,00000,1000PROFESSIONAL EDUCATION
603,A000000,01100,00000,1100PUBLIC EDUCATION
603,A000000,01300,00000,1300KIDNEY ACQUISITIONS
603,A000000,01400,00000,1400TISSUE TYPING LABORATORY
603,A000000,01500,00000,1500LIVER ACQUISITIONS
603,A000000,01600,00000,1600HEART ACQUISITIONS
603,A000000,01700,00000,1700PANCREAS ACQUISITIONS
603,A000000,01800,00000,1800LUNG ACQUISITIONS
603,A000000,01900,00000,1900INTESTINE        S 2
603,A000000,02100,00000,2100RESEARCH
603,A000000,02200,00000,2200BLOOD BANK
603,A000000,02300,00000,2300LABORATORY-NON-TISSUE TYPING
603,A000000,02400,00000,2400DIALYSIS UNITS
603,A000000,02500,00000,2500TISSUE
603,A100000,01700,00000,OUTSIDE CONSULTANTS
603,A100000,01800,00000,MISC
603,A100000,01900,00000,FUNDRAISING
603,A20H000,00900,00000,DONOR HOSPITAL OTHER
603,A20H000,02100,00000,INTENSIVIST EXP
603,A20K000,00900,00000,DONOR HOSPITAL OTHER
603,A20K000,02100,00000,INTENSIVIST EXPS
603,A20L000,00900,00000,DONOR HOSPITAL OTHER
603,A20L000,02100,00000,INTENSIVIST EXP
603,A20O000,00900,00000,DONOR HOSPITAL OTHER
603,A20O000,02100,00000,INTENSIVIST EXP
603,A20P000,00900,00000,DONOR HOSPITAL OTHER
603,A20P000,02100,00000,INTENSIVIST EXP
603,A20U000,00900,00000,DONOR HOSPITAL OTHER
603,A20U000,02100,00000,INTENSIVIST EXP
603,A400010,00100,00000,TISSUE OVERHEAD RECLASS
603,A400010,00100,00100,A
603,A400010,00100,00200,TISSUE
603,A400010,00100,00500,PROCUREMENT COORDINATORS
603,A400010,00200,00000,TISSUE OVERHEAD RECLASS
603,A400010,00200,00100,A
603,A400010,00200,00500,PROFESSIONAL EDUCATION
603,A400010,00300,00000,TISSUE OVERHEAD RECLASS
603,A400010,00300,00100,A
603,A400010,00300,00500,PUBLIC EDUCATION
603,A500010,00200,00100,B
603,A500010,00200,00300,PROCUREMENT COORDINATORS
603,A500010,00700,00100,B
603,A500010,00700,00300,CAPITAL COSTS-BLDG & FIXT
603,A500010,00800,00100,A
603,A500010,00800,00300,PROCUREMENT COORDINATORS
603,A500010,00900,00100,A
603,A500010,01200,00100,B
603,A500010,01200,00300,CAPITAL COSTS-BLDG & FIXT
603,A500010,01500,00000,EYEBANKS
603,A500010,01500,00100,B
603,A500010,01500,00300,PROCUREMENT COORDINATORS
603,A500010,01600,00000,LOBBYING
603,A500010,01600,00100,A
603,A500010,01600,00300,ADMINISTRATIVE & GENERAL
603,A500010,01602,00000,DONOR RECOGNITION MEMORIAL
603,A500010,01602,00100,A
603,A500010,01602,00300,PUBLIC EDUCATION
603,A500010,01603,00000,STAFF MEETINGS & REWARDS
603,A500010,01603,00100,A
603,A500010,01603,00300,ADMINISTRATIVE & GENERAL
603,A500010,01604,00000,STAFF MEETINGS & REWARDS
603,A500010,01604,00100,A
603,A500010,01604,00300,PROCUREMENT COORDINATORS
603,A500010,01605,00000,STAFF MEETINGS & REWARDS
603,A500010,01605,00100,A
603,A500010,01605,00300,PROFESSIONAL EDUCATION
603,A500010,01606,00000,STAFF MEETINGS & REWARDS
603,A500010,01606,00100,A
603,A500010,01606,00300,PUBLIC EDUCATION
603,A500010,01607,00000,STAFF MEETINGS & REWARDS
603,A500010,01607,00100,A
603,A500010,01607,00300,TISSUE
603,A500010,01610,00000,FLY OUT REVENUE
603,A500010,01610,00100,B
603,A500010,01610,00300,PROCUREMENT COORDINATORS
603,A500010,01611,00000,QA SERVICES
603,A500010,01611,00100,B
603,A500010,01611,00300,PROCUREMENT COORDINATORS
603,A500010,01617,00000,NON-ALLOWABLE MERGER EXP
603,A500010,01617,00100,A
603,A500010,01617,00300,ADMINISTRATIVE & GENERAL
603,A500010,01618,00000,NON-ALLOWABLE MERGER EXP
603,A500010,01618,00100,A
603,A500010,01618,00300,PROCUREMENT COORDINATORS
603,A51000A,00100,00100,N
603,A60000A,00700,00000,CAPITAL LEASE
603,A60000A,00701,00000,SOFTWARE DEVELOPMENT
603,A60000A,00702,00000,CIP
603,A60000B,00800,00000,CAPITAL LEASE
603,A60000B,00801,00000,SOFTWARE DEVELOPMENT
603,A60000B,00802,00000,CIP
603,A60000C,00500,00100,N
603,B10000*,00100,00200,CAP BLDG
603,B10000*,00100,00300,CAP COSTS
603,B10000*,00100,00400,EMPLOYEE
603,B10000*,00100,00500,MEDICAL
603,B10000*,00100,00800,ORGAN
603,B10000*,00100,01000,ADMIN &
603,B10000*,00200,00200,OP PLANT &
603,B10000*,00200,00300,MOVABLE
603,B10000*,00200,00400,BENEFITS
603,B10000*,00200,00500,SUPPLIES
603,B10000*,00200,00800,ACQUISITN
603,B10000*,00200,01000,GENERAL
603,B10000*,00300,00200,HOUSEKEEP
603,B10000*,00300,00300,EQUIPMENT
603,B10000*,00300,00800,COSTS
603,B10000*,00400,00200,SQUARE
603,B10000*,00400,00300,DOLLAR
603,B10000*,00400,00400,ADJUST
603,B10000*,00400,00500,COSTED
603,B10000*,00400,00800,NUMBER
603,B10000*,00400,01000,ACCUM
603,B10000*,00500,00200,FEET
603,B10000*,00500,00300,VALUE
603,B10000*,00500,00400,SALARIES
603,B10000*,00500,00500,REQUISIT
603,B10000*,00500,00800,ORGANS
603,B10000*,00500,01000,COSTS
603,B10000*,00600,00200,1
603,B10000*,00600,00300,2
603,B10000*,00600,00400,3
603,B10000*,00600,00500,3
603,B10000*,00600,00800,3
603,B10000*,00600,01000,3
603,B100000,00000,01000,X
603,E000000,00900,00000,OTHER CURRENT ASSETS
603,E000000,02600,00000,OTHER FIXED ASSETS
603,E000000,03100,00000,OTHER ASSETS
603,E000000,03900,00000,FINANCE LEASE LIABILITY
603,E000000,04100,00000,OPERATING LEASE LIABILITIES
603,E000000,04600,00000,FINANCE LEASE LIABILITY
603,E000000,04700,00000,OPERATING LEASE LIABILITIES
603,E100001,00700,00000,TISSUE REVENUE
603,E100001,00800,00000,OTHER
603,E100002,00300,00000,TISSUE CONTRACTUAL
603,E100002,00400,00000,ROUNDING
603,E200000,02000,00000,NET ASSETS RELEASED FROM RESTRICTION
603,E200000,02200,00000,NET REALIZED GAINS ON INVESTMENTS
603,E200000,02600,00000,NET ASSETS RELEASED FROM RESTRICTION
603,S000000,00100,00100,X
603,S000000,00400,00100,1
603,S000000,00500,00100,05/21/2024
603,S000000,00600,00100,10001
603,S000000,00700,00100,N
603,S000000,00800,00100,N
603,S000000,01000,00100,4
603,S000001,00100,00100,KENTUCKY ORGAN DONOR AFFILIATES  IN
603,S000001,00100,00200,18P001
603,S000001,00101,00100,10301 LINN STATION ROAD
603,S000001,00102,00100,LOUISVILLE
603,S000001,00102,00200,KY
603,S000001,00102,00300,40223
603,S000001,00300,00100,01/01/2023
603,S000001,00300,00200,12/31/2023
603,S000001,00400,00100,6
603,S000001,00400,00300,1
603,S000001,00400,00400,07/01/1987
603,S000001,00401,00300,1
603,S000002,00100,00200,Y
603,S000002,00300,00100,VP & CFO
603,S000002,00400,00100,05/20/2024
603,S100001,00700,00100,N
603,S100001,00810,00000,INTESTINE
603,S100001,00811,00000,VEIN
603,S100001,00812,00000,VIVIGEN
603,S100001,00813,00000,COSTAL CARTIAGE
603,S100001,00814,00000,FOA
603,S100001,00815,00000,AL
603,S100003,00100,00100,MEDICAL DIRECTOR
603,S100003,00100,00300,MEDICAL DIRECTOR
603,S100003,00100,00500,LAB DIRECTOR
603,S100003,00101,00100,EXEC. DIRECTOR
603,S100003,00101,00300,PROCUREMENT COORDINATOR
603,S100003,00101,00500,TECHNICIANS
603,S100003,00102,00100,CLERICAL
603,S100003,00102,00300,PRESERVATION TECHNICIANS
603,S100003,00102,00500,TISSUE TYPING TECH.
603,S100003,00103,00100,OTHER
603,S100003,00103,00300,OTHER
603,S100003,00103,00500,OTHER
603,S200000,00100,00100,N
603,S200000,00200,00100,N
603,S200000,00300,00100,N
603,S200000,00400,00100,Y
603,S200000,00400,00200,A
603,S200000,00400,00300,06/30/2023
603,S200000,00500,00100,Y
603,S200000,00600,00300,VP & CFO
603,S200000,00700,00100,KODA
604,A000000,00100,00000,0100CAPITAL COSTS-BLDG & FIXT
604,A000000,00200,00000,0200CAPITAL COSTS-MVBLE EQUIPMENT
604,A000000,00300,00000,0300EMPLOYEE BENEFITS
604,A000000,00400,00000,0400ADMINISTRATIVE & GENERAL
604,A000000,00500,00000,0500OPERATION AND MAINTENANCE OF PLANT
604,A000000,00600,00000,0600HOUSEKEEPING
604,A000000,00700,00000,0700MEDICAL SUPPLIES
604,A000000,00800,00000,0800OTHER OVERHEAD
604,A000000,00900,00000,0900PROCUREMENT COORDINATORS
604,A000000,01000,00000,1000PROFESSIONAL EDUCATION
604,A000000,01100,00000,1100PUBLIC EDUCATION
604,A000000,01200,00000,1200OTHER ACQUISITION
604,A000000,01300,00000,1300KIDNEY ACQUISITIONS
604,A000000,01400,00000,1400TISSUE TYPING LABORATORY
604,A000000,01500,00000,1500LIVER ACQUISITIONS
604,A000000,01600,00000,1600HEART ACQUISITIONS
604,A000000,01700,00000,1700PANCREAS ACQUISITIONS
604,A000000,01800,00000,1800LUNG ACQUISITIONS
604,A000000,01900,00000,1900OTHER ACQUISITIONS
604,A000000,02100,00000,2100RESEARCH
604,A000000,02200,00000,2200BLOOD BANK
604,A000000,02300,00000,2300LABORATORY-NON-TISSUE TYPING
604,A000000,02400,00000,2400DIALYSIS UNITS
604,A000000,02500,00000,2500OTHER NON-REIMBURSABLE
604,A100000,01700,00000,A&G OTHER
604,A300000,00900,00000,CLERICAL
604,A300000,01000,00000,ADMINISTRATIVE
604,A300000,01001,00000,MEDICAL SUPPLIES
604,A500010,01200,00100,A
604,A500010,01200,00300,CAPITAL COSTS-MVBLE EQUIPMENT
604,A500010,01600,00000,OTHER INCOME
604,A500010,01600,00100,B
604,A500010,01600,00300,TISSUE TYPING LABORATORY
604,A51000A,00100,00100,Y
604,A51000B,00100,00200,ADMINISTRATIVE & GENERAL
604,A51000B,00100,00300,MANAGEMENT SVCS
604,A51000C,00100,00000,CLEVELAND CLINIC
604,A51000C,00100,00100,G
604,A51000C,00100,00200,ALLOGEN LABORATORIES
604,A51000C,00100,00400,CLEVELAND CLINIC
604,A51000C,00100,00600,HEALTHCARE ORGANIZATION
604,A51000C,10000,00200,CLEVELAND CLINIC
604,A60000C,00500,00100,N
604,B10000*,00100,00200,CAP BLDG
604,B10000*,00100,00300,CAP COSTS
604,B10000*,00100,00400,EMPLOYEE
604,B10000*,00100,00500,MEDICAL
604,B10000*,00100,00800,ORGAN
604,B10000*,00100,01000,ADMIN &
604,B10000*,00200,00200,OP PLANT &
604,B10000*,00200,00300,MOVABLE
604,B10000*,00200,00400,BENEFITS
604,B10000*,00200,00500,SUPPLIES
604,B10000*,00200,00800,ACQUISITN
604,B10000*,00200,01000,GENERAL
604,B10000*,00300,00200,HOUSEKEEP
604,B10000*,00300,00300,EQUIPMENT
604,B10000*,00300,00800,COSTS
604,B10000*,00400,00200,SQUARE
604,B10000*,00400,00300,DOLLAR
604,B10000*,00400,00400,ADJUST
604,B10000*,00400,00500,COSTED
604,B10000*,00400,00800,NUMBER
604,B10000*,00400,01000,ACCUM
604,B10000*,00500,00200,FEET
604,B10000*,00500,00300,VALUE
604,B10000*,00500,00400,SALARIES
604,B10000*,00500,00500,REQUISIT
604,B10000*,00500,00800,ORGANS
604,B10000*,00500,01000,COSTS
604,B10000*,00600,00200,1
604,B10000*,00600,00300,2
604,B10000*,00600,00400,3
604,B10000*,00600,00500,3
604,B10000*,00600,00800,3
604,B10000*,00600,01000,3
604,B100000,00000,01000,X
604,E000000,00900,00000,LEASE CLEARING NON VAT
604,E000000,02600,00000,AD-CIP & BUDGET ACCRLS-CY
604,E000000,04600,00000,OTHER LIABILITIES
604,E200000,01500,00000,INTEREST INCOME
604,S000000,00100,00100,X
604,S000000,00400,00100,1
604,S000000,00500,00100,05/21/2024
604,S000000,00600,00100,10001
604,S000000,00700,00100,N
604,S000000,00800,00100,N
604,S000000,01000,00100,4
604,S000001,00100,00100,CC MEDICAL SVC. INC. DBA ALLOGEN LAB
604,S000001,00100,00200,36HL07
604,S000001,00101,00100,105254 EUCLID AVENUE  C100
604,S000001,00102,00100,CLEVELAND
604,S000001,00102,00200,OH
604,S000001,00102,00300,44106
604,S000001,00300,00100,01/01/2023
604,S000001,00300,00200,12/31/2023
604,S000001,00400,00100,6
604,S000001,00400,00300,2
604,S000001,00400,00400,07/22/2011
604,S000001,00401,00300,1
604,S000002,00100,00200,Y
604,S000002,00300,00100,CHIEF ACCOUNTING OFFICER/CONTROLLER
604,S000002,00400,00100,05/21/2024
604,S100001,00700,00100,N
604,S100001,00810,00000,OTHER
604,S100002,00400,00100,AB ID & VPRA ? CLASS I LUMINEX ? C1Q
604,S100002,00401,00100,AB ID & VPRA ? CLASS II LUMINEX ? C1
604,S100002,00402,00100,AB PRA FLOW
604,S100002,00403,00100,AT1R ANTIBODY DETERMINATION (PER SAM
604,S100002,00404,00100,CELLS PROCESSING AND STORAGE
604,S100002,00405,00100,CHIMERISM TESTING?STR
604,S100002,00406,00100,CLASS I LUMINEX PHENOTYPE BEADS
604,S100002,00407,00100,CLASS II LUMINEX PHENOTYPE BEADS
604,S100002,00408,00100,HLA?A   B TYPING
604,S100002,00409,00100,HLA?A B CW DR DQ DRB345 ? RSSOP
604,S100002,00410,00100,HLA?A B CW DR DQ DRW TYPING ? DECEAS
604,S100002,00411,00100,NON?BMT?HLA?A B CW DR DQ DP  DRB345
604,S100002,00413,00100,SERUM PROCESSING AND STORAGE
604,S100002,00414,00100,SPECIMEN ACQUISITION?KIT?DAILY TESTI
604,S100002,00416,00100,STAT/AFTER?HOURS REQUEST
604,S100002,00417,00100,XM T & B FLOW AUTO? ADDITIONAL SERUM
604,S100002,00418,00100,XM T & B FLOW AUTO
604,S100002,00419,00100,XM VIRTUAL?SINGLE INDIVIDUAL
604,S100002,00420,00100,AUTO ANTIBODY?NON HLA
604,S100002,00421,00100,SPECIMEN ACQUISITION?KIT?DECEASED DO
604,S100003,00100,00100,MEDICAL DIRECTOR
604,S100003,00100,00300,MEDICAL DIRECTOR
604,S100003,00100,00500,LAB DIRECTOR
604,S100003,00101,00100,EXEC. DIRECTOR
604,S100003,00101,00300,PROCUREMENT COORDINATOR
604,S100003,00101,00500,TECHNICIANS
604,S100003,00102,00100,CLERICAL
604,S100003,00102,00300,PRESERVATION TECHNICIANS
604,S100003,00102,00500,TISSUE TYPING TECH.
604,S100003,00103,00100,OTHER
604,S100003,00103,00300,OTHER
604,S100003,00103,00500,OTHER
604,S200000,00100,00100,N
604,S200000,00200,00100,N
604,S200000,00300,00100,Y
604,S200000,00400,00100,Y
604,S200000,00400,00200,A
604,S200000,00500,00100,Y
604,S200000,00600,00300,DIRECTOR OF REIMBURSEMENT
604,S200000,00700,00100,CLEVELAND CLINIC
605,A000000,00100,00000,0100CAPITAL COSTS-BLDG & FIXT
605,A000000,00200,00000,0200CAPITAL COSTS-MVBLE EQUIPMENT
605,A000000,00300,00000,0300EMPLOYEE BENEFITS
605,A000000,00400,00000,0400ADMINISTRATIVE & GENERAL
605,A000000,00500,00000,0500OPERATION AND MAINTENANCE OF PLANT
605,A000000,00600,00000,0600HOUSEKEEPING
605,A000000,00700,00000,0700MEDICAL SUPPLIES
605,A000000,00800,00000,0800OTHER OVERHEAD
605,A000000,00900,00000,0900PROCUREMENT COORDINATORS
605,A000000,01000,00000,1000PROFESSIONAL EDUCATION
605,A000000,01100,00000,1100PUBLIC EDUCATION
605,A000000,01200,00000,1200CALL CENTER
605,A000000,01201,00000,1202CENTRAL STERILE PROCESSING
605,A000000,01300,00000,1300KIDNEY ACQUISITIONS
605,A000000,01400,00000,1400TISSUE TYPING LABORATORY
605,A000000,01500,00000,1500LIVER ACQUISITIONS
605,A000000,01600,00000,1600HEART ACQUISITIONS
605,A000000,01700,00000,1700PANCREAS ACQUISITIONS
605,A000000,01800,00000,1800LUNG ACQUISITIONS
605,A000000,01900,00000,1900OTHER ACQUISITIONS
605,A000000,02100,00000,2100RESEARCH
605,A000000,02200,00000,2200BLOOD BANK
605,A000000,02300,00000,2300LABORATORY-NON-TISSUE TYPING
605,A000000,02400,00000,2400DIALYSIS UNITS
605,A000000,02500,00000,2500OTHER NON-REIMBURSABLE
605,A000000,02501,00000,2501BUILDING
605,A100000,01700,00000,EQUIPMENT MAINTENANCE
605,A100000,01800,00000,CONSULTING FEES
605,A100000,01900,00000,OTHER
605,A100000,01901,00000,CONTRACTED OFFICE SERVICES
605,A100000,01902,00000,EQUIPMENT RENTAL
605,A100000,01903,00000,MINOR EQUIPMENT
605,A100000,01904,00000,LICENSES  MEMBERSHIP  SUBSCRIPTIONS
605,A100000,01905,00000,GIFTS  AWARDS  HORORARIUMS
605,A100000,01906,00000,SPONSORSHIPS AND CONTRIBUTIONS
605,A100000,01907,00000,INVESTMENT FEES
605,A100000,01908,00000,AMORTIZATION BOND ISSUANCE COSTS
605,A100000,01909,00000,POSTAGE AND SHIPPING
605,A100000,01910,00000,BANK FEES
605,A20H000,02100,00000,OTHER SURGEON FEES
605,A20K000,02100,00000,OTHER SURGEON FEES
605,A20L000,02100,00000,OTHER SURGEON FEES
605,A20O000,02100,00000,OTHER SURGEON FEES
605,A20P000,02100,00000,OTHER SURGEON FEES
605,A20U000,02100,00000,OTHER SURGEON FEES
605,A300000,00600,00000,MEDICAL SUPPLIES
605,A300000,00700,00000,TRAVEL
605,A300000,00800,00000,POSTAGE AND SHIPPING
605,A300000,00900,00000,LICENSE  MEMBERSHIP  SUBSCRIPTION
605,A300000,01000,00000,JANITORIAL
605,A300000,01001,00000,TELEPHONE
605,A300000,01002,00000,EQUIPMENT RENTAL
605,A300000,01003,00000,IT LICENSE SOFTWARE FEES
605,A300000,01004,00000,OFFICE SUPPLIES
605,A300000,01005,00000,CONSULTING FEES
605,A300000,01006,00000,MINOR EQUIPMENT
605,A300000,01007,00000,GIFTS  AWARDS  HONORARIUMS
605,A300000,01008,00000,FEES FOR SERVICES
605,A400010,00100,00000,TISSUE RECLASS
605,A400010,00100,00100,B
605,A400010,00100,00200,OTHER NON-REIMBURSABLE
605,A400010,00100,00500,PROFESSIONAL EDUCATION
605,A400010,00200,00000,TISSUE RECLASS
605,A400010,00200,00100,B
605,A400010,00200,00200,OTHER NON-REIMBURSABLE
605,A400010,00200,00500,PUBLIC EDUCATION
605,A400010,00300,00000,TISSUE RECLASS
605,A400010,00300,00100,B
605,A400010,00300,00200,OTHER NON-REIMBURSABLE
605,A400010,00300,00500,PROCUREMENT COORDINATORS
605,A400010,00400,00000,TISSUE RECLASS
605,A400010,00400,00100,B
605,A400010,00400,00200,OTHER NON-REIMBURSABLE
605,A400010,00400,00500,CENTRAL STERILE PROCESSING
605,A400010,00500,00000,CALL CENTER RECLASS
605,A400010,00500,00100,C
605,A400010,00500,00200,OTHER NON-REIMBURSABLE
605,A400010,00500,00500,CALL CENTER
605,A400010,00600,00000,CALL CENTER RECLASS
605,A400010,00600,00100,C
605,A400010,00600,00200,ADMINISTRATIVE & GENERAL
605,A400010,00700,00000,CALL CENTER RECLASS
605,A400010,00700,00100,C
605,A400010,00700,00200,PROCUREMENT COORDINATORS
605,A400010,00800,00000,AVIATION RECLASS
605,A400010,00800,00100,D
605,A400010,00800,00200,LIVER ACQUISITIONS
605,A400010,00800,00500,KIDNEY ACQUISITIONS
605,A400010,00900,00000,AVIATION RECLASS
605,A400010,00900,00100,D
605,A400010,00900,00200,HEART ACQUISITIONS
605,A400010,01000,00000,AVIATION RECLASS
605,A400010,01000,00100,D
605,A400010,01000,00200,OTHER ACQUISITIONS
605,A400010,01100,00000,AVIATION RECLASS
605,A400010,01100,00100,D
605,A400010,01100,00200,LUNG ACQUISITIONS
605,A400010,01200,00000,AVIATION RECLASS
605,A400010,01200,00100,D
605,A400010,01200,00200,ADMINISTRATIVE & GENERAL
605,A400010,01300,00000,AVIATION RECLASS
605,A400010,01300,00100,D
605,A400010,01300,00200,PANCREAS ACQUISITIONS
605,A400010,01400,00000,BUILDING RECLASS
605,A400010,01400,00100,E
605,A400010,01400,00200,CAPITAL COSTS-BLDG & FIXT
605,A400010,01400,00500,BUILDING
605,A400010,01500,00000,BUILDING RECLASS
605,A400010,01500,00100,E
605,A400010,01500,00200,CAPITAL COSTS-MVBLE EQUIPMENT
605,A400010,01600,00000,BUILDING RECLASS
605,A400010,01600,00100,E
605,A400010,01600,00200,OPERATION AND MAINTENANCE OF PLANT
605,A400010,01700,00000,ADMIN RECLASS
605,A400010,01700,00100,F
605,A400010,01700,00200,ADMINISTRATIVE & GENERAL
605,A400010,01700,00500,CAPITAL COSTS-BLDG & FIXT
605,A400010,01800,00000,ADMIN RECLASS
605,A400010,01800,00100,F
605,A400010,01800,00200,ADMINISTRATIVE & GENERAL
605,A400010,01800,00500,CAPITAL COSTS-MVBLE EQUIPMENT
605,A400010,01900,00000,ADMIN RECLASS
605,A400010,01900,00100,F
605,A400010,01900,00200,ADMINISTRATIVE & GENERAL
605,A400010,01900,00500,OPERATION AND MAINTENANCE OF PLANT
605,A500010,00800,00100,B
605,A500010,00800,00300,PROCUREMENT COORDINATORS
605,A500010,01500,00000,BUILDING
605,A500010,01500,00100,A
605,A500010,01500,00300,BUILDING
605,A500010,01501,00000,OFFSET ADMIN FOR BLDG MGMT
605,A500010,01501,00100,A
605,A500010,01501,00300,ADMINISTRATIVE & GENERAL
605,A500010,01502,00000,REDUCE IN-HOUSE LAB CHARGES TO COSTS
605,A500010,01502,00100,A
605,A500010,01502,00300,KIDNEY ACQUISITIONS
605,A500010,01503,00000,REDUCE IN-HOUSE LAB CHARGES TO COSTS
605,A500010,01503,00100,A
605,A500010,01503,00300,PANCREAS ACQUISITIONS
605,A500010,01600,00000,NON-ALLOWABLE EXPENSES ORAN PROCUREM
605,A500010,01600,00100,A
605,A500010,01600,00300,PROCUREMENT COORDINATORS
605,A500010,01601,00000,NON-ALLOWABLE EXPENSES A&G
605,A500010,01601,00100,A
605,A500010,01601,00300,ADMINISTRATIVE & GENERAL
605,A500010,01602,00000,NON-ALLOWABLE EXPENSES HOSP SERVICES
605,A500010,01602,00100,A
605,A500010,01602,00300,PROFESSIONAL EDUCATION
605,A500010,01603,00000,NON-ALLOWABLE EXPENSES KIDNEY
605,A500010,01603,00100,A
605,A500010,01603,00300,KIDNEY ACQUISITIONS
605,A500010,01604,00000,NON-ALLOWABLE EXPENSES LIVER
605,A500010,01604,00100,A
605,A500010,01604,00300,LIVER ACQUISITIONS
605,A500010,01605,00000,NON-ALLOWABLE EXPENSES HEART
605,A500010,01605,00100,A
605,A500010,01605,00300,HEART ACQUISITIONS
605,A500010,01606,00000,NON-ALLOWABLE EXPENSES LUNGS
605,A500010,01606,00100,A
605,A500010,01606,00300,LUNG ACQUISITIONS
605,A500010,01608,00000,NON-ALLOWABLE EXPENSES
605,A500010,01608,00100,A
605,A500010,01608,00300,PUBLIC EDUCATION
605,A500010,01609,00000,NON-ALLOWABLE EXPENSES DONATION SERV
605,A500010,01609,00100,A
605,A500010,01609,00300,CALL CENTER
605,A500010,01610,00000,NON-ALLOWABLE EX TISSUE TYPING LAB
605,A500010,01610,00100,A
605,A500010,01610,00300,TISSUE TYPING LABORATORY
605,A500010,01611,00000,LOBBYING EXPENSES
605,A500010,01611,00100,A
605,A500010,01611,00300,ADMINISTRATIVE & GENERAL
605,A51000A,00100,00100,Y
605,A51000B,00100,00200,ADMINISTRATIVE & GENERAL
605,A51000B,00100,00300,FEES FORSERVICES
605,A51000C,00100,00100,C
605,A51000C,00100,00200,MIDWEST TRANSPLANT NETWORK
605,A51000C,00100,00400,GREEN RIBBON LEGACY
605,A51000C,00100,00600,INVESTMENT SUBSIDIARY
605,A60000A,00700,00000,TRADEMARK & BRANDING
605,A60000B,00800,00000,OTHER
605,A60000C,00500,00100,N
605,B10000*,00100,00200,CAP BLDG
605,B10000*,00100,00300,CAP COSTS
605,B10000*,00100,00400,EMPLOYEE
605,B10000*,00100,00500,MEDICAL
605,B10000*,00100,00800,ORGAN
605,B10000*,00100,01000,ADMIN &
605,B10000*,00200,00200,OP PLANT &
605,B10000*,00200,00300,MOVABLE
605,B10000*,00200,00400,BENEFITS
605,B10000*,00200,00500,SUPPLIES
605,B10000*,00200,00800,ACQUISITN
605,B10000*,00200,01000,GENERAL
605,B10000*,00300,00200,HOUSEKEEP
605,B10000*,00300,00300,EQUIPMENT
605,B10000*,00300,00800,COSTS
605,B10000*,00400,00200,SQUARE
605,B10000*,00400,00300,DOLLAR
605,B10000*,00400,00400,ADJUST
605,B10000*,00400,00500,COSTED
605,B10000*,00400,00800,NUMBER
605,B10000*,00400,01000,ACCUM
605,B10000*,00500,00200,FEET
605,B10000*,00500,00300,VALUE
605,B10000*,00500,00400,SALARIES
605,B10000*,00500,00500,REQUISIT
605,B10000*,00500,00800,ORGANS
605,B10000*,00500,01000,COSTS
605,B10000*,00600,00200,1
605,B10000*,00600,00300,2
605,B10000*,00600,00400,3
605,B10000*,00600,00500,3
605,B10000*,00600,00800,3
605,B10000*,00600,01000,3
605,B100000,00000,01000,X
605,E000000,00900,00000,OTHER CURRENT ASSETS
605,E000000,02600,00000,ROU - OPERATING LEASES
605,E000000,03100,00000,OTHER ASSETS
605,E000000,03900,00000,ROU - OPERATING LEASE LIABILITIES CU
605,E000000,04100,00000,TENANT DEPOSITS
605,E000000,04600,00000,ROU - OPERATING LEASE LIABILITIES
605,E100001,00700,00000,TISSUE REVENUE
605,S000000,00100,00100,X
605,S000000,00400,00100,1
605,S000000,00500,00100,05/24/2024
605,S000000,00600,00100,10001
605,S000000,00700,00100,N
605,S000000,00800,00100,N
605,S000000,01000,00100,4
605,S000001,00100,00100,MIDWEST TRANSPLANT NETWORK
605,S000001,00100,00200,17P001
605,S000001,00101,00100,1900 W. 47TH PLACE
605,S000001,00102,00100,WESTWOOD
605,S000001,00102,00200,KS
605,S000001,00102,00300,66205
605,S000001,00200,00100,MIDWEST TRANSPLANT NETWORK
605,S000001,00200,00200,17HL01
605,S000001,00201,00100,1900 W. 47TH PLACE
605,S000001,00202,00100,WESTWOOD
605,S000001,00202,00200,KS
605,S000001,00202,00300,66205
605,S000001,00300,00100,01/01/2023
605,S000001,00300,00200,12/31/2023
605,S000001,00400,00100,6
605,S000001,00400,00300,1
605,S000001,00400,00400,10/01/1978
605,S000001,00401,00100,6
605,S000001,00401,00300,1
605,S000001,00401,00400,10/01/1978
605,S000002,00100,00200,Y
605,S000002,00300,00100,CFO
605,S000002,00400,00100,05/24/2024
605,S100001,00700,00100,N
605,S100001,00810,00000,INTESTINE
605,S100002,00400,00100,ABO
605,S100002,00401,00100,FLOW CROSSMATCH T CELL
605,S100002,00402,00100,ABO ANTI TITER
605,S100002,00403,00100,LUMINEX CLASS I SINGLE ANTIGEN
605,S100002,00404,00100,LUMINEX CLASS I ANTIBODY
605,S100002,00405,00100,CIQ CLASS I SINGLE ANTIGEN ID
605,S100002,00406,00100,LUMINEX CLASS II SINGLE ANTIGEN
605,S100002,00407,00100,CIQ CLASS II SINGLE ANTIGEN ID
605,S100002,00408,00100,MOLECULAR HLA CLASS I
605,S100002,00409,00100,HLA - DR/DQ/DP ALLELE
605,S100002,00410,00100,NAT VIRAL DETECTION
605,S100002,00411,00100,ANTIBODIES TO HIV-1/HIV-2
605,S100002,00412,00100,ANTIBODIES TO HEPATITIS B CORE
605,S100002,00413,00100,HEPATITIS B SURFACE ANTIGEN
605,S100002,00414,00100,ANTIBODY TO HEPATITIS C VIRUS
605,S100002,00415,00100,ANTIBODIES TO CMV
605,S100002,00416,00100,RAPID PLASMA REAGIN
605,S100002,00417,00100,EPSTEIN-BARR VIRUS
605,S100002,00418,00100,STAT FEE
605,S100002,00419,00100,TOXOPLASMA IGG EIA
605,S100002,00420,00100,HIGH RESOLUTION TYPING BY NGS
605,S100002,00421,00100,CAPTIA SYPHILIS
605,S100002,00422,00100,WEST NILE VIRUS
605,S100002,00423,00100,LOCAL DECEASED DONOR WORKUP
605,S100002,00424,00100,DNA STORAGE FEE
605,S100002,00425,00100,HLA  LOW RESOLUTION TYPING BY QPCR
605,S100003,00100,00100,MEDICAL DIRECTOR
605,S100003,00100,00300,MEDICAL DIRECTOR
605,S100003,00100,00500,LAB DIRECTOR
605,S100003,00101,00100,EXEC. DIRECTOR
605,S100003,00101,00300,PROCUREMENT COORDINATOR
605,S100003,00101,00500,TECHNICIANS
605,S100003,00102,00100,CLERICAL
605,S100003,00102,00300,PRESERVATION TECHNICIANS
605,S100003,00102,00500,TISSUE TYPING TECH.
605,S100003,00103,00100,OTHER
605,S100003,00103,00300,OTHER
605,S100003,00103,00500,OTHER
605,S200000,00100,00100,N
605,S200000,00200,00100,N
605,S200000,00300,00100,Y
605,S200000,00400,00100,Y
605,S200000,00400,00200,A
605,S200000,00400,00300,03/12/2024
605,S200000,00500,00100,Y
605,S200000,00600,00300,CFO
605,S200000,00700,00100,MIDWEST TRANSPLANT NETWORK
606,A000000,00100,00000,0100CAPITAL COSTS-BLDG & FIXT
606,A000000,00200,00000,0200CAPITAL COSTS-MVBLE EQUIPMENT
606,A000000,00300,00000,0300EMPLOYEE BENEFITS
606,A000000,00400,00000,0400ADMINISTRATIVE & GENERAL
606,A000000,00500,00000,0500OPERATION AND MAINTENANCE OF PLANT
606,A000000,00600,00000,0600HOUSEKEEPING
606,A000000,00700,00000,0700MEDICAL SUPPLIES
606,A000000,00800,00000,0800OTHER OVERHEAD
606,A000000,00900,00000,0900PROCUREMENT COORDINATORS
606,A000000,01000,00000,1000PROFESSIONAL EDUCATION
606,A000000,01100,00000,1100PUBLIC EDUCATION
606,A000000,01300,00000,1300KIDNEY ACQUISITIONS
606,A000000,01400,00000,1400TISSUE TYPING LABORATORY
606,A000000,01500,00000,1500LIVER ACQUISITIONS
606,A000000,01600,00000,1600HEART ACQUISITIONS
606,A000000,01700,00000,1700PANCREAS ACQUISITIONS
606,A000000,01800,00000,1800LUNG ACQUISITIONS
606,A000000,01900,00000,1900BOWEL
606,A000000,02100,00000,2100RESEARCH
606,A000000,02200,00000,2200BLOOD BANK
606,A000000,02300,00000,2300LABORATORY-NON-TISSUE TYPING
606,A000000,02400,00000,2400DIALYSIS UNITS
606,A000000,02500,00000,2500TISSUE RECOVERY
606,A100000,01700,00000,DUES AND MEMBERSHIPS
606,A20H000,00900,00000,HOSPITAL FEES
606,A20H000,02100,00000,RECOVERY SUPPLIES
606,A20K000,00900,00000,HOSPITAL FEES
606,A20K000,02100,00000,RECOVERY SUPPLIES
606,A20L000,00900,00000,HOSPITAL FEES
606,A20L000,02100,00000,RECOVERY SUPPLIES
606,A20O000,00900,00000,HOSPITAL FEES
606,A20P000,00900,00000,HOSPITAL FEES
606,A20P000,02100,00000,RECOVERY SUPPLIES
606,A20U000,00900,00000,HOSPITAL FEES
606,A20U000,02100,00000,RECOVERY SUPPLIES
606,A400010,00100,00000,RECLASSIFICATIONS
606,A400010,00100,00100,A
606,A400010,00100,00200,TISSUE RECOVERY
606,A400010,00100,00500,PROCUREMENT COORDINATORS
606,A400010,00200,00000,RECLASSIFICATIONS
606,A400010,00200,00100,A
606,A400010,00200,00200,TISSUE RECOVERY
606,A400010,00200,00500,PROFESSIONAL EDUCATION
606,A400010,00300,00000,RECLASSIFICATIONS
606,A400010,00300,00100,A
606,A400010,00300,00200,TISSUE RECOVERY
606,A400010,00300,00500,PUBLIC EDUCATION
606,A400010,00400,00000,RECLASSIFICATIONS
606,A400010,00400,00100,A
606,A400010,00400,00200,ADMINISTRATIVE & GENERAL
606,A400010,00400,00500,CAPITAL COSTS-BLDG & FIXT
606,A400010,00500,00000,RECLASSIFICATIONS
606,A400010,00500,00100,A
606,A400010,00500,00200,ADMINISTRATIVE & GENERAL
606,A400010,00500,00500,CAPITAL COSTS-MVBLE EQUIPMENT
606,A400010,00600,00000,RECLASSIFICATIONS
606,A400010,00600,00100,A
606,A400010,00600,00200,KIDNEY ACQUISITIONS
606,A400010,00600,00500,PROCUREMENT COORDINATORS
606,A400010,00700,00000,RECLASSIFICATIONS
606,A400010,00700,00100,A
606,A400010,00700,00200,LIVER ACQUISITIONS
606,A400010,00700,00500,PROCUREMENT COORDINATORS
606,A500010,00700,00100,B
606,A500010,00700,00300,CAPITAL COSTS-BLDG & FIXT
606,A500010,00800,00100,B
606,A500010,00800,00300,PROCUREMENT COORDINATORS
606,A500010,01400,00100,A
606,A500010,01400,00300,CAPITAL COSTS-MVBLE EQUIPMENT
606,A500010,01500,00000,LOBBYING FROM DUES
606,A500010,01500,00100,A
606,A500010,01500,00300,ADMINISTRATIVE & GENERAL
606,A51000A,00100,00100,Y
606,A51000B,00100,00200,ADMINISTRATIVE & GENERAL
606,A51000B,00100,00300,DIRECT OPO COSTS
606,A51000B,00200,00200,OPERATION AND MAINTENANCE OF PLANT
606,A51000B,00200,00300,DIRECT OPO COSTS
606,A51000B,00300,00200,PROCUREMENT COORDINATORS
606,A51000B,00300,00300,DIRECT OPO COSTS
606,A51000B,00400,00200,PROFESSIONAL EDUCATION
606,A51000B,00400,00300,DIRECT OPO COSTS
606,A51000B,00401,00200,PUBLIC EDUCATION
606,A51000B,00401,00300,DIRECT OPO COSTS
606,A51000B,00402,00200,TISSUE RECOVERY
606,A51000B,00402,00300,DIRECT OPO COSTS
606,A51000C,00100,00100,B
606,A51000C,00100,00200,NEW ENGLAND DONOR SERVICES  INC.
606,A51000C,00100,00400,NEW ENGLAND DONOR SERVICES  INC.
606,A51000C,00100,00600,PARENT COMPANY
606,A60000A,00700,00000,LEASEHOLD IMPROVEMENTS
606,A60000B,00800,00000,LEASEHOLD IMPROVEMENTS
606,A60000C,00500,00100,N
606,B10000*,00100,00200,CAP BLDG
606,B10000*,00100,00300,CAP COSTS
606,B10000*,00100,00400,EMPLOYEE
606,B10000*,00100,00500,MEDICAL
606,B10000*,00100,00800,ORGAN
606,B10000*,00100,01000,ADMIN &
606,B10000*,00200,00200,OP PLANT &
606,B10000*,00200,00300,MOVABLE
606,B10000*,00200,00400,BENEFITS
606,B10000*,00200,00500,SUPPLIES
606,B10000*,00200,00800,ACQUISITN
606,B10000*,00200,01000,GENERAL
606,B10000*,00300,00200,HOUSEKEEP
606,B10000*,00300,00300,EQUIPMENT
606,B10000*,00300,00800,COSTS
606,B10000*,00400,00200,SQUARE
606,B10000*,00400,00300,DOLLAR
606,B10000*,00400,00400,ADJUST
606,B10000*,00400,00500,COSTED
606,B10000*,00400,00800,NUMBER
606,B10000*,00400,01000,ACCUM
606,B10000*,00500,00200,FEET
606,B10000*,00500,00300,VALUE
606,B10000*,00500,00400,SALARIES
606,B10000*,00500,00500,REQUISIT
606,B10000*,00500,00800,ORGANS
606,B10000*,00500,01000,COSTS
606,B10000*,00600,00200,1
606,B10000*,00600,00300,2
606,B10000*,00600,00400,3
606,B10000*,00600,00500,3
606,B10000*,00600,00800,3
606,B10000*,00600,01000,3
606,B100000,00000,01000,X
606,E000000,00900,00000,OTHER CURRENT ASSETS
606,E000000,02600,00000,OTHER FIXED ASSETS
606,E000000,03100,00000,DUE TO RELATED ORG. & RIGHT OF USE
606,E000000,03900,00000,CURRENT PORTION OF LEASE PAYABLE
606,E000000,04100,00000,MEDICARE/CMS RESERVE
606,E200000,01500,00000,OTHER REVENUE
606,E200000,01600,00000,MEDICARE ADJUSTMENT
606,S000000,00100,00100,X
606,S000000,00400,00100,1
606,S000000,00500,00100,05/24/2024
606,S000000,00600,00100,10001
606,S000000,00700,00100,N
606,S000000,00800,00100,N
606,S000000,01000,00100,4
606,S000001,00100,00100,NEW ENGLAND ORGAN BANK  INC.
606,S000001,00100,00200,22P001
606,S000001,00101,00100,60 FIRST AVENUE
606,S000001,00102,00100,WALTHAM
606,S000001,00102,00200,MA
606,S000001,00102,00300,02451
606,S000001,00300,00100,01/01/2023
606,S000001,00300,00200,12/31/2023
606,S000001,00400,00100,6
606,S000001,00400,00300,1
606,S000001,00400,00400,07/01/2004
606,S000001,00401,00300,1
606,S000002,00100,00200,Y
606,S000002,00300,00100,CHIEF FINANCIAL OFFICER
606,S000002,00400,00100,05/22/2024
606,S100001,00700,00100,N
606,S100001,00810,00000,BOWEL
606,S100003,00100,00100,MEDICAL DIRECTOR
606,S100003,00100,00300,MEDICAL DIRECTOR
606,S100003,00100,00500,LAB DIRECTOR
606,S100003,00101,00100,EXEC. DIRECTOR
606,S100003,00101,00300,PROCUREMENT COORDINATOR
606,S100003,00101,00500,TECHNICIANS
606,S100003,00102,00100,CLERICAL
606,S100003,00102,00300,PRESERVATION TECHNICIANS
606,S100003,00102,00500,TISSUE TYPING TECH.
606,S100003,00103,00100,OTHER
606,S100003,00103,00300,OTHER
606,S100003,00103,00500,OTHER
606,S200000,00100,00100,N
606,S200000,00200,00100,N
606,S200000,00300,00100,Y
606,S200000,00400,00100,Y
606,S200000,00400,00200,A
606,S200000,00400,00300,05/21/2024
606,S200000,00500,00100,Y
606,S200000,00600,00300,CHIEF FINANCIAL OFFICER
606,S200000,00700,00100,NEW ENGLAND DONOR SERVICES  INC.
607,A000000,00100,00000,0100CAPITAL COSTS-BLDG & FIXT
607,A000000,00200,00000,0200CAPITAL COSTS-MVBLE EQUIPMENT
607,A000000,00300,00000,0300EMPLOYEE BENEFITS
607,A000000,00400,00000,0400ADMINISTRATIVE & GENERAL
607,A000000,00500,00000,0500OPERATION AND MAINTENANCE OF PLANT
607,A000000,00600,00000,0600HOUSEKEEPING
607,A000000,00700,00000,0700MEDICAL SUPPLIES
607,A000000,00800,00000,0800OTHER OVERHEAD
607,A000000,00900,00000,0900PROCUREMENT COORDINATORS
607,A000000,01000,00000,1000PROFESSIONAL EDUCATION
607,A000000,01100,00000,1100PUBLIC EDUCATION
607,A000000,01200,00000,1200QUALITY SERVICES
607,A000000,01201,00000,1201FAMILY SERVICES
607,A000000,01202,00000,1202CALL CENTER
607,A000000,01300,00000,1300KIDNEY ACQUISITIONS
607,A000000,01400,00000,1400TISSUE TYPING LABORATORY
607,A000000,01500,00000,1500LIVER ACQUISITIONS
607,A000000,01600,00000,1600HEART ACQUISITIONS
607,A000000,01700,00000,1700PANCREAS ACQUISITIONS
607,A000000,01800,00000,1800LUNG ACQUISITIONS
607,A000000,01900,00000,1900INTESTINE ACQUISITIONS
607,A000000,01901,00000,1901ORGAN-OTHER
607,A000000,02100,00000,2100RESEARCH
607,A000000,02200,00000,2200BLOOD BANK
607,A000000,02300,00000,2300LABORATORY-NON-TISSUE TYPING
607,A000000,02400,00000,2400DIALYSIS UNITS
607,A000000,02500,00000,2500TISSUE
607,A000000,02501,00000,2501OCULAR
607,A000000,02502,00000,2502NORTHERN NEVADA
607,A000000,02503,00000,2503LIVING DONATION
607,A000000,02504,00000,2504BONE MARROW
607,A100000,01700,00000,A&G
607,A100000,01800,00000,DEPRECIATION
607,A100000,01900,00000,EMPLOYEE BENEFITS
607,A100000,01901,00000,NETWORK DUES
607,A20H000,00900,00000,CARDIOLOGY
607,A20H000,02100,00000,OUTSIDE LAB - HEART
607,A20K000,00900,00000,OTHER HOSPITAL COSTS
607,A20K000,02100,00000,OUTSIDE LAB - KIDNEY
607,A20L000,00900,00000,OTHER HOSPITAL COSTS
607,A20L000,02100,00000,OUTSIDE LAB-LIVER
607,A20O000,00900,00000,OTHER HOSPITAL COSTS
607,A20O000,02100,00000,OUTSIDE LAB-INTESTINE
607,A20O001,00900,00000,OTHER HOSPITAL COSTS
607,A20O001,02100,00000,OUTSIDE LAB-OTHER
607,A20P000,00900,00000,OTHER HOSPITAL COSTS
607,A20P000,02100,00000,OUTSIDE LAB-PANC
607,A20U000,00900,00000,OTHER HOSPITAL COSTS
607,A20U000,02100,00000,OUTSIDE LAB-LUNG
607,A300000,00600,00000,OTHER TISSUE TYPING COSTS
607,A300000,00700,00000,DEPRECIATION
607,A300000,00800,00000,DUES
607,A300000,00900,00000,TRAINING AND TRAVEL
607,A300000,01000,00000,EQUIP
607,A300000,01001,00000,PRESERVATION
607,A300000,01002,00000,TRANSPORTATION FOR SPECIMENS
607,A300000,01003,00000,INSURANCE AND BUILDING
607,A300000,01004,00000,SUPPLIES & OTHER
607,A400010,00100,00000,PAYROLL TAXES
607,A400010,00100,00100,A
607,A400010,00100,00200,PROCUREMENT COORDINATORS
607,A400010,00100,00500,ADMINISTRATIVE & GENERAL
607,A400010,00200,00000,PAYROLL TAXES
607,A400010,00200,00100,A
607,A400010,00200,00200,PROFESSIONAL EDUCATION
607,A400010,00300,00000,PAYROLL TAXES
607,A400010,00300,00100,A
607,A400010,00300,00200,QUALITY SERVICES
607,A400010,00400,00000,PAYROLL TAXES
607,A400010,00400,00100,A
607,A400010,00400,00200,FAMILY SERVICES
607,A400010,00500,00000,PAYROLL TAXES
607,A400010,00500,00100,A
607,A400010,00500,00200,CALL CENTER
607,A400010,00600,00000,PAYROLL TAXES
607,A400010,00600,00100,A
607,A400010,00600,00200,KIDNEY ACQUISITIONS
607,A400010,00700,00000,PAYROLL TAXES
607,A400010,00700,00100,A
607,A400010,00700,00200,TISSUE TYPING LABORATORY
607,A400010,00800,00000,PAYROLL TAXES
607,A400010,00800,00100,A
607,A400010,00800,00200,TISSUE
607,A400010,00900,00000,PAYROLL TAXES
607,A400010,00900,00100,A
607,A400010,00900,00200,OCULAR
607,A400010,01000,00000,PAYROLL TAXES
607,A400010,01000,00100,A
607,A400010,01000,00200,LIVING DONATION
607,A400010,01100,00000,PAYROLL TAXES
607,A400010,01100,00100,A
607,A400010,01100,00200,BONE MARROW
607,A400010,01200,00000,TISSUE OVERHEAD
607,A400010,01200,00100,B
607,A400010,01200,00200,TISSUE
607,A400010,01200,00500,PROCUREMENT COORDINATORS
607,A400010,01300,00000,TISSUE OVERHEAD
607,A400010,01300,00100,B
607,A400010,01300,00200,OCULAR
607,A400010,01300,00500,PROFESSIONAL EDUCATION
607,A400010,01400,00000,TISSUE OVERHEAD
607,A400010,01400,00100,B
607,A400010,01400,00500,QUALITY SERVICES
607,A400010,01500,00000,TISSUE OVERHEAD
607,A400010,01500,00100,B
607,A400010,01500,00500,FAMILY SERVICES
607,A400010,01600,00000,TISSUE OVERHEAD
607,A400010,01600,00100,B
607,A400010,01600,00500,CALL CENTER
607,A400010,01700,00000,DIRECT ORGAN AQUISITION COSTS
607,A400010,01700,00100,C
607,A400010,01700,00200,KIDNEY ACQUISITIONS
607,A400010,01700,00500,ORGAN-OTHER
607,A400010,01800,00000,DIRECT ORGAN AQUISITION COSTS
607,A400010,01800,00100,C
607,A400010,01800,00200,LIVER ACQUISITIONS
607,A400010,01900,00000,DIRECT ORGAN AQUISITION COSTS
607,A400010,01900,00100,C
607,A400010,01900,00200,HEART ACQUISITIONS
607,A400010,02000,00000,DIRECT ORGAN AQUISITION COSTS
607,A400010,02000,00100,C
607,A400010,02000,00200,PANCREAS ACQUISITIONS
607,A400010,02100,00000,DIRECT ORGAN AQUISITION COSTS
607,A400010,02100,00100,C
607,A400010,02100,00200,LUNG ACQUISITIONS
607,A400010,02200,00000,BLDG OVEREHAD COST
607,A400010,02200,00100,D
607,A400010,02200,00200,ADMINISTRATIVE & GENERAL
607,A400010,02200,00500,PROCUREMENT COORDINATORS
607,A400010,02300,00000,BLDG OVEREHAD COST
607,A400010,02300,00100,D
607,A400010,02300,00500,PROFESSIONAL EDUCATION
607,A400010,02400,00000,BLDG OVEREHAD COST
607,A400010,02400,00100,D
607,A400010,02400,00500,QUALITY SERVICES
607,A400010,02500,00000,BLDG OVEREHAD COST
607,A400010,02500,00100,D
607,A400010,02500,00500,FAMILY SERVICES
607,A400010,02600,00000,BLDG OVEREHAD COST
607,A400010,02600,00100,D
607,A400010,02600,00500,CALL CENTER
607,A400010,02700,00000,BLDG OVEREHAD COST
607,A400010,02700,00100,D
607,A400010,02700,00500,TISSUE TYPING LABORATORY
607,A400010,02800,00000,BLDG OVEREHAD COST
607,A400010,02800,00100,D
607,A400010,02800,00500,TISSUE
607,A400010,02900,00000,BLDG OVEREHAD COST
607,A400010,02900,00100,D
607,A400010,02900,00500,OCULAR
607,A400010,03000,00000,BLDG OVEREHAD COST
607,A400010,03000,00100,D
607,A400010,03000,00500,NORTHERN NEVADA
607,A400010,03100,00000,BLDG OVEREHAD COST
607,A400010,03100,00100,D
607,A400010,03100,00500,LIVING DONATION
607,A400010,03200,00000,BLDG OVEREHAD COST
607,A400010,03200,00100,D
607,A400010,03200,00500,BONE MARROW
607,A500010,01200,00100,B
607,A500010,01200,00300,CAPITAL COSTS-MVBLE EQUIPMENT
607,A500010,01503,00000,NONALLOWABLE INTEREST EXPENSE
607,A500010,01503,00100,A
607,A500010,01503,00300,CAPITAL COSTS-MVBLE EQUIPMENT
607,A500010,01504,00000,GALA REVENUE
607,A500010,01504,00100,A
607,A500010,01504,00300,PROFESSIONAL EDUCATION
607,A500010,01600,00000,AOPO LOBBYING
607,A500010,01600,00100,A
607,A500010,01600,00300,ADMINISTRATIVE & GENERAL
607,A500010,01601,00000,FOUNDATION ADMIN ALLOCATION
607,A500010,01601,00100,A
607,A500010,01601,00300,ADMINISTRATIVE & GENERAL
607,A500010,01602,00000,REFUNDS AND REBATES
607,A500010,01602,00100,B
607,A500010,01602,00300,ADMINISTRATIVE & GENERAL
607,A500010,01603,00000,REFUNDS AND REBATES
607,A500010,01603,00100,B
607,A500010,01603,00300,PROCUREMENT COORDINATORS
607,A500010,01604,00000,REFUNDS AND REBATES
607,A500010,01604,00100,B
607,A500010,01604,00300,PROFESSIONAL EDUCATION
607,A500010,01605,00000,REFUNDS AND REBATES
607,A500010,01605,00100,B
607,A500010,01605,00300,TISSUE
607,A500010,01606,00000,REFUNDS AND REBATES
607,A500010,01606,00100,B
607,A500010,01606,00300,OCULAR
607,A51000A,00100,00100,N
607,A60000A,00700,00000,BLDG & EQUIP
607,B10000*,00100,00200,CAP BLDG
607,B10000*,00100,00300,CAP COSTS
607,B10000*,00100,00400,EMPLOYEE
607,B10000*,00100,00500,MEDICAL
607,B10000*,00100,00800,ORGAN
607,B10000*,00100,01000,ADMIN &
607,B10000*,00200,00200,OP PLANT &
607,B10000*,00200,00300,MOVABLE
607,B10000*,00200,00400,BENEFITS
607,B10000*,00200,00500,SUPPLIES
607,B10000*,00200,00800,ACQUISITN
607,B10000*,00200,01000,GENERAL
607,B10000*,00300,00200,HOUSEKEEP
607,B10000*,00300,00300,EQUIPMENT
607,B10000*,00300,00800,COSTS
607,B10000*,00400,00200,SQUARE
607,B10000*,00400,00300,SQUARE
607,B10000*,00400,00400,ADJUST
607,B10000*,00400,00500,COSTED
607,B10000*,00400,00800,NUMBER
607,B10000*,00400,01000,ACCUM
607,B10000*,00500,00200,FEET
607,B10000*,00500,00300,FEET
607,B10000*,00500,00400,SALARIES
607,B10000*,00500,00500,REQUISIT
607,B10000*,00500,00800,ORGANS
607,B10000*,00500,01000,COSTS
607,B10000*,00600,00200,1
607,B10000*,00600,00300,2
607,B10000*,00600,00400,3
607,B10000*,00600,00500,3
607,B10000*,00600,00800,3
607,B10000*,00600,01000,3
607,B100000,00000,01000,X
607,E000000,00900,00000,GRANT RECEIVABLE
607,E000000,02600,00000,CIP
607,E000000,03100,00000,OTHER ASSETS
607,E000000,03900,00000,OPERATING LEASE LIABILITY
607,E000000,04100,00000,FINANCE LEASE LIABILITY
607,E000000,04600,00000,OPERATING LEASE LIABILITY
607,E000000,04700,00000,FINANCE LEASE LIABILITY
607,E000000,04800,00000,DEFERRED REVENUE
607,E100001,00700,00000,TISSUE
607,E100001,00800,00000,OCULAR
607,E100001,00900,00000,BIRTH TISSUE
607,E100001,00901,00000,OTHER
607,E100002,00300,00000,OTHER EXPENSES
607,E200000,01500,00000,OTHER EVENT REVENUE
607,E200000,01600,00000,OTHER INCOME
607,E200000,02000,00000,OTHER REVENUES
607,E200000,02100,00000,NET ASSETS RELEASED FROM RESTRICTION
607,E200000,02200,00000,INTEREST INCOME
607,E200000,02600,00000,OTHER EXPENSES
607,E200000,02700,00000,LOSS ON INVESTMENTS
607,E200000,02701,00000,NET ASSETS RELEASED FROM RESTRICTION
607,S000000,00100,00100,X
607,S000000,00400,00100,1
607,S000000,00500,00100,05/24/2024
607,S000000,00600,00100,10001
607,S000000,00700,00100,N
607,S000000,00800,00100,N
607,S000000,01000,00100,4
607,S000001,00100,00100,NEVADA DONOR NETWORK INC
607,S000001,00100,00200,29P001
607,S000001,00101,00100,2055 E SAHARA AVENUE
607,S000001,00102,00100,LAS VEGAS
607,S000001,00102,00200,NV
607,S000001,00102,00300,89104-3829
607,S000001,00200,00100,NEVADA DONOR NETWORK INC
607,S000001,00200,00200,29HL01
607,S000001,00201,00100,2059 E SAHARA AVENUE
607,S000001,00202,00100,LAS VEGAS
607,S000001,00202,00200,NV
607,S000001,00202,00300,89104-3829
607,S000001,00300,00100,01/01/2023
607,S000001,00300,00200,12/31/2023
607,S000001,00400,00100,6
607,S000001,00400,00300,1
607,S000001,00400,00400,10/01/1985
607,S000001,00401,00100,6
607,S000001,00401,00300,2
607,S000001,00401,00400,01/01/2006
607,S000002,00100,00200,Y
607,S000002,00300,00100,PRESIDENT/CEO
607,S000002,00400,00100,05/23/2024
607,S100001,00700,00100,N
607,S100001,00810,00000,INTESTINE
607,S100001,00811,00000,DRG
607,S100001,00812,00000,VEINS
607,S100001,00813,00000,LIVING DONATION
607,S100002,00400,00100,PHENOTYPE  HLA-A  B
607,S100002,00401,00100,PHENOTYPE  HLA-DR  DQ
607,S100002,00402,00100,PHENOTYPE  HLA-AB & DR  DQ
607,S100002,00403,00100,CROSSMATCH  NON-LIVING DONOR  HLA-A
607,S100002,00404,00100,CROSSMATCH  NON-LIVING DONOR  HLA-D
607,S100002,00405,00100,CROSSMATCH  LIVING DONOR
607,S100002,00406,00100,ABO TYPING
607,S100002,00407,00100,SERUM PROCESSING
607,S100002,00408,00100,HLA ANTIBODY SCREEN
607,S100002,00409,00100,HLA ANTBODY ANALYSIS  CLASS I
607,S100002,00410,00100,HLA ANTBODY ANALYSIS  CLASS II
607,S100002,00411,00100,OTHER
607,S100002,00412,00100,NON-LOCAL TX CTR XM  NLD  HLA-A B
607,S100002,00413,00100,NON-LOCAL TX CTR XM  NLD  HLA-DR
607,S100002,00414,00100,DONOR SPECIFIC ANTIBODY
607,S100002,00426,00100,ABO TYPING DECEASED DONORS
607,S100003,00100,00100,MEDICAL DIRECTOR
607,S100003,00100,00300,MEDICAL DIRECTOR
607,S100003,00100,00500,LAB DIRECTOR
607,S100003,00101,00100,EXEC. DIRECTOR
607,S100003,00101,00300,PROCUREMENT COORDINATOR
607,S100003,00101,00500,TECHNICIANS
607,S100003,00102,00100,CLERICAL
607,S100003,00102,00300,PRESERVATION TECHNICIANS
607,S100003,00102,00500,TISSUE TYPING TECH.
607,S100003,00103,00100,OTHER
607,S100003,00103,00300,OTHER
607,S100003,00103,00500,OTHER
607,S200000,00100,00100,N
607,S200000,00200,00100,N
607,S200000,00300,00100,N
607,S200000,00400,00100,Y
607,S200000,00400,00200,A
607,S200000,00500,00100,N
607,S200000,00600,00300,PRESIDENT CEO
607,S200000,00700,00100,NEVADA DONOR NETWORK INC
608,A000000,00100,00000,0100CAPITAL COSTS-BLDG & FIXT
608,A000000,00200,00000,0200CAPITAL COSTS-MVBLE EQUIPMENT
608,A000000,00300,00000,0300EMPLOYEE BENEFITS
608,A000000,00400,00000,0400ADMINISTRATIVE & GENERAL
608,A000000,00500,00000,0500OPERATION AND MAINTENANCE OF PLANT
608,A000000,00600,00000,0600HOUSEKEEPING
608,A000000,00700,00000,0700MEDICAL SUPPLIES
608,A000000,00800,00000,0800OTHER OVERHEAD
608,A000000,00900,00000,0900PROCUREMENT COORDINATORS
608,A000000,01000,00000,1000PROFESSIONAL EDUCATION
608,A000000,01100,00000,1100PUBLIC EDUCATION
608,A000000,01200,00000,1200ORGAN ACQUISITION OVERHEAD
608,A000000,01300,00000,1300KIDNEY ACQUISITIONS
608,A000000,01400,00000,1400TISSUE TYPING LABORATORY
608,A000000,01500,00000,1500LIVER ACQUISITIONS
608,A000000,01600,00000,1600HEART ACQUISITIONS
608,A000000,01700,00000,1700PANCREAS ACQUISITIONS
608,A000000,01800,00000,1800LUNG ACQUISITIONS
608,A000000,01900,00000,1900INTESTINES
608,A000000,01901,00000,1901VCA
608,A000000,02100,00000,2100RESEARCH
608,A000000,02200,00000,2200BLOOD BANK
608,A000000,02300,00000,2300LABORATORY-NON-TISSUE TYPING
608,A000000,02400,00000,2400DIALYSIS UNITS
608,A000000,02500,00000,2500TISSUE
608,A000000,02501,00000,250125.01 FOUNDATION COSTS CENTER
608,A100000,01700,00000,TRANSPORTATION/AUTO EXPENSES
608,A100000,01800,00000,EMPLOYEE RECRUITMENT
608,A100000,01900,00000,APPLICATION/OTHER FEES
608,A100000,01901,00000,BOARD OF DIRECTORS
608,A100000,01902,00000,EQUIPMENT LEASE
608,A100000,01903,00000,DEPRECIATION EXPENSE
608,A100000,01904,00000,WEBSITE/SOFTWARE/LICENSES
608,A100000,01905,00000,OFFICE RELOCATION EXPENSES
608,A100000,01906,00000,ROUNDING ADJ
608,A20H000,02100,00000,TISSUE TYPING EXPENSE
608,A20H000,02101,00000,HEART  PRESERVATION
608,A20H000,02103,00000,HEART FLY OUT COST
608,A20K000,02100,00000,KIDNEY BIOPSY NEEDLES
608,A20K000,02101,00000,KIDNEY PUMPING COST
608,A20K000,02102,00000,TRANSPORTATION KIDNEY PUMPS
608,A20K000,02103,00000,OUTSIDE LABS KIDNEY BIOPSY
608,A20K000,02104,00000,OUTSIDE LAB TRANSPORTATION KIDNEY B
608,A20K000,02105,00000,TISSUE TYPING TRANSPORTATION
608,A20K000,02106,00000,IMPORT KIDNEY PUMPING SERVICE
608,A20K000,02107,00000,LABS-HLA DONOR TESTING
608,A20K000,02108,00000,IN-HOUSE KIDNEY SURGEON
608,A20K000,02109,00000,ROUNDING
608,A20K000,02110,00000,KIDNEY EXCHANGE COST
608,A20L000,02101,00000,LIVER BIOPSY NEEDLES
608,A20L000,02102,00000,OUTSIDE LAB LIVER BIOPOSIES
608,A20L000,02103,00000,LIVER BIOSPY TRANSPORTATION
608,A20L000,02104,00000,LIVER FLYOUT
608,A20L000,02105,00000,IN-HOUSE LIVER SURGEON
608,A20P000,02101,00000,TRANSPORTATION TISSUE TYPING
608,A20U000,02102,00000,LUNG FLYOUT COST
608,A400010,00100,00000,RECLASS RENT & ELECTRIC
608,A400010,00100,00100,A
608,A400010,00100,00200,CAPITAL COSTS-BLDG & FIXT
608,A400010,00100,00500,ADMINISTRATIVE & GENERAL
608,A400010,00200,00000,OPERATION & MAINTENANCE
608,A400010,00200,00100,B
608,A400010,00200,00200,CAPITAL COSTS-BLDG & FIXT
608,A400010,00200,00500,OPERATION AND MAINTENANCE OF PLANT
608,A400010,00300,00000,RECLASS MOVABLE EQUIPMENT
608,A400010,00300,00100,C
608,A400010,00300,00200,CAPITAL COSTS-MVBLE EQUIPMENT
608,A400010,00300,00500,ADMINISTRATIVE & GENERAL
608,A400010,00400,00000,ALLOCATE COST TO TISSUE FOR O/H
608,A400010,00400,00100,D
608,A400010,00400,00200,TISSUE
608,A400010,00400,00500,ORGAN ACQUISITION OVERHEAD
608,A400010,00500,00000,AMT EXCLUDED FROM TISSUE O/H ALLOCA
608,A400010,00500,00100,E
608,A400010,00500,00200,ORGAN ACQUISITION OVERHEAD
608,A400010,00500,00500,ORGAN ACQUISITION OVERHEAD
608,A400010,00600,00000,RECLASS PRESERVATION COSTS
608,A400010,00600,00100,F
608,A400010,00600,00200,KIDNEY ACQUISITIONS
608,A400010,00700,00000,RECLASS PRESERVATION COSTS
608,A400010,00700,00100,F
608,A400010,00700,00200,LIVER ACQUISITIONS
608,A400010,00800,00000,RECLASS PRESERVATION COSTS
608,A400010,00800,00100,F
608,A400010,00800,00200,HEART ACQUISITIONS
608,A400010,00900,00000,RECLASS PRESERVATION COSTS
608,A400010,00900,00100,F
608,A400010,00900,00200,PANCREAS ACQUISITIONS
608,A400010,01000,00000,RECLASS PRESERVATION COSTS
608,A400010,01000,00100,F
608,A400010,01000,00200,LUNG ACQUISITIONS
608,A400010,01000,00500,PROCUREMENT COORDINATORS
608,A400010,01100,00000,RECLASS PRESERVATION COSTS
608,A400010,01100,00100,F
608,A400010,01100,00200,INTESTINES
608,A400010,01100,00500,ORGAN ACQUISITION OVERHEAD
608,A400010,01200,00000,RECLASS PRESERVATION COSTS
608,A400010,01200,00100,F
608,A400010,01200,00200,VCA
608,A400010,01300,00000,ALLOCATE CAPITAL COSTS TO TISSUE
608,A400010,01300,00100,H
608,A400010,01300,00200,TISSUE
608,A400010,01300,00500,CAPITAL COSTS-BLDG & FIXT
608,A400010,01400,00000,ALLOCATE CAPITAL COSTS TO TISSUE
608,A400010,01400,00100,H
608,A400010,01400,00200,ADMINISTRATIVE & GENERAL
608,A400010,01400,00500,CAPITAL COSTS-MVBLE EQUIPMENT
608,A400010,01500,00000,ALLOCATE CAPITAL COSTS TO TISSUE
608,A400010,01500,00100,H
608,A400010,01500,00200,25.01 FOUNDATION COSTS CENTER
608,A500010,00800,00100,B
608,A500010,00800,00300,PROCUREMENT COORDINATORS
608,A500010,01200,00100,A
608,A500010,01200,00300,ADMINISTRATIVE & GENERAL
608,A500010,01500,00000,IMPORT KIDNEY PUMPING REVENUE
608,A500010,01500,00100,B
608,A500010,01500,00300,KIDNEY ACQUISITIONS
608,A500010,01501,00000,AOPO DUES LOBBYING
608,A500010,01501,00100,A
608,A500010,01501,00300,ADMINISTRATIVE & GENERAL
608,A500010,01502,00000,PROMOTIONAL EXPENSES & OTHER OFFSETS
608,A500010,01502,00100,A
608,A500010,01502,00300,PUBLIC EDUCATION
608,A500010,01600,00000,KIDNEY EXCHANGE REVENUE
608,A500010,01600,00100,B
608,A500010,01600,00300,KIDNEY ACQUISITIONS
608,A500010,01601,00000,PRESERVATION SERVICE CONTRACT
608,A500010,01601,00100,B
608,A500010,01601,00300,PROCUREMENT COORDINATORS
608,A500010,01602,00000,ORGAN DONOR TRANSPORTATION
608,A500010,01602,00100,B
608,A500010,01602,00300,PROCUREMENT COORDINATORS
608,A500010,01603,00000,HEART FLY OUT COST OFFSET
608,A500010,01603,00100,A
608,A500010,01603,00300,HEART ACQUISITIONS
608,A500010,01604,00000,LUNG FLYOUT COST OFFSET
608,A500010,01604,00100,A
608,A500010,01604,00300,LUNG ACQUISITIONS
608,A500010,01605,00000,LIVER FLY OUT
608,A500010,01605,00100,B
608,A500010,01605,00300,LIVER ACQUISITIONS
608,A51000A,00100,00100,N
608,A60000A,00700,00000,LEASEHOLD IMPROVEMENTS
608,A60000A,00701,00000,PROCUREMENT EQUIPMENT
608,A60000B,00800,00000,8    LEASEHOLD IMPROVEMENTS
608,A60000C,00500,00100,N
608,B10000*,00100,00200,CAP BLDG
608,B10000*,00100,00300,CAP COSTS
608,B10000*,00100,00400,EMPLOYEE
608,B10000*,00100,00500,MEDICAL
608,B10000*,00100,00800,ORGAN
608,B10000*,00100,01000,ADMIN &
608,B10000*,00200,00200,OP PLANT &
608,B10000*,00200,00300,MOVABLE
608,B10000*,00200,00400,BENEFITS
608,B10000*,00200,00500,SUPPLIES
608,B10000*,00200,00800,ACQUISITN
608,B10000*,00200,01000,GENERAL
608,B10000*,00300,00200,HOUSEKEEP
608,B10000*,00300,00300,EQUIPMENT
608,B10000*,00300,00800,COSTS
608,B10000*,00400,00200,SQUARE
608,B10000*,00400,00300,DOLLAR
608,B10000*,00400,00400,ADJUST
608,B10000*,00400,00500,COSTED
608,B10000*,00400,00800,NUMBER
608,B10000*,00400,01000,ACCUM
608,B10000*,00500,00200,FEET
608,B10000*,00500,00300,VALUE
608,B10000*,00500,00400,SALARIES
608,B10000*,00500,00500,REQUISIT
608,B10000*,00500,00800,ORGANS
608,B10000*,00500,01000,COSTS
608,B10000*,00600,00200,1
608,B10000*,00600,00300,2
608,B10000*,00600,00400,3
608,B10000*,00600,00500,3
608,B10000*,00600,00800,3
608,B10000*,00600,01000,3
608,B100000,00000,01000,X
608,E000000,00900,00000,OTHER CURRENT ASSETS
608,E000000,02600,00000,OTHER FIXED ASSETS
608,E000000,03100,00000,DEFERRED COMP 457B & OPERATING LEASE
608,E000000,03900,00000,ACCRUED EXPENSES
608,E000000,04100,00000,DUE TO MEDICARE
608,E000000,04600,00000,OPERATING LEASE LIABILITY
608,E000000,04800,00000,DEFERRED COMPENSATION 457B
608,E100001,00700,00000,RESEARCH & GRANTS
608,E100001,00800,00000,IMPORT ORGAN PRESERVATION SERVI
608,E100001,00900,00000,TISSUE REVENUE
608,E100001,00901,00000,MANAGEMENT FEE
608,E100001,00902,00000,OTHER INCOME
608,E100001,00903,00000,PROGRAM SERVICES
608,E100002,00300,00000,ROUNDING
608,E100002,00800,00000,FOUNDATION COST CENTER
608,E100002,00900,00000,ROUNDING
608,E200000,01500,00000,ROUNDING
608,E200000,02704,00000,RENT EXP ADDED TO REVENUE
608,S000000,00100,00100,X
608,S000000,00400,00100,1
608,S000000,00500,00100,05/24/2024
608,S000000,00600,00100,10001
608,S000000,00700,00100,N
608,S000000,00800,00100,N
608,S000000,01000,00100,4
608,S000001,00100,00100,LIVEONNY  INC.
608,S000001,00100,00200,33P003
608,S000001,00101,00100,30-30 47TH AVENUE  9TH FLOOR
608,S000001,00102,00100,LONG ISLAND CITY
608,S000001,00102,00200,NY
608,S000001,00102,00300,11101
608,S000001,00300,00100,01/01/2023
608,S000001,00300,00200,12/31/2023
608,S000001,00400,00100,6
608,S000001,00400,00300,1
608,S000001,00400,00400,04/01/1979
608,S000001,00401,00300,1
608,S000002,00100,00200,Y
608,S000002,00300,00100,CFO
608,S000002,00400,00100,05/24/2024
608,S100001,00700,00100,N
608,S100001,00810,00000,INTESTINE
608,S100001,00811,00000,KID-PUMP-IMP
608,S100001,00812,00000,KIDNEY EXCHAN
608,S100001,00813,00000,RESEARCH/OTHE
608,S100001,00814,00000,FLYOUTS
608,S100001,00815,00000,DTA
608,S100001,00816,00000,SAPHENOUS
608,S100001,00817,00000,AORTOILLIAC
608,S100001,00818,00000,FEMORAL
608,S100001,00819,00000,VCA/TRACHEA
608,S100001,00820,00000,LIVING LIVER
608,S100003,00100,00100,MEDICAL DIRECTOR
608,S100003,00100,00300,MEDICAL DIRECTOR
608,S100003,00100,00500,LAB DIRECTOR
608,S100003,00101,00100,EXEC. DIRECTOR
608,S100003,00101,00300,PROCUREMENT COORDINATOR
608,S100003,00101,00500,TECHNICIANS
608,S100003,00102,00100,CLERICAL
608,S100003,00102,00300,PRESERVATION TECHNICIANS
608,S100003,00102,00500,TISSUE TYPING TECH.
608,S100003,00103,00100,OTHER
608,S100003,00103,00300,DONOR CENTER/ALLOCATION
608,S100003,00103,00500,OTHER
608,S100003,00104,00100,TRAINING & ED
608,S100003,00104,00300,TISSUE
608,S100003,00105,00300,PI & DATA
608,S100003,00106,00300,HOSPITAL SERVICES
608,S100003,00107,00300,COMMUNITY
608,S100003,00108,00300,FAMILY SERVICES
608,S200000,00100,00100,N
608,S200000,00200,00100,N
608,S200000,00300,00100,N
608,S200000,00400,00100,Y
608,S200000,00400,00200,A
608,S200000,00500,00100,N
608,S200000,00600,00300,VP FINANCIAL SERVICES
608,S200000,00700,00100,LIVEONNY
610,A000000,00100,00000,0100CAPITAL COSTS-BLDG & FIXT
610,A000000,00200,00000,0200CAPITAL COSTS-MVBLE EQUIPMENT
610,A000000,00300,00000,0300EMPLOYEE BENEFITS
610,A000000,00400,00000,0400ADMINISTRATIVE & GENERAL
610,A000000,00500,00000,0500OPERATION AND MAINTENANCE OF PLANT
610,A000000,00600,00000,0600HOUSEKEEPING
610,A000000,00700,00000,0700MEDICAL SUPPLIES
610,A000000,00800,00000,0800OTHER OVERHEAD
610,A000000,00900,00000,0900PROCUREMENT COORDINATORS
610,A000000,01000,00000,1000PROFESSIONAL EDUCATION
610,A000000,01100,00000,1100PUBLIC EDUCATION
610,A000000,01200,00000,1200NON-RECOVERIES
610,A000000,01201,00000,1201CALL CENTER
610,A000000,01300,00000,1300KIDNEY ACQUISITIONS
610,A000000,01400,00000,1400TISSUE TYPING LABORATORY
610,A000000,01500,00000,1500LIVER ACQUISITIONS
610,A000000,01600,00000,1600HEART ACQUISITIONS
610,A000000,01700,00000,1700PANCREAS ACQUISITIONS
610,A000000,01800,00000,1800LUNG ACQUISITIONS
610,A000000,01900,00000,1900SM INTESTINE
610,A000000,02100,00000,2100RESEARCH
610,A000000,02200,00000,2200BLOOD BANK
610,A000000,02300,00000,2300LABORATORY-NON-TISSUE TYPING
610,A000000,02400,00000,2400DIALYSIS UNITS
610,A000000,02500,00000,2500TISSUE
610,A100000,01700,00000,PURCHASED SERVICES
610,A100000,01800,00000,PUBLICATIONS & SUBSCRIPTIONS
610,A100000,01900,00000,MEMBERSHIPS & DUES
610,A100000,01901,00000,SHIPPING & POSTAGE
610,A100000,01902,00000,QUALITY ASSURANCE SALARIES
610,A100000,01903,00000,HUMAN RESOURCES
610,A100000,01904,00000,CONSULTING FEES
610,A100000,01905,00000,BAD DEBT PROVISION
610,A100000,01906,00000,OTHER ADMIN & GENERAL
610,A100000,01907,00000,DONATIONS & CONTRIBUTIONS
610,A100000,01908,00000,INTERNAL CALL CENTER
610,A100000,01909,00000,DEPRECIATION
610,A100000,01910,00000,UTILITIES\REPAIR & MAINT
610,A100000,01911,00000,EMPLOYEE BENEFITS
610,A20H000,00900,00000,OTHER
610,A20H000,02100,00000,TRANSPORTATION OF DONOR
610,A20H000,02101,00000,OTHER
610,A20H000,02102,00000,TRANSPORTATION OF TEAMS
610,A20K000,00900,00000,OTHER
610,A20K000,02100,00000,TRANSPORTATION OF DONOR
610,A20K000,02101,00000,OTHER
610,A20K000,02102,00000,TRANSPORTATION OF TEAMS
610,A20L000,00900,00000,OTHER
610,A20L000,02100,00000,TRANSPORTATION OF DONOR
610,A20L000,02101,00000,OTHER
610,A20L000,02102,00000,TRANSPORTATION OF TEAMS
610,A20O000,00900,00000,OTHER
610,A20O000,02100,00000,TRANSPORTATION OF DONOR
610,A20O000,02101,00000,OTHER
610,A20O000,02102,00000,TRANSPORTATION OF TEAMS
610,A20P000,00900,00000,OTHER
610,A20P000,02100,00000,TRANSPORTATION OF DONOR
610,A20P000,02101,00000,OTHER
610,A20P000,02102,00000,TRANSPORTATION OF TEAMS
610,A20U000,00900,00000,OTHER
610,A20U000,02100,00000,TRANSPORTATION OF DONOR
610,A20U000,02101,00000,OTHER
610,A20U000,02102,00000,TRANSPORTATION OF TEAMS
610,A51000A,00100,00100,Y
610,A51000B,00100,00200,CAPITAL COSTS-BLDG & FIXT
610,A51000B,00100,00300,HOME OFFICE ALLOCATION
610,A51000B,00200,00200,CAPITAL COSTS-MVBLE EQUIPMENT
610,A51000B,00200,00300,HOME OFFICE ALLOCATION
610,A51000B,00300,00200,EMPLOYEE BENEFITS
610,A51000B,00300,00300,HOME OFFICE ALLOCATION
610,A51000B,00400,00200,ADMINISTRATIVE & GENERAL
610,A51000B,00400,00300,HOME OFFICE ALLOCATION
610,A51000B,00401,00200,OPERATION AND MAINTENANCE OF PLANT
610,A51000B,00401,00300,HOME OFFICE ALLOCATION
610,A51000B,00402,00200,PROCUREMENT COORDINATORS
610,A51000B,00402,00300,HOME OFFICE ALLOCATION
610,A51000B,00403,00200,PROFESSIONAL EDUCATION
610,A51000B,00403,00300,HOME OFFICE ALLOCATION
610,A51000B,00404,00200,PUBLIC EDUCATION
610,A51000B,00404,00300,HOME OFFICE ALLOCATION
610,A51000B,00405,00200,KIDNEY ACQUISITIONS
610,A51000B,00405,00300,HOME OFFICE ALLOCATION
610,A51000B,00406,00200,LIVER ACQUISITIONS
610,A51000B,00406,00300,HOME OFFICE ALLOCATION
610,A51000B,00407,00200,HEART ACQUISITIONS
610,A51000B,00407,00300,HOME OFFICE ALLOCATION
610,A51000B,00408,00200,PANCREAS ACQUISITIONS
610,A51000B,00408,00300,HOME OFFICE ALLOCATION
610,A51000B,00409,00200,LUNG ACQUISITIONS
610,A51000B,00409,00300,HOME OFFICE ALLOCATION
610,A51000B,00410,00200,SM INTESTINE
610,A51000B,00410,00300,HOME OFFICE ALLOCATION
610,A51000C,00100,00100,B
610,A51000C,00100,00400,LIFESHARE NETWORK  INC
610,A51000C,00100,00600,HOME OFFICE
610,A60000A,00700,00000,BUILDING IMPROVEMENTS
610,A60000A,00701,00000,LEASEHOLD IMPROVEMENTS
610,A60000A,00702,00000,SOFTWARE
610,A60000A,00703,00000,OPERATING LEASES
610,A60000B,00800,00000,LEASEHOLD IMPROVEMENTS
610,A60000B,00801,00000,SOFTWARE
610,A60000C,00500,00100,N
610,B10000*,00100,00200,CAP BLDG
610,B10000*,00100,00300,CAP COSTS
610,B10000*,00100,00400,EMPLOYEE
610,B10000*,00100,00500,MEDICAL
610,B10000*,00100,00800,ORGAN
610,B10000*,00100,01000,ADMIN &
610,B10000*,00200,00200,OP PLANT &
610,B10000*,00200,00300,MOVABLE
610,B10000*,00200,00400,BENEFITS
610,B10000*,00200,00500,SUPPLIES
610,B10000*,00200,00800,ACQUISITN
610,B10000*,00200,01000,GENERAL
610,B10000*,00300,00200,HOUSEKEEP
610,B10000*,00300,00300,EQUIPMENT
610,B10000*,00300,00800,COSTS
610,B10000*,00400,00200,SQUARE
610,B10000*,00400,00300,DOLLAR
610,B10000*,00400,00400,ADJUST
610,B10000*,00400,00500,COSTED
610,B10000*,00400,00800,NUMBER
610,B10000*,00400,01000,ACCUM
610,B10000*,00500,00200,FEET
610,B10000*,00500,00300,VALUE
610,B10000*,00500,00400,SALARIES
610,B10000*,00500,00500,REQUISIT
610,B10000*,00500,00800,ORGANS
610,B10000*,00500,01000,COSTS
610,B10000*,00600,00200,1
610,B10000*,00600,00300,2
610,B10000*,00600,00400,3
610,B10000*,00600,00500,3
610,B10000*,00600,00800,3
610,B10000*,00600,01000,3
610,B100000,00000,01000,X
610,E000000,00900,00000,OTHER CURRENT ASSETS
610,E000000,02600,00000,OTHER FIXED ASSETS
610,E000000,03900,00000,DUE TO MEDICARE
610,E200000,01500,00000,MEDICARE COST REPORT ACCRUAL/ADJ
610,E200000,01600,00000,GAIN ON DISPOSAL OF ASSETS
610,S000000,00100,00100,X
610,S000000,00400,00100,1
610,S000000,00500,00100,05/24/2024
610,S000000,00600,00100,10001
610,S000000,00700,00100,N
610,S000000,00800,00100,N
610,S000000,01000,00100,4
610,S000001,00100,00100,LIFESHARE TRANSPLANT DONOR SERVICES
610,S000001,00100,00200,37P002
610,S000001,00101,00100,4705 NW EXPRESSWAY
610,S000001,00102,00100,OKLAHOMA CITY
610,S000001,00102,00200,OK
610,S000001,00102,00300,73132
610,S000001,00300,00100,01/01/2023
610,S000001,00300,00200,12/31/2023
610,S000001,00400,00100,2
610,S000001,00400,00300,1
610,S000001,00400,00400,01/01/1986
610,S000001,00401,00300,1
610,S000002,00100,00200,Y
610,S000002,00300,00100,CHIEF FINANCIAL OFFICER
610,S000002,00400,00100,05/24/2024
610,S100001,00700,00100,N
610,S100001,00810,00000,INTESTINES/OTHER
610,S100003,00100,00100,MEDICAL DIRECTOR
610,S100003,00100,00300,MEDICAL DIRECTOR
610,S100003,00100,00500,LAB DIRECTOR
610,S100003,00101,00100,EXEC. DIRECTOR
610,S100003,00101,00300,PROCUREMENT COORDINATOR
610,S100003,00101,00500,TECHNICIANS
610,S100003,00102,00100,CLERICAL
610,S100003,00102,00300,PRESERVATION TECHNICIANS
610,S100003,00102,00500,TISSUE TYPING TECH.
610,S100003,00103,00100,OTHER
610,S100003,00103,00300,OTHER
610,S100003,00103,00500,OTHER
610,S200000,00100,00100,N
610,S200000,00200,00100,N
610,S200000,00300,00100,Y
610,S200000,00400,00100,Y
610,S200000,00400,00200,A
610,S200000,00500,00100,N
610,S200000,00600,00300,CHIEF FINANCIAL OFFICER
610,S200000,00700,00100,LIFESHARE NETWORK  INC
612,A000000,00100,00000,0100CAPITAL COSTS-BLDG & FIXT
612,A000000,00200,00000,0200CAPITAL COSTS-MVBLE EQUIPMENT
612,A000000,00300,00000,0300EMPLOYEE BENEFITS
612,A000000,00400,00000,0400ADMINISTRATIVE & GENERAL
612,A000000,00500,00000,0500OPERATION AND MAINTENANCE OF PLANT
612,A000000,00600,00000,0600HOUSEKEEPING
612,A000000,00700,00000,0700MEDICAL SUPPLIES
612,A000000,00800,00000,0800OTHER OVERHEAD
612,A000000,00900,00000,0900PROCUREMENT COORDINATORS
612,A000000,01000,00000,1000PROFESSIONAL EDUCATION
612,A000000,01100,00000,1100PUBLIC EDUCATION
612,A000000,01200,00000,1200OTHER ACQUISITION
612,A000000,01300,00000,1300KIDNEY ACQUISITIONS
612,A000000,01400,00000,1400TISSUE TYPING LABORATORY
612,A000000,01500,00000,1500LIVER ACQUISITIONS
612,A000000,01600,00000,1600HEART ACQUISITIONS
612,A000000,01700,00000,1700PANCREAS ACQUISITIONS
612,A000000,01800,00000,1800LUNG ACQUISITIONS
612,A000000,01900,00000,1900OTHER ACQUISITIONS
612,A000000,02100,00000,2100RESEARCH
612,A000000,02200,00000,2200BLOOD BANK
612,A000000,02300,00000,2300LABORATORY-NON-TISSUE TYPING
612,A000000,02400,00000,2400DIALYSIS UNITS
612,A000000,02500,00000,2500TISSUE RELATED COSTS - LNH
612,A000000,02501,00000,2501TISSUE RELATED COSTS - FTS
612,A000000,02502,00000,2502TISSUE RELATED COSTS - SWAI
612,A000000,02503,00000,2503TISSUE RELATED COSTS - LDMF
612,A000000,02504,00000,2504TISSUE RELATED COSTS - LNH CANADA
612,A000000,02505,00000,2505TISSUE RELATED COSTS - IRM
612,A000000,02506,00000,2506TISSUE RELATED COSTS - LNH NW
612,A000000,02507,00000,2507TISSUE RELATED COSTS - LNH EUR
612,A100000,01700,00000,OTHER ADMIN AND GENERAL
612,A20H000,00900,00000,OTHER RELTAED
612,A20H000,00901,00000,HOSPITAL CHARGES CASE RATE FEES
612,A20K000,00900,00000,OTHER RELATED
612,A20K000,00901,00000,HOSPITAL CHARGES CASE RATE FEES
612,A20L000,00900,00000,OTHER RELATED
612,A20L000,00901,00000,HOSPITAL CHARGES CASE RATE FEES
612,A20O000,00901,00000,HOSPITAL CHARGES CASE RATE FEES
612,A20P000,00900,00000,OTHER RELATED
612,A20P000,00901,00000,HOSPITAL CHARGES CASE RATE FEES
612,A20U000,00900,00000,OTHER RELATED
612,A20U000,00901,00000,HOSPITAL CHARGES CASE RATE FEES
612,A400010,00100,00000,RECLASSIFICATIONS
612,A400010,00100,00100,A
612,A400010,00100,00200,TISSUE RELATED COSTS - LNH
612,A400010,00100,00500,PROCUREMENT COORDINATORS
612,A400010,00200,00000,RECLASSIFICATIONS
612,A400010,00200,00100,A
612,A400010,00200,00200,TISSUE RELATED COSTS - LNH
612,A400010,00200,00500,PROFESSIONAL EDUCATION
612,A400010,00300,00000,RECLASSIFICATIONS
612,A400010,00300,00100,A
612,A400010,00300,00200,TISSUE RELATED COSTS - LNH
612,A400010,00300,00500,PUBLIC EDUCATION
612,A400010,00400,00000,RECLASSIFICATIONS
612,A400010,00400,00100,A
612,A400010,00400,00200,TISSUE RELATED COSTS - LNH
612,A400010,00400,00500,OTHER ACQUISITION
612,A500010,00800,00300,PROCUREMENT COORDINATORS
612,A500010,01500,00000,BAD DEBT EXPENSE
612,A500010,01500,00100,A
612,A500010,01500,00300,ADMINISTRATIVE & GENERAL
612,A500010,01600,00000,DONOR CENTER REVENUE
612,A500010,01600,00100,A
612,A500010,01600,00300,OTHER ACQUISITION
612,A500010,01601,00000,LOBBYING EXP
612,A500010,01601,00100,A
612,A500010,01601,00300,PROCUREMENT COORDINATORS
612,A500010,01602,00000,CONTRIBUTIONS
612,A500010,01602,00100,A
612,A500010,01602,00300,ADMINISTRATIVE & GENERAL
612,A500010,01603,00000,LOSS ON ASSET DISP
612,A500010,01603,00100,A
612,A500010,01603,00300,ADMINISTRATIVE & GENERAL
612,A500010,01604,00000,LIVING KIDNEY
612,A500010,01604,00100,B
612,A500010,01604,00300,PROCUREMENT COORDINATORS
612,A500010,01605,00000,INVESTMENT INCOME/EXP NET
612,A500010,01605,00100,A
612,A500010,01605,00300,ADMINISTRATIVE & GENERAL
612,A500010,01606,00000,AMORT OF INTANG AND GOODWILL
612,A500010,01606,00100,A
612,A500010,01606,00300,ADMINISTRATIVE & GENERAL
612,A500010,01607,00000,FOREIGN CURRENCY
612,A500010,01607,00100,A
612,A500010,01607,00300,ADMINISTRATIVE & GENERAL
612,A500010,01608,00000,G&A UNALLOWABLE
612,A500010,01608,00100,A
612,A500010,01608,00300,ADMINISTRATIVE & GENERAL
612,A500010,01609,00000,ORGAN OH EXP
612,A500010,01609,00100,A
612,A500010,01609,00300,PROCUREMENT COORDINATORS
612,A500010,01610,00000,ORGAN OH EXP
612,A500010,01610,00100,A
612,A500010,01610,00300,PROFESSIONAL EDUCATION
612,A500010,01611,00000,ORGAN OH EXP
612,A500010,01611,00100,A
612,A500010,01611,00300,PUBLIC EDUCATION
612,A500010,01612,00000,ORGAN OH EXP
612,A500010,01612,00100,A
612,A500010,01612,00300,OTHER ACQUISITION
612,A51000A,00100,00100,N
612,A60000A,00700,00000,CIP
612,A60000C,00500,00100,N
612,B10000*,00100,00200,CAP BLDG
612,B10000*,00100,00300,CAP COSTS
612,B10000*,00100,00400,EMPLOYEE
612,B10000*,00100,00500,MEDICAL
612,B10000*,00100,00800,ORGAN
612,B10000*,00100,01000,ADMIN &
612,B10000*,00200,00200,OP PLANT &
612,B10000*,00200,00300,MOVABLE
612,B10000*,00200,00400,BENEFITS
612,B10000*,00200,00500,SUPPLIES
612,B10000*,00200,00800,ACQUISITN
612,B10000*,00200,01000,GENERAL
612,B10000*,00300,00200,HOUSEKEEP
612,B10000*,00300,00300,EQUIPMENT
612,B10000*,00300,00800,COSTS
612,B10000*,00400,00200,SQUARE
612,B10000*,00400,00300,DOLLAR
612,B10000*,00400,00400,ADJUST
612,B10000*,00400,00500,COSTED
612,B10000*,00400,00800,NUMBER
612,B10000*,00400,01000,ACCUM
612,B10000*,00500,00200,FEET
612,B10000*,00500,00300,VALUE
612,B10000*,00500,00400,SALARIES
612,B10000*,00500,00500,REQUISIT
612,B10000*,00500,00800,ORGANS
612,B10000*,00500,01000,COSTS
612,B10000*,00600,00200,1
612,B10000*,00600,00300,2
612,B10000*,00600,00400,3
612,B10000*,00600,00500,3
612,B10000*,00600,00800,3
612,B10000*,00600,01000,3
612,B100000,00000,01000,X
612,E000000,00900,00000,OTHER ASSETS
612,E000000,02600,00000,CONSTRUCTION IN PROGRESS
612,E000000,03100,00000,OTHER ASSETS
612,E000000,03900,00000,OTHER CURRENT LIABILITIES
612,E000000,04600,00000,DEFFERED INCOME
612,E000000,04700,00000,OTHER LONG TERM LIAB
612,E100002,00800,00000,ELIMINATION ENTRY
612,E200000,01500,00000,TISSUE BANK REV
612,E200000,01600,00000,DONOR CENTER REV
612,E200000,01700,00000,OTHER INCOME
612,E200000,01800,00000,MEDICARE
612,S000000,00100,00100,X
612,S000000,00400,00100,1
612,S000000,00500,00100,05/30/2024
612,S000000,00600,00100,10001
612,S000000,00700,00100,N
612,S000000,00800,00100,N
612,S000000,01000,00100,4
612,S000001,00100,00100,LIFENET HEALTH
612,S000001,00100,00200,49P001
612,S000001,00101,00100,1864 CONCERT DRIVE
612,S000001,00102,00100,VIRGINIA BEACH
612,S000001,00102,00200,VA
612,S000001,00102,00300,23453
612,S000001,00300,00100,01/01/2023
612,S000001,00300,00200,12/31/2023
612,S000001,00400,00100,8
612,S000001,00400,00300,1
612,S000001,00400,00400,10/01/1987
612,S000001,00401,00300,1
612,S000002,00100,00200,Y
612,S000002,00300,00100,CFO
612,S000002,00400,00100,05/29/2024
612,S100001,00700,00100,N
612,S100001,00810,00000,INTESTINE
612,S100003,00100,00100,MEDICAL DIRECTOR
612,S100003,00100,00300,MEDICAL DIRECTOR
612,S100003,00100,00500,LAB DIRECTOR
612,S100003,00101,00100,EXEC. DIRECTOR
612,S100003,00101,00300,PROCUREMENT COORDINATOR
612,S100003,00101,00500,TECHNICIANS
612,S100003,00102,00100,CLERICAL
612,S100003,00102,00300,PRESERVATION TECHNICIANS
612,S100003,00102,00500,TISSUE TYPING TECH.
612,S100003,00103,00100,OTHER
612,S100003,00103,00300,OTHER
612,S100003,00103,00500,OTHER
612,S200000,00100,00100,N
612,S200000,00200,00100,N
612,S200000,00300,00100,N
612,S200000,00400,00100,Y
612,S200000,00400,00200,A
612,S200000,00500,00100,Y
612,S200000,00600,00300,SENIOR ACCOUNTANT
612,S200000,00700,00100,LIFENET HEALTH
613,A000000,00100,00000,0100CAPITAL COSTS-BLDG & FIXT
613,A000000,00200,00000,0200CAPITAL COSTS-MVBLE EQUIPMENT
613,A000000,00300,00000,0300EMPLOYEE BENEFITS
613,A000000,00400,00000,0400ADMINISTRATIVE & GENERAL
613,A000000,00500,00000,0500OPERATION AND MAINTENANCE OF PLANT
613,A000000,00600,00000,0600HOUSEKEEPING
613,A000000,00700,00000,0700MEDICAL SUPPLIES
613,A000000,00800,00000,0800OTHER OVERHEAD
613,A000000,00900,00000,0900PROCUREMENT COORDINATORS
613,A000000,01000,00000,1000PROFESSIONAL EDUCATION
613,A000000,01100,00000,1100PUBLIC EDUCATION
613,A000000,01200,00000,1200OTHER ORGAN ACQUISITION
613,A000000,01201,00000,1201ORGAN ONLY REFERRALS
613,A000000,01300,00000,1300KIDNEY ACQUISITIONS
613,A000000,01400,00000,1400TISSUE TYPING LABORATORY
613,A000000,01500,00000,1500LIVER ACQUISITIONS
613,A000000,01600,00000,1600HEART ACQUISITIONS
613,A000000,01700,00000,1700PANCREAS ACQUISITIONS
613,A000000,01800,00000,1800LUNG ACQUISITIONS
613,A000000,01900,00000,1900OTHER ACQUISITIONS
613,A000000,02100,00000,2100RESEARCH
613,A000000,02200,00000,2200BLOOD BANK
613,A000000,02300,00000,2300LABORATORY-NON-TISSUE TYPING
613,A000000,02400,00000,2400DIALYSIS UNITS
613,A000000,02500,00000,2500TISSUE
613,A000000,02501,00000,2501AFTERCARE
613,A100000,01700,00000,NON-MEDICARE REIMBURSABLE
613,A100000,01800,00000,MISCELLANEOUS
613,A20H000,00900,00000,HOSPITAL BILLS
613,A20H000,02100,00000,ORGAN TESTING
613,A20H000,02101,00000,CLINICAL CONSULTING
613,A20K000,00900,00000,HOSPITAL BILLS
613,A20K000,02100,00000,ORGAN TESTING
613,A20K000,02101,00000,CLINICAL CONSULTING
613,A20L000,00900,00000,HOSPITAL BILLS
613,A20L000,02100,00000,ORGAN TESTING
613,A20L000,02101,00000,CLINICAL CONSULTING
613,A20O000,00900,00000,HOSPITAL BILLS
613,A20O000,02100,00000,ORGAN TESTING
613,A20O000,02101,00000,CLINICAL CONSULTING
613,A20P000,00900,00000,HOSPITAL BILLS
613,A20P000,02100,00000,ORGAN TESTING
613,A20P000,02101,00000,CLINICAL CONSULTING
613,A20U000,00900,00000,HOSPITAL BILLS
613,A20U000,02100,00000,ORGAN TESTING
613,A20U000,02101,00000,CLINICAL CONSULTING
613,A400010,00100,00000,RENT TO CAPITAL COST
613,A400010,00100,00100,A
613,A400010,00100,00200,CAPITAL COSTS-BLDG & FIXT
613,A400010,00100,00500,ADMINISTRATIVE & GENERAL
613,A400010,00200,00000,CELL PHONES
613,A400010,00200,00100,B
613,A400010,00200,00200,PROCUREMENT COORDINATORS
613,A400010,00200,00500,ADMINISTRATIVE & GENERAL
613,A400010,00300,00000,CELL PHONES
613,A400010,00300,00100,B
613,A400010,00300,00200,TISSUE
613,A400010,00400,00000,CELL PHONES
613,A400010,00400,00100,B
613,A400010,00400,00200,ORGAN ONLY REFERRALS
613,A400010,00500,00000,CELL PHONES
613,A400010,00500,00100,B
613,A400010,00500,00200,PROFESSIONAL EDUCATION
613,A400010,00600,00000,CELL PHONES
613,A400010,00600,00100,B
613,A400010,00600,00200,PUBLIC EDUCATION
613,A400010,00700,00000,CELL PHONES
613,A400010,00700,00100,B
613,A400010,00700,00200,AFTERCARE
613,A400010,00800,00000,TISSUE OVERHEAD
613,A400010,00800,00100,C
613,A400010,00800,00200,TISSUE
613,A400010,00800,00500,PROCUREMENT COORDINATORS
613,A400010,00900,00000,TISSUE OVERHEAD
613,A400010,00900,00100,C
613,A400010,00900,00500,PROFESSIONAL EDUCATION
613,A400010,01000,00000,TISSUE OVERHEAD
613,A400010,01000,00100,C
613,A400010,01000,00500,PUBLIC EDUCATION
613,A400010,01100,00000,SORS/SRC
613,A400010,01100,00100,D
613,A400010,01100,00200,KIDNEY ACQUISITIONS
613,A400010,01100,00500,PROCUREMENT COORDINATORS
613,A400010,01200,00000,SORS/SRC
613,A400010,01200,00100,D
613,A400010,01200,00200,LIVER ACQUISITIONS
613,A400010,01300,00000,SORS/SRC
613,A400010,01300,00100,D
613,A400010,01300,00200,PANCREAS ACQUISITIONS
613,A400010,01400,00000,SORS/SRC
613,A400010,01400,00100,D
613,A400010,01400,00200,TISSUE
613,A400010,01500,00000,ORGAN SUPPLIES
613,A400010,01500,00100,E
613,A400010,01500,00200,KIDNEY ACQUISITIONS
613,A400010,01500,00500,OTHER ORGAN ACQUISITION
613,A400010,01600,00000,ORGAN SUPPLIES
613,A400010,01600,00100,E
613,A400010,01600,00200,LIVER ACQUISITIONS
613,A400010,01700,00000,ORGAN SUPPLIES
613,A400010,01700,00100,E
613,A400010,01700,00200,PANCREAS ACQUISITIONS
613,A400010,01800,00000,ORGAN SUPPLIES
613,A400010,01800,00100,E
613,A400010,01800,00200,TISSUE
613,A500010,00800,00100,B
613,A500010,00800,00300,PROCUREMENT COORDINATORS
613,A500010,01200,00100,A
613,A500010,01200,00300,ADMINISTRATIVE & GENERAL
613,A500010,01500,00000,UNREIMBURSABLE - ALCOHOL/GIFTS
613,A500010,01500,00100,A
613,A500010,01500,00300,ADMINISTRATIVE & GENERAL
613,A500010,01502,00000,UNREIMBURSABLE - ALCOHOL/GIFTS
613,A500010,01502,00100,A
613,A500010,01502,00300,PROCUREMENT COORDINATORS
613,A500010,01503,00000,UNREIMBURSABLE - ALCOHOL/GIFTS
613,A500010,01503,00100,A
613,A500010,01503,00300,PROFESSIONAL EDUCATION
613,A500010,01504,00000,UNREIMBURSABLE - ALCOHOL/GIFTS
613,A500010,01504,00100,A
613,A500010,01504,00300,PUBLIC EDUCATION
613,A500010,01505,00000,UNREIMBURSABLE - ALCOHOL/GIFTS
613,A500010,01505,00100,A
613,A500010,01505,00300,TISSUE
613,A500010,01506,00000,UNREIMBURSABLE - ALCOHOL/GIFTS
613,A500010,01506,00100,A
613,A500010,01506,00300,ORGAN ONLY REFERRALS
613,A500010,01507,00000,UNREIMBURSABLE - ROSE PARADE
613,A500010,01507,00100,A
613,A500010,01507,00300,ADMINISTRATIVE & GENERAL
613,A500010,01508,00000,UNREIMBURSABLE - ROSE PARADE
613,A500010,01508,00100,A
613,A500010,01508,00300,EMPLOYEE BENEFITS
613,A500010,01509,00000,UNREIMBURSABLE - ROSE PARADE
613,A500010,01509,00100,A
613,A500010,01509,00300,PROFESSIONAL EDUCATION
613,A500010,01510,00000,UNREIMBURSABLE - ROSE PARADE
613,A500010,01510,00100,A
613,A500010,01510,00300,PUBLIC EDUCATION
613,A500010,01511,00000,UNREIMBURSABLE - ROSE PARADE
613,A500010,01511,00100,A
613,A500010,01511,00300,AFTERCARE
613,A500010,01512,00000,MISCELLANEOUS INCOME
613,A500010,01512,00100,B
613,A500010,01512,00300,ADMINISTRATIVE & GENERAL
613,A500010,01514,00000,LOBBYING
613,A500010,01514,00100,A
613,A500010,01514,00300,PUBLIC EDUCATION
613,A51000A,00100,00100,N
613,A60000A,00700,00000,MEDICAL EQUIPMENT
613,A60000B,00800,00000,MEDICAL EQUIPMENT
613,A60000C,00500,00100,N
613,B10000*,00100,00200,CAP BLDG
613,B10000*,00100,00300,CAP COSTS
613,B10000*,00100,00400,EMPLOYEE
613,B10000*,00100,00500,MEDICAL
613,B10000*,00100,00800,ORGAN
613,B10000*,00100,01000,ADMIN &
613,B10000*,00200,00200,OP PLANT &
613,B10000*,00200,00300,MOVABLE
613,B10000*,00200,00400,BENEFITS
613,B10000*,00200,00500,SUPPLIES
613,B10000*,00200,00800,ACQUISITN
613,B10000*,00200,01000,GENERAL
613,B10000*,00300,00200,HOUSEKEEP
613,B10000*,00300,00300,EQUIPMENT
613,B10000*,00300,00800,COSTS
613,B10000*,00400,00200,SQUARE
613,B10000*,00400,00300,DOLLAR
613,B10000*,00400,00400,ADJUST
613,B10000*,00400,00500,COSTED
613,B10000*,00400,00800,NUMBER
613,B10000*,00400,01000,ACCUM
613,B10000*,00500,00200,FEET
613,B10000*,00500,00300,VALUE
613,B10000*,00500,00400,SALARIES
613,B10000*,00500,00500,REQUISIT
613,B10000*,00500,00800,ORGANS
613,B10000*,00500,01000,COSTS
613,B10000*,00600,00200,1
613,B10000*,00600,00300,2
613,B10000*,00600,00400,3
613,B10000*,00600,00500,3
613,B10000*,00600,00800,3
613,B10000*,00600,01000,3
613,B100000,00000,01000,X
613,E000000,00900,00000,MEDICARE RECEIVABLE
613,E000000,02600,00000,OTHER FIXED ASSETS
613,E000000,03100,00000,457B PLAN & OTHER LONG TERM ASSETS
613,E000000,03900,00000,ACCRUED MEDICAL LIABILITIES
613,E000000,04100,00000,CAPI LEASE & DEFERRED RENT - CURRENT
613,E000000,04600,00000,DEFERRED RENT - LONG TERM
613,E000000,04700,00000,OPERATING LEASE LIABILITIES
613,E000000,04800,00000,OTHER LIABILITIES
613,E100001,00700,00000,RESEARCH AND OTHER
613,E100001,00800,00000,IMPORT REVENUE
613,E100001,00900,00000,PROCUREMENT REVENUE
613,E100002,00300,00000,ROUNDING
613,E100002,00800,00000,ROUNDING
613,E200000,02000,00000,MISCELLANEOUS REVENUE
613,E200000,02100,00000,UNREALIZED GAIN ON INVESTMENTS
613,E200000,02200,00000,TISSUE REVENUE
613,E200000,02600,00000,UNREALIZED GAIN/LOSS ON INVESTMENTS
613,S000000,00100,00100,X
613,S000000,00400,00100,1
613,S000000,00500,00100,05/29/2024
613,S000000,00600,00100,10001
613,S000000,00700,00100,N
613,S000000,00800,00100,N
613,S000000,01000,00100,4
613,S000001,00100,00100,LIFECENTER NORTHWEST
613,S000001,00100,00200,50P003
613,S000001,00101,00100,3650 131ST AVE SE  SUITE 200
613,S000001,00102,00100,BELLEVUE
613,S000001,00102,00200,WA
613,S000001,00102,00300,98006
613,S000001,00300,00100,01/01/2023
613,S000001,00300,00200,12/31/2023
613,S000001,00400,00100,6
613,S000001,00400,00300,1
613,S000001,00400,00400,01/01/1986
613,S000001,00401,00300,1
613,S000002,00100,00200,Y
613,S000002,00300,00100,CHIEF EXECUTIVE OFFICER
613,S000002,00400,00100,05/28/2024
613,S100001,00700,00100,N
613,S100001,00810,00000,INTESTINE
613,S100001,00811,00000,RESEARCH
613,S100001,00812,00000,VEIN
613,S100001,00813,00000,NERVES
613,S100001,00814,00000,MISCELLANEOUS
613,S100003,00100,00100,MEDICAL DIRECTOR
613,S100003,00100,00300,MEDICAL DIRECTOR
613,S100003,00100,00500,LAB DIRECTOR
613,S100003,00101,00100,EXEC. DIRECTOR
613,S100003,00101,00300,PROCUREMENT COORDINATOR
613,S100003,00101,00500,TECHNICIANS
613,S100003,00102,00100,CLERICAL
613,S100003,00102,00300,PRESERVATION TECHNICIANS
613,S100003,00102,00500,TISSUE TYPING TECH.
613,S100003,00103,00100,OTHER
613,S100003,00103,00300,OTHER
613,S100003,00103,00500,OTHER
613,S200000,00100,00100,N
613,S200000,00200,00100,N
613,S200000,00300,00100,N
613,S200000,00400,00100,Y
613,S200000,00400,00200,A
613,S200000,00500,00100,N
613,S200000,00600,00300,VP ACCOUNTING & FINANCE
613,S200000,00700,00100,LIFECENTER NORTHWEST
614,A000000,00100,00000,0100CAPITAL COSTS-BLDG & FIXT
614,A000000,00200,00000,0200CAPITAL COSTS-MVBLE EQUIPMENT
614,A000000,00300,00000,0300EMPLOYEE BENEFITS
614,A000000,00400,00000,0400ADMINISTRATIVE & GENERAL
614,A000000,00500,00000,0500OPERATION AND MAINTENANCE OF PLANT
614,A000000,00600,00000,0600HOUSEKEEPING
614,A000000,00700,00000,0700MEDICAL SUPPLIES
614,A000000,00800,00000,0800OTHER OVERHEAD
614,A000000,00900,00000,0900PROCUREMENT COORDINATORS
614,A000000,01000,00000,1000PROFESSIONAL EDUCATION
614,A000000,01100,00000,1100PUBLIC EDUCATION
614,A000000,01300,00000,1300KIDNEY ACQUISITIONS
614,A000000,01400,00000,1400TISSUE TYPING LABORATORY
614,A000000,01500,00000,1500LIVER ACQUISITIONS
614,A000000,01600,00000,1600HEART ACQUISITIONS
614,A000000,01700,00000,1700PANCREAS ACQUISITIONS
614,A000000,01800,00000,1800LUNG ACQUISITIONS
614,A000000,01900,00000,1900OTHER ACQUISITIONS
614,A000000,02100,00000,2100RESEARCH
614,A000000,02200,00000,2200BLOOD BANK
614,A000000,02300,00000,2300LABORATORY-NON-TISSUE TYPING
614,A000000,02400,00000,2400DIALYSIS UNITS
614,A000000,02500,00000,2500TISSUE
614,A000000,02501,00000,2501EYE
614,A100000,01700,00000,DEPRECIATION
614,A100000,01800,00000,POSTAGE
614,A100000,01900,00000,PROFESSIONAL FEES
614,A100000,01901,00000,OTHER ADMIN & GENERAL
614,A20H000,00900,00000,DONOR HOSPITAL OTHER
614,A20K000,00900,00000,DONOR HOSPITAL OTHER
614,A20L000,00900,00000,DONOR HOSPITAL OTHER
614,A20U000,00900,00000,DONOR HOSPITAL OTHER
614,A20U000,02100,00000,OTHER DONOR LABS
614,A400010,00100,00000,RECLASSIFICATIONS
614,A400010,00100,00100,A
614,A400010,00100,00200,TISSUE
614,A400010,00100,00500,PROCUREMENT COORDINATORS
614,A400010,00200,00000,RECLASSIFICATIONS
614,A400010,00200,00100,A
614,A400010,00200,00500,PROFESSIONAL EDUCATION
614,A400010,00300,00000,RECLASSIFICATIONS
614,A400010,00300,00100,A
614,A400010,00300,00500,PUBLIC EDUCATION
614,A500010,01200,00100,B
614,A500010,01200,00300,ADMINISTRATIVE & GENERAL
614,A500010,01500,00000,FAMILY SERVICES EXPENSE NOT ALLOWED
614,A500010,01500,00100,A
614,A500010,01500,00300,PUBLIC EDUCATION
614,A500010,01502,00000,CASE EXPENSES NOT ALLOWED
614,A500010,01502,00100,A
614,A500010,01502,00300,PROCUREMENT COORDINATORS
614,A500010,01503,00000,AOPO LOBBYING
614,A500010,01503,00100,A
614,A500010,01503,00300,ADMINISTRATIVE & GENERAL
614,A500010,01600,00000,INVESTMENT ADVISORY FEES
614,A500010,01600,00100,A
614,A500010,01600,00300,ADMINISTRATIVE & GENERAL
614,A51000A,00100,00100,N
614,A60000A,00700,00000,LEASE
614,A60000B,00800,00000,LEASE AMORTIZATION
614,A60000C,00500,00100,N
614,B10000*,00100,00200,CAP BLDG
614,B10000*,00100,00300,CAP COSTS
614,B10000*,00100,00400,EMPLOYEE
614,B10000*,00100,00500,MEDICAL
614,B10000*,00100,00800,ORGAN
614,B10000*,00100,01000,ADMIN &
614,B10000*,00200,00200,OP PLANT &
614,B10000*,00200,00300,MOVABLE
614,B10000*,00200,00400,BENEFITS
614,B10000*,00200,00500,SUPPLIES
614,B10000*,00200,00800,ACQUISITN
614,B10000*,00200,01000,GENERAL
614,B10000*,00300,00200,HOUSEKEEP
614,B10000*,00300,00300,EQUIPMENT
614,B10000*,00300,00800,COSTS
614,B10000*,00400,00200,SQUARE
614,B10000*,00400,00300,DOLLAR
614,B10000*,00400,00400,ADJUST
614,B10000*,00400,00500,COSTED
614,B10000*,00400,00800,NUMBER
614,B10000*,00400,01000,ACCUM
614,B10000*,00500,00200,FEET
614,B10000*,00500,00300,VALUE
614,B10000*,00500,00400,SALARIES
614,B10000*,00500,00500,REQUISIT
614,B10000*,00500,00800,ORGANS
614,B10000*,00500,01000,COSTS
614,B10000*,00600,00200,1
614,B10000*,00600,00300,2
614,B10000*,00600,00400,3
614,B10000*,00600,00500,3
614,B10000*,00600,00800,3
614,B10000*,00600,01000,3
614,B100000,00000,01000,X
614,E000000,00900,00000,OTHER  CURRENT ASSETS
614,E000000,02600,00000,OTHER FIXED ASSETS
614,E000000,04600,00000,OTHER LT LIABILITIES
614,E100001,00700,00000,TISSUE REVENUE
614,E100001,00800,00000,OTHER REVENUE
614,E200000,02600,00000,PROVISION FOR TISSUE RECEIVABLE
614,S000000,00100,00100,X
614,S000000,00400,00100,1
614,S000000,00500,00100,06/03/2024
614,S000000,00600,00100,10001
614,S000000,00700,00100,N
614,S000000,00800,00100,N
614,S000000,01000,00100,4
614,S000001,00100,00100,HAWAII ORGAN PROCUREMENT ORGANIZATI
614,S000001,00100,00200,12P001
614,S000001,00101,00100,405 N KUAKINI STREET  SUITE 810
614,S000001,00102,00100,HONOLULU
614,S000001,00102,00200,HI
614,S000001,00102,00300,96817
614,S000001,00300,00100,01/01/2023
614,S000001,00300,00200,12/31/2023
614,S000001,00400,00100,6
614,S000001,00400,00300,1
614,S000001,00400,00400,11/21/1987
614,S000001,00401,00300,1
614,S000002,00100,00200,Y
614,S000002,00300,00100,PRESIDENT AND CEO
614,S000002,00400,00100,05/31/2024
614,S100001,00700,00100,N
614,S100001,00810,00000,OTHER
614,S100003,00100,00100,MEDICAL DIRECTOR
614,S100003,00100,00300,MEDICAL DIRECTOR
614,S100003,00100,00500,LAB DIRECTOR
614,S100003,00101,00100,EXEC. DIRECTOR
614,S100003,00101,00300,PROCUREMENT COORDINATOR
614,S100003,00101,00500,TECHNICIANS
614,S100003,00102,00100,CLERICAL
614,S100003,00102,00300,PRESERVATION TECHNICIANS
614,S100003,00102,00500,TISSUE TYPING TECH.
614,S100003,00103,00100,OTHER
614,S100003,00103,00300,OTHER
614,S100003,00103,00500,OTHER
614,S200000,00100,00100,N
614,S200000,00200,00100,N
614,S200000,00300,00100,N
614,S200000,00400,00100,Y
614,S200000,00400,00200,A
614,S200000,00400,00300,05/31/2024
614,S200000,00500,00100,N
614,S200000,00600,00300,CEO
614,S200000,00700,00100,LEGACY OF LIFE HAWAII
615,A000000,00100,00000,0100CAPITAL COSTS-BLDG & FIXT
615,A000000,00200,00000,0200CAPITAL COSTS-MVBLE EQUIPMENT
615,A000000,00300,00000,0300EMPLOYEE BENEFITS
615,A000000,00400,00000,0400ADMINISTRATIVE & GENERAL
615,A000000,00500,00000,0500OPERATION AND MAINTENANCE OF PLANT
615,A000000,00600,00000,0600HOUSEKEEPING
615,A000000,00700,00000,0700MEDICAL SUPPLIES
615,A000000,00800,00000,0800OTHER OVERHEAD
615,A000000,00900,00000,0900PROCUREMENT COORDINATORS
615,A000000,01000,00000,1000PROFESSIONAL EDUCATION
615,A000000,01100,00000,1100PUBLIC EDUCATION
615,A000000,01300,00000,1300KIDNEY ACQUISITIONS
615,A000000,01400,00000,1400TISSUE TYPING LABORATORY
615,A000000,01500,00000,1500LIVER ACQUISITIONS
615,A000000,01600,00000,1600HEART ACQUISITIONS
615,A000000,01700,00000,1700PANCREAS ACQUISITIONS
615,A000000,01800,00000,1800LUNG ACQUISITIONS
615,A000000,01900,00000,1900SMALL BOWEL
615,A000000,01901,00000,1901HEART/LUNG
615,A000000,02100,00000,2100RESEARCH
615,A000000,02200,00000,2200BLOOD BANK
615,A000000,02300,00000,2300LABORATORY-NON-TISSUE TYPING
615,A000000,02400,00000,2400DIALYSIS UNITS
615,A000000,02501,00000,250125.01 TISSUE/EYE
615,A000000,02502,00000,250225.02 BIRTH TISSUE
615,A100000,01700,00000,SUBSCRIPTIONS/DUES/LICENSES
615,A100000,01800,00000,POSTAGE
615,A100000,01900,00000,CONSULTING
615,A100000,01901,00000,SHIPPING & DELIVERY
615,A100000,01902,00000,AUTO MAINTENANCE
615,A100000,01903,00000,OTHER PURCHASED SERVICES
615,A100000,01904,00000,CYBER SECURITY
615,A100000,01905,00000,LOBBYING
615,A20H000,00900,00000,CASE RATES
615,A20H000,02100,00000,PROCUREMENT/PRESERVATION SUPPLIES
615,A20H000,02101,00000,SEROLOGY  ABO TESTS
615,A20K000,00900,00000,CASE RATES
615,A20K000,02100,00000,PROCUREMENT/PRESERVATION SUPPLIES
615,A20K000,02101,00000,SEROLOGY  ABO TESTS
615,A20K000,02102,00000,OTHER ACQUISITION COSTS
615,A20L000,00900,00000,CASE RATES
615,A20L000,02100,00000,PROCUREMENT/PRESERVATION SUPPLIES
615,A20L000,02101,00000,SEROLOGY  ABO TESTS
615,A20O000,00900,00000,CASE RATES
615,A20O000,02100,00000,PROCUREMENT/PRESERVATION SUPPLIES
615,A20O000,02101,00000,SEROLOGY  ABO TESTS
615,A20O001,00900,00000,CASE RATES
615,A20O001,02100,00000,PROCUREMENT PRESERVATION SUPPLIES
615,A20O001,02101,00000,SEROLOGY  ABO TEST
615,A20P000,00900,00000,CASE RATES
615,A20P000,02100,00000,PROCUREMENT/PRESERVATION SUPPLIES
615,A20P000,02101,00000,SEROLOGY  ABO TESTS
615,A20U000,00900,00000,CASE RATES
615,A20U000,02100,00000,PROCUREMENT/PRESERVATION SUPPLIES
615,A20U000,02101,00000,SEROLOGY  ABO TESTS
615,A300000,00600,00000,SEE ATTACHED G/L SCHEDULE
615,A400010,00100,00000,RECLASSIFICATIONS
615,A400010,00100,00100,A
615,A400010,00100,00200,CAPITAL COSTS-MVBLE EQUIPMENT
615,A400010,00100,00500,ADMINISTRATIVE & GENERAL
615,A400010,00200,00000,RECLASSIFICATIONS
615,A400010,00200,00100,A
615,A400010,00200,00200,CAPITAL COSTS-BLDG & FIXT
615,A400010,00200,00500,ADMINISTRATIVE & GENERAL
615,A400010,00300,00000,RECLASSIFICATIONS
615,A400010,00300,00100,A
615,A400010,00300,00200,CAPITAL COSTS-MVBLE EQUIPMENT
615,A400010,00300,00500,ADMINISTRATIVE & GENERAL
615,A400010,00400,00000,RECLASSIFICATIONS
615,A400010,00400,00100,A
615,A400010,00400,00200,25.01 TISSUE/EYE
615,A400010,00400,00500,PROFESSIONAL EDUCATION
615,A400010,00500,00000,RECLASSIFICATIONS
615,A400010,00500,00100,A
615,A400010,00500,00200,25.01 TISSUE/EYE
615,A400010,00500,00500,PUBLIC EDUCATION
615,A400010,00600,00000,RECLASSIFICATIONS
615,A400010,00600,00100,A
615,A400010,00600,00200,25.01 TISSUE/EYE
615,A400010,00600,00500,PROCUREMENT COORDINATORS
615,A400010,00700,00000,RECLASSIFICATIONS
615,A400010,00700,00100,A
615,A400010,00700,00200,CAPITAL COSTS-BLDG & FIXT
615,A400010,00700,00500,ADMINISTRATIVE & GENERAL
615,A500010,00800,00100,B
615,A500010,00800,00300,PROCUREMENT COORDINATORS
615,A500010,00900,00100,A
615,A500010,01200,00100,A
615,A500010,01500,00000,CONTRIBUTIONS
615,A500010,01500,00100,A
615,A500010,01500,00300,PUBLIC EDUCATION
615,A500010,01501,00000,LOBBYING
615,A500010,01501,00100,A
615,A500010,01501,00300,ADMINISTRATIVE & GENERAL
615,A500010,01502,00000,NON-REIMBURSABLE PROF EDUCATION
615,A500010,01502,00100,A
615,A500010,01502,00300,PROFESSIONAL EDUCATION
615,A500010,01503,00000,NON-REIMBURSABLE ORGAN
615,A500010,01503,00100,A
615,A500010,01503,00300,PROCUREMENT COORDINATORS
615,A500010,01504,00000,NON-REIMBURSABLE ADMIN
615,A500010,01504,00100,A
615,A500010,01504,00300,ADMINISTRATIVE & GENERAL
615,A500010,01505,00000,NON-REIMBURSABLE PUBLIC EUCATION
615,A500010,01505,00100,A
615,A500010,01505,00300,PUBLIC EDUCATION
615,A500010,01506,00000,NON-REIMBURSABLE HLA
615,A500010,01506,00100,A
615,A500010,01506,00300,TISSUE TYPING LABORATORY
615,A500010,01507,00000,PORTION OF AOPO DUES LOBBYING
615,A500010,01507,00100,A
615,A500010,01507,00300,PROCUREMENT COORDINATORS
615,A500010,01508,00000,PORTION OF AZHHA DUES LOBBYING
615,A500010,01508,00100,A
615,A500010,01508,00300,PROFESSIONAL EDUCATION
615,A500010,01509,00000,OFFSET PRINTING COSTS PAID BY SPONS
615,A500010,01509,00100,B
615,A500010,01509,00300,PUBLIC EDUCATION
615,A500010,01510,00000,OFFSET EVENT COSTS PAID BY SPONS
615,A500010,01510,00100,B
615,A500010,01510,00300,PUBLIC EDUCATION
615,A51000A,00100,00100,N
615,A60000C,00500,00100,N
615,B10000*,00100,00200,CAP BLDG
615,B10000*,00100,00300,CAP COSTS
615,B10000*,00100,00400,EMPLOYEE
615,B10000*,00100,00500,MEDICAL
615,B10000*,00100,00800,ORGAN
615,B10000*,00100,01000,ADMIN &
615,B10000*,00200,00200,OP PLANT &
615,B10000*,00200,00300,MOVABLE
615,B10000*,00200,00400,BENEFITS
615,B10000*,00200,00500,SUPPLIES
615,B10000*,00200,00800,ACQUISITN
615,B10000*,00200,01000,GENERAL
615,B10000*,00300,00200,HOUSEKEEP
615,B10000*,00300,00300,EQUIPMENT
615,B10000*,00300,00800,COSTS
615,B10000*,00400,00200,SQUARE
615,B10000*,00400,00300,SQUARE
615,B10000*,00400,00400,ADJUST
615,B10000*,00400,00500,COSTED
615,B10000*,00400,00800,NUMBER
615,B10000*,00400,01000,ACCUM
615,B10000*,00500,00200,FEET
615,B10000*,00500,00300,FEET
615,B10000*,00500,00400,SALARIES
615,B10000*,00500,00500,REQUISIT
615,B10000*,00500,00800,ORGANS
615,B10000*,00500,01000,COSTS
615,B10000*,00600,00200,1
615,B10000*,00600,00300,2
615,B10000*,00600,00400,3
615,B10000*,00600,00500,3
615,B10000*,00600,00800,3
615,B10000*,00600,01000,3
615,B100000,00000,01000,X
615,E000000,00900,00000,DUE FROM MEDICARE
615,E000000,02600,00000,OTHER FIXED ASSETS
615,E000000,03900,00000,OTHER CURRENT LIABILITIES
615,E000000,04600,00000,OTHER LONG TERM LIABILITIES - LTIP
615,E000000,04700,00000,LONG TERM LIABILITY 457(B)
615,E100001,00700,00000,TISSUE RECOVERY SERVICES
615,E100001,00800,00000,OCULAR RECOVERY AND EYE BANK SERVICE
615,E100001,00900,00000,BIRTH TISSUE ACQUISITION SERVICES
615,E100002,00300,00000,IMPORT SERVICES PAID BY OTHERS
615,E100002,00800,00000,INVESTMENT EXPENSES
615,E100002,00900,00000,INTERCOMPANY TISSUE TYPING
615,E200000,01900,00000,-140256
615,E200000,02000,00000,GAIN (LOSS) ON DISPOSAL OF ASSETS
615,E200000,02100,00000,MEDICARE INCOME (HLA)
615,E200000,02200,00000,MEDICARE INCOME (KIDNEY)
615,E200000,02300,00000,LOSS ON EXTINGUISHMENT OF DEBT
615,S000000,00100,00100,X
615,S000000,00400,00100,1
615,S000000,00500,00100,05/30/2024
615,S000000,00600,00100,10001
615,S000000,00700,00100,N
615,S000000,00800,00100,N
615,S000000,01000,00100,4
615,S000001,00100,00100,DONOR NETWORK OF ARIZONA
615,S000001,00100,00200,03P001
615,S000001,00101,00100,2010 W RIO SALADO
615,S000001,00102,00100,TEMPE
615,S000001,00102,00200,AZ
615,S000001,00102,00300,85281
615,S000001,00200,00100,DONOR NETWORK OF ARIZONA
615,S000001,00200,00200,03HL03
615,S000001,00201,00100,2010 W RIO SALADO
615,S000001,00202,00100,TEMPE
615,S000001,00202,00200,AZ
615,S000001,00202,00300,85281
615,S000001,00300,00100,01/01/2023
615,S000001,00300,00200,12/31/2023
615,S000001,00400,00100,6
615,S000001,00400,00300,1
615,S000001,00400,00400,09/01/1992
615,S000001,00401,00100,6
615,S000001,00401,00300,2
615,S000001,00401,00400,09/01/1992
615,S000002,00100,00200,Y
615,S000002,00300,00100,SR. VICE PRESIDENT & CFO
615,S000002,00400,00100,05/28/2024
615,S100001,00700,00100,N
615,S100001,00810,00000,OTHER RECOVERIES/ACQUISITIONS
615,S100002,00400,00100,NON-LIVING DONOR WORKUP
615,S100003,00100,00100,MEDICAL DIRECTOR
615,S100003,00100,00300,MEDICAL DIRECTOR
615,S100003,00100,00500,LAB DIRECTOR
615,S100003,00101,00100,EXEC. DIRECTOR
615,S100003,00101,00300,PROCUREMENT COORDINATOR
615,S100003,00101,00500,TECHNICIANS
615,S100003,00102,00100,CLERICAL
615,S100003,00102,00300,PRESERVATION TECHNICIANS
615,S100003,00102,00500,TISSUE TYPING TECH.
615,S100003,00103,00100,OTHER
615,S100003,00103,00300,CLINICAL EDUCATIORS
615,S100003,00103,00500,OTHER
615,S100003,00104,00100,QUALITY SYSTEMS
615,S100003,00104,00300,OTHER
615,S200000,00100,00100,N
615,S200000,00200,00100,N
615,S200000,00300,00100,N
615,S200000,00400,00100,Y
615,S200000,00400,00200,A
615,S200000,00500,00100,Y
615,S200000,00600,00300,SENIOR VICE PRESIDENT & CFO
615,S200000,00700,00100,DONOR NETWORK OF ARIZONA
616,A000000,00100,00000,0100CAPITAL COSTS-BLDG & FIXT
616,A000000,00200,00000,0200CAPITAL COSTS-MVBLE EQUIPMENT
616,A000000,00300,00000,0300EMPLOYEE BENEFITS
616,A000000,00400,00000,0400ADMINISTRATIVE & GENERAL
616,A000000,00500,00000,0500OPERATION AND MAINTENANCE OF PLANT
616,A000000,00600,00000,0600HOUSEKEEPING
616,A000000,00700,00000,0700MEDICAL SUPPLIES
616,A000000,00800,00000,0800OTHER OVERHEAD
616,A000000,00900,00000,0900PROCUREMENT COORDINATORS
616,A000000,01000,00000,1000PROFESSIONAL EDUCATION
616,A000000,01100,00000,1100PUBLIC EDUCATION
616,A000000,01200,00000,1200OTHER ACQUISITION
616,A000000,01300,00000,1300KIDNEY ACQUISITIONS
616,A000000,01400,00000,1400TISSUE TYPING LABORATORY
616,A000000,01500,00000,1500LIVER ACQUISITIONS
616,A000000,01600,00000,1600HEART ACQUISITIONS
616,A000000,01700,00000,1700PANCREAS ACQUISITIONS
616,A000000,01800,00000,1800LUNG ACQUISITIONS
616,A000000,01900,00000,1900SB/I
616,A000000,01901,00000,1901ISLETS
616,A000000,02100,00000,2100RESEARCH
616,A000000,02200,00000,2200BLOOD BANK
616,A000000,02300,00000,2300LABORATORY-NON-TISSUE TYPING
616,A000000,02400,00000,2400DIALYSIS UNITS
616,A000000,02500,00000,2500TISSUE
616,A000000,02501,00000,2501FOUNDATION
616,A000000,02502,00000,2502NON ALLOWABLE SQFT
616,A100000,01700,00000,BOARD OF DIRECTORS
616,A100000,01800,00000,CONTRACT LABOR
616,A100000,01900,00000,EMPLOYEE BENEFITS
616,A100000,01901,00000,MINOR EQUIP
616,A100000,01902,00000,OTHER
616,A100000,01903,00000,POSTAGE
616,A100000,01904,00000,DONATIONS
616,A20H000,02100,00000,ACQUISITION FEE
616,A20K000,02100,00000,ACQUISITION FEE
616,A20L000,02100,00000,ACQUISITION FEE
616,A20O000,02100,00000,ACQUISITION FEE
616,A20P000,02100,00000,ACQUISITION FEE
616,A20U000,02100,00000,ACQUISITION FEE
616,A400010,00100,00000,PROFESSIONAL EDUCATION TO TISSUE
616,A400010,00100,00100,A
616,A400010,00100,00200,TISSUE
616,A400010,00100,00500,PROFESSIONAL EDUCATION
616,A400010,00200,00000,BUILDING DEPRECIATION
616,A400010,00200,00100,B
616,A400010,00200,00200,CAPITAL COSTS-BLDG & FIXT
616,A400010,00200,00500,CAPITAL COSTS-MVBLE EQUIPMENT
616,A400010,00300,00000,PROPERTY TAX
616,A400010,00300,00100,C
616,A400010,00300,00200,CAPITAL COSTS-BLDG & FIXT
616,A400010,00300,00500,ADMINISTRATIVE & GENERAL
616,A400010,00400,00000,CAPITAL TO A&G
616,A400010,00400,00100,D
616,A400010,00400,00200,ADMINISTRATIVE & GENERAL
616,A400010,00400,00500,CAPITAL COSTS-BLDG & FIXT
616,A400010,00500,00000,CAPITAL TO A&G
616,A400010,00500,00100,D
616,A400010,00500,00500,CAPITAL COSTS-MVBLE EQUIPMENT
616,A500010,01200,00100,B
616,A500010,01200,00300,ADMINISTRATIVE & GENERAL
616,A500010,01500,00000,KIDNEYS SOLD FOR RESEARCH
616,A500010,01500,00100,B
616,A500010,01500,00300,KIDNEY ACQUISITIONS
616,A500010,01501,00000,LIVERS SOLD FOR RESEARCH
616,A500010,01501,00100,B
616,A500010,01501,00300,LIVER ACQUISITIONS
616,A500010,01502,00000,HEARTS SOLD FOR RESEARCH
616,A500010,01502,00100,B
616,A500010,01502,00300,HEART ACQUISITIONS
616,A500010,01503,00000,PANCREAS SOLD FOR RESEARCH
616,A500010,01503,00100,B
616,A500010,01503,00300,PANCREAS ACQUISITIONS
616,A500010,01504,00000,LUNGS SOLD FOR RESEARCH
616,A500010,01504,00100,B
616,A500010,01504,00300,LUNG ACQUISITIONS
616,A500010,01600,00000,FOUNDATION OPERATING EXPENSE
616,A500010,01600,00100,A
616,A500010,01600,00300,FOUNDATION
616,A500010,01601,00000,OTHER NON ALLOWABLE EXPENSE
616,A500010,01601,00100,A
616,A500010,01601,00300,ADMINISTRATIVE & GENERAL
616,A500010,01602,00000,OTHER NON ALLOWABLE EXPENSE
616,A500010,01602,00100,A
616,A500010,01602,00300,PROCUREMENT COORDINATORS
616,A500010,01603,00000,OTHER NON ALLOWABLE EXPENSE
616,A500010,01603,00100,A
616,A500010,01603,00300,PROFESSIONAL EDUCATION
616,A500010,01604,00000,OTHER INCOME
616,A500010,01604,00100,B
616,A500010,01604,00300,ADMINISTRATIVE & GENERAL
616,A500010,01605,00000,BONUS ACCRUAL
616,A500010,01605,00100,A
616,A500010,01605,00300,ADMINISTRATIVE & GENERAL
616,A500010,01606,00000,BONUS ACCRUAL
616,A500010,01606,00100,A
616,A500010,01606,00300,OTHER OVERHEAD
616,A500010,01607,00000,BONUS ACCRUAL
616,A500010,01607,00100,A
616,A500010,01607,00300,PROCUREMENT COORDINATORS
616,A500010,01608,00000,BONUS ACCRUAL
616,A500010,01608,00100,A
616,A500010,01608,00300,PROFESSIONAL EDUCATION
616,A500010,01609,00000,BONUS ACCRUAL
616,A500010,01609,00100,A
616,A500010,01609,00300,TISSUE
616,A500010,01610,00000,BONUS ACCRUAL
616,A500010,01610,00100,A
616,A500010,01610,00300,FOUNDATION
616,A51000A,00100,00100,N
616,B10000*,00100,00200,CAP BLDG
616,B10000*,00100,00300,CAP COSTS
616,B10000*,00100,00400,EMPLOYEE
616,B10000*,00100,00500,MEDICAL
616,B10000*,00100,00800,ORGAN
616,B10000*,00100,01000,ADMIN &
616,B10000*,00200,00200,OP PLANT &
616,B10000*,00200,00300,MOVABLE
616,B10000*,00200,00400,BENEFITS
616,B10000*,00200,00500,SUPPLIES
616,B10000*,00200,00800,ACQUISITN
616,B10000*,00200,01000,GENERAL
616,B10000*,00300,00200,HOUSEKEEP
616,B10000*,00300,00300,EQUIPMENT
616,B10000*,00300,00800,COSTS
616,B10000*,00400,00200,SQUARE
616,B10000*,00400,00300,DOLLAR
616,B10000*,00400,00400,ADJUST
616,B10000*,00400,00500,COSTED
616,B10000*,00400,00800,NUMBER
616,B10000*,00400,01000,ACCUM
616,B10000*,00500,00200,FEET
616,B10000*,00500,00300,VALUE
616,B10000*,00500,00400,SALARIES
616,B10000*,00500,00500,REQUISIT
616,B10000*,00500,00800,ORGANS
616,B10000*,00500,01000,COSTS
616,B10000*,00600,00200,1
616,B10000*,00600,00300,2
616,B10000*,00600,00400,3
616,B10000*,00600,00500,3
616,B10000*,00600,00800,3
616,B10000*,00600,01000,3
616,B100000,00000,01000,X
616,E000000,00900,00000,OTHER CURRENT ASSETS
616,E000000,02600,00000,OTHER FIXED ASSETS
616,E000000,04100,00000,DUE TO MEDICARE
616,E200000,01900,00000,INTEREST INCOME
616,E200000,02000,00000,SETTLEMENT REVENUE
616,E200000,02100,00000,SUBSCRIPTION REVENUE
616,E200000,02200,00000,INTERNAL TRANSFERS
616,S000000,00100,00100,X
616,S000000,00400,00100,1
616,S000000,00500,00100,05/31/2024
616,S000000,00600,00100,10001
616,S000000,00700,00100,N
616,S000000,00800,00100,N
616,S000000,01000,00100,4
616,S000001,00100,00100,ONELEGACY
616,S000001,00100,00200,05P003
616,S000001,00101,00100,1303 W OPTICAL DRIVE
616,S000001,00102,00100,AZUSA
616,S000001,00102,00200,CA
616,S000001,00102,00300,91702
616,S000001,00300,00100,01/01/2023
616,S000001,00300,00200,12/31/2023
616,S000001,00400,00100,8
616,S000001,00400,00300,1
616,S000001,00400,00400,01/01/1978
616,S000001,00401,00300,1
616,S000002,00100,00200,Y
616,S000002,00300,00100,CEO
616,S000002,00400,00100,05/31/2024
616,S100001,00700,00100,N
616,S100001,00810,00000,SB/I
616,S100001,00811,00000,OTHER TISSUE
616,S100003,00100,00100,MEDICAL DIRECTOR
616,S100003,00100,00300,MEDICAL DIRECTOR
616,S100003,00100,00500,LAB DIRECTOR
616,S100003,00101,00100,EXEC. DIRECTOR
616,S100003,00101,00300,PROCUREMENT COORDINATOR
616,S100003,00101,00500,TECHNICIANS
616,S100003,00102,00100,CLERICAL
616,S100003,00102,00300,PRESERVATION TECHNICIANS
616,S100003,00102,00500,TISSUE TYPING TECH.
616,S100003,00103,00100,OTHER
616,S100003,00103,00300,OTHER
616,S100003,00103,00500,OTHER
616,S200000,00100,00100,N
616,S200000,00200,00100,N
616,S200000,00300,00100,N
616,S200000,00400,00100,Y
616,S200000,00400,00200,A
616,S200000,00400,00300,08/31/2024
616,S200000,00500,00100,N
616,S200000,00600,00300,SENIOR DIRECTOR
616,S200000,00700,00100,TOYON ASSOCIATES
617,A000000,00100,00000,0100CAPITAL COSTS-BLDG & FIXT
617,A000000,00200,00000,0200CAPITAL COSTS-MVBLE EQUIPMENT
617,A000000,00300,00000,0300EMPLOYEE BENEFITS
617,A000000,00400,00000,0400ADMINISTRATIVE & GENERAL
617,A000000,00500,00000,0500OPERATION AND MAINTENANCE OF PLANT
617,A000000,00600,00000,0600HOUSEKEEPING
617,A000000,00700,00000,0700MEDICAL SUPPLIES
617,A000000,00900,00000,0900PROCUREMENT COORDINATORS
617,A000000,01000,00000,1000PROFESSIONAL EDUCATION
617,A000000,01100,00000,1100PUBLIC EDUCATION
617,A000000,01300,00000,1300KIDNEY ACQUISITIONS
617,A000000,01400,00000,1400TISSUE TYPING LABORATORY
617,A000000,01500,00000,1500LIVER ACQUISITIONS
617,A000000,01600,00000,1600HEART ACQUISITIONS
617,A000000,01700,00000,1700PANCREAS ACQUISITIONS
617,A000000,01800,00000,1800LUNG ACQUISITIONS
617,A000000,01900,00000,1900HEARTLUNG
617,A000000,01901,00000,1901SMALL BOWEL
617,A000000,01902,00000,1902PANCREAS ISLETS
617,A000000,02100,00000,2100RESEARCH
617,A000000,02200,00000,2200BLOOD BANK
617,A000000,02300,00000,2300LABORATORY-NON-TISSUE TYPING
617,A000000,02400,00000,2400DIALYSIS UNITS
617,A000000,02500,00000,2500TISSUE
617,A100000,01700,00000,OTHER CONSULTING EXPENSES
617,A100000,01800,00000,FACILITY OPERATING EXPENSES
617,A100000,01900,00000,OTHER OPERATING EXPENSES
617,A100000,01901,00000,OTHER EMPLOYEE BENEFIT EXPENSES
617,A20H000,00900,00000,HOSPITAL CHARGES
617,A20H000,00901,00000,CARDIAC CATH
617,A20H000,00902,00000,X-RAY
617,A20H000,02100,00000,HOSPITAL
617,A20H000,02101,00000,BIOPSY
617,A20H000,02102,00000,MTF FAMILY CONSENTS
617,A20H000,02103,00000,OTHER CLINICAL EXPENSE
617,A20H000,02104,00000,OTHER PHYSICIAN CHARGES
617,A20H000,02105,00000,RECOVERY SITE FEE
617,A20H000,02106,00000,SEROLOGY TESTING
617,A20H000,02107,00000,OTHER ORGAN RECOVERY EXPENSES
617,A20K000,00900,00000,HOSPITAL CHARGES
617,A20K000,00901,00000,CARDIAC CATH
617,A20K000,00902,00000,X-RAY
617,A20K000,02100,00000,HOSPITAL
617,A20K000,02101,00000,BIOPSY
617,A20K000,02102,00000,MTF FAMILY CONSENTS
617,A20K000,02103,00000,OTHER CLINICAL EXPENSE
617,A20K000,02104,00000,OTHER PHYSICIAN CHARGES
617,A20K000,02105,00000,RECOVERY SITE FEE
617,A20K000,02106,00000,SEROLOGY TESTING
617,A20K000,02107,00000,OTHER ORGAN RECOVERY EXPENSES
617,A20L000,00900,00000,HOSPITAL CHARGES
617,A20L000,00901,00000,CARDIAC CATH
617,A20L000,00902,00000,X-RAY
617,A20L000,02100,00000,HOSPITAL
617,A20L000,02101,00000,BIOPSY
617,A20L000,02102,00000,MTF FAMILY CONSENTS
617,A20L000,02103,00000,OTHER CLINICAL EXPENSE
617,A20L000,02104,00000,OTHER PHYSICIAN CHARGES
617,A20L000,02105,00000,RECOVERY SITE FEE
617,A20L000,02106,00000,SEROLOGY TESTING
617,A20L000,02107,00000,OTHER ORGAN RECOVERY EXPENSES
617,A20O000,00900,00000,HOSPITAL CHARGES
617,A20O000,00901,00000,CARDAC CATH
617,A20O000,00902,00000,X-RAY
617,A20O000,02100,00000,HOSPITAL
617,A20O000,02101,00000,BIOPSY
617,A20O000,02102,00000,MTF FAMILY CONSENTS
617,A20O000,02103,00000,OTHER CLINICAL EXPENSE
617,A20O000,02104,00000,OTHER PHYSICIAN CHARGES
617,A20O000,02105,00000,RECOVERY SITE FEE
617,A20O000,02106,00000,SEROLOGY TESTING
617,A20O000,02107,00000,OTHER ORGAN RECOVERY EXPENSES
617,A20O001,00900,00000,HOSPITAL CHARGES
617,A20O001,00901,00000,CARDIAC CATH
617,A20O001,00902,00000,X-RAY
617,A20O001,00903,00000,OTHER EXCISION HOSPITAL
617,A20O001,02100,00000,HOSPITAL
617,A20O001,02101,00000,BIOPSY
617,A20O001,02102,00000,MTF FAMILY CONSENTS
617,A20O001,02103,00000,OTHER CLINICAL EXPENSE
617,A20O001,02104,00000,OTHER PHYSICIAN CHARGES
617,A20O001,02105,00000,RECOVERY SITE FEE
617,A20O001,02106,00000,SEROLOGY TESTING
617,A20O001,02107,00000,OTHER DONOR MAINTENANCE EXPENSE
617,A20O002,00900,00000,OTHER EXCISION HOSPITAL COSTS
617,A20O002,00901,00000,CARDIAC CATH COST
617,A20O002,00902,00000,X-RAY COST
617,A20O002,02100,00000,HOSPITAL
617,A20O002,02101,00000,BIOPSY
617,A20O002,02102,00000,MTF FAMILY CONSENTS
617,A20O002,02103,00000,OTHER CLINICAL EXPENSE
617,A20O002,02104,00000,OTHER PHYSICIAN CHARGES
617,A20O002,02105,00000,RECOVERY SITE FEE
617,A20O002,02106,00000,SEROLOGY TESTING
617,A20O002,02107,00000,OTHER DONOR MAINTENANCE EXPENSE
617,A20P000,00900,00000,HOSPITAL CHARGES
617,A20P000,00901,00000,CARDIAC CATH
617,A20P000,00902,00000,X-RAY
617,A20P000,02100,00000,HOSPITAL
617,A20P000,02101,00000,BIOPSY
617,A20P000,02102,00000,MTF FAMILY CONSENTS
617,A20P000,02103,00000,OTHER CLINICAL EXPENSE
617,A20P000,02104,00000,OTHER PHYSICIAN CHARGES
617,A20P000,02105,00000,RECOVERY SITE FEE
617,A20P000,02106,00000,SEROLOGY TESTING
617,A20P000,02107,00000,OTHER ORGAN RECOVERY EXPENSES
617,A20U000,00900,00000,HOSPITAL CHARGES
617,A20U000,00901,00000,CARDIAC CATH
617,A20U000,00902,00000,X-RAY
617,A20U000,02100,00000,HOSPITAL
617,A20U000,02101,00000,BIOPSY
617,A20U000,02102,00000,MTF FAMILY CONSENTS
617,A20U000,02103,00000,OTHER CLINICAL EXPENSE
617,A20U000,02104,00000,OTHER PHYSICIAN CHARGES
617,A20U000,02105,00000,RECOVERY SITE FEE
617,A20U000,02106,00000,SEROLOGY TESTING
617,A20U000,02107,00000,OTHER ORGAN RECOVERY EXPENSES
617,A400010,00100,00000,TISSUE OVERHEAD RECLASS
617,A400010,00100,00100,A
617,A400010,00100,00200,TISSUE
617,A400010,00100,00500,PROCUREMENT COORDINATORS
617,A400010,00200,00000,TISSUE OVERHEAD RECLASS
617,A400010,00200,00100,A
617,A400010,00200,00500,PROFESSIONAL EDUCATION
617,A400010,00300,00000,A&G OCCUPANCY COST RECLASS
617,A400010,00300,00100,B
617,A400010,00300,00200,ADMINISTRATIVE & GENERAL
617,A400010,00300,00500,CAPITAL COSTS-BLDG & FIXT
617,A400010,00400,00000,A&G OCCUPANCY COST RECLASS
617,A400010,00400,00100,B
617,A400010,00400,00500,CAPITAL COSTS-MVBLE EQUIPMENT
617,A400010,00500,00000,403B PENSION EXPENSE RECLASS
617,A400010,00500,00100,D
617,A400010,00500,00200,ADMINISTRATIVE & GENERAL
617,A400010,00500,00500,EMPLOYEE BENEFITS
617,A400010,00600,00000,403B PENSION EXPENSE RECLASS
617,A400010,00600,00100,D
617,A400010,00600,00200,PROCUREMENT COORDINATORS
617,A400010,00700,00000,403B PENSION EXPENSE RECLASS
617,A400010,00700,00100,D
617,A400010,00700,00200,PROFESSIONAL EDUCATION
617,A400010,00800,00000,403B PENSION EXPENSE RECLASS
617,A400010,00800,00100,D
617,A400010,00800,00200,TISSUE
617,A400010,00900,00000,DEPRECIATION EXP RECLASS
617,A400010,00900,00100,E
617,A400010,00900,00200,PROCUREMENT COORDINATORS
617,A400010,00900,00500,CAPITAL COSTS-MVBLE EQUIPMENT
617,A400010,01000,00000,DEPRECIATION EXP RECLASS
617,A400010,01000,00100,E
617,A400010,01000,00200,TISSUE
617,A400010,01100,00000,LEASEHOLD DEPR RECLASS
617,A400010,01100,00100,F
617,A400010,01100,00200,PROCUREMENT COORDINATORS
617,A400010,01100,00500,CAPITAL COSTS-MVBLE EQUIPMENT
617,A400010,01200,00000,LEASEHOLD DEPR RECLASS
617,A400010,01200,00100,F
617,A400010,01200,00200,TISSUE
617,A500010,00800,00100,B
617,A500010,00800,00300,PROCUREMENT COORDINATORS
617,A500010,01500,00000,NON-ALLOWABLE SURGEON FEES - KIDNEY
617,A500010,01500,00100,A
617,A500010,01500,00300,KIDNEY ACQUISITIONS
617,A500010,01501,00000,BANK & INVESTMENT FEES
617,A500010,01501,00100,A
617,A500010,01501,00300,ADMINISTRATIVE & GENERAL
617,A500010,01502,00000,BANK FEES
617,A500010,01502,00100,A
617,A500010,01502,00300,ADMINISTRATIVE & GENERAL
617,A500010,01503,00000,LOBBYING OFFSET
617,A500010,01503,00100,A
617,A500010,01503,00300,ADMINISTRATIVE & GENERAL
617,A500010,01504,00000,SIGHTLIFE REFERRAL CALL CENTER REV
617,A500010,01504,00100,B
617,A500010,01504,00300,ADMINISTRATIVE & GENERAL
617,A500010,01505,00000,SIERRA DONOR CALL CENTER REV
617,A500010,01505,00100,B
617,A500010,01505,00300,ADMINISTRATIVE & GENERAL
617,A500010,01506,00000,TRANSPLANT GAMES EXPENSE
617,A500010,01506,00100,A
617,A500010,01506,00300,PROFESSIONAL EDUCATION
617,A500010,01507,00000,PAIRED KIDNEY EXCHANGE REV
617,A500010,01507,00100,B
617,A500010,01507,00300,PROCUREMENT COORDINATORS
617,A500010,01508,00000,ANABIOS CALL CENTER REVENUE
617,A500010,01508,00100,B
617,A500010,01508,00300,ADMINISTRATIVE & GENERAL
617,A500010,01509,00000,VCA ABDOMINAL WALL
617,A500010,01509,00100,A
617,A500010,01509,00300,PROCUREMENT COORDINATORS
617,A500010,01511,00000,NON-ALLOWABLE MEALS
617,A500010,01511,00100,A
617,A500010,01511,00300,ADMINISTRATIVE & GENERAL
617,A500010,01512,00000,NON-ALLOWABLE MTG
617,A500010,01512,00100,A
617,A500010,01512,00300,PROCUREMENT COORDINATORS
617,A500010,01513,00000,NON-ALLOWABLE MEALS
617,A500010,01513,00100,A
617,A500010,01513,00300,PROFESSIONAL EDUCATION
617,A500010,01600,00000,FOUNDATION ADMIN RELATED COSTS
617,A500010,01600,00100,A
617,A500010,01600,00300,ADMINISTRATIVE & GENERAL
617,A51000A,00100,00100,N
617,A60000A,00700,00000,LEASEHOLD IMPROVEMENTS
617,A60000B,00800,00000,LEASEHOLD IMPROVEMENTS
617,A60000C,00500,00100,N
617,B10000*,00100,00200,CAP BLDG
617,B10000*,00100,00300,CAP COSTS
617,B10000*,00100,00400,EMPLOYEE
617,B10000*,00100,00500,MEDICAL
617,B10000*,00100,00800,ORGAN
617,B10000*,00100,01000,ADMIN &
617,B10000*,00200,00200,OP PLANT &
617,B10000*,00200,00300,MOVABLE
617,B10000*,00200,00400,BENEFITS
617,B10000*,00200,00500,SUPPLIES
617,B10000*,00200,00800,ACQUISITN
617,B10000*,00200,01000,GENERAL
617,B10000*,00300,00200,HOUSEKEEP
617,B10000*,00300,00300,EQUIPMENT
617,B10000*,00300,00800,COSTS
617,B10000*,00400,00200,SQUARE
617,B10000*,00400,00300,DOLLAR
617,B10000*,00400,00400,ADJUST
617,B10000*,00400,00500,COSTED
617,B10000*,00400,00800,NUMBER
617,B10000*,00400,01000,ACCUM
617,B10000*,00500,00200,FEET
617,B10000*,00500,00300,VALUE
617,B10000*,00500,00400,SALARIES
617,B10000*,00500,00500,REQUISIT
617,B10000*,00500,00800,ORGANS
617,B10000*,00500,01000,COSTS
617,B10000*,00600,00200,1
617,B10000*,00600,00300,2
617,B10000*,00600,00400,3
617,B10000*,00600,00500,3
617,B10000*,00600,00800,3
617,B10000*,00600,01000,3
617,B100000,00000,01000,X
617,E000000,00900,00000,MEDICARE SETTLEMENT RECEIVABLE
617,E000000,02600,00000,OTHER FIXED ASSETS
617,E000000,03100,00000,OTHER ASSETS
617,E000000,03900,00000,ACCRUAL FOR ORGAN RETRIEVAL SERVICES
617,E000000,04100,00000,SHORT TERM LEASE LIABILITY
617,E000000,04600,00000,DEFERRED LEASE PAYABLE
617,E000000,04700,00000,ACCRUED LEGAL SETTLEMENT
617,E100001,00700,00000,TISSUE REVENUE
617,E100001,00800,00000,ORGAN RESEARCH REVENUE
617,E100001,00900,00000,MEDICARE CONTRACTUAL ADJUSTMENT
617,E100002,00300,00000,OTHER EXPENSES
617,E100002,00400,00000,PRIOR PERIOD ADJUSTMENT
617,E100002,00500,00000,ROUNDING
617,E100002,00800,00000,OTHER EXPENSES
617,E100002,00900,00000,ROUNDING
617,E100002,01000,00000,PRIOR PERIOD ADJ
617,E100002,01001,00000,AJE01 OFFICE SUPPLIES
617,E200000,01500,00000,NET ASSETS RELEASED FROM RESTRICTION
617,E200000,01600,00000,BAD DEBT RECOVERY REVENUE
617,E200000,01700,00000,FEDERAL GRANT - PPP LOAN FORGIVENESS
617,E200000,02000,00000,CONTRIBUTIONS WITH DONOR RESTRICTION
617,E200000,02100,00000,CHANGE IN TEMP RESTRICTED ASSETS
617,E200000,02200,00000,OTHER REVENUE
617,E200000,02300,00000,NET ASSETS WITH DONOR RESTRICTIONS
617,E200000,02600,00000,CHANGE IN TEMP RESTRICTED NET ASSETS
617,E200000,02700,00000,LEGAL SETTLEMENT
617,E200000,02701,00000,INVESTMENT LOSS
617,S000000,00100,00100,X
617,S000000,00400,00100,1
617,S000000,00500,00100,05/31/2024
617,S000000,00600,00100,10001
617,S000000,00700,00100,N
617,S000000,00800,00100,N
617,S000000,01000,00100,4
617,S000001,00100,00100,DONOR NETWORK WEST
617,S000001,00100,00200,05P005
617,S000001,00101,00100,12667 ALCOSTA BLVD  SUITE 500
617,S000001,00102,00100,SAN RAMON
617,S000001,00102,00200,CA
617,S000001,00102,00300,94583
617,S000001,00300,00100,01/01/2023
617,S000001,00300,00200,12/31/2023
617,S000001,00400,00100,6
617,S000001,00400,00300,1
617,S000001,00400,00400,11/01/1987
617,S000001,00401,00300,1
617,S000002,00100,00200,Y
617,S000002,00300,00100,CHIEF FINANCIAL OFFICER
617,S000002,00400,00100,05/31/2024
617,S100001,00700,00100,N
617,S100001,00810,00000,SMALL BOWEL
617,S100001,00811,00000,VERTEBRAL SEGMENT
617,S100001,00812,00000,OTHERVEIN
617,S100003,00100,00100,MEDICAL DIRECTOR
617,S100003,00100,00300,MEDICAL DIRECTOR
617,S100003,00100,00500,LAB DIRECTOR
617,S100003,00101,00100,EXEC. DIRECTOR
617,S100003,00101,00300,PROCUREMENT COORDINATOR
617,S100003,00101,00500,TECHNICIANS
617,S100003,00102,00100,CLERICAL
617,S100003,00102,00300,PRESERVATION TECHNICIANS
617,S100003,00102,00500,TISSUE TYPING TECH.
617,S100003,00103,00100,OTHER
617,S100003,00103,00300,OTHER
617,S100003,00103,00500,OTHER
617,S200000,00100,00100,N
617,S200000,00200,00100,N
617,S200000,00300,00100,N
617,S200000,00400,00100,Y
617,S200000,00400,00200,A
617,S200000,00500,00100,N
617,S200000,00600,00300,CFO
617,S200000,00700,00100,DONOR NETWORK WEST
618,A000000,00100,00000,0100CAPITAL COSTS-BLDG & FIXT
618,A000000,00200,00000,0200CAPITAL COSTS-MVBLE EQUIPMENT
618,A000000,00300,00000,0300EMPLOYEE BENEFITS
618,A000000,00400,00000,0400ADMINISTRATIVE & GENERAL
618,A000000,00500,00000,0500OPERATION AND MAINTENANCE OF PLANT
618,A000000,00600,00000,0600HOUSEKEEPING
618,A000000,00700,00000,0700MEDICAL SUPPLIES
618,A000000,00800,00000,0800OTHER OVERHEAD
618,A000000,00900,00000,0900PROCUREMENT COORDINATORS
618,A000000,01000,00000,1000PROFESSIONAL EDUCATION
618,A000000,01100,00000,1100PUBLIC EDUCATION
618,A000000,01300,00000,1300KIDNEY ACQUISITIONS
618,A000000,01400,00000,1400TISSUE TYPING LABORATORY
618,A000000,01500,00000,1500LIVER ACQUISITIONS
618,A000000,01600,00000,1600HEART ACQUISITIONS
618,A000000,01700,00000,1700PANCREAS ACQUISITIONS
618,A000000,01800,00000,1800LUNG ACQUISITIONS
618,A000000,01900,00000,1900VCA/INTESTINE    S
618,A000000,02100,00000,2100RESEARCH
618,A000000,02200,00000,2200BLOOD BANK
618,A000000,02300,00000,2300LABORATORY-NON-TISSUE TYPING
618,A000000,02400,00000,2400DIALYSIS UNITS
618,A000000,02500,00000,2500TISSUE
618,A000000,02501,00000,2501SKIN PROCESSING
618,A100000,01700,00000,POSTAGE
618,A100000,01800,00000,EDUCATION
618,A100000,01900,00000,GAIN/LOSS ON ASSETS
618,A100000,01901,00000,ADVISORY/BANK/LATE FEES
618,A20H000,00900,00000,OTHER HOSPITAL
618,A20K000,00900,00000,OTHER HOSPITAL
618,A20K000,00901,00000,PERFUSION COSTS
618,A20L000,00900,00000,OTHER HOSPITAL
618,A20O000,00900,00000,OTHER HOSPITAL
618,A20P000,00900,00000,OTHER HOSPITAL
618,A20U000,00900,00000,OTHER HOSPITAL
618,A400010,00100,00000,RENT/LEASE FOR BLDG
618,A400010,00100,00100,A
618,A400010,00100,00200,CAPITAL COSTS-BLDG & FIXT
618,A400010,00100,00500,ADMINISTRATIVE & GENERAL
618,A400010,00200,00000,TISSUE COST FR PROCURE TO NON-REIMB
618,A400010,00200,00100,B
618,A400010,00200,00200,TISSUE
618,A400010,00200,00500,PROCUREMENT COORDINATORS
618,A400010,00300,00000,TISSUE COST FR PUB ED TO NON-REIMB
618,A400010,00300,00100,C
618,A400010,00300,00200,TISSUE
618,A400010,00300,00500,PUBLIC EDUCATION
618,A400010,00400,00000,TISSUE COST FR PROF ED TO NON-REIMB
618,A400010,00400,00100,D
618,A400010,00400,00200,TISSUE
618,A400010,00400,00500,PROFESSIONAL EDUCATION
618,A400010,00500,00000,CONTRACT SERV NON ORG
618,A400010,00500,00100,E
618,A400010,00500,00200,OPERATION AND MAINTENANCE OF PLANT
618,A400010,00500,00500,PROCUREMENT COORDINATORS
618,A400010,00600,00000,POL DEPT COSTS TO KIDNEY ACQUSITION
618,A400010,00600,00100,F
618,A400010,00600,00200,KIDNEY ACQUISITIONS
618,A400010,00600,00500,SKIN PROCESSING
618,A400010,00700,00000,POL DEPT COSTS TO ORGAN PROC COORD
618,A400010,00700,00100,G
618,A400010,00700,00200,PROCUREMENT COORDINATORS
618,A400010,00700,00500,SKIN PROCESSING
618,A500010,00700,00100,B
618,A500010,00700,00300,ADMINISTRATIVE & GENERAL
618,A500010,01500,00000,DONATIONS
618,A500010,01500,00100,A
618,A500010,01500,00300,ADMINISTRATIVE & GENERAL
618,A500010,01501,00000,RESEARCH ORGAN REVENUE
618,A500010,01501,00100,B
618,A500010,01501,00300,PROCUREMENT COORDINATORS
618,A500010,01502,00000,ALCOHOL
618,A500010,01502,00100,A
618,A500010,01502,00300,ADMINISTRATIVE & GENERAL
618,A500010,01503,00000,LOBBYING AOPO
618,A500010,01503,00100,A
618,A500010,01503,00300,ADMINISTRATIVE & GENERAL
618,A500010,01504,00000,LATE FEES
618,A500010,01504,00100,A
618,A500010,01504,00300,ADMINISTRATIVE & GENERAL
618,A500010,01600,00000,SURG FEES OVER $1 250 PER DONOR
618,A500010,01600,00100,A
618,A500010,01600,00300,KIDNEY ACQUISITIONS
618,A500010,01601,00000,LIVING DONOR COSTS
618,A500010,01601,00100,A
618,A500010,01601,00300,PROCUREMENT COORDINATORS
618,A500010,01602,00000,NONALLOWABLE EXP
618,A500010,01602,00100,A
618,A500010,01602,00300,ADMINISTRATIVE & GENERAL
618,A500010,01603,00000,NONALLOWABLE EXP
618,A500010,01603,00100,A
618,A500010,01603,00300,PROCUREMENT COORDINATORS
618,A500010,01604,00000,NONALLOWABLE EXP
618,A500010,01604,00100,A
618,A500010,01604,00300,PUBLIC EDUCATION
618,A500010,01605,00000,DLMD ACCTING
618,A500010,01605,00100,A
618,A500010,01605,00300,ADMINISTRATIVE & GENERAL
618,A500010,01606,00000,GAIN / (LOSS) ON ASSETS
618,A500010,01606,00100,B
618,A500010,01606,00300,ADMINISTRATIVE & GENERAL
618,A500010,01608,00000,ONLINE STORE
618,A500010,01608,00100,B
618,A500010,01608,00300,PUBLIC EDUCATION
618,A51000A,00100,00100,N
618,A60000C,00500,00100,N
618,B10000*,00100,00200,CAP BLDG
618,B10000*,00100,00300,CAP COSTS
618,B10000*,00100,00400,EMPLOYEE
618,B10000*,00100,00500,MEDICAL
618,B10000*,00100,00800,ORGAN
618,B10000*,00100,01000,ADMIN &
618,B10000*,00200,00200,OP PLANT &
618,B10000*,00200,00300,MOVABLE
618,B10000*,00200,00400,BENEFITS
618,B10000*,00200,00500,SUPPLIES
618,B10000*,00200,00800,ACQUISITN
618,B10000*,00200,01000,GENERAL
618,B10000*,00300,00200,HOUSEKEEP
618,B10000*,00300,00300,EQUIPMENT
618,B10000*,00300,00800,COSTS
618,B10000*,00400,00200,SQUARE
618,B10000*,00400,00300,DOLLAR
618,B10000*,00400,00400,ADJUST
618,B10000*,00400,00500,COSTED
618,B10000*,00400,00800,NUMBER
618,B10000*,00400,01000,ACCUM
618,B10000*,00500,00200,FEET
618,B10000*,00500,00300,VALUE
618,B10000*,00500,00400,SALARIES
618,B10000*,00500,00500,REQUISIT
618,B10000*,00500,00800,ORGANS
618,B10000*,00500,01000,COSTS
618,B10000*,00600,00200,1
618,B10000*,00600,00300,2
618,B10000*,00600,00400,3
618,B10000*,00600,00500,3
618,B10000*,00600,00800,3
618,B10000*,00600,01000,3
618,B100000,00000,01000,X
618,E000000,00900,00000,OTHER CURRENT ASSETS
618,E000000,02600,00000,OTHER FIXED ASSETS
618,E000000,03100,00000,31 31 DEFERRED COMP/RESTRICTED CASH
618,E000000,03900,00000,ACCRUED EXPENSES
618,E000000,04600,00000,DEFERRED COMPENSATION
618,E000000,04700,00000,RESTRICTED LIABILITY
618,E100001,00700,00000,BONE
618,E100001,00800,00000,SKIN
618,E100001,00900,00000,MISC ORGANS
618,E100001,00901,00000,CORNEA/HV/VEINS
618,E200000,02000,00000,DONATIONS
618,E200000,02100,00000,CALL CENTER REVENUE
618,E200000,02200,00000,GRANT
618,E200000,02300,00000,MISC
618,S000000,00100,00100,X
618,S000000,00400,00100,1
618,S000000,00500,00100,05/30/2024
618,S000000,00600,00100,10001
618,S000000,00700,00100,N
618,S000000,00800,00100,N
618,S000000,01000,00100,4
618,S000001,00100,00100,INFINITE LEGACY  INC.
618,S000001,00100,00200,21P001
618,S000001,00101,00100,1730 TWIN SPRINGS ROAD  SUITE 200
618,S000001,00102,00100,BALTIMORE
618,S000001,00102,00200,MD
618,S000001,00102,00300,21227
618,S000001,00300,00100,01/01/2023
618,S000001,00300,00200,12/31/2023
618,S000001,00400,00100,8
618,S000001,00400,00300,1
618,S000001,00400,00400,01/01/2013
618,S000001,00401,00300,1
618,S000002,00100,00200,Y
618,S000002,00300,00100,VP & CFO
618,S000002,00400,00100,05/23/2024
618,S100001,00700,00100,N
618,S100001,00810,00000,VCA
618,S100001,00811,00000,INTESTINES
618,S100001,00812,00000,VEIN/NERVES
618,S100003,00100,00100,MEDICAL DIRECTOR
618,S100003,00100,00300,MEDICAL DIRECTOR
618,S100003,00100,00500,LAB DIRECTOR
618,S100003,00101,00100,EXEC. DIRECTOR
618,S100003,00101,00300,PROCUREMENT COORDINATOR
618,S100003,00101,00500,TECHNICIANS
618,S100003,00102,00100,CLERICAL
618,S100003,00102,00300,PRESERVATION TECHNICIANS
618,S100003,00102,00500,TISSUE TYPING TECH.
618,S100003,00103,00100,CLERICAL
618,S100003,00103,00300,OTHER
618,S100003,00103,00500,OTHER
618,S200000,00100,00100,N
618,S200000,00200,00100,N
618,S200000,00300,00100,N
618,S200000,00400,00100,Y
618,S200000,00400,00200,A
618,S200000,00500,00100,Y
618,S200000,00600,00300,VP & CFO
618,S200000,00700,00100,INFINITE LEGACY  INC.
619,A000000,00100,00000,0100CAPITAL COSTS-BLDG & FIXT
619,A000000,00200,00000,0200CAPITAL COSTS-MVBLE EQUIPMENT
619,A000000,00300,00000,0300EMPLOYEE BENEFITS
619,A000000,00400,00000,0400ADMINISTRATIVE & GENERAL
619,A000000,00500,00000,0500OPERATION AND MAINTENANCE OF PLANT
619,A000000,00600,00000,0600HOUSEKEEPING
619,A000000,00700,00000,0700MEDICAL SUPPLIES
619,A000000,00800,00000,0800OTHER OVERHEAD
619,A000000,00900,00000,0900PROCUREMENT COORDINATORS
619,A000000,01000,00000,1000PROFESSIONAL EDUCATION
619,A000000,01100,00000,1100PUBLIC EDUCATION
619,A000000,01200,00000,1200OTHER ACQUISITION
619,A000000,01300,00000,1300KIDNEY ACQUISITIONS
619,A000000,01400,00000,1400TISSUE TYPING LABORATORY
619,A000000,01500,00000,1500LIVER ACQUISITIONS
619,A000000,01600,00000,1600HEART ACQUISITIONS
619,A000000,01700,00000,1700PANCREAS ACQUISITIONS
619,A000000,01800,00000,1800LUNG ACQUISITIONS
619,A000000,01900,00000,1900INTESTINE ACQUISITIONS
619,A000000,02100,00000,2100RESEARCH
619,A000000,02200,00000,2200BLOOD BANK
619,A000000,02300,00000,2300LABORATORY-NON-TISSUE TYPING
619,A000000,02400,00000,2400DIALYSIS UNITS
619,A000000,02500,00000,2500TISSUE
619,A000000,02501,00000,2501GOLF ALLOCATION
619,A000000,02502,00000,2502UNUSED SPACE
619,A100000,01700,00000,POSTAGE
619,A100000,01800,00000,PAYROLL PROCESSING
619,A100000,01900,00000,BOND AMORTIZATION
619,A100000,01901,00000,MISCELLANEOUS EXPENSES
619,A20H000,00900,00000,DONOR HOSPITAL OTHER
619,A20K000,00900,00000,DONOR HOSPITAL OTHER
619,A20K000,02100,00000,OTHER COSTS
619,A20L000,00900,00000,DONOR HOSPITAL OTHER
619,A20O000,00900,00000,DONOR HOSPITAL OTHER
619,A20O000,02100,00000,OTHER COSTS
619,A20P000,00900,00000,DONOR HOSPITAL OTHER
619,A20U000,00900,00000,DONOR HOSPITSL OTHER
619,A300000,00600,00000,PRINTING AND OFFICE SUPPLIES
619,A300000,00700,00000,OPERATING SUPPLIES
619,A300000,00800,00000,MEETING AND TRAVEL
619,A300000,00900,00000,CONSULTANTS
619,A300000,00901,00000,DEPRECIATION
619,A300000,01000,00000,EQUIPMENT RENTAL
619,A300000,01001,00000,MISCELLANEOUS
619,A400010,00100,00000,TISSUE OVERHEAD
619,A400010,00100,00100,A
619,A400010,00100,00200,TISSUE
619,A400010,00100,00500,PROCUREMENT COORDINATORS
619,A400010,00200,00000,A&G OCCUPANCY RECLASS
619,A400010,00200,00100,B
619,A400010,00200,00200,ADMINISTRATIVE & GENERAL
619,A400010,00200,00500,CAPITAL COSTS-BLDG & FIXT
619,A400010,00300,00000,A&G OCCUPANCY RECLASS
619,A400010,00300,00100,B
619,A400010,00300,00500,OPERATION AND MAINTENANCE OF PLANT
619,A500010,00800,00100,A
619,A500010,00800,00300,PROCUREMENT COORDINATORS
619,A500010,01200,00100,B
619,A500010,01200,00300,ADMINISTRATIVE & GENERAL
619,A500010,01500,00000,LOBBYING EXPENSES
619,A500010,01500,00100,A
619,A500010,01500,00300,ADMINISTRATIVE & GENERAL
619,A500010,01507,00000,OFFSET TISSUE LOST CHARGES
619,A500010,01507,00100,A
619,A500010,01507,00300,TISSUE
619,A500010,01600,00000,UNALLOWABLE PROFESSIONAL EDUC EXPENS
619,A500010,01600,00100,A
619,A500010,01600,00300,PROFESSIONAL EDUCATION
619,A500010,01601,00000,UNALLOWABLE PUBLIC EDUC EXPENSES
619,A500010,01601,00100,A
619,A500010,01601,00300,PUBLIC EDUCATION
619,A500010,01602,00000,UNALLOWABLE ADMIN EXPENSES
619,A500010,01602,00100,A
619,A500010,01602,00300,ADMINISTRATIVE & GENERAL
619,A500010,01603,00000,UNALLOWABLE TRANSPORTATION
619,A500010,01603,00100,A
619,A500010,01603,00300,PROCUREMENT COORDINATORS
619,A500010,01604,00000,UNALLOWABLE LAB EXPENSES
619,A500010,01604,00100,A
619,A500010,01604,00300,TISSUE TYPING LABORATORY
619,A500010,01605,00000,KIDNEY LIVING RELATED REVENUE
619,A500010,01605,00100,A
619,A500010,01605,00300,KIDNEY ACQUISITIONS
619,A500010,01606,00000,UNALLOWABLE COORD EXPENSES
619,A500010,01606,00100,A
619,A500010,01606,00300,PROCUREMENT COORDINATORS
619,A500010,01608,00000,UNALLOWABLE TISSUE EXPENSE
619,A500010,01608,00100,A
619,A500010,01608,00300,TISSUE
619,A51000A,00100,00100,N
619,A60000A,00700,00000,OFFICE EQUIPMENT
619,A60000A,00701,00000,LEASEHOLD IMPROVEMENTS
619,A60000A,00702,00000,CIP
619,A60000B,00800,00000,OFFICE EQUIPMENT
619,A60000B,00801,00000,LEASEHOLD IMPROVEMENTS
619,A60000C,00500,00100,N
619,B10000*,00100,00200,CAP BLDG
619,B10000*,00100,00300,CAP COSTS
619,B10000*,00100,00400,EMPLOYEE
619,B10000*,00100,00500,MEDICAL
619,B10000*,00100,00800,ORGAN
619,B10000*,00100,01000,ADMIN &
619,B10000*,00200,00200,OP PLANT &
619,B10000*,00200,00300,MOVABLE
619,B10000*,00200,00400,BENEFITS
619,B10000*,00200,00500,SUPPLIES
619,B10000*,00200,00800,ACQUISITN
619,B10000*,00200,01000,GENERAL
619,B10000*,00300,00200,HOUSEKEEP
619,B10000*,00300,00300,EQUIPMENT
619,B10000*,00300,00800,COSTS
619,B10000*,00400,00200,SQUARE
619,B10000*,00400,00300,DOLLAR
619,B10000*,00400,00400,ADJUST
619,B10000*,00400,00500,COSTED
619,B10000*,00400,00800,NUMBER
619,B10000*,00400,01000,ACCUM
619,B10000*,00500,00200,FEET
619,B10000*,00500,00300,VALUE
619,B10000*,00500,00400,SALARIES
619,B10000*,00500,00500,REQUISIT
619,B10000*,00500,00800,ORGANS
619,B10000*,00500,01000,COSTS
619,B10000*,00600,00200,1
619,B10000*,00600,00300,2
619,B10000*,00600,00400,3
619,B10000*,00600,00500,3
619,B10000*,00600,00800,3
619,B10000*,00600,01000,3
619,B100000,00000,01000,X
619,E000000,00900,00000,FLEXIBLE ANNUITY
619,E000000,02600,00000,CIP
619,E000000,03100,00000,OTHER ASSETS
619,E000000,03900,00000,MEDICARE PAYABLE
619,E000000,04100,00000,FLEXIBLE ANNUITY
619,E000000,04600,00000,OTHER LONG-TERM LIABILITIES
619,E100001,00700,00000,TISSUE REVENUE
619,E100001,00800,00000,INTERMEDIARY REIMBURSEMENT
619,E100001,00900,00000,PRESERVATION REVENUE
619,E100002,00300,00000,FOUNDATION
619,E100002,00400,00000,LEGAL SETTLEMENT NETTED
619,E100002,00800,00000,INTERNAL HLA LAB ADJUSTMENT
619,E100002,00900,00000,GRANT EXPENSES
619,E100002,01000,00000,MISC VARIANCE
619,E200000,02000,00000,UNREALIZED GAIN ON INT RATE SWAP
619,E200000,02100,00000,ACQUISITION OF FOUNDATION
619,E200000,02200,00000,INSURANCE PROCEEDS
619,E200000,02600,00000,INTEMEDIARY PAYMENT DUE
619,E200000,02700,00000,GRANTS EXPNSE
619,E200000,02701,00000,UNREAL LOSS ON INTEREST RATE SWAP
619,S000000,00100,00100,X
619,S000000,00400,00100,1
619,S000000,00500,00100,05/30/2024
619,S000000,00600,00100,10001
619,S000000,00700,00100,N
619,S000000,00800,00100,N
619,S000000,01000,00100,4
619,S000001,00100,00100,ORGAN PROCUREMENT AGENCY OF MI
619,S000001,00100,00200,23P001
619,S000001,00101,00100,3861 RESEARCH PARK DRIVE
619,S000001,00102,00100,ANN ARBOR
619,S000001,00102,00200,MI
619,S000001,00102,00300,48108
619,S000001,00200,00100,ORGAN PROCUREMENT AGENCY OF MICHIGAN
619,S000001,00200,00200,23HL03
619,S000001,00201,00100,3861 RESEARCH PARK DRIVE
619,S000001,00202,00100,ANN ARBOR
619,S000001,00202,00200,MI
619,S000001,00202,00300,48108
619,S000001,00300,00100,01/01/2023
619,S000001,00300,00200,12/31/2023
619,S000001,00400,00100,6
619,S000001,00400,00300,1
619,S000001,00400,00400,01/01/1979
619,S000001,00401,00100,6
619,S000001,00401,00300,2
619,S000001,00401,00400,01/01/1979
619,S000002,00100,00200,Y
619,S000002,00300,00100,CFO
619,S000002,00400,00100,05/29/2024
619,S100001,00700,00100,N
619,S100001,00810,00000,INTESTINE
619,S100001,00811,00000,OTHER TISSUE
619,S100002,00400,00100,*HBC ANTIBODY TOTAL
619,S100002,00401,00100,*HBS ANTIGEN TOTAL
619,S100002,00402,00100,*HBV DNA DISCRIMINATORY TOTAL
619,S100002,00403,00100,*HBV/HCV/HIV-1/HIV-2 SCREENING TOTAL
619,S100002,00404,00100,*HCV ANTIBODY TOTAL
619,S100002,00405,00100,*HCV RNA DISCRIMINATORY TOTAL
619,S100002,00406,00100,*HIV-1/2+O ANTIBODY TOTAL
619,S100002,00407,00100,*HIV-1/HIV-2 RNA DISCRIMINATORY TOTA
619,S100002,00408,00100,*SYPHILIS IGG ANTIBODY TOTAL
619,S100002,00409,00100,ABO GENOTYPE TOTAL
619,S100002,00410,00100,ABO GROUPING TOTAL
619,S100002,00411,00100,CMV IGG   TOTAL
619,S100002,00412,00100,DECEASED DONOR FLOW CROSSMATCH TOTAL
619,S100002,00413,00100,DECEASED DONOR FLOW CROSSMATCH-ADDIT
619,S100002,00414,00100,EBV IGM TOTAL
619,S100002,00415,00100,FEE FOR LIAISON TEST PANEL (CMV/EBV/
619,S100002,00417,00100,FEE FOR LUMINEX FLOW MICROARRAY AB I
619,S100002,00418,00100,FEE FOR LUMINEX FLOW MICROARRAY SING
619,S100002,00419,00100,FEE FOR LUMINUX FLOW MICROARRAY SING
619,S100002,00420,00100,FEE FOR NAT TESTING TOTAL
619,S100002,00421,00100,FEE FOR RENAL ONLY CROSSMATCH   TOTA
619,S100002,00422,00100,FEE FOR RENAL WITH PANC CROSSMATCHES
619,S100002,00423,00100,FEE FOR SAMPLE STORAGE TOTAL
619,S100002,00424,00100,FEE FOR STAT TESTING M-F 07:00-23:00
619,S100002,00425,00100,FEE FOR STAT TESTING OFF HOURS/WEEKE
619,S100002,00426,00100,GLYCOSYLATED HGB TOTAL
619,S100002,00427,00100,HBSAG EIA TOTAL
619,S100002,00428,00100,INFECTIOUS DISEASE FEE (VIRAL MARKER
619,S100002,00429,00100,LIVING FLOW CROSSMATCH TOTAL
619,S100002,00430,00100,LIVING FLOW XM ADDITIONAL SERA TOTAL
619,S100002,00431,00100,LX SA I TOTAL
619,S100002,00432,00100,LX SA II TOTAL
619,S100002,00433,00100,MOLECULAR SSP CLASS I AND II HLA TES
619,S100002,00434,00100,POC CBC TOTAL
619,S100002,00435,00100,POC HEPATIC PANEL TOTAL
619,S100002,00436,00100,POC METLAC12 PANEL TOTAL
619,S100002,00437,00100,POC UA TOTAL
619,S100002,00438,00100,RPR TOTAL
619,S100002,00439,00100,SAMPLE STORAGE TOTAL
619,S100002,00440,00100,TOXO IGG II TOTAL
619,S100003,00100,00100,MEDICAL DIRECTOR
619,S100003,00100,00300,MEDICAL DIRECTOR
619,S100003,00100,00500,LAB DIRECTOR
619,S100003,00101,00100,EXEC. DIRECTOR
619,S100003,00101,00300,PROCUREMENT COORDINATOR
619,S100003,00101,00500,TECHNICIANS
619,S100003,00102,00100,CLERICAL
619,S100003,00102,00300,PRESERVATION TECHNICIANS
619,S100003,00102,00500,TISSUE TYPING TECH.
619,S100003,00103,00100,OTHER
619,S100003,00103,00300,OTHER
619,S100003,00103,00500,OTHER
619,S200000,00100,00100,N
619,S200000,00200,00100,N
619,S200000,00300,00100,N
619,S200000,00400,00100,Y
619,S200000,00400,00200,A
619,S200000,00500,00100,Y
619,S200000,00600,00300,DIRECTOR  FINANCE
619,S200000,00700,00100,GIFT OF LIFE MICHIGAN
620,A000000,00100,00000,0100CAPITAL COSTS-BLDG & FIXT
620,A000000,00200,00000,0200CAPITAL COSTS-MVBLE EQUIPMENT
620,A000000,00300,00000,0300EMPLOYEE BENEFITS
620,A000000,00400,00000,0400ADMINISTRATIVE & GENERAL
620,A000000,00500,00000,0500OPERATION AND MAINTENANCE OF PLANT
620,A000000,00600,00000,0600HOUSEKEEPING
620,A000000,00700,00000,0700MEDICAL SUPPLIES
620,A000000,00800,00000,0800OTHER OVERHEAD
620,A000000,00900,00000,0900PROCUREMENT COORDINATORS
620,A000000,01000,00000,1000PROFESSIONAL EDUCATION
620,A000000,01100,00000,1100PUBLIC EDUCATION
620,A000000,01200,00000,1200OTHER ACQUISITION
620,A000000,01300,00000,1300KIDNEY ACQUISITIONS
620,A000000,01400,00000,1400TISSUE TYPING LABORATORY
620,A000000,01500,00000,1500LIVER ACQUISITIONS
620,A000000,01600,00000,1600HEART ACQUISITIONS
620,A000000,01700,00000,1700PANCREAS ACQUISITIONS
620,A000000,01800,00000,1800LUNG ACQUISITIONS
620,A000000,01900,00000,1900OTHER ACQUISITIONS
620,A000000,02100,00000,2100RESEARCH
620,A000000,02200,00000,2200BLOOD BANK
620,A000000,02300,00000,2300LABORATORY-NON-TISSUE TYPING
620,A000000,02400,00000,2400DIALYSIS UNITS
620,A000000,02500,00000,2500FOUNDATION
620,A000000,02501,00000,2501BONE & TISSUE
620,A100000,01700,00000,POSTAGE
620,A100000,01800,00000,BOOKS & SUBSCRIPTIONS
620,A100000,01901,00000,EQUIP MAINT & REPAIRS
620,A100000,01902,00000,COMPUTER SUPPORT
620,A100000,01903,00000,AUTO EXPENSE
620,A100000,01904,00000,DUES & EXPENSE
620,A100000,01905,00000,BAD DEBTS
620,A100000,01906,00000,CONSULTANT
620,A100000,01907,00000,RECRUITMENT EXPENSE
620,A100000,01908,00000,QUALITY OF WORK LIFE
620,A100000,01909,00000,PRINTING
620,A100000,01910,00000,BANKCHARGES
620,A100000,01911,00000,INTEREST
620,A100000,01912,00000,PART TIME PERSONNEL
620,A100000,01913,00000,BAD DEBTS
620,A20H000,02100,00000,TRANSPORTATION SURGEONS
620,A20K000,02100,00000,TRANSPORTATION SURGEONS
620,A20K000,02101,00000,BIOPSY OH
620,A20L000,00900,00000,OTHER
620,A20L000,02100,00000,TRANSPORTATION SURGEONS
620,A20O000,00900,00000,OTHER
620,A20P000,02100,00000,TRANSPORTATION SURGEONS
620,A20U000,02100,00000,TRANSPORTATIONSURGEONS
620,A300000,00600,00000,OTHER TISUE TYPING COST
620,A300000,00700,00000,BLOOD BANK REAGENTS
620,A300000,00800,00000,HLA REAGENTS
620,A300000,00900,00000,AMORTIZATION OF LAB SOFTWARE
620,A400010,00100,00000,TISSUE OVERHEAD RECLASS
620,A400010,00100,00100,A
620,A400010,00100,00200,BONE & TISSUE
620,A400010,00100,00500,PROCUREMENT COORDINATORS
620,A500010,00800,00100,B
620,A500010,00800,00300,OTHER ACQUISITION
620,A500010,01603,00000,NON-ALLOWABLE EXPENSES
620,A500010,01603,00100,A
620,A500010,01603,00300,ADMINISTRATIVE & GENERAL
620,A500010,01604,00000,MOLECULAR LAB
620,A500010,01604,00100,A
620,A500010,01604,00300,CAPITAL COSTS-BLDG & FIXT
620,A500010,01605,00000,OTHER INCOME
620,A500010,01605,00100,B
620,A500010,01605,00300,ADMINISTRATIVE & GENERAL
620,A500010,01606,00000,BAD DEBT TISSUE
620,A500010,01606,00100,A
620,A500010,01606,00300,BONE & TISSUE
620,A500010,01607,00000,LEGISLATIVE LOBBYING
620,A500010,01607,00100,A
620,A500010,01607,00300,ADMINISTRATIVE & GENERAL
620,A500010,01608,00000,BAD DEBT - GENERAL
620,A500010,01608,00100,A
620,A500010,01608,00300,ADMINISTRATIVE & GENERAL
620,A51000A,00100,00100,Y
620,A51000B,00100,00200,FOUNDATION
620,A51000B,00100,00300,FOUNDATION COSTS
620,A51000C,00100,00100,C
620,A51000C,00100,00400,SHARING NETWORK FOUNDATION
620,A51000C,00100,00600,FOUNDATION
620,A60000A,00700,00000,LEASEHOLD IMPROVEMENTS
620,A60000B,00800,00000,LEASEHOLDIMPROVEMENT
620,A60000C,00500,00100,N
620,B10000*,00100,00200,CAP BLDG
620,B10000*,00100,00300,CAP COSTS
620,B10000*,00100,00400,EMPLOYEE
620,B10000*,00100,00500,MEDICAL
620,B10000*,00100,00800,ORGAN
620,B10000*,00100,01000,ADMIN &
620,B10000*,00200,00200,OP PLANT &
620,B10000*,00200,00300,MOVABLE
620,B10000*,00200,00400,BENEFITS
620,B10000*,00200,00500,SUPPLIES
620,B10000*,00200,00800,ACQUISITN
620,B10000*,00200,01000,GENERAL
620,B10000*,00300,00200,HOUSEKEEP
620,B10000*,00300,00300,EQUIPMENT
620,B10000*,00300,00800,COSTS
620,B10000*,00400,00200,SQUARE
620,B10000*,00400,00300,DOLLAR
620,B10000*,00400,00400,ADJUST
620,B10000*,00400,00500,COSTED
620,B10000*,00400,00800,NUMBER
620,B10000*,00400,01000,ACCUM
620,B10000*,00500,00200,FEET
620,B10000*,00500,00300,VALUE
620,B10000*,00500,00400,SALARIES
620,B10000*,00500,00500,REQUISIT
620,B10000*,00500,00800,ORGANS
620,B10000*,00500,01000,COSTS
620,B10000*,00600,00200,1
620,B10000*,00600,00300,2
620,B10000*,00600,00400,3
620,B10000*,00600,00500,3
620,B10000*,00600,00800,3
620,B10000*,00600,01000,3
620,B100000,00000,01000,X
620,E000000,00900,00000,CASH SURRENDER LIFE INSURANCE
620,E000000,02600,00000,OTHER FIXED ASSETS
620,E000000,03100,00000,RIGHT OF USE ASSETS - NET
620,E000000,03900,00000,LEASE LIABILITY
620,E000000,04100,00000,CURRENT PORTION OF LONG TERM DEBT
620,E000000,04600,00000,DEFERRED COMPENSATION
620,E000000,04700,00000,LONG TERM DEBT
620,E000000,04800,00000,LEASE LIABILITY
620,E100001,00700,00000,EST MEDICARE SETTLEMENT
620,E100001,00800,00000,OTHER PROCUREMENT REVENUE
620,E100001,00900,00000,TISSUE PROCUREMENTS
620,E100002,00300,00000,PAYROLL REIMBURSEMENTS
620,E100002,00400,00000,MOLECULAR LAB
620,E100002,00500,00000,NONREIMBURSABLE COSTS
620,E100002,00501,00000,INTEREST EXPENSE
620,E100002,00800,00000,SHARING NETWORK FOUNDATION EXPENSE
620,E100002,00900,00000,INVESTMENT EXPENSES
620,E100002,01000,00000,MISC ADJ
620,E200000,01500,00000,GRANTS FROM SHARING NETWORK FOUNDATI
620,E200000,01600,00000,LICENSE PLATE GRANTS
620,E200000,01700,00000,OTHER REVENUE
620,E200000,01800,00000,MISCELLANEOUS INCOME
620,E200000,01900,00000,INTEREST INCOME
620,E200000,02000,00000,INSURANCE SETTLEMENT
620,E200000,02100,00000,PAYROLL REIMBURSEMENTS
620,E200000,02200,00000,GAIN ON DISPOSAL OF PROPERTY
620,E200000,02300,00000,CASH SURRNDER VALUE OF LIFE INSUR
620,E200000,02600,00000,CASH SURRENDER VALUE OF LIFE INSUR
620,E200000,02700,00000,MOLECULAR RESEARCH LAB
620,E200000,02701,00000,GAIN/LOSS FROM INVESTMENTS
620,E200000,02702,00000,MISC EXPENSE
620,E200000,02703,00000,MEDICARE SETTLEMENT
620,S000000,00100,00100,X
620,S000000,00400,00100,1
620,S000000,00500,00100,05/30/2024
620,S000000,00600,00100,10001
620,S000000,00700,00100,N
620,S000000,00800,00100,N
620,S000000,01000,00100,4
620,S000001,00100,00100,NEW JERSEY ORGAN & TISSUE SHARING NE
620,S000001,00100,00200,31P001
620,S000001,00101,00100,691 CENTRAL AVENUE
620,S000001,00102,00100,NEW PROVIDENCE
620,S000001,00102,00200,NJ
620,S000001,00102,00300,07974
620,S000001,00200,00100,NEW JERSEY ORGAN & TISSUE SHARING NE
620,S000001,00200,00200,31HL01
620,S000001,00201,00100,691 CENTRAL AVENUE
620,S000001,00202,00100,NEW PROVIDENCE
620,S000001,00202,00200,NJ
620,S000001,00202,00300,07974
620,S000001,00300,00100,01/01/2023
620,S000001,00300,00200,12/31/2023
620,S000001,00400,00100,6
620,S000001,00400,00300,1
620,S000001,00400,00400,01/01/1984
620,S000001,00401,00300,2
620,S000001,00401,00400,01/01/1984
620,S000002,00100,00200,Y
620,S000002,00300,00100,DIRECTOR OF FINANCE
620,S000002,00400,00100,05/29/2024
620,S100001,00700,00100,N
620,S100001,00810,00000,INTESTINE
620,S100002,00400,00100,ABO TITER
620,S100002,00401,00100,ABO TYPE
620,S100002,00402,00100,ABSORB LUMINEX SINGLE ANTIGEN BEAD C
620,S100002,00403,00100,ABSORB LUMINEX SINGLE ANTIGEN BEAD C
620,S100002,00404,00100,AUTOCROSSMATCH  T AND B CELLS  (FLOW
620,S100002,00405,00100,AUTOCROSSMATCH  T AND B CELLS  (FLOW
620,S100002,00406,00100,AUTOCROSSMATCH  T AND B CELLS  AHG O
620,S100002,00407,00100,DNA REFLEX TESTING
620,S100002,00408,00100,DNA CLASS I  HIGH RESOLUTION (SEND O
620,S100002,00409,00100,DNA CLASS II  HIGH RESOLUTION (SEND
620,S100002,00410,00100,DP-DNA HLA CLASS II TYPING
620,S100002,00411,00100,DQA - DNA HLA CLASS II TYPING
620,S100002,00412,00100,FINAL MAJOR CROSSMATCH  CLASS I AND
620,S100002,00413,00100,FINAL MAJOR CROSSMATCH  T AND B CELL
620,S100002,00414,00100,FLOW NON PRONASE T CELL AUTO CROSSMA
620,S100002,00415,00100,FLOW NON PRONASE T CELL MAJOR CROSSM
620,S100002,00416,00100,FLOW NON PRONASE T CELL MAJOR CROSSM
620,S100002,00417,00100,FLOW NON PRONASE T CELL MAJOR CROSSM
620,S100002,00418,00100,HLA ANTIBODY SCREENING  CLASS I (FLO
620,S100002,00419,00100,HLA ANTIBODY SCREENING  CLASS II (FL
620,S100002,00420,00100,HLA CLASS I LSPRA
620,S100002,00421,00100,HLA CLASS I TYPING  SEROLOGICAL OR D
620,S100002,00422,00100,HLA CLASS II LSPRA
620,S100002,00423,00100,HLA CLASS II TYPING  SEROLOGICAL OR
620,S100002,00424,00100,LRD OR IMPORT MAJOR X-MATCH  T AND B
620,S100002,00425,00100,LSPRA CLASS -I- ADSORB
620,S100002,00426,00100,LSPRA CLASS -II- ADSORB
620,S100002,00427,00100,LUMINEX SINGLE ANTIGEN BEAD C-I
620,S100002,00428,00100,LUMINEX SINGLE ANTIGEN BEAD C-II
620,S100002,00429,00100,LYMPHOCYTE CRYOPRESERVATION PROTOCOL
620,S100002,00430,00100,OFF HOURS STAT FEE
620,S100002,00431,00100,RBC ANTIBODY ID
620,S100002,00432,00100,RBC ANTIBODY SCREENING
620,S100002,00433,00100,RENAL ABSORB FLOW PRA I
620,S100002,00434,00100,RENAL ABSORB FLOW PRA II
620,S100002,00435,00100,RH TYPE
620,S100002,00436,00100,SAMPLE HANDLING CHARGES
620,S100002,00437,00100,VIRTUAL CROSSMATCH PREDICTIVE ALGORI
620,S100002,00438,00100,RBC AB SCREEN
620,S100002,00439,00100,LUMINEX SINGLE ANTIGEN BEAD C-I 1:16
620,S100002,00440,00100,LUMINEX SINGLE ANTIGEN BEAD C-II 1:1
620,S100002,00441,00100,ABSORB LUMINEX SINGLE ANTIGEN BEAD C
620,S100002,00442,00100,ABSORB LUMINEX SINGLE ANTIGEN BEAD C
620,S100002,00443,00100,MELON COLUMN TREATMENT
620,S100002,00444,00100,VIRTUAL CROSSMATCH FEE
620,S100002,00445,00100,RE-ANALYSIS FEE
620,S100003,00100,00100,MEDICAL DIRECTOR
620,S100003,00100,00300,MEDICAL DIRECTOR
620,S100003,00100,00500,LAB DIRECTOR
620,S100003,00101,00100,EXEC. DIRECTOR
620,S100003,00101,00300,PROCUREMENT COORDINATOR
620,S100003,00101,00500,TECHNICIANS
620,S100003,00102,00100,CLERICAL
620,S100003,00102,00300,PRESERVATION TECHNICIANS
620,S100003,00102,00500,TISSUE TYPING TECH.
620,S100003,00103,00100,OTHER
620,S100003,00103,00300,OTHER
620,S100003,00103,00500,OTHER
620,S200000,00100,00100,N
620,S200000,00200,00100,N
620,S200000,00300,00100,Y
620,S200000,00400,00100,Y
620,S200000,00400,00200,A
620,S200000,00500,00100,Y
620,S200000,00600,00300,DIRECTOR OF FINANCE
620,S200000,00700,00100,NJ SHARING NETWORK
623,A000000,00100,00000,0100CAPITAL COSTS-BLDG & FIXT
623,A000000,00200,00000,0200CAPITAL COSTS-MVBLE EQUIPMENT
623,A000000,00300,00000,0300EMPLOYEE BENEFITS
623,A000000,00400,00000,0400ADMINISTRATIVE & GENERAL
623,A000000,00500,00000,0500OPERATION AND MAINTENANCE OF PLANT
623,A000000,00600,00000,0600HOUSEKEEPING
623,A000000,00700,00000,0700MEDICAL SUPPLIES
623,A000000,00800,00000,0800OTHER OVERHEAD
623,A000000,00900,00000,0900PROCUREMENT COORDINATORS
623,A000000,01000,00000,1000PROFESSIONAL EDUCATION
623,A000000,01100,00000,1100PUBLIC EDUCATION
623,A000000,01200,00000,1200DONOR RESOURCE CENTER
623,A000000,01300,00000,1300KIDNEY ACQUISITIONS
623,A000000,01400,00000,1400TISSUE TYPING LABORATORY
623,A000000,01500,00000,1500LIVER ACQUISITIONS
623,A000000,01600,00000,1600HEART ACQUISITIONS
623,A000000,01700,00000,1700PANCREAS ACQUISITIONS
623,A000000,01800,00000,1800LUNG ACQUISITIONS
623,A000000,01900,00000,1900HEART LUNG
623,A000000,01901,00000,1901SMALL BOWEL OR INTESTINE
623,A000000,01902,00000,1902TISSUE
623,A000000,02100,00000,2100RESEARCH
623,A000000,02200,00000,2200BLOOD BANK
623,A000000,02300,00000,2300LABORATORY-NON-TISSUE TYPING
623,A000000,02400,00000,2400DIALYSIS UNITS
623,A000000,02500,00000,2500OTHER NON-REIMBURSABLE - TISSUE
623,A100000,01700,00000,UTILITIES
623,A100000,01800,00000,OTHER PROFESSIONAL SERVICES
623,A100000,01900,00000,TOTAL OTHER OPERATING EXPENSES
623,A100000,01901,00000,ROUNDING  IMMATERIAL
623,A20H000,00900,00000,OTHER EXCISION HOSPITAL
623,A20H000,00901,00000,CASE RATES
623,A20H000,00902,00000,SEROLOGY
623,A20H000,00903,00000,MED UNSUITABLE / POTENTIAL DONOR
623,A20H000,00904,00000,HEART CATH
623,A20H000,02100,00000,OTHER ACQUISITION COSTS
623,A20H000,02101,00000,CONSULTING
623,A20H000,02102,00000,CARDIOLOGY
623,A20H000,02103,00000,SURGEON FEE - RESEARCH ORGAN
623,A20K000,00900,00000,OTHER EXCISION HOSPITAL
623,A20K000,00901,00000,CASE RATES
623,A20K000,00902,00000,SEROLOGY
623,A20K000,00903,00000,MED UNSUITABLE / POTENTIAL DONOR
623,A20K000,02100,00000,OTHER ACQUISITION COSTS
623,A20K000,02101,00000,CONSULTING
623,A20K000,02102,00000,BIOPSY
623,A20K000,02103,00000,SURGEON FEES - RESEARCH ORGAN
623,A20K000,02104,00000,TRANSPORTATION
623,A20L000,00900,00000,OTHER EXCISION HOSPITAL
623,A20L000,00901,00000,CASE RATES
623,A20L000,00902,00000,SEROLOGY
623,A20L000,00903,00000,MED UNSUITABLE / POTENTIAL DONOR
623,A20L000,02100,00000,OTHER ACQUISITION COSTS
623,A20L000,02101,00000,CONSULTING
623,A20L000,02102,00000,BIOPSY
623,A20L000,02103,00000,SURGEON FEES - RESEARCH ORGANS
623,A20O000,00900,00000,CASE RATES
623,A20O000,00901,00000,SEROLOGY
623,A20O000,00902,00000,CARDIOLOGY - HEART CATH
623,A20O000,02100,00000,CONSULTING
623,A20O000,02101,00000,CARDIOLOGY
623,A20O001,00900,00000,OTHER EXCISION HOSPITAL
623,A20O001,00901,00000,CASE RATES
623,A20O001,00902,00000,SERIOLOGY
623,A20O001,00903,00000,MED UNSUITABLE / POTENTIAL DONOR
623,A20O001,02100,00000,CONSULTING
623,A20O001,02101,00000,SURGEON FEES - RESEARCH ORGANS
623,A20O002,00900,00000,CASE RATES OR FLAT RATES
623,A20O002,00901,00000,SEROLOGY
623,A20O002,00902,00000,MED UNSUITABLE / POTENTIAL DONOR
623,A20O002,02100,00000,CONSULTING
623,A20O002,02101,00000,SURGEON FEES RESEARCH ORGAN
623,A20O003,00901,00000,TISSUE DIRECTS
623,A20P000,00900,00000,OTHER EXCISION HOSPITAL
623,A20P000,00901,00000,CASE RATES
623,A20P000,00902,00000,SEROLOGY
623,A20P000,00903,00000,MEDICALLY UNSUITABLE
623,A20P000,02100,00000,CONSULTING
623,A20P000,02101,00000,SURGEON FEES - RESEARCH ORGANS
623,A20P000,02102,00000,CARDIOLOGY PROF FEES
623,A20U000,00900,00000,OTHER EXCISION HOSPITAL
623,A20U000,00901,00000,CASE RATES
623,A20U000,00902,00000,SEROLOGY
623,A20U000,00903,00000,MEDICALLY UNSUITABLE
623,A20U000,02100,00000,CONSULTING
623,A20U000,02101,00000,CARDIOLOGY PROF FEES
623,A400010,00100,00000,RECLASS TISSUE DIRECTS
623,A400010,00100,00100,A
623,A400010,00100,00200,OTHER NON-REIMBURSABLE - TISSUE
623,A400010,00100,00500,TISSUE
623,A400010,00200,00000,RECLASS LEASE COSTS
623,A400010,00200,00100,B
623,A400010,00200,00200,CAPITAL COSTS-BLDG & FIXT
623,A400010,00200,00500,ADMINISTRATIVE & GENERAL
623,A400010,00300,00000,RECLASS TISSUE EQUIV COSTS
623,A400010,00300,00100,F
623,A400010,00300,00200,OTHER NON-REIMBURSABLE - TISSUE
623,A400010,00300,00500,PUBLIC EDUCATION
623,A400010,00400,00000,RECLASS TISSUE EQUIV COSTS
623,A400010,00400,00100,F
623,A400010,00400,00500,PROFESSIONAL EDUCATION
623,A400010,00500,00000,RECLASS TISSUE EQUIV COSTS
623,A400010,00500,00100,F
623,A400010,00500,00500,DONOR RESOURCE CENTER
623,A400010,00600,00000,RECLASS TISSUE EQUIV COSTS
623,A400010,00600,00100,F
623,A400010,00600,00500,PROCUREMENT COORDINATORS
623,A400010,00700,00000,RECLASS KIDNEY PUMP VEHICLES
623,A400010,00700,00100,G
623,A400010,00700,00200,KIDNEY ACQUISITIONS
623,A400010,00700,00500,CAPITAL COSTS-MVBLE EQUIPMENT
623,A400010,00800,00000,SQ FOOTAGE A&G
623,A400010,00800,00100,H
623,A400010,00800,00200,ADMINISTRATIVE & GENERAL
623,A400010,00800,00500,CAPITAL COSTS-BLDG & FIXT
623,A400010,00900,00000,SQ FOOTAGE A&G
623,A400010,00900,00100,H
623,A400010,00900,00200,ADMINISTRATIVE & GENERAL
623,A400010,00900,00500,CAPITAL COSTS-MVBLE EQUIPMENT
623,A400010,01000,00000,TISSUE VEHICLE DEPRECIATION RECLASS
623,A400010,01000,00100,I
623,A400010,01000,00200,OTHER NON-REIMBURSABLE - TISSUE
623,A400010,01000,00500,CAPITAL COSTS-MVBLE EQUIPMENT
623,A400010,01100,00000,KIDNEY PERFUSION OFFICE LEASE
623,A400010,01100,00100,J
623,A400010,01100,00200,KIDNEY ACQUISITIONS
623,A400010,01100,00500,PROCUREMENT COORDINATORS
623,A500010,00800,00100,B
623,A500010,00800,00300,PROCUREMENT COORDINATORS
623,A500010,01000,00300,PUBLIC EDUCATION
623,A500010,01500,00000,CALL CENTER SERVICE FEES
623,A500010,01500,00100,B
623,A500010,01500,00300,DONOR RESOURCE CENTER
623,A500010,01600,00000,NON-ALLOW - CORP ADMIN
623,A500010,01600,00100,A
623,A500010,01600,00300,ADMINISTRATIVE & GENERAL
623,A500010,01601,00000,NON-ALLOW - DONATION SYSTEMS
623,A500010,01601,00100,A
623,A500010,01601,00300,PROFESSIONAL EDUCATION
623,A500010,01602,00000,NON-ALLOW - ORGAN OPERATIONS
623,A500010,01602,00100,A
623,A500010,01602,00300,PROCUREMENT COORDINATORS
623,A500010,01603,00000,NON-ALLOW - CALL CENTER
623,A500010,01603,00100,A
623,A500010,01603,00300,DONOR RESOURCE CENTER
623,A500010,01604,00000,NON-ALLOW - TISSUE
623,A500010,01604,00100,A
623,A500010,01604,00300,OTHER NON-REIMBURSABLE - TISSUE
623,A500010,01606,00000,DEPRECIATION - CAPITALIZED INTEREST
623,A500010,01606,00100,A
623,A500010,01606,00300,CAPITAL COSTS-BLDG & FIXT
623,A500010,01608,00000,NON-ALLOW - PUBLIC EDUC
623,A500010,01608,00100,A
623,A500010,01608,00300,PUBLIC EDUCATION
623,A51000A,00100,00100,N
623,A60000A,00700,00000,LEASEHOLD IMPROVEMENTS
623,A60000A,00701,00000,MEDICAL EQUIPMENT
623,A60000A,00702,00000,FURNITURE
623,A60000A,00703,00000,PHONE SYSTEM
623,A60000A,00704,00000,OFFICE EQUIPMENT
623,A60000A,00705,00000,CIP - NEW BUILDING
623,A60000A,00706,00000,LEASED ASSETS - OPERATING & CAPITAL
623,A60000B,00800,00000,LEASEHOLD IMPROVEMENTS
623,A60000B,00801,00000,FURNITURE
623,A60000B,00802,00000,MEDICAL & OFFICE EQUIPMENT
623,A60000B,00803,00000,PHONE SYSTEM
623,A60000C,00500,00100,N
623,B10000*,00100,00200,CAP BLDG
623,B10000*,00100,00300,CAP COSTS
623,B10000*,00100,00400,EMPLOYEE
623,B10000*,00100,00500,MEDICAL
623,B10000*,00100,00800,ORGAN
623,B10000*,00100,01000,ADMIN &
623,B10000*,00200,00200,OP PLANT &
623,B10000*,00200,00300,MOVABLE
623,B10000*,00200,00400,BENEFITS
623,B10000*,00200,00500,SUPPLIES
623,B10000*,00200,00800,ACQUISITN
623,B10000*,00200,01000,GENERAL
623,B10000*,00300,00200,HOUSEKEEP
623,B10000*,00300,00300,EQUIPMENT
623,B10000*,00300,00800,COSTS
623,B10000*,00400,00200,SQUARE
623,B10000*,00400,00300,DOLLAR
623,B10000*,00400,00400,ADJUST
623,B10000*,00400,00500,COSTED
623,B10000*,00400,00800,NUMBER
623,B10000*,00400,01000,ACCUM
623,B10000*,00500,00200,FEET
623,B10000*,00500,00300,VALUE
623,B10000*,00500,00400,SALARIES
623,B10000*,00500,00500,REQUISIT
623,B10000*,00500,00800,ORGANS
623,B10000*,00500,01000,COSTS
623,B10000*,00600,00200,1
623,B10000*,00600,00300,2
623,B10000*,00600,00400,3
623,B10000*,00600,00500,3
623,B10000*,00600,00800,3
623,B10000*,00600,01000,3
623,B100000,00000,01000,X
623,E000000,00900,00000,OTHER CURRENT ASSETS
623,E000000,02600,00000,CIP - BUILDING
623,E000000,03100,00000,DUE FROM (TO) MEDICARE
623,E000000,03900,00000,ACCRUED PAYABLES
623,E000000,04100,00000,LEASE LIABILITIES - OPER & CAPITAL
623,E100001,00700,00000,RESEARCH INCOME
623,E100001,00800,00000,REFERRAL INCOME
623,E100001,00900,00000,TISSUE REVENUE
623,E200000,02000,00000,GAIN ON DISPOSAL OF ASSETS
623,E200000,02100,00000,CHANGE IN MARKET VALUE OF INVESTMENT
623,E200000,02200,00000,CHARITABLE CONTRIBUTIONS
623,E200000,02300,00000,SEMINAR FEES
623,E200000,02301,00000,ROUNDING
623,E200000,02600,00000,LOSS ON DISPOSAL OF ASSETS
623,E200000,02700,00000,INTEREST EXPENSE
623,S000000,00100,00100,X
623,S000000,00400,00100,1
623,S000000,00500,00100,05/30/2024
623,S000000,00600,00100,10001
623,S000000,00700,00100,N
623,S000000,00800,00100,N
623,S000000,01000,00100,4
623,S000001,00100,00100,LIFEGIFT
623,S000001,00100,00200,45P003
623,S000001,00101,00100,2510 WESTRIDGE STREET
623,S000001,00102,00100,HOUSTON
623,S000001,00102,00200,TX
623,S000001,00102,00300,77054
623,S000001,00300,00100,01/01/2023
623,S000001,00300,00200,12/31/2023
623,S000001,00400,00100,6
623,S000001,00400,00300,1
623,S000001,00400,00400,10/01/1987
623,S000001,00401,00300,1
623,S000002,00100,00200,Y
623,S000002,00300,00100,SR. EXECUTIVE VICE PRESIDENT / CFO
623,S000002,00400,00100,05/29/2024
623,S100001,00700,00100,N
623,S100001,00810,00000,LIVER SEGMENT
623,S100001,00811,00000,OTHER TISSUES
623,S100001,00812,00000,SMALL BOWEL
623,S100001,00813,00000,NON-RENAL RESEARCH
623,S100003,00100,00100,MEDICAL DIRECTOR
623,S100003,00100,00300,MEDICAL DIRECTOR
623,S100003,00100,00500,LAB DIRECTOR
623,S100003,00101,00100,EXEC. DIRECTOR
623,S100003,00101,00300,PROCUREMENT COORDINATOR
623,S100003,00101,00500,TECHNICIANS
623,S100003,00102,00100,CLERICAL
623,S100003,00102,00300,PRESERVATION TECHNICIANS
623,S100003,00102,00500,TISSUE TYPING TECH.
623,S100003,00103,00100,ADMIN
623,S100003,00103,00300,DONOR RESOURCE CENTER
623,S100003,00103,00500,OTHER
623,S200000,00100,00100,N
623,S200000,00200,00100,N
623,S200000,00300,00100,N
623,S200000,00400,00100,Y
623,S200000,00400,00200,A
623,S200000,00400,00300,06/30/2024
623,S200000,00500,00100,N
623,S200000,00600,00300,SR EXEC VP & CFO
623,S200000,00700,00100,LIFEGIFT
625,A000000,00100,00000,0100CAPITAL COSTS-BLDG & FIXT
625,A000000,00200,00000,0200CAPITAL COSTS-MVBLE EQUIPMENT
625,A000000,00300,00000,0300EMPLOYEE BENEFITS
625,A000000,00400,00000,0400ADMINISTRATIVE & GENERAL
625,A000000,00500,00000,0500OPERATION AND MAINTENANCE OF PLANT
625,A000000,00600,00000,0600HOUSEKEEPING
625,A000000,00700,00000,0700MEDICAL SUPPLIES
625,A000000,00900,00000,0900PROCUREMENT COORDINATORS
625,A000000,01000,00000,1000PROFESSIONAL EDUCATION
625,A000000,01100,00000,1100PUBLIC EDUCATION
625,A000000,01300,00000,1300KIDNEY ACQUISITIONS
625,A000000,01400,00000,1400TISSUE TYPING LABORATORY
625,A000000,01500,00000,1500LIVER ACQUISITIONS
625,A000000,01600,00000,1600HEART ACQUISITIONS
625,A000000,01700,00000,1700PANCREAS ACQUISITIONS
625,A000000,01800,00000,1800LUNG ACQUISITIONS
625,A000000,01900,00000,1900SM BOWEL
625,A000000,01901,00000,1901HEART\LUNG
625,A000000,02100,00000,2100RESEARCH
625,A000000,02200,00000,2200BLOOD BANK
625,A000000,02300,00000,2300LABORATORY-NON-TISSUE TYPING
625,A000000,02400,00000,2400DIALYSIS UNITS
625,A000000,02500,00000,2500TISSUE
625,A000000,02501,00000,2501CFL
625,A000000,02502,00000,2502DMV
625,A000000,02503,00000,2503FOUNDATION
625,A100000,01700,00000,AUTO
625,A100000,01800,00000,OTHER
625,A100000,01900,00000,REPAIRS AND MAINTENANCE
625,A100000,01901,00000,FOUNDATION OVERHEAD RECLASS
625,A100000,01902,00000,BAD DEBT EXPENSE
625,A100000,01903,00000,INTERCOMPANY EXPENSE
625,A100000,01904,00000,MANAGEMENT SERVICES
625,A20H000,00900,00000,OTHER HOSPITAL OR
625,A20H000,00901,00000,EVAL COSTS
625,A20H000,00902,00000,EKG
625,A20H000,02100,00000,SEROLOGY RADIOLOGY OTHER
625,A20H000,02101,00000,BIOPSY
625,A20H000,02102,00000,CONSULTS
625,A20H000,02103,00000,ECHOS
625,A20H000,02104,00000,CARDIAC CATH
625,A20K000,00900,00000,OTHER HOSPITAL OR
625,A20K000,00901,00000,EVAL COSTS
625,A20K000,02100,00000,SEROLOGIES  RADIOLOGY OTHER
625,A20K000,02101,00000,BIOPSIES
625,A20K000,02102,00000,CONSULTS
625,A20L000,00900,00000,OTHER HOSPITAL OR
625,A20L000,00901,00000,EVAL COSTS
625,A20L000,02100,00000,SEROLOGIES RADIOLOGY OTHER
625,A20L000,02101,00000,BIOPSIES
625,A20L000,02102,00000,CONSULT
625,A20O000,00900,00000,OTHER HOSPITAL OR
625,A20O000,00901,00000,EVAL COSTS
625,A20O000,02100,00000,SEROLOGY RADIOLOGY OTHER
625,A20O000,02101,00000,BIOPSY
625,A20O000,02102,00000,CONSULTS
625,A20P000,00900,00000,OTHER HOSPITAL OR
625,A20P000,00901,00000,EVAL COSTS
625,A20P000,02100,00000,SEROLOGY RADIOLOGY OTHER
625,A20P000,02101,00000,BIOPSY
625,A20P000,02102,00000,CONSULTS
625,A20U000,00900,00000,OTHER HOSPITAL OR
625,A20U000,00901,00000,EVAL COSTS
625,A20U000,02100,00000,SEROLOGY RADIOLOGY OTHER
625,A20U000,02101,00000,BIOPSY
625,A20U000,02102,00000,CONSULTS
625,A300000,00600,00000,SUPPLIES
625,A300000,00700,00000,OFFICE SUPPLIES
625,A300000,00800,00000,TELEPHONE
625,A300000,00900,00000,MEETINGS AND MILEAGE
625,A300000,01000,00000,DUES AND CONT ED
625,A300000,01001,00000,REPAIRS AND MAINTENANCE
625,A300000,01002,00000,DEPRECIATION
625,A300000,01003,00000,DATA PROCESSING
625,A300000,01004,00000,MISC LAB EXPENSES
625,A400010,00100,00000,TELEPHONE EXPENSES
625,A400010,00100,00100,A
625,A400010,00100,00200,ADMINISTRATIVE & GENERAL
625,A400010,00100,00500,PROCUREMENT COORDINATORS
625,A400010,00200,00000,TELEPHONE EXPENSES
625,A400010,00200,00100,A
625,A400010,00200,00200,TISSUE TYPING LABORATORY
625,A400010,00300,00000,TELEPHONE EXPENSES
625,A400010,00300,00100,A
625,A400010,00300,00200,TISSUE
625,A400010,00400,00000,LEASEHOLD IMPROVE RECLASS
625,A400010,00400,00100,B
625,A400010,00400,00200,CAPITAL COSTS-BLDG & FIXT
625,A400010,00400,00500,CAPITAL COSTS-MVBLE EQUIPMENT
625,A400010,00500,00000,TISSUE ALLOCATION
625,A400010,00500,00100,C
625,A400010,00500,00200,TISSUE
625,A400010,00500,00500,PROCUREMENT COORDINATORS
625,A400010,00600,00000,TISSUE ALLOCATION
625,A400010,00600,00100,C
625,A400010,00600,00500,PROFESSIONAL EDUCATION
625,A400010,00700,00000,TISSUE ALLOCATION
625,A400010,00700,00100,C
625,A400010,00700,00500,PUBLIC EDUCATION
625,A400010,00800,00000,A&G OCCUPANCY RECLASS
625,A400010,00800,00100,D
625,A400010,00800,00200,ADMINISTRATIVE & GENERAL
625,A400010,00800,00500,CAPITAL COSTS-BLDG & FIXT
625,A400010,00900,00000,A&G OCCUPANCY RECLASS
625,A400010,00900,00100,D
625,A400010,00900,00500,CAPITAL COSTS-MVBLE EQUIPMENT
625,A400010,01000,00000,FOUNDATION OVERHEAD EXP RECLASS
625,A400010,01000,00100,F
625,A400010,01000,00200,ADMINISTRATIVE & GENERAL
625,A400010,01000,00500,FOUNDATION
625,A400010,01100,00000,FOUNDATION INVESTMENT FEES
625,A400010,01100,00100,G
625,A400010,01100,00200,ADMINISTRATIVE & GENERAL
625,A400010,01100,00500,FOUNDATION
625,A500010,00200,00100,B
625,A500010,00200,00300,ADMINISTRATIVE & GENERAL
625,A500010,00800,00100,A
625,A500010,00800,00300,PROCUREMENT COORDINATORS
625,A500010,01200,00100,B
625,A500010,01200,00300,CAPITAL COSTS-BLDG & FIXT
625,A500010,01505,00000,INTERCOMPANY EXPENSE
625,A500010,01505,00100,A
625,A500010,01505,00300,ADMINISTRATIVE & GENERAL
625,A500010,01600,00000,NONREIMBURSABLE EXPENSE - ADMIN
625,A500010,01600,00100,A
625,A500010,01600,00300,ADMINISTRATIVE & GENERAL
625,A500010,01601,00000,NONREIMBURSABLE EXPENSE PROC COORD
625,A500010,01601,00100,A
625,A500010,01601,00300,PROCUREMENT COORDINATORS
625,A500010,01602,00000,NONREIMBURSABLE EXPENSE DPD
625,A500010,01602,00100,A
625,A500010,01602,00300,PROFESSIONAL EDUCATION
625,A500010,01604,00000,NONREIMBURSABLE EXPENSE - KIDNEY
625,A500010,01604,00100,A
625,A500010,01604,00300,KIDNEY ACQUISITIONS
625,A500010,01605,00000,NONREIMBURSABLE EXPENSE - DEPRECIATI
625,A500010,01605,00100,A
625,A500010,01605,00300,CAPITAL COSTS-MVBLE EQUIPMENT
625,A500010,01606,00000,NONREIMBURSABLE EXPENSE - LAB
625,A500010,01606,00100,A
625,A500010,01606,00300,TISSUE TYPING LABORATORY
625,A500010,01607,00000,NONREIMBURSABLE EXPENSE - TISSUE
625,A500010,01607,00100,A
625,A500010,01607,00300,TISSUE
625,A500010,01609,00000,KIDNEY LIVING DONOR
625,A500010,01609,00100,B
625,A500010,01609,00300,KIDNEY ACQUISITIONS
625,A500010,01610,00000,ALLOWABLE INVESTMENT FEES
625,A500010,01610,00100,A
625,A500010,01610,00300,ADMINISTRATIVE & GENERAL
625,A500010,01611,00000,HP III BUILDING LEASED SPACE OFFSET
625,A500010,01611,00100,A
625,A500010,01611,00300,CAPITAL COSTS-BLDG & FIXT
625,A500010,01612,00000,BAD DEBT EXP
625,A500010,01612,00100,A
625,A500010,01612,00300,ADMINISTRATIVE & GENERAL
625,A500010,01613,00000,SHARED SERVICE REV - PE\BI
625,A500010,01613,00100,B
625,A500010,01613,00300,PROCUREMENT COORDINATORS
625,A51000A,00100,00100,Y
625,A51000B,00100,00200,CFL
625,A51000B,00100,00300,FOUNDATION
625,A51000B,00200,00200,FOUNDATION
625,A51000B,00200,00300,FOUNDATION
625,A51000B,00300,00200,CAPITAL COSTS-BLDG & FIXT
625,A51000B,00300,00300,HP III BLDG
625,A51000B,00400,00200,ADMINISTRATIVE & GENERAL
625,A51000B,00400,00300,LIFE LOGISTICS
625,A51000B,00401,00200,KIDNEY ACQUISITIONS
625,A51000B,00401,00300,LIFE LOGISTICS
625,A51000B,00402,00200,LIVER ACQUISITIONS
625,A51000B,00402,00300,LIFE LOGISTICS
625,A51000B,00403,00200,HEART ACQUISITIONS
625,A51000B,00403,00300,LIFE LOGISTICS
625,A51000B,00404,00200,PANCREAS ACQUISITIONS
625,A51000B,00404,00300,LIFE LOGISTICS
625,A51000B,00405,00200,LUNG ACQUISITIONS
625,A51000B,00405,00300,LIFE LOGISTICS
625,A51000B,00406,00200,SM BOWEL
625,A51000B,00406,00300,LIFE LOGISTICS
625,A51000B,00407,00200,HEART\LUNG
625,A51000B,00407,00300,LIFE LOGISTICS
625,A51000B,00408,00200,TISSUE
625,A51000B,00408,00300,LIFE LOGISTICS
625,A51000C,00100,00100,C
625,A51000C,00100,00400,LIFE LOGISTICS LLC
625,A51000C,00100,00600,AIR TRANSPORT
625,A51000C,00200,00100,C
625,A51000C,00200,00400,HIGHLANDS PLAZA THREE LLC
625,A51000C,00200,00600,PROPERTY MGMT
625,A51000C,00300,00100,C
625,A51000C,00300,00400,DONATE LIFE FOUNDATION
625,A51000C,00300,00600,FOUNDATION
625,A60000A,00700,00000,DF MEMORIAL
625,A60000A,00701,00000,CENTER FOR LIFE
625,A60000A,00702,00000,CIP
625,A60000A,00703,00000,LAB
625,A60000A,00704,00000,LIFE LOGISTICS
625,A60000A,00705,00000,LEASHOLD IMPROVEMENTS STL
625,A60000B,00800,00000,DF MEMORIAL
625,A60000B,00801,00000,CENTER FOR LIFE
625,A60000B,00803,00000,LAB
625,A60000B,00804,00000,LIFE LOGISTICS
625,A60000B,00805,00000,LEASEHOLD IMPROVEMENTS STL
625,A60000C,00500,00100,N
625,B10000*,00100,00200,CAP BLDG
625,B10000*,00100,00300,CAP COSTS
625,B10000*,00100,00400,EMPLOYEE
625,B10000*,00100,00500,MEDICAL
625,B10000*,00100,00800,ORGAN
625,B10000*,00100,01000,ADMIN &
625,B10000*,00200,00200,OP PLANT &
625,B10000*,00200,00300,MOVABLE
625,B10000*,00200,00400,BENEFITS
625,B10000*,00200,00500,SUPPLIES
625,B10000*,00200,00800,ACQUISITN
625,B10000*,00200,01000,GENERAL
625,B10000*,00300,00200,HOUSEKEEP
625,B10000*,00300,00300,EQUIPMENT
625,B10000*,00300,00800,COSTS
625,B10000*,00400,00200,SQUARE
625,B10000*,00400,00300,DOLLAR
625,B10000*,00400,00400,ADJUST
625,B10000*,00400,00500,COSTED
625,B10000*,00400,00800,NUMBER
625,B10000*,00400,01000,ACCUM
625,B10000*,00500,00200,FEET
625,B10000*,00500,00300,VALUE
625,B10000*,00500,00400,SALARIES
625,B10000*,00500,00500,REQUISIT
625,B10000*,00500,00800,ORGANS
625,B10000*,00500,01000,COSTS
625,B10000*,00600,00200,1
625,B10000*,00600,00300,2
625,B10000*,00600,00400,3
625,B10000*,00600,00500,3
625,B10000*,00600,00800,3
625,B10000*,00600,01000,3
625,B100000,00000,01000,X
625,E000000,00900,00000,CURRENT ASSETS - OTHER
625,E000000,02600,00000,OTHER FIXED ASSETS
625,E000000,03100,00000,OTHER ASSETS
625,E000000,03900,00000,BONDS PAYABLE
625,E000000,04600,00000,DEFFERED COMP
625,E000000,04700,00000,OTHER NONCURRENT LIABILITIES
625,E100001,00700,00000,ORGAN AND TISSUE PROCUREMENT
625,E100001,00800,00000,DONATIONS
625,E100001,00900,00000,RENT
625,E100001,00901,00000,OTHER
625,E100002,00300,00000,POST AUDIT AJE TRANSFERS
625,E100002,00400,00000,POST AUDIT AJE LAB REV\EXP
625,E100002,00500,00000,PRICE VARIANCE FOR TISSUE
625,E100002,00501,00000,ROUNDING
625,E100002,00800,00000,LAB EXPENSES
625,E100002,00900,00000,HP III RXP
625,E100002,01000,00000,FOUNDATION
625,E100002,01001,00000,ASSET DISPOSAL
625,E100002,01002,00000,REFUNDS\REIMBURSEMENTS
625,E200000,02000,00000,UNREALIZED GAIN\LOSS  ON INVESTMENTS
625,E200000,02100,00000,EARNINGS FROM RELATED ORGANIZATION
625,E200000,02600,00000,LOSS FROM RELATED ORGANIZATION
625,E200000,02700,00000,CONTRIBUTIONS TO RELATED ORG
625,E200000,02701,00000,INVESTMENT LOSS
625,S000000,00100,00100,X
625,S000000,00400,00100,1
625,S000000,00500,00100,05/29/2024
625,S000000,00600,00100,10001
625,S000000,00700,00100,N
625,S000000,00800,00100,N
625,S000000,01000,00100,4
625,S000001,00100,00100,MID-AMERICA TRANSPLANT SERVICES
625,S000001,00100,00200,26P002
625,S000001,00101,00100,1110 HIGHLANDS PLAZA DR E  STE 100
625,S000001,00102,00100,SAINT LOUIS
625,S000001,00102,00200,MO
625,S000001,00102,00300,63110
625,S000001,00200,00100,MID-AMERICA TRANSPLANT SERVICES
625,S000001,00200,00200,26HL06
625,S000001,00201,00100,1110 HIGHLANDS PLAZA DR E  STE 100
625,S000001,00202,00100,SAINT LOUIS
625,S000001,00202,00200,MO
625,S000001,00202,00300,63110
625,S000001,00300,00100,01/01/2023
625,S000001,00300,00200,12/31/2023
625,S000001,00400,00100,8
625,S000001,00400,00300,1
625,S000001,00400,00400,04/01/1988
625,S000001,00401,00300,2
625,S000002,00100,00200,Y
625,S000002,00300,00100,DIRECTOR  FINANCE AND ACCOUNTING
625,S000002,00400,00100,05/28/2024
625,S100001,00700,00100,N
625,S100001,00810,00000,SM BOWEL
625,S100001,00811,00000,VEIN\OTHER
625,S100002,00400,00100,HLA
625,S100003,00100,00100,MEDICAL DIRECTOR
625,S100003,00100,00300,MEDICAL DIRECTOR
625,S100003,00100,00500,LAB DIRECTOR
625,S100003,00101,00100,EXEC. DIRECTOR
625,S100003,00101,00300,PROCUREMENT COORDINATOR
625,S100003,00101,00500,TECHNICIANS
625,S100003,00102,00100,CLERICAL
625,S100003,00102,00300,PRESERVATION TECHNICIANS
625,S100003,00102,00500,TISSUE TYPING TECH.
625,S100003,00103,00100,OTHER
625,S100003,00103,00300,OTHER
625,S100003,00103,00500,OTHER
625,S200000,00100,00100,N
625,S200000,00200,00100,N
625,S200000,00300,00100,Y
625,S200000,00400,00100,Y
625,S200000,00400,00200,A
625,S200000,00500,00100,Y
625,S200000,00600,00300,DIRECTOR  FINANCE AND ACCOUNTING
625,S200000,00700,00100,MIDAMERICA TRANSPLANT
627,A000000,00100,00000,0100CAPITAL COSTS-BLDG & FIXT
627,A000000,00200,00000,0200CAPITAL COSTS-MVBLE EQUIPMENT
627,A000000,00300,00000,0300EMPLOYEE BENEFITS
627,A000000,00400,00000,0400ADMINISTRATIVE & GENERAL
627,A000000,00500,00000,0500OPERATION AND MAINTENANCE OF PLANT
627,A000000,00600,00000,0600HOUSEKEEPING
627,A000000,00700,00000,0700MEDICAL SUPPLIES
627,A000000,00800,00000,0800OTHER OVERHEAD
627,A000000,00900,00000,0900PROCUREMENT COORDINATORS
627,A000000,01000,00000,1000PROFESSIONAL EDUCATION
627,A000000,01100,00000,1100PUBLIC EDUCATION
627,A000000,01200,00000,1200OTHER ACQUISITION
627,A000000,01300,00000,1300KIDNEY ACQUISITIONS
627,A000000,01400,00000,1400TISSUE TYPING LABORATORY
627,A000000,01500,00000,1500LIVER ACQUISITIONS
627,A000000,01600,00000,1600HEART ACQUISITIONS
627,A000000,01700,00000,1700PANCREAS ACQUISITIONS
627,A000000,01800,00000,1800LUNG ACQUISITIONS
627,A000000,01900,00000,1900OTHER ACQUISITIONS
627,A000000,02100,00000,2100RESEARCH
627,A000000,02200,00000,2200BLOOD BANK
627,A000000,02300,00000,2300LABORATORY-NON-TISSUE TYPING
627,A000000,02400,00000,2400DIALYSIS UNITS
627,A000000,02500,00000,2500OTHER NON-REIMBURSABLE
627,A300000,00600,00000,LAB SUPPLIES
627,A300000,00601,00000,TRAVEL & MEETINGS
627,A300000,00602,00000,PURCHASED SERVICES
627,A300000,00603,00000,RELATED PARTY OVERHEAD BILLINGS
627,A300000,00604,00000,PURCHASED SERVICES
627,A300000,00605,00000,MEDICAL DIRECTOR
627,A300000,00606,00000,OFFICE SUPPLIES
627,A300000,00700,00000,FREIGHT
627,A500010,01600,00000,CROSSMATCHING CONTRACT
627,A500010,01600,00100,A
627,A500010,01600,00300,TISSUE TYPING LABORATORY
627,A51000A,00100,00100,Y
627,A51000B,00100,00200,TISSUE TYPING LABORATORY
627,A51000B,00100,00300,SANFORD BISMARCK
627,A51000C,00100,00100,C
627,A51000C,00100,00200,SANFORD BISMARCK
627,A51000C,00100,00400,SANFORD HEALTH
627,A51000C,00100,00600,HEALTHCARE
627,B10000*,00100,00200,CAP BLDG
627,B10000*,00100,00300,CAP COSTS
627,B10000*,00100,00400,EMPLOYEE
627,B10000*,00100,00500,MEDICAL
627,B10000*,00100,00800,ORGAN
627,B10000*,00100,01000,ADMIN &
627,B10000*,00200,00200,OP PLANT &
627,B10000*,00200,00300,MOVABLE
627,B10000*,00200,00400,BENEFITS
627,B10000*,00200,00500,SUPPLIES
627,B10000*,00200,00800,ACQUISITN
627,B10000*,00200,01000,GENERAL
627,B10000*,00300,00200,HOUSEKEEP
627,B10000*,00300,00300,EQUIPMENT
627,B10000*,00300,00800,COSTS
627,B10000*,00400,00200,SQUARE
627,B10000*,00400,00300,DOLLAR
627,B10000*,00400,00400,ADJUST
627,B10000*,00400,00500,COSTED
627,B10000*,00400,00800,NUMBER
627,B10000*,00400,01000,ACCUM
627,B10000*,00500,00200,FEET
627,B10000*,00500,00300,VALUE
627,B10000*,00500,00400,SALARIES
627,B10000*,00500,00500,REQUISIT
627,B10000*,00500,00800,ORGANS
627,B10000*,00500,01000,COSTS
627,B10000*,00600,00200,1
627,B10000*,00600,00300,2
627,B10000*,00600,00400,3
627,B10000*,00600,00500,3
627,B10000*,00600,00800,3
627,B10000*,00600,01000,3
627,B100000,00000,01000,X
627,S000000,00100,00100,X
627,S000000,00400,00100,1
627,S000000,00500,00100,05/31/2024
627,S000000,00600,00100,10001
627,S000000,00700,00100,N
627,S000000,00800,00100,N
627,S000000,01000,00100,4
627,S000001,00100,00100,SANFORD WEST HISTOCOMPABILITY LAB
627,S000001,00100,00200,35HL01
627,S000001,00101,00100,300 NORTH 7TH STREET
627,S000001,00102,00100,BISMARCK
627,S000001,00102,00200,ND
627,S000001,00102,00300,58501
627,S000001,00200,00100,SANFORD WEST HISTOCOMPABILITY LAB
627,S000001,00200,00200,35HL01
627,S000001,00201,00100,300 NORTH 7TH STREET
627,S000001,00202,00100,BISMARCK
627,S000001,00202,00200,ND
627,S000001,00202,00300,58501
627,S000001,00300,00100,01/01/2023
627,S000001,00300,00200,12/31/2023
627,S000001,00400,00100,6
627,S000001,00400,00300,2
627,S000001,00400,00400,01/01/1990
627,S000001,00401,00300,1
627,S000002,00100,00200,Y
627,S000002,00300,00100,CFO
627,S000002,00400,00100,05/30/2024
627,S100001,00700,00100,N
627,S100001,00810,00000,OTHER
627,S100002,00400,00100,HLA-A  B  C  DR  DQA  DQB  DP TYPING
627,S100002,00401,00100,SINGLE DR/DQ/DP
627,S100002,00402,00100,AUTO T & B CELL XM
627,S100002,00403,00100,ALLO T & B CELL XM
627,S100002,00404,00100,HLA ANTIBODY CLASS I
627,S100002,00405,00100,HLA ANTIBODY CLASS II
627,S100002,00406,00100,FLOW AUTO CROSSMATCH (FARGO)
627,S100002,00407,00100,FLOW ALLO CROSSMATCH (FARGO)86825
627,S100002,00408,00100,HLA B27
627,S100002,00409,00100,HLA PLT
627,S100002,00410,00100,CELIAC (DQ2 8)
627,S100002,00411,00100,NARCOLEPSY (DQ1*06:02)
627,S100002,00412,00100,LIFESOURCE: HLA-CLASS I/II TYPING (M
627,S100002,00413,00100,HLA A B  OR C SINGLE LOCUS TYPING
627,S100002,00414,00100,HLA DQ2 8 TYPING (CELIAC)
627,S100003,00100,00100,MEDICAL DIRECTOR
627,S100003,00100,00300,MEDICAL DIRECTOR
627,S100003,00100,00500,LAB DIRECTOR
627,S100003,00101,00100,EXEC. DIRECTOR
627,S100003,00101,00300,PROCUREMENT COORDINATOR
627,S100003,00101,00500,TECHNICIANS
627,S100003,00102,00100,CLERICAL
627,S100003,00102,00300,PRESERVATION TECHNICIANS
627,S100003,00102,00500,TISSUE TYPING TECH.
627,S100003,00103,00100,OTHER
627,S100003,00103,00300,OTHER
627,S100003,00103,00500,OTHER
627,S200000,00100,00100,N
627,S200000,00200,00100,N
627,S200000,00300,00100,Y
627,S200000,00400,00100,N
627,S200000,00500,00100,N
627,S200000,00600,00300,REIMBURSEMENT MANAGER
627,S200000,00700,00100,SANFORD
628,A000000,00100,00000,0100CAPITAL COSTS-BLDG & FIXT
628,A000000,00200,00000,0200CAPITAL COSTS-MVBLE EQUIPMENT
628,A000000,00300,00000,0300EMPLOYEE BENEFITS
628,A000000,00400,00000,0400ADMINISTRATIVE & GENERAL
628,A000000,00500,00000,0500OPERATION AND MAINTENANCE OF PLANT
628,A000000,00600,00000,0600HOUSEKEEPING
628,A000000,00700,00000,0700MEDICAL SUPPLIES
628,A000000,00800,00000,0800OTHER OVERHEAD
628,A000000,00900,00000,0900PROCUREMENT COORDINATORS
628,A000000,01000,00000,1000PROFESSIONAL EDUCATION
628,A000000,01100,00000,1100PUBLIC EDUCATION
628,A000000,01200,00000,1200OTHER ACQUISITION
628,A000000,01300,00000,1300KIDNEY ACQUISITIONS
628,A000000,01400,00000,1400TISSUE TYPING LABORATORY
628,A000000,01500,00000,1500LIVER ACQUISITIONS
628,A000000,01700,00000,1700PANCREAS ACQUISITIONS
628,A000000,01800,00000,1800LUNG ACQUISITIONS
628,A000000,01900,00000,1900OTHER ACQUISITIONS
628,A000000,02100,00000,2100RESEARCH
628,A000000,02200,00000,2200BLOOD BANK
628,A000000,02300,00000,2300LABORATORY-NON-TISSUE TYPING
628,A000000,02400,00000,2400DIALYSIS UNITS
628,A000000,02500,00000,2500OTHER NON-REIMBURSABLE
628,A100000,01700,00000,ADVERTISING
628,A100000,01800,00000,NON-ALLOWABLE EXPENSE
628,A100000,01900,00000,AUTO EXPENSE
628,A100000,01901,00000,DUES & SUBSCRIPTIONS
628,A300000,00600,00000,LAB SUPPLIES
628,A300000,00700,00000,LAB FEES
628,A300000,00800,00000,LAB COAT CLEANING/UNIFORMS
628,A300000,00900,00000,LAB EQUIPMENT LEASE
628,A400010,00100,00000,RECLASS TISSUE TYPING EXPENSE
628,A400010,00100,00100,A
628,A400010,00100,00200,TISSUE TYPING LABORATORY
628,A400010,00100,00500,CAPITAL COSTS-BLDG & FIXT
628,A400010,00200,00000,RECLASS TISSUE TYPING EXPENSE
628,A400010,00200,00100,A
628,A400010,00200,00500,CAPITAL COSTS-MVBLE EQUIPMENT
628,A400010,00300,00000,RECLASS TISSUE TYPING EXPENSE
628,A400010,00300,00100,A
628,A400010,00300,00500,EMPLOYEE BENEFITS
628,A500010,01500,00000,NON-ALLOWABLE EXPENSE
628,A500010,01500,00100,A
628,A500010,01500,00300,ADMINISTRATIVE & GENERAL
628,A500010,01501,00000,AUTO EXPENSE - 20% PERSONAL USAGE
628,A500010,01501,00100,A
628,A500010,01501,00300,ADMINISTRATIVE & GENERAL
628,A51000A,00100,00100,Y
628,A51000B,00100,00200,TISSUE TYPING LABORATORY
628,A51000B,00100,00300,LAB CONTRACT SERVICES
628,A51000C,00100,00100,A
628,A51000C,00100,00200,AFZAL NIKAEIN PHD
628,A51000C,00100,00400,TMS  INC MOLECULAR LAB
628,A51000C,00100,00600,MOLECULAR LAB
628,B10000*,00100,00200,CAP BLDG
628,B10000*,00100,00300,CAP COSTS
628,B10000*,00100,00400,EMPLOYEE
628,B10000*,00100,00500,MEDICAL
628,B10000*,00100,00800,ORGAN
628,B10000*,00100,01000,ADMIN &
628,B10000*,00200,00200,OP PLANT &
628,B10000*,00200,00300,MOVABLE
628,B10000*,00200,00400,BENEFITS
628,B10000*,00200,00500,SUPPLIES
628,B10000*,00200,00800,ACQUISITN
628,B10000*,00200,01000,GENERAL
628,B10000*,00300,00200,HOUSEKEEP
628,B10000*,00300,00300,EQUIPMENT
628,B10000*,00300,00800,COSTS
628,B10000*,00400,00200,SQUARE
628,B10000*,00400,00300,DOLLAR
628,B10000*,00400,00400,ADJUST
628,B10000*,00400,00500,COSTED
628,B10000*,00400,00800,NUMBER
628,B10000*,00400,01000,ACCUM
628,B10000*,00500,00200,FEET
628,B10000*,00500,00300,VALUE
628,B10000*,00500,00400,SALARIES
628,B10000*,00500,00500,REQUISIT
628,B10000*,00500,00800,ORGANS
628,B10000*,00500,01000,COSTS
628,B10000*,00600,00200,1
628,B10000*,00600,00300,2
628,B10000*,00600,00400,3
628,B10000*,00600,00500,3
628,B10000*,00600,00800,3
628,B10000*,00600,01000,3
628,B100000,00000,01000,X
628,E000000,00900,00000,OTHER CURRENT ASSETS
628,E000000,02600,00000,OTHER FIXED ASSETS
628,E000000,04600,00000,CAPITAL LEASE PAYABLE
628,E000000,04700,00000,DUE TO SHAREHOLDER
628,E100001,00700,00000,VENDOR REFUNDS
628,S000000,00100,00100,X
628,S000000,00400,00100,1
628,S000000,00500,00100,05/28/2024
628,S000000,00600,00100,10001
628,S000000,00700,00100,N
628,S000000,00800,00100,N
628,S000000,01000,00100,4
628,S000001,00100,00100,TEXAS MEDICAL SPECIALTY  INC.
628,S000001,00100,00200,45HL12
628,S000001,00101,00100,7777 FOREST LANE  SUITE C-768
628,S000001,00102,00100,DALLAS
628,S000001,00102,00200,TX
628,S000001,00102,00300,75230
628,S000001,00300,00100,01/01/2023
628,S000001,00300,00200,12/31/2023
628,S000001,00400,00100,2
628,S000001,00400,00300,2
628,S000001,00400,00400,04/01/1999
628,S000001,00401,00300,1
628,S000002,00300,00100,PRESIDENT/DIRECTOR
628,S100001,00700,00100,N
628,S100001,00810,00000,OTHER
628,S100002,00400,00100,DECEASED DONOR HLA TYPING
628,S100002,00401,00100,CROSSMATCH  AUTO T FLOW
628,S100002,00402,00100,CROSSMATCH  AUTO B FLOW
628,S100002,00403,00100,CROSSMATCH  FLOW T ALLO
628,S100002,00404,00100,CROSSMATCH  FLOW B ALLO
628,S100002,00405,00100,PRA  HLA SCREENING CLASS I & II
628,S100002,00406,00100,PRA  HLA ANTIBODY ID CLASS I
628,S100002,00407,00100,PRA  HLA ANTIBODY ID CLASS II
628,S100002,00408,00100,HLA-A&B & C MOLECULAR
628,S100002,00409,00100,HLA-DR  DQ  DP MOLECULAR
628,S100003,00100,00100,MEDICAL DIRECTOR
628,S100003,00100,00300,MEDICAL DIRECTOR
628,S100003,00100,00500,LAB DIRECTOR
628,S100003,00101,00100,EXEC. DIRECTOR
628,S100003,00101,00300,PROCUREMENT COORDINATOR
628,S100003,00101,00500,TECHNICIANS
628,S100003,00102,00100,CLERICAL
628,S100003,00102,00300,PRESERVATION TECHNICIANS
628,S100003,00102,00500,TISSUE TYPING TECH.
628,S100003,00103,00100,OTHER
628,S100003,00103,00300,OTHER
628,S100003,00103,00500,OTHER
628,S200000,00100,00100,N
628,S200000,00200,00100,N
628,S200000,00300,00100,Y
628,S200000,00400,00100,N
628,S200000,00500,00100,Y
628,S200000,00600,00300,DIRECTOR
628,S200000,00700,00100,SALTMARSH  CLEAVELAND & GUND
629,A000000,00100,00000,0100CAPITAL COSTS-BLDG & FIXT
629,A000000,00200,00000,0200CAPITAL COSTS-MVBLE EQUIPMENT
629,A000000,00300,00000,0300EMPLOYEE BENEFITS
629,A000000,00400,00000,0400ADMINISTRATIVE & GENERAL
629,A000000,00500,00000,0500OPERATION AND MAINTENANCE OF PLANT
629,A000000,00600,00000,0600HOUSEKEEPING
629,A000000,00700,00000,0700MEDICAL SUPPLIES
629,A000000,00800,00000,0800LAB ADMIN
629,A000000,00801,00000,0801HISTO ADMIN
629,A000000,00802,00000,0802OTHER OVERHEAD
629,A000000,00803,00000,0803ORGAN ADMIN
629,A000000,00900,00000,0900PROCUREMENT COORDINATORS
629,A000000,01000,00000,1000PROFESSIONAL EDUCATION
629,A000000,01100,00000,1100PUBLIC EDUCATION
629,A000000,01200,00000,1200OTHER ACQUISITION
629,A000000,01300,00000,1300KIDNEY ACQUISITIONS
629,A000000,01400,00000,1400TISSUE TYPING LABORATORY
629,A000000,01500,00000,1500LIVER ACQUISITIONS
629,A000000,01600,00000,1600HEART ACQUISITIONS
629,A000000,01700,00000,1700PANCREAS ACQUISITIONS
629,A000000,01800,00000,1800LUNG ACQUISITIONS
629,A000000,01900,00000,1900INTESTINE ACQUISITONS
629,A000000,02100,00000,2100RESEARCH
629,A000000,02200,00000,2200BLOOD BANK
629,A000000,02300,00000,2300LABORATORY-NON-TISSUE TYPING
629,A000000,02400,00000,2400DIALYSIS UNITS
629,A000000,02500,00000,2500TISSUE ACQUISITIONS
629,A000000,02501,00000,2501THERAPEUTIC PRODUCTS
629,A000000,02502,00000,2502RESEARCH FOUNDATION
629,A100000,01700,00000,OTHER ADMIN & GENERAL
629,A100000,01800,00000,SUPPLY CHAIN
629,A100000,01900,00000,SAFETY / QUALITY ASSURANCE
629,A100000,01901,00000,CONTRIBUTION TO REASEARCH / OTHER
629,A20H000,00900,00000,RADIOLOGY
629,A20H000,00901,00000,CARDIOLOGY
629,A20H000,00902,00000,OTHER HOSPITAL CHARGES
629,A20K000,00900,00000,RADIOLOGY
629,A20K000,00901,00000,CARDIOLOGY
629,A20K000,00902,00000,OTHER HOSPITAL CHARGES
629,A20K000,02100,00000,DEPRECIATION
629,A20K000,02101,00000,PURCHASED SERVICES
629,A20K000,02102,00000,ORGAN RECOVERY
629,A20K000,02103,00000,CONSULTING
629,A20K000,02104,00000,LICENSE FEES
629,A20L000,00900,00000,RADIOLOGY
629,A20L000,00901,00000,CARDIOLOGY
629,A20L000,00902,00000,OTHER HOSPITAL CHARGES
629,A20L000,02100,00000,OTHER PURCHASED SERVICES
629,A20O000,00900,00000,RADIOLOGY
629,A20O000,00901,00000,OTHER HOSPITAL CHARGES
629,A20P000,00900,00000,RADIOLOGY
629,A20P000,00901,00000,CARDIOLOGY
629,A20P000,00902,00000,OTHER HOSPITAL CHARGES
629,A20U000,00900,00000,RADIOLOGY
629,A20U000,00901,00000,OTHER HOSPITAL CHARGES
629,A20U000,02100,00000,OTHER - PURCHASED SERVICES
629,A300000,00600,00000,OTHER TISSUE TYPING COSTS
629,A400010,00100,00000,RECLASS COST OF ABO RH TEST
629,A400010,00100,00100,A
629,A400010,00100,00200,TISSUE TYPING LABORATORY
629,A400010,00100,00500,LABORATORY-NON-TISSUE TYPING
629,A400010,00200,00000,RECLASS COST OF ABO ANTIBODY TITER
629,A400010,00200,00100,B
629,A400010,00200,00200,TISSUE TYPING LABORATORY
629,A400010,00200,00500,LABORATORY-NON-TISSUE TYPING
629,A400010,00300,00000,RECLASS HISTO ADMIN COST CENTER
629,A400010,00300,00100,C
629,A400010,00300,00200,TISSUE TYPING LABORATORY
629,A400010,00300,00500,HISTO ADMIN
629,A400010,00400,00000,RECLASS HISTO ADMIN COST CENTER
629,A400010,00400,00100,C
629,A400010,00400,00200,LABORATORY-NON-TISSUE TYPING
629,A400010,00400,00500,HISTO ADMIN
629,A400010,00500,00000,RECLASS HISTO DIRECTOR SALARY
629,A400010,00500,00100,D
629,A400010,00500,00200,TISSUE TYPING LABORATORY
629,A400010,00500,00500,LAB ADMIN
629,A400010,00600,00000,RECLASS HISTO DIRECTOR SALARY
629,A400010,00600,00100,D
629,A400010,00600,00200,LABORATORY-NON-TISSUE TYPING
629,A400010,00600,00500,LAB ADMIN
629,A400010,00700,00000,ALLOCATE SQ FT FOR WAREHOUSE RENT
629,A400010,00700,00100,E
629,A400010,00700,00200,PROCUREMENT COORDINATORS
629,A400010,00700,00500,ADMINISTRATIVE & GENERAL
629,A400010,00800,00000,ALLOCATE SQ FT FOR WAREHOUSE RENT
629,A400010,00800,00100,E
629,A400010,00800,00200,TISSUE ACQUISITIONS
629,A400010,00900,00000,PROPOSE TISSUE ALLOCATION
629,A400010,00900,00100,F
629,A400010,00900,00200,TISSUE ACQUISITIONS
629,A400010,00900,00500,PROCUREMENT COORDINATORS
629,A400010,01000,00000,RECLASS KIDNEY SUPPLIES
629,A400010,01000,00100,G
629,A400010,01000,00200,KIDNEY ACQUISITIONS
629,A400010,01000,00500,PROCUREMENT COORDINATORS
629,A500010,00700,00100,B
629,A500010,00700,00300,ADMINISTRATIVE & GENERAL
629,A500010,00800,00100,B
629,A500010,00800,00300,PROCUREMENT COORDINATORS
629,A500010,01000,00100,B
629,A500010,01000,00300,ADMINISTRATIVE & GENERAL
629,A500010,01200,00100,B
629,A500010,01500,00000,BAD DEBT
629,A500010,01500,00100,A
629,A500010,01500,00300,BLOOD BANK
629,A500010,01501,00000,BAD DEBT
629,A500010,01501,00100,A
629,A500010,01501,00300,THERAPEUTIC PRODUCTS
629,A500010,01505,00000,BAD DEBT
629,A500010,01505,00100,A
629,A500010,01505,00300,LABORATORY-NON-TISSUE TYPING
629,A500010,01506,00000,BAD DEBT
629,A500010,01506,00100,A
629,A500010,01506,00300,RESEARCH
629,A500010,01507,00000,BAD DEBT
629,A500010,01507,00100,A
629,A500010,01507,00300,TISSUE TYPING LABORATORY
629,A500010,01508,00000,BAD DEBT
629,A500010,01508,00100,A
629,A500010,01508,00300,ADMINISTRATIVE & GENERAL
629,A500010,01509,00000,CONTRIBUTIONS
629,A500010,01509,00100,A
629,A500010,01509,00300,BLOOD BANK
629,A500010,01510,00000,CONTRIBUTIONS
629,A500010,01510,00100,A
629,A500010,01510,00300,RESEARCH
629,A500010,01512,00000,LOBBYING COSTS
629,A500010,01512,00100,A
629,A500010,01512,00300,ADMINISTRATIVE & GENERAL
629,A500010,01513,00000,CONTRIBUTION TO AFFILIATES
629,A500010,01513,00100,A
629,A500010,01513,00300,ADMINISTRATIVE & GENERAL
629,A500010,01514,00000,AOPO LOBBYING EXPENSE
629,A500010,01514,00100,A
629,A500010,01514,00300,PROCUREMENT COORDINATORS
629,A500010,01515,00000,NON ALLOWABLE EXPENSES - HR
629,A500010,01515,00100,A
629,A500010,01515,00300,EMPLOYEE BENEFITS
629,A500010,01516,00000,NON ALLOWABLE EXPENSES - ADMIN
629,A500010,01516,00100,A
629,A500010,01516,00300,ADMINISTRATIVE & GENERAL
629,A500010,01519,00000,NON ALLOWABLE EXPENSES - FACILITIES
629,A500010,01519,00100,A
629,A500010,01519,00300,OPERATION AND MAINTENANCE OF PLANT
629,A500010,01522,00000,NON ALLOWABLE EXPENSES - LAB ADMIN
629,A500010,01522,00100,A
629,A500010,01522,00300,LAB ADMIN
629,A500010,01523,00000,NON ALLOWABLE EXPENSES - ORG ADMIN
629,A500010,01523,00100,A
629,A500010,01523,00300,ORGAN ADMIN
629,A500010,01524,00000,NON ALLOWABLE EXPENSES - PROCUREMENT
629,A500010,01524,00100,A
629,A500010,01524,00300,PROCUREMENT COORDINATORS
629,A500010,01525,00000,NON ALLOWABLE EXPENSES - TT
629,A500010,01525,00100,A
629,A500010,01525,00300,TISSUE TYPING LABORATORY
629,A500010,01526,00000,NON ALLOWABLE EXPENSES - RESEARCH
629,A500010,01526,00100,A
629,A500010,01526,00300,RESEARCH
629,A500010,01527,00000,NON ALLOWABLE EXPENSES - BLOOD
629,A500010,01527,00100,A
629,A500010,01527,00300,BLOOD BANK
629,A500010,01531,00000,NON ALLOWABLE EXPENSES - NON TT
629,A500010,01531,00100,A
629,A500010,01531,00300,LABORATORY-NON-TISSUE TYPING
629,A500010,01533,00000,NON ALLOWABLE EXPENSES - TISSUE
629,A500010,01533,00100,A
629,A500010,01533,00300,TISSUE ACQUISITIONS
629,A500010,01534,00000,NON ALLOWABLE EXPENSES - PHARMACY
629,A500010,01534,00100,A
629,A500010,01534,00300,THERAPEUTIC PRODUCTS
629,A500010,01535,00000,ADD BCRF RESEARCH EXPENSES
629,A500010,01535,00100,A
629,A500010,01535,00300,RESEARCH FOUNDATION
629,A500010,01536,00000,AFFILIATE SERVICES FEES
629,A500010,01536,00100,A
629,A500010,01536,00300,ADMINISTRATIVE & GENERAL
629,A500010,01537,00000,AFFILIATE SERVICES FEES
629,A500010,01537,00100,A
629,A500010,01537,00300,EMPLOYEE BENEFITS
629,A500010,01544,00000,AFFILIATE SERVICES FEES
629,A500010,01544,00100,A
629,A500010,01544,00300,LAB ADMIN
629,A500010,01545,00000,AFFILIATE SERVICES FEES
629,A500010,01545,00100,A
629,A500010,01545,00300,RESEARCH
629,A500010,01551,00000,ADJ OH FOR RESEARCH FDN SUPPORT
629,A500010,01551,00100,A
629,A500010,01551,00300,ADMINISTRATIVE & GENERAL
629,A51000A,00100,00100,Y
629,A51000B,00100,00200,CAPITAL COSTS-BLDG & FIXT
629,A51000B,00100,00300,CORPORATE SERVICES
629,A51000B,00200,00200,ADMINISTRATIVE & GENERAL
629,A51000B,00200,00300,CORPORATE SERVICES
629,A51000C,00100,00100,G
629,A51000C,00100,00400,VERSITI ILLINOIS  INC
629,A51000C,00100,00600,BLOOD CENTER
629,A51000C,00200,00100,G
629,A51000C,00200,00400,VERSITI MICHIGAN  INC.
629,A51000C,00200,00600,BLOOD CENTER
629,A51000C,00300,00100,G
629,A51000C,00300,00400,VERSITI INDIANA  INC.
629,A51000C,00300,00600,BLOOD CENTER
629,A51000C,00400,00100,B
629,A51000C,00400,00400,VERSITI  INC.
629,A51000C,00400,00600,TRANFUSION SOLUTIONS
629,A60000A,00700,00000,PARKING LOT
629,A60000A,00701,00000,LEASEHOLD IMPROVEMENTS
629,A60000A,00702,00000,BUILDING IMPROVEMENTS
629,A60000A,00703,00000,SOFTWARE DEVELOPMENT
629,A60000A,00704,00000,CIP
629,A60000A,00705,00000,FINANCE LEASES
629,A60000B,00800,00000,LEASEHOLD IMPROVEMENTS
629,A60000B,00801,00000,SOFTWARE DEVELOPMENT
629,A60000B,00802,00000,FINANCE LEASES
629,A60000C,00500,00100,N
629,B10000*,00100,00200,CAP BLDG
629,B10000*,00100,00300,CAP COSTS
629,B10000*,00100,00400,EMPLOYEE
629,B10000*,00100,00500,MEDICAL
629,B10000*,00100,00800,ORGAN
629,B10000*,00100,01000,ADMIN &
629,B10000*,00200,00200,OP PLANT &
629,B10000*,00200,00300,MOVABLE
629,B10000*,00200,00400,BENEFITS
629,B10000*,00200,00500,SUPPLIES
629,B10000*,00200,00800,ACQUISITN
629,B10000*,00200,01000,GENERAL
629,B10000*,00300,00200,HOUSEKEEP
629,B10000*,00300,00300,EQUIPMENT
629,B10000*,00300,00800,COSTS
629,B10000*,00400,00200,SQUARE
629,B10000*,00400,00300,DOLLAR
629,B10000*,00400,00400,ADJUST
629,B10000*,00400,00500,COSTED
629,B10000*,00400,00600,LAB COSTS
629,B10000*,00400,00800,NUMBER
629,B10000*,00400,01000,ACCUM
629,B10000*,00500,00200,FEET
629,B10000*,00500,00300,VALUE
629,B10000*,00500,00400,SALARIES
629,B10000*,00500,00500,REQUISIT
629,B10000*,00500,00600,ONLY
629,B10000*,00500,00800,ORGANS
629,B10000*,00500,01000,COSTS
629,B10000*,00600,00200,1
629,B10000*,00600,00300,2
629,B10000*,00600,00400,3
629,B10000*,00600,00500,3
629,B10000*,00600,00800,3
629,B10000*,00600,01000,3
629,B100000,00000,01000,X
629,E000000,00900,00000,OTHER CURRENT ASSETS
629,E000000,02600,00000,OTHER ASSETS & CIP
629,E000000,03100,00000,OTHER ASSETS
629,E000000,03900,00000,ACCRUED EXPENSES
629,E000000,04100,00000,CURRENT PORTION - FINANCE LEASE LIAB
629,E000000,04600,00000,LONG TERM RETIREMENT PLAN OBLIGATION
629,E000000,04700,00000,OTHER LONG TERM LIABILITIES
629,E000000,04800,00000,OBLIGATIONS - LEASE LIABILITIES
629,E100001,00700,00000,RESEARCH
629,E100001,00800,00000,MEDICAL SERVICES
629,E100001,00900,00000,BIOMATERIALS & CLINICAL SERVICES
629,E200000,01500,00000,INTEREST AND DIVIDENDS
629,E200000,01600,00000,OTHER EXPENSES (CENETRON / SALUS)
629,E200000,01700,00000,AFFILIATE SERVICE FEES
629,E200000,02600,00000,ADDL PENSION GAIN (LOSS)
629,E200000,02700,00000,UNREALIZED GAINS/ LOSSES INVESTMENTS
629,E200000,02701,00000,INCOME TAXES
629,E200000,02702,00000,RENT OR LEASE INCOME
629,S000000,00100,00100,X
629,S000000,00400,00100,1
629,S000000,00500,00100,05/31/2024
629,S000000,00600,00100,10001
629,S000000,00700,00100,N
629,S000000,00800,00100,N
629,S000000,01000,00100,4
629,S000001,00100,00100,VERSITI WISCONSIN  INC.
629,S000001,00100,00200,52P002
629,S000001,00101,00100,638 N. 18TH STREET
629,S000001,00101,00200,PO BOX 2178
629,S000001,00102,00100,MILWAUKEE
629,S000001,00102,00200,WI
629,S000001,00102,00300,53201
629,S000001,00200,00100,VERSITI WISCONSIN  INC.
629,S000001,00200,00200,52HL01
629,S000001,00201,00100,638 N. 18TH STREET
629,S000001,00201,00200,PO BOX 2178
629,S000001,00202,00100,MILWAUKEE
629,S000001,00202,00200,WI
629,S000001,00202,00300,53201
629,S000001,00300,00100,01/01/2023
629,S000001,00300,00200,12/31/2023
629,S000001,00400,00100,6
629,S000001,00400,00300,1
629,S000001,00400,00400,12/31/2006
629,S000001,00401,00100,6
629,S000001,00401,00300,2
629,S000001,00401,00400,12/31/2006
629,S000002,00100,00200,Y
629,S000002,00300,00100,EVP CHIEF CORPORATE COUNSEL
629,S000002,00400,00100,05/30/2024
629,S100001,00700,00100,N
629,S100001,00810,00000,INTESTINE
629,S100001,00811,00000,OTHER TISSUE
629,S100002,00400,00100,TRANSPLANT EVALUATION PANEL
629,S100002,00401,00100,TRANSPLANT EVALUATION PANEL- STAT
629,S100002,00402,00100,HLA SHIPPED IN KIDNEY
629,S100002,00403,00100,HLA-A LOW RESOLUTION
629,S100002,00404,00100,HLA-B LOW RESOLUTION
629,S100002,00405,00100,ABO ANTIBODY TITER
629,S100002,00406,00100,HLA-C LOW RESOLUTION
629,S100002,00407,00100,HLA-ABC LOW RESOLUTION
629,S100002,00408,00100,HLA DPB1 LOW RESOLUTION TYPING
629,S100002,00409,00100,CROSSMATCH FLOW CYTOMETRIC
629,S100002,00410,00100,HLA ANTIBODY DETECTION
629,S100002,00411,00100,HLA ANTIBODY DETECTION-SOLID PHASE
629,S100002,00412,00100,HLA CLASS II ANTIBODY HIGH RESOLUTIO
629,S100002,00413,00100,HLA CLASS I ANTIBODY HIGH RESOLUTION
629,S100002,00414,00100,HLA-DRB1&DQB1/DQA1 LOW RESOLUTION
629,S100002,00415,00100,HLA-DRB3 B4 B5 LOW RESOLUTION
629,S100002,00416,00100,HLA DQB1/DQA1 LOW RESOLUTION
629,S100002,00417,00100,ABO & RH TRANSPLANT
629,S100002,00418,00100,HLA DRB1 LOW RESOLUTION TYPING
629,S100002,00419,00100,HLA-DPB1/DPA1 LOW RESOLUTION
629,S100003,00100,00100,MEDICAL DIRECTOR
629,S100003,00100,00300,MEDICAL DIRECTOR
629,S100003,00100,00500,LAB DIRECTOR
629,S100003,00101,00100,EXEC. DIRECTOR
629,S100003,00101,00300,PROCUREMENT COORDINATOR
629,S100003,00101,00500,TECHNICIANS
629,S100003,00102,00100,CLERICAL
629,S100003,00102,00300,PRESERVATION TECHNICIANS
629,S100003,00102,00500,TISSUE TYPING TECH.
629,S100003,00103,00100,OTHER
629,S100003,00103,00300,OTHER
629,S100003,00103,00500,OTHER
629,S200000,00100,00100,N
629,S200000,00200,00100,N
629,S200000,00300,00100,Y
629,S200000,00400,00100,Y
629,S200000,00400,00200,A
629,S200000,00500,00100,Y
629,S200000,00600,00300,DIRECTOR - ACCOUNTING
629,S200000,00700,00100,VERSITI WISCONSIN  INC.
630,A000000,00100,00000,0100CAPITAL COSTS-BLDG & FIXT
630,A000000,00200,00000,0200CAPITAL COSTS-MVBLE EQUIPMENT
630,A000000,00300,00000,0300EMPLOYEE BENEFITS
630,A000000,00400,00000,0400ADMINISTRATIVE & GENERAL
630,A000000,00500,00000,0500OPERATION AND MAINTENANCE OF PLANT
630,A000000,00600,00000,0600HOUSEKEEPING
630,A000000,00700,00000,0700MEDICAL SUPPLIES
630,A000000,00800,00000,0800OTHER OVERHEAD
630,A000000,00900,00000,0900PROCUREMENT COORDINATORS
630,A000000,01000,00000,1000PROFESSIONAL EDUCATION
630,A000000,01100,00000,1100PUBLIC EDUCATION
630,A000000,01200,00000,1200OTHER ACQUISITION
630,A000000,01300,00000,1300KIDNEY ACQUISITIONS
630,A000000,01400,00000,1400TISSUE TYPING LABORATORY
630,A000000,01500,00000,1500LIVER ACQUISITIONS
630,A000000,01600,00000,1600HEART ACQUISITIONS
630,A000000,01700,00000,1700PANCREAS ACQUISITIONS
630,A000000,01800,00000,1800LUNG ACQUISITIONS
630,A000000,01900,00000,1900SMALL BOWELS
630,A000000,01901,00000,1901ISLETT CELLS
630,A000000,01902,00000,1902HEART VALVE ACQUISITIONS
630,A000000,01903,00000,1903HEART/LUNG ACQUISITIONS
630,A000000,02100,00000,2100RESEARCH
630,A000000,02200,00000,2200BLOOD BANK
630,A000000,02300,00000,2300LABORATORY-NON-TISSUE TYPING
630,A000000,02400,00000,2400DIALYSIS UNITS
630,A000000,02500,00000,2500TISSUE RECOVERY
630,A000000,02501,00000,2501RECOVERY FACILITY - LOWRY
630,A000000,02502,00000,2502FOUNDATION
630,A000000,02503,00000,2503SPRUCE PROPERTY MANAGEMENT
630,A100000,01700,00000,EMPLOYEE BENEFITS
630,A100000,01800,00000,PAYROLL TAXES
630,A100000,01900,00000,HIRING EXPENSE
630,A100000,01901,00000,REPAIRS / MAINTENANCE / LEASES
630,A100000,01902,00000,TEMPORARY SERVICES
630,A100000,01903,00000,DEPRECIATION
630,A100000,01904,00000,DUES & SUBSCRIPTIONS
630,A100000,01905,00000,CONSULTING FEES
630,A100000,01906,00000,UTILITIES
630,A100000,01907,00000,CONTRACT LABOR
630,A100000,01908,00000,GRANTMAKING
630,A100000,01909,00000,CASE RELATED TRAVEL
630,A20H000,02100,00000,OTHER COSTS
630,A20H000,02101,00000,RADIOLOGY
630,A20H000,02102,00000,CARDIOLOGY
630,A20K000,02100,00000,OTHER COSTS
630,A20K000,02101,00000,RADIOLOGY
630,A20K000,02102,00000,CARDIOLOGY
630,A20L000,00900,00000,OTHER EXCISION HOSPITAL COSTS
630,A20L000,02100,00000,OTHER COSTS
630,A20L000,02101,00000,RADIOLOGY
630,A20L000,02102,00000,CARDIOLOGY
630,A20O000,02100,00000,OTHER COSTS
630,A20O000,02101,00000,RADIOLOGY
630,A20O000,02102,00000,CARDIOLOGY
630,A20P000,00900,00000,OTHER EXCISION HOSPITAL COSTS
630,A20P000,02100,00000,OTHER COSTS
630,A20P000,02101,00000,RADIOLOGY
630,A20P000,02102,00000,CARDIOLOGY
630,A20U000,02100,00000,OTHER COSTS
630,A20U000,02101,00000,RADIOLOGY
630,A20U000,02102,00000,CARDIOLOGY
630,A400010,00100,00000,RECOVERY CENTER
630,A400010,00100,00100,A
630,A400010,00100,00200,TISSUE RECOVERY
630,A400010,00100,00500,RECOVERY FACILITY - LOWRY
630,A400010,00200,00000,RECOVERY CENTER
630,A400010,00200,00100,A
630,A400010,00200,00200,PROCUREMENT COORDINATORS
630,A400010,00300,00000,RECOVERY CENTER
630,A400010,00300,00100,A
630,A400010,00300,00200,ADMINISTRATIVE & GENERAL
630,A400010,00400,00000,REPAIRS
630,A400010,00400,00100,C
630,A400010,00400,00200,OPERATION AND MAINTENANCE OF PLANT
630,A400010,00400,00500,ADMINISTRATIVE & GENERAL
630,A400010,00500,00000,REPAIRS
630,A400010,00500,00100,C
630,A400010,00500,00500,PROCUREMENT COORDINATORS
630,A400010,00600,00000,REPAIRS
630,A400010,00600,00100,C
630,A400010,00600,00500,TISSUE RECOVERY
630,A400010,00700,00000,CAPITAL COSTS
630,A400010,00700,00100,D
630,A400010,00700,00200,CAPITAL COSTS-BLDG & FIXT
630,A400010,00700,00500,ADMINISTRATIVE & GENERAL
630,A400010,00800,00000,CAPITAL COSTS
630,A400010,00800,00100,D
630,A400010,00800,00200,CAPITAL COSTS-MVBLE EQUIPMENT
630,A400010,00800,00500,PROCUREMENT COORDINATORS
630,A400010,00900,00000,CAPITAL COSTS
630,A400010,00900,00100,D
630,A400010,00900,00500,TISSUE RECOVERY
630,A400010,01000,00000,CAPITAL COSTS
630,A400010,01000,00100,D
630,A400010,01000,00500,RECOVERY FACILITY - LOWRY
630,A400010,01100,00000,CAPITAL COSTS
630,A400010,01100,00100,D
630,A400010,01100,00500,PUBLIC EDUCATION
630,A400010,01200,00000,FAMILY SERVICES
630,A400010,01200,00100,H
630,A400010,01200,00200,TISSUE RECOVERY
630,A400010,01200,00500,PROCUREMENT COORDINATORS
630,A400010,01300,00000,FAMILY SERVICES
630,A400010,01300,00100,H
630,A400010,01300,00200,OTHER ACQUISITION
630,A400010,01400,00000,TISSUE RECOVERY
630,A400010,01400,00100,I
630,A400010,01400,00200,TISSUE RECOVERY
630,A400010,01400,00500,PROFESSIONAL EDUCATION
630,A400010,01500,00000,TISSUE RECOVERY
630,A400010,01500,00100,I
630,A400010,01500,00500,PUBLIC EDUCATION
630,A400010,01600,00000,CMO ADMIN TIME
630,A400010,01600,00100,J
630,A400010,01600,00200,ADMINISTRATIVE & GENERAL
630,A400010,01600,00500,KIDNEY ACQUISITIONS
630,A400010,01700,00000,CMO ADMIN TIME
630,A400010,01700,00100,J
630,A400010,01700,00500,LIVER ACQUISITIONS
630,A400010,01800,00000,CMO ADMIN TIME
630,A400010,01800,00100,J
630,A400010,01800,00500,PANCREAS ACQUISITIONS
630,A500010,00800,00100,B
630,A500010,00800,00300,PROCUREMENT COORDINATORS
630,A500010,01500,00000,STAFF EXPENSE
630,A500010,01500,00100,A
630,A500010,01500,00300,ADMINISTRATIVE & GENERAL
630,A500010,01505,00000,CONTRIBUTION EXPENSE
630,A500010,01505,00100,A
630,A500010,01505,00300,ADMINISTRATIVE & GENERAL
630,A500010,01506,00000,LOBBYING EXPENSE
630,A500010,01506,00100,A
630,A500010,01506,00300,ADMINISTRATIVE & GENERAL
630,A500010,01507,00000,LOBBYING EXPENSE - AOPO
630,A500010,01507,00100,A
630,A500010,01507,00300,ADMINISTRATIVE & GENERAL
630,A500010,01509,00000,NON REIMB. MEDICARE COSTS
630,A500010,01509,00100,A
630,A500010,01509,00300,PROFESSIONAL EDUCATION
630,A500010,01510,00000,NON REIMB. MEDICARE COSTS
630,A500010,01510,00100,A
630,A500010,01510,00300,PUBLIC EDUCATION
630,A500010,01511,00000,NON REIMB. MEDICARE COSTS
630,A500010,01511,00100,A
630,A500010,01511,00300,TISSUE RECOVERY
630,A500010,01512,00000,NON REIMB. MEDICARE COSTS
630,A500010,01512,00100,A
630,A500010,01512,00300,ADMINISTRATIVE & GENERAL
630,A500010,01513,00000,SPONSORSHIPS
630,A500010,01513,00100,A
630,A500010,01513,00300,ADMINISTRATIVE & GENERAL
630,A500010,01514,00000,SPONSORSHIPS
630,A500010,01514,00100,A
630,A500010,01514,00300,PROFESSIONAL EDUCATION
630,A500010,01515,00000,SPONSORSHIPS
630,A500010,01515,00100,A
630,A500010,01515,00300,PUBLIC EDUCATION
630,A500010,01516,00000,DAI EVENTS
630,A500010,01516,00100,A
630,A500010,01516,00300,PUBLIC EDUCATION
630,A500010,01517,00000,DAI EVENTS
630,A500010,01517,00100,A
630,A500010,01517,00300,FOUNDATION
630,A500010,01518,00000,OFFSET DLO; TRANSPLANTE SCIENCE EXP
630,A500010,01518,00100,A
630,A500010,01518,00300,PUBLIC EDUCATION
630,A500010,01519,00000,OFFSET LIVING DONOR EXCHANGE/NKR PRO
630,A500010,01519,00100,B
630,A500010,01519,00300,PROCUREMENT COORDINATORS
630,A51000A,00100,00100,N
630,A60000C,00500,00100,N
630,B10000*,00100,00200,CAP BLDG
630,B10000*,00100,00300,CAP COSTS
630,B10000*,00100,00400,EMPLOYEE
630,B10000*,00100,00500,MEDICAL
630,B10000*,00100,00800,ORGAN
630,B10000*,00100,01000,ADMIN &
630,B10000*,00200,00200,OP PLANT &
630,B10000*,00200,00300,MOVABLE
630,B10000*,00200,00400,BENEFITS
630,B10000*,00200,00500,SUPPLIES
630,B10000*,00200,00800,ACQUISITN
630,B10000*,00200,01000,GENERAL
630,B10000*,00300,00200,HOUSEKEEP
630,B10000*,00300,00300,EQUIPMENT
630,B10000*,00300,00800,COSTS
630,B10000*,00400,00200,SQUARE
630,B10000*,00400,00300,SQUARE
630,B10000*,00400,00400,ADJUST
630,B10000*,00400,00500,COSTED
630,B10000*,00400,00800,NUMBER
630,B10000*,00400,01000,ACCUM
630,B10000*,00500,00200,FEET
630,B10000*,00500,00300,FEET
630,B10000*,00500,00400,SALARIES
630,B10000*,00500,00500,REQUISIT
630,B10000*,00500,00800,ORGANS
630,B10000*,00500,01000,COSTS
630,B10000*,00600,00200,1
630,B10000*,00600,00300,2
630,B10000*,00600,00400,3
630,B10000*,00600,00500,3
630,B10000*,00600,00800,3
630,B10000*,00600,01000,3
630,B100000,00000,01000,X
630,E000000,00900,00000,OTHER CURRENT ASSETS
630,E000000,02600,00000,CIP
630,E000000,03100,00000,INTEREST IN NET ASSETS OF AFFILIATES
630,E000000,03900,00000,OTHER LIABILITIES
630,E100001,00700,00000,TISSURE RECOVERY FEES
630,E200000,01500,00000,CAM INCOME
630,E200000,01600,00000,CHANGE IN NET ASSETS OF AFFILIATE
630,E200000,01900,00000,REVENUE RECOGNITION ADJUSTMENT
630,E200000,02000,00000,OTHER INCOME
630,E200000,02100,00000,RESTR CONTRIBUTIONS ORGAN/TISSUE
630,E200000,02600,00000,LOSS ON DISPOSAL OF ASSETS
630,S000000,00100,00100,X
630,S000000,00400,00100,1
630,S000000,00500,00100,05/30/2024
630,S000000,00600,00100,10001
630,S000000,00700,00100,N
630,S000000,00800,00100,N
630,S000000,01000,00100,4
630,S000001,00100,00100,DONOR ALLIANCE
630,S000001,00100,00200,06P001
630,S000001,00101,00100,200 SPRUCE ST  SUITE 200
630,S000001,00102,00100,DENVER
630,S000001,00102,00200,CO
630,S000001,00102,00300,80230
630,S000001,00300,00100,01/01/2023
630,S000001,00300,00200,12/31/2023
630,S000001,00400,00100,6
630,S000001,00400,00300,1
630,S000001,00400,00400,11/07/1985
630,S000001,00401,00300,1
630,S000002,00300,00100,CHIEF FINANCIAL OFFICER
630,S100001,00700,00100,N
630,S100001,00810,00000,SMALL BOWEL
630,S100003,00100,00100,MEDICAL DIRECTOR
630,S100003,00100,00300,MEDICAL DIRECTOR
630,S100003,00100,00500,LAB DIRECTOR
630,S100003,00101,00100,EXEC. DIRECTOR
630,S100003,00101,00300,PROCUREMENT COORDINATOR
630,S100003,00101,00500,TECHNICIANS
630,S100003,00102,00100,CLERICAL
630,S100003,00102,00300,PRESERVATION TECHNICIANS
630,S100003,00102,00500,TISSUE TYPING TECH.
630,S100003,00103,00100,OTHER
630,S100003,00103,00300,TISSUE EMPLOYEES
630,S100003,00103,00500,OTHER
630,S200000,00100,00100,N
630,S200000,00200,00100,N
630,S200000,00300,00100,N
630,S200000,00400,00100,Y
630,S200000,00400,00200,A
630,S200000,00500,00100,N
630,S200000,00600,00300,PARTNER
630,S200000,00700,00100,PLANTE MORAN
639,A000000,00100,00000,0100CAPITAL COSTS-BLDG & FIXT
639,A000000,00200,00000,0200CAPITAL COSTS-MVBLE EQUIPMENT
639,A000000,00300,00000,0300EMPLOYEE BENEFITS
639,A000000,00400,00000,0400ADMINISTRATIVE & GENERAL
639,A000000,00500,00000,0500OPERATION AND MAINTENANCE OF PLANT
639,A000000,00600,00000,0600HOUSEKEEPING
639,A000000,00700,00000,0700MEDICAL SUPPLIES
639,A000000,00800,00000,0800OTHER OVERHEAD
639,A000000,00900,00000,0900PROCUREMENT COORDINATORS
639,A000000,01000,00000,1000PROFESSIONAL EDUCATION
639,A000000,01100,00000,1100PUBLIC EDUCATION
639,A000000,01200,00000,1200OTHER ACQUISITION
639,A000000,01300,00000,1300KIDNEY ACQUISITIONS
639,A000000,01400,00000,1400TISSUE TYPING LABORATORY
639,A000000,01500,00000,1500LIVER ACQUISITIONS
639,A000000,01600,00000,1600HEART ACQUISITIONS
639,A000000,01700,00000,1700PANCREAS ACQUISITIONS
639,A000000,01800,00000,1800LUNG ACQUISITIONS
639,A000000,01900,00000,1900OTHER ACQUISITIONS
639,A000000,02100,00000,2100RESEARCH
639,A000000,02200,00000,2200BLOOD BANK
639,A000000,02300,00000,2300LABORATORY-NON-TISSUE TYPING
639,A000000,02400,00000,2400DIALYSIS UNITS
639,A000000,02500,00000,2500OTHER NON-REIMBURSABLE
639,A100000,01700,00000,REPAIRS & MAINTENANCE
639,A100000,01800,00000,VEHICLES
639,A100000,01900,00000,DEVELOPMENT
639,A100000,01901,00000,FUNDRAISING
639,A100000,01902,00000,SERVICE CHARGES
639,A100000,01903,00000,PROECESS IMPROVEMENT
639,A100000,01904,00000,CENTRAL OFFICE
639,A100000,01905,00000,PROFESSIONAL SERVICES
639,A100000,01906,00000,ADMINISTRATION
639,A100000,01908,00000,OTHER
639,A300000,00600,00000,SUPPLIES
639,A300000,00700,00000,CELL PHONE
639,A300000,00800,00000,PURCHASED SERVICES
639,A300000,00900,00000,DUES/SUBSCRIPTIONS
639,A300000,01000,00000,TRAVEL/MEETINGS
639,A300000,01001,00000,INSURANCE
639,A300000,01002,00000,OTHER EXPENSES
639,A500010,01300,00100,A
639,A500010,01300,00300,CAPITAL COSTS-BLDG & FIXT
639,A51000A,00100,00100,Y
639,A51000B,00100,00200,TISSUE TYPING LABORATORY
639,A51000B,00100,00300,HOME OFFICE
639,A51000B,00200,00200,TISSUE TYPING LABORATORY
639,A51000B,00200,00300,HOME OFFICE
639,A51000B,00300,00200,TISSUE TYPING LABORATORY
639,A51000B,00300,00300,OCCUPANCY
639,A51000B,00400,00200,BLOOD BANK
639,A51000B,00400,00300,OCCUPANCY
639,A51000B,00401,00200,TISSUE TYPING LABORATORY
639,A51000B,00401,00300,EXECUTIVE DIRECTOR
639,A51000C,00100,00100,B
639,A51000C,00100,00400,VITALANT
639,A51000C,00100,00600,NON-PROFIT CORPORATION
639,A60000A,00700,00000,LEASEHOLD IMPROVEMENTS
639,A60000B,00800,00000,OTHER
639,A60000C,00500,00100,N
639,B10000*,00100,00200,CAP BLDG
639,B10000*,00100,00300,CAP COSTS
639,B10000*,00100,00400,EMPLOYEE
639,B10000*,00100,00500,MEDICAL
639,B10000*,00100,00800,ORGAN
639,B10000*,00100,01000,ADMIN &
639,B10000*,00200,00200,OP PLANT &
639,B10000*,00200,00300,MOVABLE
639,B10000*,00200,00400,BENEFITS
639,B10000*,00200,00500,SUPPLIES
639,B10000*,00200,00800,ACQUISITN
639,B10000*,00200,01000,GENERAL
639,B10000*,00300,00200,HOUSEKEEP
639,B10000*,00300,00300,EQUIPMENT
639,B10000*,00300,00800,COSTS
639,B10000*,00400,00200,SQUARE
639,B10000*,00400,00300,DOLLAR
639,B10000*,00400,00400,ADJUST
639,B10000*,00400,00500,COSTED
639,B10000*,00400,00800,NUMBER
639,B10000*,00400,01000,ACCUM
639,B10000*,00500,00200,FEET
639,B10000*,00500,00300,VALUE
639,B10000*,00500,00400,SALARIES
639,B10000*,00500,00500,REQUISIT
639,B10000*,00500,00800,ORGANS
639,B10000*,00500,01000,COSTS
639,B10000*,00600,00200,1
639,B10000*,00600,00300,2
639,B10000*,00600,00400,3
639,B10000*,00600,00500,3
639,B10000*,00600,00800,3
639,B10000*,00600,01000,3
639,B100000,00000,01000,X
639,E000000,00900,00000,RESTRICTED CASH
639,E000000,02600,00000,PROPERTY & EQUIPMENT - NET
639,E000000,03100,00000,OTHER
639,E000000,03900,00000,RETIREMENT PLAN LIABILITY
639,E000000,04100,00000,OTHER CURRENT ACCRUED EXPENSES
639,E000000,04600,00000,OTHER LONG TERM LIABILITIES
639,E000000,04700,00000,ACCRUED PENSION & DEFERRED COMPENSAT
639,E000000,04800,00000,ACCRUED POST RETIREMENT HEALTH BENEF
639,E100001,00700,00000,NMDP
639,E200000,01500,00000,MISCELLANEOUS
639,E200000,01600,00000,INTEREST INCOME
639,S000000,00100,00100,X
639,S000000,00400,00100,1
639,S000000,00500,00100,05/31/2024
639,S000000,00600,00100,10001
639,S000000,00700,00100,N
639,S000000,00800,00100,N
639,S000000,01000,00100,4
639,S000001,00100,00100,VITALANT
639,S000001,00100,00200,05HL04
639,S000001,00101,00100,10536 PETER A MCCUEN BLVD
639,S000001,00102,00100,MATHER
639,S000001,00102,00200,CA
639,S000001,00102,00300,95655
639,S000001,00300,00100,01/01/2023
639,S000001,00300,00200,12/31/2023
639,S000001,00400,00100,2
639,S000001,00400,00300,2
639,S000001,00400,00400,01/01/1986
639,S000001,00401,00300,1
639,S100001,00700,00100,N
639,S100001,00810,00000,OTHER
639,S100002,00400,00100,AB LS CLASS I
639,S100002,00401,00100,AB LS CLASS II
639,S100002,00402,00100,AB SCN CLASS I ONLY
639,S100002,00403,00100,AB SCN CLASS II ONLY
639,S100002,00404,00100,AB SCN I+II
639,S100002,00405,00100,ADS TREATMENT
639,S100002,00406,00100,BUCCAL SWAB EXTRACTION
639,S100002,00407,00100,FXM-AUTO
639,S100002,00408,00100,FXM-CAD FINAL
639,S100002,00409,00100,FXM-CAD FINAL
639,S100002,00410,00100,HL HLA FLOW CROSSMATCH
639,S100002,00411,00100,HL HLA A B C DR DQ DP IR
639,S100002,00412,00100,HL DECEASED DONOR WORKUP FEE
639,S100002,00413,00100,HL STAT CHARGE AFTER HOURS
639,S100002,00414,00100,HL OVERNIGHT CARRIER
639,S100002,00415,00100,HIRES HLA-B
639,S100002,00416,00100,HIRES HLA-C
639,S100002,00417,00100,HIRES HLA-DR
639,S100002,00418,00100,HIRES HLA-DQ
639,S100002,00419,00100,HIRES HLA-DP
639,S100002,00420,00100,DTT TREATMENT
639,S100002,00421,00100,RT-PCR CLASS I
639,S100002,00422,00100,RT-PCR CLASS II
639,S100002,00423,00100,RT-PCR COMB
639,S100002,00424,00100,RT-PCR STAT TRAY
639,S100002,00425,00100,SERUMPROCESSING
639,S100002,00426,00100,SERUM PROCESSING
639,S100002,00427,00100,HL STAT FEE (11:00-7:00AM) - FIRST H
639,S100002,00430,00100,SMF COURIER
639,S100002,00431,00100,SO 1ST KIT
639,S100002,00432,00100,SO 2ND CLOT
639,S100002,00433,00100,SO ADDITIONAL ACD
639,S100002,00434,00100,SO DONOR
639,S100002,00435,00100,SO DONOR ACD
639,S100002,00436,00100,SO DONOR SWABS
639,S100002,00437,00100,SO REACTIVATION CLOT
639,S100002,00438,00100,SO UNACCEPTABLE CLOT
639,S100002,00439,00100,VXM
639,S100003,00100,00100,MEDICAL DIRECTOR
639,S100003,00100,00300,MEDICAL DIRECTOR
639,S100003,00100,00500,LAB DIRECTOR
639,S100003,00101,00100,EXEC. DIRECTOR
639,S100003,00101,00300,PROCUREMENT COORDINATOR
639,S100003,00101,00500,TECHNICIANS
639,S100003,00102,00100,CLERICAL
639,S100003,00102,00300,PRESERVATION TECHNICIANS
639,S100003,00102,00500,TISSUE TYPING TECH.
639,S100003,00103,00100,OTHER
639,S100003,00103,00300,OTHER
639,S100003,00103,00500,OTHER
639,S200000,00100,00100,N
639,S200000,00200,00100,N
639,S200000,00300,00100,Y
639,S200000,00400,00100,Y
639,S200000,00400,00200,A
639,S200000,00500,00100,Y
639,S200000,00600,00300,DIRECTOR
639,S200000,00700,00100,VITALANT
640,A000000,00100,00000,0100CAPITAL COSTS-BLDG & FIXT
640,A000000,00200,00000,0200CAPITAL COSTS-MVBLE EQUIPMENT
640,A000000,00300,00000,0300EMPLOYEE BENEFITS
640,A000000,00400,00000,0400ADMINISTRATIVE & GENERAL
640,A000000,00500,00000,0500OPERATION AND MAINTENANCE OF PLANT
640,A000000,00600,00000,0600HOUSEKEEPING
640,A000000,00700,00000,0700MEDICAL SUPPLIES
640,A000000,00800,00000,0800OTHER OVERHEAD
640,A000000,00900,00000,0900PROCUREMENT COORDINATORS
640,A000000,01000,00000,1000PROFESSIONAL EDUCATION
640,A000000,01100,00000,1100PUBLIC EDUCATION
640,A000000,01200,00000,1200OTHER ACQUISITION
640,A000000,01300,00000,1300KIDNEY ACQUISITIONS
640,A000000,01400,00000,1400TISSUE TYPING LABORATORY
640,A000000,01500,00000,1500LIVER ACQUISITIONS
640,A000000,01600,00000,1600HEART ACQUISITIONS
640,A000000,01700,00000,1700PANCREAS ACQUISITIONS
640,A000000,01800,00000,1800LUNG ACQUISITIONS
640,A000000,01900,00000,1900OTHER ACQUISITIONS
640,A000000,02100,00000,2100RESEARCH
640,A000000,02200,00000,2200BLOOD BANK
640,A000000,02300,00000,2300LABORATORY-NON-TISSUE TYPING
640,A000000,02400,00000,2400DIALYSIS UNITS
640,A100000,01700,00000,BENEFITS
640,A100000,01800,00000,DEPRECIATION
640,A100000,01900,00000,PROFESSIONAL FEES
640,A100000,01901,00000,BUILDING EXPENSE
640,A100000,01902,00000,TELEPHONE
640,A100000,01903,00000,UTILITIES
640,A100000,01904,00000,NON-REIMBURSABLE COSTS
640,A300000,00600,00000,SALARIES
640,A300000,00700,00000,DEPRECIATION
640,A300000,00800,00000,ADMIN & GENERAL
640,A300000,00900,00000,BENEFITS
640,A300000,01000,00000,DISPOSAL SERVICE
640,A300000,01001,00000,UTILITIES
640,A300000,01002,00000,SUPPLIES
640,A500010,01500,00000,NON-ALLOWABLE EXPENSES HLA LAB
640,A500010,01500,00100,A
640,A500010,01500,00300,TISSUE TYPING LABORATORY
640,A500010,01601,00000,NON-ALLOWABLE EXPENSES OTHER LABS
640,A500010,01601,00100,A
640,A500010,01601,00300,LABORATORY-NON-TISSUE TYPING
640,A51000A,00100,00100,Y
640,A51000B,00100,00200,ADMINISTRATIVE & GENERAL
640,A51000B,00100,00300,VRL ADMIN COSTS
640,A51000C,00100,00100,B
640,A51000C,00100,00400,EUROFINS VRL  INC.
640,A51000C,00100,00600,BIO-ANALYTICAL TESTING
640,A60000A,00700,00000,FIXED ASSET CLEARING
640,A60000C,00500,00100,N
640,B10000*,00100,00200,CAP BLDG
640,B10000*,00100,00300,CAP COSTS
640,B10000*,00100,00400,EMPLOYEE
640,B10000*,00100,00500,MEDICAL
640,B10000*,00100,00800,ORGAN
640,B10000*,00100,01000,ADMIN &
640,B10000*,00200,00200,OP PLANT &
640,B10000*,00200,00300,MOVABLE
640,B10000*,00200,00400,BENEFITS
640,B10000*,00200,00500,SUPPLIES
640,B10000*,00200,00800,ACQUISITN
640,B10000*,00200,01000,GENERAL
640,B10000*,00300,00200,HOUSEKEEP
640,B10000*,00300,00300,EQUIPMENT
640,B10000*,00300,00800,COSTS
640,B10000*,00400,00200,SQUARE
640,B10000*,00400,00300,DOLLAR
640,B10000*,00400,00400,ADJUST
640,B10000*,00400,00500,COSTED
640,B10000*,00400,00600,ACCUMULATE
640,B10000*,00400,00800,NUMBER
640,B10000*,00400,01000,ACCUM
640,B10000*,00500,00200,FEET
640,B10000*,00500,00300,VALUE
640,B10000*,00500,00400,SALARIES
640,B10000*,00500,00500,REQUISIT
640,B10000*,00500,00600,D COST
640,B10000*,00500,00800,ORGANS
640,B10000*,00500,01000,COSTS
640,B10000*,00600,00200,1
640,B10000*,00600,00300,2
640,B10000*,00600,00400,3
640,B10000*,00600,00500,3
640,B10000*,00600,00800,3
640,B10000*,00600,01000,3
640,B100000,00000,01000,X
640,E000000,00900,00000,OTHER CURRENT ASSETS
640,E000000,02600,00000,OTHER FIXED ASSETS
640,E000000,03100,00000,OTHER ASSETS
640,E000000,03900,00000,ACCRUED EXPENSES
640,E000000,04100,00000,OTHER CURRENT LIABILITIES
640,E000000,04600,00000,OTHER NON-CURRENT LIABILITIES
640,E000000,04700,00000,LEASE LIABILITY
640,E000000,04800,00000,DEFERRED INCOME TAXES PAY\(REC)
640,E100001,00700,00000,NET REVENUE
640,E100001,00800,00000,INTERCOMPANY SALES
640,E100001,00900,00000,SALES - OTHER ADMIN
640,E100002,00300,00000,ADDL EXPENSES FOR AFFILIATE LABS
640,E200000,01500,00000,MISC INCOME
640,E200000,02300,00000,ROUNDING
640,E200000,02600,00000,INTEREST EXP
640,E200000,02700,00000,INCOME TAX EXP
640,E200000,02701,00000,OTHER EXPENSES
640,S000000,00100,00100,X
640,S000000,00400,00100,1
640,S000000,00500,00100,05/31/2024
640,S000000,00600,00100,10001
640,S000000,00700,00100,N
640,S000000,00800,00100,N
640,S000000,01000,00100,4
640,S000001,00100,00100,EUROFINS DONOR & PRODUCT TESTING INC
640,S000001,00100,00200,05HL08
640,S000001,00101,00100,2100 WEST THIRD STREET  SUITE 301
640,S000001,00102,00100,LOS ANGELES
640,S000001,00102,00200,CA
640,S000001,00102,00300,90057
640,S000001,00300,00100,01/01/2023
640,S000001,00300,00200,12/31/2023
640,S000001,00400,00100,2
640,S000001,00400,00300,2
640,S000001,00400,00400,07/08/2004
640,S000001,00401,00300,1
640,S000002,00100,00200,Y
640,S000002,00300,00100,DIRECTOR OF FINANCE
640,S000002,00400,00100,05/29/2024
640,S100001,00700,00100,N
640,S100001,00810,00000,OTHER
640,S100002,00400,00100,CLASS I-SINGLE ANTIGEN BEAD SPECIFIC
640,S100002,00401,00100,CLASS II-SINGLE ANTIGEN BEAD SPECIFI
640,S100002,00402,00100,COMPLETE HLA LOCI TYPING
640,S100002,00403,00100,CROSSMATCH  DTT
640,S100002,00404,00100,CROSSMATCH  PRONASE
640,S100002,00405,00100,DECEASED DONOR ADDITIONAL CROSSMATCH
640,S100002,00406,00100,DECEASED DONOR PARTIAL WORK-UP-LOCAL
640,S100002,00407,00100,HLA - CROSSMATCH  FLOW CYTOMETRY
640,S100002,00408,00100,HLA - CROSSMATCH  LYMPHOCYTOTOXICITY
640,S100002,00409,00100,HLA - PRA - FLOW
640,S100002,00410,00100,HLA - SERUM PROCESSING AND STORAGE
640,S100002,00411,00100,HLA - STAT TESTING
640,S100002,00412,00100,HLA A TYPING  DNA CLASS I
640,S100002,00413,00100,HLA B TYPING  DNA CLASS I
640,S100002,00414,00100,HLA C TYPING  DNA CLASS I
640,S100002,00415,00100,HLA DECEASED DONOR COMPLETE WU IMPOR
640,S100002,00416,00100,HLA DECEASED DONOR COMPLETE WU LOCAL
640,S100002,00417,00100,HLA TYPING  DNA CLASS II
640,S100002,00418,00100,SERUM  FUTURE CROSSMATCH PROC & STOR
640,S100002,00419,00100,PBMC ISOLATION
640,S100003,00100,00100,MEDICAL DIRECTOR
640,S100003,00100,00300,MEDICAL DIRECTOR
640,S100003,00100,00500,LAB DIRECTOR
640,S100003,00101,00100,EXEC. DIRECTOR
640,S100003,00101,00300,PROCUREMENT COORDINATOR
640,S100003,00101,00500,TECHNICIANS
640,S100003,00102,00100,CLERICAL
640,S100003,00102,00300,PRESERVATION TECHNICIANS
640,S100003,00102,00500,TISSUE TYPING TECH.
640,S100003,00103,00100,OTHER
640,S100003,00103,00300,OTHER
640,S100003,00103,00500,OTHER
640,S200000,00100,00100,N
640,S200000,00200,00100,N
640,S200000,00300,00100,Y
640,S200000,00400,00100,Y
640,S200000,00400,00200,A
640,S200000,00500,00100,Y
640,S200000,00600,00300,CONTROLLER
640,S200000,00700,00100,EUROFINS DPT
641,A000000,00100,00000,0100CAPITAL COSTS-BLDG & FIXT
641,A000000,00200,00000,0200CAPITAL COSTS-MVBLE EQUIPMENT
641,A000000,00300,00000,0300EMPLOYEE BENEFITS
641,A000000,00400,00000,0400ADMINISTRATIVE & GENERAL
641,A000000,00500,00000,0500OPERATION AND MAINTENANCE OF PLANT
641,A000000,00600,00000,0600HOUSEKEEPING
641,A000000,00700,00000,0700MEDICAL SUPPLIES
641,A000000,00800,00000,0800OTHER OVERHEAD
641,A000000,00900,00000,0900PROCUREMENT COORDINATORS
641,A000000,01000,00000,1000PROFESSIONAL EDUCATION
641,A000000,01100,00000,1100PUBLIC EDUCATION
641,A000000,01200,00000,1200OTHER ACQUISITION
641,A000000,01300,00000,1300KIDNEY ACQUISITIONS
641,A000000,01400,00000,1400TISSUE TYPING LABORATORY
641,A000000,01500,00000,1500LIVER ACQUISITIONS
641,A000000,01600,00000,1600HEART ACQUISITIONS
641,A000000,01700,00000,1700PANCREAS ACQUISITIONS
641,A000000,01800,00000,1800LUNG ACQUISITIONS
641,A000000,01900,00000,1900OTHER ACQUISITIONS
641,A000000,02100,00000,2100RESEARCH
641,A000000,02200,00000,2200BLOOD BANK
641,A000000,02300,00000,2300LABORATORY-NON-TISSUE TYPING
641,A000000,02400,00000,2400DIALYSIS UNITS
641,A000000,02500,00000,2500OTHER AFFILIATE LABS
641,A100000,01800,00000,CONTRIBUTIONS
641,A100000,01900,00000,OTHER
641,A100000,01901,00000,NON-REIMBURSABLE EXPENSES
641,A300000,00600,00000,TRAINING/EDUCATION TRANSPLANT
641,A300000,00700,00000,OTHER TISSUE TYPING SUPPLIES
641,A300000,00800,00000,OTHER TISSUE TYPING COSTS
641,A400010,00100,00000,DENVER ADMIN ONLY
641,A400010,00100,00100,B
641,A400010,00100,00200,TISSUE TYPING LABORATORY
641,A400010,00100,00500,ADMINISTRATIVE & GENERAL
641,A400010,00200,00000,DENVER ADMIN ONLY
641,A400010,00200,00100,B
641,A400010,00200,00200,LABORATORY-NON-TISSUE TYPING
641,A500010,01500,00000,NONALLOWABLE EXPENSE
641,A500010,01500,00100,A
641,A500010,01500,00300,ADMINISTRATIVE & GENERAL
641,A51000A,00100,00100,Y
641,A51000B,00100,00200,ADMINISTRATIVE & GENERAL
641,A51000B,00100,00300,VRL ADMIN COSTS
641,A51000C,00100,00100,B
641,A51000C,00100,00400,EUROFINS VRL  INC
641,A51000C,00100,00600,BIO-ANALYTICAL TESTING
641,A60000A,00700,00000,FIXED ASSET CLEARING
641,A60000C,00500,00100,N
641,B10000*,00100,00200,CAP BLDG
641,B10000*,00100,00300,CAP COSTS
641,B10000*,00100,00400,EMPLOYEE
641,B10000*,00100,00500,MEDICAL
641,B10000*,00100,00800,ORGAN
641,B10000*,00100,01000,ADMIN &
641,B10000*,00200,00200,OP PLANT &
641,B10000*,00200,00300,MOVABLE
641,B10000*,00200,00400,BENEFITS
641,B10000*,00200,00500,SUPPLIES
641,B10000*,00200,00800,ACQUISITN
641,B10000*,00200,01000,GENERAL
641,B10000*,00300,00200,HOUSEKEEP
641,B10000*,00300,00300,EQUIPMENT
641,B10000*,00300,00800,COSTS
641,B10000*,00400,00200,SQUARE
641,B10000*,00400,00300,DOLLAR
641,B10000*,00400,00400,ADJUST
641,B10000*,00400,00500,COSTED
641,B10000*,00400,00600,ACCUMULATE
641,B10000*,00400,00800,NUMBER
641,B10000*,00400,01000,ACCUM
641,B10000*,00500,00200,FEET
641,B10000*,00500,00300,VALUE
641,B10000*,00500,00400,SALARIES
641,B10000*,00500,00500,REQUISIT
641,B10000*,00500,00600,D COST
641,B10000*,00500,00800,ORGANS
641,B10000*,00500,01000,COSTS
641,B10000*,00600,00200,1
641,B10000*,00600,00300,2
641,B10000*,00600,00400,3
641,B10000*,00600,00500,3
641,B10000*,00600,00800,3
641,B10000*,00600,01000,3
641,B100000,00000,01000,X
641,E000000,00900,00000,DUE TO\FROM MEDICARE
641,E000000,02600,00000,OTHER FIXED ASSETS
641,E000000,03100,00000,OTHER ASSETS
641,E000000,03900,00000,ACCRUED EXPENSES
641,E000000,04100,00000,OTHER CURRENT LIABILITIES
641,E000000,04600,00000,OTHER NON-CURRENT LIABILITIES
641,E000000,04700,00000,LEASE LIABILITY
641,E000000,04800,00000,DEFERRED INCOME TAXES PAY\(REC)
641,E100001,00700,00000,NET REVENUE
641,E100002,00300,00000,ADDL EXPENSES FOR AFFILIATE LABS
641,E200000,02300,00000,ROUNDING
641,E200000,02600,00000,INTEREST EXP
641,E200000,02700,00000,INCOME TAX EXP
641,E200000,02701,00000,OTHER EXPENSES
641,S000000,00100,00100,X
641,S000000,00400,00100,1
641,S000000,00500,00100,05/31/2024
641,S000000,00600,00100,10001
641,S000000,00700,00100,N
641,S000000,00800,00100,N
641,S000000,01000,00100,4
641,S000001,00100,00100,EUROFINS DONOR & PRODUCT TESTING INC
641,S000001,00100,00200,06HL05
641,S000001,00101,00100,6933-B SOUTH REVERE PARKWAY
641,S000001,00102,00100,CENTENNIAL
641,S000001,00102,00200,CO
641,S000001,00102,00300,80112
641,S000001,00300,00100,01/01/2023
641,S000001,00300,00200,12/31/2023
641,S000001,00400,00100,2
641,S000001,00400,00300,2
641,S000001,00400,00400,12/01/2007
641,S000001,00401,00300,1
641,S000002,00100,00200,Y
641,S000002,00300,00100,DIRECTOR OF FINANCE
641,S000002,00400,00100,05/29/2024
641,S100001,00700,00100,N
641,S100001,00810,00000,OTHER
641,S100002,00400,00100,1401: ABO/RH - AUTOMATED
641,S100002,00401,00100,1403: ABO/RH
641,S100002,00402,00100,1405: ABO/RH
641,S100002,00403,00100,1816: ABO A1 SUBTYPE
641,S100002,00404,00100,1817: ABO A1 SUBTYPING
641,S100002,00405,00100,2722: WNV
641,S100002,00406,00100,2749: HBA1C
641,S100002,00407,00100,2770: ULTRIO HIV/HBV/HCV
641,S100002,00408,00100,2916: HTLV I/II AB - AUTOMATED
641,S100002,00409,00100,3546: HTLV I/II AB - AVIOQ
641,S100002,00410,00100,3588: CHAGAS (EIA)
641,S100002,00411,00100,3826: IDM PROFILE # 329
641,S100002,00412,00100,P4047: PROFILE P4047
641,S100002,00413,00100,P4049: PROFILE P4049
641,S100002,00414,00100,5013: HLA-A B C DR DQ DP
641,S100002,00415,00100,5014: HLA-DQB1
641,S100002,00416,00100,7113: PROCESSING & STORAGE FEE: SERU
641,S100002,00417,00100,7119: PROCESSING & STORAGE FEE: LYMP
641,S100003,00100,00100,MEDICAL DIRECTOR
641,S100003,00100,00300,MEDICAL DIRECTOR
641,S100003,00100,00500,LAB DIRECTOR
641,S100003,00101,00100,EXEC. DIRECTOR
641,S100003,00101,00300,PROCUREMENT COORDINATOR
641,S100003,00101,00500,TECHNICIANS
641,S100003,00102,00100,CLERICAL
641,S100003,00102,00300,PRESERVATION TECHNICIANS
641,S100003,00102,00500,TISSUE TYPING TECH.
641,S100003,00103,00100,OTHER
641,S100003,00103,00300,OTHER
641,S100003,00103,00500,OTHER
641,S200000,00100,00100,N
641,S200000,00200,00100,N
641,S200000,00300,00100,Y
641,S200000,00400,00100,Y
641,S200000,00400,00200,A
641,S200000,00500,00100,Y
641,S200000,00600,00300,CONTROLLER
641,S200000,00700,00100,EUROFINS DPT
642,A000000,00100,00000,0100CAPITAL COSTS-BLDG & FIXT
642,A000000,00200,00000,0200CAPITAL COSTS-MVBLE EQUIPMENT
642,A000000,00300,00000,0300EMPLOYEE BENEFITS
642,A000000,00400,00000,0400ADMINISTRATIVE & GENERAL
642,A000000,00500,00000,0500OPERATION AND MAINTENANCE OF PLANT
642,A000000,00600,00000,0600HOUSEKEEPING
642,A000000,00700,00000,0700MEDICAL SUPPLIES
642,A000000,00800,00000,0800OTHER OVERHEAD
642,A000000,00900,00000,0900PROCUREMENT COORDINATORS
642,A000000,01000,00000,1000PROFESSIONAL EDUCATION
642,A000000,01100,00000,1100PUBLIC EDUCATION
642,A000000,01200,00000,1200OTHER ACQUISITION
642,A000000,01300,00000,1300KIDNEY ACQUISITIONS
642,A000000,01400,00000,1400TISSUE TYPING LABORATORY
642,A000000,01500,00000,1500LIVER ACQUISITIONS
642,A000000,01600,00000,1600HEART ACQUISITIONS
642,A000000,01700,00000,1700PANCREAS ACQUISITIONS
642,A000000,01800,00000,1800LUNG ACQUISITIONS
642,A000000,01900,00000,1900OTHER ACQUISITIONS
642,A000000,02100,00000,2100RESEARCH
642,A000000,02200,00000,2200BLOOD BANK
642,A000000,02300,00000,2300LABORATORY-NON-TISSUE TYPING
642,A000000,02400,00000,2400DIALYSIS UNITS
642,A100000,01700,00000,BENEFITS
642,A100000,01800,00000,DEPRECIATION
642,A100000,01900,00000,PROFESSIONAL FEES
642,A100000,01901,00000,BUILDING EXPENSE
642,A100000,01902,00000,TELEPHONE
642,A100000,01903,00000,UTILITIES
642,A100000,01904,00000,NON-REIMBURSABLE COSTS
642,A300000,00600,00000,SALARIES
642,A300000,00700,00000,DEPRECIATION
642,A300000,00800,00000,ADMIN & GENERAL
642,A300000,00900,00000,BENEFITS
642,A300000,01000,00000,DISPOSAL SERVICE
642,A300000,01001,00000,UTILITIES
642,A300000,01002,00000,SUPPLIES
642,A300000,01003,00000,ACQ COSTS ON NEW SUBSIDIARIES
642,A500010,01500,00000,NON-REIMBURSABLE COSTS TISSUE TYPING
642,A500010,01500,00100,A
642,A500010,01500,00300,TISSUE TYPING LABORATORY
642,A500010,01600,00000,NON-REIMB COSTS NON-TISSUE TYPING
642,A500010,01600,00100,A
642,A500010,01600,00300,LABORATORY-NON-TISSUE TYPING
642,A51000A,00100,00100,Y
642,A51000B,00100,00200,ADMINISTRATIVE & GENERAL
642,A51000B,00100,00300,VRL ADMIN COSTS
642,A51000C,00100,00100,B
642,A51000C,00100,00400,EUROFINS VRL  INC.
642,A51000C,00100,00600,BIO-ANALYTICAL TESTING
642,A60000A,00700,00000,FIXED ASSET CLEARING
642,A60000C,00500,00100,N
642,B10000*,00100,00200,CAP BLDG
642,B10000*,00100,00300,CAP COSTS
642,B10000*,00100,00400,EMPLOYEE
642,B10000*,00100,00500,MEDICAL
642,B10000*,00100,00800,ORGAN
642,B10000*,00100,01000,ADMIN &
642,B10000*,00200,00200,OP PLANT &
642,B10000*,00200,00300,MOVABLE
642,B10000*,00200,00400,BENEFITS
642,B10000*,00200,00500,SUPPLIES
642,B10000*,00200,00800,ACQUISITN
642,B10000*,00200,01000,GENERAL
642,B10000*,00300,00200,HOUSEKEEP
642,B10000*,00300,00300,EQUIPMENT
642,B10000*,00300,00800,COSTS
642,B10000*,00400,00200,SQUARE
642,B10000*,00400,00300,DOLLAR
642,B10000*,00400,00400,ADJUST
642,B10000*,00400,00500,COSTED
642,B10000*,00400,00600,ACCUMULATE
642,B10000*,00400,00800,NUMBER
642,B10000*,00400,01000,ACCUM
642,B10000*,00500,00200,FEET
642,B10000*,00500,00300,VALUE
642,B10000*,00500,00400,SALARIES
642,B10000*,00500,00500,REQUISIT
642,B10000*,00500,00600,D COST
642,B10000*,00500,00800,ORGANS
642,B10000*,00500,01000,COSTS
642,B10000*,00600,00200,1
642,B10000*,00600,00300,2
642,B10000*,00600,00400,3
642,B10000*,00600,00500,3
642,B10000*,00600,00800,3
642,B10000*,00600,01000,3
642,B100000,00000,01000,X
642,E000000,00900,00000,OTHER CURRENT ASSETS
642,E000000,02600,00000,OTHER FIXED ASSETS
642,E000000,03100,00000,OTHER ASSETS
642,E000000,03900,00000,ACCRUED EXPENSES
642,E000000,04100,00000,OTHER CURRENT LIABLITIES
642,E000000,04600,00000,OTHER NON-CURRENT LIABILITIES
642,E000000,04700,00000,LEASE LIABILITY
642,E000000,04800,00000,DEFERRED INCOME TAXES PAY\(REC)
642,E100001,00700,00000,NET REVENUE
642,E100001,00800,00000,INTERCOMPANY SALES
642,E100001,00900,00000,SALES - OTHER ADMIN
642,E100002,00300,00000,ADDL EXPENSES FOR AFFILIATE LABS
642,E200000,01500,00000,MISC INCOME
642,E200000,02300,00000,ROUNDING
642,E200000,02600,00000,INTEREST EXP
642,E200000,02700,00000,INCOME TAX EXP
642,E200000,02701,00000,OTHER EXPENSES
642,S000000,00100,00100,X
642,S000000,00400,00100,1
642,S000000,00500,00100,05/31/2024
642,S000000,00600,00100,10001
642,S000000,00700,00100,N
642,S000000,00800,00100,N
642,S000000,01000,00100,4
642,S000001,00100,00100,EUROFINS DONOR & PRODUCT TESTING INC
642,S000001,00100,00200,12HL01
642,S000001,00101,00100,2226 LILIHA STREET
642,S000001,00102,00100,HONOLULU
642,S000001,00102,00200,HI
642,S000001,00102,00300,96817
642,S000001,00300,00100,01/01/2023
642,S000001,00300,00200,12/31/2023
642,S000001,00400,00100,2
642,S000001,00400,00300,2
642,S000001,00400,00400,07/08/2004
642,S000001,00401,00300,1
642,S000002,00100,00200,Y
642,S000002,00300,00100,DIRECTOR OF FINANCE
642,S000002,00400,00100,05/29/2024
642,S100001,00700,00100,N
642,S100001,00810,00000,OTHER
642,S100002,00400,00100,CDC CROSSMATCH  DECEASED DONOR  NON-
642,S100002,00401,00100,CDC CROSSMATCH  DECEASED DONOR  RENA
642,S100002,00402,00100,CDC CROSSMATCH  INITIAL AUTO  RENAL
642,S100002,00403,00100,CDC CROSSMATCH  LIVING DONOR  RENAL
642,S100002,00404,00100,CELIAC DISEASE  (HLA-DQA1/DQB1 TYPIN
642,S100002,00405,00100,CPRA & AB IDENTIFICATION  CLASS I
642,S100002,00406,00100,CPRA & AB IDENTIFICATION  CLASS II
642,S100002,00407,00100,DONOR SPECIFIC AB IDENTIFICATION  CL
642,S100002,00408,00100,DONOR SPECIFIC AB IDENTIFICATION  CL
642,S100002,00409,00100,DONOR SPECIFIC AB IDENTIFICATION  CL
642,S100002,00410,00100,DONOR SPECIFIC AB IDENTIFICATION  CL
642,S100002,00411,00100,HLA-A  (LOW/INTERMED RESOLUTION)
642,S100002,00412,00100,HLA-A*29 TYPING
642,S100002,00413,00100,HLA-A  B  C  DR  DQ NON-RENAL
642,S100002,00414,00100,HLA-A  B  C  DR  DQ RENAL
642,S100002,00415,00100,HLA-A  B  C  DR  DQA  DQB  DPB DECEA
642,S100002,00416,00100,HLA-B  (LOW RESOLUTION)
642,S100002,00417,00100,HLA-B  (LOW/INTERMED RESOLUTION)
642,S100002,00418,00100,HLA-B *27 TYPING
642,S100002,00419,00100,HLA-B*15:02 TYPING
642,S100002,00420,00100,HLA-B*51 TYPING
642,S100002,00421,00100,HLA-B*57:01 TYPING
642,S100002,00422,00100,HLA-B*58:01 TYPING
642,S100002,00423,00100,HLA-DPA1  (LOW/INTERMED RESOLUTION)
642,S100002,00424,00100,HLA-DPB RENAL
642,S100002,00425,00100,HLA-DPB1  (LOW/INTERMED RESOLUTION)
642,S100002,00426,00100,HLA-DQ  (LOW/INTERMED RESOLUTION)
642,S100002,00427,00100,HLA-DQ (LOW RESOLUTION)
642,S100002,00428,00100,HLA-DQA  RENAL
642,S100002,00429,00100,HLA-DQB  RENAL
642,S100002,00430,00100,HLA-DQB1  (LOW/INTERMEDIATE RESOLUTI
642,S100002,00431,00100,HLA-DR  (LOW/INTERMED RESOLUTION)
642,S100002,00432,00100,HLA-DR (LOW RESOLUTION)
642,S100002,00433,00100,HLA-DRB1  (LOW/INTERMEDIATE RESOLUTI
642,S100002,00434,00100,HLA-DRB3/4/5  (HIGH RESOLUTION)
642,S100002,00435,00100,HLA-DRB3/4/5  (LOW/INTERMED RESOLUTI
642,S100002,00436,00100,PRA & AB IDENTIFICATION  CLASS I
642,S100002,00437,00100,PRA & AB IDENTIFICATION  CLASS I  NO
642,S100002,00438,00100,PRA & AB IDENTIFICATION  CLASS II
642,S100002,00439,00100,PRA & AB IDENTIFICATION  CLASS II  N
642,S100002,00440,00100,SINGLE ANTIGEN AB IDENTIFICATION  CL
642,S100002,00441,00100,SINGLE ANTIGEN AB IDENTIFICATION  CL
642,S100002,00442,00100,SINGLE ANTIGEN AB IDENTIFICATION  CL
642,S100002,00443,00100,SINGLE ANTIGEN AB IDENTIFICATION  CL
642,S100003,00100,00100,MEDICAL DIRECTOR
642,S100003,00100,00300,MEDICAL DIRECTOR
642,S100003,00100,00500,LAB DIRECTOR
642,S100003,00101,00100,EXEC. DIRECTOR
642,S100003,00101,00300,PROCUREMENT COORDINATOR
642,S100003,00101,00500,TECHNICIANS
642,S100003,00102,00100,CLERICAL
642,S100003,00102,00300,PRESERVATION TECHNICIANS
642,S100003,00102,00500,TISSUE TYPING TECH.
642,S100003,00103,00100,OTHER
642,S100003,00103,00300,OTHER
642,S100003,00103,00500,OTHER
642,S200000,00100,00100,N
642,S200000,00200,00100,N
642,S200000,00300,00100,Y
642,S200000,00400,00100,Y
642,S200000,00400,00200,A
642,S200000,00500,00100,Y
642,S200000,00600,00300,CONTROLLER
642,S200000,00700,00100,EUROFINS DPT
643,A000000,00100,00000,0100CAPITAL COSTS-BLDG & FIXT
643,A000000,00200,00000,0200CAPITAL COSTS-MVBLE EQUIPMENT
643,A000000,00300,00000,0300EMPLOYEE BENEFITS
643,A000000,00400,00000,0400ADMINISTRATIVE & GENERAL
643,A000000,00500,00000,0500OPERATION AND MAINTENANCE OF PLANT
643,A000000,00600,00000,0600HOUSEKEEPING
643,A000000,00700,00000,0700MEDICAL SUPPLIES
643,A000000,00800,00000,0800OTHER OVERHEAD
643,A000000,00900,00000,0900PROCUREMENT COORDINATORS
643,A000000,01000,00000,1000PROFESSIONAL EDUCATION
643,A000000,01100,00000,1100PUBLIC EDUCATION
643,A000000,01200,00000,1200CALL CENTER
643,A000000,01300,00000,1300KIDNEY ACQUISITIONS
643,A000000,01400,00000,1400TISSUE TYPING LABORATORY
643,A000000,01500,00000,1500LIVER ACQUISITIONS
643,A000000,01600,00000,1600HEART ACQUISITIONS
643,A000000,01700,00000,1700PANCREAS ACQUISITIONS
643,A000000,01800,00000,1800LUNG ACQUISITIONS
643,A000000,01900,00000,1900INTESTINE          (WKST A2 6 L 23
643,A000000,02100,00000,2100RESEARCH
643,A000000,02200,00000,2200BLOOD BANK
643,A000000,02300,00000,2300LABORATORY-NON-TISSUE TYPING
643,A000000,02400,00000,2400DIALYSIS UNITS
643,A000000,02500,00000,2500TISSUE
643,A100000,01700,00000,MEMBERSHIP DUES
643,A100000,01800,00000,MISCELLANEOUS ADMINISTRATIVE
643,A100000,01900,00000,PENSION CONTRIBUTIONS
643,A100000,01901,00000,CALL CENTER
643,A20H000,00900,00000,ACCRUED EXPENSES
643,A20H000,02100,00000,OTHER COSTS
643,A20K000,00900,00000,ACCRUED EXPENSES
643,A20K000,02100,00000,OTHER COSTS
643,A20L000,00900,00000,ACCRUED EXPENSES
643,A20L000,02100,00000,OTHER COSTS
643,A20O000,00900,00000,ACCRUED EXPENSES
643,A20O000,02100,00000,OTHER COSTS
643,A20P000,00900,00000,ACCRUED EXPENSES
643,A20P000,02100,00000,OTHER COSTS
643,A20U000,00900,00000,ACCRUED EXPENSES
643,A20U000,02100,00000,OTHER COSTS
643,A400010,00100,00000,RE-ALLOCATE RENT EXPENSE
643,A400010,00100,00100,A
643,A400010,00100,00200,CAPITAL COSTS-BLDG & FIXT
643,A400010,00100,00500,ADMINISTRATIVE & GENERAL
643,A400010,00200,00000,RECLASS EMPLOYEE GROUP INSURANCE
643,A400010,00200,00100,B
643,A400010,00200,00200,EMPLOYEE BENEFITS
643,A400010,00200,00500,ADMINISTRATIVE & GENERAL
643,A400010,00300,00000,RECLASS PAYROLL TAX - ORGAN
643,A400010,00300,00100,D
643,A400010,00300,00200,EMPLOYEE BENEFITS
643,A400010,00300,00500,PROCUREMENT COORDINATORS
643,A400010,00400,00000,RECLASS PAYROLL TAX - TISSUE
643,A400010,00400,00100,E
643,A400010,00400,00200,EMPLOYEE BENEFITS
643,A400010,00400,00500,TISSUE
643,A400010,00500,00000,RECLASS EQUIPMENT RENTAL
643,A400010,00500,00100,G
643,A400010,00500,00200,ADMINISTRATIVE & GENERAL
643,A400010,00500,00500,CAPITAL COSTS-MVBLE EQUIPMENT
643,A400010,00600,00000,TISSUE ALLOCATION
643,A400010,00600,00100,H
643,A400010,00600,00200,TISSUE
643,A400010,00600,00500,PROCUREMENT COORDINATORS
643,A400010,00700,00000,TISSUE ALLOCATION
643,A400010,00700,00100,H
643,A400010,00700,00500,PROFESSIONAL EDUCATION
643,A400010,00800,00000,TISSUE ALLOCATION
643,A400010,00800,00100,H
643,A400010,00800,00500,PUBLIC EDUCATION
643,A400010,00900,00000,INTEREST EXPENSE
643,A400010,00900,00100,J
643,A400010,00900,00200,CAPITAL COSTS-BLDG & FIXT
643,A400010,00900,00500,ADMINISTRATIVE & GENERAL
643,A500010,00700,00100,B
643,A500010,00700,00300,CAPITAL COSTS-BLDG & FIXT
643,A500010,00800,00100,B
643,A500010,00800,00300,PROCUREMENT COORDINATORS
643,A500010,01200,00100,B
643,A500010,01200,00300,CAPITAL COSTS-BLDG & FIXT
643,A500010,01501,00000,FUNDRAISING
643,A500010,01501,00100,B
643,A500010,01501,00300,PUBLIC EDUCATION
643,A500010,01600,00000,NONALLOWABLE EXPENSES
643,A500010,01600,00100,A
643,A500010,01600,00300,PROCUREMENT COORDINATORS
643,A51000A,00100,00100,N
643,A60000A,00700,00000,LEASEHOLD IMPROVEMENTS
643,A60000A,00701,00000,CIP
643,A60000B,00800,00000,LEASEHOLD IMPROVEMENTS
643,A60000C,00500,00100,N
643,B10000*,00100,00200,CAP BLDG
643,B10000*,00100,00300,CAP COSTS
643,B10000*,00100,00400,EMPLOYEE
643,B10000*,00100,00500,MEDICAL
643,B10000*,00100,00800,ORGAN
643,B10000*,00100,01000,ADMIN &
643,B10000*,00200,00200,OP PLANT &
643,B10000*,00200,00300,MOVABLE
643,B10000*,00200,00400,BENEFITS
643,B10000*,00200,00500,SUPPLIES
643,B10000*,00200,00800,ACQUISITN
643,B10000*,00200,01000,GENERAL
643,B10000*,00300,00200,HOUSEKEEP
643,B10000*,00300,00300,EQUIPMENT
643,B10000*,00300,00800,COSTS
643,B10000*,00400,00200,SQUARE SQ.
643,B10000*,00400,00300,DOLLAR
643,B10000*,00400,00400,ADJUST
643,B10000*,00400,00500,COSTED REQ
643,B10000*,00400,00800,NO. OF ORG
643,B10000*,00400,01000,ACCUM
643,B10000*,00500,00200,FT.)
643,B10000*,00500,00300,VALUE
643,B10000*,00500,00400,SALARIES
643,B10000*,00500,00500,UIS
643,B10000*,00500,00800,ANS
643,B10000*,00500,01000,COSTS
643,B10000*,00600,00200,1
643,B10000*,00600,00300,2
643,B10000*,00600,00400,3
643,B10000*,00600,00500,3
643,B10000*,00600,00800,3
643,B10000*,00600,01000,3
643,B100000,00000,01000,X
643,E000000,00900,00000,OTHER ASSETS
643,E000000,02600,00000,CONSTRUCTION IN PROGRESS
643,E000000,03100,00000,OTHER ASSETS
643,E000000,03900,00000,OPERATING LEASE LIABILITIES
643,E100001,00700,00000,ORGAN REVENUE
643,E100001,00800,00000,TISSUE SERVICES
643,E100001,00900,00000,RESEARCH
643,E100002,00300,00000,FUNDRAISING
643,E100002,00400,00000,CONTRIBUTIONS
643,E100002,00500,00000,BANK FEES
643,E100002,00501,00000,OTHER EXPENSES
643,E200000,01500,00000,FUNDRAISING
643,E200000,01600,00000,MISCELLANEOUS
643,E200000,01700,00000,RECEIVED FROM CMS
643,E200000,01800,00000,OTHER INCOME
643,E200000,02000,00000,GAIN/ LOSS
643,E200000,02100,00000,CUMM EFFECT ADJ ASC 326
643,E200000,02200,00000,NET ASSETS RELEASED FROM RESTRICTION
643,E200000,02600,00000,GAIN/LOSS
643,S000000,00100,00100,X
643,S000000,00400,00100,1
643,S000000,00500,00100,05/31/2024
643,S000000,00600,00100,10001
643,S000000,00700,00100,N
643,S000000,00800,00100,N
643,S000000,01000,00100,4
643,S000001,00100,00100,LOUISIANA ORGAN PROCUREMENT AGENCY
643,S000001,00100,00200,19P001
643,S000001,00101,00100,68190 HWY 190 SERVICE ROAD
643,S000001,00102,00100,COVINGTON
643,S000001,00102,00200,LA
643,S000001,00102,00300,70433
643,S000001,00300,00100,01/01/2023
643,S000001,00300,00200,12/31/2023
643,S000001,00400,00100,6
643,S000001,00400,00300,1
643,S000001,00400,00400,11/27/1987
643,S000001,00401,00300,1
643,S000002,00100,00200,Y
643,S000002,00300,00100,CFO
643,S000002,00400,00100,05/30/2024
643,S100001,00700,00100,N
643,S100001,00810,00000,INTESTINE
643,S100001,00811,00000,SAPH VEINS
643,S100003,00100,00100,MEDICAL DIRECTOR
643,S100003,00100,00300,MEDICAL DIRECTOR
643,S100003,00100,00500,LAB DIRECTOR
643,S100003,00101,00100,EXEC. DIRECTOR
643,S100003,00101,00300,PROCUREMENT COORDINATOR
643,S100003,00101,00500,TECHNICIANS
643,S100003,00102,00100,CLERICAL
643,S100003,00102,00300,PRESERVATION TECHNICIANS
643,S100003,00102,00500,TISSUE TYPING TECH.
643,S100003,00103,00100,OTHER
643,S100003,00103,00300,OTHER
643,S100003,00103,00500,OTHER
643,S200000,00100,00100,N
643,S200000,00200,00100,N
643,S200000,00300,00100,N
643,S200000,00400,00100,Y
643,S200000,00400,00200,A
643,S200000,00500,00100,N
643,S200000,00600,00300,DIRECTOR OF FINANCE
643,S200000,00700,00100,LOUISIANA ORGAN PROCUREMENT AGENCY
644,A000000,00100,00000,0100CAPITAL COSTS-BLDG & FIXT
644,A000000,00200,00000,0200CAPITAL COSTS-MVBLE EQUIPMENT
644,A000000,00300,00000,0300EMPLOYEE BENEFITS
644,A000000,00400,00000,0400ADMINISTRATIVE & GENERAL
644,A000000,00500,00000,0500OPERATION AND MAINTENANCE OF PLANT
644,A000000,00600,00000,0600HOUSEKEEPING
644,A000000,00700,00000,0700MEDICAL SUPPLIES
644,A000000,00800,00000,0800OTHER OVERHEAD
644,A000000,00900,00000,0900PROCUREMENT COORDINATORS
644,A000000,01000,00000,1000PROFESSIONAL EDUCATION
644,A000000,01100,00000,1100PUBLIC EDUCATION
644,A000000,01200,00000,1200OTHER ACQUISITION
644,A000000,01300,00000,1300KIDNEY ACQUISITIONS
644,A000000,01400,00000,1400TISSUE TYPING LABORATORY
644,A000000,01500,00000,1500LIVER ACQUISITIONS
644,A000000,01600,00000,1600HEART ACQUISITIONS
644,A000000,01700,00000,1700PANCREAS ACQUISITIONS
644,A000000,01800,00000,1800LUNG ACQUISITIONS
644,A000000,01900,00000,1900INTESTINE ACQUISITIONS
644,A000000,02100,00000,2100RESEARCH
644,A000000,02200,00000,2200BLOOD BANK
644,A000000,02300,00000,2300LABORATORY-NON-TISSUE TYPING
644,A000000,02400,00000,2400DIALYSIS UNITS
644,A000000,02500,00000,2500FUND RAISING/ADVANCEMENT
644,A000000,02501,00000,2501EYE ACQUISITION
644,A000000,02502,00000,2502TISSUE ACQUISITION
644,A100000,01700,00000,ENDOWMENT GRANTS
644,A100000,01800,00000,OTHER A&G
644,A20H000,00900,00000,HOSPITAL COSTS
644,A20K000,00900,00000,HOSPITAL COSTS
644,A20K000,02100,00000,KIDNEY PUMPING
644,A20L000,00900,00000,HOSPITAL COSTS
644,A20O000,00900,00000,DONOR HOSPITSL OTHER
644,A20O000,02100,00000,INTENSIVIST EXP
644,A20P000,00900,00000,HOSPITAL COSTS
644,A20P000,02100,00000,OTHER
644,A20U000,00900,00000,HOSPITAL COSTS
644,A20U000,02100,00000,INTENSIVIST EXPENSE
644,A400010,00100,00000,TISSUE OVERHEAD - PROF\PUB ED
644,A400010,00100,00100,A
644,A400010,00100,00200,TISSUE ACQUISITION
644,A400010,00100,00500,PUBLIC EDUCATION
644,A400010,00200,00000,TISSUE OVERHEAD - PROCUREMENT
644,A400010,00200,00100,B
644,A400010,00200,00200,TISSUE ACQUISITION
644,A400010,00200,00500,PROCUREMENT COORDINATORS
644,A400010,00300,00000,CAPITAL COSTS
644,A400010,00300,00100,C
644,A400010,00300,00200,CAPITAL COSTS-BLDG & FIXT
644,A400010,00300,00500,ADMINISTRATIVE & GENERAL
644,A400010,00400,00000,FUNDRAISING SALARIES
644,A400010,00400,00100,D
644,A400010,00400,00200,FUND RAISING/ADVANCEMENT
644,A400010,00400,00500,PUBLIC EDUCATION
644,A500010,00700,00100,B
644,A500010,00700,00300,CAPITAL COSTS-BLDG & FIXT
644,A500010,00800,00100,B
644,A500010,00800,00300,PROCUREMENT COORDINATORS
644,A500010,01200,00100,B
644,A500010,01200,00300,CAPITAL COSTS-BLDG & FIXT
644,A500010,01500,00000,MISC INCOME ADMIN
644,A500010,01500,00100,B
644,A500010,01500,00300,ADMINISTRATIVE & GENERAL
644,A500010,01501,00000,MISC INCOME BLOOD
644,A500010,01501,00100,B
644,A500010,01501,00300,BLOOD BANK
644,A500010,01503,00000,FUNERAL DIRECTOR EMBALMING
644,A500010,01503,00100,A
644,A500010,01503,00300,TISSUE ACQUISITION
644,A500010,01504,00000,TRANSPORTATION OF DONORS
644,A500010,01504,00100,A
644,A500010,01504,00300,TISSUE ACQUISITION
644,A500010,01505,00000,COMMUNICATION CTR REVENUE
644,A500010,01505,00100,B
644,A500010,01505,00300,ADMINISTRATIVE & GENERAL
644,A500010,01506,00000,LOBBYING EXPENSE
644,A500010,01506,00100,A
644,A500010,01506,00300,PROCUREMENT COORDINATORS
644,A500010,01507,00000,NONEMPLOYEE MEETINGS\TRAVEL
644,A500010,01507,00100,A
644,A500010,01507,00300,ADMINISTRATIVE & GENERAL
644,A500010,01508,00000,NONEMPLOYEE MEETINGS\TRAVEL
644,A500010,01508,00100,A
644,A500010,01508,00300,PROCUREMENT COORDINATORS
644,A500010,01509,00000,NONEMPLOYEE MEETINGS\TRAVEL
644,A500010,01509,00100,A
644,A500010,01509,00300,PUBLIC EDUCATION
644,A500010,01510,00000,NONEMPLOYEE MEETINGS\TRAVEL
644,A500010,01510,00100,A
644,A500010,01510,00300,BLOOD BANK
644,A500010,01512,00000,SPONSORSHIPD W/O EDUCATION
644,A500010,01512,00100,A
644,A500010,01512,00300,PUBLIC EDUCATION
644,A500010,01513,00000,SPONSORSHIPD W/O EDUCATION
644,A500010,01513,00100,A
644,A500010,01513,00300,BLOOD BANK
644,A500010,01515,00000,EXCESS KIDNEY SURGEON FEES
644,A500010,01515,00100,A
644,A500010,01515,00300,KIDNEY ACQUISITIONS
644,A500010,01517,00000,NONALLOWABLE NON-EMPLOYEE MEALS
644,A500010,01517,00100,A
644,A500010,01517,00300,PROCUREMENT COORDINATORS
644,A51000A,00100,00100,N
644,B10000*,00100,00200,CAP BLDG
644,B10000*,00100,00300,CAP COSTS
644,B10000*,00100,00400,EMPLOYEE
644,B10000*,00100,00500,MEDICAL
644,B10000*,00100,00800,ORGAN
644,B10000*,00100,01000,ADMIN &
644,B10000*,00200,00200,OP PLANT &
644,B10000*,00200,00300,MOVABLE
644,B10000*,00200,00400,BENEFITS
644,B10000*,00200,00500,SUPPLIES
644,B10000*,00200,00800,ACQUISITN
644,B10000*,00200,01000,GENERAL
644,B10000*,00300,00200,HOUSEKEEP
644,B10000*,00300,00300,EQUIPMENT
644,B10000*,00300,00800,COSTS
644,B10000*,00400,00200,SQUARE
644,B10000*,00400,00300,SQUARE
644,B10000*,00400,00400,ADJUST
644,B10000*,00400,00500,COSTED
644,B10000*,00400,00800,NUMBER
644,B10000*,00400,01000,ACCUM
644,B10000*,00500,00200,FEET
644,B10000*,00500,00300,FEET
644,B10000*,00500,00400,SALARIES
644,B10000*,00500,00500,REQUISIT
644,B10000*,00500,00800,ORGANS
644,B10000*,00500,01000,COSTS
644,B10000*,00600,00200,1
644,B10000*,00600,00300,2
644,B10000*,00600,00400,3
644,B10000*,00600,00500,3
644,B10000*,00600,00800,3
644,B10000*,00600,01000,3
644,B100000,00000,01000,X
644,E000000,00900,00000,OTHER CURRENT - INVESTMENTS
644,E000000,02600,00000,OTHER ASSETS
644,E000000,03100,00000,RIGHT OF USE ASSETS - LEASES
644,E000000,03900,00000,SHORT TERM BORROWINGS
644,E000000,04100,00000,LEASE LIABILITIES
644,E000000,04600,00000,LEASE LIABILITIUES
644,E000000,04700,00000,OTHER LIABILITIES
644,E100001,00700,00000,OCULAR REVENUE
644,E100001,00800,00000,TISSUE REVENUE
644,E100001,00900,00000,COMMUNICATION CENTER REVENUE
644,E100002,00800,00000,SPECIAL EVENT COSTS
644,E100002,00900,00000,CDT REVENUE SHARE
644,E200000,01900,00000,PPP LOAN FORGIVENESS
644,E200000,02000,00000,SPECIAL EVENTS
644,E200000,02100,00000,MISC INCOME
644,E200000,02200,00000,NET ASSETS RELEASED FROM RESTRICTION
644,E200000,02300,00000,ALLOSOURCE ALLOCATIONS
644,E200000,02301,00000,MEDICARE REIMB SETTLEMENT
644,E200000,02600,00000,ALLOSOURCE ALLOCATIONS
644,E200000,02700,00000,NET ASSETS RELEASED FROM RESTRICTION
644,E200000,02701,00000,INVESTMENT LOSSES
644,S000000,00100,00100,X
644,S000000,00400,00100,1
644,S000000,00500,00100,05/31/2024
644,S000000,00600,00100,10001
644,S000000,00700,00100,N
644,S000000,00800,00100,N
644,S000000,01000,00100,4
644,S000001,00100,00100,CONNECTLIFE
644,S000001,00100,00200,33P001
644,S000001,00101,00100,4444 BRYANT AND STRATTON WAY
644,S000001,00102,00100,WILLIAMSVILLE
644,S000001,00102,00200,NY
644,S000001,00102,00300,14221
644,S000001,00300,00100,01/01/2023
644,S000001,00300,00200,12/31/2023
644,S000001,00400,00100,2
644,S000001,00400,00300,1
644,S000001,00400,00400,03/01/1992
644,S000001,00401,00100,5
644,S000001,00401,00300,1
644,S000002,00100,00200,Y
644,S000002,00300,00100,COO/CFO
644,S000002,00400,00100,05/29/2024
644,S100001,00700,00100,N
644,S100001,00810,00000,INTESTINE
644,S100001,00811,00000,BIRTH TISSUE
644,S100003,00100,00100,MEDICAL DIRECTOR
644,S100003,00100,00300,MEDICAL DIRECTOR
644,S100003,00100,00500,LAB DIRECTOR
644,S100003,00101,00100,EXEC. DIRECTOR
644,S100003,00101,00300,PROCUREMENT COORDINATOR
644,S100003,00101,00500,TECHNICIANS
644,S100003,00102,00100,CLERICAL
644,S100003,00102,00300,PRESERVATION TECHNICIANS
644,S100003,00102,00500,TISSUE TYPING TECH.
644,S100003,00103,00100,OTHER
644,S100003,00103,00300,OTHER
644,S100003,00103,00500,OTHER
644,S200000,00100,00100,N
644,S200000,00200,00100,N
644,S200000,00300,00100,N
644,S200000,00400,00100,Y
644,S200000,00400,00200,A
644,S200000,00400,00300,06/30/2023
644,S200000,00500,00100,Y
644,S200000,00600,00300,COO\CFO
644,S200000,00700,00100,CONNECTLIFE
645,A000000,00100,00000,0100CAPITAL COSTS-BLDG & FIXT
645,A000000,00200,00000,0200CAPITAL COSTS-MVBLE EQUIPMENT
645,A000000,00300,00000,0300EMPLOYEE BENEFITS
645,A000000,00400,00000,0400ADMINISTRATIVE & GENERAL
645,A000000,00500,00000,0500OPERATION AND MAINTENANCE OF PLANT
645,A000000,00600,00000,0600HOUSEKEEPING
645,A000000,00700,00000,0700MEDICAL SUPPLIES
645,A000000,00800,00000,0800OTHER OVERHEAD
645,A000000,00900,00000,0900PROCUREMENT COORDINATORS
645,A000000,01000,00000,1000PROFESSIONAL EDUCATION
645,A000000,01100,00000,1100PUBLIC EDUCATION
645,A000000,01200,00000,1200OTHER ACQUISITION
645,A000000,01300,00000,1300KIDNEY ACQUISITIONS
645,A000000,01400,00000,1400TISSUE TYPING LABORATORY
645,A000000,01500,00000,1500LIVER ACQUISITIONS
645,A000000,01600,00000,1600HEART ACQUISITIONS
645,A000000,01700,00000,1700PANCREAS ACQUISITIONS
645,A000000,01800,00000,1800LUNG ACQUISITIONS
645,A000000,01900,00000,1900OTHER ACQUISITIONS
645,A000000,02100,00000,2100RESEARCH
645,A000000,02200,00000,2200BLOOD BANK
645,A000000,02300,00000,2300LABORATORY-NON-TISSUE TYPING
645,A000000,02400,00000,2400DIALYSIS UNITS
645,A000000,02500,00000,2500OTHER NON-REIMBURSABLE
645,A51000A,00100,00100,N
645,S000000,00100,00100,X
645,S000000,00400,00100,2
645,S000000,00500,00100,06/03/2024
645,S000000,00600,00100,10001
645,S000000,00700,00100,N
645,S000000,00800,00100,N
645,S000000,00900,00100,06/25/2024
645,S000000,01000,00100,4
645,S000001,00100,00100,COMMUNITY BLOOD CENTER
645,S000001,00100,00200,36HL06
645,S000001,00101,00100,349 S MAIN STREET
645,S000001,00102,00100,DAYTON
645,S000001,00102,00200,OH
645,S000001,00102,00300,45402-2715
645,S000001,00200,00100,COMMUNITY BLOOD CENTER
645,S000001,00200,00200,36HL06
645,S000001,00201,00100,349 S MAIN STREET
645,S000001,00202,00100,DAYTON
645,S000001,00202,00200,OH
645,S000001,00202,00300,45402-2715
645,S000001,00300,00100,01/01/2023
645,S000001,00300,00200,12/31/2023
645,S000001,00400,00100,5
645,S000001,00400,00300,2
645,S000001,00400,00400,10/22/1983
645,S000001,00401,00100,5
645,S000001,00401,00300,2
645,S000001,00401,00400,10/22/1983
645,S100001,00700,00100,N
645,S100001,00810,00000,OTHER
645,S100003,00100,00100,MEDICAL DIRECTOR
645,S100003,00100,00300,MEDICAL DIRECTOR
645,S100003,00100,00500,LAB DIRECTOR
645,S100003,00101,00100,EXEC. DIRECTOR
645,S100003,00101,00300,PROCUREMENT COORDINATOR
645,S100003,00101,00500,TECHNICIANS
645,S100003,00102,00100,CLERICAL
645,S100003,00102,00300,PRESERVATION TECHNICIANS
645,S100003,00102,00500,TISSUE TYPING TECH.
645,S100003,00103,00100,OTHER
645,S100003,00103,00300,OTHER
645,S100003,00103,00500,OTHER
645,S200000,00100,00100,N
645,S200000,00200,00100,N
645,S200000,00300,00100,N
645,S200000,00400,00100,N
645,S200000,00500,00100,N
646,A000000,00100,00000,0100CAPITAL COSTS-BLDG & FIXT
646,A000000,00200,00000,0200CAPITAL COSTS-MVBLE EQUIPMENT
646,A000000,00300,00000,0300EMPLOYEE BENEFITS
646,A000000,00400,00000,0400ADMINISTRATIVE & GENERAL
646,A000000,00500,00000,0500OPERATION AND MAINTENANCE OF PLANT
646,A000000,00600,00000,0600HOUSEKEEPING
646,A000000,00700,00000,0700MEDICAL SUPPLIES
646,A000000,00800,00000,0800OTHER OVERHEAD
646,A000000,00900,00000,0900PROCUREMENT COORDINATORS
646,A000000,01000,00000,1000PROFESSIONAL EDUCATION
646,A000000,01100,00000,1100PUBLIC EDUCATION
646,A000000,01300,00000,1300KIDNEY ACQUISITIONS
646,A000000,01400,00000,1400TISSUE TYPING LABORATORY
646,A000000,01500,00000,1500LIVER ACQUISITIONS
646,A000000,01600,00000,1600HEART ACQUISITIONS
646,A000000,01700,00000,1700PANCREAS ACQUISITIONS
646,A000000,01800,00000,1800LUNG ACQUISITIONS
646,A000000,01900,00000,1900DOUBLE LUNG      S
646,A000000,01901,00000,1901HEART/LUNG       S 2
646,A000000,01902,00000,1902INTESTINES       S 3
646,A000000,01903,00000,1903OTHER ACQUISITION
646,A000000,02100,00000,2100RESEARCH
646,A000000,02200,00000,2200BLOOD BANK
646,A000000,02300,00000,2300LABORATORY-NON-TISSUE TYPING
646,A000000,02400,00000,2400DIALYSIS UNITS
646,A000000,02500,00000,2500TISSUE RECOVERY SERVICES
646,A000000,02501,00000,2501FOUNDATION EXPENSE
646,A000000,02502,00000,2502EYE BANK
646,A000000,02503,00000,2503CINGULAR SPACE
646,A000000,02504,00000,2504HLA OFFICES + LAB
646,A000000,02505,00000,2505UNUSED SPACE
646,A000000,02508,00000,2508TX HOUSE
646,A100000,01700,00000,CONSULTING
646,A100000,01800,00000,MISCELLANEOUS
646,A100000,01900,00000,TEMP HELP / MEMBERSHIP FEES
646,A100000,01901,00000,OTHER OFFICE ADMINISTRATIVE &GENERAL
646,A20H000,00900,00000,GLDP-DHP CASE RATE
646,A20H000,02100,00000,LAB - SEROLOGIES
646,A20H000,02101,00000,NRP EXPENSES
646,A20K000,00900,00000,GLDP-DHP CASE RATE
646,A20K000,02100,00000,LAB - SEROLOGIES
646,A20K000,02101,00000,NRP EXPENSES
646,A20L000,00900,00000,GLDP-DHP CASE RATE
646,A20L000,02100,00000,LAB - SEROLOGIES
646,A20L000,02101,00000,NRP EXPENSES
646,A20O000,00900,00000,GLDP-DHP CASE RATE
646,A20O000,02100,00000,LAB - SEROLOGIES
646,A20O000,02101,00000,NRP EXPENSES
646,A20O001,00900,00000,GLDP-DHP CASE RATE
646,A20O001,02100,00000,LAB - SEROLOGIES
646,A20O001,02101,00000,O
646,A20O002,00900,00000,GLDP-DHP CASE RATE
646,A20O002,02100,00000,LAB - SEROLOGIES
646,A20O002,02101,00000,O
646,A20O003,02100,00000,LAB - SEROLOGIES
646,A20O003,02101,00000,OPEN
646,A20P000,00900,00000,GLDP-DHP CASE RATE
646,A20P000,02100,00000,LAB - SEROLOGIES
646,A20P000,02101,00000,NRP EXPENSES
646,A20U000,00900,00000,GLDP-DHP CASE RATE
646,A20U000,02100,00000,LAB - SEROLOGIES
646,A20U000,02101,00000,O
646,A400010,00100,00000,PERFUSION TO EX-RENAL
646,A400010,00100,00100,A
646,A400010,00100,00200,LIVER ACQUISITIONS
646,A400010,00100,00500,KIDNEY ACQUISITIONS
646,A400010,00200,00000,PERFUSION TO EX-RENAL
646,A400010,00200,00100,B
646,A400010,00200,00200,PANCREAS ACQUISITIONS
646,A400010,00200,00500,KIDNEY ACQUISITIONS
646,A400010,00300,00000,RECLASS TO TISSUE
646,A400010,00300,00100,C
646,A400010,00300,00200,TISSUE RECOVERY SERVICES
646,A400010,00300,00500,PROCUREMENT COORDINATORS
646,A400010,00400,00000,RECLASS TO TISSUE
646,A400010,00400,00100,D
646,A400010,00400,00200,TISSUE RECOVERY SERVICES
646,A400010,00400,00500,PUBLIC EDUCATION
646,A400010,00500,00000,RECLASS TO TISSUE
646,A400010,00500,00100,E
646,A400010,00500,00200,TISSUE RECOVERY SERVICES
646,A400010,00500,00500,PROFESSIONAL EDUCATION
646,A400010,00600,00000,H/R EXP - DIRECT COSTS
646,A400010,00600,00100,I
646,A400010,00600,00200,EMPLOYEE BENEFITS
646,A400010,00600,00500,ADMINISTRATIVE & GENERAL
646,A400010,00700,00000,RENT & LEASE EXPENSE
646,A400010,00700,00100,J
646,A400010,00700,00200,CAPITAL COSTS-BLDG & FIXT
646,A400010,00700,00500,ADMINISTRATIVE & GENERAL
646,A400010,00800,00000,BLD CAP TO A&G
646,A400010,00800,00100,K
646,A400010,00800,00200,ADMINISTRATIVE & GENERAL
646,A400010,00800,00500,CAPITAL COSTS-BLDG & FIXT
646,A400010,00900,00000,EQUIP TO A&G
646,A400010,00900,00100,M
646,A400010,00900,00200,ADMINISTRATIVE & GENERAL
646,A400010,00900,00500,OPERATION AND MAINTENANCE OF PLANT
646,A400010,01000,00000,PLANT TO A&G
646,A400010,01000,00100,O
646,A400010,01000,00200,ADMINISTRATIVE & GENERAL
646,A400010,01000,00500,CAPITAL COSTS-MVBLE EQUIPMENT
646,A400010,01100,00000,SURGEON ALLOCATION
646,A400010,01100,00100,R
646,A400010,01100,00200,KIDNEY ACQUISITIONS
646,A400010,01100,00500,PROCUREMENT COORDINATORS
646,A400010,01200,00000,SURGEON ALLOCATION
646,A400010,01200,00100,S
646,A400010,01200,00200,LIVER ACQUISITIONS
646,A400010,01200,00500,PROCUREMENT COORDINATORS
646,A400010,01300,00000,SURGEON ALLOCATION
646,A400010,01300,00100,T
646,A400010,01300,00200,PANCREAS ACQUISITIONS
646,A400010,01300,00500,PROCUREMENT COORDINATORS
646,A500010,00500,00100,B
646,A500010,00500,00300,PROCUREMENT COORDINATORS
646,A500010,00800,00100,B
646,A500010,00800,00300,PROCUREMENT COORDINATORS
646,A500010,00900,00100,B
646,A500010,00900,00300,PUBLIC EDUCATION
646,A500010,01200,00100,B
646,A500010,01200,00300,ADMINISTRATIVE & GENERAL
646,A500010,01500,00000,LOBBYING EXPENSE
646,A500010,01500,00100,A
646,A500010,01500,00300,ADMINISTRATIVE & GENERAL
646,A500010,01600,00000,MISC INCOME-G&A
646,A500010,01600,00100,B
646,A500010,01600,00300,ADMINISTRATIVE & GENERAL
646,A500010,01601,00000,COLLABORATIVE EXPENSES
646,A500010,01601,00100,A
646,A500010,01601,00300,PROCUREMENT COORDINATORS
646,A500010,01602,00000,LIVING KIDNEY REVENUE
646,A500010,01602,00100,B
646,A500010,01602,00300,PROCUREMENT COORDINATORS
646,A500010,01603,00000,MISC INCOME-TISSUE
646,A500010,01603,00100,B
646,A500010,01603,00300,TISSUE RECOVERY SERVICES
646,A500010,01604,00000,MISC INCOME-PUBLIC EDUCATION
646,A500010,01604,00100,B
646,A500010,01604,00300,PUBLIC EDUCATION
646,A500010,01605,00000,DISALLOW NON-ALLOWABLE EXPENSE
646,A500010,01605,00100,A
646,A500010,01605,00300,PUBLIC EDUCATION
646,A500010,01606,00000,DISALLOW NON-ALLOWABLE EXPENSE
646,A500010,01606,00100,A
646,A500010,01606,00300,ADMINISTRATIVE & GENERAL
646,A500010,01607,00000,DISALLOW NON-ALLOWABLE EXPENSE
646,A500010,01607,00100,A
646,A500010,01607,00300,PROFESSIONAL EDUCATION
646,A500010,01608,00000,DISALLOW NON-ALLOWABLE EXPENSE
646,A500010,01608,00100,A
646,A500010,01608,00300,PROCUREMENT COORDINATORS
646,A500010,01609,00000,DISALLOW NON-ALLOWABLE EXPENSE
646,A500010,01609,00100,A
646,A500010,01609,00300,TISSUE RECOVERY SERVICES
646,A500010,01610,00000,DISALL HERSHEY BLDG EXP 859 FISHBURN
646,A500010,01610,00100,A
646,A500010,01610,00300,OPERATION AND MAINTENANCE OF PLANT
646,A500010,01611,00000,DISALL HERSHEY BLDG EXP 859 FISHBURN
646,A500010,01611,00100,A
646,A500010,01611,00300,TISSUE RECOVERY SERVICES
646,A500010,01612,00000,DISALLOW NON-ALLOWABLE EXPENSE
646,A500010,01612,00100,A
646,A500010,01612,00300,KIDNEY ACQUISITIONS
646,A51000A,00100,00100,Y
646,A51000B,00100,00200,PUBLIC EDUCATION
646,A51000B,00100,00300,LODGING
646,A51000B,00200,00200,ADMINISTRATIVE & GENERAL
646,A51000B,00200,00300,LODGING
646,A51000C,00100,00100,C
646,A51000C,00100,00200,GIFT OF LIFE DONOR PROGRAM
646,A51000C,00100,00400,HOWIES HOUSE
646,A51000C,00100,00600,LODGING FOR TRANSPLANTATION
646,A51000C,00200,00100,C
646,A51000C,00200,00200,GIFT OF LIFE DONOR PROGRAM
646,A51000C,00200,00400,HOWIES HOUSE
646,A51000C,00200,00600,LODGING FOR TRANSPLANTATION
646,A60000A,00700,00000,CONSTRUCTION IN PROGRESS
646,A60000A,00701,00000,BUILDING SERVICE EQUIPMENT
646,A60000A,00702,00000,LEASEHOLD IMPROVEMENTS
646,A60000A,00703,00000,CAPITAL ASSETS LEASED
646,A60000B,00801,00000,LEASEHOLD IMPROVEMENTS
646,A60000B,00802,00000,CAPITAL ASSETS LEASED
646,A60000C,00500,00100,N
646,B10000*,00100,00200,CAP BLDG
646,B10000*,00100,00300,CAP COSTS
646,B10000*,00100,00400,EMPLOYEE
646,B10000*,00100,00500,MEDICAL
646,B10000*,00100,00800,ORGAN
646,B10000*,00100,01000,ADMIN &
646,B10000*,00200,00200,OP PLANT &
646,B10000*,00200,00300,MOVABLE
646,B10000*,00200,00400,BENEFITS
646,B10000*,00200,00500,SUPPLIES
646,B10000*,00200,00800,ACQUISITN
646,B10000*,00200,01000,GENERAL
646,B10000*,00300,00200,HOUSEKEEP
646,B10000*,00300,00300,EQUIPMENT
646,B10000*,00300,00800,COSTS
646,B10000*,00400,00200,SQUARE
646,B10000*,00400,00300,DOLLAR
646,B10000*,00400,00400,ADJUST
646,B10000*,00400,00500,COSTED
646,B10000*,00400,00800,NUMBER
646,B10000*,00400,01000,ACCUM
646,B10000*,00500,00200,FEET
646,B10000*,00500,00300,VALUE
646,B10000*,00500,00400,SALARIES
646,B10000*,00500,00500,REQUISIT
646,B10000*,00500,00800,ORGANS
646,B10000*,00500,01000,COSTS
646,B10000*,00600,00200,1
646,B10000*,00600,00300,2
646,B10000*,00600,00400,3
646,B10000*,00600,00500,3
646,B10000*,00600,00800,3
646,B10000*,00600,01000,3
646,B100000,00000,01000,X
646,E000000,00900,00000,OTHER CURRENT ASSETS
646,E000000,02600,00000,OTHER FIXED ASSETS
646,E000000,03100,00000,OTHER ASSETS - NONCURRENT
646,E000000,03900,00000,ACCRUED EXPENSE
646,E000000,04100,00000,ACCOUNTS PAYABLE - THIRD PARTY
646,E100001,00700,00000,TISSUE RECCOVERY REVENUE
646,E100001,00800,00000,RESEARCH REVENUE
646,E100001,00900,00000,EX-RENAL AIR TRANS REVENUE
646,E100002,00300,00000,CONTRACTUAL ALLOWANCES
646,E100002,00400,00000,ALLOW/BAD DEBT
646,E100002,00800,00000,CONTRACTUAL ALLOWANCES
646,E200000,01500,00000,PUBLIC EDUCATION REVENUE
646,E200000,01700,00000,MISC INCOME
646,E200000,01800,00000,UWHC-REFERRAL REVENUE
646,S000000,00100,00100,X
646,S000000,00400,00100,1
646,S000000,00500,00100,05/31/2024
646,S000000,00600,00100,10001
646,S000000,00700,00100,N
646,S000000,00800,00100,N
646,S000000,01000,00100,4
646,S000001,00100,00100,GIFT OF LIFE DONOR PROGRAM
646,S000001,00100,00200,39P001
646,S000001,00101,00100,401 N. 3RD STREET
646,S000001,00102,00100,PHILADELPHIA
646,S000001,00102,00200,PA
646,S000001,00102,00300,19123
646,S000001,00300,00100,01/01/2023
646,S000001,00300,00200,12/31/2023
646,S000001,00400,00100,8
646,S000001,00400,00300,1
646,S000001,00400,00400,04/01/1978
646,S000001,00401,00300,1
646,S100001,00700,00100,N
646,S100001,00810,00000,VCA
646,S100001,00811,00000,INTESTINE
646,S100001,00812,00000,OTHER REVENUE
646,S100001,00813,00000,RESEARCH
646,S100001,00814,00000,LUNG-DOUBLE
646,S100001,00815,00000,OTHER TISSUE
646,S100003,00100,00100,MEDICAL DIRECTOR
646,S100003,00100,00300,MEDICAL DIRECTOR
646,S100003,00100,00500,LAB DIRECTOR
646,S100003,00101,00100,EXEC. DIRECTOR
646,S100003,00101,00300,PROCUREMENT COORDINATOR
646,S100003,00101,00500,TECHNICIANS
646,S100003,00102,00100,CLERICAL
646,S100003,00102,00300,PRESERVATION TECHNICIANS
646,S100003,00102,00500,TISSUE TYPING TECH.
646,S100003,00103,00100,OTHER
646,S100003,00103,00300,OTHER
646,S100003,00103,00500,OTHER
646,S200000,00100,00100,N
646,S200000,00200,00100,N
646,S200000,00300,00100,Y
646,S200000,00400,00100,Y
646,S200000,00400,00200,A
646,S200000,00500,00100,Y
646,S200000,00600,00300,SR. ACCOUNTANT
646,S200000,00700,00100,GIFT OF LIFE DONOR PROGRAM
647,A000000,00100,00000,0100CAPITAL COSTS-BLDG & FIXT
647,A000000,00200,00000,0200CAPITAL COSTS-MVBLE EQUIPMENT
647,A000000,00300,00000,0300EMPLOYEE BENEFITS
647,A000000,00400,00000,0400ADMINISTRATIVE & GENERAL
647,A000000,00500,00000,0500OPERATION AND MAINTENANCE OF PLANT
647,A000000,00600,00000,0600HOUSEKEEPING
647,A000000,00700,00000,0700MEDICAL SUPPLIES
647,A000000,00800,00000,0800OTHER OVERHEAD
647,A000000,00900,00000,0900PROCUREMENT COORDINATORS
647,A000000,01000,00000,1000PROFESSIONAL EDUCATION
647,A000000,01100,00000,1100PUBLIC EDUCATION
647,A000000,01200,00000,1200OTHER ACQUISITION
647,A000000,01300,00000,1300KIDNEY ACQUISITIONS
647,A000000,01400,00000,1400TISSUE TYPING LABORATORY
647,A000000,01500,00000,1500LIVER ACQUISITIONS
647,A000000,01600,00000,1600HEART ACQUISITIONS
647,A000000,01700,00000,1700PANCREAS ACQUISITIONS
647,A000000,01800,00000,1800LUNG ACQUISITIONS
647,A000000,01900,00000,1900OTHER ACQUISITIONS
647,A000000,02100,00000,2100RESEARCH
647,A000000,02200,00000,2200BLOOD BANK
647,A000000,02300,00000,2300LABORATORY-NON-TISSUE TYPING
647,A000000,02400,00000,2400DIALYSIS UNITS
647,A000000,02500,00000,2500OTHER NON-REIMBURSABLE
647,A100000,01700,00000,REPAIRS AND MAINTENANCE
647,A100000,01800,00000,SAFETY
647,A100000,01900,00000,DEVELOPMENT
647,A100000,01901,00000,FUNDRAISING
647,A100000,01902,00000,SERVICE CHARGES
647,A100000,01903,00000,PROECESS IMPROVEMENT
647,A100000,01904,00000,CENTRAL OFFICE
647,A100000,01905,00000,PROFESSIONAL SERVICES
647,A100000,01906,00000,ADMINISTRATION
647,A100000,01908,00000,OTHER
647,A300000,00600,00000,SUPPLIES
647,A300000,00700,00000,CELL PHONE
647,A300000,00800,00000,PURCHASED SERVICES
647,A300000,00900,00000,DUES/SUBS
647,A300000,01000,00000,TRAVEL/MEETINGS
647,A300000,01001,00000,INSURANCE
647,A300000,01002,00000,OTHER EXPENSE
647,A500010,01300,00100,A
647,A500010,01300,00300,CAPITAL COSTS-BLDG & FIXT
647,A51000A,00100,00100,Y
647,A51000B,00100,00200,TISSUE TYPING LABORATORY
647,A51000B,00100,00300,HOME OFFICE
647,A51000B,00200,00200,TISSUE TYPING LABORATORY
647,A51000B,00200,00300,HOME OFFICE
647,A51000B,00300,00200,TISSUE TYPING LABORATORY
647,A51000B,00300,00300,OCCUPANCY
647,A51000B,00400,00200,BLOOD BANK
647,A51000B,00400,00300,OCCUPANCY
647,A51000B,00401,00200,TISSUE TYPING LABORATORY
647,A51000B,00401,00300,EXECUTIVE DIRECTOR
647,A51000C,00100,00100,B
647,A51000C,00100,00400,VITALANT
647,A51000C,00100,00600,NON-PROFIT CORPORATION
647,A60000A,00700,00000,LEASEHOLD IMPROVEMENTS
647,A60000B,00800,00000,OTHER
647,A60000C,00500,00100,N
647,B10000*,00100,00200,CAP BLDG
647,B10000*,00100,00300,CAP COSTS
647,B10000*,00100,00400,EMPLOYEE
647,B10000*,00100,00500,MEDICAL
647,B10000*,00100,00800,ORGAN
647,B10000*,00100,01000,ADMIN &
647,B10000*,00200,00200,OP PLANT &
647,B10000*,00200,00300,MOVABLE
647,B10000*,00200,00400,BENEFITS
647,B10000*,00200,00500,SUPPLIES
647,B10000*,00200,00800,ACQUISITN
647,B10000*,00200,01000,GENERAL
647,B10000*,00300,00200,HOUSEKEEP
647,B10000*,00300,00300,EQUIPMENT
647,B10000*,00300,00800,COSTS
647,B10000*,00400,00200,SQUARE
647,B10000*,00400,00300,DOLLAR
647,B10000*,00400,00400,ADJUST
647,B10000*,00400,00500,COSTED
647,B10000*,00400,00800,NUMBER
647,B10000*,00400,01000,ACCUM
647,B10000*,00500,00200,FEET
647,B10000*,00500,00300,VALUE
647,B10000*,00500,00400,SALARIES
647,B10000*,00500,00500,REQUISIT
647,B10000*,00500,00800,ORGANS
647,B10000*,00500,01000,COSTS
647,B10000*,00600,00200,1
647,B10000*,00600,00300,2
647,B10000*,00600,00400,3
647,B10000*,00600,00500,3
647,B10000*,00600,00800,3
647,B10000*,00600,01000,3
647,B100000,00000,01000,X
647,E000000,00900,00000,RESTRICTED CASH
647,E000000,02600,00000,PROPERTY & EQUIPMENT - NET
647,E000000,03100,00000,OTHER
647,E000000,03900,00000,RETIREMENT PLAN LIABILITY
647,E000000,04100,00000,OTHER CURRENT ACCRUED EXPENSES
647,E000000,04600,00000,OTHER LONG TERM LIABILITIES
647,E000000,04700,00000,ACCRUED PENSION & DEFERRED COMPENSAT
647,E000000,04800,00000,ACCRUED POST RETIREMENT HEALTH BENEF
647,E100001,00700,00000,CONTRIBUTIONS
647,E200000,01500,00000,MISCELLANEOUS
647,E200000,01600,00000,INTEREST INCOME
647,S000000,00100,00100,X
647,S000000,00400,00100,1
647,S000000,00500,00100,05/31/2024
647,S000000,00600,00100,10001
647,S000000,00700,00100,N
647,S000000,00800,00100,N
647,S000000,01000,00100,4
647,S000001,00100,00100,VITALANT
647,S000001,00100,00200,50HL02
647,S000001,00101,00100,210 W CATALDO AVENUE
647,S000001,00102,00100,SPOKANE
647,S000001,00102,00200,WA
647,S000001,00102,00300,99201
647,S000001,00300,00100,01/01/2023
647,S000001,00300,00200,12/31/2023
647,S000001,00400,00100,6
647,S000001,00400,00300,2
647,S000001,00400,00400,01/01/1997
647,S000001,00401,00300,1
647,S100001,00700,00100,N
647,S100001,00810,00000,OTHER
647,S100002,00400,00100,HLA-AB TYPING
647,S100002,00401,00100,HLA-DR TYPING
647,S100002,00402,00100,DECEASED DONOR PRELIMINARY AB & DR
647,S100002,00403,00100,CONFIRMATORY AB & DR CAD
647,S100002,00404,00100,ALTRUISTIC DONOR WORKUP
647,S100002,00405,00100,ABORH
647,S100002,00406,00100,ANTIBODY SCREEN
647,S100002,00407,00100,DIRECT/INDIRECT COOMBS
647,S100002,00408,00100,HLA-DPA TYPING
647,S100002,00409,00100,HLA-DPB1 TYPING
647,S100002,00410,00100,HLA-DQA TYPING
647,S100002,00411,00100,FLOWPRAI
647,S100002,00412,00100,FLOW/LUMINEX ANTIBODY ID
647,S100002,00413,00100,ANTI-A TITER
647,S100002,00414,00100,FLOW XM
647,S100002,00415,00100,OUTSIDE PURCHASE FEE
647,S100002,00416,00100,CALL BACK FEE
647,S100002,00417,00100,SAMPLE COLLECTION KIT
647,S100002,00418,00100,SPECIMEN PROCESSING/STORAGE
647,S100002,00419,00100,ANTIBODY ID DSA SUMMARY
647,S100002,00420,00100,MICA TYPING
647,S100002,00421,00100,MOLECULAR HLA-ABC TYPING
647,S100002,00422,00100,B-27 TYPING
647,S100002,00423,00100,AT1R ANTIBODY
647,S100002,00424,00100,HLA-DQA TYPING
647,S100002,00425,00100,HL DTT TREATMENT OF SERUM
647,S100002,00426,00100,B-27 TYPING
647,S100002,00427,00100,HLA-DPB11 TYPING
647,S100002,00428,00100,HLA-DPA TYPING
647,S100003,00100,00100,MEDICAL DIRECTOR
647,S100003,00100,00300,MEDICAL DIRECTOR
647,S100003,00100,00500,LAB DIRECTOR
647,S100003,00101,00100,EXEC. DIRECTOR
647,S100003,00101,00300,PROCUREMENT COORDINATOR
647,S100003,00101,00500,TECHNICIANS
647,S100003,00102,00100,CLERICAL
647,S100003,00102,00300,PRESERVATION TECHNICIANS
647,S100003,00102,00500,TISSUE TYPING TECH.
647,S100003,00103,00100,OTHER
647,S100003,00103,00300,OTHER
647,S100003,00103,00500,OTHER
647,S200000,00100,00100,N
647,S200000,00200,00100,N
647,S200000,00300,00100,Y
647,S200000,00400,00100,Y
647,S200000,00400,00200,A
647,S200000,00500,00100,Y
647,S200000,00600,00300,DIRECTOR
647,S200000,00700,00100,VITALANT
648,A000000,00100,00000,0100CAPITAL COSTS-BLDG & FIXT
648,A000000,00200,00000,0200CAPITAL COSTS-MVBLE EQUIPMENT
648,A000000,00300,00000,0300EMPLOYEE BENEFITS
648,A000000,00400,00000,0400ADMINISTRATIVE & GENERAL
648,A000000,00500,00000,0500OPERATION AND MAINTENANCE OF PLANT
648,A000000,00600,00000,0600HOUSEKEEPING
648,A000000,00700,00000,0700MEDICAL SUPPLIES
648,A000000,00800,00000,0800OTHER OVERHEAD
648,A000000,00900,00000,0900PROCUREMENT COORDINATORS
648,A000000,01000,00000,1000PROFESSIONAL EDUCATION
648,A000000,01100,00000,1100PUBLIC EDUCATION
648,A000000,01200,00000,1200FAMILY SERVICES
648,A000000,01201,00000,1201QUALITY SYSTEMS
648,A000000,01202,00000,1202POTENTIAL DONOR COSTS
648,A000000,01300,00000,1300KIDNEY ACQUISITIONS
648,A000000,01400,00000,1400TISSUE TYPING LABORATORY
648,A000000,01500,00000,1500LIVER ACQUISITIONS
648,A000000,01600,00000,1600HEART ACQUISITIONS
648,A000000,01700,00000,1700PANCREAS ACQUISITIONS
648,A000000,01800,00000,1800LUNG ACQUISITIONS
648,A000000,01900,00000,1900OTHER ACQUISITIONS
648,A000000,02100,00000,2100RESEARCH
648,A000000,02200,00000,2200BLOOD BANK
648,A000000,02300,00000,2300LABORATORY-NON-TISSUE TYPING
648,A000000,02400,00000,2400DIALYSIS UNITS
648,A000000,02500,00000,2500TISSUE
648,A100000,01700,00000,SMALL EQUIPMENT
648,A20H000,00900,00000,OTHER EXCISION COSTS
648,A20H000,00901,00000,STANDARDIZED CASE RATE
648,A20H000,02100,00000,OTHER ACQUISITION COSTS
648,A20K000,00900,00000,OTHER EXCISION COSTS
648,A20K000,00901,00000,STANDARDIZED CASE RATE
648,A20K000,02100,00000,OTHER ACQUISITION COSTS
648,A20L000,00900,00000,OTHER EXCISION COSTS
648,A20L000,00901,00000,STANDARDIZED CASE RATE
648,A20L000,02100,00000,OTHER ACQUISITION COSTS
648,A20O000,00900,00000,OTHER EXCISION COSTS
648,A20O000,00901,00000,STANDARDIZED CASE RATE
648,A20O000,02100,00000,OTHER ACQUISTION COSTS
648,A20P000,00900,00000,STANDARDIZED CASE RATE
648,A20P000,02100,00000,OTHER ACQUISITION COSTS
648,A20U000,00900,00000,OTHER EXCISION COSTS
648,A20U000,00901,00000,STANDARDIZED CASE RATE
648,A20U000,02100,00000,OTHER ACQUISITION COSTS
648,A400010,00100,00000,RECLASSIFICATIONS
648,A400010,00100,00100,A
648,A400010,00100,00200,TISSUE
648,A400010,00100,00500,FAMILY SERVICES
648,A400010,00200,00000,RECLASSIFICATIONS
648,A400010,00200,00100,A
648,A400010,00200,00200,ADMINISTRATIVE & GENERAL
648,A400010,00200,00500,FAMILY SERVICES
648,A400010,00300,00000,RECLASSIFICATIONS
648,A400010,00300,00100,A
648,A400010,00300,00200,ADMINISTRATIVE & GENERAL
648,A400010,00300,00500,QUALITY SYSTEMS
648,A400010,00400,00000,RECLASSIFICATIONS
648,A400010,00400,00100,A
648,A400010,00400,00200,ADMINISTRATIVE & GENERAL
648,A400010,00400,00500,EMPLOYEE BENEFITS
648,A400010,00500,00000,RECLASSIFICATIONS
648,A400010,00500,00100,A
648,A400010,00500,00200,ADMINISTRATIVE & GENERAL
648,A400010,00500,00500,PROFESSIONAL EDUCATION
648,A400010,00600,00000,RECLASSIFICATIONS
648,A400010,00600,00100,A
648,A400010,00600,00200,ADMINISTRATIVE & GENERAL
648,A400010,00600,00500,PUBLIC EDUCATION
648,A400010,00700,00000,RECLASSIFICATIONS
648,A400010,00700,00100,A
648,A400010,00700,00200,ADMINISTRATIVE & GENERAL
648,A400010,00700,00500,FAMILY SERVICES
648,A400010,00800,00000,RECLASSIFICATIONS
648,A400010,00800,00100,A
648,A400010,00800,00200,ADMINISTRATIVE & GENERAL
648,A400010,00800,00500,QUALITY SYSTEMS
648,A400010,00900,00000,RECLASSIFICATIONS
648,A400010,00900,00100,A
648,A400010,00900,00200,ADMINISTRATIVE & GENERAL
648,A400010,00900,00500,EMPLOYEE BENEFITS
648,A400010,01000,00000,RECLASSIFICATIONS
648,A400010,01000,00100,A
648,A400010,01000,00200,ADMINISTRATIVE & GENERAL
648,A400010,01000,00500,PROCUREMENT COORDINATORS
648,A400010,01100,00000,RECLASSIFICATIONS
648,A400010,01100,00100,A
648,A400010,01100,00200,TISSUE
648,A400010,01100,00500,CAPITAL COSTS-MVBLE EQUIPMENT
648,A400010,01200,00000,RECLASSIFICATIONS
648,A400010,01200,00100,A
648,A400010,01200,00200,TISSUE
648,A400010,01200,00500,CAPITAL COSTS-BLDG & FIXT
648,A400010,01300,00000,RECLASSIFICATIONS
648,A400010,01300,00100,A
648,A400010,01300,00200,TISSUE
648,A400010,01300,00500,PROCUREMENT COORDINATORS
648,A500010,00800,00100,B
648,A500010,00800,00300,RESEARCH
648,A500010,00900,00100,A
648,A500010,00900,00300,ADMINISTRATIVE & GENERAL
648,A500010,01100,00100,B
648,A500010,01100,00300,MEDICAL SUPPLIES
648,A500010,01200,00100,B
648,A500010,01200,00300,CAPITAL COSTS-BLDG & FIXT
648,A500010,01500,00000,LOBBYING EXPENSE
648,A500010,01500,00100,A
648,A500010,01500,00300,ADMINISTRATIVE & GENERAL
648,A500010,01501,00000,ORGAN FUNERAL HOME EXPENSES
648,A500010,01501,00100,A
648,A500010,01501,00300,PROCUREMENT COORDINATORS
648,A500010,01502,00000,LIVER FLYOUT REVENUE
648,A500010,01502,00100,A
648,A500010,01502,00300,LIVER ACQUISITIONS
648,A500010,01503,00000,HEART FLYOUT REVENUE
648,A500010,01503,00100,A
648,A500010,01503,00300,HEART ACQUISITIONS
648,A500010,01504,00000,TISSUE TRANSPORTATION REVENUE
648,A500010,01504,00100,B
648,A500010,01504,00300,TISSUE
648,A500010,01505,00000,ALCOHOL
648,A500010,01505,00100,A
648,A500010,01505,00300,ADMINISTRATIVE & GENERAL
648,A500010,01506,00000,COST OF MEALS OTHER THAN PERSONNEL
648,A500010,01506,00100,A
648,A500010,01506,00300,PROFESSIONAL EDUCATION
648,A500010,01507,00000,PUBLIC RELATIONS UNRELATED
648,A500010,01507,00100,A
648,A500010,01507,00300,PROFESSIONAL EDUCATION
648,A500010,01508,00000,TRAVEL UNRELATED TO PATIENT CARE
648,A500010,01508,00100,A
648,A500010,01508,00300,PROFESSIONAL EDUCATION
648,A500010,01509,00000,COST OF MEALS OTHER THAN PERSONNEL
648,A500010,01509,00100,A
648,A500010,01509,00300,PUBLIC EDUCATION
648,A500010,01510,00000,TRAVEL UNRELATED TO PATIENT CARE
648,A500010,01510,00100,A
648,A500010,01510,00300,PUBLIC EDUCATION
648,A500010,01511,00000,UNALLOWABLE COSTS
648,A500010,01511,00100,A
648,A500010,01511,00300,PUBLIC EDUCATION
648,A500010,01512,00000,COST OF MEALS OTHER THAN PERONNEL
648,A500010,01512,00100,A
648,A500010,01512,00300,FAMILY SERVICES
648,A500010,01513,00000,UNALLOWABLE COSTS
648,A500010,01513,00100,A
648,A500010,01513,00300,FAMILY SERVICES
648,A500010,01514,00000,TRAVEL UNRELATED TO PATIENT CARE
648,A500010,01514,00100,A
648,A500010,01514,00300,FAMILY SERVICES
648,A500010,01515,00000,COST OF MEALS OTHER THAN PERSONNEL
648,A500010,01515,00100,A
648,A500010,01515,00300,QUALITY SYSTEMS
648,A500010,01516,00000,UNALLOWABLE COSTS
648,A500010,01516,00100,A
648,A500010,01516,00300,EMPLOYEE BENEFITS
648,A500010,01517,00000,COST TO MEALS OTHER THAN PERSONNEL
648,A500010,01517,00100,A
648,A500010,01517,00300,ADMINISTRATIVE & GENERAL
648,A500010,01518,00000,GIFTS AND DONATIONS
648,A500010,01518,00100,A
648,A500010,01518,00300,ADMINISTRATIVE & GENERAL
648,A500010,01519,00000,TRAVEL UNRELATED TO PATIENT CARE
648,A500010,01519,00100,A
648,A500010,01519,00300,ADMINISTRATIVE & GENERAL
648,A500010,01520,00000,TRAVEL UNRELATED TO PATIENT CARE
648,A500010,01520,00100,A
648,A500010,01520,00300,PROCUREMENT COORDINATORS
648,A500010,01522,00000,ALCOHOL
648,A500010,01522,00100,A
648,A500010,01522,00300,TISSUE
648,A500010,01523,00000,ALCOHOL
648,A500010,01523,00100,A
648,A500010,01523,00300,PROFESSIONAL EDUCATION
648,A500010,01524,00000,COST OF MEALS OTHER THAN PERSONNEL
648,A500010,01524,00100,A
648,A500010,01524,00300,TISSUE
648,A500010,01525,00000,MEDICARE COST REPORT EXPENSE
648,A500010,01525,00100,A
648,A500010,01525,00300,ADMINISTRATIVE & GENERAL
648,A500010,01526,00000,UNALLOWABLE COSTS
648,A500010,01526,00100,A
648,A500010,01526,00300,PROFESSIONAL EDUCATION
648,A500010,01527,00000,GROSS UP HEART
648,A500010,01527,00100,A
648,A500010,01527,00300,HEART ACQUISITIONS
648,A500010,01528,00000,GROSS UP LUNG
648,A500010,01528,00100,A
648,A500010,01528,00300,LUNG ACQUISITIONS
648,A500010,01529,00000,ORGAN TRANSPORTATION REIMBURSEMENT
648,A500010,01529,00100,B
648,A500010,01529,00300,PROCUREMENT COORDINATORS
648,A500010,01530,00000,ORGAN TRANSPORTATION EXPENSE
648,A500010,01530,00100,A
648,A500010,01530,00300,PROCUREMENT COORDINATORS
648,A500010,01600,00000,GROSS UP SMALL BOWEL
648,A500010,01600,00100,A
648,A500010,01600,00300,OTHER ACQUISITIONS
648,A51000A,00100,00100,N
648,A60000B,00800,00000,LEASEHOLD IMPROVEMENTS
648,A60000C,00500,00100,N
648,B10000*,00100,00200,CAP BLDG
648,B10000*,00100,00300,CAP COSTS
648,B10000*,00100,00400,EMPLOYEE
648,B10000*,00100,00500,MEDICAL
648,B10000*,00100,00800,ORGAN
648,B10000*,00100,01000,ADMIN &
648,B10000*,00200,00200,OP PLANT &
648,B10000*,00200,00300,MOVABLE
648,B10000*,00200,00400,BENEFITS
648,B10000*,00200,00500,SUPPLIES
648,B10000*,00200,00800,ACQUISITN
648,B10000*,00200,01000,GENERAL
648,B10000*,00300,00200,HOUSEKEEP
648,B10000*,00300,00300,EQUIPMENT
648,B10000*,00300,00800,COSTS
648,B10000*,00400,00200,SQUARE
648,B10000*,00400,00300,DOLLAR
648,B10000*,00400,00400,ADJUST
648,B10000*,00400,00500,COSTED
648,B10000*,00400,00800,NUMBER
648,B10000*,00400,01000,ACCUM
648,B10000*,00500,00200,FEET
648,B10000*,00500,00300,VALUE
648,B10000*,00500,00400,SALARIES
648,B10000*,00500,00500,REQUISIT
648,B10000*,00500,00800,ORGANS
648,B10000*,00500,01000,COSTS
648,B10000*,00600,00200,1
648,B10000*,00600,00300,2
648,B10000*,00600,00400,3
648,B10000*,00600,00500,3
648,B10000*,00600,00800,3
648,B10000*,00600,01000,3
648,B100000,00000,01000,X
648,E000000,00900,00000,OTHER CURRENT ASSETS
648,E000000,02600,00000,OTHER FIXED ASSETS
648,E000000,03100,00000,INVENTORY
648,E000000,03900,00000,BENEFITS PAYABLE
648,E000000,04100,00000,DEFERRED LIABILITIES
648,E100001,00700,00000,CORNEA REVENUE
648,E100001,00800,00000,TISSUE REVENUE
648,E100001,00900,00000,FLYOUT REVENUE
648,E100001,00901,00000,MIDSOUTH TRIAGE
648,E200000,01500,00000,MISCELLANEOUS INCOME
648,E200000,01600,00000,DMV LICENSE PLATES
648,E200000,01700,00000,DUE FROM MEDICARE
648,E200000,01800,00000,DONATIONS
648,E200000,02600,00000,LOSS ON SALE OF ASSETS
648,S000000,00100,00100,X
648,S000000,00400,00100,1
648,S000000,00500,00100,06/03/2024
648,S000000,00600,00100,10001
648,S000000,00700,00100,N
648,S000000,00800,00100,N
648,S000000,01000,00100,4
648,S000001,00100,00100,ARKANSAS REGIONAL ORGAN RECOVERY AGE
648,S000001,00100,00200,04P001
648,S000001,00101,00100,1300 WILSON ROAD
648,S000001,00102,00100,LITTLE ROCK
648,S000001,00102,00200,AR
648,S000001,00102,00300,72205
648,S000001,00300,00100,01/01/2023
648,S000001,00300,00200,12/31/2023
648,S000001,00400,00100,6
648,S000001,00400,00300,1
648,S000001,00400,00400,05/01/1987
648,S000001,00401,00300,1
648,S000002,00100,00200,Y
648,S000002,00300,00100,CHIEF FINANCE OPERATING OFFICER
648,S000002,00400,00100,05/31/2024
648,S100001,00700,00100,N
648,S100001,00810,00000,AORTOLILAC GRAFT
648,S100001,00811,00000,DESCENDING THORACIC
648,S100001,00812,00000,VEINS AND ARTERIES
648,S100001,00813,00000,SPECIALTY GRAFT
648,S100001,00814,00000,BRAINS
648,S100001,00815,00000,SYNOVIAL FLUID
648,S100001,00816,00000,VERTEBRAL BODIES
648,S100001,00817,00000,SMALL BOWELS
648,S100001,00818,00000,HUMAN TYMUS
648,S100003,00100,00100,MEDICAL DIRECTOR
648,S100003,00100,00300,MEDICAL DIRECTOR
648,S100003,00100,00500,LAB DIRECTOR
648,S100003,00101,00100,EXEC. DIRECTOR
648,S100003,00101,00300,PROCUREMENT COORDINATOR
648,S100003,00101,00500,TECHNICIANS
648,S100003,00102,00100,CLERICAL
648,S100003,00102,00300,PRESERVATION TECHNICIANS
648,S100003,00102,00500,TISSUE TYPING TECH.
648,S100003,00103,00100,DONATION DEVELOPMENT
648,S100003,00103,00300,FAMILY SERVICES
648,S100003,00103,00500,OTHER
648,S100003,00104,00100,TISSUE
648,S200000,00100,00100,N
648,S200000,00200,00100,N
648,S200000,00300,00100,N
648,S200000,00400,00100,Y
648,S200000,00400,00200,A
648,S200000,00400,00300,06/30/2024
648,S200000,00500,00100,N
648,S200000,00600,00300,CHIEF FINANCE OPERATING OFFICER
648,S200000,00700,00100,ARKANSAS REGIONAL ORGAN RECOVERY AGE
649,A000000,00100,00000,0100CAPITAL COSTS-BLDG & FIXT
649,A000000,00200,00000,0200CAPITAL COSTS-MVBLE EQUIPMENT
649,A000000,00300,00000,0300EMPLOYEE BENEFITS
649,A000000,00400,00000,0400ADMINISTRATIVE & GENERAL
649,A000000,00500,00000,0500OPERATION AND MAINTENANCE OF PLANT
649,A000000,00600,00000,0600HOUSEKEEPING
649,A000000,00700,00000,0700MEDICAL SUPPLIES
649,A000000,00800,00000,0800OTHER OVERHEAD
649,A000000,00900,00000,0900PROCUREMENT COORDINATORS
649,A000000,01000,00000,1000PROFESSIONAL EDUCATION
649,A000000,01100,00000,1100PUBLIC EDUCATION
649,A000000,01200,00000,1200OTHER ACQUISITION
649,A000000,01300,00000,1300KIDNEY ACQUISITIONS
649,A000000,01400,00000,1400TISSUE TYPING LABORATORY
649,A000000,01500,00000,1500LIVER ACQUISITIONS
649,A000000,01600,00000,1600HEART ACQUISITIONS
649,A000000,01700,00000,1700PANCREAS ACQUISITIONS
649,A000000,01800,00000,1800LUNG ACQUISITIONS
649,A000000,01900,00000,1900OTHER ACQUISITIONS
649,A000000,02100,00000,2100RESEARCH
649,A000000,02200,00000,2200BLOOD BANK
649,A000000,02300,00000,2300LABORATORY-NON-TISSUE TYPING
649,A000000,02400,00000,2400DIALYSIS UNITS
649,A000000,02500,00000,2500OTHER NON-REIMBURSABLE
649,A100000,01700,00000,CONTRACT SERVICES
649,A100000,01800,00000,NON-ALLOWABLE
649,A100000,01900,00000,OTHER
649,A20H000,00900,00000,OTHER HOSPITAL
649,A20H000,00901,00000,CARDIOLOGY HOSPITAL
649,A20H000,00902,00000,RADIOLOGY HOSPITAL
649,A20H000,00903,00000,MEDICAL SUPPLIES SPECIFIC
649,A20H000,00904,00000,OTHER LAB FEES
649,A20H000,02100,00000,OTHER ACQUISITION FEES
649,A20K000,00900,00000,OTHER HOSPITALS
649,A20K000,00901,00000,CARDIOLOGY HOSPITAL
649,A20K000,00902,00000,RADIOLOGY HOSPITALS
649,A20K000,00903,00000,MEDICAL SUPPLIES SPECIFIC
649,A20K000,00904,00000,OTHER LAB FEES
649,A20K000,02100,00000,OTHER ACQUISTION FEES
649,A20L000,00900,00000,OTHER HOSPITALS
649,A20L000,00901,00000,CARDIOLOGY HOSPITAL
649,A20L000,00902,00000,RADIOLOGY HOSPITALS
649,A20L000,00903,00000,MEDICAL SUPPLIES SPECIFIC
649,A20L000,00904,00000,OTHER LAB FEES
649,A20L000,02100,00000,OTHER ACQUISTION FEES
649,A20O000,00900,00000,OTHER HOSPITAL
649,A20O000,00901,00000,CARDIOLOGY HOSPITAL
649,A20O000,00902,00000,RADIOLOGY HOSPITAL
649,A20O000,00903,00000,MEDICAL SUPPLIES SPECIFIC
649,A20O000,00904,00000,OTHER LAB FEES
649,A20O000,02100,00000,OTHER ACQUISTION FEES
649,A20P000,00900,00000,OTHER HOSPITALS
649,A20P000,00901,00000,CARDIOLOGY HOSPITAL
649,A20P000,00902,00000,RADIOLOGY HOSPITAL
649,A20P000,00903,00000,MEDICAL SUPPLIES SPECIFIC
649,A20P000,00904,00000,OTHER LAB FEES
649,A20P000,02100,00000,OTHER ACQUISTION FEES
649,A20U000,00900,00000,OTHER HOSPITALS
649,A20U000,00901,00000,CARDIOLOGY HOSPITAL
649,A20U000,00902,00000,RADIOLOGY HOSPITAL
649,A20U000,00903,00000,MEDICAL SUPPLIES SPECIFIC
649,A20U000,00904,00000,OTHER LAB FEES
649,A20U000,02100,00000,OTHER ACQUISTION FEES
649,A400010,00100,00000,RECLASSIFICATIONS
649,A400010,00100,00100,A
649,A400010,00100,00200,OTHER NON-REIMBURSABLE
649,A400010,00100,00500,PROCUREMENT COORDINATORS
649,A400010,00200,00000,RECLASSIFICATIONS
649,A400010,00200,00100,A
649,A400010,00200,00200,LIVER ACQUISITIONS
649,A400010,00200,00500,KIDNEY ACQUISITIONS
649,A400010,00300,00000,RECLASSIFICATIONS
649,A400010,00300,00100,A
649,A400010,00300,00200,HEART ACQUISITIONS
649,A400010,00300,00500,KIDNEY ACQUISITIONS
649,A400010,00400,00000,RECLASSIFICATIONS
649,A400010,00400,00100,A
649,A400010,00400,00200,PANCREAS ACQUISITIONS
649,A400010,00400,00500,KIDNEY ACQUISITIONS
649,A400010,00500,00000,RECLASSIFICATIONS
649,A400010,00500,00100,A
649,A400010,00500,00200,LUNG ACQUISITIONS
649,A400010,00500,00500,KIDNEY ACQUISITIONS
649,A400010,00600,00000,RECLASSIFICATIONS
649,A400010,00600,00100,A
649,A400010,00600,00200,OTHER ACQUISITIONS
649,A400010,00600,00500,KIDNEY ACQUISITIONS
649,A500010,01500,00000,NON ALLOWABLE EXPENSES
649,A500010,01500,00100,A
649,A500010,01500,00300,ADMINISTRATIVE & GENERAL
649,A51000A,00100,00100,N
649,A60000B,00800,00000,FURNITURE & FIXTURES
649,A60000B,00801,00000,COMPUTER EQUIPMENT
649,A60000B,00802,00000,COMPUTER SOFTWARE
649,A60000B,00803,00000,MEDICAL EQUIPMENT
649,A60000B,00804,00000,BUILDING
649,A60000B,00805,00000,LEASEHOLD IMPROVEMENTS
649,B10000*,00100,00200,CAP BLDG
649,B10000*,00100,00300,CAP COSTS
649,B10000*,00100,00400,EMPLOYEE
649,B10000*,00100,00500,MEDICAL
649,B10000*,00100,00800,ORGAN
649,B10000*,00100,01000,ADMIN &
649,B10000*,00200,00200,OP PLANT &
649,B10000*,00200,00300,MOVABLE
649,B10000*,00200,00400,BENEFITS
649,B10000*,00200,00500,SUPPLIES
649,B10000*,00200,00800,ACQUISITN
649,B10000*,00200,01000,GENERAL
649,B10000*,00300,00200,HOUSEKEEP
649,B10000*,00300,00300,EQUIPMENT
649,B10000*,00300,00800,COSTS
649,B10000*,00400,00200,SQUARE
649,B10000*,00400,00300,DOLLAR
649,B10000*,00400,00400,ADJUST
649,B10000*,00400,00500,COSTED
649,B10000*,00400,00800,NUMBER
649,B10000*,00400,01000,ACCUM
649,B10000*,00500,00200,FEET
649,B10000*,00500,00300,VALUE
649,B10000*,00500,00400,SALARIES
649,B10000*,00500,00500,REQUISIT
649,B10000*,00500,00800,ORGANS
649,B10000*,00500,01000,COSTS
649,B10000*,00600,00200,1
649,B10000*,00600,00300,2
649,B10000*,00600,00400,3
649,B10000*,00600,00500,3
649,B10000*,00600,00800,3
649,B10000*,00600,01000,3
649,B100000,00000,01000,X
649,E000000,00900,00000,OTHER CURRENT ASSETS
649,E000000,02600,00000,OTHER FIXED ASSETS
649,E000000,03900,00000,ACCRUED LIABILITIES AND OTHER LIABIL
649,E100001,00900,00000,TISSUE REVENUE
649,S000000,00100,00100,X
649,S000000,00400,00100,1
649,S000000,00500,00100,06/03/2024
649,S000000,00600,00100,10001
649,S000000,00700,00100,N
649,S000000,00800,00100,N
649,S000000,01000,00100,4
649,S000001,00100,00100,MISSISSIPPI ORGAN RECOVERY AGENCE
649,S000001,00100,00200,25P001
649,S000001,00101,00100,4400 LAKELAND DRIVE
649,S000001,00102,00100,FLOWOOD
649,S000001,00102,00200,MS
649,S000001,00102,00300,39232
649,S000001,00300,00100,01/01/2023
649,S000001,00300,00200,12/31/2023
649,S000001,00400,00100,8
649,S000001,00400,00300,1
649,S000001,00400,00400,07/01/1994
649,S000001,00401,00300,1
649,S000002,00100,00200,Y
649,S000002,00300,00100,DIRECTOR OF FINANCE
649,S000002,00400,00100,05/31/2024
649,S100001,00700,00100,N
649,S100001,00810,00000,SMALL BOWEL
649,S100003,00100,00100,MEDICAL DIRECTOR
649,S100003,00100,00300,MEDICAL DIRECTOR
649,S100003,00100,00500,LAB DIRECTOR
649,S100003,00101,00100,EXEC. DIRECTOR
649,S100003,00101,00300,PROCUREMENT COORDINATOR
649,S100003,00101,00500,TECHNICIANS
649,S100003,00102,00100,CLERICAL
649,S100003,00102,00300,PRESERVATION TECHNICIANS
649,S100003,00102,00500,TISSUE TYPING TECH.
649,S100003,00103,00100,OTHER
649,S100003,00103,00300,OTHER
649,S100003,00103,00500,OTHER
649,S200000,00100,00100,N
649,S200000,00200,00100,N
649,S200000,00300,00100,N
649,S200000,00400,00100,Y
649,S200000,00400,00200,A
649,S200000,00400,00300,05/24/2024
649,S200000,00500,00100,N
649,S200000,00600,00300,DIRECTOR OF FINANCE
649,S200000,00700,00100,MISSISSIPPI ORGAN RECOVERY AGENCY
650,A000000,00100,00000,0100CAPITAL COSTS-BLDG & FIXT
650,A000000,00200,00000,0200CAPITAL COSTS-MVBLE EQUIPMENT
650,A000000,00300,00000,0300EMPLOYEE BENEFITS
650,A000000,00400,00000,0400ADMINISTRATIVE & GENERAL
650,A000000,00500,00000,0500OPERATION AND MAINTENANCE OF PLANT
650,A000000,00600,00000,0600HOUSEKEEPING
650,A000000,00700,00000,0700MEDICAL SUPPLIES
650,A000000,00800,00000,0800OTHER OVERHEAD
650,A000000,00900,00000,0900PROCUREMENT COORDINATORS
650,A000000,01000,00000,1000PROFESSIONAL EDUCATION
650,A000000,01100,00000,1100PUBLIC EDUCATION
650,A000000,01300,00000,1300KIDNEY ACQUISITIONS
650,A000000,01400,00000,1400TISSUE TYPING LABORATORY
650,A000000,01500,00000,1500LIVER ACQUISITIONS
650,A000000,01600,00000,1600HEART ACQUISITIONS
650,A000000,01700,00000,1700PANCREAS ACQUISITIONS
650,A000000,01800,00000,1800LUNG ACQUISITIONS
650,A000000,01900,00000,1900OTHER ACQUISITIONS
650,A000000,02100,00000,2100RESEARCH
650,A000000,02200,00000,2200BLOOD BANK
650,A000000,02300,00000,2300LABORATORY-NON-TISSUE TYPING
650,A000000,02400,00000,2400DIALYSIS UNITS
650,A100000,01700,00000,OUALITY COMPLIANCE
650,A100000,01800,00000,SUPPORT SERVICES
650,A100000,01900,00000,SPECIMEN MANAGEMENT
650,A100000,01901,00000,CLIENT SERVICES
650,A100000,01902,00000,FACILITIES ADMIN
650,A100000,01903,00000,FACILITIES BLDG
650,A100000,01904,00000,LOGISTICS
650,A100000,01905,00000,MARKETING
650,A100000,01906,00000,PURCHASING AND SUPPORT
650,A300000,00600,00000,REAGENTS AND SUPPLIES
650,A300000,00700,00000,DEPRECIATION
650,A300000,00800,00000,MISCELLANEOUS OPERATIONS
650,A300000,00900,00000,OTHER EXPENSES
650,A500010,00900,00100,A
650,A500010,00900,00300,ADMINISTRATIVE & GENERAL
650,A500010,01200,00100,B
650,A500010,01200,00300,ADMINISTRATIVE & GENERAL
650,A500010,01501,00000,PENALTIES AND FINES
650,A500010,01501,00100,B
650,A500010,01501,00300,ADMINISTRATIVE & GENERAL
650,A500010,01502,00000,MISCELLANEOUS INCOME
650,A500010,01502,00100,B
650,A500010,01502,00300,ADMINISTRATIVE & GENERAL
650,A500010,01503,00000,COLLECTION EXPENSE
650,A500010,01503,00100,A
650,A500010,01503,00300,ADMINISTRATIVE & GENERAL
650,A500010,01504,00000,MISCELLANEOUS EXPENSE
650,A500010,01504,00100,A
650,A500010,01504,00300,ADMINISTRATIVE & GENERAL
650,A500010,01601,00000,CONTRIBUTION EXPENSE
650,A500010,01601,00100,A
650,A500010,01601,00300,ADMINISTRATIVE & GENERAL
650,A500010,01602,00000,COMMUNITY SERVICE
650,A500010,01602,00100,A
650,A500010,01602,00300,ADMINISTRATIVE & GENERAL
650,A500010,01603,00000,LOBBYING EXPENSE
650,A500010,01603,00100,A
650,A500010,01603,00300,ADMINISTRATIVE & GENERAL
650,A500010,01606,00000,LEASE INCOME
650,A500010,01606,00100,B
650,A500010,01606,00300,ADMINISTRATIVE & GENERAL
650,A500010,01608,00000,SPECIALTY LAB BASE- TTL
650,A500010,01608,00100,A
650,A500010,01608,00300,TISSUE TYPING LABORATORY
650,A500010,01609,00000,SPECIALTY LAB BASE - NON TTL
650,A500010,01609,00100,A
650,A500010,01609,00300,LABORATORY-NON-TISSUE TYPING
650,A500010,01610,00000,WOODWARD BUILDING BASE - TTL
650,A500010,01610,00100,A
650,A500010,01610,00300,TISSUE TYPING LABORATORY
650,A500010,01611,00000,WOODWARD BUILDING BASE - NON TTL
650,A500010,01611,00100,A
650,A500010,01611,00300,LABORATORY-NON-TISSUE TYPING
650,A500010,01612,00000,WOODWARD BUILDING BASE - ADMIN & GEN
650,A500010,01612,00100,A
650,A500010,01612,00300,ADMINISTRATIVE & GENERAL
650,A500010,01613,00000,WOODWARD BUILDING RESEARCH
650,A500010,01613,00100,A
650,A500010,01613,00300,RESEARCH
650,A51000A,00100,00100,N
650,B10000*,00100,00200,CAP BLDG
650,B10000*,00100,00300,CAP COSTS
650,B10000*,00100,00400,EMPLOYEE
650,B10000*,00100,00500,MEDICAL
650,B10000*,00100,00800,ORGAN
650,B10000*,00100,01000,ADMIN &
650,B10000*,00200,00200,OP PLANT &
650,B10000*,00200,00300,MOVABLE
650,B10000*,00200,00400,BENEFITS
650,B10000*,00200,00500,SUPPLIES
650,B10000*,00200,00800,ACQUISITN
650,B10000*,00200,01000,GENERAL
650,B10000*,00300,00200,HOUSEKEEP
650,B10000*,00300,00300,EQUIPMENT
650,B10000*,00300,00800,COSTS
650,B10000*,00400,00200,SQUARE
650,B10000*,00400,00300,DOLLAR
650,B10000*,00400,00400,ADJUST
650,B10000*,00400,00500,COSTED
650,B10000*,00400,00800,NUMBER
650,B10000*,00400,01000,ACCUM
650,B10000*,00500,00200,FEET
650,B10000*,00500,00300,VALUE
650,B10000*,00500,00400,SALARIES
650,B10000*,00500,00500,REQUISIT
650,B10000*,00500,00800,ORGANS
650,B10000*,00500,01000,COSTS
650,B10000*,00600,00200,1
650,B10000*,00600,00300,2
650,B10000*,00600,00400,3
650,B10000*,00600,00500,3
650,B10000*,00600,00800,3
650,B10000*,00600,01000,3
650,B100000,00000,01000,X
650,E200000,01500,00000,OTHER SERVICES INCOME
650,E200000,01600,00000,LAB MANAGEMENT FEES
650,E200000,01700,00000,REIMBURSEMENT OF COST
650,E200000,01800,00000,RECORD RESEARCH INCOME
650,E200000,01900,00000,MISCELLANEOUS INCOME
650,E200000,02000,00000,GAIN ON SALE OF ASSETS
650,E200000,02100,00000,DUE FROM MEDICARE
650,E200000,02600,00000,DUE TO MEDICARE
650,S000000,00100,00100,X
650,S000000,00400,00100,1
650,S000000,00500,00100,06/04/2024
650,S000000,00600,00100,10001
650,S000000,00700,00100,N
650,S000000,00800,00100,N
650,S000000,01000,00100,4
650,S000001,00100,00100,TRICORE INC
650,S000001,00100,00200,32HL01
650,S000001,00101,00100,1001 WOODWARD PLACE NE
650,S000001,00102,00100,ALBUQURQUE
650,S000001,00102,00200,NM
650,S000001,00102,00300,87102
650,S000001,00300,00100,01/01/2023
650,S000001,00300,00200,12/31/2023
650,S000001,00400,00100,6
650,S000001,00400,00300,2
650,S000001,00400,00400,01/01/1998
650,S000001,00401,00300,1
650,S000002,00300,00100,CHIEF FINANCIAL OFFICER
650,S100001,00700,00100,N
650,S100001,00810,00000,OTHER
650,S100002,00402,00100,PRA FEE FOR SERUM PROCESSING
650,S100002,00403,00100,PRA FEE FOR SERUM PROCESSING
650,S100002,00404,00100,HLA ABDR CLASS I  II
650,S100002,00405,00100,HLA ABDR CLASS I  II
650,S100002,00406,00100,PRELIMINARY/FINAL FLOW CROSSMATCH
650,S100002,00407,00100,PRELIMINARY/FINAL FLOW CROSSMATCH
650,S100002,00408,00100,AUTO CROSSMATCH BY FLOW
650,S100002,00409,00100,CADAVERIC HLA TYPING BY DNA
650,S100002,00410,00100,CADAVERIC HLA TYPING BY DNA
650,S100002,00411,00100,HLA PRETXP AB SCREEN
650,S100002,00412,00100,HLA PRETXP AB SCREEN
650,S100002,00413,00100,LUMINEX SGL AG CL I
650,S100002,00414,00100,LUMINEX SGL AG CL I
650,S100002,00415,00100,LUMINEX SGL AG CL I
650,S100002,00416,00100,LUMINEX SGL AG CL II
650,S100002,00417,00100,LUMINEX SGL AG CL II
650,S100002,00418,00100,FLOW CROSSMATCH STAT
650,S100002,00419,00100,FLOW CROSSMATCH STAT
650,S100002,00420,00100,SOLID ORGAN VIRTUAL XM (PRES)
650,S100002,00421,00100,SOLID ORGAN VIRTUAL XM (PRES)
650,S100002,00423,00100,PRELIM VIRTUAL XM
650,S100002,00424,00100,PRELIM VIRTUAL XM
650,S100002,00425,00100,SOLID ORGAN VIRTUAL XM (UH)
650,S100002,00426,00100,SOLID ORGAN VIRTUAL XM (UH)
650,S100003,00100,00100,MEDICAL DIRECTOR
650,S100003,00100,00300,MEDICAL DIRECTOR
650,S100003,00100,00500,LAB DIRECTOR
650,S100003,00101,00100,EXEC. DIRECTOR
650,S100003,00101,00300,PROCUREMENT COORDINATOR
650,S100003,00101,00500,TECHNICIANS
650,S100003,00102,00100,CLERICAL
650,S100003,00102,00300,PRESERVATION TECHNICIANS
650,S100003,00102,00500,TISSUE TYPING TECH.
650,S100003,00103,00100,OTHER
650,S100003,00103,00300,OTHER
650,S100003,00103,00500,OTHER
650,S200000,00100,00100,N
650,S200000,00200,00100,N
650,S200000,00300,00100,N
650,S200000,00400,00100,Y
650,S200000,00400,00200,A
650,S200000,00500,00100,N
650,S200000,00600,00300,FIXED ASSET ACCOUNTANT
650,S200000,00700,00100,TRICORE
665,A000000,00100,00000,0100CAPITAL COSTS-BLDG & FIXT
665,A000000,00200,00000,0200CAPITAL COSTS-MVBLE EQUIPMENT
665,A000000,00300,00000,0300EMPLOYEE BENEFITS
665,A000000,00400,00000,0400ADMINISTRATIVE & GENERAL
665,A000000,00500,00000,0500OPERATION AND MAINTENANCE OF PLANT
665,A000000,00600,00000,0600HOUSEKEEPING
665,A000000,00700,00000,0700MEDICAL SUPPLIES
665,A000000,00800,00000,0800OTHER OVERHEAD
665,A000000,00900,00000,0900PROCUREMENT COORDINATORS
665,A000000,01000,00000,1000PROFESSIONAL EDUCATION
665,A000000,01100,00000,1100PUBLIC EDUCATION
665,A000000,01200,00000,1200OTHER ACQUISITION
665,A000000,01300,00000,1300KIDNEY ACQUISITIONS
665,A000000,01400,00000,1400TISSUE TYPING LABORATORY
665,A000000,01500,00000,1500LIVER ACQUISITIONS
665,A000000,01600,00000,1600HEART ACQUISITIONS
665,A000000,01700,00000,1700PANCREAS ACQUISITIONS
665,A000000,01800,00000,1800LUNG ACQUISITIONS
665,A000000,01900,00000,1900OTHER ACQUISITIONS
665,A000000,02100,00000,2100RESEARCH
665,A000000,02200,00000,2200BLOOD BANK
665,A000000,02300,00000,2300LABORATORY-NON-TISSUE TYPING
665,A000000,02400,00000,2400DIALYSIS UNITS
665,A000000,02500,00000,2500OTHER NON-REIMBURSABLE
665,A20H000,00900,00000,HOSPITAL CHARGES
665,A20H000,02100,00000,OTHER ACQUISITION COSTS
665,A20K000,00900,00000,HOSPITAL CHARGES
665,A20K000,02100,00000,OTHER ACQUISITION COSTS
665,A20L000,00900,00000,HOSPITAL CHARGE
665,A20L000,02100,00000,OTHER ACQUISITION COSTS
665,A20O000,00900,00000,HOSPITAL CHARGES
665,A20O000,02100,00000,OTHER ORGAN ACQUISITION COSTS
665,A20P000,00900,00000,HOSPITAL CHARGES
665,A20P000,02100,00000,OTHER ACQUISITION COSTS
665,A20U000,00900,00000,HOSPITAL CHARGES
665,A20U000,02100,00000,OTHER ACQUISITION COSTS
665,A400010,00100,00000,RECLASSIFICATIONS
665,A400010,00100,00100,A
665,A400010,00100,00200,OTHER NON-REIMBURSABLE
665,A400010,00100,00500,PROCUREMENT COORDINATORS
665,A400010,00200,00000,RECLASSIFICATIONS
665,A400010,00200,00100,A
665,A400010,00200,00200,OTHER NON-REIMBURSABLE
665,A400010,00200,00500,PROFESSIONAL EDUCATION
665,A400010,00300,00000,RECLASSIFICATIONS
665,A400010,00300,00100,A
665,A400010,00300,00200,OTHER NON-REIMBURSABLE
665,A400010,00300,00500,PUBLIC EDUCATION
665,A400010,00400,00000,RECLASSIFICATIONS
665,A400010,00400,00100,A
665,A400010,00400,00200,OTHER NON-REIMBURSABLE
665,A400010,00400,00500,ADMINISTRATIVE & GENERAL
665,A400010,00500,00000,RECLASSIFICATIONS
665,A400010,00500,00100,A
665,A400010,00500,00200,OTHER NON-REIMBURSABLE
665,A400010,00500,00500,ADMINISTRATIVE & GENERAL
665,A400010,00600,00000,RECLASSIFICATIONS
665,A400010,00600,00100,A
665,A400010,00600,00200,OTHER NON-REIMBURSABLE
665,A400010,00600,00500,OTHER ACQUISITION
665,A400010,00700,00000,RECLASSIFICATIONS
665,A400010,00700,00100,A
665,A400010,00700,00200,OTHER NON-REIMBURSABLE
665,A400010,00700,00500,OTHER ACQUISITION
665,A400010,00800,00000,RECLASSIFICATIONS
665,A400010,00800,00100,A
665,A400010,00800,00200,OTHER NON-REIMBURSABLE
665,A400010,00800,00500,OTHER ACQUISITION
665,A400010,00900,00000,RECLASSIFICATIONS
665,A400010,00900,00100,A
665,A400010,00900,00200,OTHER NON-REIMBURSABLE
665,A400010,00900,00500,OTHER ACQUISITION
665,A400010,01000,00000,RECLASSIFICATIONS
665,A400010,01000,00100,A
665,A400010,01000,00200,OTHER NON-REIMBURSABLE
665,A400010,01000,00500,OTHER ACQUISITION
665,A400010,01100,00000,RECLASSIFICATIONS
665,A400010,01100,00100,A
665,A400010,01100,00200,OTHER NON-REIMBURSABLE
665,A400010,01100,00500,OTHER ACQUISITION
665,A400010,01200,00000,RECLASSIFICATIONS
665,A400010,01200,00100,A
665,A400010,01200,00200,OTHER NON-REIMBURSABLE
665,A400010,01200,00500,OTHER ACQUISITION
665,A400010,01300,00000,RECLASSIFICATIONS
665,A400010,01300,00100,A
665,A400010,01300,00200,PROCUREMENT COORDINATORS
665,A400010,01300,00500,ADMINISTRATIVE & GENERAL
665,A400010,01400,00000,RECLASSIFICATIONS
665,A400010,01400,00100,A
665,A400010,01400,00200,PROFESSIONAL EDUCATION
665,A400010,01400,00500,ADMINISTRATIVE & GENERAL
665,A400010,01500,00000,RECLASSIFICATIONS
665,A400010,01500,00100,A
665,A400010,01500,00200,PUBLIC EDUCATION
665,A400010,01500,00500,ADMINISTRATIVE & GENERAL
665,A400010,01600,00000,RECLASSIFICATIONS
665,A400010,01600,00100,A
665,A400010,01600,00200,OTHER ACQUISITION
665,A400010,01600,00500,ADMINISTRATIVE & GENERAL
665,A400010,01700,00000,RECLASSIFICATIONS
665,A400010,01700,00100,A
665,A400010,01700,00200,OTHER ACQUISITION
665,A400010,01700,00500,ADMINISTRATIVE & GENERAL
665,A400010,01800,00000,RECLASSIFICATIONS
665,A400010,01800,00100,A
665,A400010,01800,00200,OTHER ACQUISITION
665,A400010,01800,00500,ADMINISTRATIVE & GENERAL
665,A400010,01900,00000,RECLASSIFICATIONS
665,A400010,01900,00100,A
665,A400010,01900,00200,OTHER ACQUISITION
665,A400010,01900,00500,ADMINISTRATIVE & GENERAL
665,A400010,02000,00000,RECLASSIFICATIONS
665,A400010,02000,00100,A
665,A400010,02000,00200,OTHER ACQUISITION
665,A400010,02000,00500,ADMINISTRATIVE & GENERAL
665,A400010,02100,00000,RECLASSIFICATIONS
665,A400010,02100,00100,A
665,A400010,02100,00200,OTHER ACQUISITION
665,A400010,02100,00500,ADMINISTRATIVE & GENERAL
665,A400010,02200,00000,RECLASSIFICATIONS
665,A400010,02200,00100,A
665,A400010,02200,00200,OTHER ACQUISITION
665,A400010,02200,00500,ADMINISTRATIVE & GENERAL
665,A500010,01200,00100,A
665,A500010,01200,00300,ADMINISTRATIVE & GENERAL
665,A500010,01500,00000,CALL CENTER INCOME
665,A500010,01500,00100,A
665,A500010,01500,00300,OTHER ACQUISITION
665,A500010,01600,00000,LOBBYING EXPENSES
665,A500010,01600,00100,A
665,A500010,01600,00300,ADMINISTRATIVE & GENERAL
665,A500010,01601,00000,HOSPITAL STAFF APPRECIATION
665,A500010,01601,00100,A
665,A500010,01601,00300,PROFESSIONAL EDUCATION
665,A500010,01602,00000,NON-ALLOWABLE EXPENSES
665,A500010,01602,00100,A
665,A500010,01602,00300,ADMINISTRATIVE & GENERAL
665,A500010,01603,00000,SPONSORSHIPS
665,A500010,01603,00100,A
665,A500010,01603,00300,ADMINISTRATIVE & GENERAL
665,A500010,01604,00000,PROFESSIONAL SERVICES
665,A500010,01604,00100,A
665,A500010,01604,00300,PROFESSIONAL EDUCATION
665,A51000A,00100,00100,N
665,A60000A,00700,00000,BUILDING IMPROVEMENT
665,A60000A,00701,00000,SOFTWARE
665,A60000A,00702,00000,FURNITURE
665,A60000A,00703,00000,DEFFERED FINANCING
665,A60000B,00800,00000,SOFTWARE
665,A60000B,00801,00000,FURNITURE
665,A60000B,00802,00000,DEFERRED FINANCING
665,B10000*,00100,00200,CAP BLDG
665,B10000*,00100,00300,CAP COSTS
665,B10000*,00100,00400,EMPLOYEE
665,B10000*,00100,00500,MEDICAL
665,B10000*,00100,00800,ORGAN
665,B10000*,00100,01000,ADMIN &
665,B10000*,00200,00200,OP PLANT &
665,B10000*,00200,00300,MOVABLE
665,B10000*,00200,00400,BENEFITS
665,B10000*,00200,00500,SUPPLIES
665,B10000*,00200,00800,ACQUISITN
665,B10000*,00200,01000,GENERAL
665,B10000*,00300,00200,HOUSEKEEP
665,B10000*,00300,00300,EQUIPMENT
665,B10000*,00300,00800,COSTS
665,B10000*,00400,00200,SQUARE
665,B10000*,00400,00300,DOLLAR
665,B10000*,00400,00400,ADJUST
665,B10000*,00400,00500,COSTED
665,B10000*,00400,00800,NUMBER
665,B10000*,00400,01000,ACCUM
665,B10000*,00500,00200,FEET
665,B10000*,00500,00300,VALUE
665,B10000*,00500,00400,SALARIES
665,B10000*,00500,00500,REQUISIT
665,B10000*,00500,00800,ORGANS
665,B10000*,00500,01000,COSTS
665,B10000*,00600,00200,1
665,B10000*,00600,00300,2
665,B10000*,00600,00400,3
665,B10000*,00600,00500,3
665,B10000*,00600,00800,3
665,B10000*,00600,01000,3
665,B100000,00000,01000,X
665,E000000,00900,00000,PREPAID INSURANCE
665,E000000,02600,00000,OTHER FIXED ASSETS (SOFTWARE  ETC..)
665,E000000,03100,00000,INTEREST RATE SWAP
665,E200000,02000,00000,CALL CENTER SERVICES
665,E200000,02100,00000,TISSUE SERVICES
665,E200000,02300,00000,OTHER MISC. INCOME (SHARED SVCS)
665,E200000,02600,00000,CHANGE IN VALUE OF INT. RATE SWAP
665,S000000,00100,00100,X
665,S000000,00400,00100,1
665,S000000,00500,00100,07/30/2024
665,S000000,00600,00100,10001
665,S000000,00700,00100,N
665,S000000,00800,00100,N
665,S000000,01000,00100,4
665,S000001,00100,00100,LIFEBANC
665,S000001,00100,00200,36P002
665,S000001,00101,00100,4775 RICHMOND ROAD
665,S000001,00102,00100,CLEVELAND
665,S000001,00102,00200,OH
665,S000001,00102,00300,44128
665,S000001,00300,00100,01/01/2023
665,S000001,00300,00200,12/31/2023
665,S000001,00400,00100,6
665,S000001,00400,00300,1
665,S000001,00400,00400,08/01/1986
665,S000001,00401,00300,1
665,S000002,00100,00200,Y
665,S000002,00300,00100,SR. DIRECTOR OF FINANCE
665,S000002,00400,00100,05/29/2024
665,S100001,00700,00100,N
665,S100001,00810,00000,INTESTINE
665,S100001,00811,00000,OTHER TISSUES
665,S100003,00100,00100,MEDICAL DIRECTOR
665,S100003,00100,00300,MEDICAL DIRECTOR
665,S100003,00100,00500,LAB DIRECTOR
665,S100003,00101,00100,EXEC. DIRECTOR
665,S100003,00101,00300,PROCUREMENT COORDINATOR
665,S100003,00101,00500,TECHNICIANS
665,S100003,00102,00100,CLERICAL
665,S100003,00102,00300,PRESERVATION TECHNICIANS
665,S100003,00102,00500,TISSUE TYPING TECH.
665,S100003,00103,00100,OTHER
665,S100003,00103,00300,OTHER
665,S100003,00103,00500,OTHER
665,S200000,00100,00100,N
665,S200000,00200,00100,N
665,S200000,00300,00100,N
665,S200000,00400,00100,Y
665,S200000,00400,00200,A
665,S200000,00500,00100,N
665,S200000,00600,00300,SR. DIRECTOR OF FINANCE
665,S200000,00700,00100,LIFEBANC
669,A000000,00100,00000,0100CAPITAL COSTS-BLDG & FIXT
669,A000000,00200,00000,0200CAPITAL COSTS-MVBLE EQUIPMENT
669,A000000,00300,00000,0300EMPLOYEE BENEFITS
669,A000000,00400,00000,0400ADMINISTRATIVE & GENERAL
669,A000000,00500,00000,0500OPERATION AND MAINTENANCE OF PLANT
669,A000000,00600,00000,0600HOUSEKEEPING
669,A000000,00700,00000,0700MEDICAL SUPPLIES
669,A000000,00800,00000,0800OTHER OVERHEAD
669,A000000,00900,00000,0900PROCUREMENT COORDINATORS
669,A000000,01000,00000,1000PROFESSIONAL EDUCATION
669,A000000,01100,00000,1100PUBLIC EDUCATION
669,A000000,01200,00000,1200OTHER ACQUISITION
669,A000000,01300,00000,1300KIDNEY ACQUISITIONS
669,A000000,01400,00000,1400TISSUE TYPING LABORATORY
669,A000000,01500,00000,1500LIVER ACQUISITIONS
669,A000000,01600,00000,1600HEART ACQUISITIONS
669,A000000,01700,00000,1700PANCREAS ACQUISITIONS
669,A000000,01800,00000,1800LUNG ACQUISITIONS
669,A000000,01900,00000,1900INTESTINE
669,A000000,02100,00000,2100RESEARCH
669,A000000,02200,00000,2200BLOOD BANK
669,A000000,02300,00000,2300LABORATORY-NON-TISSUE TYPING
669,A000000,02400,00000,2400DIALYSIS UNITS
669,A000000,02500,00000,2500OTHER NON-REIMBURSABLE
669,A100000,01700,00000,PROFESSIONAL CONSULTING FEES  DUES
669,A100000,01800,00000,INDIRECT COST ALLOCATION
669,A20H000,00900,00000,UNALLOCATED HOSPITAL BILLS
669,A20K000,00900,00000,UNACCOUNTED HOSPITAL BILLS
669,A20L000,00900,00000,UNACCOUNTED HOSPITAL BILS
669,A20P000,00900,00000,ANR DONOR COSTS
669,A20U000,00900,00000,ANR DONOR COSTS
669,A400010,00100,00000,BUILDING RENT
669,A400010,00100,00100,A
669,A400010,00100,00200,CAPITAL COSTS-BLDG & FIXT
669,A400010,00100,00500,ADMINISTRATIVE & GENERAL
669,A400010,00200,00000,LEASED VEHICLES
669,A400010,00200,00100,B
669,A400010,00200,00200,CAPITAL COSTS-MVBLE EQUIPMENT
669,A400010,00200,00500,ADMINISTRATIVE & GENERAL
669,A400010,00300,00000,PROF ED AND PUBLIC ED COSTS
669,A400010,00300,00100,C
669,A400010,00300,00200,PROFESSIONAL EDUCATION
669,A400010,00300,00500,ADMINISTRATIVE & GENERAL
669,A400010,00400,00000,PROF ED AND PUBLIC ED COSTS
669,A400010,00400,00100,C
669,A400010,00400,00200,PUBLIC EDUCATION
669,A400010,00500,00000,CLINICAL CONSULTING FEES
669,A400010,00500,00100,D
669,A400010,00500,00200,PROCUREMENT COORDINATORS
669,A400010,00500,00500,ADMINISTRATIVE & GENERAL
669,A500010,00800,00100,B
669,A500010,00800,00300,PROCUREMENT COORDINATORS
669,A500010,00900,00100,B
669,A500010,00900,00300,ADMINISTRATIVE & GENERAL
669,A500010,01500,00000,NON-ALLOWABLE COST
669,A500010,01500,00100,A
669,A500010,01500,00300,ADMINISTRATIVE & GENERAL
669,A500010,01600,00000,AOPO LOBBYING
669,A500010,01600,00100,A
669,A500010,01600,00300,ADMINISTRATIVE & GENERAL
669,A500010,01601,00000,CL  DFS & HD SERVICES REVENUE
669,A500010,01601,00100,B
669,A500010,01601,00300,PROCUREMENT COORDINATORS
669,A500010,01603,00000,EXCESS SURGEON FEES
669,A500010,01603,00100,A
669,A500010,01603,00300,KIDNEY ACQUISITIONS
669,A51000A,00100,00100,Y
669,A51000B,00100,00200,ADMINISTRATIVE & GENERAL
669,A51000B,00100,00300,INDIRECT COST
669,A51000C,00100,00100,B
669,A51000C,00100,00400,ALBANY MEDICAL COLLEGE
669,A51000C,00100,00600,MEDICAL SCHOOL
669,A60000A,00700,00000,CAPITAL LEASE
669,A60000B,00800,00000,CAPITAL LEASE
669,A60000C,00500,00100,N
669,B10000*,00100,00200,CAP BLDG
669,B10000*,00100,00300,CAP COSTS
669,B10000*,00100,00400,EMPLOYEE
669,B10000*,00100,00500,MEDICAL
669,B10000*,00100,00800,ORGAN
669,B10000*,00100,01000,ADMIN &
669,B10000*,00200,00200,OP PLANT &
669,B10000*,00200,00300,MOVABLE
669,B10000*,00200,00400,BENEFITS
669,B10000*,00200,00500,SUPPLIES
669,B10000*,00200,00800,ACQUISITN
669,B10000*,00200,01000,GENERAL
669,B10000*,00300,00200,HOUSEKEEP
669,B10000*,00300,00300,EQUIPMENT
669,B10000*,00300,00800,COSTS
669,B10000*,00400,00200,SQUARE
669,B10000*,00400,00300,DOLLAR
669,B10000*,00400,00400,ADJUST
669,B10000*,00400,00500,COSTED
669,B10000*,00400,00600,NUMBER
669,B10000*,00400,00800,NUMBER
669,B10000*,00400,01000,ACCUM
669,B10000*,00500,00200,FEET
669,B10000*,00500,00300,VALUE
669,B10000*,00500,00400,SALARIES
669,B10000*,00500,00500,REQUISIT
669,B10000*,00500,00600,ORGANS
669,B10000*,00500,00800,ORGANS
669,B10000*,00500,01000,COSTS
669,B10000*,00600,00200,1
669,B10000*,00600,00300,2
669,B10000*,00600,00400,3
669,B10000*,00600,00500,3
669,B10000*,00600,00800,3
669,B10000*,00600,01000,3
669,B100000,00000,01000,X
669,S000000,00100,00100,X
669,S000000,00400,00100,5
669,S000000,00500,00100,08/27/2024
669,S000000,00600,00100,10001
669,S000000,00700,00100,N
669,S000000,00800,00100,N
669,S000000,01000,00100,4
669,S000001,00100,00100,CENTER FOR DONATION AND TRANSPLANT
669,S000001,00100,00200,33P004
669,S000001,00101,00100,218 GREAT OAKS BLVD
669,S000001,00102,00100,ALBANY
669,S000001,00102,00200,NY
669,S000001,00102,00300,12203
669,S000001,00300,00100,01/01/2023
669,S000001,00300,00200,12/31/2023
669,S000001,00400,00100,6
669,S000001,00400,00300,1
669,S000001,00400,00400,01/01/1980
669,S000001,00401,00300,1
669,S000002,00100,00200,Y
669,S000002,00300,00100,DIRECTOR OF FINANCE
669,S000002,00400,00100,08/26/2024
669,S100001,00700,00100,N
669,S100001,00810,00000,LARGE INTESTINE
669,S100003,00100,00100,MEDICAL DIRECTOR
669,S100003,00100,00300,MEDICAL DIRECTOR
669,S100003,00100,00500,LAB DIRECTOR
669,S100003,00101,00100,EXEC. DIRECTOR
669,S100003,00101,00300,PROCUREMENT COORDINATOR
669,S100003,00101,00500,TECHNICIANS
669,S100003,00102,00100,CLERICAL
669,S100003,00102,00300,PRESERVATION TECHNICIANS
669,S100003,00102,00500,TISSUE TYPING TECH.
669,S100003,00103,00100,OTHER
669,S100003,00103,00300,OTHER
669,S100003,00103,00500,OTHER
669,S200000,00100,00100,N
669,S200000,00200,00100,N
669,S200000,00300,00100,Y
669,S200000,00400,00100,Y
669,S200000,00400,00200,A
669,S200000,00500,00100,Y
669,S200000,00600,00300,EXECUTIVE DIRECTOR
669,S200000,00700,00100,CENTER FOR DONATION & TRANSPLANT
719,A000000,00100,00000,0100CAPITAL COSTS-BLDG & FIXT
719,A000000,00200,00000,0200CAPITAL COSTS-MVBLE EQUIPMENT
719,A000000,00300,00000,0300EMPLOYEE BENEFITS
719,A000000,00400,00000,0400ADMINISTRATIVE & GENERAL
719,A000000,00500,00000,0500OPERATION AND MAINTENANCE OF PLANT
719,A000000,00600,00000,0600HOUSEKEEPING
719,A000000,00700,00000,0700MEDICAL SUPPLIES
719,A000000,00800,00000,0800OTHER OVERHEAD
719,A000000,00900,00000,0900PROCUREMENT COORDINATORS
719,A000000,01000,00000,1000PROFESSIONAL EDUCATION
719,A000000,01100,00000,1100PUBLIC EDUCATION
719,A000000,01300,00000,1300KIDNEY ACQUISITIONS
719,A000000,01400,00000,1400TISSUE TYPING LABORATORY
719,A000000,01500,00000,1500LIVER ACQUISITIONS
719,A000000,01600,00000,1600HEART ACQUISITIONS
719,A000000,01700,00000,1700PANCREAS ACQUISITIONS
719,A000000,01800,00000,1800LUNG ACQUISITIONS
719,A000000,01900,00000,1900OTHER ACQUISITIONS
719,A000000,02100,00000,2100RESEARCH
719,A000000,02200,00000,2200BLOOD BANK
719,A000000,02300,00000,2300LABORATORY-NON-TISSUE TYPING
719,A000000,02400,00000,2400DIALYSIS UNITS
719,A100000,01700,00000,MAIL - COURIER SERVICES
719,A100000,01800,00000,ACCREDITIATION
719,A100000,01900,00000,BILLING SERVICES
719,A100000,01901,00000,CONSULTANT
719,A100000,01902,00000,SPACE COST
719,A100000,01903,00000,UTILITIES
719,A100000,01904,00000,BUILDING MAINTANANCE
719,A100000,01905,00000,BENEFITS
719,A100000,01906,00000,LICENSURE
719,A100000,01907,00000,PURCHASED SERVICES
719,A100000,01908,00000,MISCELLANOUS
719,A100000,01909,00000,ACADEMIC SALARIES
719,A100000,01910,00000,ACADENIC CONSULTANT
719,A300000,00600,00000,REAGENTS & SUPPLIES
719,A300000,00700,00000,CAPITAL - VARIOUS (SEE DEPRECIATION)
719,A400010,00100,00000,RECLASSIFICATIONS
719,A400010,00100,00100,A
719,A400010,00100,00200,CAPITAL COSTS-BLDG & FIXT
719,A400010,00100,00500,ADMINISTRATIVE & GENERAL
719,A400010,00200,00000,RECLASSIFICATIONS
719,A400010,00200,00100,A
719,A400010,00200,00200,OPERATION AND MAINTENANCE OF PLANT
719,A400010,00200,00500,ADMINISTRATIVE & GENERAL
719,A400010,00300,00000,RECLASSIFICATIONS
719,A400010,00300,00100,A
719,A400010,00300,00200,OPERATION AND MAINTENANCE OF PLANT
719,A400010,00300,00500,ADMINISTRATIVE & GENERAL
719,A400010,00400,00000,RECLASSIFICATIONS
719,A400010,00400,00100,A
719,A400010,00400,00200,EMPLOYEE BENEFITS
719,A400010,00400,00500,ADMINISTRATIVE & GENERAL
719,A500010,01500,00000,2024 DEPRECIATION EXPENSES
719,A500010,01500,00100,B
719,A500010,01500,00300,CAPITAL COSTS-MVBLE EQUIPMENT
719,A500010,01600,00000,VAROUS CAPITIAL PURCHASES
719,A500010,01600,00100,B
719,A500010,01600,00300,TISSUE TYPING LABORATORY
719,A51000A,00100,00100,Y
719,A51000B,00100,00200,TISSUE TYPING LABORATORY
719,A51000B,00100,00300,LABORATORY DIRECTORS
719,A51000B,00200,00200,ADMINISTRATIVE & GENERAL
719,A51000B,00200,00300,BILLING COSTS
719,A51000B,00300,00200,ADMINISTRATIVE & GENERAL
719,A51000B,00300,00300,AREA COSTS
719,A51000B,00400,00200,ADMINISTRATIVE & GENERAL
719,A51000B,00400,00300,UTILITIES
719,A51000B,00401,00200,ADMINISTRATIVE & GENERAL
719,A51000B,00401,00300,MAINTENANCE
719,A51000B,00402,00200,ADMINISTRATIVE & GENERAL
719,A51000B,00402,00300,MEDICAL DIRECTOR
719,A51000C,00100,00000,UNIVERSITY AND/OR MEDICAL CENTER
719,A51000C,00100,00100,G
719,A51000C,00100,00200,UCI SCHOOL OF MEDICINE
719,A51000C,00200,00000,UNIVERSITY AND/OR MEDICAL CENTER
719,A51000C,00200,00100,G
719,A51000C,00200,00200,UCI SCHOOL OF MEDICNE
719,A51000C,00300,00000,UNIVERSITY AND/OR MEDICAL CENTER
719,A51000C,00300,00100,G
719,A51000C,00300,00200,UCI MEDICAL CENTER
719,A51000C,00400,00000,UNIVERSITY AND/OR MEDICAL CENTER
719,A51000C,00400,00100,G
719,A51000C,00400,00200,UCI MEDICAL CENTER
719,A51000C,00401,00000,UNIVERSITY AND/OR MEDICAL CENTER
719,A51000C,00401,00100,G
719,A51000C,00401,00200,UCI MEDICAL CENTER
719,A51000C,00402,00000,UNIVERSITY AND/OR MEDICAL CENTER
719,A51000C,00402,00100,G
719,A51000C,00402,00200,UCI SCHOOL OF MEDICINE
719,A51000C,10000,00200,UNIVERSITY AND/OR MEDICAL CENTER
719,A60000C,00500,00100,N
719,B10000*,00100,00200,CAP BLDG
719,B10000*,00100,00300,CAP COSTS
719,B10000*,00100,00400,EMPLOYEE
719,B10000*,00100,00500,MEDICAL
719,B10000*,00100,00800,ORGAN
719,B10000*,00100,01000,ADMIN &
719,B10000*,00200,00200,OP PLANT &
719,B10000*,00200,00300,MOVABLE
719,B10000*,00200,00400,BENEFITS
719,B10000*,00200,00500,SUPPLIES
719,B10000*,00200,00800,ACQUISITN
719,B10000*,00200,01000,GENERAL
719,B10000*,00300,00200,HOUSEKEEP
719,B10000*,00300,00300,EQUIPMENT
719,B10000*,00300,00800,COSTS
719,B10000*,00400,00200,SQUARE
719,B10000*,00400,00300,DOLLAR
719,B10000*,00400,00400,ADJUST
719,B10000*,00400,00500,COSTED
719,B10000*,00400,00800,NUMBER
719,B10000*,00400,01000,ACCUM
719,B10000*,00500,00200,FEET
719,B10000*,00500,00300,VALUE
719,B10000*,00500,00400,SALARIES
719,B10000*,00500,00500,REQUISIT
719,B10000*,00500,00800,ORGANS
719,B10000*,00500,01000,COSTS
719,B10000*,00600,00200,1
719,B10000*,00600,00300,2
719,B10000*,00600,00400,3
719,B10000*,00600,00500,3
719,B10000*,00600,00800,3
719,B10000*,00600,01000,3
719,B100000,00000,01000,X
719,E000000,00900,00000,OTHER CURRENT ASSETS
719,E000000,02600,00000,OTHER FIXED ASSETS
719,S000000,00100,00100,X
719,S000000,00400,00100,1
719,S000000,00500,00100,10/23/2024
719,S000000,00600,00100,10001
719,S000000,00700,00100,N
719,S000000,00800,00100,N
719,S000000,01000,00100,4
719,S000001,00100,00100,UC IRVINE HLA TISSUE TYPING LAB
719,S000001,00100,00200,05HL09
719,S000001,00101,00100,101 THE CITY DRIVE SOUTH BLDG G54
719,S000001,00102,00100,ORANGE
719,S000001,00102,00200,CA
719,S000001,00102,00300,92868
719,S000001,00300,00100,07/01/2023
719,S000001,00300,00200,06/30/2024
719,S000001,00400,00100,8
719,S000001,00400,00300,2
719,S000001,00400,00400,09/20/2002
719,S000001,00401,00300,2
719,S000002,00300,00100,SENIOR DIRECTOR
719,S100001,00700,00100,N
719,S100001,00810,00000,OTHER
719,S100002,00401,00100,HLA CLASS I & II LOW RES TYPING
719,S100002,00402,00100,AUTO T &  B CELL CROSSMATCH
719,S100002,00403,00100,ANTIBODY SCREEN I & II (FLOW)
719,S100002,00404,00100,SINGLE ANTIGEN ID CLASS I
719,S100002,00405,00100,SINGLE ANTIGEN ID CLASS II
719,S100002,00406,00100,SINGLE ANTIGEN ANTIBODY CLASS I
719,S100002,00407,00100,SINGLE ANTIGEN ANTIBODY CLASS II
719,S100002,00408,00100,T & B CELL CROSSMARCH / PRONASE
719,S100002,00409,00100,T & B CELL CROSSMATCH /PRONASE FINAL
719,S100002,00410,00100,SPECIMEN PROCESSING
719,S100002,00411,00100,HLA DECREASED DONOR XM
719,S100002,00412,00100,HLA CLASS I & II HIGH RES B M
719,S100002,00413,00100,ANTIBODY  SCREEN CLASS I & II B M
719,S100002,00414,00100,SINGLE ANTIGEN ID CLASS I BM
719,S100002,00415,00100,SINGLE ANTIGEN ID CLASS II BM
719,S100002,00416,00100,HLA A B C (CLASS I) LOW RES BM
719,S100002,00417,00100,HLA DR DQ CLASS II LOW RES BM
719,S100002,00418,00100,KIR TYPING
719,S100003,00100,00100,MEDICAL DIRECTOR
719,S100003,00100,00300,MEDICAL DIRECTOR
719,S100003,00100,00500,LAB DIRECTOR
719,S100003,00101,00100,EXEC. DIRECTOR
719,S100003,00101,00300,PROCUREMENT COORDINATOR
719,S100003,00101,00500,TECHNICIANS
719,S100003,00102,00100,CLERICAL
719,S100003,00102,00300,PRESERVATION TECHNICIANS
719,S100003,00102,00500,TISSUE TYPING TECH.
719,S100003,00103,00100,OTHER
719,S100003,00103,00300,OTHER
719,S100003,00103,00500,OTHER
719,S200000,00100,00100,N
719,S200000,00200,00100,N
719,S200000,00300,00100,Y
719,S200000,00400,00100,N
719,S200000,00500,00100,N
719,S200000,00600,00300,CONSULTANT
719,S200000,00700,00100,E & L CONSULTING
720,A000000,00100,00000,0100CAPITAL COSTS-BLDG & FIXT
720,A000000,00200,00000,0200CAPITAL COSTS-MVBLE EQUIPMENT
720,A000000,00300,00000,0300EMPLOYEE BENEFITS
720,A000000,00400,00000,0400ADMINISTRATIVE & GENERAL
720,A000000,00500,00000,0500OPERATION AND MAINTENANCE OF PLANT
720,A000000,00600,00000,0600HOUSEKEEPING
720,A000000,00700,00000,0700MEDICAL SUPPLIES
720,A000000,00900,00000,0900PROCUREMENT COORDINATORS
720,A000000,01000,00000,1000PROFESSIONAL EDUCATION
720,A000000,01100,00000,1100PUBLIC EDUCATION
720,A000000,01300,00000,1300KIDNEY ACQUISITIONS
720,A000000,01400,00000,1400TISSUE TYPING LABORATORY
720,A000000,01500,00000,1500LIVER ACQUISITIONS
720,A000000,01600,00000,1600HEART ACQUISITIONS
720,A000000,01700,00000,1700PANCREAS ACQUISITIONS
720,A000000,01800,00000,1800LUNG ACQUISITIONS
720,A000000,01900,00000,1900INTESTINE
720,A000000,02100,00000,2100RESEARCH
720,A000000,02200,00000,2200BLOOD BANK
720,A000000,02300,00000,2300LABORATORY-NON-TISSUE TYPING
720,A000000,02400,00000,2400DIALYSIS UNITS
720,A000000,02500,00000,2500TISSUE PROCUREMENT COSTS
720,A000000,02501,00000,2501BONE
720,A000000,02502,00000,2502HEART VALVE
720,A000000,02503,00000,2503SKIN AND OTHER TISSUES
720,A100000,01700,00000,BANK SERVICE CHARGE
720,A100000,01800,00000,OTHER ADMIN AND GENERAL
720,A100000,01900,00000,DONOR REGISTERY
720,A100000,01901,00000,UTILITIES/SECURITY/MAINTENANCE
720,A100000,01902,00000,SMALL OFFICE EQUIPMENT
720,A100000,01903,00000,EMPLOYEE RECRUITING
720,A100000,01904,00000,QA/QI SALARIES
720,A100000,01905,00000,DUES AND SUBSCRIPTIONS
720,A100000,01906,00000,ANSWERING SERVICE
720,A100000,01907,00000,UNALLOWABLE MEALS / BAD DEBT / MISC
720,A20H000,00900,00000,OTHER HOSPITAL COSTS
720,A20H000,02100,00000,OTHER ACQUISITION COSTS
720,A20K000,00900,00000,OTHER HOSPITAL COSTS
720,A20K000,02100,00000,OTHER ACQUISITION COSTS
720,A20L000,00900,00000,OTHER HOSPITAL COSTS
720,A20L000,02100,00000,OTHER ACQUISITION COSTS
720,A20O000,00900,00000,OTHER HOSPITAL COSTS
720,A20P000,00900,00000,OTHER HOSPITAL COSTS
720,A20P000,02100,00000,OTHER ACQUISITION COSTS
720,A20U000,00900,00000,OTHER HOSPITAL COSTS
720,A20U000,02100,00000,OTHER ACQUISITION COSTS
720,A400010,00100,00000,INDIRECT TISSUE PROCUREMENT COSTS
720,A400010,00100,00100,A
720,A400010,00100,00200,TISSUE PROCUREMENT COSTS
720,A400010,00100,00500,PROCUREMENT COORDINATORS
720,A400010,00200,00000,RECLASS TISSUE DIRECT COSTS
720,A400010,00200,00100,B
720,A400010,00200,00200,TISSUE PROCUREMENT COSTS
720,A400010,00200,00500,EMPLOYEE BENEFITS
720,A400010,00300,00000,RECLASS TISSUE DIRECT COSTS
720,A400010,00300,00100,B
720,A400010,00300,00500,PROCUREMENT COORDINATORS
720,A500010,00700,00100,B
720,A500010,00700,00300,CAPITAL COSTS-BLDG & FIXT
720,A500010,01200,00100,B
720,A500010,01200,00300,CAPITAL COSTS-BLDG & FIXT
720,A500010,01500,00000,CALL CENTER RENTAL INCOME
720,A500010,01500,00100,B
720,A500010,01500,00300,TISSUE PROCUREMENT COSTS
720,A500010,01501,00000,EMPLOYEE MEALS AND PROMOTIONAL ITEMS
720,A500010,01501,00100,A
720,A500010,01501,00300,ADMINISTRATIVE & GENERAL
720,A500010,01601,00000,LOBBYING DUES
720,A500010,01601,00100,A
720,A500010,01601,00300,ADMINISTRATIVE & GENERAL
720,A500010,01602,00000,RESEARCH REVENUE (INTENT FOR RESEARC
720,A500010,01602,00100,B
720,A500010,01602,00300,PROCUREMENT COORDINATORS
720,A51000A,00100,00100,N
720,A60000A,00700,00000,CONSTRUCTION IN PROGRESS
720,A60000C,00500,00100,N
720,B10000*,00100,00200,CAP BLDG
720,B10000*,00100,00300,CAP COSTS
720,B10000*,00100,00400,EMPLOYEE
720,B10000*,00100,00500,MEDICAL
720,B10000*,00100,00800,ORGAN
720,B10000*,00100,01000,ADMIN &
720,B10000*,00200,00200,OP PLANT &
720,B10000*,00200,00300,MOVABLE
720,B10000*,00200,00400,BENEFITS
720,B10000*,00200,00500,SUPPLIES
720,B10000*,00200,00800,ACQUISITN
720,B10000*,00200,01000,GENERAL
720,B10000*,00300,00200,HOUSEKEEP
720,B10000*,00300,00300,EQUIPMENT
720,B10000*,00300,00800,COSTS
720,B10000*,00400,00200,SQUARE
720,B10000*,00400,00300,DOLLAR
720,B10000*,00400,00400,ADJUST
720,B10000*,00400,00500,COSTED
720,B10000*,00400,00800,NUMBER
720,B10000*,00400,01000,ACCUM
720,B10000*,00500,00200,FEET
720,B10000*,00500,00300,VALUE
720,B10000*,00500,00400,SALARIES
720,B10000*,00500,00500,REQUISIT
720,B10000*,00500,00800,ORGANS
720,B10000*,00500,01000,COSTS
720,B10000*,00600,00200,1
720,B10000*,00600,00300,2
720,B10000*,00600,00400,3
720,B10000*,00600,00500,3
720,B10000*,00600,00800,3
720,B10000*,00600,01000,3
720,B100000,00000,01000,X
720,E000000,00900,00000,ESTIMATED THIRD PARTY RECEIVABLE
720,E000000,02600,00000,CONSTRUCTION WORK IN PROGRESS
720,E000000,03100,00000,OTHER
720,E000000,03900,00000,ESTIMATED THIRD PARTY SETTLEMENTS
720,E000000,04100,00000,ACCRUED INTEREST PAYABLE
720,E200000,01900,00000,LOAN FORGIVENESS PROCEEDS
720,E200000,02000,00000,MISCELLANEOUS REVENUE
720,E200000,02100,00000,GAIN ON DISPOSAL OF PP&E
720,E200000,02200,00000,UNREALIZED INVESTMENT GAIN
720,E200000,02600,00000,UNREALIZED INVESTMENT LOSS
720,E200000,02700,00000,LOSS ON SALE OF ASSETS
720,E200000,02701,00000,INVESTMENT LOSS
720,S000000,00100,00100,X
720,S000000,00400,00100,1
720,S000000,00500,00100,10/24/2024
720,S000000,00600,00100,10001
720,S000000,00700,00100,N
720,S000000,00800,00100,N
720,S000000,01000,00100,4
720,S000001,00100,00100,NEBRASKA ORGAN RECOVERY SYSTEM  INC.
720,S000001,00100,00200,28P001
720,S000001,00101,00100,3867 LEAVENWORTH STREET
720,S000001,00102,00100,OMAHA
720,S000001,00102,00200,NE
720,S000001,00102,00300,68105
720,S000001,00300,00100,07/01/2023
720,S000001,00300,00200,06/30/2024
720,S000001,00400,00100,6
720,S000001,00400,00300,1
720,S000001,00400,00400,02/22/1979
720,S000001,00401,00300,1
720,S100001,00700,00100,N
720,S100001,00810,00000,INTESTINE
720,S100001,00811,00000,OTHER TISSUE
720,S100003,00100,00100,MEDICAL DIRECTOR
720,S100003,00100,00300,MEDICAL DIRECTOR
720,S100003,00100,00500,LAB DIRECTOR
720,S100003,00101,00100,EXEC. DIRECTOR
720,S100003,00101,00300,PROCUREMENT COORDINATOR
720,S100003,00101,00500,TECHNICIANS
720,S100003,00102,00100,CLERICAL
720,S100003,00102,00300,PRESERVATION TECHNICIANS
720,S100003,00102,00500,TISSUE TYPING TECH.
720,S100003,00103,00100,OTHER
720,S100003,00103,00300,OTHER SUPPORT
720,S100003,00103,00500,OTHER
720,S200000,00100,00100,N
720,S200000,00200,00100,N
720,S200000,00300,00100,N
720,S200000,00400,00100,Y
720,S200000,00400,00200,A
720,S200000,00400,00300,10/31/2023
720,S200000,00500,00100,N
720,S200000,00600,00300,CFO
720,S200000,00700,00100,LIVE ON NEBRASKA
721,A000000,00100,00000,0100CAPITAL COSTS-BLDG & FIXT
721,A000000,00200,00000,0200CAPITAL COSTS-MVBLE EQUIPMENT
721,A000000,00300,00000,0300EMPLOYEE BENEFITS
721,A000000,00400,00000,0400ADMINISTRATIVE & GENERAL
721,A000000,00500,00000,0500OPERATION AND MAINTENANCE OF PLANT
721,A000000,00600,00000,0600HOUSEKEEPING
721,A000000,00700,00000,0700MEDICAL SUPPLIES
721,A000000,00800,00000,0800OTHER OVERHEAD
721,A000000,00900,00000,0900PROCUREMENT COORDINATORS
721,A000000,01000,00000,1000PROFESSIONAL EDUCATION
721,A000000,01100,00000,1100PUBLIC EDUCATION
721,A000000,01200,00000,1200DONOR REFERRAL CENTER
721,A000000,01300,00000,1300KIDNEY ACQUISITIONS
721,A000000,01400,00000,1400TISSUE TYPING LABORATORY
721,A000000,01500,00000,1500LIVER ACQUISITIONS
721,A000000,01600,00000,1600HEART ACQUISITIONS
721,A000000,01700,00000,1700PANCREAS ACQUISITIONS
721,A000000,01800,00000,1800LUNG ACQUISITIONS
721,A000000,01900,00000,1900HEART\LUNG
721,A000000,01901,00000,1901SMALL BOWEL
721,A000000,01902,00000,1902VCA
721,A000000,02100,00000,2100RESEARCH
721,A000000,02200,00000,2200BLOOD BANK
721,A000000,02300,00000,2300LABORATORY-NON-TISSUE TYPING
721,A000000,02400,00000,2400DIALYSIS UNITS
721,A000000,02500,00000,2500TISSUE
721,A000000,02501,00000,2501FOUNDATION
721,A100000,01700,00000,EMPLOYEE BENEFITS
721,A100000,01800,00000,PAYROLL TAXES
721,A100000,01900,00000,EMPLOYMENT EXPENSE
721,A100000,01901,00000,DUES & SUBS
721,A100000,01902,00000,CONTRACT SERVICES
721,A100000,01904,00000,OTHER
721,A20H000,00900,00000,OTHER EXCISION HOSPITAL HEART
721,A20H000,02100,00000,MEDICAL SUPPLIES
721,A20H000,02101,00000,LAB FEES
721,A20H000,02102,00000,OTHER ACQUISITION COSTS
721,A20H000,02103,00000,ALLOCATED DEPT COSTS
721,A20K000,00900,00000,OTHER EXCISION HOSPITAL KIDNEY
721,A20K000,02100,00000,MEDICAL SUPPLIES
721,A20K000,02101,00000,LAB FEES
721,A20K000,02102,00000,OTHER ACQUISITION COSTS
721,A20K000,02103,00000,ALLOCATED DEPT COSTS
721,A20L000,00900,00000,OTHER EXCISION HOSPITAL LIVER
721,A20L000,02100,00000,MEDICAL SUPPLIES
721,A20L000,02101,00000,LAB FEES
721,A20L000,02102,00000,OTHER ACQUISITION COSTS
721,A20L000,02103,00000,ALLOCATED DEPT COSTS
721,A20O000,00900,00000,OTHER EXCISION HOSPITAL HEART/LUNG
721,A20O000,02100,00000,MEDICAL SUPPLIES
721,A20O000,02101,00000,LAB FEES
721,A20O000,02102,00000,OTHER ACQUISITION COSTS
721,A20O000,02103,00000,ALLOCATED DEPT COSTS
721,A20O001,00900,00000,HOSPITAL RELATED COSTS SMALL BOWEL
721,A20O001,02100,00000,MEDICAL SUPPLIES
721,A20O001,02101,00000,LAB FEES
721,A20O001,02102,00000,OTHE ACQUISITION COSTS
721,A20O001,02103,00000,ALLOCATED DEPT COSTS
721,A20P000,00900,00000,OTHER EXCISION HOSPITAL PANCREAS
721,A20P000,02100,00000,MEDICAL SUPPLIES
721,A20P000,02101,00000,LAB FEES
721,A20P000,02102,00000,OTHER ACQUISITION COSTS
721,A20P000,02103,00000,ALLOCATED DEPT COSTS
721,A20U000,00900,00000,OTHER EXCISION HOSPITAL LUNG
721,A20U000,02100,00000,MEDICAL SUPPLIES
721,A20U000,02101,00000,LAB FEES
721,A20U000,02102,00000,OTHER ACQUISITION COSTS
721,A20U000,02103,00000,ALLOCATED DEPT COSTS
721,A400010,00100,00000,RECOVERY SURGEON RECLASS
721,A400010,00100,00100,A
721,A400010,00100,00200,KIDNEY ACQUISITIONS
721,A400010,00100,00500,PROCUREMENT COORDINATORS
721,A400010,00200,00000,RECOVERY SURGEON RECLASS
721,A400010,00200,00100,A
721,A400010,00200,00200,LIVER ACQUISITIONS
721,A400010,00300,00000,RECOVERY SURGEON RECLASS
721,A400010,00300,00100,A
721,A400010,00300,00200,HEART ACQUISITIONS
721,A400010,00400,00000,RECOVERY SURGEON RECLASS
721,A400010,00400,00100,A
721,A400010,00400,00200,PANCREAS ACQUISITIONS
721,A400010,00500,00000,RECOVERY SURGEON RECLASS
721,A400010,00500,00100,A
721,A400010,00500,00200,LUNG ACQUISITIONS
721,A400010,00600,00000,RECOVERY SURGEON RECLASS
721,A400010,00600,00100,A
721,A400010,00600,00200,SMALL BOWEL
721,A400010,00700,00000,CAPITAL RELATED COSTS
721,A400010,00700,00100,B
721,A400010,00700,00200,CAPITAL COSTS-MVBLE EQUIPMENT
721,A400010,00700,00500,ADMINISTRATIVE & GENERAL
721,A400010,00800,00000,CAPITAL RELATED COSTS
721,A400010,00800,00100,B
721,A400010,00800,00500,PROCUREMENT COORDINATORS
721,A400010,00900,00000,OCCUPANCY COSTS
721,A400010,00900,00100,C
721,A400010,00900,00200,OPERATION AND MAINTENANCE OF PLANT
721,A400010,00900,00500,ADMINISTRATIVE & GENERAL
721,A400010,01000,00000,TISSUE OVERHEAD
721,A400010,01000,00100,D
721,A400010,01000,00200,TISSUE
721,A400010,01000,00500,PROFESSIONAL EDUCATION
721,A400010,01100,00000,TISSUE OVERHEAD
721,A400010,01100,00100,D
721,A400010,01100,00500,PUBLIC EDUCATION
721,A400010,01200,00000,TISSUE OVERHEAD
721,A400010,01200,00100,D
721,A400010,01200,00500,DONOR REFERRAL CENTER
721,A400010,01300,00000,A&G OCCUPANCY RECLASS
721,A400010,01300,00100,E
721,A400010,01300,00200,ADMINISTRATIVE & GENERAL
721,A400010,01300,00500,CAPITAL COSTS-MVBLE EQUIPMENT
721,A400010,01400,00000,A&G OCCUPANCY RECLASS
721,A400010,01400,00100,E
721,A400010,01400,00500,OPERATION AND MAINTENANCE OF PLANT
721,A400010,01500,00000,KIDNEY PUMP ROOM OCCUPANCY COST
721,A400010,01500,00100,F
721,A400010,01500,00200,KIDNEY ACQUISITIONS
721,A400010,01500,00500,CAPITAL COSTS-MVBLE EQUIPMENT
721,A400010,01600,00000,KIDNEY PUMP ROOM OCCUPANCY COST
721,A400010,01600,00100,F
721,A400010,01600,00500,OPERATION AND MAINTENANCE OF PLANT
721,A400010,01700,00000,FUNERAL TISSUE RECLASS
721,A400010,01700,00100,G
721,A400010,01700,00200,ADMINISTRATIVE & GENERAL
721,A400010,01700,00500,TISSUE
721,A500010,00800,00100,B
721,A500010,00800,00300,PROCUREMENT COORDINATORS
721,A500010,01200,00100,B
721,A500010,01200,00300,CAPITAL COSTS-MVBLE EQUIPMENT
721,A500010,01501,00000,NON-REIMBURSIBLE COSTS TISSUE
721,A500010,01501,00100,A
721,A500010,01501,00300,TISSUE
721,A500010,01502,00000,NON-REIMBURSIBLE COSTS ORGAN
721,A500010,01502,00100,A
721,A500010,01502,00300,PROCUREMENT COORDINATORS
721,A500010,01503,00000,NON REIMBURSIBLE COSTS PROFESSIONAL
721,A500010,01503,00100,A
721,A500010,01503,00300,PROFESSIONAL EDUCATION
721,A500010,01504,00000,NON REIMBURSIBLE COSTS PUBLIC EDU
721,A500010,01504,00100,A
721,A500010,01504,00300,PUBLIC EDUCATION
721,A500010,01505,00000,NON REIMBURSIBLE COSTS ADMIN
721,A500010,01505,00100,A
721,A500010,01505,00300,ADMINISTRATIVE & GENERAL
721,A500010,01506,00000,MISC INCOME
721,A500010,01506,00100,B
721,A500010,01506,00300,ADMINISTRATIVE & GENERAL
721,A500010,01509,00000,NONREIMBURSABLE DONOR REFERRAL
721,A500010,01509,00100,A
721,A500010,01509,00300,DONOR REFERRAL CENTER
721,A500010,01512,00000,KIDNEY SUPPLY REBATE
721,A500010,01512,00100,B
721,A500010,01512,00300,KIDNEY ACQUISITIONS
721,A500010,01600,00000,CALL CENTER REVENUE
721,A500010,01600,00100,B
721,A500010,01600,00300,DONOR REFERRAL CENTER
721,A51000A,00100,00100,Y
721,A51000B,00100,00200,FOUNDATION
721,A51000B,00100,00300,FOUNDATION
721,A51000C,00100,00100,C
721,A51000C,00100,00400,OUTLIVE YOURSELF FOUNDATION
721,A51000C,00100,00600,FOUNDATION
721,A60000A,00700,00000,CONTRA ASSETS
721,A60000A,00701,00000,FURNITURE & FIXTURES
721,A60000A,00702,00000,MEDICAL EQUIPMENT
721,A60000A,00703,00000,COMPUTER EQUIPMENT
721,A60000A,00704,00000,SOFTWARE
721,A60000B,00800,00000,CONTRA ASSETS
721,A60000B,00801,00000,FURNITURE & FIXTURES
721,A60000B,00802,00000,MEDICAL EQUIPMENT
721,A60000B,00803,00000,COMPUTER EQUIPMENT
721,A60000B,00804,00000,COMPUTER SOFTWARE
721,A60000C,00500,00100,N
721,B10000*,00100,00200,CAP BLDG
721,B10000*,00100,00300,CAP COSTS
721,B10000*,00100,00400,EMPLOYEE
721,B10000*,00100,00500,MEDICAL
721,B10000*,00100,00800,ORGAN
721,B10000*,00100,01000,ADMIN &
721,B10000*,00200,00200,OP PLANT &
721,B10000*,00200,00300,MOVABLE
721,B10000*,00200,00400,BENEFITS
721,B10000*,00200,00500,SUPPLIES
721,B10000*,00200,00800,ACQUISITN
721,B10000*,00200,01000,GENERAL
721,B10000*,00300,00200,HOUSEKEEP
721,B10000*,00300,00300,EQUIPMENT
721,B10000*,00300,00800,COSTS
721,B10000*,00400,00200,SQUARE
721,B10000*,00400,00300,DOLLAR
721,B10000*,00400,00400,ADJUST
721,B10000*,00400,00500,COSTED
721,B10000*,00400,00800,NUMBER
721,B10000*,00400,01000,ACCUM
721,B10000*,00500,00200,FEET
721,B10000*,00500,00300,VALUE
721,B10000*,00500,00400,SALARIES
721,B10000*,00500,00500,REQUISIT
721,B10000*,00500,00800,ORGANS
721,B10000*,00500,01000,COSTS
721,B10000*,00600,00200,1
721,B10000*,00600,00300,2
721,B10000*,00600,00400,3
721,B10000*,00600,00500,3
721,B10000*,00600,00800,3
721,B10000*,00600,01000,3
721,B100000,00000,01000,X
721,E000000,00900,00000,MEDICARE AR
721,E000000,02600,00000,GAIN/LOSS FIXED ASSETS
721,E000000,03100,00000,OTHER
721,E000000,03900,00000,DUE TO MEDICARE
721,E000000,04100,00000,ACCURED EXPENSES
721,E000000,04600,00000,LEASE LIABILITIES
721,E000000,04700,00000,INTEREST RATE SWAP
721,E100001,00700,00000,PROCUREMENT REVENUE
721,E100002,00300,00000,MINOR VARIANCE
721,E100002,00800,00000,VARIANCE
721,E100002,00900,00000,INTEREST EXP
721,E100002,01000,00000,DEPR
721,E100002,01001,00000,BANK FEES
721,E100002,01002,00000,FOUNDATION
721,E200000,01800,00000,INTEREST INCOME
721,E200000,01900,00000,TRANSFER FROM RELATED PARTY
721,E200000,02000,00000,UNREALIZED GAIN INTEREST RATE SWAP
721,E200000,02100,00000,OTHER
721,E200000,02200,00000,RENTAL INCOME
721,E200000,02300,00000,NET ASSETS RELEASED FROM RESTRICTION
721,E200000,02301,00000,REALIZED GAIN ON INVESTMENTS  NET
721,E200000,02600,00000,NET CHANGE IN UNREALIZED LOSSES
721,E200000,02700,00000,UNREALIZED LOSS ON INT RATE SWAP
721,E200000,02701,00000,INVESTMENT LOSS (NET)
721,E200000,02702,00000,TRANSFER TO RELATED PARTY
721,E200000,02703,00000,UNREALIZED LOSS ON INT RATE SWAP
721,S000000,00100,00100,X
721,S000000,00400,00100,5
721,S000000,00500,00100,10/30/2024
721,S000000,00600,00100,10001
721,S000000,00700,00100,N
721,S000000,00800,00100,N
721,S000000,01000,00100,4
721,S000001,00100,00100,SOUTHWEST TRANSPLANT ALLIANCE
721,S000001,00100,00200,45P002
721,S000001,00101,00100,8190 MANDERVILLE LANE
721,S000001,00102,00100,DALLAS
721,S000001,00102,00200,TX
721,S000001,00102,00300,75231
721,S000001,00300,00100,01/01/2023
721,S000001,00300,00200,12/31/2023
721,S000001,00400,00100,6
721,S000001,00400,00300,1
721,S000001,00400,00400,03/31/1998
721,S000001,00401,00300,1
721,S000002,00100,00200,Y
721,S000002,00300,00100,CHIEF FINANCIAL OFFICER
721,S000002,00400,00100,10/29/2024
721,S100001,00700,00100,N
721,S100001,00810,00000,SM BOWEL
721,S100001,00811,00000,VCA
721,S100003,00100,00100,MEDICAL DIRECTOR
721,S100003,00100,00300,MEDICAL DIRECTOR
721,S100003,00100,00500,LAB DIRECTOR
721,S100003,00101,00100,EXEC. DIRECTOR
721,S100003,00101,00300,PROCUREMENT COORDINATOR
721,S100003,00101,00500,TECHNICIANS
721,S100003,00102,00100,CLERICAL
721,S100003,00102,00300,PRESERVATION TECHNICIANS
721,S100003,00102,00500,TISSUE TYPING TECH.
721,S100003,00103,00100,OTHER
721,S100003,00103,00300,OTHER
721,S100003,00103,00500,OTHER
721,S200000,00100,00100,N
721,S200000,00200,00100,N
721,S200000,00300,00100,Y
721,S200000,00400,00100,Y
721,S200000,00400,00200,A
721,S200000,00500,00100,Y
721,S200000,00600,00300,CFO
721,S200000,00700,00100,SOUTHWEST TRANSPLANT ALLIANCE
723,A000000,00100,00000,0100CAPITAL COSTS-BLDG & FIXT
723,A000000,00200,00000,0200CAPITAL COSTS-MVBLE EQUIPMENT
723,A000000,00300,00000,0300EMPLOYEE BENEFITS
723,A000000,00400,00000,0400ADMINISTRATIVE & GENERAL
723,A000000,00500,00000,0500OPERATION AND MAINTENANCE OF PLANT
723,A000000,00600,00000,0600HOUSEKEEPING
723,A000000,00700,00000,0700MEDICAL SUPPLIES
723,A000000,00800,00000,0800OTHER OVERHEAD
723,A000000,00900,00000,0900PROCUREMENT COORDINATORS
723,A000000,01000,00000,1000PROFESSIONAL EDUCATION
723,A000000,01100,00000,1100PUBLIC EDUCATION
723,A000000,01200,00000,1200DONOR REFERRAL CALLS
723,A000000,01201,00000,1201OTHER ACQUISITION
723,A000000,01300,00000,1300KIDNEY ACQUISITIONS
723,A000000,01400,00000,1400TISSUE TYPING LABORATORY
723,A000000,01500,00000,1500LIVER ACQUISITIONS
723,A000000,01600,00000,1600HEART ACQUISITIONS
723,A000000,01700,00000,1700PANCREAS ACQUISITIONS
723,A000000,01800,00000,1800LUNG ACQUISITIONS
723,A000000,01900,00000,1900SMALL BOWELS
723,A000000,01901,00000,1901OTHER ACQUISITIONS
723,A000000,02100,00000,2100RESEARCH
723,A000000,02200,00000,2200BLOOD BANK
723,A000000,02300,00000,2300LABORATORY-NON-TISSUE TYPING
723,A000000,02400,00000,2400DIALYSIS UNITS
723,A000000,02500,00000,2500OTHER NON-REIMBURSABLE
723,A100000,01700,00000,CONTRACT LABOR
723,A100000,01800,00000,DUES & SUBCRIPTIONS
723,A100000,01900,00000,POSTAGE & FREIGHT
723,A100000,01901,00000,MISC EXPENSE
723,A20H000,00900,00000,RADIOLOGY
723,A20H000,02100,00000,MISC ORGAN COSTS
723,A20K000,00900,00000,RADIOLOGY
723,A20K000,02100,00000,MISC ORGAN COSTS
723,A20L000,00900,00000,RADIOLOGY
723,A20L000,02100,00000,MISC ORGAN COSTS
723,A20O000,00900,00000,RADIOLOGY
723,A20O000,02100,00000,MISC ORGAN COST
723,A20P000,00900,00000,RADIOLOGY
723,A20P000,02100,00000,MISC ORGAN COSTS
723,A20U000,00900,00000,RADIOLOGY
723,A20U000,02100,00000,MISC ORGAN COSTS
723,A400010,00100,00000,OFFICE SPACE LEASES
723,A400010,00100,00100,A
723,A400010,00100,00200,CAPITAL COSTS-BLDG & FIXT
723,A400010,00100,00500,ADMINISTRATIVE & GENERAL
723,A400010,00200,00000,EQUIMENT LEASES
723,A400010,00200,00100,B
723,A400010,00200,00200,CAPITAL COSTS-MVBLE EQUIPMENT
723,A400010,00200,00500,ADMINISTRATIVE & GENERAL
723,A400010,00300,00000,INSURANCE RECLASS
723,A400010,00300,00100,C
723,A400010,00300,00200,CAPITAL COSTS-MVBLE EQUIPMENT
723,A400010,00300,00500,ADMINISTRATIVE & GENERAL
723,A400010,00400,00000,DONOR REFERRAL CALLS
723,A400010,00400,00100,D
723,A400010,00400,00200,DONOR REFERRAL CALLS
723,A400010,00400,00500,ADMINISTRATIVE & GENERAL
723,A400010,00500,00000,BUILDING DEPR
723,A400010,00500,00100,E
723,A400010,00500,00200,CAPITAL COSTS-BLDG & FIXT
723,A400010,00500,00500,CAPITAL COSTS-MVBLE EQUIPMENT
723,A500010,00800,00100,B
723,A500010,00800,00300,PROCUREMENT COORDINATORS
723,A500010,01500,00000,INTEREST INCOME
723,A500010,01500,00100,B
723,A500010,01500,00300,CAPITAL COSTS-BLDG & FIXT
723,A500010,01600,00000,LOBBYING EXPENSE
723,A500010,01600,00100,A
723,A500010,01600,00300,ADMINISTRATIVE & GENERAL
723,A51000A,00100,00100,N
723,A60000A,00700,00000,CIP
723,A60000C,00500,00100,N
723,B10000*,00100,00200,CAP BLDG
723,B10000*,00100,00300,CAP COSTS
723,B10000*,00100,00400,EMPLOYEE
723,B10000*,00100,00500,MEDICAL
723,B10000*,00100,00800,ORGAN
723,B10000*,00100,01000,ADMIN &
723,B10000*,00200,00200,OP PLANT &
723,B10000*,00200,00300,MOVABLE
723,B10000*,00200,00400,BENEFITS
723,B10000*,00200,00500,SUPPLIES
723,B10000*,00200,00800,ACQUISITN
723,B10000*,00200,01000,GENERAL
723,B10000*,00300,00200,HOUSEKEEP
723,B10000*,00300,00300,EQUIPMENT
723,B10000*,00300,00800,COSTS
723,B10000*,00400,00200,SQUARE
723,B10000*,00400,00300,DOLLAR
723,B10000*,00400,00400,ADJUST
723,B10000*,00400,00500,COSTED
723,B10000*,00400,00800,NUMBER
723,B10000*,00400,01000,ACCUM
723,B10000*,00500,00200,FEET
723,B10000*,00500,00300,VALUE
723,B10000*,00500,00400,SALARIES
723,B10000*,00500,00500,REQUISIT
723,B10000*,00500,00800,ORGANS
723,B10000*,00500,01000,COSTS
723,B10000*,00600,00200,1
723,B10000*,00600,00300,2
723,B10000*,00600,00400,3
723,B10000*,00600,00500,3
723,B10000*,00600,00800,3
723,B10000*,00600,01000,3
723,B100000,00000,01000,X
723,E000000,00900,00000,OTHER CURRENT ASSETS
723,E000000,02600,00000,CIP
723,E000000,03100,00000,RIGHT OF USE ASSETS
723,E000000,03900,00000,DUE TO MEDICARE
723,E000000,04100,00000,ACCRUED EXPENSES
723,E000000,04600,00000,OPERATING LEASE PAYABLE - LONG TERM
723,E000000,04700,00000,FINANCE LEASE PAYABLE - LONG TERM
723,E100001,00700,00000,MEDICARE ADJUSTMENT
723,E100001,00800,00000,SURGEON FEE REVENUE
723,E100001,00900,00000,CALL CENTER SERVICE FEES
723,E100002,00300,00000,MEDICARE CONTRACTUAL
723,E100002,00400,00000,ROUNDING
723,E100002,00800,00000,ROUNDING
723,E200000,01500,00000,INTEREST INCOME
723,E200000,02600,00000,INVESTMENT LOSS
723,S000000,00100,00100,X
723,S000000,00400,00100,2
723,S000000,00500,00100,03/20/2024
723,S000000,00600,00100,10001
723,S000000,00700,00100,N
723,S000000,00800,00100,N
723,S000000,00900,00100,11/05/2024
723,S000000,01000,00100,4
723,S000001,00100,00100,TEXAS ORGAN SHARING ALLIANCE
723,S000001,00100,00200,45P004
723,S000001,00101,00100,5051 HAMILTON WOLFE DRIVE
723,S000001,00102,00100,SAN ANTONIO
723,S000001,00102,00200,TX
723,S000001,00102,00300,78229
723,S000001,00300,00100,01/01/2023
723,S000001,00300,00200,12/31/2023
723,S000001,00400,00100,6
723,S000001,00400,00300,1
723,S000001,00400,00400,04/10/1979
723,S000001,00401,00300,1
723,S000002,00100,00200,Y
723,S000002,00300,00100,SR VP & COO
723,S000002,00400,00100,03/19/2024
723,S100001,00700,00100,N
723,S100001,00810,00000,SMALL BOWELS
723,S100003,00100,00100,MEDICAL DIRECTOR
723,S100003,00100,00300,MEDICAL DIRECTOR
723,S100003,00100,00500,LAB DIRECTOR
723,S100003,00101,00100,EXEC. DIRECTOR
723,S100003,00101,00300,PROCUREMENT COORDINATOR
723,S100003,00101,00500,TECHNICIANS
723,S100003,00102,00100,CLERICAL
723,S100003,00102,00300,PRESERVATION TECHNICIANS
723,S100003,00102,00500,TISSUE TYPING TECH.
723,S100003,00103,00100,OTHER
723,S100003,00103,00300,OTHER
723,S100003,00103,00500,OTHER
723,S200000,00100,00100,N
723,S200000,00200,00100,N
723,S200000,00300,00100,N
723,S200000,00400,00100,Y
723,S200000,00400,00200,A
723,S200000,00500,00100,N
723,S200000,00600,00300,SENIOR VP & COO
723,S200000,00700,00100,TOSA
724,A000000,00100,00000,0100CAPITAL COSTS-BLDG & FIXT
724,A000000,00200,00000,0200CAPITAL COSTS-MVBLE EQUIPMENT
724,A000000,00300,00000,0300EMPLOYEE BENEFITS
724,A000000,00400,00000,0400ADMINISTRATIVE & GENERAL
724,A000000,00500,00000,0500OPERATION AND MAINTENANCE OF PLANT
724,A000000,00600,00000,0600HOUSEKEEPING
724,A000000,00700,00000,0700MEDICAL SUPPLIES
724,A000000,00800,00000,0800OTHER OVERHEAD
724,A000000,00900,00000,0900PROCUREMENT COORDINATORS
724,A000000,01000,00000,1000PROFESSIONAL EDUCATION
724,A000000,01100,00000,1100PUBLIC EDUCATION
724,A000000,01200,00000,1200OTHER ACQUISITION
724,A000000,01300,00000,1300KIDNEY ACQUISITIONS
724,A000000,01400,00000,1400TISSUE TYPING LABORATORY
724,A000000,01500,00000,1500LIVER ACQUISITIONS
724,A000000,01600,00000,1600HEART ACQUISITIONS
724,A000000,01700,00000,1700PANCREAS ACQUISITIONS
724,A000000,01800,00000,1800LUNG ACQUISITIONS
724,A000000,01900,00000,1900OTHER ACQUISITIONS
724,A000000,02100,00000,2100RESEARCH
724,A000000,02200,00000,2200BLOOD BANK
724,A000000,02300,00000,2300LABORATORY-NON-TISSUE TYPING
724,A000000,02400,00000,2400DIALYSIS UNITS
724,A000000,02500,00000,2500OTHER NON-REIMBURSABLE
724,A100000,01700,00000,ADMINISTRATION SALARIES
724,A20H000,02100,00000,DONOR HOSPITAL BILLS ACCRUALS
724,A20K000,02100,00000,DONOR HOSPITAL BILLS ACCRUALS
724,A20L000,02100,00000,DONOR HOSPITAL BILLS ACCRUALS
724,A20O000,02100,00000,DONOR HOSPITAL BILLS ACCRUALS
724,A20P000,02100,00000,DONOR HOSPITAL BILLS ACCRUALS
724,A20U000,02100,00000,DONOR HOSPITAL BILLS ACCRUALS
724,A300000,00600,00000,OFFICE SALARIES
724,A300000,00700,00000,OTHER LAB COSTS
724,A300000,00800,00000,REAGENTS AND SUPPLIES
724,A300000,00900,00000,DEPRECIATION
724,A400010,00100,00000,RECLASSIFICATIONS
724,A400010,00100,00100,A
724,A400010,00100,00200,KIDNEY ACQUISITIONS
724,A400010,00100,00500,PROCUREMENT COORDINATORS
724,A400010,00200,00000,RECLASSIFICATIONS
724,A400010,00200,00100,A
724,A400010,00200,00200,LIVER ACQUISITIONS
724,A400010,00300,00000,RECLASSIFICATIONS
724,A400010,00300,00100,A
724,A400010,00300,00200,HEART ACQUISITIONS
724,A400010,00400,00000,RECLASSIFICATIONS
724,A400010,00400,00100,A
724,A400010,00400,00200,LUNG ACQUISITIONS
724,A400010,00500,00000,RECLASSIFICATIONS
724,A400010,00500,00100,A
724,A400010,00500,00200,PANCREAS ACQUISITIONS
724,A400010,00600,00000,RECLASSIFICATIONS
724,A400010,00600,00100,A
724,A400010,00600,00200,OTHER ACQUISITIONS
724,A500010,01500,00000,HEARTS SOLD FOR RESEARCH
724,A500010,01500,00100,B
724,A500010,01500,00300,HEART ACQUISITIONS
724,A500010,01600,00000,LUNGS SOLD FOR RESEARCH
724,A500010,01600,00100,B
724,A500010,01600,00300,LUNG ACQUISITIONS
724,A500010,01601,00000,PANCREAS SOLD FOR RESEARCH
724,A500010,01601,00100,B
724,A500010,01601,00300,PANCREAS ACQUISITIONS
724,A500010,01602,00000,OTHER ORGANS SOLD FOR RESEARCH
724,A500010,01602,00100,B
724,A500010,01602,00300,OTHER ACQUISITIONS
724,A500010,01603,00000,KIDNEYS SOLD FOR RESEARCH
724,A500010,01603,00100,B
724,A500010,01603,00300,KIDNEY ACQUISITIONS
724,A51000A,00100,00100,Y
724,A51000B,00100,00200,CAPITAL COSTS-BLDG & FIXT
724,A51000B,00100,00300,HOME OFFICE ALLOC CAPITAL BLDG
724,A51000B,00200,00200,EMPLOYEE BENEFITS
724,A51000B,00200,00300,HOME OFFICE ALLOC EMPLOYEE BENEFITS
724,A51000B,00300,00200,ADMINISTRATIVE & GENERAL
724,A51000B,00300,00300,HOME OFFICE ADMIN AND GENERAL
724,A51000C,00100,00100,G
724,A51000C,00100,00200,HOME OFFICE ALLOCATION
724,A51000C,00100,00400,UNIVERSITY OF MIAMI
724,A51000C,00100,00600,HOME OFFICE HF-8015
724,B10000*,00100,00200,CAP BLDG
724,B10000*,00100,00300,CAP COSTS
724,B10000*,00100,00400,EMPLOYEE
724,B10000*,00100,00500,MEDICAL
724,B10000*,00100,00800,ORGAN
724,B10000*,00100,01000,ADMIN &
724,B10000*,00200,00200,OP PLANT &
724,B10000*,00200,00300,MOVABLE
724,B10000*,00200,00400,BENEFITS
724,B10000*,00200,00500,SUPPLIES
724,B10000*,00200,00800,ACQUISITN
724,B10000*,00200,01000,GENERAL
724,B10000*,00300,00200,HOUSEKEEP
724,B10000*,00300,00300,EQUIPMENT
724,B10000*,00300,00800,COSTS
724,B10000*,00400,00200,SQUARE
724,B10000*,00400,00300,DOLLAR
724,B10000*,00400,00400,ADJUST
724,B10000*,00400,00500,COSTED
724,B10000*,00400,00800,NUMBER
724,B10000*,00400,01000,ACCUM
724,B10000*,00500,00200,FEET
724,B10000*,00500,00300,VALUE
724,B10000*,00500,00400,SALARIES
724,B10000*,00500,00500,REQUISIT
724,B10000*,00500,00800,ORGANS
724,B10000*,00500,01000,COSTS
724,B10000*,00600,00200,1
724,B10000*,00600,00300,2
724,B10000*,00600,00400,3
724,B10000*,00600,00500,3
724,B10000*,00600,00800,3
724,B10000*,00600,01000,3
724,B100000,00000,01000,X
724,E100001,00700,00000,SURGEON FEES
724,E100001,00800,00000,KIDNEY PRESERVATION FEES
724,E100001,00900,00000,RESEARCH REVENUE
724,S000000,00100,00100,X
724,S000000,00400,00100,1
724,S000000,00500,00100,11/01/2024
724,S000000,00600,00100,10001
724,S000000,00700,00100,N
724,S000000,00800,00100,N
724,S000000,01000,00100,4
724,S000001,00100,00100,LIFE ALLIANCE ORGAN RECOVERY AGENCY
724,S000001,00100,00200,10P002
724,S000001,00101,00100,1951 NW 7TH AVE SUITE 220
724,S000001,00102,00100,MIAMI
724,S000001,00102,00200,FL
724,S000001,00102,00300,33136
724,S000001,00200,00100,UNIV OF MIAMI HISTO LAB
724,S000001,00200,00200,10HL02
724,S000001,00201,00100,1600 NW 10TH AVE ROOM 8145
724,S000001,00202,00100,MIAMI
724,S000001,00202,00200,FL
724,S000001,00202,00300,33136
724,S000001,00300,00100,06/01/2023
724,S000001,00300,00200,05/31/2024
724,S000001,00400,00100,8
724,S000001,00400,00300,1
724,S000001,00400,00400,10/01/1978
724,S000001,00401,00100,8
724,S000001,00401,00300,2
724,S000001,00401,00400,10/01/1978
724,S000002,00100,00200,Y
724,S000002,00300,00100,VICE PRESIDENT  CFO
724,S000002,00400,00100,10/31/2024
724,S100001,00700,00100,N
724,S100001,00810,00000,INTESTINE
724,S100002,00400,00100,ABO
724,S100002,00401,00100,ABO SUBTYPING
724,S100002,00402,00100,B-25 (ALLO)
724,S100002,00403,00100,B-25 (AUTO)
724,S100002,00404,00100,B25-DTT (ALLO)
724,S100002,00405,00100,B25-DTT (AUTO)
724,S100002,00406,00100,B-FLOW XM (ALLO)
724,S100002,00407,00100,B-FLOW XM (AUTO)
724,S100002,00408,00100,C1Q CLASS I & II
724,S100002,00409,00100,CADAVER DONOR SERUM STORAGE (IHL LAB
724,S100002,00410,00100,CF-SO-NGS
724,S100002,00411,00100,LD STRG PLASMA
724,S100002,00412,00100,LD STRG SERUM
724,S100002,00413,00100,LIVING DONOR PLASMA STORAGE (IHL LAB
724,S100002,00414,00100,LIVING DONOR SERUM STORAGE (IHL LAB)
724,S100002,00415,00100,LUMINEX SCREEN
724,S100002,00416,00100,NON HLA AUTO ANTIBODY
724,S100002,00417,00100,PHENOTYPING PRA
724,S100002,00418,00100,RHO
724,S100002,00419,00100,SA CLASS I
724,S100002,00420,00100,SA CLASS II
724,S100002,00421,00100,SA CLS I & II
724,S100002,00422,00100,SERUM STORAGE FEE
724,S100002,00423,00100,SO-NGS
724,S100002,00424,00100,SO-SSOP
724,S100002,00425,00100,SSP PANEL
724,S100002,00426,00100,T-25 (ALLO)
724,S100002,00427,00100,T-25 (AUTO)
724,S100002,00428,00100,T25-DTT (ALLO)
724,S100002,00429,00100,T25-DTT (AUTO)
724,S100002,00430,00100,T-FLOW XM (ALLO)
724,S100002,00431,00100,T-FLOW XM (AUTO)
724,S100002,00432,00100,VIRTUAL XM
724,S100003,00100,00100,MEDICAL DIRECTOR
724,S100003,00100,00300,MEDICAL DIRECTOR
724,S100003,00100,00500,LAB DIRECTOR
724,S100003,00101,00100,EXEC. DIRECTOR
724,S100003,00101,00300,PROCUREMENT COORDINATOR
724,S100003,00101,00500,TECHNICIANS
724,S100003,00102,00100,CLERICAL
724,S100003,00102,00300,PRESERVATION TECHNICIANS
724,S100003,00102,00500,TISSUE TYPING TECH.
724,S100003,00103,00100,OTHER
724,S100003,00103,00300,OTHER
724,S100003,00103,00500,OTHER
724,S200000,00100,00100,N
724,S200000,00200,00100,N
724,S200000,00300,00100,Y
724,S200000,00400,00100,Y
724,S200000,00400,00200,A
724,S200000,00400,00300,05/31/2024
724,S200000,00500,00100,Y
724,S200000,00600,00300,DIRECTOR OF FINANCE
724,S200000,00700,00100,UNIVERSITY OF MIAMI
725,A000000,00100,00000,0100CAPITAL COSTS-BLDG & FIXT
725,A000000,00200,00000,0200CAPITAL COSTS-MVBLE EQUIPMENT
725,A000000,00300,00000,0300EMPLOYEE BENEFITS
725,A000000,00400,00000,0400ADMINISTRATIVE & GENERAL
725,A000000,00500,00000,0500OPERATION AND MAINTENANCE OF PLANT
725,A000000,00600,00000,0600HOUSEKEEPING
725,A000000,00700,00000,0700MEDICAL SUPPLIES
725,A000000,00800,00000,0800OTHER OVERHEAD
725,A000000,00900,00000,0900PROCUREMENT COORDINATORS
725,A000000,01000,00000,1000PROFESSIONAL EDUCATION
725,A000000,01100,00000,1100PUBLIC EDUCATION
725,A000000,01200,00000,1200OTHER ACQUISITION
725,A000000,01300,00000,1300KIDNEY ACQUISITIONS
725,A000000,01400,00000,1400TISSUE TYPING LABORATORY
725,A000000,01500,00000,1500LIVER ACQUISITIONS
725,A000000,01600,00000,1600HEART ACQUISITIONS
725,A000000,01700,00000,1700PANCREAS ACQUISITIONS
725,A000000,01800,00000,1800LUNG ACQUISITIONS
725,A000000,01900,00000,1900OTHER ACQUISITION  (WKST A2 6 L 23
725,A000000,01901,00000,1901OTHER ACQUISITIONS 2
725,A000000,01902,00000,1902OTHER ACQUISITIONS 3
725,A000000,01903,00000,1903OTHER ACQUISITIONS 4
725,A000000,02100,00000,2100RESEARCH
725,A000000,02200,00000,2200BLOOD BANK
725,A000000,02300,00000,2300LABORATORY-NON-TISSUE TYPING
725,A000000,02400,00000,2400DIALYSIS UNITS
725,A000000,02500,00000,2500OTHER NON-REIMBURSABLE
725,A100000,01700,00000,DUES & SUBSCRIPTIONS
725,A100000,01800,00000,OPERATION & MAINTENANCE
725,A100000,01900,00000,NON-CAPITAL EQUIPMENT
725,A20O000,02100,00000,OTHER ACQUISITIONS 1
725,A20O001,02100,00000,OTHER ACQUISITIONS 2
725,A20O002,02100,00000,OTHER ACQUISITIONS 3
725,A20O003,02100,00000,OTHER ACQUISITIONS 4
725,A300000,00600,00000,TISSUE TYPING SUPPLIES
725,A300000,00700,00000,CONTRACT LABOR/MEDICAL SERVICES
725,A300000,00800,00000,STUDY SUBJECTS/BAD DEBTS
725,A400010,00100,00000,EQUIPMENT RENTAL
725,A400010,00100,00100,A
725,A400010,00100,00200,CAPITAL COSTS-MVBLE EQUIPMENT
725,A400010,00100,00500,ADMINISTRATIVE & GENERAL
725,A500010,01400,00100,A
725,A500010,01400,00300,CAPITAL COSTS-MVBLE EQUIPMENT
725,A500010,01500,00000,LEASE PURCHASE
725,A500010,01500,00100,A
725,A500010,01500,00300,CAPITAL COSTS-MVBLE EQUIPMENT
725,A500010,01501,00000,MEDICARE COST REPORT SETTLEMENT
725,A500010,01501,00100,A
725,A500010,01501,00300,TISSUE TYPING LABORATORY
725,A500010,01502,00000,CAPITALIZED EQUIPMENT
725,A500010,01502,00100,A
725,A500010,01502,00300,CAPITAL COSTS-MVBLE EQUIPMENT
725,A500010,01600,00000,PART B COST
725,A500010,01600,00100,A
725,A500010,01600,00300,TISSUE TYPING LABORATORY
725,A500010,01601,00000,DONATIONS
725,A500010,01601,00100,A
725,A500010,01601,00300,ADMINISTRATIVE & GENERAL
725,A51000A,00100,00100,N
725,A60000A,00700,00000,7    PRIOR PERIOD ADJ.
725,A60000C,00500,00100,N
725,B10000*,00100,00200,CAP BLDG
725,B10000*,00100,00300,CAP COSTS
725,B10000*,00100,00400,EMPLOYEE
725,B10000*,00100,00500,MEDICAL
725,B10000*,00100,00800,ORGAN
725,B10000*,00100,01000,ADMIN &
725,B10000*,00200,00200,OP PLANT &
725,B10000*,00200,00300,MOVABLE
725,B10000*,00200,00400,BENEFITS
725,B10000*,00200,00500,SUPPLIES
725,B10000*,00200,00800,ACQUISITN
725,B10000*,00200,01000,GENERAL
725,B10000*,00300,00200,HOUSEKEEP
725,B10000*,00300,00300,EQUIPMENT
725,B10000*,00300,00800,COSTS
725,B10000*,00400,00200,SQUARE SQ.
725,B10000*,00400,00300,DOLLAR
725,B10000*,00400,00400,ADJUST
725,B10000*,00400,00500,COSTED REQ
725,B10000*,00400,00800,NO. OF ORG
725,B10000*,00400,01000,ACCUM
725,B10000*,00500,00200,FT.
725,B10000*,00500,00300,VALUE
725,B10000*,00500,00400,SALARIES
725,B10000*,00500,00500,UIS
725,B10000*,00500,00800,ANS
725,B10000*,00500,01000,COSTS
725,B10000*,00600,00200,1
725,B10000*,00600,00300,2
725,B10000*,00600,00400,3
725,B10000*,00600,00500,3
725,B10000*,00600,00800,3
725,B10000*,00600,01000,3
725,B100000,00000,01000,X
725,E100002,00300,00000,VOLUNTARY TRANSFERS
725,E100002,00400,00000,TRANSFER OUT - PRINCIPAL
725,E100002,00500,00000,ROUNDING
725,E100002,00900,00000,OTHER
725,S000000,00100,00100,X
725,S000000,00400,00100,1
725,S000000,00500,00100,11/20/2024
725,S000000,00600,00100,10001
725,S000000,00700,00100,N
725,S000000,00800,00100,N
725,S000000,01000,00100,4
725,S000001,00100,00100,CLINIMMUNE LABS
725,S000001,00100,00200,06HL04
725,S000001,00101,00100,12705 E. MONTVIEW BLVD.  SUITE 250
725,S000001,00102,00100,AURORA
725,S000001,00102,00200,CO
725,S000001,00102,00300,80045
725,S000001,00300,00100,07/01/2023
725,S000001,00300,00200,06/30/2024
725,S000001,00400,00100,8
725,S000001,00400,00300,2
725,S000001,00400,00400,11/16/1987
725,S000001,00401,00300,1
725,S000002,00300,00100,EXECUTIVE DIRECTOR
725,S100001,00700,00100,N
725,S100001,00810,00000,OTHER
725,S100002,00400,00100,ABO BLOOD TYPING
725,S100002,00401,00100,VIRTUAL XM
725,S100002,00402,00100,DONOR CELL PREP
725,S100002,00403,00100,FINAL CROSSMATCH
725,S100002,00404,00100,PRA HIGH DEF CLASS I
725,S100002,00405,00100,PRA HIGH DEF CLASS II
725,S100002,00406,00100,PRA CRITICAL STAT 6HR
725,S100002,00407,00100,PRA STAT HIGH DEF 24HR
725,S100002,00408,00100,PRA HIGH DEF CQ CLASS I/II
725,S100002,00409,00100,PRELIMINARY CROSSMATCH
725,S100002,00410,00100,CROSSMATCH 6 HR STAT
725,S100002,00411,00100,DNA EXTRACT AND HOLD
725,S100002,00412,00100,DRBI HR
725,S100002,00413,00100,DQB1 HR
725,S100002,00414,00100,DQBI LR
725,S100002,00415,00100,DRB1 LR
725,S100002,00416,00100,PRA  HIGH DEFINITION
725,S100002,00417,00100,NO SCREEN  SERUM STORAGE
725,S100002,00418,00100,A HR
725,S100002,00419,00100,B LR
725,S100002,00420,00100,B HR
725,S100002,00421,00100,C LR
725,S100002,00422,00100,DPB1
725,S100002,00423,00100,DRB3/4/5 LR
725,S100002,00424,00100,DRB3/4/5 HR
725,S100002,00425,00100,DQA1 LR
725,S100002,00426,00100,A B C DRB1/3/4/5  DQ LR
725,S100002,00427,00100,A B DR LR
725,S100002,00428,00100,PRA AB SCREEN
725,S100002,00429,00100,SHIPPING HANDLING REFERRAL TESTING
725,S100002,00430,00100,C HR
725,S100002,00431,00100,ABO-A SUBTYPING
725,S100002,00432,00100,A B C DR DQ HR
725,S100002,00433,00100,ANTI-A TITER
725,S100002,00434,00100,DONOR SERUM STORE
725,S100003,00100,00100,MEDICAL DIRECTOR
725,S100003,00100,00300,MEDICAL DIRECTOR
725,S100003,00100,00500,LAB DIRECTOR
725,S100003,00101,00100,EXEC. DIRECTOR
725,S100003,00101,00300,PROCUREMENT COORDINATOR
725,S100003,00101,00500,TECHNICIANS
725,S100003,00102,00100,CLERICAL
725,S100003,00102,00300,PRESERVATION TECHNICIANS
725,S100003,00102,00500,TISSUE TYPING TECH.
725,S100003,00103,00100,OTHER
725,S100003,00103,00300,OTHER
725,S100003,00103,00500,OTHER
725,S200000,00100,00100,N
725,S200000,00200,00100,N
725,S200000,00300,00100,N
725,S200000,00400,00100,N
725,S200000,00500,00100,N
725,S200000,00600,00300,CHIEF OPERATING OFFICER
725,S200000,00700,00100,UNIV OF CO
727,A000000,00100,00000,0100CAPITAL COSTS-BLDG & FIXT
727,A000000,00200,00000,0200CAPITAL COSTS-MVBLE EQUIPMENT
727,A000000,00300,00000,0300EMPLOYEE BENEFITS
727,A000000,00400,00000,0400ADMINISTRATIVE & GENERAL
727,A000000,00500,00000,0500OPERATION AND MAINTENANCE OF PLANT
727,A000000,00600,00000,0600HOUSEKEEPING
727,A000000,00700,00000,0700MEDICAL SUPPLIES
727,A000000,00800,00000,0800OTHER OVERHEAD
727,A000000,00900,00000,0900PROCUREMENT COORDINATORS
727,A000000,01000,00000,1000PROFESSIONAL EDUCATION
727,A000000,01100,00000,1100PUBLIC EDUCATION
727,A000000,01200,00000,1200OTHER ACQUISITION
727,A000000,01300,00000,1300KIDNEY ACQUISITIONS
727,A000000,01400,00000,1400TISSUE TYPING LABORATORY
727,A000000,01500,00000,1500LIVER ACQUISITIONS
727,A000000,01600,00000,1600HEART ACQUISITIONS
727,A000000,01700,00000,1700PANCREAS ACQUISITIONS
727,A000000,01800,00000,1800LUNG ACQUISITIONS
727,A000000,01900,00000,1900OTHER ACQUISITIONS
727,A000000,02100,00000,2100RESEARCH
727,A000000,02200,00000,2200BLOOD BANK
727,A000000,02300,00000,2300LABORATORY-NON-TISSUE TYPING
727,A000000,02400,00000,2400DIALYSIS UNITS
727,A000000,02500,00000,2500OTHER NON-REIMBURSABLE
727,A100000,01700,00000,OTHER ADMIN AND GENERAL
727,A20H000,00900,00000,OTHER EXCISION HOSPITAL-OTHER COSTS
727,A20H000,02100,00000,OTHER ACQUISITION COSTS -OTHER COSTS
727,A20K000,00900,00000,OTHER EXCISION HOSPITAL OTHER COSTS
727,A20K000,02100,00000,OTHER AQUISITION COSTS
727,A20L000,00900,00000,OTHER EXCISION HOSPITAL-OTHER COSTS
727,A20L000,02100,00000,OTHER ACQUISITION COSTS -OTHER COSTS
727,A20O000,00900,00000,OTHER EXCISION HOSPITAL-OTHER COSTS
727,A20O000,02100,00000,OTHER ACQUISITION COSTS -OTHER COSTS
727,A20P000,00900,00000,OTHER EXCISION HOSPITAL-OTHER COSTS
727,A20P000,02100,00000,OTHER ACQUISITION COSTS -OTHER COSTS
727,A20U000,00900,00000,OTHER EXCISION HOSPITAL-OTHER COSTS
727,A20U000,02100,00000,OTHER ACQUISITION COSTS-OTHER COSTS
727,A51000A,00100,00100,Y
727,A51000B,00100,00200,ADMINISTRATIVE & GENERAL
727,A51000C,00400,00100,B
727,A51000C,00400,00400,LIFELINK FOUNDATION
727,A51000C,00400,00600,HOME OFFICE
727,B10000*,00100,00200,CAP BLDG
727,B10000*,00100,00300,CAP COSTS
727,B10000*,00100,00400,EMPLOYEE
727,B10000*,00100,00500,MEDICAL
727,B10000*,00100,00800,ORGAN
727,B10000*,00100,01000,ADMIN &
727,B10000*,00200,00200,OP PLANT &
727,B10000*,00200,00300,MOVABLE
727,B10000*,00200,00400,BENEFITS
727,B10000*,00200,00500,SUPPLIES
727,B10000*,00200,00800,ACQUISITN
727,B10000*,00200,01000,GENERAL
727,B10000*,00300,00200,HOUSEKEEP
727,B10000*,00300,00300,EQUIPMENT
727,B10000*,00300,00800,COSTS
727,B10000*,00400,00200,SQUARE
727,B10000*,00400,00300,DOLLAR
727,B10000*,00400,00400,ADJUST
727,B10000*,00400,00500,COSTED
727,B10000*,00400,00800,NUMBER
727,B10000*,00400,01000,ACCUM
727,B10000*,00500,00200,FEET
727,B10000*,00500,00300,VALUE
727,B10000*,00500,00400,SALARIES
727,B10000*,00500,00500,REQUISIT
727,B10000*,00500,00800,ORGANS
727,B10000*,00500,01000,COSTS
727,B10000*,00600,00200,1
727,B10000*,00600,00300,2
727,B10000*,00600,00400,3
727,B10000*,00600,00500,3
727,B10000*,00600,00800,3
727,B10000*,00600,01000,3
727,B100000,00000,01000,X
727,E100002,00300,00000,HOME OFFICE
727,E200000,02000,00000,OUT OF SERVICE AREA FEES
727,E200000,02100,00000,RECEVI LESS SEQUESTRATION
727,E200000,02600,00000,NON-ALLOW EXPENSES
727,E200000,02700,00000,MEDICARE PAYABLE
727,S000000,00100,00100,X
727,S000000,00400,00100,1
727,S000000,00500,00100,11/22/2024
727,S000000,00600,00100,10001
727,S000000,00700,00100,N
727,S000000,00800,00100,N
727,S000000,01000,00100,4
727,S000001,00100,00100,LIFELINK OF FLORIDA
727,S000001,00100,00200,10P001
727,S000001,00101,00100,9661 DELANEY CREEK BLVD
727,S000001,00102,00100,TAMPA
727,S000001,00102,00200,FL
727,S000001,00102,00300,33619
727,S000001,00300,00100,07/01/2023
727,S000001,00300,00200,06/30/2024
727,S000001,00400,00100,6
727,S000001,00400,00300,1
727,S000001,00400,00400,10/01/1999
727,S000001,00401,00300,1
727,S000002,00100,00200,Y
727,S000002,00300,00100,CFO
727,S000002,00400,00100,11/20/2024
727,S100001,00700,00100,N
727,S100001,00810,00000,INTESTINE
727,S100003,00100,00100,MEDICAL DIRECTOR
727,S100003,00100,00300,MEDICAL DIRECTOR
727,S100003,00100,00500,LAB DIRECTOR
727,S100003,00101,00100,EXEC. DIRECTOR
727,S100003,00101,00300,PROCUREMENT COORDINATOR
727,S100003,00101,00500,TECHNICIANS
727,S100003,00102,00100,CLERICAL
727,S100003,00102,00300,PRESERVATION TECHNICIANS
727,S100003,00102,00500,TISSUE TYPING TECH.
727,S100003,00103,00100,OTHER
727,S100003,00103,00300,OTHER
727,S100003,00103,00500,OTHER
727,S200000,00100,00100,N
727,S200000,00200,00100,N
727,S200000,00300,00100,Y
727,S200000,00400,00100,Y
727,S200000,00400,00200,A
727,S200000,00500,00100,Y
727,S200000,00600,00300,DIRECTOR FINANCE & ACCOUNTING
727,S200000,00700,00100,LIFELINK FOUNDATION
728,A000000,00100,00000,0100CAPITAL COSTS-BLDG & FIXT
728,A000000,00200,00000,0200CAPITAL COSTS-MVBLE EQUIPMENT
728,A000000,00300,00000,0300EMPLOYEE BENEFITS
728,A000000,00400,00000,0400ADMINISTRATIVE & GENERAL
728,A000000,00500,00000,0500OPERATION AND MAINTENANCE OF PLANT
728,A000000,00600,00000,0600HOUSEKEEPING
728,A000000,00700,00000,0700MEDICAL SUPPLIES
728,A000000,00800,00000,0800OTHER OVERHEAD
728,A000000,00900,00000,0900PROCUREMENT COORDINATORS
728,A000000,01000,00000,1000PROFESSIONAL EDUCATION
728,A000000,01100,00000,1100PUBLIC EDUCATION
728,A000000,01300,00000,1300KIDNEY ACQUISITIONS
728,A000000,01400,00000,1400TISSUE TYPING LABORATORY
728,A000000,01500,00000,1500LIVER ACQUISITIONS
728,A000000,01600,00000,1600HEART ACQUISITIONS
728,A000000,01700,00000,1700PANCREAS ACQUISITIONS
728,A000000,01800,00000,1800LUNG ACQUISITIONS
728,A000000,01900,00000,1900OTHER 1          S 2
728,A000000,02100,00000,2100RESEARCH
728,A000000,02200,00000,2200BLOOD BANK
728,A000000,02300,00000,2300LABORATORY-NON-TISSUE TYPING
728,A000000,02400,00000,2400DIALYSIS UNITS
728,A100000,01700,00000,OTHER ADMIN & GENERAL
728,A20H000,00900,00000,OTHER EXCISION HOSPITAL-OTHER COSTS
728,A20H000,02100,00000,OTHER ACQUISITION COSTS-OTHER COSTS
728,A20K000,00900,00000,OTHER EXCISION HOSPITALOTHER COSTS
728,A20K000,02100,00000,OTHER ACQUISITION COSTS-OTHER COSTS
728,A20L000,00900,00000,OTHER EXCISION HOSPITAL-OTHER COSTS
728,A20L000,02100,00000,OTHER ACQUISITION COSTS-OTHER COSTS
728,A20O000,00900,00000,OTHER EXCISION HOSPITAL-OTHER COSTS
728,A20O000,02100,00000,OTHER ACQUISITION COSTS-OTHER COSTS
728,A20P000,00900,00000,OTHER EXCISION HOSPITALOTHER COSTS
728,A20P000,02100,00000,OTHER ACQUISITION COSTS-OTHER COSTS
728,A20U000,00900,00000,OTHER EXCISION HOSPITAL-OTHER COSTS
728,A20U000,02100,00000,OTHER ACQUISTION COSTS-OTHER COSTS
728,A51000A,00100,00100,Y
728,A51000B,00100,00200,ADMINISTRATIVE & GENERAL
728,A51000C,00100,00100,B
728,A51000C,00100,00200,LIFELINK OF GEORGIA
728,A51000C,00100,00400,LIFELINK FOUNDATION
728,A51000C,00100,00600,ORGAN PROCUREMENT
728,A60000C,00500,00100,N
728,B10000*,00100,00200,CAP BLDG
728,B10000*,00100,00300,CAP COSTS
728,B10000*,00100,00400,EMPLOYEE
728,B10000*,00100,00500,MEDICAL
728,B10000*,00100,00800,ORGAN
728,B10000*,00100,01000,ADMIN &
728,B10000*,00200,00200,OP PLANT &
728,B10000*,00200,00300,MOVABLE
728,B10000*,00200,00400,BENEFITS
728,B10000*,00200,00500,SUPPLIES
728,B10000*,00200,00800,ACQUISITN
728,B10000*,00200,01000,GENERAL
728,B10000*,00300,00200,HOUSEKEEP
728,B10000*,00300,00300,EQUIPMENT
728,B10000*,00300,00800,COSTS
728,B10000*,00400,00200,SQUARE SQ.
728,B10000*,00400,00300,DOLLAR
728,B10000*,00400,00400,ADJUST
728,B10000*,00400,00500,COSTED REQ
728,B10000*,00400,00800,NO. OF ORG
728,B10000*,00400,01000,ACCUM
728,B10000*,00500,00200,FT.)
728,B10000*,00500,00300,VALUE
728,B10000*,00500,00400,SALARIES
728,B10000*,00500,00500,UIS
728,B10000*,00500,00800,ANS
728,B10000*,00500,01000,COSTS
728,B10000*,00600,00200,1
728,B10000*,00600,00300,2
728,B10000*,00600,00400,3
728,B10000*,00600,00500,3
728,B10000*,00600,00800,3
728,B10000*,00600,01000,3
728,B100000,00000,01000,X
728,E000000,00900,00000,OTHER CURRENT ASSETS
728,E000000,02600,00000,OTHER FIXED ASSETS
728,E100002,00400,00000,HOME OFFICE
728,E200000,01500,00000,OUT OF SERVICE AREA FEES
728,E200000,02000,00000,MEDICARE RECEIVABLE NET OF SEQUEST
728,E200000,02600,00000,MEDICARE PAYABLE
728,E200000,02700,00000,NON-ALLOWABLE COSTS
728,S000000,00100,00100,X
728,S000000,00400,00100,1
728,S000000,00500,00100,11/22/2024
728,S000000,00600,00100,10001
728,S000000,00700,00100,N
728,S000000,00800,00100,N
728,S000000,01000,00100,4
728,S000001,00100,00100,LIFELINK OF GEORGIA
728,S000001,00100,00200,11P002
728,S000001,00101,00100,2875 NORTHWOODS PARKWAY
728,S000001,00102,00100,NORCROSS
728,S000001,00102,00200,GA
728,S000001,00102,00300,30071
728,S000001,00300,00100,07/01/2023
728,S000001,00300,00200,06/30/2024
728,S000001,00400,00100,6
728,S000001,00400,00300,1
728,S000001,00400,00400,10/01/1999
728,S000001,00401,00300,1
728,S000002,00100,00200,Y
728,S000002,00300,00100,CFO
728,S000002,00400,00100,11/20/2024
728,S100001,00700,00100,N
728,S100001,00810,00000,INTESTINE
728,S100003,00100,00100,MEDICAL DIRECTOR
728,S100003,00100,00300,MEDICAL DIRECTOR
728,S100003,00100,00500,LAB DIRECTOR
728,S100003,00101,00100,EXEC. DIRECTOR
728,S100003,00101,00300,PROCUREMENT COORDINATOR
728,S100003,00101,00500,TECHNICIANS
728,S100003,00102,00100,CLERICAL
728,S100003,00102,00300,PRESERVATION TECHNICIANS
728,S100003,00102,00500,TISSUE TYPING TECH.
728,S100003,00103,00100,OTHER
728,S100003,00103,00300,OTHER
728,S100003,00103,00500,OTHER
728,S200000,00100,00100,N
728,S200000,00200,00100,N
728,S200000,00300,00100,Y
728,S200000,00400,00100,Y
728,S200000,00400,00200,A
728,S200000,00500,00100,Y
728,S200000,00600,00300,DIRECTOR  FINANCE & ACCOUNTING
728,S200000,00700,00100,LIFELINK FOUNDATION
729,A000000,00100,00000,0100CAPITAL COSTS-BLDG & FIXT
729,A000000,00200,00000,0200CAPITAL COSTS-MVBLE EQUIPMENT
729,A000000,00300,00000,0300EMPLOYEE BENEFITS
729,A000000,00400,00000,0400ADMINISTRATIVE & GENERAL
729,A000000,00500,00000,0500OPERATION AND MAINTENANCE OF PLANT
729,A000000,00600,00000,0600HOUSEKEEPING
729,A000000,00700,00000,0700MEDICAL SUPPLIES
729,A000000,00800,00000,0800OTHER OVERHEAD
729,A000000,00900,00000,0900PROCUREMENT COORDINATORS
729,A000000,01000,00000,1000PROFESSIONAL EDUCATION
729,A000000,01100,00000,1100PUBLIC EDUCATION
729,A000000,01300,00000,1300KIDNEY ACQUISITIONS
729,A000000,01400,00000,1400TISSUE TYPING LABORATORY
729,A000000,01500,00000,1500LIVER ACQUISITIONS
729,A000000,01600,00000,1600HEART ACQUISITIONS
729,A000000,01700,00000,1700PANCREAS ACQUISITIONS
729,A000000,01800,00000,1800LUNG ACQUISITIONS
729,A000000,01900,00000,1900OTHER 1            (WKST A2 6 L 23
729,A000000,02100,00000,2100RESEARCH
729,A000000,02200,00000,2200BLOOD BANK
729,A000000,02300,00000,2300LABORATORY-NON-TISSUE TYPING
729,A000000,02400,00000,2400DIALYSIS UNITS
729,A100000,01700,00000,OTHER ADMIN & GENERAL
729,A20H000,00900,00000,OTHER EXCISION HOSPITAL-OTHER COSTS
729,A20H000,02100,00000,OTHER ACQUISITION COSTS-OTHER COSTS
729,A20K000,00900,00000,OTHER EXCISION HOSPITAL OTHER COSTS
729,A20K000,02100,00000,OTHER ACQUISITION COSTS-OTHER COSTS
729,A20L000,00900,00000,OTHER EXCISION HOSPITAL -OTHER COSTS
729,A20L000,02100,00000,OTHER ACQUISITION COSTS-OTHER COSTS
729,A20P000,00900,00000,OTHER EXCISION HOSPITAL OTHER COSTS
729,A20P000,02100,00000,OTHER ACQUISTION COSTS-OTHER COSTS
729,A20U000,00900,00000,OTHER EXCISION HOSPITALOTHER COSTS
729,A20U000,02100,00000,OTHER ACQUISITION COSTS-OTHER COSTS
729,A51000A,00100,00100,Y
729,A51000B,00100,00200,ADMINISTRATIVE & GENERAL
729,A51000C,00100,00100,B
729,A51000C,00100,00200,LIFELINK OF PUERTO RICO
729,A51000C,00100,00400,LIFELINK FOUNDATION
729,A51000C,00100,00600,ORGAN PROCUREMENT
729,A60000C,00500,00100,N
729,B10000*,00100,00200,CAP BLDG
729,B10000*,00100,00300,CAP COSTS
729,B10000*,00100,00400,EMPLOYEE
729,B10000*,00100,00500,MEDICAL
729,B10000*,00100,00800,ORGAN
729,B10000*,00100,01000,ADMIN &
729,B10000*,00200,00200,OP PLANT &
729,B10000*,00200,00300,MOVABLE
729,B10000*,00200,00400,BENEFITS
729,B10000*,00200,00500,SUPPLIES
729,B10000*,00200,00800,ACQUISITN
729,B10000*,00200,01000,GENERAL
729,B10000*,00300,00200,HOUSEKEEP
729,B10000*,00300,00300,EQUIPMENT
729,B10000*,00300,00800,COSTS
729,B10000*,00400,00200,SQUARE SQ.
729,B10000*,00400,00300,DOLLAR
729,B10000*,00400,00400,ADJUST
729,B10000*,00400,00500,COSTED REQ
729,B10000*,00400,00800,NO. OF ORG
729,B10000*,00400,01000,ACCUM
729,B10000*,00500,00200,FT.)
729,B10000*,00500,00300,VALUE
729,B10000*,00500,00400,SALARIES
729,B10000*,00500,00500,UIS
729,B10000*,00500,00800,ANS
729,B10000*,00500,01000,COSTS
729,B10000*,00600,00200,1
729,B10000*,00600,00300,2
729,B10000*,00600,00400,3
729,B10000*,00600,00500,3
729,B10000*,00600,00800,3
729,B10000*,00600,01000,3
729,B100000,00000,01000,X
729,E000000,00900,00000,OTHER CURRENT ASSETS
729,E000000,02600,00000,OTHER FIXED ASSETS
729,E100002,00300,00000,HOME OFFICE
729,E200000,01500,00000,OUT OF SERVICE AREA FEES
729,E200000,01600,00000,MEDICARE RECIEVABLE
729,E200000,02600,00000,NON-ALLOWABLE EXPENSES
729,E200000,02700,00000,MEDICARE PAYABLE
729,S000000,00100,00100,X
729,S000000,00400,00100,1
729,S000000,00500,00100,11/22/2024
729,S000000,00600,00100,10001
729,S000000,00700,00100,N
729,S000000,00800,00100,N
729,S000000,01000,00100,4
729,S000001,00100,00100,LIFELINK OF PUERTO RICO
729,S000001,00100,00200,40P002
729,S000001,00101,00100,METRO OFFICE PARK 1 CALLE1  STE 100
729,S000001,00102,00100,GUAYNABO
729,S000001,00102,00200,PR
729,S000001,00102,00300,00968
729,S000001,00300,00100,07/01/2023
729,S000001,00300,00200,06/30/2024
729,S000001,00400,00100,6
729,S000001,00400,00300,1
729,S000001,00400,00400,10/01/1999
729,S000001,00401,00300,1
729,S000002,00100,00200,Y
729,S000002,00300,00100,CFO
729,S000002,00400,00100,11/20/2024
729,S100001,00700,00100,N
729,S100001,00810,00000,INTESTINE
729,S100003,00100,00100,MEDICAL DIRECTOR
729,S100003,00100,00300,MEDICAL DIRECTOR
729,S100003,00100,00500,LAB DIRECTOR
729,S100003,00101,00100,EXEC. DIRECTOR
729,S100003,00101,00300,PROCUREMENT COORDINATOR
729,S100003,00101,00500,TECHNICIANS
729,S100003,00102,00100,CLERICAL
729,S100003,00102,00300,PRESERVATION TECHNICIANS
729,S100003,00102,00500,TISSUE TYPING TECH.
729,S100003,00103,00100,OTHER
729,S100003,00103,00300,OTHER
729,S100003,00103,00500,OTHER
729,S200000,00100,00100,N
729,S200000,00200,00100,N
729,S200000,00300,00100,Y
729,S200000,00400,00100,Y
729,S200000,00400,00200,A
729,S200000,00500,00100,Y
729,S200000,00600,00300,DIRECTOR  FINANCE & ACCOUNTING
729,S200000,00700,00100,LIFELINK FOUNDATION
730,A000000,00100,00000,0100CAPITAL COSTS-BLDG & FIXT
730,A000000,00200,00000,0200CAPITAL COSTS-MVBLE EQUIPMENT
730,A000000,00300,00000,0300EMPLOYEE BENEFITS
730,A000000,00400,00000,0400ADMINISTRATIVE & GENERAL
730,A000000,00500,00000,0500OPERATION AND MAINTENANCE OF PLANT
730,A000000,00600,00000,0600HOUSEKEEPING
730,A000000,00700,00000,0700MEDICAL SUPPLIES
730,A000000,00800,00000,0800DATA PROCESSING
730,A000000,00801,00000,0801SERUM CYTO MCRO TRAYS
730,A000000,00900,00000,0900PROCUREMENT COORDINATORS
730,A000000,01000,00000,1000PROFESSIONAL EDUCATION
730,A000000,01100,00000,1100PUBLIC EDUCATION
730,A000000,01300,00000,1300KIDNEY ACQUISITIONS
730,A000000,01400,00000,1400TISSUE TYPING LABORATORY
730,A000000,01500,00000,1500LIVER ACQUISITIONS
730,A000000,01600,00000,1600HEART ACQUISITIONS
730,A000000,01700,00000,1700PANCREAS ACQUISITIONS
730,A000000,01800,00000,1800LUNG ACQUISITIONS
730,A000000,01900,00000,1900OTHER ACQUISITIONS
730,A000000,02100,00000,2100RESEARCH
730,A000000,02200,00000,2200BLOOD BANK
730,A000000,02300,00000,2300LABORATORY-NON-TISSUE TYPING
730,A000000,02400,00000,2400DIALYSIS UNITS
730,A000000,02500,00000,2500UNRELATED BONE MARROW DONOR
730,A000000,02502,00000,2502RESEARCH AND REFERENCE 61603
730,A100000,01700,00000,OPERATION OF PLANT
730,A100000,01800,00000,HOUSEKEEPING
730,A100000,01900,00000,OTHER ADMIN AND GENERAL
730,A300000,00600,00000,OFFICE SUPPLY
730,A300000,00700,00000,INVENTORIAL EQUIPMENT
730,A300000,00800,00000,TRAVEL
730,A300000,00900,00000,OTHER
730,A400010,00100,00000,CAPITAL BUILDING-RENTAL
730,A400010,00100,00100,A
730,A400010,00100,00200,CAPITAL COSTS-BLDG & FIXT
730,A400010,00100,00500,TISSUE TYPING LABORATORY
730,A400010,00200,00000,CAPITAL BUILDING-RENTAL
730,A400010,00200,00100,A
730,A400010,00200,00500,RESEARCH AND REFERENCE 61603
730,A400010,00300,00000,CAPITAL COSTS -MVBLE EQUIP
730,A400010,00300,00100,B
730,A400010,00300,00200,CAPITAL COSTS-MVBLE EQUIPMENT
730,A400010,00300,00500,TISSUE TYPING LABORATORY
730,A400010,00400,00000,OPERATION OF PLANT
730,A400010,00400,00100,C
730,A400010,00400,00200,OPERATION AND MAINTENANCE OF PLANT
730,A400010,00400,00500,ADMINISTRATIVE & GENERAL
730,A400010,00500,00000,OPERATION OF PLANT
730,A400010,00500,00100,C
730,A400010,00500,00500,TISSUE TYPING LABORATORY
730,A400010,00600,00000,OPERATION OF PLANT
730,A400010,00600,00100,C
730,A400010,00600,00500,RESEARCH
730,A400010,00700,00000,OPERATION OF PLANT
730,A400010,00700,00100,C
730,A400010,00700,00500,RESEARCH AND REFERENCE 61603
730,A400010,00800,00000,HOUSEKEEPING
730,A400010,00800,00100,D
730,A400010,00800,00200,HOUSEKEEPING
730,A400010,00800,00500,ADMINISTRATIVE & GENERAL
730,A400010,00900,00000,SALARIES RECLASS
730,A400010,00900,00100,E
730,A400010,00900,00200,ADMINISTRATIVE & GENERAL
730,A400010,00900,00500,RESEARCH
730,A400010,01000,00000,SALARIES RECLASS
730,A400010,01000,00100,E
730,A400010,01000,00200,TISSUE TYPING LABORATORY
730,A400010,01100,00000,SALARIES RECLASS
730,A400010,01100,00100,E
730,A400010,01100,00200,RESEARCH AND REFERENCE 61603
730,A400010,01200,00000,TTL IAC IACREM RECLASS
730,A400010,01200,00100,F
730,A400010,01200,00200,RESEARCH
730,A400010,01200,00500,TISSUE TYPING LABORATORY
730,A500010,01601,00000,AMORTIZATION OF EQUIP
730,A500010,01601,00100,A
730,A500010,01601,00300,CAPITAL COSTS-MVBLE EQUIPMENT
730,A500010,01602,00000,2024 INVENTORIAL EQUIPMENT
730,A500010,01602,00100,A
730,A500010,01602,00300,CAPITAL COSTS-MVBLE EQUIPMENT
730,A500010,01603,00000,ACADEMIC OVERHEAD ADJ
730,A500010,01603,00100,A
730,A500010,01603,00300,TISSUE TYPING LABORATORY
730,A500010,01604,00000,ACADEMIC OVERHEAD ADJ
730,A500010,01604,00100,A
730,A500010,01604,00300,RESEARCH AND REFERENCE 61603
730,A500010,01605,00000,ACADEMIC OVERHEAD ADJ
730,A500010,01605,00100,A
730,A500010,01605,00300,RESEARCH
730,A500010,01606,00000,LABORATORY REVENUE RECHARGES
730,A500010,01606,00100,A
730,A500010,01606,00300,TISSUE TYPING LABORATORY
730,A500010,01607,00000,LABORATORY REVENUE RECHARGES
730,A500010,01607,00100,A
730,A500010,01607,00300,RESEARCH AND REFERENCE 61603
730,A500010,01608,00000,LABORATORY REVENUE RECHARGES
730,A500010,01608,00100,A
730,A500010,01608,00300,RESEARCH
730,A500010,01609,00000,LABORATORY REVENUE RECHARGES
730,A500010,01609,00100,A
730,A500010,01609,00300,ADMINISTRATIVE & GENERAL
730,A500010,01610,00000,REMOVE INTERDEPARTMENTAL SUPPORT
730,A500010,01610,00100,A
730,A500010,01610,00300,TISSUE TYPING LABORATORY
730,A500010,01611,00000,REMOVE INTERDEPARTMENTAL SUPPORT
730,A500010,01611,00100,A
730,A500010,01611,00300,RESEARCH
730,A51000A,00100,00100,Y
730,A51000B,00100,00200,ADMINISTRATIVE & GENERAL
730,A51000B,00100,00300,UNIVERSITY OVERHEAD
730,A51000C,00100,00100,G
730,A51000C,00100,00200,UCLA
730,A51000C,00100,00400,UCLA
730,A51000C,00100,00600,UNIVERSITY
730,A60000C,00500,00100,N
730,B10000*,00100,00200,CAP BLDG
730,B10000*,00100,00300,CAP COSTS
730,B10000*,00100,00400,EMPLOYEE
730,B10000*,00100,00500,MEDICAL
730,B10000*,00100,00800,ORGAN
730,B10000*,00100,01000,ADMIN &
730,B10000*,00200,00200,OP PLANT &
730,B10000*,00200,00300,MOVABLE
730,B10000*,00200,00400,BENEFITS
730,B10000*,00200,00500,SUPPLIES
730,B10000*,00200,00800,ACQUISITN
730,B10000*,00200,01000,GENERAL
730,B10000*,00300,00200,HOUSEKEEP
730,B10000*,00300,00300,EQUIPMENT
730,B10000*,00300,00800,COSTS
730,B10000*,00400,00200,SQUARE
730,B10000*,00400,00300,DOLLAR
730,B10000*,00400,00400,ADJUST
730,B10000*,00400,00500,COSTED
730,B10000*,00400,00600,UNDEFINED
730,B10000*,00400,00800,NUMBER
730,B10000*,00400,01000,ACCUM
730,B10000*,00500,00200,FEET
730,B10000*,00500,00300,VALUE
730,B10000*,00500,00400,SALARIES
730,B10000*,00500,00500,REQUISIT
730,B10000*,00500,00800,ORGANS
730,B10000*,00500,01000,COSTS
730,B10000*,00600,00200,1
730,B10000*,00600,00300,2
730,B10000*,00600,00400,3
730,B10000*,00600,00500,3
730,B10000*,00600,00800,3
730,B10000*,00600,01000,3
730,B100000,00000,01000,X
730,E100002,00300,00000,A-5 EXPENSES TO ADD
730,S000000,00100,00100,X
730,S000000,00400,00100,1
730,S000000,00500,00100,11/22/2024
730,S000000,00600,00100,10001
730,S000000,00700,00100,N
730,S000000,00800,00100,N
730,S000000,01000,00100,4
730,S000001,00100,00100,UCLA IMMUNOGENETICS LAB
730,S000001,00100,00200,05HL03
730,S000001,00101,00100,1000 VETERAN AVENUE
730,S000001,00102,00100,LOS ANGELES
730,S000001,00102,00200,CA
730,S000001,00102,00300,90024
730,S000001,00300,00100,07/01/2023
730,S000001,00300,00200,06/30/2024
730,S000001,00400,00100,10
730,S000001,00400,00300,2
730,S000001,00400,00400,04/01/1978
730,S000001,00401,00300,1
730,S000002,00100,00200,Y
730,S000002,00300,00100,CAO
730,S000002,00400,00100,11/20/2024
730,S100001,00700,00100,N
730,S100001,00810,00000,OTHER
730,S100002,00400,00100,SERUM STORAGE FOR DECEASED DONOR CRO
730,S100002,00401,00100,SINGLE ANTIGEN ANTIBODY ID CLASS I A
730,S100002,00402,00100,SINGLE ANTIGEN ANTIBODY ID CLASS I A
730,S100002,00403,00100,SINGLE ANTIGEN ANTIBODY ID  CLASS I
730,S100002,00404,00100,FLOW PRA/ANTIBODY ID CLASS I/II
730,S100002,00405,00100,HLA-B27
730,S100002,00406,00100,ANTI-ANGIOTENSIN TYPE 1 RECEPTOR (AT
730,S100002,00407,00100,FLOW PRA + ID CLASS I  ROUTINE
730,S100002,00408,00100,FLOW PRA + ID CLASS II  ROUTINE
730,S100002,00409,00100,T&B-CELL FLOW CROSSMATCH WITH PRONAS
730,S100002,00410,00100,HLA A B C DRB DQB1 DQA1 DPB1 DPA1 (I
730,S100002,00411,00100,MICA ANTIBODY
730,S100002,00412,00100,STAT TEST SET-UP
730,S100002,00413,00100,ENDOTHELIAL CELL CROSSMATCH
730,S100002,00414,00100,HLA-A  B  C  DRB1 3 4 5  DQB1  DQA1
730,S100002,00415,00100,HLA DQB1 DQA1 CELIAC PANEL
730,S100002,00416,00100,HLA A B C DRB DQB1 DQA1 DPB1 DPA1  K
730,S100002,00417,00100,T&B-CELL CYTOTOXIC CROSSMATCH
730,S100002,00418,00100,PRONASE T-B CELL FLOW CXM
730,S100002,00419,00100,ENGRAFTMENT ANALYSIS: POST TRANSPLAN
730,S100002,00420,00100,SINGLE ANTIGEN CLASS I TITRATION
730,S100002,00421,00100,SINGLE ANTIGEN CLASS II TITRATION
730,S100002,00422,00100,ENGRAFTMENT ANALYSIS: POST TRANSPLAN
730,S100002,00423,00100,SERUM PROCESS AND STORE  NON RENAL
730,S100002,00424,00100,T/B CELL CYTOTOXIC CXM
730,S100002,00425,00100,HR PATIENT TYPING-HLA-A B C  DRB1  D
730,S100002,00426,00100,DECEASED TYPING & CROSSMATCHES  LOCA
730,S100002,00427,00100,T&B-CELL FLOW CROSSMATCH
730,S100002,00428,00100,DECEASED CROSSMATCH  ADDITIONAL
730,S100002,00429,00100,HLA A B C DRB DQB1 DQA1 DPB1 DPA1 (
730,S100002,00430,00100,KIR GENOTYPING BY DNA
730,S100002,00431,00100,T&B FXM PRONASE  FINAL KIDNEY
730,S100002,00432,00100,T/B CELL CYTO ALLO FINAL KID
730,S100002,00433,00100,HLA-A B C DRB1 INTERMEDIATE RESOLUTI
730,S100002,00434,00100,ENGRAFTMENT MONITORING  KIDNEY
730,S100002,00435,00100,HLA A B C DRB DQB1 DQA1 DPB1 DPA1 (
730,S100002,00436,00100,DECEASED DONOR PARTIAL WORK-UP
730,S100002,00437,00100,HLA-DPA CLASS 1 (HIGH RESOLUTION)
730,S100002,00438,00100,HLA-B INTERMEDIATE RESOLUTION
730,S100002,00439,00100,FLOW PRA/ANTIBODY ID CLASS II
730,S100002,00440,00100,FLOW PRA/ANTIBODY ID CLASS I
730,S100002,00441,00100,HLA-B*58:01
730,S100002,00442,00100,HLA-A B DRB1 - INTERMEDIATE RESOLUTI
730,S100002,00443,00100,ANTI-ANGIOTENSIN TYPE 1 RECEPTOR (AT
730,S100002,00444,00100,ENGRAFTMENT MONITORING
730,S100002,00445,00100,SERA STORAGE (6 MONTHS)
730,S100002,00446,00100,MICA ANTIBODY  KIDNEY
730,S100002,00447,00100,ENDOTHELIAL CELL CXM  KIDNEY
730,S100002,00448,00100,ENGRAFTMENT: PRE-TRANSPLANT COMPARAT
730,S100002,00449,00100,HLA CLASS I/II HIGH RESOLUTION TYPIN
730,S100002,00450,00100,HLA-A B C (INTERMEDIATE RESOLUTION)
730,S100002,00451,00100,MICA GENOTYPING BY DNA
730,S100002,00452,00100,LONG TERM STORAGE OF LIVING DONOR SA
730,S100002,00453,00100,FLOW PRA/ANTIBODY ID CLASS I/II  KID
730,S100002,00454,00100,SINGLE ANTIGEN ID TITRATION  CLASS I
730,S100002,00455,00100,SINGLE ANTIGEN ID TITRATION  CLASS I
730,S100002,00456,00100,SINGLE ANTIGEN CLASS II TITRATION  K
730,S100002,00457,00100,SINGLE ANTIGEN CLASS I TITRATION  KI
730,S100002,00458,00100,AB SPECIFICITY PANEL
730,S100002,00459,00100,T/B CELL CYTO ALLO INITIAL KID
730,S100002,00460,00100,LONG TERM STORAGE- 10YR STORAGE-UCD
730,S100002,00461,00100,T&B CXM PRONASE INITIAL KIDNEY
730,S100002,00462,00100,T/B CELL FLOW CROSSMATCH
730,S100002,00463,00100,GRANULOCYTE OXIDATIVE BURST
730,S100002,00464,00100,DONOR CELLS PROCESS AND STORE-CRYOPR
730,S100002,00465,00100,HLA-B*57:01 TYPING
730,S100002,00466,00100,HLA-A2 SUBTYPE HIGH RESOLUTION
730,S100002,00467,00100,MICA ANTIBODY
730,S100002,00468,00100,HLA-A HIGH RESOLUTION
730,S100002,00469,00100,ANTI-ANGIOTENSIN TYPE 1 RECEPTORS (A
730,S100002,00470,00100,T/B CELL FLOW CXM FINAL KID
730,S100002,00471,00100,OTHER
730,S100003,00100,00100,MEDICAL DIRECTOR
730,S100003,00100,00300,MEDICAL DIRECTOR
730,S100003,00100,00500,LAB DIRECTOR
730,S100003,00101,00100,EXEC. DIRECTOR
730,S100003,00101,00300,PROCUREMENT COORDINATOR
730,S100003,00101,00500,TECHNICIANS
730,S100003,00102,00100,CLERICAL
730,S100003,00102,00300,PRESERVATION TECHNICIANS
730,S100003,00102,00500,TISSUE TYPING TECH.
730,S100003,00103,00100,OTHER
730,S100003,00103,00300,OTHER
730,S100003,00103,00500,OTHER
730,S200000,00100,00100,N
730,S200000,00200,00100,N
730,S200000,00300,00100,Y
730,S200000,00400,00100,N
730,S200000,00500,00100,N
730,S200000,00600,00300,DIRECTOR - CLIENT SERVICES
730,S200000,00700,00100,TOYON ASSOCIATES
731,A000000,00100,00000,0100CAPITAL COSTS-BLDG & FIXT
731,A000000,00200,00000,0200CAPITAL COSTS-MVBLE EQUIPMENT
731,A000000,00300,00000,0300EMPLOYEE BENEFITS
731,A000000,00400,00000,0400ADMINISTRATIVE & GENERAL
731,A000000,00500,00000,0500OPERATION AND MAINTENANCE OF PLANT
731,A000000,00600,00000,0600HOUSEKEEPING
731,A000000,00700,00000,0700MEDICAL SUPPLIES
731,A000000,00800,00000,0800OTHER OVERHEAD
731,A000000,00900,00000,0900PROCUREMENT COORDINATORS
731,A000000,01000,00000,1000PROFESSIONAL EDUCATION
731,A000000,01100,00000,1100PUBLIC EDUCATION
731,A000000,01200,00000,1200OTHER ACQUISITION
731,A000000,01300,00000,1300KIDNEY ACQUISITIONS
731,A000000,01400,00000,1400TISSUE TYPING LABORATORY
731,A000000,01500,00000,1500LIVER ACQUISITIONS
731,A000000,01600,00000,1600HEART ACQUISITIONS
731,A000000,01700,00000,1700PANCREAS ACQUISITIONS
731,A000000,01800,00000,1800LUNG ACQUISITIONS
731,A000000,01900,00000,1900OTHER ACQUISITIONS
731,A000000,02100,00000,2100RESEARCH
731,A000000,02200,00000,2200BLOOD BANK
731,A000000,02300,00000,2300LABORATORY-NON-TISSUE TYPING
731,A000000,02400,00000,2400DIALYSIS UNITS
731,A000000,02500,00000,2500OTHER NON-REIMBURSABLE
731,A100000,01700,00000,OTHER
731,A100000,01800,00000,POSTAGE
731,A100000,01900,00000,COMPUTERS/COMPUTER SUPPLIES
731,A100000,01901,00000,UNIVERSITY OVERHEAD
731,A300000,00600,00000,GRADUATE ASSISTANT/STUDENT EMPLOYEES
731,A300000,00700,00000,COURIER/OVERNIGHT DELIVERY
731,A300000,00800,00000,LABORATORY SUPPLIES
731,A300000,00900,00000,OTHER
731,A51000A,00100,00100,N
731,A60000C,00500,00100,N
731,B10000*,00100,00200,CAP BLDG
731,B10000*,00100,00300,CAP COSTS
731,B10000*,00100,00400,EMPLOYEE
731,B10000*,00100,00500,MEDICAL
731,B10000*,00100,00800,ORGAN
731,B10000*,00100,01000,ADMIN &
731,B10000*,00200,00200,OP PLANT &
731,B10000*,00200,00300,MOVABLE
731,B10000*,00200,00400,BENEFITS
731,B10000*,00200,00500,SUPPLIES
731,B10000*,00200,00800,ACQUISITN
731,B10000*,00200,01000,GENERAL
731,B10000*,00300,00200,HOUSEKEEP
731,B10000*,00300,00300,EQUIPMENT
731,B10000*,00300,00800,COSTS
731,B10000*,00400,00200,SQUARE
731,B10000*,00400,00300,DOLLAR
731,B10000*,00400,00400,ADJUST
731,B10000*,00400,00500,COSTED
731,B10000*,00400,00800,NUMBER
731,B10000*,00400,01000,ACCUM
731,B10000*,00500,00200,FEET
731,B10000*,00500,00300,VALUE
731,B10000*,00500,00400,SALARIES
731,B10000*,00500,00500,REQUISIT
731,B10000*,00500,00800,ORGANS
731,B10000*,00500,01000,COSTS
731,B10000*,00600,00200,1
731,B10000*,00600,00300,2
731,B10000*,00600,00400,3
731,B10000*,00600,00500,3
731,B10000*,00600,00800,3
731,B10000*,00600,01000,3
731,B100000,00000,01000,X
731,S000000,00100,00100,X
731,S000000,00400,00100,1
731,S000000,00500,00100,11/25/2024
731,S000000,00600,00100,10001
731,S000000,00700,00100,N
731,S000000,00800,00100,N
731,S000000,01000,00100,4
731,S000001,00100,00100,MSU RESEARCH & IMMUNOLOGY LAB
731,S000001,00100,00200,23HL02
731,S000001,00101,00100,1355 BOGUE ST  ROOM B228
731,S000001,00102,00100,EAST LANSING
731,S000001,00102,00200,MI
731,S000001,00102,00300,48824
731,S000001,00300,00100,07/01/2023
731,S000001,00300,00200,06/30/2024
731,S000001,00400,00100,10
731,S000001,00400,00300,2
731,S000001,00400,00400,01/01/1966
731,S000001,00401,00300,1
731,S000002,00100,00200,Y
731,S000002,00300,00100,FINANCIAL ADMINISTRATOR
731,S000002,00400,00100,11/22/2024
731,S100001,00700,00100,N
731,S100001,00810,00000,OTHER
731,S100002,00400,00100,SERUM BANKING W/O PRA
731,S100002,00401,00100,SUPPLEMENTAL HLA-DR DQ DP MOLECULAR
731,S100002,00402,00100,HLA-A B C DR DQ DP TRANSPLANT EVALUA
731,S100002,00403,00100,T&B CELL LYMPHOCYTE CROSSMATCH(FLOW)
731,S100002,00404,00100,HLA ANTIBODY SCREEN(BEAD ARRAY)
731,S100002,00405,00100,HLA CLASS I PRA/ID(BEAD ARRAY)
731,S100002,00406,00100,HLA CLASS II PRA/ID(BEAD ARRAY)
731,S100002,00407,00100,HLA CLASS I SINGLE ANTIGEN(BEAD ARRA
731,S100002,00408,00100,HLA CLASS II SINGLE ANTIGEN(BEAD ARR
731,S100002,00409,00100,HLA CLASS I OR II PRA STAT CHARGE
731,S100003,00100,00100,MEDICAL DIRECTOR
731,S100003,00100,00300,MEDICAL DIRECTOR
731,S100003,00100,00500,LAB DIRECTOR
731,S100003,00101,00100,EXEC. DIRECTOR
731,S100003,00101,00300,PROCUREMENT COORDINATOR
731,S100003,00101,00500,TECHNICIANS
731,S100003,00102,00100,CLERICAL
731,S100003,00102,00300,PRESERVATION TECHNICIANS
731,S100003,00102,00500,TISSUE TYPING TECH.
731,S100003,00103,00100,OTHER
731,S100003,00103,00300,OTHER
731,S100003,00103,00500,OTHER
731,S200000,00100,00100,N
731,S200000,00200,00100,N
731,S200000,00300,00100,N
731,S200000,00400,00100,N
731,S200000,00500,00100,N
731,S200000,00600,00300,FINANCIAL ADMINISTRATOR
731,S200000,00700,00100,MICHIGAN STATE UNIVERSITY
732,A000000,00100,00000,0100CAPITAL COSTS-BLDG & FIXT
732,A000000,00200,00000,0200CAPITAL COSTS-MVBLE EQUIPMENT
732,A000000,00300,00000,0300EMPLOYEE BENEFITS
732,A000000,00400,00000,0400ADMINISTRATIVE & GENERAL
732,A000000,00500,00000,0500OPERATION AND MAINTENANCE OF PLANT
732,A000000,00600,00000,0600HOUSEKEEPING
732,A000000,00700,00000,0700MEDICAL SUPPLIES
732,A000000,00800,00000,0800OTHER OVERHEAD
732,A000000,00900,00000,0900PROCUREMENT COORDINATORS
732,A000000,01000,00000,1000PROFESSIONAL EDUCATION
732,A000000,01100,00000,1100PUBLIC EDUCATION
732,A000000,01200,00000,1200OTHER ACQUISITION
732,A000000,01300,00000,1300KIDNEY ACQUISITIONS
732,A000000,01400,00000,1400TISSUE TYPING LABORATORY
732,A000000,01500,00000,1500LIVER ACQUISITIONS
732,A000000,01600,00000,1600HEART ACQUISITIONS
732,A000000,01700,00000,1700PANCREAS ACQUISITIONS
732,A000000,01800,00000,1800LUNG ACQUISITIONS
732,A000000,01900,00000,1900OTHER ACQUISITIONS
732,A000000,02100,00000,2100RESEARCH
732,A000000,02200,00000,2200BLOOD BANK
732,A000000,02300,00000,2300LABORATORY-NON-TISSUE TYPING
732,A000000,02400,00000,2400DIALYSIS UNITS
732,A000000,02500,00000,2500OTHER NON-REIMBURSABLE
732,A100000,01700,00000,PRESIDENTS OFFICE
732,A100000,01800,00000,CFO  FINANCE AND ADMINISTRATIVE SERV
732,A100000,01900,00000,HUMAN RESOURCES
732,A100000,01901,00000,QUALITY ASSURANCE & REGULATORY AFFAI
732,A100000,01902,00000,SAFETY & SURVEILLANCE
732,A100000,01903,00000,TRANSPORTATION
732,A100000,01904,00000,MATERIALS MANAGEMENT
732,A100000,01905,00000,MEDICAL EDUCATION PROGRAM
732,A100000,01906,00000,MEDICAL DIRECTORS OFFICE
732,A100000,01907,00000,TRUSTEE RELATIONS
732,A300000,00600,00000,FREIGHT & POSTAGE
732,A300000,00700,00000,DRUGS & SUPPLIES
732,A300000,00800,00000,TRAVEL & TRAINING
732,A300000,00900,00000,MINOR OFFICE & MEDICAL EQUIPMENT
732,A300000,01000,00000,OTHER
732,A300000,01001,00000,FURNITURE FIXTURES DEPRECIATION
732,A300000,01002,00000,MEDICAL EQUIPMENT DEPRECIATION
732,A300000,01003,00000,TELEPHONE
732,A300000,01004,00000,DUES PERMITS LICENSES & PUBLICATIONS
732,A300000,01005,00000,LAUNDRY & JANITORIAL SUPPLIES
732,A300000,01006,00000,PRINTING EXPENSE
732,A400010,00100,00000,RECLASSIFICATIONS
732,A400010,00100,00100,A
732,A400010,00100,00200,CAPITAL COSTS-BLDG & FIXT
732,A400010,00100,00500,OPERATION AND MAINTENANCE OF PLANT
732,A400010,00200,00000,RECLASSIFICATIONS
732,A400010,00200,00100,A
732,A400010,00200,00200,CAPITAL COSTS-BLDG & FIXT
732,A400010,00200,00500,ADMINISTRATIVE & GENERAL
732,A400010,00300,00000,RECLASSIFICATIONS
732,A400010,00300,00100,A
732,A400010,00300,00200,TISSUE TYPING LABORATORY
732,A400010,00300,00500,OPERATION AND MAINTENANCE OF PLANT
732,A400010,00400,00000,RECLASSIFICATIONS
732,A400010,00400,00100,A
732,A400010,00400,00200,CAPITAL COSTS-BLDG & FIXT
732,A400010,00400,00500,OPERATION AND MAINTENANCE OF PLANT
732,A400010,00500,00000,RECLASSIFICATIONS
732,A400010,00500,00100,A
732,A400010,00500,00200,CAPITAL COSTS-MVBLE EQUIPMENT
732,A400010,00500,00500,ADMINISTRATIVE & GENERAL
732,A400010,00600,00000,RECLASSIFICATIONS
732,A400010,00600,00100,A
732,A400010,00600,00200,CAPITAL COSTS-MVBLE EQUIPMENT
732,A400010,00600,00500,OPERATION AND MAINTENANCE OF PLANT
732,A400010,00700,00000,RECLASSIFICATIONS
732,A400010,00700,00100,A
732,A400010,00700,00200,CAPITAL COSTS-MVBLE EQUIPMENT
732,A400010,00700,00500,ADMINISTRATIVE & GENERAL
732,A400010,00800,00000,RECLASSIFICATIONS
732,A400010,00800,00100,A
732,A400010,00800,00200,TISSUE TYPING LABORATORY
732,A400010,00800,00500,BLOOD BANK
732,A400010,00900,00000,RECLASSIFICATIONS
732,A400010,00900,00100,A
732,A400010,00900,00200,CAPITAL COSTS-BLDG & FIXT
732,A400010,00900,00500,OPERATION AND MAINTENANCE OF PLANT
732,A500010,00700,00100,B
732,A500010,00700,00300,OPERATION AND MAINTENANCE OF PLANT
732,A500010,01200,00100,B
732,A500010,01200,00300,ADMINISTRATIVE & GENERAL
732,A500010,01500,00000,BAD DEBT BLOOD BANK
732,A500010,01500,00100,A
732,A500010,01500,00300,BLOOD BANK
732,A500010,01600,00000,EMPLOYEE PARKING RECEIPTS
732,A500010,01600,00100,B
732,A500010,01600,00300,OPERATION AND MAINTENANCE OF PLANT
732,A500010,01601,00000,DELIVERY INCOME
732,A500010,01601,00100,B
732,A500010,01601,00300,BLOOD BANK
732,A500010,01602,00000,INCOME TO OFFSET A & G EXPENSE
732,A500010,01602,00100,B
732,A500010,01602,00300,ADMINISTRATIVE & GENERAL
732,A51000A,00100,00100,N
732,A60000A,00700,00000,LEASEHOLD IMPROVEMENTS
732,A60000A,00701,00000,WORK IN PROGRESS
732,A60000A,00702,00000,BUILDING IMPROVEMENTS
732,A60000A,00703,00000,COMPUTER HARDWARE
732,A60000A,00704,00000,COMPUTER SOFTWARE
732,A60000A,00705,00000,RIGHT-OF-USE LEASE ASSETS
732,A60000B,00800,00000,LEASEHOLD IMPROVEMENTS
732,A60000B,00801,00000,COMPUTER HARDWARE
732,A60000B,00802,00000,COMPUTER SOFTWARE
732,A60000C,00500,00100,N
732,B10000*,00100,00200,CAP BLDG
732,B10000*,00100,00300,CAP COSTS
732,B10000*,00100,00400,EMPLOYEE
732,B10000*,00100,00500,MEDICAL
732,B10000*,00100,00800,ORGAN
732,B10000*,00100,01000,ADMIN &
732,B10000*,00200,00200,OP PLANT &
732,B10000*,00200,00300,MOVABLE
732,B10000*,00200,00400,BENEFITS
732,B10000*,00200,00500,SUPPLIES
732,B10000*,00200,00800,ACQUISITN
732,B10000*,00200,01000,GENERAL
732,B10000*,00300,00200,HOUSEKEEP
732,B10000*,00300,00300,EQUIPMENT
732,B10000*,00300,00800,COSTS
732,B10000*,00400,00200,SQUARE
732,B10000*,00400,00300,DOLLAR
732,B10000*,00400,00400,ADJUST
732,B10000*,00400,00500,COSTED
732,B10000*,00400,00800,NUMBER
732,B10000*,00400,01000,ACCUM
732,B10000*,00500,00200,FEET
732,B10000*,00500,00300,VALUE
732,B10000*,00500,00400,SALARIES
732,B10000*,00500,00500,REQUISIT
732,B10000*,00500,00800,ORGANS
732,B10000*,00500,01000,COSTS
732,B10000*,00600,00200,1
732,B10000*,00600,00300,2
732,B10000*,00600,00400,3
732,B10000*,00600,00500,3
732,B10000*,00600,00800,3
732,B10000*,00600,01000,3
732,B100000,00000,01000,X
732,E000000,00900,00000,PREPAID EXPENSES & DEPOSITS
732,E000000,02600,00000,HARDWARE  SOFTWARE  WIP  ROU ASSETS
732,E000000,03100,00000,OTHER LONG-TERM ASSETS
732,E000000,03900,00000,OTHER CURRENT LIABILITIES
732,E000000,04600,00000,OTHER LONG-TERM LIABILITIES
732,E000000,04700,00000,DEFERRED RENT LIABILITY
732,E100001,00700,00000,GRANTS & CONTRACTS
732,S000000,00100,00100,X
732,S000000,00400,00100,1
732,S000000,00500,00100,11/22/2024
732,S000000,00600,00100,10001
732,S000000,00700,00100,N
732,S000000,00800,00100,N
732,S000000,01000,00100,4
732,S000001,00100,00100,BLOODWORKS
732,S000001,00100,00200,50HL01
732,S000001,00101,00100,921 TERRY AVENUE
732,S000001,00102,00100,SEATTLE
732,S000001,00102,00200,WA
732,S000001,00102,00300,98104
732,S000001,00300,00100,07/01/2023
732,S000001,00300,00200,06/30/2024
732,S000001,00400,00100,6
732,S000001,00400,00300,2
732,S000001,00400,00400,01/01/1997
732,S000001,00401,00300,1
732,S000002,00100,00200,Y
732,S000002,00300,00100,CHIEF FINANCIAL OFFICER
732,S000002,00400,00100,11/19/2024
732,S100001,00700,00100,N
732,S100001,00810,00000,OTHER
732,S100002,00400,00100,DECEASED DONOR WORKUP - LOCAL
732,S100002,00401,00100,DECEASED DONOR WORKUP - IMPORT
732,S100002,00402,00100,HLA ANTIBODY DETECTION
732,S100002,00403,00100,HLA ANTIBODY SPECIFICITY
732,S100002,00404,00100,HLA ANTIBODY SPECIFICITY MONITOR DSA
732,S100002,00405,00100,HLA ANITBODY SPECIF MONITOR DSA STAT
732,S100002,00406,00100,MICA ANTIBODY SPECIFICITY
732,S100002,00407,00100,HLA ANTIBODY SPECIF MONITOR DSA PRO
732,S100002,00408,00100,HLA CLASS II (DR DQ) TYPING
732,S100002,00409,00100,HLA CLASS I & II(A B C DR DQ) TYPING
732,S100002,00410,00100,SPECIMEN PROCESSING (SERUM)
732,S100002,00411,00100,SPECIMEN PROCESSING (CELLS)
732,S100002,00412,00100,LYMPHOCYTE CROSSMATCH
732,S100002,00413,00100,LYMPHOCYTE CROSSMATCH STAT
732,S100002,00414,00100,LYMPHOCYTE CROSSMATCH - 24 HR
732,S100002,00415,00100,HLA-DPB1  DPA1 TYPING
732,S100003,00100,00100,MEDICAL DIRECTOR
732,S100003,00100,00300,MEDICAL DIRECTOR
732,S100003,00100,00500,LAB DIRECTOR
732,S100003,00101,00100,EXEC. DIRECTOR
732,S100003,00101,00300,PROCUREMENT COORDINATOR
732,S100003,00101,00500,TECHNICIANS
732,S100003,00102,00100,CLERICAL
732,S100003,00102,00300,PRESERVATION TECHNICIANS
732,S100003,00102,00500,TISSUE TYPING TECH.
732,S100003,00103,00100,OTHER
732,S100003,00103,00300,OTHER
732,S100003,00103,00500,OTHER
732,S200000,00100,00100,N
732,S200000,00200,00100,N
732,S200000,00300,00100,N
732,S200000,00400,00100,Y
732,S200000,00400,00200,A
732,S200000,00500,00100,Y
732,S200000,00600,00300,DIRECTOR  ACCOUNTING / CONTROLLER
732,S200000,00700,00100,BLOODWORKS
733,A000000,00100,00000,0100CAPITAL COSTS-BLDG & FIXT
733,A000000,00200,00000,0200CAPITAL COSTS-MVBLE EQUIPMENT
733,A000000,00300,00000,0300EMPLOYEE BENEFITS
733,A000000,00400,00000,0400ADMINISTRATIVE & GENERAL
733,A000000,00500,00000,0500OPERATION AND MAINTENANCE OF PLANT
733,A000000,00600,00000,0600HOUSEKEEPING
733,A000000,00700,00000,0700MEDICAL SUPPLIES
733,A000000,00800,00000,0800OTHER OVERHEAD
733,A000000,00900,00000,0900PROCUREMENT COORDINATORS
733,A000000,01000,00000,1000PROFESSIONAL EDUCATION
733,A000000,01100,00000,1100PUBLIC EDUCATION
733,A000000,01300,00000,1300KIDNEY ACQUISITIONS
733,A000000,01400,00000,1400TISSUE TYPING LABORATORY
733,A000000,01500,00000,1500LIVER ACQUISITIONS
733,A000000,01600,00000,1600HEART ACQUISITIONS
733,A000000,01700,00000,1700PANCREAS ACQUISITIONS
733,A000000,01800,00000,1800LUNG ACQUISITIONS
733,A000000,01900,00000,1900OTHER ACQUISITIONS
733,A000000,02100,00000,2100RESEARCH
733,A000000,02200,00000,2200BLOOD BANK
733,A000000,02300,00000,2300LABORATORY-NON-TISSUE TYPING
733,A000000,02400,00000,2400DIALYSIS UNITS
733,A100000,01700,00000,OTHER A&G
733,A100000,01800,00000,SERVICES
733,A300000,00600,00000,REAGENTS AND SUPPLIES
733,A300000,00800,00000,OTHER EXPENSE.
733,A500010,01300,00100,A
733,A500010,01300,00300,CAPITAL COSTS-BLDG & FIXT
733,A500010,01400,00100,A
733,A500010,01400,00300,CAPITAL COSTS-MVBLE EQUIPMENT
733,A500010,01600,00000,A&G ADJUSTMENT
733,A500010,01600,00100,A
733,A500010,01600,00300,ADMINISTRATIVE & GENERAL
733,A500010,01601,00000,FINAL SETTLEMENTS
733,A500010,01601,00100,A
733,A500010,01601,00300,ADMINISTRATIVE & GENERAL
733,A51000A,00100,00100,N
733,B10000*,00100,00200,CAP BLDG
733,B10000*,00100,00300,CAP COSTS
733,B10000*,00100,00400,EMPLOYEE
733,B10000*,00100,00500,MEDICAL
733,B10000*,00100,00800,ORGAN
733,B10000*,00100,01000,ADMIN &
733,B10000*,00200,00200,OP PLANT &
733,B10000*,00200,00300,MOVABLE
733,B10000*,00200,00400,BENEFITS
733,B10000*,00200,00500,SUPPLIES
733,B10000*,00200,00800,ACQUISITN
733,B10000*,00200,01000,GENERAL
733,B10000*,00300,00200,HOUSEKEEP
733,B10000*,00300,00300,EQUIPMENT
733,B10000*,00300,00800,COSTS
733,B10000*,00400,00200,SQUARE
733,B10000*,00400,00300,DOLLAR
733,B10000*,00400,00400,ADJUST
733,B10000*,00400,00500,COSTED
733,B10000*,00400,00800,NUMBER
733,B10000*,00400,01000,ACCUM
733,B10000*,00500,00200,FEET
733,B10000*,00500,00300,VALUE
733,B10000*,00500,00400,SALARIES
733,B10000*,00500,00500,REQUISIT
733,B10000*,00500,00800,ORGANS
733,B10000*,00500,01000,COSTS
733,B10000*,00600,00200,1
733,B10000*,00600,00300,2
733,B10000*,00600,00400,3
733,B10000*,00600,00500,3
733,B10000*,00600,00800,3
733,B10000*,00600,01000,3
733,B100000,00000,01000,X
733,E100002,00300,00000,NET WORKSHEET A-5 ADJUSTMENTS
733,E200000,02000,00000,DUE FROM MEDICARE
733,E200000,02100,00000,DUE TO MEDICARE
733,S000000,00100,00100,X
733,S000000,00400,00100,1
733,S000000,00500,00100,12/02/2024
733,S000000,00600,00100,10001
733,S000000,00700,00100,N
733,S000000,00800,00100,N
733,S000000,01000,00100,4
733,S000001,00100,00100,UCSF IMMUNOGENETICS & TRANSPLANT LA
733,S000001,00100,00200,05HL06
733,S000001,00101,00100,1100 VAN NESS AVENUE  SUITE 800
733,S000001,00102,00100,SAN FRANCISCO
733,S000001,00102,00200,CA
733,S000001,00102,00300,94109
733,S000001,00300,00100,07/01/2023
733,S000001,00300,00200,06/30/2024
733,S000001,00400,00100,10
733,S000001,00400,00300,2
733,S000001,00400,00400,07/01/1999
733,S000001,00401,00300,1
733,S000002,00100,00200,Y
733,S000002,00300,00100,ASSOCIATE CHAIR  FINANCE & ADMIN
733,S000002,00400,00100,11/25/2024
733,S100001,00700,00100,N
733,S100001,00810,00000,OTHER
733,S100002,00401,00100,HLA CLASS I (A B C) TYPING (INTERM)
733,S100002,00402,00100,HLA CLASS II (DR DQ DP) TYPING (INT)
733,S100002,00403,00100,HLA-DQB1 TYPING (NGS-HIGH RES)
733,S100002,00404,00100,HLA ABC  COMPREHENSIVE (NGS-HIGH RES
733,S100002,00405,00100,HLA ANTIBODY PRA CLASS 1
733,S100002,00406,00100,HLA ANTIBODY PRA CLASS II
733,S100002,00407,00100,HLA ANTIBODY ID-SINGLE ANT CLASS I
733,S100002,00408,00100,HLA ANTIBODY ID-SINGLE ANT CLASS II
733,S100002,00409,00100,B-CELL & T-CELL X-MATCH BY FLOW CYT
733,S100002,00410,00100,B-CELL & T-CELL FLOW X-MATCH W PRONA
733,S100002,00411,00100,DECEASED DONOR TESTING - LOCAL
733,S100002,00412,00100,DECEASED DONOR CELL PREP & STORAGE
733,S100002,00413,00100,SERUM MANAGEMENT (INCLUSIVE)
733,S100002,00414,00100,HLA TYPING STAT FEE (PER REQUISITIO)
733,S100002,00415,00100,ANTIBODY TSTING STAT FEE (PER SET UP
733,S100002,00416,00100,CROSSMATCH STAT FEE PER SET-UP
733,S100002,00417,00100,SERUM STORAGE
733,S100003,00100,00100,MEDICAL DIRECTOR
733,S100003,00100,00300,MEDICAL DIRECTOR
733,S100003,00100,00500,LAB DIRECTOR
733,S100003,00101,00100,EXEC. DIRECTOR
733,S100003,00101,00300,PROCUREMENT COORDINATOR
733,S100003,00101,00500,TECHNICIANS
733,S100003,00102,00100,CLERICAL
733,S100003,00102,00300,PRESERVATION TECHNICIANS
733,S100003,00102,00500,TISSUE TYPING TECH.
733,S100003,00103,00100,OTHER
733,S100003,00103,00300,OTHER
733,S100003,00103,00500,OTHER
733,S200000,00100,00100,N
733,S200000,00200,00100,N
733,S200000,00300,00100,N
733,S200000,00400,00100,N
733,S200000,00500,00100,N
733,S200000,00600,00300,LAB MANAGER
733,S200000,00700,00100,UCSF IMMUNO & TX LAB
734,A000000,00100,00000,0100CAPITAL COSTS-BLDG & FIXT
734,A000000,00200,00000,0200CAPITAL COSTS-MVBLE EQUIPMENT
734,A000000,00300,00000,0300EMPLOYEE BENEFITS
734,A000000,00400,00000,0400ADMINISTRATIVE & GENERAL
734,A000000,00500,00000,0500OPERATION AND MAINTENANCE OF PLANT
734,A000000,00600,00000,0600HOUSEKEEPING
734,A000000,00700,00000,0700MEDICAL SUPPLIES
734,A000000,00800,00000,0800OTHER OVERHEAD
734,A000000,00900,00000,0900PROCUREMENT COORDINATORS
734,A000000,01000,00000,1000PROFESSIONAL EDUCATION
734,A000000,01100,00000,1100PUBLIC EDUCATION
734,A000000,01200,00000,1200OTHER ACQUISITION
734,A000000,01300,00000,1300KIDNEY ACQUISITIONS
734,A000000,01400,00000,1400TISSUE TYPING LABORATORY
734,A000000,01500,00000,1500LIVER ACQUISITIONS
734,A000000,01600,00000,1600HEART ACQUISITIONS
734,A000000,01700,00000,1700PANCREAS ACQUISITIONS
734,A000000,01800,00000,1800LUNG ACQUISITIONS
734,A000000,01900,00000,1900OTHER ACQUISITIONS
734,A000000,02100,00000,2100RESEARCH
734,A000000,02200,00000,2200BLOOD BANK
734,A000000,02300,00000,2300LABORATORY-NON-TISSUE TYPING
734,A000000,02400,00000,2400DIALYSIS UNITS
734,A000000,02500,00000,2500OTHER NON-REIMBURSABLE
734,A100000,01700,00000,- LICENSES  DUES & MEMBERSHIPS
734,A100000,01800,00000,- SECURE DOCUMENT HANDLING
734,A300000,00600,00000,- LAB ASSISTANTS
734,A300000,00700,00000,- LAB CONSULTANT (PRIOR DIRECTOR)
734,A300000,00800,00000,- LAB SUPPLIES & REAGENTS
734,A300000,00900,00000,- MALPRACTICE INSURANCE
734,A51000A,00100,00100,N
734,B10000*,00100,00200,CAP BLDG
734,B10000*,00100,00300,CAP COSTS
734,B10000*,00100,00400,EMPLOYEE
734,B10000*,00100,00500,MEDICAL
734,B10000*,00100,00800,ORGAN
734,B10000*,00100,01000,ADMIN &
734,B10000*,00200,00200,OP PLANT &
734,B10000*,00200,00300,MOVABLE
734,B10000*,00200,00400,BENEFITS
734,B10000*,00200,00500,SUPPLIES
734,B10000*,00200,00800,ACQUISITN
734,B10000*,00200,01000,GENERAL
734,B10000*,00300,00200,HOUSEKEEP
734,B10000*,00300,00300,EQUIPMENT
734,B10000*,00300,00800,COSTS
734,B10000*,00400,00200,SQUARE
734,B10000*,00400,00300,DOLLAR
734,B10000*,00400,00400,ADJUST
734,B10000*,00400,00500,COSTED
734,B10000*,00400,00800,NUMBER
734,B10000*,00400,01000,ACCUM
734,B10000*,00500,00200,FEET
734,B10000*,00500,00300,VALUE
734,B10000*,00500,00400,SALARIES
734,B10000*,00500,00500,REQUISIT
734,B10000*,00500,00800,ORGANS
734,B10000*,00500,01000,COSTS
734,B10000*,00600,00200,1
734,B10000*,00600,00300,2
734,B10000*,00600,00400,3
734,B10000*,00600,00500,3
734,B10000*,00600,00800,3
734,B10000*,00600,01000,3
734,B100000,00000,01000,X
734,S000000,00100,00100,X
734,S000000,00400,00100,1
734,S000000,00500,00100,11/27/2024
734,S000000,00600,00100,10001
734,S000000,00700,00100,N
734,S000000,00800,00100,N
734,S000000,01000,00100,4
734,S000001,00100,00100,TULANE HISTO & IMMUNOGENETICS LAB
734,S000001,00100,00200,19HL05
734,S000001,00101,00100,1430 TULANE AVE  SL-7
734,S000001,00102,00100,NEW ORLEANS
734,S000001,00102,00200,LA
734,S000001,00102,00300,70112
734,S000001,00300,00100,07/01/2023
734,S000001,00300,00200,06/30/2024
734,S000001,00400,00100,8
734,S000001,00400,00300,2
734,S000001,00400,00400,07/01/1994
734,S000001,00401,00300,1
734,S100001,00700,00100,N
734,S100001,00810,00000,OTHER
734,S100002,00400,00100,DECEASED DONOR WORKUP IMPORT
734,S100002,00401,00100,DECEASED DONOR WORKUP LOCAL
734,S100002,00402,00100,FLOW T/B-CELL CROSSMATCH ALLO
734,S100002,00403,00100,FLOW T/B-CELL CROSSMATCH AUTO
734,S100002,00404,00100,FLOW T/B-CELL CROSSMATCH ADDL SERA
734,S100002,00405,00100,HLA CLASS I+II TYPING HIGH-RES
734,S100002,00406,00100,HLA CLASS I AB ID  PHENOTYPIC BEADS
734,S100002,00407,00100,HLA CLASS I AB ID  SINGLE AG BEADS
734,S100002,00408,00100,HLA CLASS II AB ID  PHENOTYPIC BEADS
734,S100002,00409,00100,HLA CLASS II AB ID  SINGLE AG BEADS
734,S100003,00100,00100,MEDICAL DIRECTOR
734,S100003,00100,00300,MEDICAL DIRECTOR
734,S100003,00100,00500,LAB DIRECTOR
734,S100003,00101,00100,EXEC. DIRECTOR
734,S100003,00101,00300,PROCUREMENT COORDINATOR
734,S100003,00101,00500,TECHNICIANS
734,S100003,00102,00100,CLERICAL
734,S100003,00102,00300,PRESERVATION TECHNICIANS
734,S100003,00102,00500,TISSUE TYPING TECH.
734,S100003,00103,00100,OTHER
734,S100003,00103,00300,OTHER
734,S100003,00103,00500,OTHER
734,S200000,00100,00100,N
734,S200000,00200,00100,N
734,S200000,00300,00100,N
734,S200000,00400,00100,Y
734,S200000,00400,00200,A
734,S200000,00500,00100,N
734,S200000,00600,00300,HLA LABORATORY DIRECTOR
734,S200000,00700,00100,TULANE UNIVERSITY
735,A000000,00100,00000,0100CAPITAL COSTS-BLDG & FIXT
735,A000000,00200,00000,0200CAPITAL COSTS-MVBLE EQUIPMENT
735,A000000,00300,00000,0300EMPLOYEE BENEFITS
735,A000000,00400,00000,0400ADMINISTRATIVE & GENERAL
735,A000000,00500,00000,0500OPERATION AND MAINTENANCE OF PLANT
735,A000000,00600,00000,0600HOUSEKEEPING
735,A000000,00700,00000,0700MEDICAL SUPPLIES
735,A000000,00800,00000,0800OTHER OVERHEAD
735,A000000,00900,00000,0900PROCUREMENT COORDINATORS
735,A000000,01000,00000,1000PROFESSIONAL EDUCATION
735,A000000,01100,00000,1100PUBLIC EDUCATION
735,A000000,01200,00000,1200OTHER ACQUISITION
735,A000000,01300,00000,1300KIDNEY ACQUISITIONS
735,A000000,01400,00000,1400TISSUE TYPING LABORATORY
735,A000000,01500,00000,1500LIVER ACQUISITIONS
735,A000000,01600,00000,1600HEART ACQUISITIONS
735,A000000,01700,00000,1700PANCREAS ACQUISITIONS
735,A000000,01800,00000,1800LUNG ACQUISITIONS
735,A000000,01900,00000,1900OTHER ACQUISITIONS
735,A000000,02100,00000,2100RESEARCH
735,A000000,02200,00000,2200BLOOD BANK
735,A000000,02300,00000,2300LABORATORY-NON-TISSUE TYPING
735,A000000,02400,00000,2400DIALYSIS UNITS
735,A000000,02500,00000,2500OTHER NON-REIMBURSABLE
735,A100000,01700,00000,OTHER ADM &GENERAL
735,A100000,01800,00000,FACILITIES RENTALS
735,A100000,01900,00000,MANPOWER SERVICES
735,A100000,01901,00000,POSTAGE
735,A300000,00600,00000,MISC
735,A300000,00700,00000,LAB SUPPLIES
735,A300000,00800,00000,TRAVEL  MTG
735,A300000,00900,00000,INSTITUTION MEMBERSHIP
735,A500010,01500,00000,OTHER REVENUE
735,A500010,01500,00100,B
735,A500010,01500,00300,TISSUE TYPING LABORATORY
735,A51000A,00100,00100,N
735,A60000C,00500,00100,N
735,B10000*,00100,00200,CAP BLDG
735,B10000*,00100,00300,CAP COSTS
735,B10000*,00100,00400,EMPLOYEE
735,B10000*,00100,00500,MEDICAL
735,B10000*,00100,00800,ORGAN
735,B10000*,00100,01000,ADMIN &
735,B10000*,00200,00200,OP PLANT &
735,B10000*,00200,00300,MOVABLE
735,B10000*,00200,00400,BENEFITS
735,B10000*,00200,00500,SUPPLIES
735,B10000*,00200,00800,ACQUISITN
735,B10000*,00200,01000,GENERAL
735,B10000*,00300,00200,HOUSEKEEP
735,B10000*,00300,00300,EQUIPMENT
735,B10000*,00300,00800,COSTS
735,B10000*,00400,00200,SQUARE
735,B10000*,00400,00300,DOLLAR
735,B10000*,00400,00400,ADJUST
735,B10000*,00400,00500,COSTED
735,B10000*,00400,00800,NUMBER
735,B10000*,00400,01000,ACCUM
735,B10000*,00500,00200,FEET
735,B10000*,00500,00300,VALUE
735,B10000*,00500,00400,SALARIES
735,B10000*,00500,00500,REQUISIT
735,B10000*,00500,00800,ORGANS
735,B10000*,00500,01000,COSTS
735,B10000*,00600,00200,1
735,B10000*,00600,00300,2
735,B10000*,00600,00400,3
735,B10000*,00600,00500,3
735,B10000*,00600,00800,3
735,B10000*,00600,01000,3
735,B100000,00000,01000,X
735,E200000,02000,00000,DUE FROM MEDICARE
735,S000000,00100,00100,X
735,S000000,00400,00100,1
735,S000000,00500,00100,12/02/2024
735,S000000,00600,00100,10001
735,S000000,00700,00100,N
735,S000000,00800,00100,N
735,S000000,01000,00100,4
735,S000001,00100,00100,MARYLAND REGIONAL TISSUE TYPING
735,S000001,00100,00200,21HL01
735,S000001,00101,00100,2041 EAST MONUMNET STREET
735,S000001,00102,00100,BALTIMORE
735,S000001,00102,00200,MD
735,S000001,00102,00300,21205
735,S000001,00300,00100,07/01/2023
735,S000001,00300,00200,06/30/2024
735,S000001,00400,00100,8
735,S000001,00400,00300,2
735,S000001,00400,00400,03/30/1979
735,S000001,00401,00300,1
735,S000002,00100,00200,Y
735,S000002,00300,00100,EXECUTIVE DIRECTOR  FINANCIAL OPERAT
735,S000002,00400,00100,11/26/2024
735,S100001,00700,00100,N
735,S100001,00810,00000,OTHER
735,S100002,00400,00100,CLASS I TYPING
735,S100002,00401,00100,CLASS II TYPING
735,S100002,00402,00100,PRELIMINARY XM
735,S100002,00403,00100,T & B CELL CROSSMATCH
735,S100002,00404,00100,HLA ANTIBODY SCREEN- CLASS I
735,S100002,00405,00100,HLA ANTIBODY SCREEN - CLASS II
735,S100002,00406,00100,FLOW CYTOMETRIC CROSSMATCH
735,S100002,00407,00100,STAT FEE-CROSSMATCH
735,S100002,00408,00100,CADAVER TYPING
735,S100002,00409,00100,CLASS II HIGH RESOLUTION TYPING
735,S100002,00410,00100,CLASS I HIGH RESOLUTION TYPING
735,S100002,00411,00100,SPECIMEN PROCESSING/STORAGE
735,S100002,00412,00100,STAT FEE- CADAVER DONOR TYPING
735,S100002,00413,00100,DONOR CANCELLATION FEE
735,S100002,00414,00100,A-LOCUS HIGH RESOLUTION TYPING
735,S100002,00415,00100,B-LOCUS HIGH RESOLUTION TYPING
735,S100002,00416,00100,C-LOCUS HIGH RESOLUTION TYPING
735,S100002,00417,00100,DR-LOCUS HIGH RESOLUTION TYPING
735,S100002,00418,00100,DQ-LOCUS HIGH RESOLUTION TYPING
735,S100002,00419,00100,DP-LOCUS HIGH RESOLTION TYPING
735,S100002,00420,00100,MICA-LOCUS HIGH RESOLTION TYPING
735,S100002,00421,00100,CLASS I HLA - A & B DNA TYPING
735,S100002,00422,00100,ANTIBODY SCREEN A*B
735,S100002,00423,00100,KIR DNA TYPING
735,S100002,00424,00100,TETRAMERS
735,S100002,00425,00100,VERIFICATION TYPING
735,S100002,00426,00100,UNREGULATED
735,S100003,00100,00100,MEDICAL DIRECTOR
735,S100003,00100,00300,MEDICAL DIRECTOR
735,S100003,00100,00500,LAB DIRECTOR
735,S100003,00101,00100,EXEC. DIRECTOR
735,S100003,00101,00300,PROCUREMENT COORDINATOR
735,S100003,00101,00500,TECHNICIANS
735,S100003,00102,00100,CLERICAL
735,S100003,00102,00300,PRESERVATION TECHNICIANS
735,S100003,00102,00500,TISSUE TYPING TECH.
735,S100003,00103,00100,ADMINISTRATIVE
735,S100003,00103,00300,OTHER
735,S100003,00103,00500,OTHER
735,S200000,00100,00100,N
735,S200000,00200,00100,N
735,S200000,00300,00100,N
735,S200000,00400,00100,N
735,S200000,00500,00100,N
735,S200000,00600,00300,MANAGER
735,S200000,00700,00100,JOHNS HOPKINS UNIVERSITY
736,A000000,00100,00000,0100CAPITAL COSTS-BLDG & FIXT
736,A000000,00200,00000,0200CAPITAL COSTS-MVBLE EQUIPMENT
736,A000000,00300,00000,0300EMPLOYEE BENEFITS
736,A000000,00400,00000,0400ADMINISTRATIVE & GENERAL
736,A000000,00500,00000,0500OPERATION AND MAINTENANCE OF PLANT
736,A000000,00600,00000,0600HOUSEKEEPING
736,A000000,00700,00000,0700MEDICAL SUPPLIES
736,A000000,00800,00000,0800OTHER OVERHEAD
736,A000000,00900,00000,0900PROCUREMENT COORDINATORS
736,A000000,01000,00000,1000PROFESSIONAL EDUCATION
736,A000000,01100,00000,1100PUBLIC EDUCATION
736,A000000,01200,00000,1200OTHER ACQUISITION
736,A000000,01300,00000,1300KIDNEY ACQUISITIONS
736,A000000,01400,00000,1400TISSUE TYPING LABORATORY
736,A000000,01500,00000,1500LIVER ACQUISITIONS
736,A000000,01600,00000,1600HEART ACQUISITIONS
736,A000000,01700,00000,1700PANCREAS ACQUISITIONS
736,A000000,01800,00000,1800LUNG ACQUISITIONS
736,A000000,01900,00000,1900OTHER ACQUISITIONS
736,A000000,02100,00000,2100RESEARCH
736,A000000,02200,00000,2200BLOOD BANK
736,A000000,02300,00000,2300LABORATORY-NON-TISSUE TYPING
736,A000000,02400,00000,2400DIALYSIS UNITS
736,A000000,02500,00000,2500OTHER NON-REIMBURSABLE
736,A100000,01700,00000,DEPRECIATION
736,A100000,01800,00000,FACILITY OVERHEAD
736,A300000,00600,00000,MAINTENANCE AND OPERATION
736,A51000A,00100,00100,N
736,A60000C,00500,00100,N
736,B10000*,00100,00200,CAP BLDG
736,B10000*,00100,00300,CAP COSTS
736,B10000*,00100,00400,EMPLOYEE
736,B10000*,00100,00500,MEDICAL
736,B10000*,00100,00800,ORGAN
736,B10000*,00100,01000,ADMIN &
736,B10000*,00200,00200,OP PLANT &
736,B10000*,00200,00300,MOVABLE
736,B10000*,00200,00400,BENEFITS
736,B10000*,00200,00500,SUPPLIES
736,B10000*,00200,00800,ACQUISITN
736,B10000*,00200,01000,GENERAL
736,B10000*,00300,00200,HOUSEKEEP
736,B10000*,00300,00300,EQUIPMENT
736,B10000*,00300,00800,COSTS
736,B10000*,00400,00200,SQUARE
736,B10000*,00400,00300,DOLLAR
736,B10000*,00400,00400,ADJUST
736,B10000*,00400,00500,COSTED
736,B10000*,00400,00800,NUMBER
736,B10000*,00400,01000,ACCUM
736,B10000*,00500,00200,FEET
736,B10000*,00500,00300,VALUE
736,B10000*,00500,00400,SALARIES
736,B10000*,00500,00500,REQUISIT
736,B10000*,00500,00800,ORGANS
736,B10000*,00500,01000,COSTS
736,B10000*,00600,00200,1
736,B10000*,00600,00300,2
736,B10000*,00600,00400,3
736,B10000*,00600,00500,3
736,B10000*,00600,00800,3
736,B10000*,00600,01000,3
736,B100000,00000,01000,X
736,S000000,00100,00100,X
736,S000000,00400,00100,1
736,S000000,00500,00100,12/02/2024
736,S000000,00600,00100,10001
736,S000000,00700,00100,N
736,S000000,00800,00100,N
736,S000000,01000,00100,4
736,S000001,00100,00100,BCM EVALUATION LAB
736,S000001,00100,00200,45HL13
736,S000001,00101,00100,ONE BAYLOR PLAZA  MS BCM504
736,S000001,00102,00100,HOUSTON
736,S000001,00102,00200,TX
736,S000001,00102,00300,77030
736,S000001,00300,00100,07/01/2023
736,S000001,00300,00200,06/30/2024
736,S000001,00400,00100,2
736,S000001,00400,00300,2
736,S000001,00400,00400,11/30/2011
736,S000001,00401,00300,1
736,S000002,00300,00100,ASSOCIATE PROFESSOR AND LAB DIRECTOR
736,S100001,00700,00100,N
736,S100001,00810,00000,OTHER
736,S100002,00400,00100,ABO  RH
736,S100002,00401,00100,HLA A  B  C
736,S100002,00402,00100,HLA DR  DQ  DP
736,S100002,00403,00100,AHG?PRA
736,S100002,00404,00100,FLOW?PRA ( C I   C II )
736,S100002,00405,00100,FLOW? PRA (TREATED SERUM  C I  C II)
736,S100002,00406,00100,CROSS MATCHES (AUTO  AHG  T&B  FLOW)
736,S100002,00407,00100,ANTIBODY IDENTIFICATION ( C I  C II)
736,S100002,00408,00100,ANTIBODY IDENTIFICATION TITRATION (C
736,S100002,00409,00100,ANTIBODY IDENTIFICATION (TREATED SE
736,S100002,00410,00100,ANTIBODY IDENTIFICATION TITRATION (T
736,S100002,00411,00100,C1Q
736,S100003,00100,00100,MEDICAL DIRECTOR
736,S100003,00100,00300,MEDICAL DIRECTOR
736,S100003,00100,00500,LAB DIRECTOR
736,S100003,00101,00100,EXEC. DIRECTOR
736,S100003,00101,00300,PROCUREMENT COORDINATOR
736,S100003,00101,00500,TECHNICIANS
736,S100003,00102,00100,CLERICAL
736,S100003,00102,00300,PRESERVATION TECHNICIANS
736,S100003,00102,00500,TISSUE TYPING TECH.
736,S100003,00103,00100,OTHER
736,S100003,00103,00300,OTHER
736,S100003,00103,00500,OTHER
736,S200000,00100,00100,N
736,S200000,00200,00100,N
736,S200000,00300,00100,N
736,S200000,00400,00100,N
736,S200000,00500,00100,Y
736,S200000,00600,00300,ASSOCIATE PROFESSOR AND LAB DIRECTOR
736,S200000,00700,00100,BAYLOR COLLEGE OF MEDICINE
737,A000000,00100,00000,0100CAPITAL COSTS-BLDG & FIXT
737,A000000,00200,00000,0200CAPITAL COSTS-MVBLE EQUIPMENT
737,A000000,00300,00000,0300EMPLOYEE BENEFITS
737,A000000,00400,00000,0400ADMINISTRATIVE & GENERAL
737,A000000,00500,00000,0500OPERATION AND MAINTENANCE OF PLANT
737,A000000,00600,00000,0600HOUSEKEEPING
737,A000000,00700,00000,0700MEDICAL SUPPLIES
737,A000000,00800,00000,0800OTHER OVERHEAD
737,A000000,00900,00000,0900PROCUREMENT COORDINATORS
737,A000000,01000,00000,1000PROFESSIONAL EDUCATION
737,A000000,01100,00000,1100PUBLIC EDUCATION
737,A000000,01200,00000,1200OTHER ACQUISITION
737,A000000,01300,00000,1300KIDNEY ACQUISITIONS
737,A000000,01400,00000,1400TISSUE TYPING LABORATORY
737,A000000,01500,00000,1500LIVER ACQUISITIONS
737,A000000,01600,00000,1600HEART ACQUISITIONS
737,A000000,01700,00000,1700PANCREAS ACQUISITIONS
737,A000000,01800,00000,1800LUNG ACQUISITIONS
737,A000000,01900,00000,1900OTHER ACQUISITIONS
737,A000000,02100,00000,2100RESEARCH
737,A000000,02200,00000,2200BLOOD BANK
737,A000000,02300,00000,2300LABORATORY-NON-TISSUE TYPING
737,A000000,02400,00000,2400DIALYSIS UNITS
737,A000000,02500,00000,2500OTHER NON-REIMBURSABLE
737,A100000,01700,00000,DONOR FAMILY SERVICES
737,A100000,01800,00000,HUMAN RESOURCES
737,A100000,01900,00000,LEARNING & ORG DEVELOPMENT
737,A100000,01901,00000,QUALITY IMPROVEMENT
737,A100000,01902,00000,INFORMATION TECHNOLOGY
737,A100000,01903,00000,BUSINESS MEETINGS
737,A100000,01904,00000,DUES & ACCREDIATION FEES
737,A100000,01905,00000,MEDICAL RECORDS STORAGE
737,A100000,01906,00000,POSTAGE
737,A100000,01907,00000,PRINTING & PHOTOCOPIES
737,A100000,01908,00000,PROFESSIONAL FEES
737,A100000,01909,00000,RECRUITING COSTS
737,A100000,01910,00000,REPAIRS & MAINTENANCE BUILDING
737,A100000,01911,00000,REPAIRS & MAINENANCE OTHER
737,A100000,01912,00000,DEPRECIATION
737,A20H000,00900,00000,OTHER HOSPITAL STAY EXPENSES
737,A20H000,00901,00000,HOSPTIAL CASE RATES
737,A20H000,02100,00000,PERFUSON
737,A20H000,02101,00000,FUNERAL HOME
737,A20H000,02102,00000,HEART OFFER ADMIN
737,A20K000,00900,00000,OTHER HOSPITAL STAY EXPENSES
737,A20K000,00901,00000,HOSPITAL CASE RATES
737,A20K000,02100,00000,PERFURSION
737,A20K000,02101,00000,KIDNEY PUMPING
737,A20K000,02102,00000,FUNERAL HOME
737,A20L000,00900,00000,OTHER HOSPITAL STAY EXPENSES
737,A20L000,00901,00000,HOSPITALCASE RATES
737,A20L000,02100,00000,PERFUSION
737,A20L000,02101,00000,FUNERAL HOME COSTS
737,A20P000,00900,00000,OTHER HOSPITAL STAY EXPENSES
737,A20P000,00901,00000,HOSPITAL CASE RATES
737,A20P000,02100,00000,FUNERAL HOME
737,A20P000,02101,00000,PERFUSION
737,A20U000,00900,00000,OTHER HOSPITAL STAY EXPENSES
737,A20U000,00901,00000,HOSPITAL CASE RATES
737,A20U000,02100,00000,PERFUSION
737,A20U000,02102,00000,FUNERAL HOME
737,A400010,00100,00000,RECLASSIFICATIONS
737,A400010,00100,00100,A
737,A400010,00100,00200,CAPITAL COSTS-BLDG & FIXT
737,A400010,00100,00500,ADMINISTRATIVE & GENERAL
737,A400010,00200,00000,RECLASSIFICATIONS
737,A400010,00200,00100,A
737,A400010,00200,00200,CAPITAL COSTS-BLDG & FIXT
737,A400010,00200,00500,ADMINISTRATIVE & GENERAL
737,A400010,00300,00000,RECLASSIFICATIONS
737,A400010,00300,00100,A
737,A400010,00300,00200,CAPITAL COSTS-BLDG & FIXT
737,A400010,00300,00500,ADMINISTRATIVE & GENERAL
737,A400010,00400,00000,RECLASSIFICATIONS
737,A400010,00400,00100,A
737,A400010,00400,00200,CAPITAL COSTS-BLDG & FIXT
737,A400010,00400,00500,ADMINISTRATIVE & GENERAL
737,A400010,00500,00000,RECLASSIFICATIONS
737,A400010,00500,00100,A
737,A400010,00500,00200,CAPITAL COSTS-BLDG & FIXT
737,A400010,00500,00500,ADMINISTRATIVE & GENERAL
737,A400010,00600,00000,RECLASSIFICATIONS
737,A400010,00600,00100,A
737,A400010,00600,00200,OTHER NON-REIMBURSABLE
737,A400010,00600,00500,ADMINISTRATIVE & GENERAL
737,A400010,00700,00000,RECLASSIFICATIONS
737,A400010,00700,00100,A
737,A400010,00700,00200,PUBLIC EDUCATION
737,A400010,00700,00500,ADMINISTRATIVE & GENERAL
737,A400010,00800,00000,RECLASSIFICATIONS
737,A400010,00800,00100,A
737,A400010,00800,00200,OTHER NON-REIMBURSABLE
737,A400010,00800,00500,PROCUREMENT COORDINATORS
737,A500010,00200,00100,B
737,A500010,00200,00300,PROCUREMENT COORDINATORS
737,A500010,00700,00100,B
737,A500010,00700,00300,CAPITAL COSTS-BLDG & FIXT
737,A500010,00800,00100,B
737,A500010,00800,00300,PROCUREMENT COORDINATORS
737,A500010,00900,00100,B
737,A500010,00900,00300,PUBLIC EDUCATION
737,A500010,01000,00100,B
737,A500010,01000,00300,PROFESSIONAL EDUCATION
737,A500010,01400,00100,B
737,A500010,01400,00300,PROCUREMENT COORDINATORS
737,A500010,01500,00000,CONTRIBUTIONS DONOR MEMORIAL
737,A500010,01500,00100,B
737,A500010,01500,00300,ADMINISTRATIVE & GENERAL
737,A500010,01600,00000,AOPO DUES
737,A500010,01600,00100,A
737,A500010,01600,00300,ADMINISTRATIVE & GENERAL
737,A500010,01601,00000,FUNDRAISING EXPENSES
737,A500010,01601,00100,A
737,A500010,01601,00300,PUBLIC EDUCATION
737,A500010,01602,00000,PRO ED EXPENSES NOT ALLOWED
737,A500010,01602,00100,A
737,A500010,01602,00300,PROFESSIONAL EDUCATION
737,A500010,01603,00000,KIDNEY SURGEON FEES NOT ALLOWED
737,A500010,01603,00100,A
737,A500010,01603,00300,KIDNEY ACQUISITIONS
737,A500010,01604,00000,FUNERAL HOME EXPENSES
737,A500010,01604,00100,A
737,A500010,01604,00300,KIDNEY ACQUISITIONS
737,A500010,01605,00000,PUBLIC ED EXPENSES NOT ALLOWED
737,A500010,01605,00100,A
737,A500010,01605,00300,PUBLIC EDUCATION
737,A51000A,00100,00100,N
737,A60000A,00700,00000,FURNITURE
737,A60000A,00701,00000,OFFICE EQUIP
737,A60000A,00702,00000,SOFTWARE
737,A60000A,00703,00000,COMPUTER EQUIP
737,A60000A,00704,00000,MEDICAL EQUIP
737,A60000A,00705,00000,BLDG IMPRV
737,A60000A,00706,00000,TENANT IMPRV
737,A60000B,00800,00000,FURNITURE
737,A60000B,00801,00000,OFFICE EQIUP
737,A60000B,00802,00000,SOFTWARE
737,A60000B,00803,00000,COMP EQUIP
737,A60000B,00804,00000,MEDICAL EQIUP
737,A60000B,00805,00000,TENANT IMPROVEMENTS
737,A60000C,00500,00100,N
737,B10000*,00100,00200,CAP BLDG
737,B10000*,00100,00300,CAP COSTS
737,B10000*,00100,00400,EMPLOYEE
737,B10000*,00100,00500,MEDICAL
737,B10000*,00100,00800,ORGAN
737,B10000*,00100,01000,ADMIN &
737,B10000*,00200,00200,OP PLANT &
737,B10000*,00200,00300,MOVABLE
737,B10000*,00200,00400,BENEFITS
737,B10000*,00200,00500,SUPPLIES
737,B10000*,00200,00800,ACQUISITN
737,B10000*,00200,01000,GENERAL
737,B10000*,00300,00200,HOUSEKEEP
737,B10000*,00300,00300,EQUIPMENT
737,B10000*,00300,00800,COSTS
737,B10000*,00400,00200,SQUARE
737,B10000*,00400,00300,DOLLAR
737,B10000*,00400,00400,ADJUST
737,B10000*,00400,00500,COSTED
737,B10000*,00400,00800,NUMBER
737,B10000*,00400,01000,ACCUM
737,B10000*,00500,00200,FEET
737,B10000*,00500,00300,VALUE
737,B10000*,00500,00400,SALARIES
737,B10000*,00500,00500,REQUISIT
737,B10000*,00500,00800,ORGANS
737,B10000*,00500,01000,COSTS
737,B10000*,00600,00200,1
737,B10000*,00600,00300,2
737,B10000*,00600,00400,3
737,B10000*,00600,00500,3
737,B10000*,00600,00800,3
737,B10000*,00600,01000,3
737,B100000,00000,01000,X
737,E000000,00900,00000,OTHER CURRENT ASSETS
737,E000000,02600,00000,OTHER FIXED ASSETS
737,E000000,03900,00000,CUSTOMER DEPOSITS
737,E000000,04100,00000,TENANT SECURITY DEPOSITS
737,E200000,02000,00000,RESEARCH ONLY ORGANS
737,E200000,02100,00000,TISSUE REVENUE
737,E200000,02200,00000,OTHER INCOME
737,S000000,00100,00100,X
737,S000000,00400,00100,1
737,S000000,00500,00100,12/02/2024
737,S000000,00600,00100,10001
737,S000000,00700,00100,N
737,S000000,00800,00100,N
737,S000000,01000,00100,4
737,S000001,00100,00100,DONORCONNECT
737,S000001,00100,00200,46P001
737,S000001,00101,00100,6065 S FASHION BLVD SUITE 125
737,S000001,00102,00100,MURRAY
737,S000001,00102,00200,UT
737,S000001,00102,00300,84107
737,S000001,00300,00100,07/01/2023
737,S000001,00300,00200,06/30/2024
737,S000001,00400,00100,6
737,S000001,00400,00300,1
737,S000001,00400,00400,11/21/1987
737,S000001,00401,00300,1
737,S000002,00300,00100,CHIEF FINANCIAL OFFICER
737,S100001,00700,00100,N
737,S100001,00810,00000,AORTA & DTA
737,S100001,00811,00000,FEMORAL VEIN
737,S100001,00812,00000,SAPHENOUS VEIN
737,S100001,00813,00000,TISSUE FOR RESEARCH
737,S100001,00814,00000,SPINE
737,S100003,00100,00100,MEDICAL DIRECTOR
737,S100003,00100,00300,MEDICAL DIRECTOR
737,S100003,00100,00500,LAB DIRECTOR
737,S100003,00101,00100,EXEC. DIRECTOR
737,S100003,00101,00300,PROCUREMENT COORDINATOR
737,S100003,00101,00500,TECHNICIANS
737,S100003,00102,00100,CLERICAL
737,S100003,00102,00300,PRESERVATION TECHNICIANS
737,S100003,00102,00500,TISSUE TYPING TECH.
737,S100003,00103,00100,OTHER
737,S100003,00103,00300,OTHER
737,S100003,00103,00500,OTHER
737,S200000,00100,00100,N
737,S200000,00200,00100,N
737,S200000,00300,00100,N
737,S200000,00400,00100,Y
737,S200000,00400,00200,A
737,S200000,00400,00300,11/20/2024
737,S200000,00500,00100,N
737,S200000,00600,00300,CFO
737,S200000,00700,00100,DONORCONNECT
740,A000000,00100,00000,0100CAPITAL COSTS-BLDG & FIXT
740,A000000,00200,00000,0200CAPITAL COSTS-MVBLE EQUIPMENT
740,A000000,00300,00000,0300EMPLOYEE BENEFITS
740,A000000,00400,00000,0400ADMINISTRATIVE & GENERAL
740,A000000,00500,00000,0500OPERATION AND MAINTENANCE OF PLANT
740,A000000,00600,00000,0600HOUSEKEEPING
740,A000000,00700,00000,0700MEDICAL SUPPLIES
740,A000000,00800,00000,0800OTHER OVERHEAD
740,A000000,00900,00000,0900PROCUREMENT COORDINATORS
740,A000000,01000,00000,1000PROFESSIONAL EDUCATION
740,A000000,01100,00000,1100PUBLIC EDUCATION
740,A000000,01200,00000,1200FAMILY SERVICES
740,A000000,01300,00000,1300KIDNEY ACQUISITIONS
740,A000000,01400,00000,1400TISSUE TYPING LABORATORY
740,A000000,01500,00000,1500LIVER ACQUISITIONS
740,A000000,01600,00000,1600HEART ACQUISITIONS
740,A000000,01700,00000,1700PANCREAS ACQUISITIONS
740,A000000,01800,00000,1800LUNG ACQUISITIONS
740,A000000,01900,00000,1900SMALL BOWEL
740,A000000,02100,00000,2100RESEARCH
740,A000000,02200,00000,2200BLOOD BANK
740,A000000,02300,00000,2300LABORATORY-NON-TISSUE TYPING
740,A000000,02400,00000,2400DIALYSIS UNITS
740,A000000,02500,00000,2500TISSUE
740,A100000,01700,00000,FINANCE DEPARTMENT
740,A100000,01800,00000,HUMAN RESOURCES
740,A100000,01900,00000,QUALITY SYSTEMS
740,A100000,01903,00000,BANK CHARGES
740,A100000,01904,00000,ADP CHARGES
740,A100000,01905,00000,DUES AND SUBSCRIPTIONS
740,A100000,01906,00000,REPAIRS  MAINTENANCE AND LEASES
740,A100000,01907,00000,EXPENSED ASSETS
740,A100000,01908,00000,STATLINE ANSWERING SERVICE
740,A100000,01910,00000,NON-REIMBURSABLE
740,A100000,01911,00000,PERSONAL EXPENSE
740,A100000,01912,00000,CONTRACT SERVICES
740,A100000,01913,00000,AUTOMOBILE EXPENSES
740,A100000,01914,00000,POTENTIAL DONOR EXPENSE
740,A20H000,00900,00000,OTHER HOSPITAL COSTS
740,A20H000,00901,00000,RADIOLOGY
740,A20H000,00902,00000,CARDIOLOGY
740,A20H000,02100,00000,PATHOLOGY
740,A20H000,02101,00000,HEART CATHETER
740,A20H000,02102,00000,VENUS CATHETER
740,A20H000,02103,00000,ECHOS
740,A20H000,02104,00000,EKGS
740,A20H000,02105,00000,CHEST XRAY
740,A20H000,02106,00000,SEROLOGY
740,A20H000,02107,00000,PATHOLOGY AND BIOPSY
740,A20K000,00900,00000,OTHER HOSPITAL COSTS
740,A20K000,00901,00000,RADIOLOGY
740,A20K000,00902,00000,CARDIOLOGY
740,A20K000,02100,00000,VENS CATHETER
740,A20K000,02101,00000,CHEST XRAY
740,A20K000,02102,00000,SEROLOGY
740,A20K000,02103,00000,PATHGOLOGY AND BIOPSY
740,A20K000,02104,00000,KIDNEY PERFUSION
740,A20L000,00900,00000,OTHER HOSPITAL COSTS
740,A20L000,00901,00000,RADIOLOGY
740,A20L000,00902,00000,CARDIOLOGY
740,A20L000,02100,00000,OTHER LIVER COSTS
740,A20L000,02101,00000,HEART CATHETER
740,A20L000,02102,00000,VENUS CATHETER
740,A20L000,02103,00000,CHEST XRAY
740,A20L000,02104,00000,SEROLOGY
740,A20L000,02105,00000,PATHOLOGY AND BIOPSY
740,A20O000,00900,00000,OTHER HOSPITAL COSTS
740,A20O000,00901,00000,RADIOLOGY
740,A20O000,00902,00000,CARDIOLOGY
740,A20O000,02100,00000,SEROLOGY
740,A20O000,02101,00000,VENUS CATHETER
740,A20O000,02102,00000,CHEST X-RAY
740,A20P000,00900,00000,OTHER HOSPITAL COSTS
740,A20P000,00901,00000,RADIOLOGY
740,A20P000,00902,00000,CARDIOLOGY
740,A20P000,02100,00000,SEROLOGY
740,A20P000,02101,00000,VENUS CATHETER
740,A20P000,02102,00000,CHEST XRAY
740,A20U000,00900,00000,OTHER HOSPITAL COSTS
740,A20U000,00901,00000,RADIOLOGY
740,A20U000,00902,00000,CARDIOLOGY
740,A20U000,02100,00000,BRONCHOSCOPY
740,A20U000,02101,00000,PATHOLOGY
740,A20U000,02102,00000,VENUS CATHETER
740,A20U000,02103,00000,RADIOLOGY
740,A300000,00600,00000,CONSULTANT LAB DIRECTOR
740,A300000,00700,00000,CONTRACT TECHS
740,A300000,00800,00000,EMPLOYEE BENEFITS
740,A300000,00900,00000,EMPLOYEE TAXES
740,A300000,01000,00000,TRAVEL  MEETINGS & SEMINARS
740,A300000,01001,00000,CONTRACT SERVICES
740,A300000,01002,00000,COMMUNICATION
740,A300000,01003,00000,OFFICE SUPPLIES
740,A300000,01004,00000,DISPOSABLE SUPPLIES
740,A300000,01005,00000,DUES & MEMBERSHIPS
740,A300000,01006,00000,OTHER
740,A400010,00100,00000,TISSUE OVERHEAD RECLASS
740,A400010,00100,00100,A
740,A400010,00100,00200,TISSUE
740,A400010,00100,00500,PROCUREMENT COORDINATORS
740,A400010,00200,00000,TISSUE OVERHEAD RECLASS
740,A400010,00200,00100,A
740,A400010,00200,00200,TISSUE
740,A400010,00200,00500,PROFESSIONAL EDUCATION
740,A400010,00300,00000,TISSUE OVERHEAD RECLASS
740,A400010,00300,00100,A
740,A400010,00300,00200,TISSUE
740,A400010,00300,00500,PUBLIC EDUCATION
740,A500010,01200,00300,ADMINISTRATIVE & GENERAL
740,A500010,01500,00000,LOBBYING EXPENSE
740,A500010,01500,00100,A
740,A500010,01500,00300,ADMINISTRATIVE & GENERAL
740,A500010,01600,00000,RESEARCH INCOME
740,A500010,01600,00100,B
740,A500010,01600,00300,PROCUREMENT COORDINATORS
740,A500010,01601,00000,MISCELLANEOUS INCOME
740,A500010,01601,00100,B
740,A500010,01601,00300,ADMINISTRATIVE & GENERAL
740,A500010,01602,00000,NON-REIMBURSABLE EXPENSES
740,A500010,01602,00100,A
740,A500010,01602,00300,ADMINISTRATIVE & GENERAL
740,A51000A,00100,00100,N
740,A60000A,00700,00000,LEASEHOLD IMPROVEMENTS
740,A60000B,00800,00000,LEASEHOLD IMPROVEMENTS
740,A60000C,00500,00100,N
740,B10000*,00100,00200,CAP BLDG
740,B10000*,00100,00300,CAP COSTS
740,B10000*,00100,00400,EMPLOYEE
740,B10000*,00100,00500,MEDICAL
740,B10000*,00100,00800,ORGAN
740,B10000*,00100,01000,ADMIN &
740,B10000*,00200,00200,OP PLANT &
740,B10000*,00200,00300,MOVABLE
740,B10000*,00200,00400,BENEFITS
740,B10000*,00200,00500,SUPPLIES
740,B10000*,00200,00800,ACQUISITN
740,B10000*,00200,01000,GENERAL
740,B10000*,00300,00200,HOUSEKEEP
740,B10000*,00300,00300,EQUIPMENT
740,B10000*,00300,00800,COSTS
740,B10000*,00400,00200,SQUARE
740,B10000*,00400,00300,DOLLAR
740,B10000*,00400,00400,ADJUST
740,B10000*,00400,00500,COSTED
740,B10000*,00400,00800,NUMBER
740,B10000*,00400,01000,ACCUM
740,B10000*,00500,00200,FEET
740,B10000*,00500,00300,VALUE
740,B10000*,00500,00400,SALARIES
740,B10000*,00500,00500,REQUISIT
740,B10000*,00500,00800,ORGANS
740,B10000*,00500,01000,COSTS
740,B10000*,00600,00200,1
740,B10000*,00600,00300,2
740,B10000*,00600,00400,3
740,B10000*,00600,00500,3
740,B10000*,00600,00800,3
740,B10000*,00600,01000,3
740,B100000,00000,01000,X
740,E000000,00900,00000,OTHER ASSETS
740,E000000,02600,00000,OTHER FIXED ASSETS
740,E000000,03900,00000,CREDIT CARDS
740,E000000,04100,00000,OTHER CURRENT LIABILITES
740,E000000,04600,00000,ROU OPERATING LEASE LIABILITY
740,E100001,00700,00000,TISSUE PROCUREMENT
740,E100001,00800,00000,RESEARCH REVENUE
740,E100001,00900,00000,MEDICARE
740,E100002,00800,00000,ROUNDING
740,E200000,01500,00000,GRANTS
740,E200000,01600,00000,DONATIONS
740,E200000,01700,00000,MISCELLANEOUS
740,E200000,01800,00000,UNREALIZED GAIN(LOSS) ON INVESTMENTS
740,E200000,01900,00000,OTHER GRANT - FEDEX
740,E200000,02000,00000,MEDICARE REVENUE
740,E200000,02100,00000,GAIN ON SALE OF ASSETS
740,S000000,00100,00100,X
740,S000000,00400,00100,5
740,S000000,00500,00100,12/20/2024
740,S000000,00600,00100,10001
740,S000000,00700,00100,N
740,S000000,00800,00100,N
740,S000000,01000,00100,4
740,S000001,00100,00100,44HL02
740,S000001,00100,00200,44P003
740,S000001,00101,00100,8001 CENTERVIEW PKWY  STE 302
740,S000001,00102,00100,CORDOVA
740,S000001,00102,00200,TN
740,S000001,00102,00300,38018
740,S000001,00200,00100,MID-SOUTH TRANSPLANT FOUNDATION  INC
740,S000001,00200,00200,44HL02
740,S000001,00201,00100,8001 CENTERVIEW PKWY  STE 302
740,S000001,00202,00100,CORDOVA
740,S000001,00202,00200,TN
740,S000001,00202,00300,38018
740,S000001,00300,00100,01/01/2023
740,S000001,00300,00200,12/31/2023
740,S000001,00400,00100,6
740,S000001,00400,00300,1
740,S000001,00400,00400,04/01/1976
740,S000001,00401,00100,6
740,S000001,00401,00300,2
740,S000001,00401,00400,01/01/1979
740,S000002,00100,00200,Y
740,S000002,00300,00100,EXECUTIVE DIRECTOR
740,S000002,00400,00100,12/19/2024
740,S100001,00700,00100,N
740,S100001,00810,00000,SMALL BOWEL
740,S100001,00811,00000,OTHER(VEINS  PERICARDIUM  VERTEBRAL
740,S100002,00400,00100,CLASS 1 & 2 QPCR TYPING KIDNEY
740,S100002,00401,00100,CLASS 1 & 2 QPCR TYPING KIDNEY - ARO
740,S100002,00402,00100,LUMINEX CLASS 1 PRA/AB ID KIDNEY
740,S100002,00403,00100,LUMINEX CLASS 2 PRA/AB ID KIDNEY
740,S100002,00404,00100,LUMINEX CLASS 1 HIGH DEF KIDNEY
740,S100002,00405,00100,LUMINEX CLASS 2 HIGH DEF KIDNEY
740,S100002,00406,00100,LUMINEX CLASS 1 HIGH DEF - C3D KIDNE
740,S100002,00407,00100,LUMINEX CLASS 2 HIGH DEF - C3D KIDNE
740,S100002,00408,00100,FLOW T-CELL IGG CROSSMATCH KIDNEY
740,S100002,00409,00100,FLOW B-CELL IGG CROSSMATCH KIDNEY
740,S100002,00410,00100,LOCAL DONOR TYPING
740,S100002,00411,00100,LOCAL DONOR TYPING - ARORA
740,S100002,00412,00100,DNA EXTRACTION-ARORA
740,S100002,00413,00100,CELL PROCESSING & FREEZING-APOLLO
740,S100002,00414,00100,DNA EXTRACTION-APOLLO
740,S100002,00415,00100,FACILITATION-APOLLO
740,S100002,00416,00100,STAT TESTING FEE
740,S100002,00417,00100,SERUM PROCESS & ARCHIVE W/ NO TESTIN
740,S100003,00100,00100,MEDICAL DIRECTOR
740,S100003,00100,00300,MEDICAL DIRECTOR
740,S100003,00100,00500,LAB DIRECTOR
740,S100003,00101,00100,EXEC. DIRECTOR
740,S100003,00101,00300,PROCUREMENT COORDINATOR
740,S100003,00101,00500,TECHNICIANS
740,S100003,00102,00100,CLERICAL
740,S100003,00102,00300,PRESERVATION TECHNICIANS
740,S100003,00102,00500,TISSUE TYPING TECH.
740,S100003,00103,00100,OTHER
740,S100003,00103,00300,OTHER
740,S100003,00103,00500,OTHER
740,S200000,00100,00100,N
740,S200000,00200,00100,N
740,S200000,00300,00100,N
740,S200000,00400,00100,Y
740,S200000,00400,00200,A
740,S200000,00500,00100,N
740,S200000,00600,00300,EXECUTIVE DIRECTOR
740,S200000,00700,00100,MIDSOUTH TRANSPLANT FOUNDATION
741,A000000,00100,00000,0100CAPITAL COSTS-BLDG & FIXT
741,A000000,00200,00000,0200CAPITAL COSTS-MVBLE EQUIPMENT
741,A000000,00300,00000,0300EMPLOYEE BENEFITS
741,A000000,00400,00000,0400ADMINISTRATIVE & GENERAL
741,A000000,00500,00000,0500OPERATION AND MAINTENANCE OF PLANT
741,A000000,00600,00000,0600HOUSEKEEPING
741,A000000,00700,00000,0700MEDICAL SUPPLIES
741,A000000,00800,00000,0800OTHER OVERHEAD
741,A000000,00900,00000,0900PROCUREMENT COORDINATORS
741,A000000,01000,00000,1000PROFESSIONAL EDUCATION
741,A000000,01100,00000,1100PUBLIC EDUCATION
741,A000000,01300,00000,1300KIDNEY ACQUISITIONS
741,A000000,01400,00000,1400TISSUE TYPING LABORATORY
741,A000000,01500,00000,1500LIVER ACQUISITIONS
741,A000000,01600,00000,1600HEART ACQUISITIONS
741,A000000,01700,00000,1700PANCREAS ACQUISITIONS
741,A000000,01800,00000,1800LUNG ACQUISITIONS
741,A000000,01900,00000,1900OTHER 1            (WKST A2 6 L 23
741,A000000,02100,00000,2100RESEARCH
741,A000000,02200,00000,2200BLOOD BANK
741,A000000,02300,00000,2300LABORATORY-NON-TISSUE TYPING
741,A000000,02400,00000,2400DIALYSIS UNITS
741,A100000,01700,00000,OTHER ADMIN & GENERAL
741,A300000,00600,00000,EQUIPMENT
741,A300000,00700,00000,SUPPLIES
741,A300000,00800,00000,OTHER
741,A300000,00900,00000,DONOR TISSUE TYPING
741,A51000A,00100,00100,Y
741,A51000B,00100,00200,ADMINISTRATIVE & GENERAL
741,A51000C,00100,00100,B
741,A51000C,00100,00200,TRANSPLANT IMMUNOLOGY LAB
741,A51000C,00100,00400,LIFELINK FOUNDATION
741,A51000C,00100,00600,TISSUE TYPING
741,A60000C,00500,00100,N
741,B10000*,00100,00200,CAP BLDG
741,B10000*,00100,00300,CAP COSTS
741,B10000*,00100,00400,EMPLOYEE
741,B10000*,00100,00500,MEDICAL
741,B10000*,00100,00800,ORGAN
741,B10000*,00100,01000,ADMIN &
741,B10000*,00200,00200,OP PLANT &
741,B10000*,00200,00300,MOVABLE
741,B10000*,00200,00400,BENEFITS
741,B10000*,00200,00500,SUPPLIES
741,B10000*,00200,00800,ACQUISITN
741,B10000*,00200,01000,GENERAL
741,B10000*,00300,00200,HOUSEKEEP
741,B10000*,00300,00300,EQUIPMENT
741,B10000*,00300,00800,COSTS
741,B10000*,00400,00200,SQUARE SQ.
741,B10000*,00400,00300,DOLLAR
741,B10000*,00400,00400,ADJUST
741,B10000*,00400,00500,COSTED REQ
741,B10000*,00400,00800,NO. OF ORG
741,B10000*,00400,01000,ACCUM
741,B10000*,00500,00200,FT.)
741,B10000*,00500,00300,VALUE
741,B10000*,00500,00400,SALARIES
741,B10000*,00500,00500,UIS
741,B10000*,00500,00800,ANS
741,B10000*,00500,01000,COSTS
741,B10000*,00600,00200,1
741,B10000*,00600,00300,2
741,B10000*,00600,00400,3
741,B10000*,00600,00500,3
741,B10000*,00600,00800,3
741,B10000*,00600,01000,3
741,B100000,00000,01000,X
741,E000000,00900,00000,OTHER CURRENT ASSETS
741,E000000,02600,00000,OTHER FIXED ASSETS
741,E100002,00300,00000,HOME OFFICE
741,E200000,01900,00000,MEDICARE RECEIVABLE
741,E200000,02600,00000,MEDICARE PAYABLE
741,S000000,00100,00100,X
741,S000000,00400,00100,5
741,S000000,00500,00100,01/09/2025
741,S000000,00600,00100,10001
741,S000000,00700,00100,N
741,S000000,00800,00100,N
741,S000000,01000,00100,4
741,S000001,00100,00100,LIFELINK TRANSPLANT IMMUNOLOGY LAB
741,S000001,00100,00200,10HL01
741,S000001,00101,00100,9661 DELANEY CREEK BOULEVARD
741,S000001,00102,00100,TAMPA
741,S000001,00102,00200,FL
741,S000001,00102,00300,33619
741,S000001,00300,00100,07/01/2023
741,S000001,00300,00200,06/30/2024
741,S000001,00400,00100,6
741,S000001,00400,00300,2
741,S000001,00400,00400,10/01/1999
741,S000001,00401,00300,2
741,S000002,00100,00200,Y
741,S000002,00300,00100,CFO
741,S000002,00400,00100,11/20/2024
741,S100001,00700,00100,N
741,S100001,00810,00000,OTHER
741,S100002,00400,00100,ABO & RH
741,S100002,00401,00100,AFTER HOURS STAT FEE
741,S100002,00402,00100,MAPS
741,S100002,00403,00100,FINAL CROSSMATCH - DECEASED DONOR
741,S100002,00404,00100,FINAL CROSSMATCH - LIVING RELATED
741,S100002,00405,00100,MOLECULAR HLA A B C DR DQ DP TYPING
741,S100002,00406,00100,HLA DECEASED DONOR TYPING-SHARED
741,S100002,00407,00100,HLA DR
741,S100002,00408,00100,PRELIMINARY EXTENSIVE CROSSMATCH
741,S100002,00409,00100,SPECIAL ANTIBODY CHARACTERIZATION I
741,S100002,00410,00100,SPECIAL ANTIBODY CHARACTERIZATIONII
741,S100002,00411,00100,INFECT DISEASE TEST INDIVID EIA ASSA
741,S100002,00412,00100,STAT FEE
741,S100002,00413,00100,C1Q CLASS II ANTIBODY IDENTIF
741,S100002,00414,00100,SUPPLEMENTAL CLASS II ANTIBODY IDEN
741,S100002,00415,00100,OUT OF COUNTRY MAILER
741,S100002,00416,00100,AT1R
741,S100002,00417,00100,CLASS I AND II ANTIBODY SCREENING
741,S100002,00418,00100,CLASS I ANITBODY-LUMINEX SIN
741,S100002,00419,00100,CLASS II ANTIBODY-LUNIMEX SI
741,S100002,00420,00100,DECEASED DONOR CELL STORAGE
741,S100002,00421,00100,HLA CLASS I/II ANTIBODY SCREENING
741,S100002,00422,00100,SERUM SAMPLE STORAGE AND PROCESSING
741,S100002,00423,00100,SUPPLEMENTAL CLASS I ANTIBODY
741,S100002,00424,00100,C1Q CLASS I ANTIBODY IDENTIF
741,S100002,00425,00100,AT 1R DILUTION
741,S100002,00426,00100,FINAL X MATCH DECEASED DONOR
741,S100002,00427,00100,FINAL X MATCH LIVING RELATED
741,S100002,00428,00100,MAILER KIT OUT OF COUNTRY
741,S100002,00429,00100,AAB
741,S100002,00430,00100,HLA HIGH RESOLUTION TYPING
741,S100003,00100,00100,MEDICAL DIRECTOR
741,S100003,00100,00300,MEDICAL DIRECTOR
741,S100003,00100,00500,LAB DIRECTOR
741,S100003,00101,00100,EXEC. DIRECTOR
741,S100003,00101,00300,PROCUREMENT COORDINATOR
741,S100003,00101,00500,TECHNICIANS
741,S100003,00102,00100,CLERICAL
741,S100003,00102,00300,PRESERVATION TECHNICIANS
741,S100003,00102,00500,TISSUE TYPING TECH.
741,S100003,00103,00100,OTHER
741,S100003,00103,00300,OTHER
741,S100003,00103,00500,OTHER
741,S200000,00100,00100,N
741,S200000,00200,00100,N
741,S200000,00300,00100,Y
741,S200000,00400,00100,Y
741,S200000,00400,00200,A
741,S200000,00500,00100,Y
741,S200000,00600,00300,DIRECTOR  FINANCE & ACCOUNTING
741,S200000,00700,00100,LIFELINK FOUNDATION
742,A000000,00100,00000,0100CAPITAL COSTS-BLDG & FIXT
742,A000000,00200,00000,0200CAPITAL COSTS-MVBLE EQUIPMENT
742,A000000,00300,00000,0300EMPLOYEE BENEFITS
742,A000000,00400,00000,0400ADMINISTRATIVE & GENERAL
742,A000000,00500,00000,0500OPERATION AND MAINTENANCE OF PLANT
742,A000000,00600,00000,0600HOUSEKEEPING
742,A000000,00700,00000,0700MEDICAL SUPPLIES
742,A000000,00800,00000,0800OTHER OVERHEAD
742,A000000,00900,00000,0900PROCUREMENT COORDINATORS
742,A000000,01000,00000,1000PROFESSIONAL EDUCATION
742,A000000,01100,00000,1100PUBLIC EDUCATION
742,A000000,01200,00000,1200OTHER ACQUISITION
742,A000000,01300,00000,1300KIDNEY ACQUISITIONS
742,A000000,01400,00000,1400TISSUE TYPING LABORATORY
742,A000000,01500,00000,1500LIVER ACQUISITIONS
742,A000000,01600,00000,1600HEART ACQUISITIONS
742,A000000,01700,00000,1700PANCREAS ACQUISITIONS
742,A000000,01800,00000,1800LUNG ACQUISITIONS
742,A000000,01900,00000,1900OTHER ACQUISITIONS
742,A000000,02100,00000,2100RESEARCH
742,A000000,02200,00000,2200BLOOD BANK
742,A000000,02300,00000,2300LABORATORY-NON-TISSUE TYPING
742,A000000,02400,00000,2400DIALYSIS UNITS
742,A000000,02500,00000,2500OTHER NON-REIMBURSABLE
742,A51000A,00100,00100,N
742,S000000,00100,00100,X
742,S000000,00400,00100,2
742,S000000,00500,00100,05/15/2024
742,S000000,00600,00100,10001
742,S000000,00700,00100,N
742,S000000,00800,00100,N
742,S000000,00900,00100,01/22/2025
742,S000000,01000,00100,4
742,S000001,00100,00100,VERSITI INDIANA  INC
742,S000001,00100,00200,15HL01
742,S000001,00101,00100,3450 N MERIDIAN ST
742,S000001,00101,00200,88273
742,S000001,00102,00100,INDIANAPOLIS
742,S000001,00102,00200,IN
742,S000001,00102,00300,46208
742,S000001,00300,00100,01/01/2023
742,S000001,00300,00200,12/31/2023
742,S000001,00400,00100,6
742,S000001,00400,00300,2
742,S000001,00400,00400,01/01/1997
742,S000001,00401,00300,1
742,S000002,00100,00200,Y
742,S000002,00300,00100,EVP & GENERAL COUNSEL
742,S000002,00400,00100,05/13/2024
742,S100001,00700,00100,N
742,S100001,00810,00000,OTHER
742,S100003,00100,00100,MEDICAL DIRECTOR
742,S100003,00100,00300,MEDICAL DIRECTOR
742,S100003,00100,00500,LAB DIRECTOR
742,S100003,00101,00100,EXEC. DIRECTOR
742,S100003,00101,00300,PROCUREMENT COORDINATOR
742,S100003,00101,00500,TECHNICIANS
742,S100003,00102,00100,CLERICAL
742,S100003,00102,00300,PRESERVATION TECHNICIANS
742,S100003,00102,00500,TISSUE TYPING TECH.
742,S100003,00103,00100,OTHER
742,S100003,00103,00300,OTHER
742,S100003,00103,00500,OTHER
742,S200000,00100,00100,N
742,S200000,00200,00100,N
742,S200000,00300,00100,N
742,S200000,00400,00100,N
742,S200000,00500,00100,N
743,A000000,00100,00000,0100CAPITAL COSTS-BLDG & FIXT
743,A000000,00200,00000,0200CAPITAL COSTS-MVBLE EQUIPMENT
743,A000000,00300,00000,0300EMPLOYEE BENEFITS
743,A000000,00400,00000,0400ADMINISTRATIVE & GENERAL
743,A000000,00500,00000,0500OPERATION AND MAINTENANCE OF PLANT
743,A000000,00600,00000,0600HOUSEKEEPING
743,A000000,00700,00000,0700MEDICAL SUPPLIES
743,A000000,00800,00000,0800OTHER OVERHEAD
743,A000000,00900,00000,0900PROCUREMENT COORDINATORS
743,A000000,01000,00000,1000PROFESSIONAL EDUCATION
743,A000000,01100,00000,1100PUBLIC EDUCATION
743,A000000,01200,00000,1200OTHER ACQUISITION
743,A000000,01201,00000,1201NO GO COSTS
743,A000000,01300,00000,1300KIDNEY ACQUISITIONS
743,A000000,01400,00000,1400TISSUE TYPING LABORATORY
743,A000000,01500,00000,1500LIVER ACQUISITIONS
743,A000000,01600,00000,1600HEART ACQUISITIONS
743,A000000,01700,00000,1700PANCREAS ACQUISITIONS
743,A000000,01800,00000,1800LUNG ACQUISITIONS
743,A000000,01900,00000,1900INTESTINE
743,A000000,01901,00000,1901VCA
743,A000000,02100,00000,2100RESEARCH
743,A000000,02200,00000,2200BLOOD BANK
743,A000000,02300,00000,2300LABORATORY-NON-TISSUE TYPING
743,A000000,02400,00000,2400DIALYSIS UNITS
743,A000000,02500,00000,2500OTHER NON-REIMBURSABLE
743,A000000,02501,00000,2501TISSUE PROCUREMENT
743,A000000,02502,00000,2502IOPO FOUNDATION
743,A000000,02503,00000,2503ARC RENTAL SPACE
743,A100000,01700,00000,QUALITY
743,A100000,01800,00000,MEDICARE NON-REIMBURSABLE
743,A20H000,00900,00000,ALL OTHER EXCISION HOSPITAL
743,A20H000,02100,00000,ALL OTHER ACQUISITION COSTS
743,A20K000,00900,00000,ADDITIONAL EXCISION COSTS
743,A20K000,02100,00000,OTHER ACQUISITION COST
743,A20L000,00900,00000,ALL OTHER EXCISION HOSPITAL
743,A20L000,02100,00000,ALL OTHER ACQUISITION COSTS
743,A20O000,00900,00000,ALL OTHER EXCISION HOSPITAL
743,A20O000,02100,00000,ALL OTHER ACQUISITION COSTS
743,A20P000,00900,00000,ALL OTHER EXCISION HOSPITAL
743,A20P000,02100,00000,ALL OTHER ACQUISITION COSTS
743,A20U000,00900,00000,ALL OTHER EXCISION HOSPITAL
743,A20U000,02100,00000,ALL OTHER ACQUISITION COSTS
743,A400010,00100,00000,ADMIN & GENERAL EE BENEFIT COSTS
743,A400010,00100,00100,B
743,A400010,00100,00200,ADMINISTRATIVE & GENERAL
743,A400010,00100,00500,EMPLOYEE BENEFITS
743,A400010,00200,00000,TISSUE OVERHEAD ALLOCATION
743,A400010,00200,00100,C
743,A400010,00200,00200,TISSUE PROCUREMENT
743,A400010,00200,00500,PUBLIC EDUCATION
743,A400010,00300,00000,TISSUE OVERHEAD ALLOCATION
743,A400010,00300,00100,C
743,A400010,00300,00500,OTHER ACQUISITION
743,A400010,00400,00000,DONATION COORDINATOR TISSUE TIME REC
743,A400010,00400,00100,D
743,A400010,00400,00200,TISSUE PROCUREMENT
743,A400010,00400,00500,PROCUREMENT COORDINATORS
743,A400010,00500,00000,ADMIN & GENERAL OCCUPANCY COST
743,A400010,00500,00100,E
743,A400010,00500,00200,ADMINISTRATIVE & GENERAL
743,A400010,00500,00500,CAPITAL COSTS-BLDG & FIXT
743,A400010,00600,00000,ADMIN & GENERAL OCCUPANCY COST
743,A400010,00600,00100,E
743,A400010,00600,00500,CAPITAL COSTS-MVBLE EQUIPMENT
743,A400010,00700,00000,ADMIN & GENERAL OCCUPANCY COST
743,A400010,00700,00100,E
743,A400010,00700,00500,OPERATION AND MAINTENANCE OF PLANT
743,A400010,00800,00000,VITAL LINK SALARY RECLASS
743,A400010,00800,00100,F
743,A400010,00800,00200,PROCUREMENT COORDINATORS
743,A400010,00800,00500,TISSUE PROCUREMENT
743,A400010,00900,00000,MOVEABLE EQUIPMENT DEPR RECLASS
743,A400010,00900,00100,H
743,A400010,00900,00200,CAPITAL COSTS-MVBLE EQUIPMENT
743,A400010,00900,00500,CAPITAL COSTS-BLDG & FIXT
743,A400010,01000,00000,MOVEABLE EQUIPMENT DEPR RECLASS
743,A400010,01000,00100,H
743,A400010,01000,00200,ADMINISTRATIVE & GENERAL
743,A400010,01100,00000,MINOR CAPITAL COST RECLASS
743,A400010,01100,00100,J
743,A400010,01100,00200,ADMINISTRATIVE & GENERAL
743,A400010,01100,00500,CAPITAL COSTS-MVBLE EQUIPMENT
743,A400010,01200,00000,SUPPLY CHAIN RECLASS
743,A400010,01200,00100,K
743,A400010,01200,00200,PROCUREMENT COORDINATORS
743,A400010,01200,00500,TISSUE PROCUREMENT
743,A500010,00200,00100,B
743,A500010,00200,00300,ADMINISTRATIVE & GENERAL
743,A500010,00800,00100,B
743,A500010,00800,00300,PROCUREMENT COORDINATORS
743,A500010,01100,00100,B
743,A500010,01100,00300,TISSUE PROCUREMENT
743,A500010,01601,00000,MEDICARE NON REIMBURSIBLE
743,A500010,01601,00100,A
743,A500010,01601,00300,ADMINISTRATIVE & GENERAL
743,A500010,01602,00000,VITAL LINK CALL CENTER REFERRAL REV
743,A500010,01602,00100,B
743,A500010,01602,00300,TISSUE PROCUREMENT
743,A500010,01603,00000,LIVING KIDNEY REIMBURSEMENT
743,A500010,01603,00100,B
743,A500010,01603,00300,PROCUREMENT COORDINATORS
743,A500010,01604,00000,FUNERAL HOME CHARGES - TISSUE
743,A500010,01604,00100,A
743,A500010,01604,00300,TISSUE PROCUREMENT
743,A500010,01611,00000,COURIER SERVICE REVENUE
743,A500010,01611,00100,B
743,A500010,01611,00300,PROCUREMENT COORDINATORS
743,A500010,01620,00000,DLI MGMT FEE REVENUE
743,A500010,01620,00100,B
743,A500010,01620,00300,PUBLIC EDUCATION
743,A500010,01621,00000,TO REMOVE SPONSORSHIP EXPENSE
743,A500010,01621,00100,A
743,A500010,01621,00300,PUBLIC EDUCATION
743,A500010,01622,00000,TO REMOVE SPONSORSHIP EXPENSE
743,A500010,01622,00100,A
743,A500010,01622,00300,ADMINISTRATIVE & GENERAL
743,A500010,01623,00000,TO REMOVE SPONSORSHIP EXPENSE
743,A500010,01623,00100,A
743,A500010,01623,00300,PROCUREMENT COORDINATORS
743,A51000A,00100,00100,Y
743,A51000B,00100,00200,PROCUREMENT COORDINATORS
743,A51000B,00100,00300,NLW TRANS EXPENSE
743,A51000B,00200,00200,KIDNEY ACQUISITIONS
743,A51000B,00200,00300,NLW TRANS EXPENSE
743,A51000B,00300,00200,LIVER ACQUISITIONS
743,A51000B,00300,00300,NLW TRANS EXPENSE
743,A51000B,00400,00200,HEART ACQUISITIONS
743,A51000B,00400,00300,NLW TRANS EXPENSE
743,A51000B,00401,00200,PANCREAS ACQUISITIONS
743,A51000B,00401,00300,NLW TRANS EXPENSE
743,A51000B,00402,00200,LUNG ACQUISITIONS
743,A51000B,00402,00300,NLW TRANS EXPENSE
743,A51000B,00403,00200,INTESTINE
743,A51000B,00403,00300,NLW TRANS EXPENSE
743,A51000C,00100,00100,C
743,A51000C,00100,00400,NLW  INC
743,A51000C,00100,00600,AIR TRANSPORTATION
743,A51000C,00200,00100,C
743,A51000C,00200,00400,INDIANA DONOR NETWORK FOUNDATION
743,A51000C,00200,00600,FOUNDATION
743,A60000A,00700,00000,BUILDING IMPROVEMENTS
743,A60000A,00701,00000,FIXED ASSET HOLDING
743,A60000A,00702,00000,AIRPLANE
743,A60000A,00703,00000,OR SUITE
743,A60000A,00704,00000,TENANT SPACE RENOVATIONS
743,A60000A,00705,00000,CIP
743,A60000B,00800,00000,FIXED ASSET HOLDING
743,A60000B,00801,00000,AIRPLANE
743,A60000B,00802,00000,OR SUITE
743,A60000B,00803,00000,TENANT SPACE RENOVATIONS
743,A60000B,00804,00000,CIP
743,A60000C,00500,00100,Y
743,B10000*,00100,00200,CAP BLDG
743,B10000*,00100,00300,CAP COSTS
743,B10000*,00100,00400,EMPLOYEE
743,B10000*,00100,00500,MEDICAL
743,B10000*,00100,00800,ORGAN
743,B10000*,00100,01000,ADMIN &
743,B10000*,00200,00200,OP PLANT &
743,B10000*,00200,00300,MOVABLE
743,B10000*,00200,00400,BENEFITS
743,B10000*,00200,00500,SUPPLIES
743,B10000*,00200,00800,ACQUISITN
743,B10000*,00200,01000,GENERAL
743,B10000*,00300,00200,HOUSEKEEP
743,B10000*,00300,00300,EQUIPMENT
743,B10000*,00300,00800,COSTS
743,B10000*,00400,00200,SQUARE
743,B10000*,00400,00300,DOLLAR
743,B10000*,00400,00400,ADJUST
743,B10000*,00400,00500,COSTED
743,B10000*,00400,00800,NUMBER
743,B10000*,00400,01000,ACCUM
743,B10000*,00500,00200,FEET
743,B10000*,00500,00300,VALUE
743,B10000*,00500,00400,SALARIES
743,B10000*,00500,00500,REQUISIT
743,B10000*,00500,00800,ORGANS
743,B10000*,00500,01000,COSTS
743,B10000*,00600,00200,1
743,B10000*,00600,00300,2
743,B10000*,00600,00400,3
743,B10000*,00600,00500,3
743,B10000*,00600,00800,3
743,B10000*,00600,01000,3
743,B100000,00000,01000,X
743,E000000,00900,00000,DUE FROM THIRD PARTY
743,E000000,02600,00000,ADDITIONAL FIXED ASSETS
743,E000000,03100,00000,RIGHT OF USE ASSETS
743,E000000,03900,00000,THIRD-PARTY SETTLEMENT
743,E000000,04100,00000,OTHER
743,E000000,04600,00000,LONG TERM DEBT
743,E100001,00700,00000,PROCUREMENT REVENUE
743,E100001,00800,00000,AIR AND GROUND TRANSPORTATION
743,E100001,00900,00000,OTHER
743,E100002,00300,00000,TXJET
743,E100002,00400,00000,FOUNDATION DISTRIB
743,E100002,00500,00000,WS A VARIANCE
743,E100002,00800,00000,INTERCOMPANY ELIMINATIONS
743,E100002,00900,00000,ROUNDING
743,E200000,01500,00000,REALIZED & UNREALIZED GAIN ON INVEST
743,E200000,01600,00000,RELEASED FROM RESTRICTION
743,E200000,02600,00000,REALIZED & UNREALIZED LOSS ON INVEST
743,E200000,02700,00000,ROUNDING
743,S000000,00100,00100,X
743,S000000,00400,00100,2
743,S000000,00500,00100,05/09/2024
743,S000000,00600,00100,10001
743,S000000,00700,00100,N
743,S000000,00800,00100,N
743,S000000,00900,00100,01/22/2025
743,S000000,01000,00100,4
743,S000001,00100,00100,INDIANA ORGAN PROCUREMENT ORG
743,S000001,00100,00200,15P001
743,S000001,00101,00100,3760 GUION ROAD
743,S000001,00102,00100,INDIANAPOLIS
743,S000001,00102,00200,IN
743,S000001,00102,00300,46222
743,S000001,00300,00100,01/01/2023
743,S000001,00300,00200,12/31/2023
743,S000001,00400,00100,6
743,S000001,00400,00300,1
743,S000001,00400,00400,04/01/1988
743,S000001,00401,00300,1
743,S000002,00100,00200,Y
743,S000002,00300,00100,CHIEF EXECUTIVE OFFICER
743,S000002,00400,00100,05/08/2024
743,S100001,00700,00100,N
743,S100001,00810,00000,OTHER\VEIN
743,S100001,00811,00000,INTESTINE
743,S100001,00812,00000,VCA
743,S100003,00100,00100,MEDICAL DIRECTOR
743,S100003,00100,00300,MEDICAL DIRECTOR
743,S100003,00100,00500,LAB DIRECTOR
743,S100003,00101,00100,EXEC. DIRECTOR
743,S100003,00101,00300,PROCUREMENT COORDINATOR
743,S100003,00101,00500,TECHNICIANS
743,S100003,00102,00100,CLERICAL
743,S100003,00102,00300,PRESERVATION TECHNICIANS
743,S100003,00102,00500,TISSUE TYPING TECH.
743,S100003,00103,00100,OTHER
743,S100003,00103,00300,OTHER
743,S100003,00103,00500,OTHER
743,S200000,00100,00100,N
743,S200000,00200,00100,N
743,S200000,00300,00100,Y
743,S200000,00400,00100,Y
743,S200000,00400,00200,A
743,S200000,00500,00100,Y
743,S200000,00600,00300,VICE PRESIDENT  FINANCE
743,S200000,00700,00100,INDIANA DONOR NETWORK
744,A000000,00100,00000,0100CAPITAL COSTS-BLDG & FIXT
744,A000000,00200,00000,0200CAPITAL COSTS-MVBLE EQUIPMENT
744,A000000,00300,00000,0300EMPLOYEE BENEFITS
744,A000000,00400,00000,0400ADMINISTRATIVE & GENERAL
744,A000000,00500,00000,0500OPERATION AND MAINTENANCE OF PLANT
744,A000000,00600,00000,0600HOUSEKEEPING
744,A000000,00700,00000,0700MEDICAL SUPPLIES
744,A000000,00800,00000,0800OTHER OVERHEAD
744,A000000,00900,00000,0900PROCUREMENT COORDINATORS
744,A000000,01000,00000,1000PROFESSIONAL EDUCATION
744,A000000,01100,00000,1100PUBLIC EDUCATION
744,A000000,01200,00000,1200OTHER ACQUISITION
744,A000000,01300,00000,1300KIDNEY ACQUISITIONS
744,A000000,01400,00000,1400TISSUE TYPING LABORATORY
744,A000000,01500,00000,1500LIVER ACQUISITIONS
744,A000000,01600,00000,1600HEART ACQUISITIONS
744,A000000,01700,00000,1700PANCREAS ACQUISITIONS
744,A000000,01800,00000,1800LUNG ACQUISITIONS
744,A000000,01900,00000,1900OTHER ACQUISITIONS
744,A000000,02100,00000,2100RESEARCH
744,A000000,02200,00000,2200BLOOD BANK
744,A000000,02300,00000,2300LABORATORY-NON-TISSUE TYPING
744,A000000,02400,00000,2400DIALYSIS UNITS
744,A000000,02500,00000,2500TISSUE
744,A100000,01700,00000,LOGISTICS
744,A100000,01800,00000,OFFICE EQUIPMENT
744,A100000,01900,00000,DUES AND SUBSCRIPTIONS
744,A100000,01901,00000,CONTRACT SERVICES
744,A100000,01902,00000,QUALITY ASSURANCE
744,A100000,01903,00000,MOVING AND STORAGE EXPENSE
744,A100000,01904,00000,PAYROLL COSTS
744,A100000,01905,00000,NON IDN EXPENSES
744,A100000,01906,00000,OTHER EXPENSE
744,A100000,01907,00000,FUNDRAISING
744,A100000,01908,00000,RECRUITING
744,A100000,01909,00000,EMPLOYMENT EXPENSE
744,A100000,01910,00000,NON-REIMBURSABLE EXPENSE
744,A20H000,00900,00000,CASE RATES
744,A20H000,02100,00000,OTHER ACQUISITION COSTS
744,A20K000,00900,00000,CASE RATES
744,A20K000,02100,00000,KIDNEY PUMP EXPENSE
744,A20L000,00900,00000,CASE RATES
744,A20L000,02100,00000,OTHER ACQUISITION COSTS
744,A20O000,00900,00000,CASE RATES
744,A20O000,02100,00000,OTHER DONOR COSTS
744,A20O000,02101,00000,OTHER COSTS
744,A20P000,00900,00000,CASE RATES
744,A20P000,02100,00000,OTHER ACQUISITION COSTS
744,A20U000,00900,00000,CASE RATES
744,A20U000,02100,00000,OTHER ACQUISITION COSTS
744,A400010,00100,00000,BENEFIT RECLASS
744,A400010,00100,00100,A
744,A400010,00100,00200,ADMINISTRATIVE & GENERAL
744,A400010,00100,00500,EMPLOYEE BENEFITS
744,A400010,00200,00000,RENT
744,A400010,00200,00100,B
744,A400010,00200,00200,CAPITAL COSTS-MVBLE EQUIPMENT
744,A400010,00200,00500,ADMINISTRATIVE & GENERAL
744,A400010,00300,00000,TISSUE ALLOCATION
744,A400010,00300,00100,C
744,A400010,00300,00200,TISSUE
744,A400010,00300,00500,PROCUREMENT COORDINATORS
744,A400010,00400,00000,TISSUE ALLOCATION
744,A400010,00400,00100,C
744,A400010,00400,00500,PROFESSIONAL EDUCATION
744,A400010,00500,00000,TISSUE ALLOCATION
744,A400010,00500,00100,C
744,A400010,00500,00500,PUBLIC EDUCATION
744,A400010,00600,00000,A&G OCCUPANCY COST RECLASS
744,A400010,00600,00100,D
744,A400010,00600,00200,ADMINISTRATIVE & GENERAL
744,A400010,00600,00500,CAPITAL COSTS-BLDG & FIXT
744,A400010,00700,00000,A&G OCCUPANCY COST RECLASS
744,A400010,00700,00100,D
744,A400010,00700,00500,CAPITAL COSTS-MVBLE EQUIPMENT
744,A400010,00800,00000,A&G OCCUPANCY COST RECLASS
744,A400010,00800,00100,D
744,A400010,00800,00500,OPERATION AND MAINTENANCE OF PLANT
744,A400010,00900,00000,A&G OCCUPANCY COST RECLASS
744,A400010,00900,00100,D
744,A400010,00900,00500,HOUSEKEEPING
744,A400010,01000,00000,SPS
744,A400010,01000,00100,E
744,A400010,01000,00200,KIDNEY ACQUISITIONS
744,A400010,01000,00500,MEDICAL SUPPLIES
744,A400010,01100,00000,SPS
744,A400010,01100,00100,E
744,A400010,01100,00200,LIVER ACQUISITIONS
744,A400010,01200,00000,SPS
744,A400010,01200,00100,E
744,A400010,01200,00200,PANCREAS ACQUISITIONS
744,A500010,00200,00100,B
744,A500010,00200,00300,ADMINISTRATIVE & GENERAL
744,A500010,00800,00100,B
744,A500010,00800,00300,PROCUREMENT COORDINATORS
744,A500010,01200,00100,B
744,A500010,01200,00300,CAPITAL COSTS-BLDG & FIXT
744,A500010,01500,00000,LOBBYING
744,A500010,01500,00100,A
744,A500010,01500,00300,ADMINISTRATIVE & GENERAL
744,A500010,01501,00000,LOBBYING PORTION OF AOPO DUES
744,A500010,01501,00100,A
744,A500010,01501,00300,ADMINISTRATIVE & GENERAL
744,A500010,01600,00000,EXPENSES FOR NON-IDN EMPLOYEES
744,A500010,01600,00100,A
744,A500010,01600,00300,PROFESSIONAL EDUCATION
744,A500010,01601,00000,FUNDRAISING COSTS
744,A500010,01601,00100,A
744,A500010,01601,00300,ADMINISTRATIVE & GENERAL
744,A500010,01602,00000,UW EXTERNAL IMPORT SERVICE
744,A500010,01602,00100,B
744,A500010,01602,00300,PROCUREMENT COORDINATORS
744,A500010,01608,00000,COMM CTR REFERRAL CALL REIMBURSEMENT
744,A500010,01608,00100,B
744,A500010,01608,00300,PROCUREMENT COORDINATORS
744,A500010,01609,00000,CONTRIBUTIONS
744,A500010,01609,00100,B
744,A500010,01609,00300,ADMINISTRATIVE & GENERAL
744,A500010,01611,00000,CEU REVENUE
744,A500010,01611,00100,B
744,A500010,01611,00300,PROFESSIONAL EDUCATION
744,A500010,01615,00000,MISC REVENUE
744,A500010,01615,00100,B
744,A500010,01615,00300,ADMINISTRATIVE & GENERAL
744,A500010,01616,00000,LIVER IMPORT EXPENSE GROSS UP
744,A500010,01616,00100,A
744,A500010,01616,00300,LIVER ACQUISITIONS
744,A500010,01617,00000,HEART IMPORT EXPENSE GROSS UP
744,A500010,01617,00100,A
744,A500010,01617,00300,HEART ACQUISITIONS
744,A500010,01618,00000,PANCREAS IMPORT EXPENSE GROSS UP
744,A500010,01618,00100,A
744,A500010,01618,00300,PANCREAS ACQUISITIONS
744,A500010,01619,00000,LUNG(S) IMPORT EXPENSE GROSS UP
744,A500010,01619,00100,A
744,A500010,01619,00300,LUNG ACQUISITIONS
744,A500010,01627,00000,SURGEON FEE REVENUE
744,A500010,01627,00100,B
744,A500010,01627,00300,PROCUREMENT COORDINATORS
744,A500010,01628,00000,SEROLOGY\NANO COOLER REBATES
744,A500010,01628,00100,B
744,A500010,01628,00300,TISSUE
744,A500010,01629,00000,EMBALMING PATHOLOGY REVENUE
744,A500010,01629,00100,B
744,A500010,01629,00300,TISSUE
744,A500010,01630,00000,NON-REIMB SPACE
744,A500010,01630,00100,A
744,A500010,01630,00300,CAPITAL COSTS-BLDG & FIXT
744,A500010,01631,00000,NON-REIMB SPACE
744,A500010,01631,00100,A
744,A500010,01631,00300,OPERATION AND MAINTENANCE OF PLANT
744,A51000A,00100,00100,N
744,A60000A,00700,00000,SOFTWARE
744,A60000A,00701,00000,LEASEHOLD IMPROVEMENTS
744,A60000A,00702,00000,EQUIPMENT
744,A60000A,00703,00000,MEDICAL WORK ROOM EQUIPMENT
744,A60000A,00704,00000,FURNITURE
744,A60000A,00705,00000,BUILDING IMPROVEMENTS
744,A60000B,00800,00000,SOFTWARE
744,A60000B,00801,00000,LEASEHOLD IMPROVEMENTS
744,A60000B,00802,00000,EQUIPMENT
744,A60000B,00803,00000,MEDICAL WORK ROOM EQUIPMENT
744,A60000B,00804,00000,FURNITURE
744,A60000C,00500,00100,N
744,B10000*,00100,00200,CAP BLDG
744,B10000*,00100,00300,CAP COSTS
744,B10000*,00100,00400,EMPLOYEE
744,B10000*,00100,00500,MEDICAL
744,B10000*,00100,00800,ORGAN
744,B10000*,00100,01000,ADMIN &
744,B10000*,00200,00200,OP PLANT &
744,B10000*,00200,00300,MOVABLE
744,B10000*,00200,00400,BENEFITS
744,B10000*,00200,00500,SUPPLIES
744,B10000*,00200,00800,ACQUISITN
744,B10000*,00200,01000,GENERAL
744,B10000*,00300,00200,HOUSEKEEP
744,B10000*,00300,00300,EQUIPMENT
744,B10000*,00300,00800,COSTS
744,B10000*,00400,00200,SQUARE
744,B10000*,00400,00300,DOLLAR
744,B10000*,00400,00400,ADJUST
744,B10000*,00400,00500,COSTED
744,B10000*,00400,00800,NUMBER
744,B10000*,00400,01000,ACCUM
744,B10000*,00500,00200,FEET
744,B10000*,00500,00300,VALUE
744,B10000*,00500,00400,SALARIES
744,B10000*,00500,00500,REQUISIT
744,B10000*,00500,00800,ORGANS
744,B10000*,00500,01000,COSTS
744,B10000*,00600,00200,1
744,B10000*,00600,00300,2
744,B10000*,00600,00400,3
744,B10000*,00600,00500,3
744,B10000*,00600,00800,3
744,B10000*,00600,01000,3
744,B100000,00000,01000,X
744,E000000,00900,00000,OTHER CURRENT ASSETS
744,E000000,02600,00000,RIGHT-OF-USE-ASSETS
744,E000000,03100,00000,INTEREST IN ALLOSOURCE
744,E000000,03900,00000,ACCRUED EXPENSES
744,E000000,04100,00000,CURRENT MATURITIES OF LONG TERM DEBT
744,E000000,04600,00000,UNAMORTIZED DEBT ISSUANCE COSTS
744,E000000,04700,00000,OPERATING LEASE LIABILITIES
744,E000000,04800,00000,FINANCE LEASE LIABILITIES
744,E100001,00800,00000,ORGAN PROCUREMENT REVENUE
744,E100001,00900,00000,TISSUE PROCUREMENT REVENUE
744,E100002,00300,00000,ROUNDING
744,E100002,00800,00000,FUNDRAISING EXPENSES
744,E100002,00900,00000,INTEREST EXPENSE
744,E100002,01000,00000,FUNDRAISING DIRECT BENENFIT
744,E200000,01500,00000,MISC INCOME
744,E200000,01600,00000,RENT INCOME
744,E200000,01700,00000,GRANT REVENUE
744,E200000,01800,00000,CHANGE IN INTEREST FROM INVSTMT ALLO
744,E200000,01900,00000,SPECIAL EVENTS REVENUE
744,E200000,02000,00000,GAIN ON LOAN EXINGUISHMENT
744,E200000,02100,00000,NET ASSETS RELEASED FROM RESTRICTION
744,E200000,02200,00000,RESTRICT CONTRIBUTIONS\GRANTS
744,E200000,02700,00000,FUNDRAISING EXPENSE
744,E200000,02701,00000,INTEREST EXPENSE
744,E200000,02702,00000,LOSS ON DISPOSAL OF ASSETS
744,E200000,02703,00000,CHANGE IN INTEREST IN ALLOSOURCE
744,E200000,02704,00000,NET ASSETS RELEASED FROM RESRICTIONS
744,S000000,00100,00100,X
744,S000000,00400,00100,2
744,S000000,00500,00100,04/23/2024
744,S000000,00600,00100,10001
744,S000000,00700,00100,N
744,S000000,00800,00100,N
744,S000000,00900,00100,01/22/2025
744,S000000,01000,00100,4
744,S000001,00100,00100,IOWA DONOR NETWORK
744,S000001,00100,00200,16P001
744,S000001,00101,00100,550 MADISON AVENUE N
744,S000001,00102,00100,NORTH LIBERTY
744,S000001,00102,00200,IA
744,S000001,00102,00300,52317
744,S000001,00300,00100,01/01/2023
744,S000001,00300,00200,12/31/2023
744,S000001,00400,00100,6
744,S000001,00400,00300,1
744,S000001,00400,00400,03/01/1994
744,S000001,00401,00300,1
744,S000002,00100,00200,Y
744,S000002,00300,00100,CFO
744,S000002,00400,00100,04/22/2024
744,S100001,00700,00100,N
744,S100001,00810,00000,INTESTINE
744,S100001,00811,00000,VEIN
744,S100001,00812,00000,OTHER TISSUE
744,S100003,00100,00100,MEDICAL DIRECTOR
744,S100003,00100,00300,MEDICAL DIRECTOR
744,S100003,00100,00500,LAB DIRECTOR
744,S100003,00101,00100,EXEC. DIRECTOR
744,S100003,00101,00300,PROCUREMENT COORDINATOR
744,S100003,00101,00500,TECHNICIANS
744,S100003,00102,00100,CLERICAL
744,S100003,00102,00300,PRESERVATION TECHNICIANS
744,S100003,00102,00500,TISSUE TYPING TECH.
744,S100003,00103,00100,OTHER
744,S100003,00103,00300,OTHER
744,S100003,00103,00500,OTHER
744,S200000,00100,00100,N
744,S200000,00200,00100,N
744,S200000,00300,00100,N
744,S200000,00400,00100,Y
744,S200000,00400,00200,A
744,S200000,00400,00300,05/31/2023
744,S200000,00500,00100,Y
744,S200000,00600,00300,MANAGER OF FINANCE
744,S200000,00700,00100,IOWA DONOR NETWORK
745,A000000,00100,00000,0100CAPITAL COSTS-BLDG & FIXT
745,A000000,00200,00000,0200CAPITAL COSTS-MVBLE EQUIPMENT
745,A000000,00300,00000,0300EMPLOYEE BENEFITS
745,A000000,00400,00000,0400ADMINISTRATIVE & GENERAL
745,A000000,00500,00000,0500OPERATION AND MAINTENANCE OF PLANT
745,A000000,00600,00000,0600HOUSEKEEPING
745,A000000,00700,00000,0700MEDICAL SUPPLIES
745,A000000,00800,00000,0800OTHER OVERHEAD
745,A000000,00900,00000,0900PROCUREMENT COORDINATORS
745,A000000,01000,00000,1000PROFESSIONAL EDUCATION
745,A000000,01100,00000,1100PUBLIC EDUCATION
745,A000000,01200,00000,1200OTHER ACQUISITION
745,A000000,01300,00000,1300KIDNEY ACQUISITIONS
745,A000000,01400,00000,1400TISSUE TYPING LABORATORY
745,A000000,01500,00000,1500LIVER ACQUISITIONS
745,A000000,01600,00000,1600HEART ACQUISITIONS
745,A000000,01700,00000,1700PANCREAS ACQUISITIONS
745,A000000,01800,00000,1800LUNG ACQUISITIONS
745,A000000,01900,00000,1900OTHER ACQUISITIONS
745,A000000,02100,00000,2100RESEARCH
745,A000000,02200,00000,2200BLOOD BANK
745,A000000,02300,00000,2300LABORATORY-NON-TISSUE TYPING
745,A000000,02400,00000,2400DIALYSIS UNITS
745,A000000,02500,00000,2500OTHER NON-REIMBURSABLE
745,A100000,01700,00000,OTHER ADMIN AND GENERAL
745,A300000,00600,00000,OTHER TISSUE TYPING COST
745,A500010,00100,00100,B
745,A500010,00100,00300,OTHER NON-REIMBURSABLE
745,A500010,00200,00100,B
745,A500010,00200,00300,MEDICAL SUPPLIES
745,A500010,01200,00300,ADMINISTRATIVE & GENERAL
745,A500010,01500,00000,MISCELLANEOUS INCOME
745,A500010,01500,00100,B
745,A500010,01500,00300,OTHER NON-REIMBURSABLE
745,A500010,01600,00000,HOME OFFICE WORKERS COMPENSATION
745,A500010,01600,00100,A
745,A500010,01600,00300,EMPLOYEE BENEFITS
745,A51000A,00100,00100,Y
745,A51000B,00100,00200,CAPITAL COSTS-BLDG & FIXT
745,A51000B,00100,00300,HOCS ALLOCATION
745,A51000B,00200,00200,ADMINISTRATIVE & GENERAL
745,A51000B,00200,00300,HOCS ALLOCATION
745,A51000C,00100,00100,B
745,A51000C,00100,00200,MAINEHEALTH
745,A51000C,00100,00400,CORPORATE OFFICE
745,A51000C,00100,00600,HEALTH SYSTEM
745,A60000A,00700,00000,LEASEHOLD IMPROVEMENTS
745,A60000B,00800,00000,LEASEHOLD IMPROVEMENTS
745,A60000C,00500,00100,N
745,B10000*,00100,00200,CAP BLDG
745,B10000*,00100,00300,CAP COSTS
745,B10000*,00100,00400,EMPLOYEE
745,B10000*,00100,00500,MEDICAL
745,B10000*,00100,00800,ORGAN
745,B10000*,00100,01000,ADMIN &
745,B10000*,00200,00200,OP PLANT &
745,B10000*,00200,00300,MOVABLE
745,B10000*,00200,00400,BENEFITS
745,B10000*,00200,00500,SUPPLIES
745,B10000*,00200,00800,ACQUISITN
745,B10000*,00200,01000,GENERAL
745,B10000*,00300,00200,HOUSEKEEP
745,B10000*,00300,00300,EQUIPMENT
745,B10000*,00300,00800,COSTS
745,B10000*,00400,00200,SQUARE
745,B10000*,00400,00300,DOLLAR
745,B10000*,00400,00400,ADJUST
745,B10000*,00400,00500,COSTED
745,B10000*,00400,00800,NUMBER
745,B10000*,00400,01000,ACCUM
745,B10000*,00500,00200,FEET
745,B10000*,00500,00300,VALUE
745,B10000*,00500,00400,SALARIES
745,B10000*,00500,00500,REQUISIT
745,B10000*,00500,00800,ORGANS
745,B10000*,00500,01000,COSTS
745,B10000*,00600,00200,1
745,B10000*,00600,00300,2
745,B10000*,00600,00400,3
745,B10000*,00600,00500,3
745,B10000*,00600,00800,3
745,B10000*,00600,01000,3
745,B100000,00000,01000,X
745,E000000,00900,00000,OTHER CURRENT
745,E000000,02600,00000,OTHER FIXED ASSETS
745,E000000,03100,00000,OTHER LONG TERM ASSETS
745,E100001,00700,00000,GROSS PATIENT SERVICE REVENUE
745,E200000,01500,00000,OOI
745,E200000,01600,00000,CHANGE IN FAIR VALUE OF INVESTMENT
745,E200000,02600,00000,EQUITY TRANSFER FROM AFFILIATES
745,S000000,00100,00100,X
745,S000000,00400,00100,2
745,S000000,00500,00100,02/29/2024
745,S000000,00600,00100,10001
745,S000000,00700,00100,N
745,S000000,00800,00100,N
745,S000000,00900,00100,01/22/2025
745,S000000,01000,00100,4
745,S000001,00100,00100,NORDX
745,S000001,00100,00200,20HL02
745,S000001,00101,00100,301A US ROUTE ONE
745,S000001,00102,00100,SCARBOROUGH
745,S000001,00102,00200,ME
745,S000001,00102,00300,04074
745,S000001,00300,00100,10/01/2022
745,S000001,00300,00200,09/30/2023
745,S000001,00400,00100,2
745,S000001,00400,00300,2
745,S000001,00400,00400,10/01/1997
745,S000001,00401,00300,2
745,S000002,00100,00200,Y
745,S000002,00300,00100,CHIEF FINANCIAL OFFICER
745,S000002,00400,00100,02/27/2024
745,S100001,00700,00100,N
745,S100001,00810,00000,OTHER
745,S100002,00400,00100,ABC (CLASS I)
745,S100002,00401,00100,CLASS I DNA
745,S100002,00402,00100,DR (CLASS II)
745,S100002,00403,00100,CLASS II DNA
745,S100002,00404,00100,ABO
745,S100002,00405,00100,FCXM
745,S100002,00406,00100,AUTO FCXM
745,S100002,00407,00100,WBC I
745,S100002,00408,00100,WBC II
745,S100002,00409,00100,AB ID I
745,S100002,00410,00100,AB ID II
745,S100002,00411,00100,STAT
745,S100003,00100,00100,MEDICAL DIRECTOR
745,S100003,00100,00300,MEDICAL DIRECTOR
745,S100003,00100,00500,LAB DIRECTOR
745,S100003,00101,00100,EXEC. DIRECTOR
745,S100003,00101,00300,PROCUREMENT COORDINATOR
745,S100003,00101,00500,TECHNICIANS
745,S100003,00102,00100,CLERICAL
745,S100003,00102,00300,PRESERVATION TECHNICIANS
745,S100003,00102,00500,TISSUE TYPING TECH.
745,S100003,00103,00100,OTHER
745,S100003,00103,00300,OTHER
745,S100003,00103,00500,OTHER
745,S200000,00100,00100,N
745,S200000,00200,00100,N
745,S200000,00300,00100,Y
745,S200000,00400,00100,N
745,S200000,00500,00100,N
745,S200000,00600,00300,REIMBURSEMENT MANAGER
745,S200000,00700,00100,MAINEHEALTH
746,A000000,00100,00000,0100CAPITAL COSTS-BLDG & FIXT
746,A000000,00200,00000,0200CAPITAL COSTS-MVBLE EQUIPMENT
746,A000000,00300,00000,0300EMPLOYEE BENEFITS
746,A000000,00400,00000,0400ADMINISTRATIVE & GENERAL
746,A000000,00500,00000,0500OPERATION AND MAINTENANCE OF PLANT
746,A000000,00600,00000,0600HOUSEKEEPING
746,A000000,00700,00000,0700MEDICAL SUPPLIES
746,A000000,00800,00000,0800OTHER OVERHEAD
746,A000000,00900,00000,0900PROCUREMENT COORDINATORS
746,A000000,01000,00000,1000PROFESSIONAL EDUCATION
746,A000000,01100,00000,1100PUBLIC EDUCATION
746,A000000,01300,00000,1300KIDNEY ACQUISITIONS
746,A000000,01400,00000,1400TISSUE TYPING LABORATORY
746,A000000,01500,00000,1500LIVER ACQUISITIONS
746,A000000,01600,00000,1600HEART ACQUISITIONS
746,A000000,01700,00000,1700PANCREAS ACQUISITIONS
746,A000000,01800,00000,1800LUNG ACQUISITIONS
746,A000000,01900,00000,1900OTHER ACQUISITIONS
746,A000000,02100,00000,2100RESEARCH
746,A000000,02200,00000,2200BLOOD BANK
746,A000000,02300,00000,2300LABORATORY-NON-TISSUE TYPING
746,A000000,02400,00000,2400DIALYSIS UNITS
746,A100000,01900,00000,ADMIN LEASE EXPENSE
746,A100000,01901,00000,DUES AND SUBSCRIPTIONS
746,A100000,01902,00000,ADMIN MISC
746,A300000,00600,00000,REAGENTS AND SUPPLIES
746,A300000,00700,00000,LAB EQUIPMENT LEASE
746,A300000,00800,00000,LAB EQUIPMENT EXPENSE
746,A300000,00900,00000,PROFICIENCY TESTING
746,A300000,00901,00000,SPECIMEN TRANSPORT
746,A300000,00902,00000,CONTINUING EDUCATION
746,A300000,00903,00000,MISCELLANEOUS LAB
746,A300000,00904,00000,GENERAL LIABILITY
746,A300000,00905,00000,CONTRACTED OUTSIDE LAB
746,A500010,01500,00000,MISCELLANEOUS INCOME
746,A500010,01500,00100,B
746,A500010,01500,00300,ADMINISTRATIVE & GENERAL
746,A500010,01600,00000,INTEREST FROM RELATED ORGANIZATION
746,A500010,01600,00100,A
746,A500010,01600,00300,ADMINISTRATIVE & GENERAL
746,A51000A,00100,00100,N
746,B10000*,00100,00200,CAP BLDG
746,B10000*,00100,00300,CAP COSTS
746,B10000*,00100,00400,EMPLOYEE
746,B10000*,00100,00500,MEDICAL
746,B10000*,00100,00800,ORGAN
746,B10000*,00100,01000,ADMIN &
746,B10000*,00200,00200,OP PLANT &
746,B10000*,00200,00300,MOVABLE
746,B10000*,00200,00400,BENEFITS
746,B10000*,00200,00500,SUPPLIES
746,B10000*,00200,00800,ACQUISITN
746,B10000*,00200,01000,GENERAL
746,B10000*,00300,00200,HOUSEKEEP
746,B10000*,00300,00300,EQUIPMENT
746,B10000*,00300,00800,COSTS
746,B10000*,00400,00200,SQUARE
746,B10000*,00400,00300,DOLLAR
746,B10000*,00400,00400,ADJUST
746,B10000*,00400,00500,COSTED
746,B10000*,00400,00800,NUMBER
746,B10000*,00400,01000,ACCUM
746,B10000*,00500,00200,FEET
746,B10000*,00500,00300,VALUE
746,B10000*,00500,00400,SALARIES
746,B10000*,00500,00500,REQUISIT
746,B10000*,00500,00800,ORGANS
746,B10000*,00500,01000,COSTS
746,B10000*,00600,00200,1
746,B10000*,00600,00300,2
746,B10000*,00600,00400,3
746,B10000*,00600,00500,3
746,B10000*,00600,00800,3
746,B10000*,00600,01000,3
746,B100000,00000,01000,X
746,E200000,02200,00000,MISCELLANEOUS INCOME
746,E200000,02600,00000,DUE TO MEDICARE
746,S000000,00100,00100,X
746,S000000,00400,00100,2
746,S000000,00500,00100,05/29/2024
746,S000000,00600,00100,10001
746,S000000,00700,00100,N
746,S000000,00800,00100,N
746,S000000,00900,00100,01/22/2025
746,S000000,01000,00100,4
746,S000001,00100,00100,THE ROGOSIN INSTITUTE IGT
746,S000001,00100,00200,33HL04
746,S000001,00101,00100,430 E 71ST STREET
746,S000001,00102,00100,NEW YORK
746,S000001,00102,00200,NY
746,S000001,00102,00300,10021
746,S000001,00300,00100,01/01/2023
746,S000001,00300,00200,12/31/2023
746,S000001,00400,00100,6
746,S000001,00400,00300,2
746,S000001,00400,00400,04/10/1985
746,S000001,00401,00300,2
746,S000002,00300,00100,CHIEF  DPT OR TRANSPLANT MEDICINE
746,S100001,00700,00100,N
746,S100001,00810,00000,OTHER
746,S100002,00401,00100,HLA-ABC-DRDQ
746,S100002,00402,00100,HLA-ABC
746,S100002,00403,00100,HLA-DRDQ
746,S100002,00404,00100,CDC-XM
746,S100002,00405,00100,LD FLOW XM
746,S100002,00406,00100,LUMX PAN PRA CI
746,S100002,00407,00100,LUMX PAN PRA CII
746,S100002,00408,00100,LUMX S AG BD CI
746,S100002,00409,00100,LUMX S AG BD CII
746,S100002,00410,00100,PROCESS
746,S100002,00411,00100,ABO
746,S100002,00412,00100,E FLOW XM
746,S100002,00413,00100,CONFIRMATORY TYPING
746,S100002,00414,00100,SPECIAL HANDLING CHARGE
746,S100002,00415,00100,STAT LUMN S AG BD CI
746,S100002,00416,00100,STAT LUMN S AG BD CII
746,S100002,00417,00100,HLA-ABC-DRDQ-STAT
746,S100002,00418,00100,HLA LOW RES ALLEL
746,S100002,00419,00100,HLA HIGH RES ALLEL
746,S100002,00420,00100,MODIFIED LUMINEX
746,S100002,00421,00100,ABO A-1 SUB TYPE
746,S100002,00422,00100,EXPEDITED TEST
746,S100002,00423,00100,CAD DONOR
746,S100002,00424,00100,DECEASED DONOR FLOW
746,S100002,00425,00100,COMP AUTO T CDC
746,S100002,00426,00100,DSA ANALYSIS
746,S100002,00427,00100,AUTO T&B CELL FLOW
746,S100002,00428,00100,AUTO T7B CELL CDC XM
746,S100002,00429,00100,TYPING VALIDATION
746,S100002,00430,00100,HLA BY NGS
746,S100002,00431,00100,CDC T-CELL XM
746,S100002,00432,00100,ENTRY INTO LIS
746,S100002,00433,00100,VXM
746,S100002,00434,00100,E FLOW XM -DILUTIONS
746,S100003,00100,00100,MEDICAL DIRECTOR
746,S100003,00100,00300,MEDICAL DIRECTOR
746,S100003,00100,00500,LAB DIRECTOR
746,S100003,00101,00100,EXEC. DIRECTOR
746,S100003,00101,00300,PROCUREMENT COORDINATOR
746,S100003,00101,00500,TECHNICIANS
746,S100003,00102,00100,CLERICAL
746,S100003,00102,00300,PRESERVATION TECHNICIANS
746,S100003,00102,00500,TISSUE TYPING TECH.
746,S100003,00103,00100,OTHER
746,S100003,00103,00300,OTHER
746,S100003,00103,00500,OTHER
746,S200000,00100,00100,N
746,S200000,00200,00100,N
746,S200000,00300,00100,N
746,S200000,00400,00100,N
746,S200000,00500,00100,N
746,S200000,00600,00300,ADMINISTRATIVE DIRECTOR
746,S200000,00700,00100,THE ROGOSIN INSTITUTE
747,A000000,00100,00000,0100CAPITAL COSTS-BLDG & FIXT
747,A000000,00200,00000,0200CAPITAL COSTS-MVBLE EQUIPMENT
747,A000000,00300,00000,0300EMPLOYEE BENEFITS
747,A000000,00400,00000,0400ADMINISTRATIVE & GENERAL
747,A000000,00500,00000,0500OPERATION AND MAINTENANCE OF PLANT
747,A000000,00600,00000,0600HOUSEKEEPING
747,A000000,00700,00000,0700MEDICAL SUPPLIES
747,A000000,00800,00000,0800OTHER OVERHEAD
747,A000000,00900,00000,0900PROCUREMENT COORDINATORS
747,A000000,01000,00000,1000PROFESSIONAL EDUCATION
747,A000000,01100,00000,1100PUBLIC EDUCATION
747,A000000,01200,00000,1200OTHER ACQUISITION
747,A000000,01300,00000,1300KIDNEY ACQUISITIONS
747,A000000,01400,00000,1400TISSUE TYPING LABORATORY
747,A000000,01500,00000,1500LIVER ACQUISITIONS
747,A000000,01600,00000,1600HEART ACQUISITIONS
747,A000000,01700,00000,1700PANCREAS ACQUISITIONS
747,A000000,01800,00000,1800LUNG ACQUISITIONS
747,A000000,01900,00000,1900INTESTINE ACQUISITIONS
747,A000000,02100,00000,2100RESEARCH
747,A000000,02200,00000,2200BLOOD BANK
747,A000000,02300,00000,2300LABORATORY-NON-TISSUE TYPING
747,A000000,02400,00000,2400DIALYSIS UNITS
747,A000000,02500,00000,2501TISSUE COSTS
747,A100000,01700,00000,EMPLOYMENT RECRUITING
747,A100000,01800,00000,FOOD
747,A100000,01900,00000,FREIGHT & SHIPPING
747,A100000,01901,00000,ORGANIZATIONAL DEVELOPMENT
747,A100000,01902,00000,PRINTING & BINDING
747,A100000,01903,00000,DUES & SUBSCRIPTIONS
747,A100000,01904,00000,POSTAGE
747,A100000,01905,00000,EQUIPMENT ($5 000)
747,A100000,01906,00000,PROFESSIONAL FEES - OTHER
747,A100000,01907,00000,PROFESSIONAL FEES - FUNERAL HOMES
747,A100000,01908,00000,PROFESSIONAL FEES - HOSPITAL AUDIT
747,A100000,01909,00000,PROFESSIONAL FEES - TEMPORARY SERVIC
747,A100000,01910,00000,COLLABORATIVE & OTHER EXPENSES
747,A100000,01911,00000,FUND DEVELOPMENT
747,A100000,01912,00000,BANK FEES
747,A20H000,00900,00000,CONSULTATION
747,A20H000,00901,00000,SCREENING
747,A20H000,02100,00000,TRANSPORTATION - DONOR
747,A20H000,02101,00000,ACCRUED HOSPITAL CHARGES
747,A20K000,00900,00000,CONSULTATION
747,A20K000,00901,00000,SCREENING
747,A20K000,02100,00000,ACCRUED HOSPITAL CHARGES
747,A20K000,02101,00000,TRANSPORTATION - DONOR
747,A20K000,02102,00000,HOSPITAL - CASE RATE POTENTIAL FEE
747,A20L000,00900,00000,CONSULTATION
747,A20L000,00901,00000,SCREENING
747,A20L000,02100,00000,ACCRUED HOSPITAL CHARGES
747,A20L000,02101,00000,TRANSPORTATION - DONOR
747,A20O000,00900,00000,CONSULTATION
747,A20O000,00901,00000,SCREENING
747,A20P000,00900,00000,CONSULTATION
747,A20P000,00901,00000,SCREENING
747,A20P000,02100,00000,ACCRUED HOSPITAL CHARGES
747,A20U000,00900,00000,CONSULTATION
747,A20U000,00901,00000,SCREENING
747,A20U000,02100,00000,ACCRUED HOSPITAL CHARGES
747,A20U000,02101,00000,TRANSPORTATION - DONOR
747,A400010,00100,00000,RECLASSIFICATIONS
747,A400010,00100,00100,A
747,A400010,00100,00200,KIDNEY ACQUISITIONS
747,A400010,00100,00500,MEDICAL SUPPLIES
747,A400010,00200,00000,RECLASSIFICATIONS
747,A400010,00200,00100,A
747,A400010,00200,00200,TISSUE COSTS
747,A400010,00200,00500,PROCUREMENT COORDINATORS
747,A400010,00300,00000,RECLASSIFICATIONS
747,A400010,00300,00100,A
747,A400010,00300,00200,TISSUE COSTS
747,A400010,00300,00500,MEDICAL SUPPLIES
747,A400010,00400,00000,RECLASSIFICATIONS
747,A400010,00400,00100,A
747,A400010,00400,00200,PROCUREMENT COORDINATORS
747,A400010,00400,00500,ADMINISTRATIVE & GENERAL
747,A500010,00800,00100,B
747,A500010,00800,00300,ADMINISTRATIVE & GENERAL
747,A500010,01200,00100,B
747,A500010,01200,00300,ADMINISTRATIVE & GENERAL
747,A500010,01500,00000,PROFESSIONAL FEES - FUNERAL HOMES
747,A500010,01500,00100,A
747,A500010,01500,00300,ADMINISTRATIVE & GENERAL
747,A500010,01600,00000,LOBBY EXP PORTION OF AOPO DUES
747,A500010,01600,00100,B
747,A500010,01600,00300,ADMINISTRATIVE & GENERAL
747,A500010,01601,00000,COLLABORATIVE & NONREIMBURSABLE EXP
747,A500010,01601,00100,A
747,A500010,01601,00300,ADMINISTRATIVE & GENERAL
747,A500010,01602,00000,DONOR FOLLOW-UP
747,A500010,01602,00100,A
747,A500010,01602,00300,PROCUREMENT COORDINATORS
747,A500010,01603,00000,FLYOUT REVENUE OFFSET
747,A500010,01603,00100,B
747,A500010,01603,00300,PROCUREMENT COORDINATORS
747,A500010,01604,00000,KIDNEY SURGEON FEE
747,A500010,01604,00100,B
747,A500010,01604,00300,KIDNEY ACQUISITIONS
747,A500010,01605,00000,FUND DEVELOPMENT EXPENSE
747,A500010,01605,00100,A
747,A500010,01605,00300,ADMINISTRATIVE & GENERAL
747,A51000A,00100,00100,N
747,B10000*,00100,00200,CAP BLDG
747,B10000*,00100,00300,CAP COSTS
747,B10000*,00100,00400,EMPLOYEE
747,B10000*,00100,00500,MEDICAL
747,B10000*,00100,00800,ORGAN
747,B10000*,00100,01000,ADMIN &
747,B10000*,00200,00200,OP PLANT &
747,B10000*,00200,00300,MOVABLE
747,B10000*,00200,00400,BENEFITS
747,B10000*,00200,00500,SUPPLIES
747,B10000*,00200,00800,ACQUISITN
747,B10000*,00200,01000,GENERAL
747,B10000*,00300,00200,HOUSEKEEP
747,B10000*,00300,00300,EQUIPMENT
747,B10000*,00300,00800,COSTS
747,B10000*,00400,00200,SQUARE
747,B10000*,00400,00300,DOLLAR
747,B10000*,00400,00400,ADJUST
747,B10000*,00400,00500,COSTED
747,B10000*,00400,00800,NUMBER
747,B10000*,00400,01000,ACCUM
747,B10000*,00500,00200,FEET
747,B10000*,00500,00300,VALUE
747,B10000*,00500,00400,SALARIES
747,B10000*,00500,00500,REQUISIT
747,B10000*,00500,00800,ORGANS
747,B10000*,00500,01000,COSTS
747,B10000*,00600,00200,1
747,B10000*,00600,00300,2
747,B10000*,00600,00400,3
747,B10000*,00600,00500,3
747,B10000*,00600,00800,3
747,B10000*,00600,01000,3
747,B100000,00000,01000,X
747,E000000,00900,00000,OTHER CURRENT ASSET
747,E000000,02600,00000,OTHER FIXED ASSETS
747,E000000,04100,00000,OTHER CURRENT LIABILITIES
747,E100001,00700,00000,TISSUE REVENUE
747,E100001,00800,00000,FLYOUT REVENUE
747,E100001,00900,00000,HEART VALVE REVENUE
747,E100001,00901,00000,OTHER SERVICES
747,E200000,01500,00000,CURRENT YEAR SETTLEMENT
747,S000000,00100,00100,X
747,S000000,00400,00100,2
747,S000000,00500,00100,05/15/2024
747,S000000,00600,00100,10001
747,S000000,00700,00100,N
747,S000000,00800,00100,N
747,S000000,00900,00100,01/22/2025
747,S000000,01000,00100,4
747,S000001,00100,00100,HONORBRIDGE
747,S000001,00100,00200,34P001
747,S000001,00101,00100,909 E. ARLINGTON BLVD.
747,S000001,00102,00100,GREENVILLE
747,S000001,00102,00200,NC
747,S000001,00102,00300,27858
747,S000001,00300,00100,01/01/2023
747,S000001,00300,00200,12/31/2023
747,S000001,00400,00100,11
747,S000001,00400,00300,1
747,S000001,00400,00400,07/01/1985
747,S000001,00401,00300,1
747,S100001,00700,00100,N
747,S100001,00810,00000,INTESTINE
747,S100003,00100,00100,MEDICAL DIRECTOR
747,S100003,00100,00300,MEDICAL DIRECTOR
747,S100003,00100,00500,LAB DIRECTOR
747,S100003,00101,00100,EXEC. DIRECTOR
747,S100003,00101,00300,PROCUREMENT COORDINATOR
747,S100003,00101,00500,TECHNICIANS
747,S100003,00102,00100,CLERICAL
747,S100003,00102,00300,PRESERVATION TECHNICIANS
747,S100003,00102,00500,TISSUE TYPING TECH.
747,S100003,00103,00100,OTHER
747,S100003,00103,00300,OTHER
747,S100003,00103,00500,OTHER
747,S200000,00100,00100,N
747,S200000,00200,00100,N
747,S200000,00300,00100,N
747,S200000,00400,00100,Y
747,S200000,00400,00200,A
747,S200000,00400,00300,05/09/2024
747,S200000,00500,00100,N
747,S200000,00600,00300,DIRECTOR OF FINANCE
747,S200000,00700,00100,HONORBRIDGE
748,A000000,00100,00000,0100CAPITAL COSTS-BLDG & FIXT
748,A000000,00200,00000,0200CAPITAL COSTS-MVBLE EQUIPMENT
748,A000000,00300,00000,0300EMPLOYEE BENEFITS
748,A000000,00400,00000,0400ADMINISTRATIVE & GENERAL
748,A000000,00500,00000,0500OPERATION AND MAINTENANCE OF PLANT
748,A000000,00600,00000,0600HOUSEKEEPING
748,A000000,00700,00000,0700MEDICAL SUPPLIES
748,A000000,00800,00000,0800OTHER OVERHEAD
748,A000000,00900,00000,0900PROCUREMENT COORDINATORS
748,A000000,01000,00000,1000PROFESSIONAL EDUCATION
748,A000000,01100,00000,1100PUBLIC EDUCATION
748,A000000,01200,00000,1200OTHER ACQUISITION
748,A000000,01300,00000,1300KIDNEY ACQUISITIONS
748,A000000,01400,00000,1400TISSUE TYPING LABORATORY
748,A000000,01500,00000,1500LIVER ACQUISITIONS
748,A000000,01600,00000,1600HEART ACQUISITIONS
748,A000000,01700,00000,1700PANCREAS ACQUISITIONS
748,A000000,01800,00000,1800LUNG ACQUISITIONS
748,A000000,01900,00000,1900OTHER ACQUISITIONS
748,A000000,02100,00000,2100RESEARCH
748,A000000,02200,00000,2200BLOOD BANK
748,A000000,02300,00000,2300LABORATORY-NON-TISSUE TYPING
748,A000000,02400,00000,2400DIALYSIS UNITS
748,A000000,02500,00000,2500OTHER NON-REIMBURSABLE
748,A300000,00600,00000,FREIGHT
748,A300000,00700,00000,PURCHASED SERVICE
748,A500010,01600,00000,OTHER OPERATING REVENUE
748,A500010,01600,00100,B
748,A500010,01600,00300,ADMINISTRATIVE & GENERAL
748,A51000A,00100,00100,Y
748,A51000B,00100,00200,ADMINISTRATIVE & GENERAL
748,A51000B,00100,00300,ADMINISTRATIVE
748,A51000C,00100,00100,B
748,A51000C,00100,00400,SANFORD
748,A51000C,00100,00600,HOME OFFICE
748,A60000C,00500,00100,N
748,B10000*,00100,00200,CAP BLDG
748,B10000*,00100,00300,CAP COSTS
748,B10000*,00100,00400,EMPLOYEE
748,B10000*,00100,00500,MEDICAL
748,B10000*,00100,00800,ORGAN
748,B10000*,00100,01000,ADMIN &
748,B10000*,00200,00200,OP PLANT &
748,B10000*,00200,00300,MOVABLE
748,B10000*,00200,00400,BENEFITS
748,B10000*,00200,00500,SUPPLIES
748,B10000*,00200,00800,ACQUISITN
748,B10000*,00200,01000,GENERAL
748,B10000*,00300,00200,HOUSEKEEP
748,B10000*,00300,00300,EQUIPMENT
748,B10000*,00300,00800,COSTS
748,B10000*,00400,00200,SQUARE
748,B10000*,00400,00300,DOLLAR
748,B10000*,00400,00400,ADJUST
748,B10000*,00400,00500,COSTED
748,B10000*,00400,00800,NUMBER
748,B10000*,00400,01000,ACCUM
748,B10000*,00500,00200,FEET
748,B10000*,00500,00300,VALUE
748,B10000*,00500,00400,SALARIES
748,B10000*,00500,00500,REQUISIT
748,B10000*,00500,00800,ORGANS
748,B10000*,00500,01000,COSTS
748,B10000*,00600,00200,1
748,B10000*,00600,00300,2
748,B10000*,00600,00400,3
748,B10000*,00600,00500,3
748,B10000*,00600,00800,3
748,B10000*,00600,01000,3
748,B100000,00000,01000,X
748,E000000,00900,00000,OTHER CURRENT ASSETS
748,E000000,02600,00000,OTHER FIXED ASSETS
748,E200000,02000,00000,OTHER OPERATING REVENUE
748,E200000,02100,00000,GAIN/LOSS ON SALE OF FIXED ASSETS
748,S000000,00100,00100,X
748,S000000,00400,00100,2
748,S000000,00500,00100,05/24/2024
748,S000000,00600,00100,10001
748,S000000,00700,00100,N
748,S000000,00800,00100,N
748,S000000,00900,00100,01/22/2025
748,S000000,01000,00100,4
748,S000001,00100,00100,SANFORD HISTOCOMPATABILITY LAB
748,S000001,00100,00200,35HL02
748,S000001,00101,00100,737 BROADWAY
748,S000001,00102,00100,FARGO
748,S000001,00102,00200,ND
748,S000001,00102,00300,58122
748,S000001,00300,00100,01/01/2023
748,S000001,00300,00200,12/31/2023
748,S000001,00400,00100,6
748,S000001,00400,00300,2
748,S000001,00400,00400,11/27/2000
748,S000001,00401,00300,1
748,S000002,00100,00200,Y
748,S000002,00300,00100,CFO
748,S000002,00400,00100,05/23/2024
748,S100001,00700,00100,N
748,S100001,00810,00000,OTHER
748,S100002,00400,00100,HLA B27 TYPING
748,S100002,00401,00100,HLA-A B C TYPING
748,S100002,00402,00100,HLA CLASS I MOLECULAR TYPING
748,S100002,00403,00100,HLA CLASS II MOLECULAR TYPING
748,S100002,00404,00100,HLA DR  DQ SINGLE LOCUS TYPING
748,S100002,00405,00100,HLA CLASS II DP TYPING
748,S100002,00406,00100,FLOW CROSSMATCH ALLO OR AUTO ONLY
748,S100002,00407,00100,FLOW CROSSMATCH ALL + AUTO
748,S100002,00408,00100,SINGLE ANTIGEN CLASS 1
748,S100002,00409,00100,SINGLE ANTIGEN CLASS II
748,S100003,00100,00100,MEDICAL DIRECTOR
748,S100003,00100,00300,MEDICAL DIRECTOR
748,S100003,00100,00500,LAB DIRECTOR
748,S100003,00101,00100,EXEC. DIRECTOR
748,S100003,00101,00300,PROCUREMENT COORDINATOR
748,S100003,00101,00500,TECHNICIANS
748,S100003,00102,00100,CLERICAL
748,S100003,00102,00300,PRESERVATION TECHNICIANS
748,S100003,00102,00500,TISSUE TYPING TECH.
748,S100003,00103,00100,OTHER
748,S100003,00103,00300,OTHER
748,S100003,00103,00500,OTHER
748,S200000,00100,00100,N
748,S200000,00200,00100,N
748,S200000,00300,00100,Y
748,S200000,00400,00100,Y
748,S200000,00400,00200,A
748,S200000,00500,00100,N
748,S200000,00600,00300,DIRECTOR OF REIMBURSEMENT
748,S200000,00700,00100,SANFORD
751,A000000,00100,00000,0100CAPITAL COSTS-BLDG & FIXT
751,A000000,00200,00000,0200CAPITAL COSTS-MVBLE EQUIPMENT
751,A000000,00300,00000,0300EMPLOYEE BENEFITS
751,A000000,00400,00000,0400ADMINISTRATIVE & GENERAL
751,A000000,00500,00000,0500OPERATION AND MAINTENANCE OF PLANT
751,A000000,00600,00000,0600HOUSEKEEPING
751,A000000,00700,00000,0700MEDICAL SUPPLIES
751,A000000,00800,00000,0800OTHER OVERHEAD
751,A000000,00900,00000,0900PROCUREMENT COORDINATORS
751,A000000,01000,00000,1000PROFESSIONAL EDUCATION
751,A000000,01100,00000,1100PUBLIC EDUCATION
751,A000000,01200,00000,1200OTHER ACQUISITION
751,A000000,01300,00000,1300KIDNEY ACQUISITIONS
751,A000000,01400,00000,1400TISSUE TYPING LABORATORY
751,A000000,01500,00000,1500LIVER ACQUISITIONS
751,A000000,01600,00000,1600HEART ACQUISITIONS
751,A000000,01700,00000,1700PANCREAS ACQUISITIONS
751,A000000,01800,00000,1800LUNG ACQUISITIONS
751,A000000,01900,00000,1900SMALL BOWEL
751,A000000,02100,00000,2100RESEARCH
751,A000000,02200,00000,2200BLOOD BANK
751,A000000,02300,00000,2300LABORATORY-NON-TISSUE TYPING
751,A000000,02400,00000,2400DIALYSIS UNITS
751,A000000,02500,00000,2500OTHER NON-REIMBURSABLE
751,A100000,01700,00000,OTHER OUTSIDE SERVICES/PROFESSIONAL
751,A100000,01800,00000,POSTAGE AND DELIVERY
751,A100000,01900,00000,BUILDING OPERATIONS
751,A100000,01901,00000,OTHER
751,A20H000,00900,00000,OTHER CONTRACTED HOSPITAL COSTS
751,A20H000,02100,00000,CARDIAC CATH COST
751,A20H000,02101,00000,OTHER ORGAN RECOVERY COSTS
751,A20H000,02102,00000,FH TRANSPORTATION
751,A20H000,02103,00000,FH EXPENSE
751,A20K000,00900,00000,OTHER CONTRACTED HOSPITAL COSTS
751,A20K000,02100,00000,PATHOLOGY/BIOPSY
751,A20K000,02101,00000,OTHER ORGAN RECOVERY COSTS
751,A20K000,02102,00000,FH TRANSPORTATION
751,A20K000,02103,00000,FH EXPENSE
751,A20L000,00900,00000,OTHER CONTRACTED HOSPITAL COSTS
751,A20L000,02100,00000,PATHOLOGY/BIOPSY
751,A20L000,02101,00000,OTHER ORGAN RECOVERY COSTS
751,A20L000,02102,00000,FH TRANSPORTATION
751,A20L000,02103,00000,FH EXPENSE
751,A20O000,00900,00000,OTHER CONTRACTED HOSPITAL COSTS
751,A20O000,02100,00000,OTHER ORGAN RECOVERY COSTS
751,A20O000,02101,00000,FH TRANSPORTATION
751,A20P000,00900,00000,OTHER CONTRACTED HOSPITAL COSTS
751,A20P000,02100,00000,OTHER ORGAN RECOVERY COSTS
751,A20P000,02101,00000,FH TRANSPORTATION
751,A20P000,02102,00000,FH EXPENSE
751,A20U000,00900,00000,OTHER CONTRACTED HOSPITAL COSTS
751,A20U000,02100,00000,PATHOLOGY/BIOPSY
751,A20U000,02101,00000,OTHER ORGAN RECOVERY COSTS
751,A20U000,02102,00000,FH TRANSPORTATION
751,A20U000,02103,00000,FH EXPENSE
751,A300000,00600,00000,LAB SUPPLIES (TOTAL DIRECT COSTS)
751,A300000,00700,00000,TRAVEL MEETING AND SEMINARS
751,A300000,00800,00000,LICENSES
751,A300000,00900,00000,OTHER
751,A400010,00100,00000,RECLASS DEPRECIATION
751,A400010,00100,00100,A
751,A400010,00100,00200,CAPITAL COSTS-MVBLE EQUIPMENT
751,A400010,00100,00500,ADMINISTRATIVE & GENERAL
751,A400010,00200,00000,RECLASS DEPRECIATION
751,A400010,00200,00100,A
751,A400010,00200,00200,CAPITAL COSTS-BLDG & FIXT
751,A400010,00200,00500,PROCUREMENT COORDINATORS
751,A400010,00300,00000,RECLASS DEPRECIATION
751,A400010,00300,00100,A
751,A400010,00300,00500,TISSUE TYPING LABORATORY
751,A400010,00400,00000,RECLASS DEPRECIATION
751,A400010,00400,00100,A
751,A400010,00400,00500,OTHER NON-REIMBURSABLE
751,A400010,00500,00000,RECLASS LEASE EXPENSE
751,A400010,00500,00100,B
751,A400010,00500,00200,CAPITAL COSTS-MVBLE EQUIPMENT
751,A400010,00500,00500,ADMINISTRATIVE & GENERAL
751,A400010,00600,00000,RECLASS RENT/UTILITY/BUILDING
751,A400010,00600,00100,C
751,A400010,00600,00200,OPERATION AND MAINTENANCE OF PLANT
751,A400010,00600,00500,ADMINISTRATIVE & GENERAL
751,A400010,00700,00000,ALLOCATE NON-REIMB COSTS
751,A400010,00700,00100,D
751,A400010,00700,00200,OTHER NON-REIMBURSABLE
751,A400010,00700,00500,PROCUREMENT COORDINATORS
751,A400010,00800,00000,ALLOCATE NON-REIMB COSTS
751,A400010,00800,00100,D
751,A400010,00800,00500,PROFESSIONAL EDUCATION
751,A400010,00900,00000,ALLOCATE NON-REIMB COSTS
751,A400010,00900,00100,D
751,A400010,00900,00500,PUBLIC EDUCATION
751,A500010,00800,00100,B
751,A500010,00800,00300,KIDNEY ACQUISITIONS
751,A500010,01200,00100,A
751,A500010,01200,00300,ADMINISTRATIVE & GENERAL
751,A500010,01500,00000,LOBBY EXPENSE
751,A500010,01500,00100,A
751,A500010,01500,00300,ADMINISTRATIVE & GENERAL
751,A500010,01501,00000,LOBBY EXPENSE
751,A500010,01501,00100,A
751,A500010,01501,00300,ADMINISTRATIVE & GENERAL
751,A500010,01502,00000,LOBBY EXPENSE
751,A500010,01502,00100,A
751,A500010,01502,00300,PROCUREMENT COORDINATORS
751,A500010,01503,00000,LOBBY EXPENSE
751,A500010,01503,00100,A
751,A500010,01503,00300,PROFESSIONAL EDUCATION
751,A500010,01504,00000,ADJ NON REIMBURSABLE EXPENSES
751,A500010,01504,00100,A
751,A500010,01504,00300,ADMINISTRATIVE & GENERAL
751,A500010,01505,00000,ADJ NON REIMBURSABLE EXPENSES
751,A500010,01505,00100,A
751,A500010,01505,00300,PROCUREMENT COORDINATORS
751,A500010,01506,00000,ADJ NON REIMBURSABLE EXPENSES
751,A500010,01506,00100,A
751,A500010,01506,00300,PROFESSIONAL EDUCATION
751,A500010,01507,00000,ADJ NON REIMBURSABLE EXPENSES
751,A500010,01507,00100,A
751,A500010,01507,00300,PUBLIC EDUCATION
751,A500010,01508,00000,ADJ NON REIMBURSABLE EXPENSES
751,A500010,01508,00100,A
751,A500010,01508,00300,TISSUE TYPING LABORATORY
751,A500010,01509,00000,ADJ NON REIMBURSABLE EXPENSES
751,A500010,01509,00100,A
751,A500010,01509,00300,OTHER NON-REIMBURSABLE
751,A500010,01510,00000,MISC INCOME
751,A500010,01510,00100,A
751,A500010,01510,00300,ADMINISTRATIVE & GENERAL
751,A500010,01511,00000,MISC INCOME
751,A500010,01511,00100,A
751,A500010,01511,00300,ADMINISTRATIVE & GENERAL
751,A500010,01512,00000,MISC INCOME
751,A500010,01512,00100,A
751,A500010,01512,00300,PUBLIC EDUCATION
751,A500010,01513,00000,VACANT SPACE
751,A500010,01513,00100,A
751,A500010,01513,00300,CAPITAL COSTS-BLDG & FIXT
751,A500010,01514,00000,VACANT SPACE
751,A500010,01514,00100,A
751,A500010,01514,00300,OPERATION AND MAINTENANCE OF PLANT
751,A500010,01515,00000,CONTRIBUTIONS
751,A500010,01515,00100,A
751,A500010,01515,00300,ADMINISTRATIVE & GENERAL
751,A500010,01516,00000,CONTRIBUTIONS
751,A500010,01516,00100,A
751,A500010,01516,00300,PROFESSIONAL EDUCATION
751,A500010,01517,00000,CONTRIBUTIONS
751,A500010,01517,00100,A
751,A500010,01517,00300,PUBLIC EDUCATION
751,A500010,01518,00000,CONTRIBUTIONS
751,A500010,01518,00100,A
751,A500010,01518,00300,PUBLIC EDUCATION
751,A500010,01519,00000,ADJ NON-REIMB NEPHRECTOMY FEE
751,A500010,01519,00100,A
751,A500010,01519,00300,KIDNEY ACQUISITIONS
751,A500010,01520,00000,REMOVE FH/TRANS COST
751,A500010,01520,00100,A
751,A500010,01520,00300,KIDNEY ACQUISITIONS
751,A500010,01521,00000,REMOVE FH/TRANS COST
751,A500010,01521,00100,A
751,A500010,01521,00300,LIVER ACQUISITIONS
751,A500010,01522,00000,REMOVE FH/TRANS COST
751,A500010,01522,00100,A
751,A500010,01522,00300,HEART ACQUISITIONS
751,A500010,01523,00000,REMOVE FH/TRANS COST
751,A500010,01523,00100,A
751,A500010,01523,00300,PANCREAS ACQUISITIONS
751,A500010,01524,00000,REMOVE FH/TRANS COST
751,A500010,01524,00100,A
751,A500010,01524,00300,LUNG ACQUISITIONS
751,A500010,01525,00000,REMOVE FH/TRANS COST
751,A500010,01525,00100,A
751,A500010,01525,00300,SMALL BOWEL
751,A500010,01526,00000,REMOVE INTEREST EXPENSE-SWAP
751,A500010,01526,00100,A
751,A500010,01526,00300,ADMINISTRATIVE & GENERAL
751,A500010,01527,00000,REMOVE RESEARCH EXPENSES
751,A500010,01527,00100,A
751,A500010,01527,00300,KIDNEY ACQUISITIONS
751,A500010,01528,00000,REMOVE RESEARCH EXPENSES
751,A500010,01528,00100,A
751,A500010,01528,00300,TISSUE TYPING LABORATORY
751,A500010,01529,00000,REMOVE RESEARCH EXPENSES
751,A500010,01529,00100,A
751,A500010,01529,00300,LIVER ACQUISITIONS
751,A500010,01530,00000,REMOVE RESEARCH EXPENSES
751,A500010,01530,00100,A
751,A500010,01530,00300,HEART ACQUISITIONS
751,A500010,01531,00000,REMOVE RESEARCH EXPENSES
751,A500010,01531,00100,A
751,A500010,01531,00300,LUNG ACQUISITIONS
751,A500010,01532,00000,REMOVE RESEARCH EXPENSES
751,A500010,01532,00100,A
751,A500010,01532,00300,SMALL BOWEL
751,A500010,01533,00000,ORGANS SOLD FOR RESEARCH
751,A500010,01533,00100,B
751,A500010,01533,00300,LIVER ACQUISITIONS
751,A500010,01534,00000,ORGANS SOLD FOR RESEARCH
751,A500010,01534,00100,B
751,A500010,01534,00300,HEART ACQUISITIONS
751,A500010,01535,00000,ORGANS SOLD FOR RESEARCH
751,A500010,01535,00100,B
751,A500010,01535,00300,PANCREAS ACQUISITIONS
751,A500010,01536,00000,ORGANS SOLD FOR RESEARCH
751,A500010,01536,00100,B
751,A500010,01536,00300,LUNG ACQUISITIONS
751,A51000A,00100,00100,Y
751,A51000B,00100,00200,ADMINISTRATIVE & GENERAL
751,A51000B,00200,00200,PROCUREMENT COORDINATORS
751,A51000C,00100,00100,C
751,A51000C,00100,00200,ALLOSOURCE
751,A51000C,00200,00100,C
751,A51000C,00200,00200,ILLINOIS TRANSPLANT FUND
751,A51000C,00300,00100,C
751,A51000C,00300,00200,GIFT OF HOPE COMMUNITY
751,A51000C,00400,00200,FOUNDATION
751,A60000A,00700,00000,ASSETS IN PROCESS
751,A60000B,00800,00000,ASSETS IN PROCESS
751,A60000C,00500,00100,N
751,B10000*,00100,00200,CAP BLDG
751,B10000*,00100,00300,CAP COSTS
751,B10000*,00100,00400,EMPLOYEE
751,B10000*,00100,00500,MEDICAL
751,B10000*,00100,00800,ORGAN
751,B10000*,00100,01000,ADMIN &
751,B10000*,00200,00200,OP PLANT &
751,B10000*,00200,00300,MOVABLE
751,B10000*,00200,00400,BENEFITS
751,B10000*,00200,00500,SUPPLIES
751,B10000*,00200,00800,ACQUISITN
751,B10000*,00200,01000,GENERAL
751,B10000*,00300,00200,HOUSEKEEP
751,B10000*,00300,00300,EQUIPMENT
751,B10000*,00300,00800,COSTS
751,B10000*,00400,00200,SQUARE
751,B10000*,00400,00300,DOLLAR
751,B10000*,00400,00400,ADJUST
751,B10000*,00400,00500,COSTED
751,B10000*,00400,00800,NUMBER
751,B10000*,00400,01000,ACCUM
751,B10000*,00500,00200,FEET
751,B10000*,00500,00300,VALUE
751,B10000*,00500,00400,SALARIES
751,B10000*,00500,00500,REQUISIT
751,B10000*,00500,00800,ORGANS
751,B10000*,00500,01000,COSTS
751,B10000*,00600,00200,1
751,B10000*,00600,00300,2
751,B10000*,00600,00400,3
751,B10000*,00600,00500,3
751,B10000*,00600,00800,3
751,B10000*,00600,01000,3
751,B100000,00000,01000,X
751,E000000,00900,00000,OTHER ASSETS
751,E000000,02600,00000,ASSETS IN PROCESS
751,E000000,03100,00000,OTHER - INV IN AFFILIATE/NON-CURR
751,E000000,03900,00000,OTHER LIABILITIES
751,E000000,04100,00000,POST RETIREMENT OBLIGATION
751,E000000,04600,00000,POST RETIREMENT OBLIGATION
751,E100001,00700,00000,TISSUE BANK REVENUES
751,E100001,00800,00000,NET ASSETS RELEASED FROM RESTRICTION
751,E100002,00300,00000,ROUNDING ADJUSTMENT
751,E100002,00800,00000,INTERNAL LAB EXPENSES ADJUSTMENT
751,E200000,02000,00000,CHANGE IN FMV OF DERIVATIVE
751,E200000,02100,00000,POST RETIREMENT BENEFIT OBILIGATION
751,E200000,02200,00000,EQUITY INCREASE IN AFFILIATE
751,E200000,02300,00000,GRANT RESTRICTED FOR PROP AND EQUIP
751,E200000,02301,00000,OTHER MISC INCOME
751,E200000,02302,00000,NET GAIN ON DISPOSAL OF ASSETS
751,E200000,02600,00000,NET ASSETS RELEASED FROM RESTRICTION
751,E200000,02700,00000,POST RETIREMENT BENEFIT OBILIGATION
751,S000000,00100,00100,X
751,S000000,00400,00100,5
751,S000000,00500,00100,02/27/2025
751,S000000,00600,00100,10001
751,S000000,00700,00100,N
751,S000000,00800,00100,N
751,S000000,01000,00100,4
751,S000001,00100,00100,GIFT OF HOPE ORGAN & TISSUE DONOR NE
751,S000001,00100,00200,14P001
751,S000001,00101,00100,425 SPRING LAKE DR
751,S000001,00102,00100,ITASCA
751,S000001,00102,00200,IL
751,S000001,00102,00300,60143
751,S000001,00200,00100,GIFT OF HOPE ORGAN & TISSUE DONOR NE
751,S000001,00200,00200,14HL07
751,S000001,00201,00100,425 SPRING LAKE DR
751,S000001,00202,00100,ITASCA
751,S000001,00202,00200,IL
751,S000001,00202,00300,60143
751,S000001,00300,00100,01/01/2023
751,S000001,00300,00200,12/31/2023
751,S000001,00400,00100,6
751,S000001,00400,00300,1
751,S000001,00400,00400,12/16/1986
751,S000001,00401,00100,6
751,S000001,00401,00300,2
751,S000001,00401,00400,12/16/1986
751,S000002,00300,00100,CHIEF FINANCIAL OFFICER
751,S100001,00700,00100,N
751,S100001,00810,00000,SMALL BOWEL
751,S100002,00400,00100,STANDARD (CDC) CROSSMATCH
751,S100002,00401,00100,DECEASED DONOR FINAL CROSSMATCH
751,S100002,00402,00100,FLOW CYTOMETRY CROSSMATCH
751,S100002,00403,00100,NAT TESTING - SARS -COV-2 (1/1 - 3/3
751,S100002,00404,00100,NAT TESTING - SARS -COV-2 (4/1 - 12/
751,S100002,00405,00100,DONOR SPECIFIC ANTIBODY REPORT
751,S100002,00406,00100,ABO GENOTYPING
751,S100002,00407,00100,FROZEN PATHOLOGY SECTION (1/1 - 3/31
751,S100002,00408,00100,FROZEN PATHOLOGY SECTION (4/1 - 12/3
751,S100002,00409,00100,HEMOGLOBIN A1C
751,S100002,00410,00100,ABO TYPING
751,S100002,00411,00100,SERUM PROCESSING/STORAGE  LONG TERM
751,S100002,00412,00100,INFECTIOUS DISEASE SEROLOGY - COMPLE
751,S100002,00413,00100,MONTHLY SERUM MANAGEMENT
751,S100002,00414,00100,PRA/ID - HLA CLASS I AB
751,S100002,00415,00100,PRA/ID - HLA CLASS II AB
751,S100002,00416,00100,SINGLE ANTIGEN BEAD - HLA CLASS I AB
751,S100002,00417,00100,SINGLE ANTIGEN BEAD - HLA CLASS II A
751,S100002,00418,00100,NAT TESTING - HBV/HCV/HIV
751,S100002,00419,00100,NAT TESTING - WEST NILE VIRUS
751,S100002,00420,00100,INFECTIOUS DISEASE SEROLOGY - HIV AB
751,S100002,00421,00100,INFECTIOUS DISEASE SEROLOGY - HCV AB
751,S100002,00422,00100,INFECTIOUS DISEASE SEROLOGY - HBSAG
751,S100002,00423,00100,INFECTIOUS DISEASE SEROLOGY - HBCAB
751,S100002,00424,00100,INFECTIOUS DISEASE SEROLOGY - RPR
751,S100002,00425,00100,HLA CLASS I TYPING (A  B  C)
751,S100002,00426,00100,HLA CLS II TYPG (DRB1 DRB3/4/5 DQB1
751,S100003,00100,00100,MEDICAL DIRECTOR
751,S100003,00100,00300,MEDICAL DIRECTOR
751,S100003,00100,00500,LAB DIRECTOR
751,S100003,00101,00100,EXEC. DIRECTOR
751,S100003,00101,00300,PROCUREMENT COORDINATOR
751,S100003,00101,00500,TECHNICIANS
751,S100003,00102,00100,CLERICAL
751,S100003,00102,00300,PRESERVATION TECHNICIANS
751,S100003,00102,00500,TISSUE TYPING TECH.
751,S100003,00103,00100,OTHER
751,S100003,00103,00300,OTHER
751,S100003,00103,00500,OTHER
751,S200000,00100,00100,N
751,S200000,00200,00100,N
751,S200000,00300,00100,Y
751,S200000,00400,00100,Y
751,S200000,00400,00200,A
751,S200000,00500,00100,N
751,S200000,00600,00300,CHIEF FINANCIAL OFFICER
751,S200000,00700,00100,GIFT OF HOPE ORGAN & TISSUE DONOR NE
